Item code,Description,Lead time (Days)
100,ADROIT FACE SHIELD TAPE 1/2 X 300 LY,28
101,SAF TUBE TAMER,35
102,Carrot-Top Industries  Electrode Tape-T8001 30 LY RL,14
103,HYDROMED 4 x 1 TYVEK STRIP W/ADH TAB,14
104,"K-C AVENT TAPE  0.5"" ON MASK #ROSU00588 Rev 3",14
105,**INACTIVE**MUELLER BULK NO GLARE STRIPS 4/SHT,14
106,**INACTIVE**MIDWEST GARMENT CLOSURE,14
107,HYDROMED 6 X 7/8 TAPE STRIPS PRTD,14
108,**INACTIVE**HYDROMED POLY TAPE STRIP 6X.75,14
109,**INACTIVE**HYDROMED POLY TAPE STRIP 10X1,14
110,HYDROMED 1 X 9 POLY TAPE TEAR HERE,14
111,**INACTIVE**MUELLER BULK NO GLARE STRIP 12/SHT,14
112,**INACTIVE**ADVENTURE 2 X 5LY  DUCT TAPE,14
113,**INACTIVE**SPINAL SPEC 1731D 1.5 X 250 LY,0
114,STERIMED 3M 9889EL 1 X 72 LY,35
115,**INACTIVE**MUELLER NO GLARE STRIPS PRE 4/SHT,14
116,**INACTIVE**OXBORO DUOPLAS STERILE HP TARGET TAPE,0
117,**INACTIVE**MUELLER NO GLARE FULL FACE STRIPS UP,14
118,MUELLER 1/4 X 6 X 72 FOAM RL B060252,14
119,**INACTIVE**STERION PKT TAPE LUCELLE 1527  CSEAL POUCH,14
120,**INACTIVE**STERION PKT TAPE GENTTELLE 1530 CSEAL POUCH,14
121,**INACTIVE**STERION PKT TAPE SILKELLE 1538 CSEAL POUCH,14
122,**INACTIVE**STERION PKT TAPE ELASTELLE 9907 CSEAL POUCH,14
123,**INACTIVE**MUELLER 1/8 X 6 X 72 FOAM RL B060251,14
124,**INACTIVE**MUELLER BULK FOAM VARIETY PACK B060271,14
125,**INACTIVE**ADROIT 2 X 750 LY SCORED LNR UP BODY,0
126,**INACTIVE**SEL MED SILVER SONTARA,0
127,**INACTIVE**VANGUARD POX N25 1522 50K-6 HOLES REVISI,0
128,**INACTIVE**VANGUARD TRANSPORE HOUR GLASS T0001,0
129,**INACTIVE**ELECTRO MED 3M 1509 2 X 400 LY,35
130,**INACTIVE**TRU 3M 1522 MED ACRYLIC 3.85 IN X 72 YDS,35
131,**INACTIVE**TRU 3M 1509 (SLIT LOG),35
132,**INACTIVE**ATI CURVED SHIELD,0
133,"**INACTIVE**UNITED MED 3M 9962 12.25"" X 500 LY",14
134,**INACTIVE**MITSUBISHI FILM 12.25 X 2000 YDS,14
135,**INACTIVE**UNION MED 3M 9962 FILM,14
136,B BRAUN PAD STAR 140962,14
137,STERIMED STRAPS PE 1 X 30,14
138,**INACTIVE**STERIMED HOOKS WITH ADH,14
139,**INACTIVE**STERIMED LOOPS WITH ADH,14
140,**INACTIVE**BANTA LOOP W/ADH 3 X.375 LY,0
141,**INACTIVE**ADVANCE 1 X 17 GATHERING STRIP,0
142,**INACTIVE**ADVANCE 40 GATHERING STRIP,0
143,**INACTIVE**ADVANCE 1.25 GASKET,0
144,STERIMED 3M 9889EL 2.0  X 72 LY,35
145,**INACTIVE**ADVANCE 7/8 IN CIRCLE WHITE HOOK W/PSA,42
146,**INACTIVE**SPINAL CTD TYVEK LID 13.12 X 9.437,0
148,**INACTIVE**SEL MED 3M 9777L SERIS PVC FOAM,0
149,**INACTIVE**MICROTECK VELCRO LOOP 3 X 3/8,0
150,**INACTIVE**SPINAL CTD LID 7.31 X 9.25 PA,0
151,**INACTIVE**MARIAN/SEL MED 6X500 FT POLY FILM RL,14
152,**INACTIVE**SC INTL 1 X 1 EZEE PATCH,14
153,DSCOPE PED BAN 0683-00-0409-03 BX,14
154,DSCOPE ADLT FLEXI 0683-00-0409-02,14
155,MPM Repel Wound Drsg Sterile 2x2 Pad MP00082,14
156,MPM Repel Wound Dressing Sterile 4 x 4 Pad MP00084,14
157,DSCOPE NEONATE FOOT BANDAGE 0683-00-0440-03,14
158,**INACTIVE**MEDIKMARK 2 X 2 NAP,0
159,**INACTIVE**MEDLINE 4X4(2.5 X 2.5) SSL UP,14
160,**INACTIVE**MEDLINE 6X6(4.25 X 4) SSL UP 1/BG,14
161,MUELLER ABR RL 2 X 10 YD MAN126,14
162,MUELLER ABR STRIPS 4 IN X 8 IN BULK MAN125A,14
163,**INACTIVE**GENTELL 4.5 X 4.5 HYDCOLLD W/FOAM,0
164,**INACTIVE**GENTELL 4 X 4 (2.5 X 2.5) SSL P,14
165,**INACTIVE**GENTELL 6X6 (4.25 X 4) SSL P,14
166,"**INACTIVE**JERNIGAN 4 X 4"" (2.5 X 2.5 PAD) SSL P",0
167,"**INACTIVE**JERNIGAN 6 X 6"" (4.25 X 4 PAD) SSL P",0
168,**INACTIVE**SELECTIVE 4.25 PAD W/BCKG,14
169,**INACTIVE**MPM 6 X 8 (4.25 X 6 PAD) SSL P MP00099,14
170,**INACTIVE**AFA 2 X 3 NAP,0
171,**INACTIVE**HYPERION 4 X 4,0
172,**INACTIVE**HYPERION 6 X 6,0
173,DOLPHIN NEONATE BANDAGE 55-00656-02,14
174,**INACTIVE**DERMA/CARR 6X6 (4.25 X 4) SSL P,14
175,**INACTIVE**DOLPHIN LGE ADLT FLEXISENSOR 55-00365,14
176,DOLPHIN ADLT BANDAGE 55-00364,14
177,**INACTIVE**MPM 4X4(2.5 X 2.5) SSLP 1/AB 30/BG 120/C,0
178,**INACTIVE**MPM 6X6 (4.25 X 4) SSL P,0
179,**INACTIVE**EPIC ADH FOAM TAPE E2000,14
180,**INACTIVE**EPIC ADH FOAM TAPE E800 X4F00005,0
181,**INACTIVE**MPM 4 X 4 (2.5 X 2.5) SSL UP BULK,14
182,**INACTIVE**MPM WNDGRD 4 X 4 (2.5 X 2.5) SSL UP,0
183,**INACTIVE**MUELLER ABR RL UP 4 IN X 10 LY U,14
184,**INACTIVE**MPM 6X6 SSL UP BULK,14
185,**INACTIVE**MUELLER 4 X 8 ABR STRIPS UP,14
186,**INACTIVE**CARE PROD 1/2  X 1 1/2 FOAM BARS,0
187,**INACTIVE**MAGNUS 4 X 4 (2.5 X 2.5),0
188,**INACTIVE**MAGNUS 6X6 (4.25 X 4),0
189,MUELLER MORE SKIN SQ 1 X 1 (JAR) B131401,14
190,MUELLER MORE SKIN CIR 3 IN (25/JR),14
191,ALERT AQUA PATCH 1 IN SQ P/N 420100,14
192,ALERT AQUA PATCH 3 IN CIR JR,14
193,**INACTIVE**EYE SHIELD FF A-CUP,14
194,**INACTIVE**EYE SHIELD FF C-CUP,14
195,**INACTIVE**EYE SHIELD FF D-CUP,14
196,BRAZA PETAL TOPS - BEIGE,14
197,**INACTIVE**3M 950 .75 IN TRANSFER ADH,35
198,DLS PLAS 3 MIL CLEAR PE 9 IN,42
199,PFCT SEAL 5/8 IN. PE TUBING,35
200,DLS PLAS WHT PE 30 IN MFOLD (8/7/7/8),42
201,**INACTIVE**DLS PLAS WHT 4 MIL PE 40 IN MFOLD (12/8/8/12),42
202,DWF .00125 LD MATTE 12.75 IN.,35
203,**INACTIVE**DLS PLAS WHT 4 MIL PE 12.5 CFOLD 25 IN,42
204,DLS PLAS WHT 4 MIL PE 8.5/8.5 IN CFOLD,42
205,GOLD LNR W/PSA 2.4375 IN,35
206,3M 9962 3.88 MIL AF FILM 12.25 IN,35
207,**INACTIVE**CLEAR VINYL 20 MIL 6 IN,0
208,**INACTIVE**PLAS SUPP LDPE 30 MIL 7 IN X 8 IN,0
209,SELIG FOIL 2 IN UNSUPPORTED FSM-1,35
210,SELIG FOIL 1/4 IN,0
211,DLS PLAS WHT 4 MIL PE 10 IN SGL WND,42
212,3M 1522 6.3 MIL 2 PSA CLR PE .5 IN,35
213,"""PURGE"" 3M 1525L 4.4 MIL 1 PSA CLR PE 4.8 IN",35
214,**INACTIVE**3M 9889EL .75 IN. TAPE ON 1 IN. LNR,35
215,**INACTIVE**3M 9889EL R SIDE 2 IN,35
216,**INACTIVE**DERMD FLESH VINYL W/ACRY PSA 2.5,35
217,**INACTIVE**3M XMF8011 FASTENING TAPE 2.75 IN,35
218,**INACTIVE**TYCO .5 MIL PET 2 PSA 1.5 IN,0
219,**INACTIVE**TYCO 3 MIL LDPE 1 PSA 8 IN,56
220,**INACTIVE**TYCO 3 MIL LDPE 1 PSA 5.25 IN,56
2207,**INACTIVE**PSS STRIP 1/4 IN X 1.5 IN (SUB),7
221,**INACTIVE**3M 1525L 4.4 MIL 1 PSA 9.75 IN,35
222,TIGHT REL 53# LNR 6 IN,28
223,TIGHT REL 53# LNR 1.625 IN,28
224,TIGHT REL 53# LNR 2 IN,28
225,TIGHT REL 53# LNR 2.5 IN,28
226,TIGHT REL 53# LNR 3 IN,28
227,TIGHT REL 53# LNR 3.5 IN,28
228,TIGHT REL 53# LNR 4 IN,28
229,TIGHT REL 53# LNR 7.5 IN,28
230,TIGHT REL 53# LNR 5 IN FLEXCON 50K-6,21
231,TIGHT REL 53# LNR 5.5 IN,28
232,EASY REL 53# LNR 4 IN,35
233,**INACTIVE**EASY REL 53# LNR 3.5 IN,35
234,**INACTIVE**EASY REL PET LNR 3.5 IN,35
235,EASY REL 3 MIL PET LNR 4 IN,42
236,**INACTIVE**MEDIUM REL 83# LNR 3.5 IN,105
237,MEDIUM REL83# LNR 4 IN,105
238,**INACTIVE**MEDIUM REL 83# LNR 1.5 IN,105
239,**INACTIVE**MEDIUM REL 53# LNR 3.5 IN,35
240,**INACTIVE**MEDIUM REL 53# LNR 4 IN,35
241,"**INACTIVE**TIGHT REL LNR, 2.5 IN MPM",0
242,"**INACTIVE**TIGHT REL LNR, 3 IN MPM",0
243,**INACTIVE**TIGHT REL LNR 3.5 IN CARRINGTON,21
244,**INACTIVE**TIGHT REL LNR 4 IN CARRINGTON,7
245,PRTD DSCOPE PED 92# LNR 3.5 IN,7
246,PRTD DSCOPE ADLT PET LNR 4 IN,7
247,PRTD DSCOPE LA 92# LNR 2.5 IN,7
248,PRTD DSCOPE PET CLEAR  LNR 3.5 IN,7
249,PRTD DSCOPE ADLT 92# LNR 4 IN,7
250,**INACTIVE**AVERY HIGH GLOSS REM (R-195) 3.5 IN,56
251,LABEL PEDI FLEXISENSOR,14
252,LABEL ADLT FLEXISENSOR,21
253,LABEL LA FLEXISENSOR,21
254,LABEL NEONATE BAND,21
255,**INACTIVE**LABEL MEDLINE 4 X 4,0
256,**INACTIVE**LABEL MEDLINE 6 X 6,0
257,**INACTIVE**TECHNIPAQ 1073B TYVEK 14 IN,42
258,**INACTIVE**TECHNIPAQ 1073B TYVEK 15.5 IN,42
259,1073B TYVEK COATED 10 IN,21
260,DELSTAR 7.9 OZ LYOCEL NLYB-E 2.5 IN,42
261,**INACTIVE**DELSTAR 8.0 NP2-A 3 IN,35
262,7.9 OZ LYOCEL NLYB-E 4.25 IN,49
263,DELSTAR 8.4 NLYB-E/W 2 IN,35
264,"""PURGE"" DELSTAR 8.4 NLYB-E/W 4 IN",35
265,**INACTIVE**DELSTAR 8.4 NLYB-E/W 4.25 IN,35
266,DELSTAR NET 7.0 IN,42
267,**INACTIVE**1058D TYVEK 4 IN,42
268,**INACTIVE**AET 2.8 NP5-E/E 3 IN,35
269,**INACTIVE**AET 2.8 NP5-E/E 2 IN,35
270,**INACTIVE**DERMD 2002 SONTARA 1 PSA 3 IN,35
271,DERMD 2002 SONTARA 1 PSA 4.5 IN,35
272,DERMD 2002 SONTARA 1 PSA 6.5 IN,35
273,DERMD 2002 SONTARA 1 PSA 2.5 IN,35
274,**INACTIVE**DERMD SONTARA 2 PSA 3 IN,35
275,**INACTIVE**DERMD SONTARA 2 PSA 3.4375 IN,35
276,**INACTIVE**DRMD-FRUED TAN NW 1 PSA 8 IN,35
277,**INACTIVE**DERMD-FRUED TAN NW 1 PSA 9.75 IN,35
278,**INACTIVE**4 MIL CELL NWVN 1 PSA 2.5 2089A,0
279,**INACTIVE**4 MIL CELL/RAY NWVN 1PSA 4.5 IN 2089A,0
280,**INACTIVE**4 MIL CELL/RAY NWVN 1PSA 4.727 IN 2089A,56
281,DERMD 6001 SONTARA PU 1 PSA 4.5 IN,84
282,DERMD 6001 SONTARA PU 1 PSA 6.5 IN,56
283,DERMD SONTARA PU 1 PSA 3 IN,35
284,**INACTIVE**POLYKEN DUCT TAPE 2 IN,56
285,**INACTIVE**PINK FOAM 10 IN,56
286,**INACTIVE**PINK FOAM 9.5 IN,56
287,**INACTIVE**1/16 WHITE X-LINKED PE FOAM 1PSA 2.5 IN,0
288,3M 9777L IVORY PVC FOAM TAPE 3.5 IN (SUB),35
289,3M 9777L IVORY PVC FOAM TAPE 4 IN,35
290,**INACTIVE**3M 9777L IVORY PVC FOAM 1 PSA 72# LNR 5 IN,35
291,1/4 IN WHITE LATEX FOAM 7444 w/PSA 44 IN MASTER ROLL,42
292,1/4 IN WHITE LATEX FOAM 6 IN (SUB),7
293,**INACTIVE**1/4 WHITE LATEX FOAM,42
294,VELCRO HOOK W/PSA 1.5 IN,42
295,VELCRO LOOP W/PSA 1.5 IN,42
296,**INACTIVE**VELCRO LOOP 3 IN,42
297,**INACTIVE**LOOP 7/8 CIR W/PSA,42
298,**INACTIVE**HOOK 7/8 CIR W/PSA,42
299,**INACTIVE**VELCRO CLR HOOK 2 IN,42
300,**INACTIVE**VELCRO HOOK W/PSA 2 IN,42
301,"""PURGE"" AUTOBAG 4.5 IN X 5.0 IN",35
302,"""PURGE"" AUTOBAG 6.5 IN X 7 IN",35
303,PENNCO LID W/FOAM,35
304,WHITE CTN NEONATE,35
305,SBS INSERTS NEONATE,35
306,**INACTIVE**POLYBAG LNR 24 X 24 6MIL,0
307,**INACTIVE**POLYBAG LNR 33 X 40 16MIL,0
308,**INACTIVE**POLYBAG LNR 40 X 48 13MIL,0
309,CHIPBD 13.437 X 9.5625 X .024,14
310,CHIPBD 9.375 X 7.375 X .024,14
311,**INACTIVE**SPOOLS 3 IN X 4.5 IN 12 IN PANELS,0
312,BOX 2WALL 11 3/4 X 10 5/8 X 6,7
313,**INACTIVE**8 OZ JARS UP,0
314,**INACTIVE**POUCH MPM REPEL 4 X 4,0
315,**INACTIVE**POUCH MPM REPEL 6 X 6,0
316,**INACTIVE**POUCH 3.5 X 7.5 LASIK,0
317,*PURGE*SBS NEONATE,35
318,**INACTIVE**SBS FLEXI ADLT,35
319,SBS FLEXI LA,35
320,**INACTIVE**SBS FLEXI PED,35
321,"**INACTIVE**AUTOBAG HYPERION 4 X 4, 4.25 X 5",14
322,"**INACTIVE**AUTOBAG HYPERION 6 X 6, 6.25 X 7",14
323,**INACTIVE**SBS BOX IFM ELECT TAPE,35
324,4 X 4 (2.5 X 2.5) SSL UP (SUB),7
325,6 X 6 (4.25 X 4) SSL UP,7
326,**INACTIVE**PET/PE & PET/PE POUCH 5 IN X 6.75 IN W/THUMB NOTCH,42
327,**INACTIVE**PET/PE & PET/PE POUCH 3.5 IN X 4.5 IN,42
328,**INACTIVE**PET/PE & PET/PE POUCH 7.5 IN X 9.5 IN,42
329,**INACTIVE**BOX 15 X 12 X 10,0
330,**INACTIVE**SPINAL LID STOCK 13.12 X 9.4375 LOGO,14
331,**INACTIVE**SPINAL LID STOCK 7.312 X 9.25 LOGO,14
332,**INACTIVE**TIDI GARMENT CLOSURE RL,14
333,**INACTIVE**SPINAL SPECIALTIES DEXTR DRAPE,0
334,**INACTIVE**BLANK,0
335,**INACTIVE**BLANK,0
336,**INACTIVE**GENTELL 6 X 6 SSL UP 100/BAG BULK,14
337,**INACTIVE**MPM 4 X 4 SSL UP 30/BAG 120/BOC,0
338,**INACTIVE**MUELLER 4 X 8 SPECIAL ABR STRIP,14
339,**INACTIVE**DERMARITE 6 X 6 SSL P,0
340,"MEDLINE MEDISTRIP  1/4 X 1.5 IN, STERILE",14
341,MEDLINE MEDISTRIP 1/8 X 3 IN STERILE,14
342,MEDLINE MEDISTRIP 1/2 X 4 IN STERILE,14
343,MEDLINE MEDISTRIP 1/4 X 4 IN STERILE,14
344,MEDLINE MEDISTRIP 1/4 X 3 IN STERILE,14
345,MPM EXCEL HYDCOLLD 2 X 2 MP00600,14
346,MPM EXCEL HYDCOLLD Wound Drsg 4.25 X 4 MP00602,14
347,MPM EXCEL HYDCOLLD 3.6 X 4 CASE,14
348,MPM Excel Hydrocolloid Wound Dressing 6 x 6.5 MP00608,14
349,**INACTIVE**ADVANCE MESH FILTER,14
350,**INACTIVE**DSCOPE LRG/ADLT 0683-00-0409-01,14
351,**INACTIVE**GENTELL 4 X 4 SSL P 100/BAG BULK,14
352,**INACTIVE**JERNIGAN 6 X 8,0
353,**INACTIVE**ORION 4X4(2.5 X 2.5) SSL UP,0
354,**INACTIVE**DERMARITE 4 X 4 (2.5 X 2.5) SSL P,0
355,**INACTIVE**CS MEDTRADE 6 X 6 SA FOAM,0
356,**INACTIVE***DERMA SCIENCE 12 X 12 HYDROGEL 1/POUCH,0
357,**INACTIVE***DERMA SCIENCE 12 X 24 HYDROGEL 1/POUCH,0
358,**INACTIVE**EYE SHIELD FF B-CUP,14
359,**INACTIVE***EYE SHIELD PRI CLR B-CUP,14
360,**INACTIVE**EYE SHIELD PRI CLR C-CUP,14
361,**INACTIVE***EYE SHIELD PRI CLR D-CUP,14
362,**INACTIVE***EYESHIELD ADH BRA B BEIGE-RIGHT,0
363,**INACTIVE***EYESHIELD ADH BRA B BEIGE-LEFT,0
364,**INACTIVE***EYESHIELD SENSIVITY STRIP,0
365,**INACTIVE**PET 2 PSA LX-130 .5 IN,0
366,"""PURGE"" 3M 1513 6.857 IN",35
367,**INACTIVE***TYCO 3239C 3.25 IN,56
368,**INACTIVE**3M 1527L 6.6 MIL 1 PSA CLR PERF EVA 6 IN,0
369,**INACTIVE**3M RAYON NW 1 PSA 63# LNR 6 IN,0
370,**INACTIVE**3M 9907T ELASTIC NW 1 PSA 6 IN,0
371,**INACTIVE**3M 1538L WHT RAY ACET NW 1PSA 83# LNR 6 IN,0
372,**INACTIVE**TIGHT REL LNR 2.5 GENTELL,0
373,**INACTIVE**TIGHT REL LNR 3 IN GENTELL,0
374,**INACTIVE**TIGHT REL LNR 3.5 IN MPM,0
375,**INACTIVE**TIGHT REL LNR 4 IN MPM,0
376,**INACTIVE**TIGHT REL LNR 3.5 IN GENTELL,0
377,**INACTIVE**TIGHT REL LNR 4 IN GENTELL,0
378,**INACTIVE**TIGHT REL LNR 2.5 IN JERNIGAN,0
379,**INACTIVE**TIGHT REL LNR 3 IN JERNIGAN,0
380,**INACTIVE*TIGHT REL LNR 3.5 IN JERNIGAN,0
381,**INACTIVE**TIGHT REL LNR 4 IN JERNIGAN,0
382,**INACTIVE**18 MIL HYDROCOLLOID 11.8 IN,0
383,**INACTIVE**CLEAR 18 MIL HYDCOLLD MSTR,0
384,**INACTIVE**CLEAR 18 MIL HYDCOLLD 2 X 2,0
385,**INACTIVE**CLEAR 18 MIL HYDCOLLD 4.25 X 4,0
386,**INACTIVE**CLEAR 18 MIL HYDCOLLD 3.6 X 4,0
387,**INACTIVE**CLEAR 18 MIL HYDRCOLLD 6 X 6.5,0
388,"**INACTIVE**.5 MIL PET, 2 PSA",0
389,**INACTIVE**.53# LNR 3.5 IN DERMARITE BORDERED GAUZE,21
390,**INACTIVE**53# LNR 4 IN DERMARITE BORDERED GAUZE,21
391,**INACTIVE**53# LNR 2.5 IN DERMARITE BORDERED GAUZE,21
392,**INACTIVE**53# LNR 3 IN DERMARITE BORDERED GAUZE,21
393,**INACTIVE**HDS HYDROGEL 13.25 IN,42
394,BOX 12 X 12 X 12 #S-4125,1
395,**INACTIVE**BOX 16 X 16 X 10.5,0
396,BOX 12 X 12 X 3 #S-4460,1
397,BOX 12 X 12 X 24 #S-4455,1
398,"""PURGE"" BOX 38.5 X 3 X 4",7
399,BOX 13.5 X 13.5 X 7.5 #S-4388,3
400,**INACTIVE**BOX WHITE 5.5 X 5.5 X 3.5,0
401,**INACTIVE**BOX WHITE 7 X 7 X 4,0
402,**INACTIVE**CORE 2 IN W X .5 IN ID,0
403,WHITE CTN DATASCOPE 4 1/4 X 3 X 6,35
404,**INACTIVE**PENNCO 12 OZ JARS AQUA PATCH,35
405,**INACTIVE**8 OZ JARS MUELLER,35
406,IMPAK 5.25 X 8 ZIPLIP FOIL POUCH,35
407,**INACTIVE**CSEAL UP 3.25 IN,0
408,**INACTIVE**CSEAL LATEX WARNING 3.25 IN,0
409,**INACTIVE**CSEAL GENERIC TOP 3.25 IN,0
410,**inactive**BOMARKO CSEAL OXBORO LUCEL FRT 6.25 IN,0
411,**INACTIVE**BOMARKO CSEAL OXBORO GENTEL FRT 6.25 IN,0
412,**INACTIVE**BOMARKO  CSEAL OXBORO SILKEL FRT 6.25 IN,0
413,**INACTIVE**BOMARKO CSEAL OXBORO ELAST FRT 6.25 IN,0
414,**INACTIVE**BOMARKO CSEAL OXBORO LUCEL BCK 6.25 IN,0
415,DLS PLAS WHITE PE 6 IN SW,42
416,BOX 12 X 12 X 4 #S-4215,1
417,**INACTIVE**3M 1522 6.3 MIL 2 PSA CLR PE 3 IN,35
418,**INACTIVE**3M 1527L 6.6 MIL 1 PSA CLR PERF EVA 2.25 IN,0
419,INSUL-FAB/SPECTAPE CC 590A 1 IN,35
420,INSUL-FAB/SPECTAPE CC 590A 7.25 IN,35
421,**INACTIVE**INSUL-FAB/SPECTAPE CC 590A 7.5 IN,35
422,INSUL-FAB/SPECTAPE CC 590A 5.875 IN,35
423,**INACTIVE**INSUL-FAB/SPECTAPE CC 590A 3.5 IN,35
424,**INACTIVE**3 MIL LDPE 1 PSA 4 IN,0
425,**INACTIVE**3 MIL LDPE 1 PSA 6 IN,0
426,**INACTIVE**CS SEL MED DRMAFLX PE350 FW 6 IN,0
427,**INACTIVE**3M 9877 4.5 MIL TRANS PE 2 PSA 6 IN,0
428,**INACTIVE**3M 9877 4.9 MIL 2 PSA CLR PE 3 IN,0
429,**INACTIVE**TIGHT REL #53 LNR 6.375 IN,35
430,TIGHT REL 53# LNR 1.5 IN,21
431,**INACTIVE**EASY REL #53 LNR 6 IN,35
432,EASY REL #53 LNR 6.5 IN,35
433,**INACTIVE**MEDIUM REL 83# LNR 2.5 IN,105
434,**INACTIVE**MEDIUM REL 83# LNR 2 IN,21
435,"""PURGE"" HIGH GLOSS LABEL STOCK PRM 2 IN",7
436,CS BRAZABRA S/8007 SONT PAD 2 IN,60
437,**INACTIVE**PGI MEDISTRIP NW 3.5 IN,35
438,**INACTIVE**PGI MEDISTRIP NW 4.5 IN,35
439,**INACTIVE**ELASTIC WOVEN 1 PSA 5.4 IN,0
440,CS BRAZABRA BEIGE WOVEN 2.96875 IN,90
441,**INACTIVE**LUDLOW 1/8 IN WHT LATEX FOAM MSTR,42
442,LUDLOW 1/8 IN WHT LATEX FOAM 6 IN,42
443,BOX 10 X 10 X 10 #S-4105,1
444,BOX 14 X 14 X 14 #S-4142,3
445,BOX 15 X 15 X 15 #S-4318,1
446,**INACTIVE**BOX 14 X 14 X 10,0
447,**INACTIVE**BOX 15 X 15 X 12,0
448,**INACTIVE**175/105 14 X 14 UP,0
449,**INACTIVE**PRECEPT SHIELD,14
450,POLYBAG GUSSETED .75 MIL 8 X 3 X 15  S-8446,1
451,POLYBAG GUSSETED 6 X 3 X 12  S-15884,1
452,CORE 3 X .5 X .125 WHITE PAPER CORE,35
453,CORE 1 W X 3 ID,14
454,CORE 1.5 W X 3 ID,14
455,**INACTIVE**CORE 2 W X 3 ID,0
456,CORE 2.5 W X 3 ID,14
457,"CORE 3"" X 3"" X .125 WHITE PAPER CORES",14
458,**INACTIVE**CORE 4 W X 3 ID,0
459,**INACTIVE**CORE 4.5 W X 3 ID,0
460,**INACTIVE**CORE 5 W X 3 ID,0
461,**INACTIVE**CORE 5.5 W X 3 ID,0
462,CORE 6 W X 3 ID,14
463,DESICCANT BAG 1/6 UNIT 1200/PAIL,1
464,**INACTIVE**3M 1522 6.3 MIL 2 PSA CLR PE 1.5 IN,0
465,DSCOPE PRTD 5.4 IN WOVEN ELAST CLOTH W/PSA (SUB),0
466,**INACTIVE**VELCRO ADVANCE 7/8 IN CIR WHT LOOP W/PSA,0
467,**INACTIVE**TECNOL 6 X 6 (4.25 X 4) SSL UP 120/CASE,0
468,**INACTIVE**SELECTIVE GAUZE PAD,0
469,**INACTIVE**ADVANCE 3 X 1/2 LOOP W/TYVEK,14
470,TYVEK W/PERMANENT PSA 3 IN,7
471,**INACTIVE**BLANK,0
472,BOX 16 X 16 X 8 #S-4393,1
473,**INACTIVE**POLYBAG GUSSETED 6 X 3 X 15,0
474,ADVANCE HOOK W/PSA 1.5 X .5,14
475,**INACTIVE**ADVANCED MESH FILTER 9.125 IN,0
476,**INACTIVE**BOX 20 X 20 X 12,0
477,**INACTIVE**CS ADVANCE SYMMETRICAL NET 10,0
479,**INACTIVE**SONTARA PU 1 PSA 4.4375 IN,35
480,BOX 24 X 24 X 12 #S-4320,1
481,HYDRO TAPE STRIP 4 X 7/8 UP - 715-03224-000,14
482,**INACTIVE**BANTA CLR HOOK 2 X 3/8 LY,0
483,MPM Repel Wnd Drsg Sterile 4x6 Pad MP00086,14
484,**INACTIVE**SWISS 4 X 4 HYDCOLLD,0
485,**INACTIVE**SWISS 6 X 6 HYDCOLLD,0
486,**INACTIVE**SWISS 4 X 4 NAP,0
487,SWISS 6 X 6 HYDROPHILIC FOAM,14
488,**INACTIVE**RM DUPLICATE FOR 000129,35
489,**INACTIVE**MACTAC IB1190 .5 MIL PET 2 PSA 1.862 IN,0
490,**INACTIVE**7.5 X 11 UP TYVEK/MYLAR CHEVRON POUCH,0
491,**INACTIVE**EYE SHIELD PRI CLR A-CUP,14
492,SWISS 4 X 4 HYDROPHILIC FOAM,14
493,**INACTIVE**8 OZ W/DELNET 2 SIDES,35
494,**INACTIVE**RYNELL HYDROPHILIC FOAM 4.5 IN,56
495,**INACTIVE**18 MIL HYDCOLLD W/1 MIL PU 11.8 IN,0
496,**INACTIVE**UP CHEVRON POUCH 5.5 X 6.75 TYVEK/MYL,42
497,**INACTIVE**UP CHEVRON POUCH 7.5 X 9 TYVEK/MYLAR,42
498,**INACTIVE**HYDROPHILIC FOAM 2.5 IN,56
499,**INACTIVE**BOX 8.75 X 8.75 X 2.5,0
500,**INACTIVE**BOX  12.75 X 12.75 X 2.5,0
501,INSUL-FAB/SPECTAPE CC 590A 4 IN,35
502,EASY REL 53# LNR 4.5 IN,35
503,**INACTIVE**TIGHT REL 53# LNR 4.125 IN,35
504,**INACTIVE**PECHINEY AFA PRTD 2.78 X 3.5 FOIL/PE POUCH,28
505,**INACTIVE**AFA AQUA BURN,14
506,**INACTIVE**PRTD INSERT MPM EXCEL 2 X 2,0
507,**INACTIVE**PRTD INSERT MPM EXCEL 4.25 X 4,7
508,**INACTIVE**PRTD INSERT MPM EXCEL 3.6 X 4,0
509,**INACTIVE**PRTD INSERT MPM EXCEL 6 X 6.5,0
510,**INACTIVE**AUTOBAG SWISS 4 X 4 NAP,14
511,**INACTIVE**AUTOBAG SWISS 4 X 4 FOAM,14
512,**INACTIVE**AUTOBAG SWISS 6 X 6 FOAM,14
513,BOSS ARM BOARD TAPE TAB 70021191,14
514,"""PURGE"" FLEXCON V400 F W  V-156 NTC 5.4 IN",35
515,**INACTIVE**PRECEPT 1/2 PAPER RLS,0
516,**INACTIVE**MEDIUM REL 83# LNR .5 IN,0
517,**INACTIVE**MEDIUM REL 83# LNR MSTR RL,105
518,**INACTIVE**SCI ANTI-WRINKLE PATCH 4/BAG,0
519,**INACTIVE**3M 1527L 6.6 MIL 1 PSA CLR PERF EVA 3 IN,0
520,**INACTIVE**3.5 X 4.75 METALIZED MYLAR POUCH,0
521,COMUNDIAL TAPE STRIP 3/CD,14
522,3M 1527L 3.42 IN,35
523,**INACTIVE**DERMA/CARR 4X4(2X2) SSLP 15/BG 120/C,14
524,"**INACTIVE**TIGHT REL LNR 53# 2.5 IN, CARRINGTON",21
525,**INACTIVE**TIGHT REL LNR 53# 3 IN CARRINGTON,21
526,**INACTIVE**5.5 X 6.75 GENTELL DERMATELL POUCH,0
527,**INACTIVE**DERMA SCIENCE WOUND STRIP .25 X 3 3/CARD,0
528,**INACTIVE**PGI NONWOVEN 60 IN,0
529,**INACTIVE**PGI NONWOVEN 3.5 IN,0
530,DERMD 8003 MATTE 4 MIL PE FILM 5.9 IN,112
531,**INACTIVE**3M 9781 4 MIL FOAM 1 PSA 2.125 IN,0
532,**INACTIVE**PGI NONWOVEN MSTR,90
533,DELSTAR 7.9 NLYB-E 2 IN - Item 400673,35
534,BOX 8 X 8 X 6  #S-4083,1
535,RUSCH DISK 8491D,35
536,BOX 12 X 12 X 8 #S-4124,1
537,TUBE / TAPE COMBO (SUB),0
538,**INACTIVE**TRANSILWRAP 10 MIL CLR PET 3 IN,0
539,**INACTIVE**AVERY PET 2 PSA 2.5 IN,0
540,**INACTIVE**HYDROMED CLEAR WASHER W/ ADH,0
541,**INACTIVE**SC INTL 1 X 1 DIET PATCH,14
542,**INACTIVE**3M 1538 3 IN,35
543,**INACTIVE**EYESHIELD PETAL - BLACK,0
544,**INACTIVE**EYESHIELD PETAL BEIGE,0
545,**INACTIVE**EYESHIELD ADH BRA B BLACK - RIGHT,0
546,**INACTIVE**EYESHIELD ADH BRA B BLACK - LEFT,0
547,**INACTIVE**WHT RAY ACET WVN1 PSA 83# LNR 5.3 IN,0
548,**INACTIVE**WHT ACET WOVEN 1PSA 83# LNR 5.5 IN,0
549,**INACTIVE**WHT ACET WOVEN 1PSA 83# LNR 3 IN,0
550,**INACTIVE**DELSTAR 2.8 OZ SSL PAD,0
551,**INACTIVE**K-LOK PRTD TIGHT REL 53# LNR 4.5 IN,7
552,**INACTIVE**(SUB) HYPERION 2X2 PU,0
553,**INACTIVE**(SUB) HYPERION 4X4 PU,0
554,**INACTIVE**((SUB) HYPERION 6X6 PU,0
555,**INACTIVE**(SONTARA PU 1 PSA 2.5 IN,35
556,**INACTIVE**(HYP PRTD PU FLESH 1PSA 2.5 IN,0
557,**INACTIVE**(HYP PRTD PU FLESH 1 PSA 4.5 IN,0
558,**INACTIVE**HYP PRTD PU FLESH 1 PSA 6.5 IN,0
559,**INACTIVE**SBS BOX HYPERION PU 2 X 2,35
560,**INACTIVE**SBS BOX HYPERION PU 4 X 4,35
561,**INACTIVE**SBS BOX HYPERION PU 6 X 6,35
562,**INACTIVE**PRTD POUCH PPR 3.62 IN HYPERION PU 2X2,42
563,**INACTIVE**PRTD POUCH PPR 5.621 IN HYPERION PU 4X4,42
564,**INACTIVE**PRTD POUCH PPR 7.623 IN HYPERION PU 6X6,42
565,**INACTIVE**POUCH QUALITY PET 3.62 IN,21
566,POUCH QUALITY PET 5.621 IN,35
567,POUCH QUALITY PET 7.623 IN,35
568,DELSTAR 8.7 NLYB-E/W 1 IN,35
569,**INACTIVE**3M 9889EL 3 MIL TRANS PE 2 PSA 1 IN,0
570,**INACTIVE**STONEHOUSE DS TAPE 1 IN,0
571,**INACTIVE**3M 9871 2.125 IN,35
572,**INACTIVE**PRESSCUT 3M 9781 2.125 IN,0
573,**INACTIVE**SONTARA PU FLESH 1 PSA 4.5 IN,35
574,"**INACTIVE**SONTARA PU FLESH 1 PSA, 6.5 IN",35
575,**INACTIVE**SONTARA PU FLESH 1 PSA 2.5 IN,35
576,**INACTIVE**ALLEGIANCE PRT INTERLEAF 12.75 IN,0
577,**INACTIVE**CS MPM AUTOBAGS 4.25 X 5,35
578,CS MPM AUTOBAGS 6.25 X 7,35
580,POUCHING MYLAR/POLYESTER 8.75 IN,35
581,POUCHING PET 2 MIL LDPE 7.25 IN,35
582,*PURGE*MEDISTRIP .25 X 1.5 PRTD TYVEK 7.25 WEB,42
583,*PURGE*MEDISTRIP .125 X3  PRTD TYVEK 7.25  WEB,42
584,*PURGE*MEDISTRIP .25 X 3  PRTD TYVEK  7.25 WEB,42
585,*PURGE*MEDISTRIP .25 X 4 PRTD TYVEK 8.75 WEB,42
586,*PURGE*MEDISTRIP .5 X4 PRTD TYVEK 8.75 WEB,42
587,*PURGE*MEDISTRIP .25 X 1.5 SBS BOX,21
588,*PURGE*MEDISTRIP .125 X 3 SBS BOX,21
589,*PURGE*MEDISTRIP .5 X 4 SBS BOX,21
590,*PURGE*MEDISTRIP .25 X 4 SBS BOX,21
591,*PURGE*MEDISTRIP .25 X 3 SBS BOX,21
592,BOX 5.5 X 5 X 6,42
593,BOX 9.75 X 6.75 X 5.75,14
594,*PURGE*LABEL MEDISTRIP .25 X 1.5 CASE,14
595,*PURGE*LABEL MEDISTRIP .125 X 3 CASE,21
596,*PURGE*LABEL MEDISTRIP .5 X 4 CASE,21
597,*PURGE*LABEL MEDISTRIP .25 X 4 CASE,21
598,*PURGE*LABEL MEDISTRIP .25 X 3 CASE,14
599,*PURGE*MEDISTRIP INSERT,21
600,**INACTIVE**DERMA SCIENCE WOUND STRIP .25 X 1.5 6/CD,0
601,**INACTIVE**TECNOL 6X9 (4.24X7) SSL P CARRINGTON,0
602,**INACTIVE**TECNOL 6x6(4x4) PU UP 00-80-088-0-97,0
603,**INACTIVE**TECNOL 4X4 (2X2) PU UP 00-80-088-0-98,0
604,**INACTIVE**TECNOL 6X8(4X6) PU UP 00-80-088-0-99,0
605,MEDISTRIP 1/4 IN X 1.5 IN BULK,14
606,MEDISTRIP 1/8 IN X 3 IN BULK,14
607,MEDISTRIP 1/2 IN X 4 IN NONSTERILE 3/CD,14
608,MEDISTRIP 1/4 IN X 4 IN 5/CD BULK,14
609,MEDISTRIP 1/4 IN X 3 IN BULK,14
610,MEDISTRIP 1 IN X 4 IN BULK,14
611,3M 5425 1.75 IN X 36 LY,21
612,**INACTIVE**MATTE 4 MIL PE FILM 4 IN,35
613,**INACTIVE**BLANK,0
614,**INACTIVE**BLANK,0
615,**INACTIVE**BOX - PCI OPTION - DO NOT USE THIS!!!!,2
616,**INACTIVE**BLANK,0
617,**INACTIVE**LOHMANN LTS 14868 6.375 IN,0
618,**INACTIVE**ACRYMED FLEXIGEL 4X5.75,14
619,"**INACTIVE**2.5 MIL HDPE BLUE 5.125"" LINER",105
620,"**INACTIVE**2.5 MIL BLUE HDPE 2.375"" LINER",105
621,**INACTIVE**BLANK,0
622,**INACTIVE**BAYTECH INTELLIGENT SWEATBAND,0
633,**INACTIVE**CS BAYTECH 2-PLY DEXTER 1.75,0
634,**INACTIVE**CS BAYTECH WHITE NONWVN 1.75,0
635,**INACTIVE**INSUL-FAB/SPECTAPE ST580P 1/4 IN,35
636,**INACTIVE**INSUL-FAB/SPECTAPE ST599-8-P 3/4 IN,35
637,**INACTIVE**BLANK,0
638,**INACTIVE**MEDLINE MEDISTRIP 1/4 IN X 1.5 IN (SUB),7
639,**INACTIVE**MEDLINE MEDISTRIP 1/8 IN X 3 IN (SUB),7
640,**INACTIVE**MEDLINE MEDISTRIP  W/C 1/2 IN X 4 IN (SUB),7
641,**INACTIVE**MEDLINE MEDISTRIP 1/4 IN X 4 IN (SUB),7
642,**INACTIVE**MEDLINE MEDISTRIP 1/4 IN X 3 IN (SUB),7
643,MEDLINE MEDISTRIP 1 IN X 4 IN (SUB),7
644,**INACTIVE**ORION BORDER 6X6(4.25X4) SSL UP,0
645,**INACTIVE**BLANK,0
646,**INACTIVE**BLANK,0
647,**INACTIVE**BLANK,0
648,**INACTIVE**BLANK,0
649,**INACTIVE**3M 4016 1/2 IN X 36 LY,35
650,BOX 18X18X16 #S-4456,3
651,**INACTIVE**HYPERION PRTD PU SONTARA 6.5 IN,0
652,**INACTIVE**HYPERION PRTD PU SONTARA 4.5 IN,0
653,**INACTIVE**HYPERION PRTD PU SONTARA 2.5 IN,0
654,**INACTIVE**BLANK,0
655,**INACTIVE**BLANK,0
656,(SUB) DSCOPE ADLT,7
657,**INACTIVE**WEBSTER 9889  5 IN EL RIGHT 100 YDS,35
658,BRAZABRA HEART TOPS 12056 BEIGE,14
659,**INACTIVE**ADVANCED MESH FILTER - NEW MATL,0
660,**INACTIVE**CS ADVANCE FILTER,0
661,"MPM WoundGard 6""x6"" Pad MP00098",14
662,"MPM WoundGard 4"" x 4"" Pad MP00097",14
663,**INACTIVE**CS SEL MED DFLX NWP240 WHT H-566 60K-6,0
664,**INACTIVE**EYESHIELD SENSITIVTY STRIP BIEGE,0
665,**INACTIVE**EYESHIELD SENSITIVTY STRIP BLACK,28
666,**INACTIVE**HYPERION 2X2 PU,0
667,**INACTIVE**HYPERION 4X4 PU,0
668,**INACTIVE**HYPERION 6X6 PU,0
669,**INACTIVE**BOX 12 X 7 X 5,0
670,**INACTIVE**BOX 10 X 8 X 5,0
671,**INACTIVE**BOX 15 X 10 X 5,0
672,**INACTIVE**RCTS DRESSING 1.5 X 1.5,14
673,PRTD HYDROMED TIGHT REL 6.375 IN,7
674,(SUB) DSCOPE NEONATE 0683-00-0440-02,7
675,(SUB) DSCOPE LGE ADLT,7
676,**INACTIVE**3M 1522 6.3 MIL 2 PSA CLR PE 3.85 IN,35
677,**INACTIVE**3M 9830 6.5 IN,35
678,**INACTIVE**3M 9830 2.5 IN,35
679,**INACTIVE**EYE SHIELD PETALS,14
680,**INACTIVE**BLANK,0
681,**INACTIVE**(SUB) EYE SHIELD DUO LASIK TAPE,0
682,**INACTIVE**EYESHIELD DUO TAPE,0
683,**INACTIVE**PRTD TYVEK SHIELD DUO TAPE,0
684,**INACTIVE**MEDIUM REL 83# LNR 5.5 IN,105
685,**INACTIVE**EYESHIELD DUO TAPE LNR 4.625 IN,0
686,**INACTIVE**EYESHIELD REMOVE HERE LNR 1.25 IN,0
687,**INACTIVE**EYESHIELD PRTD 9830,0
688,**INACTIVE**POUCHING MYLAR/PET 3.75 IN,42
689,**INACTIVE**BOX WHT MAILER 9 X 4 X 3 IN,0
690,**INACTIVE**FREUD TAN NW 1 PSA 4 IN,0
691,**INACTIVE**HYDROMED PRTD TEMPLATE,0
692,**INACTIVE**CS HYDROMED 13 IN WIDE URETHANE,0
693,**INACTIVE**CS HYDROMED 6.5 IN WIDE URETHANE,0
694,**INACTIVE**DELSTAR 2.8 NP5-E 2 IN,35
695,**INACTIVE**3M 9835 2 IN,35
696,ANS WINDOW MASKING TAPE SMALL,14
697,**INACTIVE**3.5 X 5 IN SILVER TEAR NOTCH POUCH,0
698,(SUB) DSCOPE PED BAN,7
699,**INACTIVE**BRIGHT SILVER FOIL 3 IN,35
700,**INACTIVE**CC 590A 1.5 IN,35
701,SWISS SONTARA 2 IN X 10 YD,14
702,**INACTIVE**CORE 2 IN W X 1 ID,0
703,**INACTIVE**LABEL ANTI-WRINKLE PATCH POUCH,0
704,MUELLER STICK ON PADS SHTS,14
705,MUELLER STICK ON PADS DONUTS,0
706,MUELLER STICK ON PAD OVALS,7
707,**INACTIVE**FREUDENBERG MASTER M 1573 BEIGE,84
708,PRTD DATA LA 2.5 IN CLR,7
709,UNCTD 1059B TYVEK 7.625 IN,28
710,BOX 16.5 X 13.5 X 13.5,7
711,**INACTIVE**POUCHING MYLAR/PET 4.75 IN,42
712,**INACTIVE**UNPRT PAPER 4.75 IN GENUS MED FOAM,42
713,**INACTIVE**GENUS MED 2X2 IN FOAM PAD STERILE,0
714,AVERY 5635 FOAM W/ADH  3.0 LF,0
715,8.0 X 12.0 UP TYVEK CHEVRON POUCH,21
716,**INACTIVE**CS GENUS 2 X 2 FOAM SQ,0
717,**INACTIVE**ANS VELCRO HOOK,42
718,**INACTIVE**LONG LIFE SERV DIET PATCH,14
719,**INACTIVE**POUCHING PET 10.98 IN BLUE TINT,21
720,POUCHING 10.98 IN MET/PET,21
721,**INACTIVE**4 MIL ADH W/FUCUS 4.375 IN,35
722,**INACTIVE**TIGHT REL 53# LNR 2.75 IN,21
723,**INACTIVE**HEARING TECH. FOAM CUSHION,0
724,**INACTIVE**FOAM NATURAL 3/8 SQ,35
725,**INACTIVE**CS LABEL GENUS BIOMEDICAL BX,0
726,**INACTIVE**CS LABEL GENUS SHIPPING,0
727,**INACTIVE**ZEFON ENVIRONMENTAL TEST STRIP,0
728,**INACTIVE**3M SONTARA 4.5 IN,35
729,**INACTIVE**3M SONTARA 6.5 IN,35
730,**INACTIVE**3M SONTARA 2.0 IN,35
731,**INACTIVE**UNPRTD TYVEK 3.75 LF,42
732,SWISS 4X4 (2.5X2.5) SSL P 99-044,14
733,SWISS 6X6 (4.25X4) SSL P,14
734,**INACTIVE**30 MIL POLYCARB 2.875 IN,0
735,**INACTIVE**3M EAD 467MPF .75 IN,0
736,"**INACTIVE**3M 4935 PET LNR, 1 IN",28
737,TIGHT REL #53 LNR 12.0 IN,21
738,"**INACTIVE**HEMOSENSE AF FILM, 12.5 IN",14
739,**INACTIVE**HEMOSENSE AF FILM 16 IN,14
740,**INACTIVE**HEMOSENSE AF FILM 3.656,14
741,DOLPHIN MEDICAL PEDIATRIC FLEXISENSOR 55-00363,14
742,**INACTIVE**SILVER EAGLE NASAL STRP -MED/LG TAN (SUB),7
743,**INACTIVE**14 MIL BIAXIALLY ORIENTED PET,0
744,**INACTIVE**AVERY MED 3044 3.4375 IN,0
745,**INACTIVE**AVERY MED 5051 3.5 IN,35
746,**INACTIVE**DBL CTD SONTARA 3.4375 IN,35
747,**INACTIVE**ELASTIC WVN 3.5 IN,42
748,**INACTIVE**3M 1527L 6 IN,35
749,**INACTIVE**3M 1530L 6 IN,35
750,3M 1538L 6 IN,35
751,**INACTIVE**3M 9907L 6 IN,35
752,**INACTIVE**CSEAL UNPRT 6.25 IN,56
753,**INACTIVE**BOMARKO CSEAL OXOBORO GENT BCK,0
754,**INACTIVE**BOMARKO CSEAL OXBORO SILKL BCK,0
755,**INACTIVE**BOMARKO CSEAL OXBORO ELAST BCK,0
756,BOX 18 X10 X 10,14
757,**INACTIVE**SILVER EAGLE NASAL STP-MD/LG (SUB),0
758,**INACTIVE**WEIS QUALITY NASAL STRIP  12 CT .MED/LG (TAN),0
759,**INACTIVE**WEIS QUALITY NASAL STRIPS 30 CT. MED/LG (TAN),0
760,**INACTIVE**WEIS QUALITY NASAL STRIPS 30 CT.  MED/LG (CLEAR),0
761,**INACTIVE**WEIS QUALITY PRNTD INSERT,0
762,**INACTIVE**WEIS QUALITY SBS 12 CNT  M/L  TAN,0
763,**INACTIVE**WEIS QUALITY SBS 30 CNT  M/L TAN,0
764,**INACTIVE**SILVER EAGLE DSPLY CTN  30CNT,0
765,**INACTIVE**SILVER EAGLE DSPLY CTN  12CNT,0
766,"**INACTIVE**.75"" CLEAR ADH DOTS",0
767,BOX 10 X 8 X 8  #S-4104,3
768,"**INACTIVE**ZEFON  PRNTD PET LNR  ""PEEL THEN DISCARD""",0
769,**INACTIVE**MEDLINE MEDSTRP 1/4X3 PPT PCH,42
770,DERMA SCIENCE 5.5X5.5 POUCH,98
771,**INACTIVE**.SPECTAPE CC 590A 4 IN,35
772,**INACTIVE**.DELSTAR 8.0 NP2-A/OW 2 IN,35
773,DERMA SCIENCE 3.5X4.75 IN PCH,28
774,DERMA SCIENCE 3.5X3.5 IN PCH,98
775,DERMA SCIENCE 14X14 IN PCH,35
776,"""PURGE"" 7.5"" X 9.5"" POUCH",28
777,**INACTIVE**MEDLINE MEDSTRP 1/4X4 IN PCH,42
778,**INACTIVE**.BOX  16 X 16 X 16,0
779,**INACTIVE**.DERMATELL POUCH 5.5 X 6.754,42
780,"Macbond IB1190 1.5"" x 250 LY",35
781,"**INACTIVE**.Tyvek 3.0"" x 1,000'",42
782,"**INACTIVE**.Tyco 2916 B 2.5"" x 100 LY",56
783,"**INACTIVE**3M 9830 6.0""",35
784,"**INACTIVE**.MACBOND IB1190 2.842""",35
785,"**INACTIVE**.010 POLYESTER 3.0""",0
786,"**INACTIVE**.LTS 4354 FLESH COLORED 3.0""",42
787,**INACTIVE**HEMCON 4X4 RCR TYVEK BACKING,0
788,**INACTIVE**.TYVEK UP 1059  4.5 IN,0
789,**INACTIVE**.CLEAR VINYL  .020  3.4375 IN,0
790,**INACTIVE**HYPERION 4X4 (PLAIN),0
791,"**INACTIVE**.HYPERION 6"" x 6"" (PLAIN)",0
792,BRAZA HEART-LT. PINK,14
793,**INACTIVE**BRAZA PETAL TOPS-LT. PINK,14
794,CS BRAZABRA PINK WOVEN 3 IN,60
795,**INACTIVE**.MUELLER NO GLARE STRP 2/SHT RED,14
796,**INACTIVE**.MUELLER NO GLARE STRP 2/SHT MAROON,14
797,"**INACTIVE**.3M 1577 5.750""",35
798,3M 1577 4.5 IN,45
799,**INACTIVE**.GENTELLE PRINTED COLD SEAL(TOP),7
800,**INACTIVE**.GENTELLE PRINTED COLD SEAL (BOTTOM),7
801,**INACTIVE**ELASTELLE PRNTD COLD SEAL (TOP),7
802,**INACTIVE**ELASTELLE PRNTD COLD SEAL (BOTTOM),7
803,**INACTIVE**SILKELLE PRNTD COLD SEAL (TOP),7
804,**INACTIVE**SILKELLE PRNTD COLD SEAL (BOTTOM),7
805,**INACTIVE**LUCELLE PRNTD COLD SEAL (TOP),7
806,**INACTIVE**LUCELLE PRNTD COLD SEAL (BOTTOM),7
807,"**INACTIVE**ZEFON LG K-LOK PLUS, STERILE",0
808,"**INACTIVE**(SUB) CTD LID STK, 13.3125X9.4375, PRINTED",35
809,"**inactive**(SUB) CTD LID STK, 7.312 X 9.25, PRINTED",35
810,**INACTIVE**SILVER EAGLE MD/LG CLEAR (SUB),14
811,**INACTIVE**WEIS QUALITY SBS 30 CNT CLEAR,0
812,"Printed Liner - Pair of - 2.5"" and 3.0"" SWISS ELTA COMPOSITE",7
813,**INACTIVE**SWISS ELTA COMPOSITE PRTD LNR 3.0 IN,7
814,SWISS ELTA COMPOSITE PRTD LNR 3.5 IN,21
815,SWISS ELTA COMPOSITE PRTD LNR 4.0 IN,21
816,"**INACTIVE**CFI POLYETHYLENE TIE 1"" X 30""",14
817,**INACTIVE**CFI TEAR HERE LABEL W/ADH,14
818,**INACTIVE**FASSON HI-GLOSS PLUS 40FS HMR PG,56
819,**INACTIVE**HYDRO-MED TEAR HERE LBL W/ADH,14
820,**INACTIVE**ZEFON CATH LOK SM,0
821,**INACTIVE**ZEFON CATH LOK XS,0
822,**INACTIVE**DERMAMED 6001 7.5 IN,35
823,**INACTIVE**ELLSWORTH HOT MELT ADH,0
824,**INACTIVE**TIGHT REL LNR 53# 4.25 IN,0
825,**INACTIVE**ZEFON PRTD LNR 1 IN,0
826,**INACTIVE**POUCHING PAPER 4.5 IN,21
827,POUCHING PET 4.5 IN,21
828,**INACTIVE**ZEFON PRTD INSERT K-LOK,21
829,**INACTIVE**YKK 3 IN TRICOT 203 LOOP,35
830,**INACTIVE**YKK 4.0  CSM 17T HOOK,35
831,**INACTIVE**TECNOL 4X4/2X2 CASE LABEL,0
832,**INACTIVE**FASHIONFORM PETALS,14
833,BUSSE ADH PATCH 2.5 X 2.375  6843D-1,14
834,**INACTIVE**BUSSE ADH PATCH 5.25 X 5.5,0
835,HYDROMED POLY TIE 1 X 30 W/ADH TAB,14
836,INSUL-FAB/SPECTAPE CC 590A 1.5 IN,35
837,**INACTIVE**HDS 4X4 STERILE PEO HYDROGEL,14
838,**INACTIVE**HDS 4X4 NS PVP HGEL,14
839,**INACTIVE**4 MIL ADH W/FUCUS 2.625 IN,35
840,**INACTIVE**AVERY HCOLLOID 5580H 3.375 IN,35
841,**INACTIVE**AVERY HCOLLOID 5580H 3.20 IN,35
842,**INACTIVE**YKK 1.75 IN TRICOT 203 LOOP,35
843,**INACTIVE**LNR 70# 1.0 IN DBL CTD SIL,0
844,**INACTIVE**YKK 2.75 IN  CSM 17T HOOK,35
845,**INACTIVE**ZEFON ARTERIAL BDG ABS PAD,35
846,**INACTIVE**ZEFON ARTERIAL BDG LNR,0
847,**INACTIVE**ZEFON 53# PRNTD LINER 2.5 IN,0
848,**INACTIVE**AVERY HCOLLOID 5580H 2.95 IN,35
849,**INACTIVE**ZEFON 53# PRNTD LNR 2.25 IN,0
850,**INACTIVE**YKK 1.625 IN TRICOT 203 LOOP,0
851,**INACTIVE**PECHINAY 5.5 X 6.75 FOIL/PE POUCH,21
852,**INACTIVE**TECNOL 4X4(2.5X2.5) UP SSL,14
853,**INACTIVE**TECNOL 5X5 (3X3) UP SSL,14
854,**INACTIVE**DELSTAR 7.9 OZ LYOCEL 6.375 IN,35
855,**INACTIVE**3M 9889L 6.375 IN,35
856,**INACTIVE**CS HDS PEO HYDROGEL 13.5 IN,42
857,**INACTIVE**CS HDS PVP HDYROGEL 13.5 IN,42
858,**INACTIVE**LNR 70# 6.75 DBL CTD SIL,0
859,"**INACTIVE**FUCUS POWDER, 60 MESH",0
860,**INACTIVE**PECHINAY WHITE FILM PCH 5.5 X 6.75,21
861,3M 1774T FOAM 4.25 IN,35
862,**INACTIVE**SWISS ELTA HYDROPHILIC PRTD LNR 3.0 IN (Sub),21
863,**INACTIVE**4 MIL ADH W/FUCUS 2.625 IN,35
864,SWISS ELTA HYDROPHILIC PRTD LNRS (Sub),21
865,**INACTIVE**3M 9960 FILM 12.5 IN,0
866,3M 9960 FILM 16 IN,35
867,**INACTIVE**3M 9960 FILM 3.656 IN,0
868,**INACTIVE**CS BX SBS ZEFON LG K-LOK,0
869,**INACTIVE**CS INSERT ZEFON LG.,0
870,**INACTIVE**CS BX SBS ZEFON SM/MED K-LOK,0
871,**INACTIVE**CS INSERT ZEFON MED,0
872,**INACTIVE**CS BOX ZEFON 15X24X11.5,0
873,**INACTIVE**CS BOX ZEFON 12X18X14,0
874,HEMCON 3.625X3.625 FOAM DRG RM7006 - REV 4,35
875,**INACTIVE**YKK 4 IN TRICOT 203 LOOP,35
876,**INACTIVE**YKK 2 IN TRICOT 203 LOOP,35
877,**INACTIVE**DERMD-FRUED TAN NW 1 PSA 4 IN,35
878,**INACTIVE**PRNTD MPM LNR 4.0 IN,0
879,BUSSE 1/2 IN X 4 IN WC STRIPS 4383C,14
880,**INACTIVE**SAMPLE ORDER,14
881,"TYVEK 1059B, 5.621IN",28
882,**INACTIVE**MICROTEK  1.125 IN TYVEK BINDING,14
883,**INACTIVE**TRU 3M 1522 MED ACRYLIC 3.00 IN X 100 YDS,35
884,**INACTIVE**WEBSTER 5X5 CD EL RIGHT,14
885,**INACTIVE**WEBSTER 7X7 R1525L CD W/2.25 IN FEN,14
886,**INACTIVE**WEBSTER 7X7 R1525L CD W/4 IN FEN,14
887,**INACTIVE**WEBSTER 4 IN 9889 EL  RIGHT 100 YDS,35
888,**INACTIVE**3M 1509 6 IN X 25 LY,35
889,"""Discontinued"" 3M 9943J 9.25 IN",0
890,**INACTIVE**CONTOUR TYVEK LOOP W/ADHESIVE,14
891,**INACTIVE**CONTOUR HOOK W/ADH .5 X  1.5,14
892,**INACTIVE**3M 1525L 4.4 MIL 1 PSA 9.5 IN,35
893,**INACTIVE**3M 1533L 8.25 IN TAN MICROPOROUS NONWOVEN TAPE,35
894,**INACTIVE**3M 1533L 8.75 IN TAN MICROPORUS NONWOVEN TAPE,35
895,3M 1533L 9.25 IN TAN MICROPOROUS NONWOVEN TAPE,35
896,"SWISS ELTA SOFT-TOUCH COMPOSITE 6"" 99-045",35
897,**INACTIVE**FASHION FORMS A NUDE BRA,14
898,**INACTIVE**FASHION FORMS B NUDE BRA,14
899,**INACTIVE**FASHION FORMS C NUDE BRA,14
900,**INACTIVE**FASHION FORMS D NUDE BRAS,14
901,**INACTIVE**FASHION FORMS DD NUDE BRAS,14
902,"Printed Liner - Pair of - 4.0"" and 3.5"" SWISS ELTA HYDROPHILIC",7
903,**INACTIVE**SWISS ELTA HYDROPHILIC PRTD LNR 3.5 IN,7
904,"**INACTIVE**SWISS ELTA SOFT-TOUCH COMPOSITE 3.5"" 99-045",35
905,**INACTIVE**3M 9889EL 5 IN,35
906,**INACTIVE**3M 1525L 8.25 IN 4.4 MIL 1 PSA,35
907,**INACTIVE**3M 1525L 8.75 IN 4.4 MIL 1 PSA,35
908,**INACTIVE**3M 1525L 9.25 IN 4.4 MIL 1 PSA,35
909,**INACTIVE**FASHION FORMS A SHEER BRA,14
910,**INACTIVE**FASHION FORMS B SHEER BRA,14
911,**INACTIVE**FASHION FORMS C SHEER BRA,14
912,**INACTIVE**FASHION FORMS D SHEER BRA,14
913,**INACTIVE**CS GENUS 562-B FOAM 18 IN MASTER,56
914,"**INACTIVE**ZEFON MED K-LOK PLUS, STERILE",0
915,**INACTIVE**ZEFON MED KLOK PRTD PCKG PAPER 3.25 IN,42
916,POUCHING PET 3.25 IN,21
917,**INACTIVE**FASHION FORMS RPLCMT TABS A,14
918,**INACTIVE**FASHION FORMS RPLCMT TABS B,14
919,**INACTIVE**FASHION FORMS RPLCMT TABS C/D,14
920,**INACTIVE**3M 9874 4.25IN,35
921,MED REL 78# LNR 4.25 IN,21
922,**INACTIVE**MPM 2X2 MULTI LAYER PAD,14
923,**INACTIVE**MPM 4X4 MULTI LAYER PAD MP00073C,14
924,**INACTIVE**MPM 6X6 MULTI LAYER PAD MP00075C,14
925,**INACTIVE**DELSTAR 8.7 NLYB-E/W 6 IN,35
926,**INACTIVE**DELSTAR 8.7 NLYB-E/W MTR 58 IN,35
927,**INACTIVE**PRTD POUCH PPR 3.62 IN MPM MLP 2X2,42
928,**INACTIVE**PRTD POUCH PPR 5.621IN MPM MLP 4X4,42
929,**INACTIVE**PRTD POUCH PPR 7.623 IN MPM MLP 6X6,42
930,**INACTIVE**BUSSE 3X3 MICROPAD SPLIT DRSG #1603,14
931,MPM 6 X 8 (4.25 X 6 PAD) WOUNDGUARD NON-STERILE MP00099,14
932,**INACTIVE**3M 9874   5.25 IN,35
933,**INACTIVE**3M 9874   6.375 IN,35
934,MED REL 78# LNR 5.0 IN,21
935,MED REL 78# LNR 6.125 IN,28
936,MUELLER PRTD ABR STRIPS 2 X 5 BULK MAN124,14
937,HYDROMED PRINTED LBL FOR 1X9,7
938,**INACTIVE**3M MSX 5987 6.857 IN 4 MIL 9706 FILM 7.0% ALGINATE,35
939,MUELLER PRTD ABR RL 4 IN X 10 LY MAN127A,14
940,**INACTIVE**3M 1533L 9.75 IN TAN MICROPOROUS NONWOVEN TAPE,35
941,**INACTIVE**CS-INTELLICOAT BLK VINYL 4.5 IN,14
942,**INACTIVE**SELECTIVE MED 4.5 IN HOLE PUNCH RLSTK,14
943,**INACTIVE**POUCH PAPER 3.62 IN,21
944,**INACTIVE**POUCH PAPER 5.621IN,21
945,**INACTIVE**POUCH PAPER 7.623 IN,21
946,PRTD TYVEK 5.621 4X4 MPM REPEL MP00082 (SUB),7
947,PRTD POUCH TYVEK 7.623 6X6 MPM REPEL,7
948,**INACTIVE**PRTD POUCH TYVEK 7.623 6X8 MPM REPEL,7
949,**INACTIVE**FASHION FORMS STRT GRMT TABS,14
950,**INACTIVE**FASHION FORMS CRVD GRMT TABS,14
951,**INACTIVE**TIGHT REL 78# LNR 3.25 IN,21
952,**INACTIVE**1800PATCHES GREEN TEA 1.5 X 1.5,14
953,**INACTIVE**1800PATCHES PLACEBO 1.5 X 1.5,14
954,**INACTIVE**3M MSX-5992 W/GREEN TEA 4.0 IN,35
955,**INACTIVE**3M MSX-5992 PLAIN 4.125 IN,35
956,POUCHING PET 10.98 IN CLEAR,21
957,**INACTIVE**16.5X13.5X13.5,0
958,EASY REL #53 LNR 5.75 IN,35
959,**INACTIVE**ZEFON PRTD POUCHING PAPER 4.5 IN,42
960,ADROIT 1.5 IN X 38 IN TAPE,14
961,**INACTIVE**ADROIT 1.5 IN X 12 IN PERF ON ROLL,14
962,3M 1525L 3.0 IN 4.4 MIL 1 PSA,35
963,**INACTIVE**CLAVIN LABS SM EYELIFT CARD,14
964,**INACTIVE**CLAVIN LABS MED EYELIFT CARD,14
965,**INACTIVE**CLAVIN LABS LG EYELIFT CARD,14
966,**INACTIVE**CLAVIN LABS ASSORTED EYELIFT CARD,14
967,**INACTIVE**3M 9889 1.5 IN,35
968,**INACTIVE**EASY REL 3 MIL PET LNR 2.25 IN,42
969,**INACTIVE**3M 1525L   4.0IN,35
970,TIGHT REL 53# LNR 5.75 IN,21
971,**INACTIVE**WICKET BAG 9X10X3X1.5 IN PLAIN,0
972,**INACTIVE**1800PATCHES NICODERM PLAC 21 MG,0
973,**INACTIVE**1800PATCHES NICODERM PLAC 14 MG,14
974,**INACTIVE**1800PATCHES NICODERM PLAC 7 MG,0
975,**INACTIVE**3M 1525L 3.25 IN 4.4 MIL,35
976,**INACTIVE**3M 1525L 2 IN 4.4 MIL,35
977,3M 1525L 4.125 IN 4.4 MIL,35
978,"MPM CoolMagic Gel Sheet 3.75"" x 3.75"" MP00206",14
979,CARDINAL CIRCULAR PORT REINFORCEMENT 14811,35
980,**INACTIVE**CARDINAL 10 IN DRAPE PAD W/7.125 IN FEN.,14
981,**INACTIVE**3M 9877 4.5 MIL TRANS PE 2 PSA 10.75 IN,35
982,TIGHT REL #53 LNR 10.75 IN,28
983,TYCO 2203R 6.0 IN,56
984,**INACTIVE**PATH PU FOAM DOT W/PU FILM LAM.,14
985,**INACTIVE**CS PATH PU FOAM & FILM LAMINATE,0
986,**INACTIVE**3M MSX-5992 PLAIN 3.25 IN,35
987,**INACTIVE**3M MSX-5992 PLAIN 2.0 IN,35
988,**INACTIVE**EASY REL 3 MIL PET LNR 4.375 IN,42
989,**INACTIVE**DERMA SCIENCE AQUASITE 2X2 HYG SHT DRSG,14
990,DERMA SCIENCE AQUASITE 2X3 HYG SHT DRSG,14
991,**INACTIVE**DERMA SCIENCE AQUASITE 4X4 HYG SHT DRSG,14
992,**INACTIVE**DERMA SCIENCE AQUASITE 6X8 HYG SHT DRSG,14
993,BUSSE ADH PATCH 5.0 X 5.25  6841C-1,14
994,**INACTIVE**HEARING TECH .075 X .075 FOAM FILTER,14
995,3M 1577 5.0 IN,35
996,**INACTIVE**PECHINAY 5.5X6.75 COOLMAGIC  PRTD  POUCH,21
997,HDS  55 MIL PEO HYGEL 13.25 IN 930601-B,90
998,"""PURGE"" SBS BOX MPM COOL MAGIC 6x1x7",35
999,BOX 7 X 7 X 4  #S-4690,5
1000,**INACTIVE**TRU 3M 1522 MED ACRYLIC 3.875 IN X 100 YDS,35
1001,**INACTIVE**TRU 3M 1522 MED ACRYLIC 3.75 IN X 100 YDS,35
1002,**INACTIVE**TRU 3M 1522 MED ACRYLIC 4.0 IN X 100 YDS,35
1003,"**INACTIVE**GRAY FOAM 100 PPI 10"" X 10"" SHEET 1/32",35
1004,**INACTIVE**BRAZA PETAL TOPS - SILVER,14
1005,**INACTIVE**BRAZA HEART-SILVER,14
1006,**INACTIVE**BRAZA HEART-RED,14
1007,**INACTIVE**CS BRAZABRA SILVER WOVEN 3 IN,0
1008,**INACTIVE**CS BRAZABRA RED WOVEN 3 IN,0
1009,FLEXCON EASY REL #53 LNR 5.25 IN,35
1010,FLEXCON TIGHT REL 53# LNR 5 IN,35
1011,**INACTIVE**BOX 40 X 8 X 8,0
1012,**INACTIVE**HYDROMED POLY TAPE W/ADH VOID 4X1,14
1013,** INACTIVE** INSUL-FAB/SPECTAPE CC 590A 1.5 IN,35
1014,"**INACTIVE**ZEFON SM K-LOK PLUS, STERILE",0
1015,FLEXCON 50K-6  LNR 1.75 IN,35
1016,FLEXCON 50K-6  LNR 3.5 IN,35
1017,DERMAMED 6001 3.5 IN,35
1018,**INACTIVE**ZEFON SM KLOK PRTD PCKG PAPER 3.25 IN,42
1019,**INACTIVE**POUCHING PAPER 3.25 IN,21
1020,**INACTIVE**WICKET BAG 8X10X3X1.5 IN PLAIN,0
1021,**INACTIVE**S&N 4X4 COVRSITE DRSG (SUB),7
1022,**INACTIVE**S&N 6X6 COVRSITE DRSG (SUB),7
1023,**INACTIVE**S&N 1432 PADSTOCK 2 IN,84
1024,**INACTIVE**S&N 1432 PADSTOCK 4 IN,84
1025,AMCOR PPG-30 PCKG PPR 16.625 IN (RMS),63
1026,AMCOR RLE-005 PRTD COVRSITE 16.625 IN,70
1027,AMCOR PPG-30 PCKG PPR 15.125 IN (RMS),35
1028,AMCOR RLE-005 PRTD COVRSITE 15.125 IN,70
1029,**INACTIVE**S&N 4X4 COVRSITE DRSG 10/BX 59714000,14
1030,**INACTIVE**S&N 4X4 COVRSITE DRSG 30/BX 59714100,14
1031,**INACTIVE**S&N 6X6 COVRSITE DRSG 10/BX 59714300,14
1032,**INACTIVE**S&N 6X6 COVRSITE DRSG 30/BX 59714400,14
1033,**INACTIVE**S&N 4X4 COVRSITE PLUS DRSG 10/BX 59715000,14
1034,**INACTIVE**S&N 6X6 COVRSITE PLUS DRSG 10/BX 59715100,14
1035,**INACTIVE**S&N 4X4 COVRSITE PLUS DRSG (SUB),7
1036,**INACTIVE**S&N 6X6 COVRSITE PLUS DRSG (SUB),7
1037,PRTD POUCH TYVEK 5.621 4.25X4 MPM EXCEL,7
1038,**INACTIVE**PECHINEY FOIL RLSTK 6.25 IN,35
1039,PECHINEY 105 RLSTK 5.621 IN,0
1040,MPM Foam Dressing Bordered 4x4 Overall 2x2 Pad MP00500CN,84
1041,"MPM Foam Dressing Bordered 6x6 Overall, 4x4 Pad MP00502CN",84
1042,MPM Foam Dressing Non-Bordered 2x2 Pad MP00510,84
1043,MPM WOUNDGARD 4X4 DRSG STERILE,14
1044,MPM WOUNDGARD 5X5 DRSG STERILE,14
1045,"**INACTIVE**CFI POLYETHYLENE TIE 15"" X 1""",14
1046,"**INACTIVE**CFI POLYETHYLENE TIE 50"" X 1""",14
1047,"**INACTIVE**CFI POLYETHYLENE TIE 8"" X 1""",14
1048,FLEXCON 50K-6 OR EQV.  LNR 2.5 IN,28
1049,FLEXCON 50K-6 OR EQV.  LNR 3.0 IN,28
1050,FLEXCON 50K-6 OR EQV.  LNR 3.5 IN,28
1051,FLEXCON 50K-6 OR EQV.  LNR 4.0 IN,35
1052,DLS PLAS WHT PE 50 IN MFOLD (13/12/12/13),42
1053,**INACTIVE**MPM 8X10 MULTI LAYER PAD,14
1054,**INACTIVE**MACBOND IB1190 7.5 IN,35
1055,**INACTIVE**AVITAR 18X36X.25 IN FOAM SHEETS,42
1056,"**INACTIVE**TYVEK 1059B, 6.0 IN",21
1057,POUCHING PET 6.00 IN,21
1058,"**INACTIVE**TYVEK 1059B, 8.0 IN",21
1059,POUCHING PET 8.00 IN,35
1060,"TYVEK 1059B, 4.5 IN",21
1061,**INACTIVE**PRTD POUCH TYVEK 6.0 IN MPM FM DRSG 4X4,7
1062,"""PURGE"" PRTD POUCH TYVEK 8.0 IN MPM FM DRSG 6X6",48
1063,PRTD POUCH TYVEK 4.5 IN MPM FM DRSG 2X2,7
1064,**INACTIVE**SBS BOX MPM 4X4 FOAM DRSG,35
1065,**INACTIVE**SBS BOX MPM 6X6 FOAM DRSG,35
1066,**INACTIVE**SBS BOX MPM 2X2 FOAM DRSG,35
1067,**INACTIVE**DELSTAR 8.7 NLYB-E/W 10 IN,35
1068,**INACTIVE**PRTD POUCH PPR 10 IN MPM MLP 8X10,7
1069,**INACTIVE**POUCHING PET 10 IN CLEAR,21
1070,**INACTIVE**POUCH PAPER 10 IN,21
1071,"""PURGE"" PRTD POUCH TYVEK 5.62 IN MPM 4X4 STERILE WNDGRD",7
1072,PRTD POUCH TYVEK 7.62 IN MPM 5X5 STERILE WNDGRD,7
1073,**INACTIVE**ALTASOURCE DERMAQUIT PATCHES,14
1074,**INACTIVE**AKRON 4.25 IN EMBOSSED FILM W/LOBELIA,42
1075,**INACTIVE**CS BOX ALTASOURCE DERMAQUIT,0
1076,DERMA SCIENCE SORBACELL FM DRSG 4 X 4  RM84344,14
1077,**INACTIVE**AFASSCO  1.5X2 AQUA SKIN BURN DRSG - 14480,14
1078,**INACTIVE**AFASSCO  2X3 AQUA SKIN BURN DRSG,14
1079,**INACTIVE**COOL MAGIC PRINTED POUCH RLSTK 5.621 IN,35
1080,BRAZA PETAL TOPS - COCOA,14
1081,CS BRAZABRA COCOA WOVEN 3 IN,60
1082,**INACTIVE**CS LABEL 2X2 HGEL POUCH,0
1083,CS LABEL 2X3 HGEL POUCH,28
1084,**INACTIVE**CS LABEL 4X4 HGEL POUCH,0
1085,CS LABEL 6X8 HGEL POUCH,28
1086,"**INACTIVE**HDS HYDGL W ZINC, ALOE 13.25 IN",42
1087,** INACTIVE** PECHINEY AFASSCO PRTD 3.5X 4.5 FOIL/PE POUCH,28
1088,**INACTIVE**PECHINEY AFASSCO PRTD 2.875 X 3.375 FOIL/PE POUCH,28
1089,"**INACTIVE**CFI POLYETHYLENE TIE 4"" X 1""",14
1090,HYB0337 PEO 55 MIL HYDROGEL 13.25 IN BLUE LDPE LINER,42
1091,**INACTIVE**AVITAR 13X26X0.25 IN FOAM SHEETS,42
1092,**INACTIVE**SWISS 4X4 POUCH LABELING,14
1093,**INACTIVE**SWISS 2X2 POUCH LABELING,14
1094,**INACTIVE**KLEEN 1522 4.5 IN W/ .25 EXT. LNR,35
1095,**INACTIVE**KLEEN 1522 3.5 IN W/ .25 EXT. LNR,35
1096,**INACTIVE**3M 1522 4.5 IN W/ .25 EXT. LNR 2 SIDES,35
1097,**INACTIVE**3M 1522 3.5 IN W/ .25 EXT. LNR 2 SIDES,35
1098,**INACTIVE**MPM WOUNDGARD 6X6 DRSG STERILE MP00096,14
1099,"**INACTIVE**MPM CoolMagic Gel Sheet 6"" x 8"" MP00208",14
1100,**INACTIVE**3M 1603 6 IN,35
1101,PRTD POUCH TYVEK 7.62 IN MPM 6X6 STERILE WNDGRD (SUB),7
1102,MUELLER MORE SKIN 12 X 12,14
1103,**INACTIVE**LABEL MUELLER 12X12 MORE SKIN,0
1104,DERMA SCIENCE SORBACELL FOAM DRSG  2 X 2 RM84322,14
1105,**INACTIVE**CS LABEL SWISS 2X2 HGEL POUCH,0
1106,**INACTIVE**CS LABEL SWISS GRAFTCYTE POUCH,0
1107,"**INACTIVE**CS POUCH SWISS 6""X7""",35
1108,"**INACTIVE**CS POUCH SWISS 6""X8""",42
1109,"**INACTIVE**MPM Fenestrated Dressing 4"" Diameter MP00501CN",84
1110,**INACTIVE**PRTD POUCH TYVEK 6.0 IN MPM TB SITE FM DRSG 4X4,7
1111,**INACTIVE**SBS BOX MPM TB STE FM DRSG 4X4,35
1112,"""PURGE""SBS BOX FOR MPM COOL MAGIC 6X8",35
1113,MUELLER BLISTER PADS MAN229,14
1114,MEDIUM REL 78# LAYFLAT LNR 2 IN,28
1115,**INACTIVE**MEDI-TECH 4X5 NONBORDERED FOAM STERILE,14
1116,MPM 4X4 FEN. MULTI LAYER PAD MP00079c,14
1117,**INACTIVE**PRTD POUCH TYVEK 5.621IN MPM MLP 4X4,7
1118,**INACTIVE**S. EAGLE TARGET TAN M/L 32 CT,14
1119,**INACTIVE**DERMD-FRUED TAN NW 1 PSA 2.75 IN,35
1120,**INACTIVE**3M 9917 NONWOVEN 2.75,35
1121,"**INACTIVE**.010 GENERAL PURPOSE POLYESTER 2.25""",35
1122,"Non-woven Medical Tape  3M 1533-L 6"" X 72 YDS",35
1123,**INACTIVE**SILVER EAGLE MED/LG TAN 32 CT SUB  WRAPPED (SUB),7
1124,"WRAPPER  POLYPRO, 0.9 MIL, 7.375 IN",14
1125,"**INACTIVE**DERMAMED DM8011, 8 IN",35
1126,"**INACTIVE**DERMAMED DM8011, 9.5 IN",35
1127,"**INACTIVE**DERMAMED DM8011, 9.75 IN",35
1128,**INACTIVE**TYCO 2203R 12.0 IN,0
1129,1073B TYVEK COATED 8 IN,28
1130,**INACTIVE**5 X 5 (3 X 3) SSL UP (SUB),7
1131,**INACTIVE**CS SILVER EAGLE NASAL DILATOR INSERT,0
1132,**INACTIVE**CS TARGET P/L 32 CT CARTON,0
1133,**INACTIVE**CS TARGET P/L INNER SHELF BOX,0
1134,"BOX, 13.5X9X6.5",7
1135,BOX 20 X 16 X 8  #S-4643,3
1136,**INACTIVE**POUCHING PET 17.75 IN,42
1137,POUCHING PET 16.625 IN,35
1138,**INACTIVE**PRTD TYVEK 17.75 IN MPM TB SITE FM DRSG 4X4,42
1139,PRTD TYVEK 16.625 IN MPM FEN MLP 4X4,42
1140,**INACTIVE**PRTD TYVEK 10.99 IN MPM MLP 2X2,42
1141,**INACTIVE**PRTD TYVEK 16.625 IN MPM MLP 4X4,42
1142,**INACTIVE**PRTD TYVEK 7.623 IN MPM MLP 6X6,7
1143,"**INACTIVE**TYVEK 1059B, 7.0 IN",42
1144,"**INACTIVE**MTI WHITE LDPE TIE 30"" X 1""",14
1145,"**INACTIVE**MTI WHITE LDPE TIE 24"" X 1""",14
1146,"**INACTIVE**MTI WHITE LDPE TIE 7"" X 1""",14
1147,**INACTIVE**BRING IT UP FF BREAST LIFTS,14
1148,**INACTIVE**BRING IT UP BREAST LIFTS (SUB),7
1149,**INACTIVE**CS BRING IT UP SBS ENVELOPE,0
1150,**INACTIVE**CS BRING IT UP FF ADVERT. INSERT,0
1151,**INACTIVE**CS BRING IT UP FF LABEL SEALS,0
1152,**INACTIVE**3M 9830 6.35 IN,35
1153,**INACTIVE**DLS PLAS WHT 4MIL PE 7 IN SW,42
1154,**INACTIVE**DLS PLAS WHT 4 MIL PE 12/12 IN CFOLD,42
1155,3M 9851 3.375 IN,35
1156,**INACTIVE**MTI 9851 1.6875 IN  EXT LNR (SUB),7
1157,DERMA SCIENCE SORBACELL FOAM DRSG 1X8 RM84318,14
1159,"""PURGE"" CS MPM COOL MGC 6X8 LABEL",21
1160,6 X 10 UP CHEVRON 1059B UNCTD TYVEK/MYLAR POUCH,28
1161,*PURGE*MEDISTRIP .25 X 1.5 SBS TRAY,21
1162,*PURGE*MEDISTRIP .125 X 3 SBS TRAY,21
1163,*PURGE*MEDISTRIP .5 X 4 SBS TRAY,21
1164,*PURGE*MEDISTRIP .25 X 4 SBS TRAY,21
1165,**PURGE**MEDISTRIP .25 X 3 SBS TRAY,21
1166,DERMA SCIENCE FOAM TRACH DRSG 4X4 RM84501,14
1167,DERMA/MCKESS  P/L 2X2 HYG SHT STERILE MCK6182022,14
1168,DERMA/MCKESS P/L 2X3 HYG SHT STERILE MCK6182023,14
1169,DERMA/MCKESS P/L 4X4 HYG SHT  STERILE MCK6182044,14
1170,DERMA/MCKESS P/L 6X8 HYG SHT  STERILE MCK6182068,14
1171,"**INACTIVE**MTI DBL BCK TAPE .75""X750' EXT LNR",14
1172,**INACTIVE**ADROIT 1.5 DIA ADHESIVE DISC,0
1173,GENESIS BIO CLEAR PATCH,14
1174,**INACTIVE**3M 1525L 3.43  IN,35
1175,**INACTIVE**MPM BRDERD FOAM 4X4 DRSG (SUB),7
1176,MPM NBRDER FOAM 2X2 DRSG (SUB),7
1177,**INACTIVE**MPM BRDERD FOAM 6X6.25 DRSG (SUB),7
1178,**INACTIVE**MPM 6X6 MULTI LAYER DRESSING MP00074,14
1179,ANS WINDW MASKING TAPE  LARGE B2,14
1180,"**INACTIVE**MPM BRDERD FM TB SITE DRSG 4"" (SUB)",7
1181,**inactive**MPM 6 X 6 (4 X 4) ML DRSG (SUB),7
1182,**INACTIVE**PRTD POUCH TYVEK 7.62 IN MPM ML DRSG 6X6 (SUB),7
1183,3M 9835 2.375 IN,35
1184,**INACTIVE**3M 9851 .75 IN,28
1185,**INACTIVE**3M 9889 2.125 IN,35
1186,**INACTIVE**DLS PLAS 3 MIL CLEAR PE 2.5 IN,42
1187,CS BX SBS GENESIS BIOSYSTEMS,28
1188,CS 2 PSA TAPE FOR GENESIS BIOSYS,28
1189,**INACTIVE**FOAM RING 2.13 DIA X .25 THCK,6
1190,**INACTIVE**MTI 3 X 1/2 LOOP W/TYVEK,14
1191,**INACTIVE**MTI HOOK 2.0 X .5,14
1192,AMCOR RLE-005 PRTD COVRSITE PLUS 16.625 IN,70
1193,AMCOR RLE-005 PRTD COVRSITE PLUS 15.125 IN,70
1194,SBS BOX S&N COVRSITE 4X4 10/BX,21
1195,SBS BOX S&N COVRSITE 4X4 30/BX,21
1196,SBS BOX S&N COVRSITE 6X6 10/BX,21
1197,SBS BOX S&N COVRSITE 6X6 30/BX,28
1198,SBS BOX S&N COVRSITE PLUS 4X4 10/BX,21
1199,SBS BOX S&N COVRSITE PLUS 6X6 10/BX,21
1200,BOX 14-3/8 x 8-1/2 x 5-7/8,7
1201,BOX 16 x 14-1/2 x 5-7/8,7
1202,BOX 18-5/8 x 8-1/2 x 7-7/8,7
1203,BOX 18-1/2 x 16 x 7-7/8,7
1204,DLS PLAS WHT 4 MIL PE 7.5/7.5 IN CFOLD,42
1205,**INACTIVE**FOAM RING 4.38 DIA X .75 THCK,6
1206,**INACTIVE**HIGH GLOSS LABEL STOCK PRM 4 IN,35
1207,**INACTIVE**MPM 2X2 MULTI LAYER PAD (SUB),7
1208,**INACTIVE**MPM 4X4 MULTI LAYER PAD (SUB),7
1209,**INACTIVE**MPM 6X6 MULTI LAYER PAD (SUB),7
1210,MPM 4X4 FEN. MULTI LAYER PAD (SUB),7
1211,**INACTIVE**MPM 8X10 MULTI LAYER PAD (SUB),7
1212,**INACTIVE**1800PATCHES WEIGHT LOSS PATCH 1.5 X 1.5,14
1213,**INACTIVE**PECHINEY 5.5X 6.75 FOIL/PE POUCH,28
1214,"""PURGE"" CS MPM COOL MGC 3.75 LABEL (6.25x4.50 RCR)",21
1215,BOX 24 X 24 X 24 #S-4247,1
1216,IMPAK 4 X 6 FOIL TEARNOTCH POUCH,35
1217,**INACTIVE**YKK 2 IN POWERHOOK D7 NYLON,35
1218,**INACTIVE**YKK 1.5 IN LOOP #029 TRICOT,35
1219,**INACTIVE**3M 9851 1.8 IN,0
1220,**INACTIVE**3M 1526 5 MIL 1 PSA 4.5 IN,35
1221,**INACTIVE**3M 9959 TAN/SILVER POLY 4.5 IN,35
1222,*PURGE*3M 1522 4.5 IN,35
1223,**INACTIVE**EASY REL 3 MIL PET LNR 4.5 IN,42
1224,**INACTIVE**3M 1526 5 MIL 1 PSA 3.625 IN,35
1225,**INACTIVE**3M 9959 TAN/SILVER POLY 3.625 IN,35
1226,**INACTIVE**3M 1522 3.625 IN,35
1227,**INACTIVE**EASY REL 3 MIL PET LNR 3.625 IN,42
1228,**INACTIVE**3M 1526 5 MIL 1 PSA 4.625 IN,35
1229,**INACTIVE**3M 9959 TAN/SILVER POLY 4.625 IN,35
1230,3M 9443 DBL CTD PE TAPE 4.625 IN,28
1231,**INACTIVE**3M 1522 4.625 IN,35
1232,**INACTIVE**EASY REL 3 MIL PET LNR 4.625 IN,42
1233,**INACTIVE**1800PATCHES NICOTROL PLAC 15 MG,0
1234,**INACTIVE**1800PATCHES NICOTROL PLAC 10 MG,0
1235,**INACTIVE**1800PATCHES NICOTROL PLAC 5 MG,0
1236,**INACTIVE**ADROIT 3M 1577 1 IN TAPE ON 1.5 IN LNR,35
1237,TEARTAPE JR2F-142 1.9 MM,21
1238,**INACTIVE**TRU 3M 1522 6 IN X 72 YDS,35
1239,"MPM Cool Magic Gel Sheet 8"" X12"" MP00209",14
1240,**INACTIVE**BARD VIGILON 4X4 HYGEL DRSG STERILE,14
1241,**INACTIVE**BARD VIGILON  3X8 HYGEL DRSG STERILE,14
1242,**INACTIVE**BARD VIGILON  6X8 HYGEL DRSG STERILE,14
1243,**INACTIVE**BARD VIGILON  13X24 HYGEL DRSG NS,14
1244,MPM Multi-Layered Bordered Wound Drsg 2 x 2 MP00072C,14
1245,**INACTIVE**MPM 4X4 ML DRESSING (SUB),7
1246,PRTD POUCH TYVEK 5.62 IN MPM 4X4 ML DRSG (SUB),7
1247,**INACTIVE**LUDLOW HYB0898/RED LNR 90/10 HYGEL 13.25 IN,42
1248,**INACTIVE**MPM COOL MGC FOIL RLSTK 8.0 IN,28
1249,"""PURGE"" SBS BOX UNPRT 8.5""X 2"" X 11""",21
1250,**INACTIVE**MPM COOL MGC 8X12 LABEL FOR SBS BOX,21
1251,**INACTIVE**PECHINEY 105 RLSTK 8.0 IN,28
1252,**INACTIVE**1800 1.5 x 1.5 WEIGHT LOSS PATCH,14
1253,"**INACTIVE**MARIAN 4.25"" DELSTAR PAD",14
1254,"**INACTIVE**MARIAN 58"" DELSTAR PAD",14
1255,**INACTIVE**7.9 OZ LYOCEL NLYB-E 58 IN,35
1256,AHS MONTGOMERY STRAPS,14
1257,3M 1538 7.25IN,35
1258,TIGHT REL 53# LNR 4.875 IN,21
1259,"**INACTIVE**MTI WHITE LDPE 1"" X  250 YDS ROLLS",14
1260,**INACTIVE**ADROIT 1.5 IN X 12 IN CUT PEICES,14
1261,**INACTIVE**MPM WOUNDGARD 2X2 DRSG STERILE,14
1262,**INACTIVE**2 X 2 (1.0 X 1.0) SSL UP,7
1263,"**INACTIVE**NAIMCO 4.25"" X 150 LY DELSTAR PAD",14
1264,**INACTIVE**RPP 26-1114 FOIL 11.125 VIGILON 4x4 COPY,56
1265,**INACTIVE**RPP 21-6034  6.0 MIL FORMING WEB  11.125,56
1266,**INACTIVE**RPP 26-1114 FOIL 11.125 VIGILON 3x8 COPY,56
1267,**INACTIVE**RPP 26-1114 FOIL  6.35 VIGILON 6x8 COPY,56
1268,**INACTIVE**RPP 21-6034  6.0 MIL FORMING WEB  6.35,56
1269,"**INACTIVE**RPP 26-1114 FOIL 8.9""  VIGILON 13x24 COPY",56
1270,**INACTIVE**RPP 21-6034  6.0 MIL FORMING WEB  8.9,56
1271,MUELLER ADH KNIT SHEET 6X10 FLESH,14
1272,"**INACTIVE**RPP 26-1114 FOIL 46"" MASTER ROLL",56
1273,"**INACTIVE**RPP 21-6034  45.25"" 6.0 MIL FORMING MASTER ROLL",56
1274,AVERY MED 5322 P FLESHTONE 5.875 IN,56
1275,"""PURGE"" SBS BOX FOR DERMA/MCKESSON 2X2 HYGEL",21
1276,"""PURGE"" SBS BOX FOR DERMA/MCKESSON 2X3 HYGEL",21
1277,SBS BOX DERMA/MCKESSON 4X4 HYGEL,21
1278,SBS BOX FOR DERMA/MCKESSON 6X8 HYGEL,35
1279,"""PURGE"" DERMA/MCKESSON 2X2 HYGEL PCH LABEL",14
1280,"""PURGE"" DERMA/MCKESSON 2X3 HYGEL PCH LABEL",21
1281,DERMA/MCKESSON 4X4 HYGEL PCH LABEL,14
1282,DERMA/MCKESSON 6X8 HYGEL PCH LABEL,14
1283,BOX 7X5X5 #S-4344,3
1284,BOX 7X7X7 #S-4315,5
1285,BOX 12X8X8/MCK 6X8 HYGEL,3
1286,**INACTIVE**PRTD POUCH TYVEK 3.62 IN MPM 2X2 STERILE WNDGRD,7
1287,CS MPM COOL MGC 8X12 POUCH/BOX LABEL (4.56 X 6.3125 RCR),21
1288,**INACTIVE**1800 NPRT NICODERM PLAC 21 MG,0
1289,**INACTIVE**1800 NPRT NICODERM PLAC 14 MG,0
1290,**INACTIVE**1800 NPRT NICODERM PLAC 7 MG,0
1291,**INACTIVE**XODUS ANTI-FOG KIT W/PAD STERILE,14
1292,**INACTIVE**MPM BORDRD FOAM DRSG 4X4,14
1293,"**INACTIVE**MPM BORDRD FM TBE SITE DRSG 4""",14
1294,**INACTIVE**MPM BORDRD FOAM DRSG 6X6,14
1295,**INACTIVE**MPM BORDRD FOAM DRSG 2X2,14
1296,**INACTIVE**ARGENTUM 4 X 6 ISLAND DRSG,14
1297,**INACTIVE**ARGENTUM 4 X 10 ISLAND DRSG BULK,14
1298,**INACTIVE**ARGENTUM 4 X 12 ISLAND DRSG,14
1299,**INACTIVE**ARGENTUM 4 X 14 ISLAND DRSG,14
1300,**INACTIVE**ARGENTUM 4 X 6 BALLINGEN ISLAND DRSG,14
1301,DERMA/MCKESSON 2.375 X 2.75 THIN FILM DRSG STERILE MCK6183023,14
1302,DERMA/MCKESSON 4 X  4.75 THIN FILM DRSG STERILE MCK6183045,14
1303,DERMA/MCKESSON 6 X 8 THIN FILM DRSG STERILE 61-83068,14
1304,DERMA/MCKESSON 2.375  X  2.75 TAB DEL DRSG STERILE MCK6183123,14
1305,"""PURGE"" TECHNIPAQ 8 X 10.5 WHITE FOIL/FOIL POUCH",35
1306,"ALPHAPROTECH 3M 9877 2 SIDE TAPE .5""  W/ .125"" EXT",35
1307,**INACTIVE**ANTI-FOG SOLUTION,35
1308,**INACTIVE**ADVANCE MAT. 1 1/2 X 1 3/4  GREEN,90
1309,"**INACTIVE**TECHNIPAQ 7.5""x8"" TYVEK  PRTD POUCH",42
1310,"**INACTIVE**CS ARGENTUM 42098  1.79""",0
1311,"CS ARGENTUM DELSTAR SILVER PAD 2"" 562704",35
1312,"**INACTIVE**CS ARGENTUM BALANGER  2.0""",21
1313,"**INACTIVE**CS SILVERLON PRNTD 76-2002  4.5""",21
1314,"""PURGE"" 3M 9832 2.75 FILM X 3.75 CARRIER 1/2EL EACH SIDE",35
1315,"""PURGE"" 3M 9832 4.75 FILM X 5.75 CARRIER 1/2EL EACH SIDE",35
1316,**INACTIVE*3M 9832  8.125 FILM X 8.50 CARRIER W/ .375EL ONE SIDE,35
1317,**INACS&N EU31 HSL EL 2.75 FILM X 3.19 CARRIER W/ .44EL ONE SIDE,84
1318,**PURGE**THIN FILM 2.375x2.75 WINDOW OUT (SUB),7
1319,EASY REL 78# MCKESSON PRTD LNR 4.625 IN,21
1320,AMCOR/TECHPAQ PPG-30 PRT 2.375X2.75 MCKESS 14.125 IN,42
1321,POUCHING PET 14.125 IN,35
1322,SBS BOX MCKESSON 2.375x2.75 THIN FILM,21
1323,BOX 9X6X6 #S-4362,3
1324,"**INACTIVE**MEDI-DYNE P/L PREM CARE HGEL 3"" IN JARS",14
1325,"**INACTIVE**MEDI-DYNE P/L PREM CARE HGEL 1"" SQ IN JARS",14
1326,**INACTIVE**NUPAK MED PP-0101-00 REV 3 DRSG,14
1327,**INACTIVE**NUPAK MED PP-0101-00 REV 4 DRSG,14
1328,AMCOR/TECHPAQ PPG-30 PRT 4.0X4.75 MCKESS 16.625 IN,48
1330,AMCOR/TECHPAQ PPG-30 PRT 6X8 MCKESS 15.125 IN,42
1331,POUCHING PET 15.125 IN,35
1332,AMCOR/TECHPAQ PPG-30 PRT MCKESS TAB DEL  DRSG 14.125 IN,42
1333,12 OZ JARS 89MM SWPP WHITE UNPRINTED,48
1334,**INACTIVE**OLCOTT PLASTICS 12 OZ LIDS,0
1335,CS LABEL MEDI-DYNE PREM CARE 3 IN CIRCLE HYGEL,28
1336,**INACTIVE**CS LABEL MEDI-DYNE PREM CARE 1 IN SQ. HYGEL,0
1337,**INACTIVE**ADROIT 1.5 DIA LTS ADH DISK,14
1338,**INACTIVE**LTS 3889 3.43 IN,42
1339,**INACTIVE**INSUL-FAB/SPECTAPE CC 590A 1.125 IN,35
1340,**INACTIVE**TECHNIPAQ PPR/FOIL 1-800 PRTD 13.875 IN,42
1341,**INACTIVE**BIO MED SCI SCAR STRIP PCKG,14
1342,**INACTIVE**PENMAR 24# WHITE BDGE WRAP PLAIN 13.875 IN,35
1343,**INACTIVE**PENMAR 24# WHITE BDGE WRAP PRTD 13.875 IN,35
1344,SBS BOX MCKESSON 4x4.75 THIN FILM,35
1345,SBS BOX MCKESSON 6x8 THIN FILM,35
1346,SBS BOX MCKESSON THIN FILM TAB DEL,35
1347,**INACTIVE**TECHNIPAQ PPR/FOIL UNPRTD 13.875 IN,42
1348,**INACTIVE**VIGILON 4  X 4 HYGL SHT,42
1349,**INACTIVE**PRTD INSERT FOR VIGILON HYGEL,7
1350,**INACTIVE**SBS BOX FOR VIGILON 4x4 HYGEL,21
1351,**INACTIVE**BOX 12X5-5/8X7-1/4,14
1352,**INACTIVE**DERMA/MCKESS THIN FILM 4x4.75 WINDOW IN (SUB),7
1353,**INACTIVE**THIN FILM 6x8  WINDOW IN (SUB),7
1354,THIN FILM 2.375x2.75  TAB DEL (SUB),7
1355,**INACTIVE**BOX 12X9X3,14
1356,BOX 16X12X4  #S-4363,1
1357,BOX 20X6X6 #S-4639,3
1358,**INACTIVE**SBS BOX FOR VIGILON 3x8 HYGEL,21
1359,**INACTIVE**BOX 12X6-7/8X7-1/4,14
1360,**INACTIVE**SBS BOX FOR VIGILON 6x8 HYGEL,21
1361,**INACTIVE**BOX 13-1/2X6-7/8X9-3/4,14
1362,**INACTIVE**SBS BOX FOR VIGILON 13x24 HYGEL,21
1363,BOX 9-1/2X4-3/4X16-1/4,14
1364,EASY REL 78# MCKESSON PRTD LNR 6.625 IN,28
1365,EASY REL 78# MCKESSON PRTD LNR 9.25 IN,21
1366,S&N EU 27 MSL FLEXI FILM 3.228 IN,84
1367,"MED REL 78# LNR ""1"" PRT 3.25 IN",21
1368,"MED REL 78# LNR ""2"" PRT 2 IN",21
1369,**INACTIVE**ID LABEL FOR THIN FILM (SUB),7
1370,PRTD INSERT MCKESS FRAME DEL THIN FILM DRSG,21
1371,PRTD INSERT MCKESS TAB DEL THIN FILM DRSG,21
1372,MEDLINE CVS 2.375 X 2.75 IN THIN FILM DRSG CVS310408,14
1373,**INACTIVE**CS BIO MED SCI SCAR STRIP,0
1374,AMCOR/TECHNIPAQ  PPG-30  5.625 IN,42
1375,**INACTIVE**MEDLINE THIN FILM 2.375x2.75 WNDW OUT (SUB),7
1376,PRTD INSERT MEDLINE FRAME DEL THIN FILM DRSG,23
1377,SBS BOX CVS SURESITE 2X3 THIN FILM,21
1378,"""PURGE"" EASY REL 78# MEDLINE PRTD LNR 4.625 IN",28
1379,**INACTIVE**MTI SLIT TAPE SUB CC590,7
1380,**INACTIVE**EVANS MED THIN FILM 2.375x2.75 WNDW OUT,14
1381,**INACTIVE**GENERIC THIN FILM 2.375X2.75 WNDW OUT (SUB),7
1382,**INACTIVE**LABEL FOR MPM TBE SITE BOX,0
1383,**INACTIVE**3M 1776 SONTARA,35
1384,"DELSTAR 7.9 LYOCEL  1.0""",7
1385,**INACTIVE**COLOPLAST 2.375 X 2.75 THIN FILM DRSG,0
1386,**INACTIVE**COLOPLAST 4 X 4.75 THIN FILM DRSG,0
1387,**INACTIVE**COLOPLAST 9 X 5.5 THIN FILM DRSG,0
1388,**INACTIVE**COLOPLAST 8 X 11.5 THIN FILM DRSG,0
1389,**INACTIVE**COLOPLAST 15.75 X 11.5 THIN FILM DRSG,0
1390,**INACTIVE**DM 8100 4.25 IN,35
1391,**INACTIVE**DM 8100 5.25 IN,35
1392,**INACTIVE**DM 8100 6.375 IN,35
1393,**INACTIVE**DM 8100 3 IN,35
1394,"**INACTIVE**ENCORE VINYL TAPE STRIP 3/8""x6"" (4/SHEET)",14
1395,**INACTIVE**TYCO 1103B FLESH PVC 3 IN,56
1396,**INACTIVE**THIN FILM  4X4.75 WINDOW IN (SUB),7
1397,**INACTIVE**COLOPLAST THIN FILM  9X5.5 IN (SUB),0
1398,**INACTIVE**COLOPLAST THIN FILM  8X11.5 IN (SUB),0
1399,**INACTIVE**COLOPLAST THIN FILM  15.75X11.5 IN (SUB),0
1400,**INACTIVE**MED REL 78# LNR 6.625 IN,21
1401,**INACTIVE*3M 9832 8.825 FILM X 9.20 CARRIER W/ .375 EL ONE SIDE,35
1402,**INACTIVE**DERMARITE EASY REL 78# LNR 9.875 IN,21
1403,**INACTIV3M 9842EL 11.75 FILM X 12.17 CARRIER W/ .42 EL ONE SIDE,35
1404,**INACTIVE**MED REL 78# LNR 12.75 IN,21
1405,**INACTIVE**AMCOR/TECH PPG-30 PRT COLOPLAST 14.125 IN,0
1406,**INACTIVE**AMCOR/TECH PPG-30 PRT COLOPLAST 16.625 IN,96
1407,**INACTIVE**AMCOR/TECH PPG-30  PRT 9X5.5 COLOPLAST 15.125 IN,96
1408,**INACTIVE**AMCOR/TECH PPG-30  PRT 8X11.5 COLOPLAST 10 IN,96
1409,**INACTIVE**AMCOR/TECH PPG-30  PRT COLOPLAST 8.625 IN,96
1410,**INACTIVE**POUCHING PET 8.625 IN,42
1411,PHARMCHEM 2.375 X 2.75 PHARMCHEK DRSG STERILE,14
1412,EASY REL 78# PHARMCHEM PRTD LNR 4.625 IN,7
1413,**INACTIVE**2 PLY WHITE TISSUE PAPER 1.67 IN,35
1414,**INACTIVE**AHLSTROM GRADE 939  1.90 IN,21
1415,**INACTIVE**SBS BOX COLOPLAST 2.375x2.75 THIN FILM,21
1416,**INACTIVE**SBS BOX COLOPLAST 4x4.75 THIN FILM,21
1417,**INACTIVE**SBS BOX COLOPLAST 8 & 9 THIN FILM,21
1418,**INACTIVE**SBS BOX COLOPLAST 8 & 9 THIN FILM,21
1419,**INACTIVE**PRTD INSERT COLOPLAST THIN FILM DRSG,0
1420,**INACTIVE**PHARMCHEM 2.375 X 2.75 DRSG (SUB),7
1421,**INACTIVE**PHARMCHEM SERIAL NUMBER LABEL,0
1422,**INACTIVE**CLOZEX RECT ABSORBANT 38.1MM X 50.8MM COVR DEV DRSG,0
1423,**INACTIVE**CLOZEX SQ ABSORBANT 63.5MM X 63.5MM COVERING DEVICE,0
1424,**INACTIVE**CLOZEX RECT ABSORBAN 63.5MM X 88.9MM COVERING DEVICE,0
1425,"**INACTIVE**CLOZEX ""C"" DESIGN RECT ABS 63.5 MM X 98.3MM COV DEV",0
1426,**INACTIVE**ALLURATEC OVAL EYE PROTECTOR,14
1427,**INACTIVE**ALLURATEC HYGEL FACE MASK STERILE,0
1428,**INACTIVE**ALLURATEC HYGEL LRG EYE MASK STERILE,0
1429,**INACTIVE**ALLURATEC HYGEL SML EYE MASK STERILE,0
1430,"**INACTIVE**ALLURATEC HYGEL 3"" CIR (48/JR)",0
1431,3M 9851 7.5 IN,28
1432,**INACTIVE**DIE X-532 LRG LID STOCK,35
1433,**INACTIVE**DIE X-533 SML LID STOCK,35
1434,"""Purge"" 89MM WHITE SMOOTH DUAL LINED LID MORP 7161",48
1435,LSL WOUND CLOS. STRPS 3 STRP/CD 1/2 IN X 4 IN BULK - 055,14
1436,**INACTIVE**HDS 4.25X4.25 STERILE HYDROGEL,14
1437,**INACTIVE**CARR RADIADRES #101052 GEL SHEET 4 x 4,14
1438,**INACTIVE**CARR CARRADRES CLEAR #101053 GEL SHT 4 x 4,14
1439,**INACTIVE**RPP 26-1114 UNPRT FOIL 11.125,56
1440,PRTD INSERT RADIADRES,21
1441,SBS BOX RADIADRES 4x4 HYGEL,21
1442,**INACTIVE**LUDLOW EX10245/BLU LNR 90/10 HYGEL 13.25 IN,42
1443,"**INACTIVE**FOIL 12.625"" SLVR SL 4.25x4.25 COPY",42
1444,"**INACTIVE**RPP 26-1114 FOIL 6.375"" SLVR SL 4.25x4.25 COPY",56
1445,"**INACTIVE**RPP 21-6034  6.0 MIL FORMING WEB  12.625""",0
1446,"**INACTIVE**RPP 21-6034  6.0 MIL FORMING WEB  6.375""",0
1447,**INACTIVE**SBS BOX HDS SILVER SEAL,35
1448,**INACTIVE**CS HDS PEO HYDROGEL 910603-178,42
1449,**INACTIVE**PRTD INSERT FOR HDS SILVER SEAL,21
1451,SBS BOX CARRADRES 4X4 HYDGEL,21
1452,PRTD INSERT CARRADRES,14
1453,MEDLINE SURESITE 2.375 x 2.75 MSC2302,14
1454,MEDLINE SURESITE 4 X 4.75 MSC2304,14
1455,**INACTIVE**MEDLINE SURESITE 6 x 8 THIN FILM,14
1456,**INACTIVE**RPP 26-1114 FOIL  6.35 IN,56
1457,**INACTIVE**ADVANCE HOOK WHITE 1 x 2,14
1458,**INACTIVE**LSL THIN FILM 2.375 x 2.75 WNDW OUT - O41G,14
1459,**INACTIVE**LSL THIN FILM 4 x 5 WNDW OUT BULK - 042G,14
1461,**INACTIVE**MEDLINE THIN FILM 4X4.75 WNDW OUT (SUB),7
1462,**INACTIVE**GENERIC THIN FILM 4X4.75 WNDW OUT (SUB),7
1463,"""PURGE"" EASY REL 78# MEDLINE PRTD LNR 6.625 IN",28
1464,**INACTIVE**MED REL 78#  LNR 6.625 IN,21
1465,"""PURGE"" AMCOR PPG-30 PRT 4.0X4.75 SURESITE 16.625 IN",49
1466,**INACTIVE**AMCOR PPG-30 PRT 4.0X4.75 MEDLINE/CVS 16.625 IN,84
1467,"""PURGE"" AMCOR PPG-30 PRT 2.375X2.75 SURESITE 17.625 IN",49
1468,AMCOR PPG-30 CVS 2.375X2.75 PRT 17.625 IN,105
1469,POUCHING PET 17.625 IN,67
1470,"""PURGE"" SBS BOX MEDLINE SURESITE 2X3",60
1471,"""PURGE"" SBS BOX MEDLINE SURESITE 4X5",60
1472,**INACTIVE**BOX SHIPPER FOR MEDLINE SURESITE 2X3 THIN FILM,14
1473,**INACTIVE**BOX SHIPPER FOR MEDLINE SURESITE 4X5 THIN FILM,14
1474,BOX 12 X 12 X 7 #S-4613,1
1475,**INACTIVE**AMCOR PPG-30 PRT 6X8 SURESITE 15.125 IN,96
1476,**INACTIVE**SBS BOX MEDLINE SURESITE 6X8 THIN FILM,35
1477,**INACTIVE**BOX SHIPPER FOR MEDLINE SURESITE THIN FILM,14
1478,**INACTIVE**MEDLINE THIN FILM 6X8 WNDW IN (SUB),7
1479,**INACTIVE**EASY REL 78# C1S-0 MEDL SURESITE PRTD LNR 9.25 IN,21
1480,PRTD INSERT CVS THIN FILM DRSG,21
1481,"MEDI-DYNE BRAND HGEL 1"" SQ IN JARS",14
1482,**INACTIVE**CS LABEL MEDI-DYNE BRAND 1 IN SQ. HYGEL,0
1483,**INACTIVE**CS LABEL MEDI-DYNE BRAND 3 IN CIRCLE HYGEL,0
1484,"MEDI-DYNE BRAND HGEL 3"" IN JARS",14
1485,**INACTIVE**POUCHING PET 17.625 IN BLUE TINT,42
1486,**INACTIVE**POUCHING PET 17.625 IN WHITE,42
1487,**INACTIVE**CARRADRES POUCH LABEL,21
1488,**INACTIVE**RADIADRES POUCH LABEL,21
1489,"MUELLER 6"" x 10yd ABS ROLL",14
1490,"""PURGE"" PHARMCHEM PRINTED PPG-30 PPR 14.125 IN",42
1491,**INACTIVE**2 PLY WHITE TISSUE PAPER 18 IN MASTER,35
1492,BOX 8 X 7-1/4 X 6-1/2,7
1493,3M 9851 1.5 IN,35
1494,MEDLINE CURAD MEDI STRIP 1 X 5 NON250501,14
1495,"**INACTIVE**CAPITAL 3M 9916 46""",35
1496,ANTI FOG SPONGE GREEN 2 x 2  70079641,77
1497,3M 1577EL 2.25 IN / 1.5 IN TAPE W/.375 LINER ON BOTH SIDES *Note,35
1498,"""PURGE"" EASY RELEASE 78#C1S-0 LNR 4.625",28
1499,**INACTIVE**MEDI-TECH FULL HYDROGEL FACE MASK,0
1500,**INACTIVE**MEDI-TECH BREAST HYDROGEL WRAP,0
1501,**INACTIVE**MEDI-TECH NECK HYDROGEL WRAP,21
1502,MPM Foam Dressing Non-Bordered 4x4 Pad MP00511,14
1503,MPM NON BORDERED FOAM DRESSING 6X6 MP00512,14
1504,**INACTIVE**TRI SILVERSITE 4MM SILVER ALGINATE DISK,14
1505,**INACTIVE**TRI SILVERSITE 4MM  SILVER ALGINATE DISK BULK,14
1506,"**INACTIVE**3M 4935 PET LNR, 5 IN",28
1507,"**INACTIVE**3M 9832EL 2.75 FILM X 3.25 CARRIER .25"" EL EACH SIDE",35
1508,**INACTIVE**EASY REL 78#C1S-0 CLZX PRTD LNR 4.125,21
1509,**INACTIVE**CLOZEX  38.1MM X 50.8MM PAD DRSG (SUB),0
1510,**INACTIVE**CLOZEX  63.5MM X 63.5MM PAD DRSG (SUB),0
1511,"3M 9832EL 3.75 FILM X 4.125 CARRIER .1875"" EL EACH SIDE",90
1512,**INACTIVE**EASY REL 78#C1S-0 CLZX PRTD LNR 5.125,21
1513,**INACTIVE**CLOZEX  63.5MM X 88.9MM PAD DRSG (SUB),0
1514,"**INACTIVE**9832EL 4.75 FILM X 5.125 CARRIE1875"" EL EACH SIDE",35
1515,**INACTIVE**EASY REL 78#C1S-0 CLZX PRTD LNR 6 IN,21
1516,**INACTIVE**S&N 1432 PADSTOCK 3.5 IN,84
1517,**INACTIVE**CLOZEX  63.5MM X 98.3MM PAD DRSG (SUB),0
1518,**INACTIVE**S&N 1432 PADSTOCK 2.5 IN,84
1519,**INACTIVE**TECHNIPAQ TYVEK  PRT 63.5MM X 63.5MM CLZX 16.625 IN,42
1520,**INACTIVE**TECHNIPAQ TYVEK  PRT 38.1MM X 50.8MM CLZX 16.625 IN,42
1521,**INACTIVE**TECHNIPAQ TYVEK  PRT 63.5MM X 88.9MM CLZX 16.625 IN,42
1522,"**INACTIVETECHNIPAQ TYVEK PRT ""C"" 63.5MM X 98.3MM CLZX 16.625 IN",42
1523,**INACTIVE**DEROYAL SLVR ALG 20X46X0.188 IN FOAM SHEETS,35
1524,**INACTIVE**CS BOX TRI-STATE SLVR ALG,0
1525,**INACTIVE**TRI-STATE SLVR ALG 4MM PRTD MET/PET 14.125 IN,42
1526,**INACTIVE**POUCHING MET/PET 14.125 IN,42
1527,**INACTIVE**BOX SHIPPER TRISTATE SILVERSITE XXxXXxXX,14
1528,"""PURGE"" SBS BOX PHARMCHEM 2X3",60
1529,**INACTIVE**RYNELL HYDROPHILIC FOAM 6.5 IN,56
1530,RADIADRES PRINTED FOIL 11.125,42
1531,CARRADRES PRINTED FOIL 11.125,42
1532,**INACTIVE**MEDLINE MEDISTRIP 1X5 (SUB),7
1533,POUCHING MYLAR/POLYESTER 3.625 IN.,42
1534,MEDISTRIP 1X5 PRTD TYVEK 3.62 IN.,42
1535,**INACTIVE**MEDISTRIP 1X5 SBS BOX,21
1536,MEDISTRIP 1X5 SBS TRAY,21
1537,BOX 8 X 8 X 10 #S-4516,1
1538,LABEL MEDISTRIP 1X5 CASE,56
1539,**INACTIVE**MEDLINE ELASTIC STRIP 1/2 x 4 STERILE,14
1540,**INACTIVE**MEDLINE ELASTIC STRIP 1/4 x 3 STERILE,14
1541,**INACTIVE**PGI MEDISTRIP NW 5.75 IN,35
1542,BOX 8 X 7 X 7  #S-4588,1
1543,BOX 11-3/4 X 8-3/4 X 4-3/4 #S-4111,1
1544,**INACTIVE**AFA PRINTED FOIL 10.25,42
1545,**INACTIVE**RPP 21-6034  6.0 MIL FORMING WEB 10.25,56
1546,PGI MEDISTRIP NW 3.75 IN,35
1547,**INACTIVE**PGI MEDISTRIP NW 4.75 IN,35
1548,"""PURGE"" PSS 2X3 BULK CASE LABEL #4785",21
1549,**INACTIVE**DWF PRINTED SUB,7
1550,POUCH CHEVRON 8 X 10,42
1551,POUCH CHEVRON 6 X 10,14
1552,**INACTIVE**S. EAGLE NASAL STRIP - SM/MED TAN (SUB),7
1553,**INACTIVS.  EAGLE/HORCASITAS SM/MED TAN 12 CT SUB WRAPPED (SUB),7
1554,**INACTIVE**S. EAGLE/ HORCASITAS SM/MED TAN 12 CT,14
1555,**INACTIVE**CS S. EAGLE/HORCASITAS NASAL DILATOR INSERT,0
1556,**INACTIVE**CS SMALL/MED NASAL DILATOR 12 CT CARTON,0
1557,**INACTIVE**CS INNER PACK FOR 6-12 NASAL STRIPS,0
1558,**INACTIVE**S.EAGLE/HORCASITAS MED/LRG NASAL DILATORS,14
1559,**IS. EAGLE/HORCASITAS NAS STRIP-MED/LG TAN 12 CT SUB WRPD (SUB),7
1560,**INACTICS S. EAGLE/HORCASITAS MED/LG NASAL DILATOR 12 CT CARTON,0
1561,**INACTIVE**3M 9904T 3.75 IN,35
1562,**INACTIVE**3M 9904T 4.75 IN,35
1563,**INACTIVE**POUCHING PET 10.98 IN WHITE,42
1564,**INACTIVE**CS TARGET S/M 32 CT CARTON,0
1565,**INACTIVE**TRI SILVERSITE 7MM SILVER ALGINATE BULK,14
1566,**INACTIVE**TRI SILVERSITE 7MM SILVER ALGINATE DISK,14
1567,"""PURGE"" EASY RELEASE 78#C1S-0 LNR 6.625 IN",28
1568,**INACTIVE**POUCH LABEL 4X4 NONBORDERED FOAM DRESSING,7
1569,BOX 10 X 6 X 3   S-4600,1
1570,**INACTIVE**TRI-STATE SLVR ALG 7MM PRTD MET/PET,42
1571,**INACTIVE**POUCH LABEL MPM 6X6 NONBORDERED FOAM DRESSING,7
1572,BOX 10 X 8 X 3   S-4851,1
1573,BOX 16 X 11 X 9 #S-4721,1
1574,**PURGE**CVS THIN FILM 2.375X2.75 WNDW OUT (SUB),7
1575,1800 CLEAR NICODERM 21MG PLACEBO PATCH,0
1576,NICODERM 14MG PLACEBO PATCH,0
1577,**INACTIVE**1800 CLEAR NICODERM 7 MG PLACEBO,0
1578,**INACTIVE**1-800 NICODERM ACTIVE PATCH 21MG,0
1579,BOX 10 X 8 X 7 #S-4518,1
1580,**INACTIVE**EASY RELEASE 78#C1S-0 LNR 6.625 IN.,21
1581,3M 1530 .625 IN,30
1582,**INACTIVE**1-800 NICODERM ACTIVE PATCH 14MG,0
1583,**INACTIVE**1-800 NICODERM ACTIVE PATCH 7MG,0
1584,**INACTIVE**CS 1-800 NICODERM ACTIVE PATCH 21MG,0
1585,**INACTIVE**CS 1-800 NICODERM ACTIVE PATCH 14MG,0
1586,**INACTIVE**CS 1-800 NICODERM ACTIVE PATCH 7MG,0
1587,**INACTIVE**MEDLINE 3 X 3 BORDERLESS COMP DRSG,0
1588,**INACTIVE**MEDLINE 3 X 3 BORDERLESS COMP DRSG W/ FENESTRATION,0
1589,**INACTIVE**MEDLINE 5 X 5 BORDERLESS COMPOSITE DRSG,0
1590,BOX 12 X 10 X 6 S-4130,3
1591,**INACTIVE**MEDLINE ELASTIC MEDISTRIP 1/2 IN X 4 IN (SUB),7
1592,**INACTIVE**MEDLINE ELASTIC MEDISTRIP 1/4 IN X 3 IN (SUB),7
1593,**INACTIVE**ELASTIC MEDISTRIP 1/2 X 4  PRTD TYVEK 8.75 WEB,42
1594,**INACTIVE**ELASTIC MEDISTRIP 1/4 X 3 PRTD TYVEK 7.25 WEB,42
1595,**INACTIVE**ELASTIC MEDISTRIP 1/2 X 4 SBS BOX,35
1596,**INACTIVE**ELASTIC MEDISTRIP 1/4 X 3 SBS BOX,21
1597,**INACTIVE**ELASTIC MEDISTRIP 1/2 X 4 SBS TRAY,21
1598,**INACTIVE**ELASTIC MEDISTRIP 1/4 X 3 SBS TRAY,21
1599,**INACTIVE**LABEL ELASTIC MEDISTRIP 1/2 X 4 CASE,0
1600,**INACTIVE**LABEL ELASTIC MEDISTRIP 1/4 X 3 CASE,0
1601,**INACTIVE**CS CLOZEX BOX TRAY,0
1602,**INACTIVE**CS CLOZEX SBS BOX,0
1603,1056D TYVEK 4IN,42
1604,BOX 12 X12 X 16,1
1605,**INACTIVE**MEDLINE 3X3 BORDERLESS COMP DRS,7
1606,**INACTIVE**MEDLINE 3X3 FEN. BORDERLESS COMP DRS,7
1607,**INACTIVE**CS INSERT TRI SILVERSITE,0
1608,**INACTIVE**CS SBS BOX TRI SILVERSITE 4MM,0
1609,**INACTIVE**CS SBS BOX TRI SILVERSITE 7MM,0
1610,**INACTIVE**CS LABEL TRI SILVERSITE 4MM,0
1611,**INACTIVE**CS LABEL TRI SILVERSITE 7MM,0
1612,BOX 16 X 10 X 6 #S-4157,1
1613,"""PURGE"" PRTD TYVEK 12.625 IN MPM TB SITE FM DRSG",42
1614,POUCHING PET 12.625,35
1615,**INACTIVE**MPM 1 3/4 COOL MAGIC FEN. GEL PAD30/BAG 4bag/CS,14
1616,**Purge**8 OZ MUELLER JARS 1 X 1 SQUARES,42
1617,8 OZ MUELLER JARS 3 IN CIRCLES,42
1618,150 X 38 CLEAR HEAT SHRINKABLE PVC BANDS W/PERF,35
1619,3M 9956 4.5 IN,35
1620,3M CoTran 9706 4.625 IN,56
1621,3M 9877 4.5 IN,35
1622,3M 9483 4.5 IN,28
1623,**INACTIVE**POUCHING PET (#65.1) 10.98 IN,42
1624,**INACTIVE**WICKET BAG 1.5 MIL 9 X 13 X 1.5 VENTED,35
1625,.002 POLYFLEX 0530 CLR 14 IN,35
1626,"""PURGE"" UNPRTD FOIL 11.125 IN PRODUCT#202.1",42
1627,**INACTIVE**MUELLER 2/UP FULL FACE NO GLARE STRIPS,14
1628,**INACTIVE**LONG LIFE HOODIA PATCH,14
1629,**INACTIVE**4 MIL ADH W/SFP HOODIA 4.375 IN,35
1630,**INACTIVE**4 MIL ADH W/SFP HOODIA 2.625 IN,35
1631,**INACTIVE**MATTE 4 MIL PE FILM 5.5 IN DM8003,35
1632,**INACTIVE**3M 1513 4.25 IN,35
1633,EASY REL 3 MIL PET LNR 6.5 IN,42
1634,**INACTIVE**3M 1538 4.5 IN,35
1635,**INACTIVE**3M 1524 2.75 IN,35
1636,**INACTIVE**3M R3800 LOW TACK ADH 2.5 IN,28
1637,**INACTIVE**TIGHT RELEASE 53# LINER PRTD PEEL  2.5 IN,21
1638,**INACTIVE**3M 1533L 6.75 IN TAN MICROPORUS,35
1639,**INACTIVE**3M 1533L 4.25 IN TAN MICROPORUS,35
1640,MEDRAD HANDI STRIP AND DISPOSABLE COMBO Rev. G,14
1641,**INACTIVE**AMG CATHETER STRAP,14
1643,CS MEDRAD HANDI STRIP (SUB),14
1644,MEDRAD DISPOSABLE (SUB),14
1645,**INACTIVE**3M 1538L 4.5 IN,35
1646,**INACTIVE**MPM 5 X 5 BORDERED FOAM DRESSING,14
1647,MPM Foam Dressing Bordered 6 x 6 Pad MP00506,14
1648,**INACTIVE**MEDRAD SENSER INTERFACE DISP SET,0
1649,**INACTIVE**COOL MAGIC 1-3/4  DIA POUCH LABEL,21
1650,**INACTIVE**MPM 5 X 5 BRD FOAM POUCH LABEL,21
1651,*INACTIVE*MPM 9 X 9 BRD FOAM POUCH LABEL,21
1652,3M 9889 5 IN,35
1653,DLS PLAS 3 MIL CLEAR PE 5 IN,42
1654,GENESIS PRNT MED REL 78# LNR 5 IN,21
1655,POUCH CHEVRON 12 X 13,42
1656,**INACTIVE**BLUE PAPER .625 IN,0
1657,**INACTIVE**TRI STATE SILVERSITE 4MM SUB,7
1658,**INACTIVE**TRI STATE SILVERSITE 7MM SUB,7
1659,**INACTIVE**FOAM 2.5 IN LMI MEDISPONGE-50P 0.22T,35
1660,**INACTIVE**FOAM 3.5 IN LMI MEDISPONGE-50P,35
1661,"FOAM 6.5 IN MEDISPONGE-50PW .22"" THK",49
1662,**INACTIVE**ADELPHIA MEDICAL BORDERED GAUZE DRESSING 4  X 4,14
1663,**INACTIVE*CLOZEX 60MM X70MM W/ 8OZ PADDED COVEREX,0
1664,**INACTIVE*CLOZEX 95MM X 95MM  8 OZPADDED COVEREX,0
1665,**INACTIVE**CLOZEX 95MM X 120MM 8 OZ PADDED COVEREX,0
1666,DERMD SONTARA PU 1 PSA 9.5 IN,35
1667,DERMD SONTARA PU 1 PSA 5.5 IN,35
1668,**INACTIVE**3M 1525L 6.75 IN,35
1669,**INACTIVE**3M 1525L 4.25 IN,35
1670,CAT-TTS-1 USA (ARTWORK# 10003925/02),14
1671,CAT-TTS-2 - USA (ARTWORK# 122020),14
1672,CAT-TTS-3 -USA (10003923/02),14
1673,BI OVERLAY #1 - ITALY,14
1674,BI OVERLAY #2 - ITALY,14
1675,**PURGE**BI OVERLAY #1 (SUB),7
1676,**INACTIVE**BI OVERLAY #2 (SUB),7
1677,**INACTIVE**BI OVERLAY #3 (SUB),14
1678,**INACTIVE**3M 9772L 6 IN FOAM,35
1679,3M 9777L 6 IN FOAM,30
1680,**INACTIVE**3M 9772L 7.0 IN FOAM,35
1681,"""PURGE"" 3M 9777L 6.850 IN FOAM",35
1682,TRAY 11-7/8 X 2-5/8 X 2-7/8,21
1683,*PURGE*PCH STK CAT OVERLAY 1&2 ITALY 22 IN,84
1684,BOX 12 X 12 X 15 WHITE,7
1685,PAD 12 X 12 WHITE,7
1686,BOX 24 X 17 X 15 WHITE,7
1687,"""PURGE"" SHRINK FILM 18 IN PRE PERF 50 GA",35
1688,**INACTIVE**INTL MEDSURG 1525L 22CM / 8.666 IN,35
1689,**INACTIVE**INTL MEDSURG 1525L 17.5CM / 6.857 IN,35
1690,**INACTIVE**INTL MEDSURG 1525L 20CM / 7.874 IN,35
1691,**INACTIVE**3M 9904T 3.75 IN LAMINATION,7
1692,"**INACTIVE**CLOZEX 95MM x 120MM W/NEW 8 OZ PAD ""C"" DRESSING",14
1693,**INACTIVE**MEDI-DYNE VALUE PACK PREM CARE (FRENCH),14
1694,MEDI-DYNE BLISTER PACK,14
1695,**INACTIVE**CLOZEX  38.1MM X 50.8MM 8oz PAD DRSG (SUB),0
1696,**INACTIVE**CLOZEX  63.5MM X 63.5MM 8oz PAD DRSG (SUB),0
1697,**INACTIVE**CLOZEX  63.5MM X 88.9MM 8oz PAD DRSG (SUB),0
1698,**INACTIVE**CLOZEX  63.5MM X 98.3MM 8oz PAD DRSG (SUB),0
1699,**INACTIVE**1800 CLEAR LAM 4.5 IN,0
1700,**INACTIVE**FASHION WM BRA PACKAGED A NUDE,14
1701,**INACTIVE**FASHION WM BRA PACKAGED - B NUDE,14
1702,**INACTIVE**FASHION WM BRA PACKAGED C-NUDE,14
1703,**INACTIVE**FASHION WM BRA PACKAGED D-NUDE,14
1704,"**INACTIVE**NORAM SUPPLY 3M 1773 4.5"" X 350LF",35
1705,"**INACTIVE**NORAM SUPPLY 3M 1776 4.5"" X 350LF",35
1706,IMPAK 3.5 X 6.5 WHITE  ZIP FOIL POUCH,35
1707,"""PURGE"" HDS 90/10 55 MIL PEO ZONE COATED HYDROGEL",42
1708,AVERY MED 5635 3 IN,56
1709,**INACTIVE**CS VINYL POUCH MEDIDYNE,0
1710,CS INSERT FOR MEDI-DYNE BLISTER KIT,28
1711,IMPAK 5.375 X 7.25 ZIP FOIL POUCH SILVER,35
1712,CS INSERT FOR MEDI-DYNE VALUE PACK,28
1713,CS BOX SBS FOR MEDI-DYNE VALUE PACK FRENCH,28
1714,**INACTIVE**PCH STK CAT OVERLAY 1&2 USA 22 IN,84
1715,**INACTIVE**PCH STK CAT OVERLAY 3 USA 24 IN,84
1716,TRAY 11-7/8 X 2-15/16 X 3-1/4,21
1717,**INACTIVE**MPM FEN.PRINTED FOIL 10.250,42
1718,**INACTIVE**PRTD TYVEK 7.625 MPM HYDROCOLOID 6 X 6.5,42
1719,**INACTIVE**PRTD TYVEK 3.625 MPM HYDROCOLOID 2 X 2,42
1720,**INACTIVE**NORAM CARBON FILM ROLL 4.7 x 5000LF,0
1721,**INACTIVE**SBS BOX F FORMS WM A NUDE,21
1722,**INACTIVE**SBS BOX F FORMS WM B NUDE,21
1723,**INACTIVE**SBS BOX F FORMS WM C NUDE,21
1724,**INACTIVE**SBS BOX F FORMS WM D NUDE,21
1725,**INACTIVE**INTEGRA LID STOCK 9 x 13,14
1726,**INACTIVE**INTEGRA LID STOCK 7 x 9,14
1727,**INACTIVE**ARGENTUM 2 x 2 SILVERLON DRESSING,14
1728,**INACTIVE**ARGENTUM 3 X 4  SILVERLON DRESSING,14
1729,**INACTIVE**ARGENTUM 6 X 6 SILVERLON DRESSING,14
1730,**INACTIVE**ARGENTUM 4 X 14 SILVERLON DRSG BULK,14
1731,**INACTIVE**S&N 1432 2.5 IN PAD CLOZEX,0
1732,**INACTIVE**BOX  23 X 17 X 12,2
1733,**INACTIVE**J HOOK 1 X 1-1/2,2
1734,**INACTIVE**CLEAR 2 X 2 CIRCLE RETRAMA,2
1735,MEDLINE FOAM PAD 4 x 5 MSC1145,14
1736,**INACTIVE**CARBFILM 2 MIL 9.4 IN X 5000 LF,35
1737,MEDLINE FOAM PAD 3 x 3 MSC1133,14
1738,MEDLINE FOAM PAD 3 x 3 FEN MSC1133F,14
1739,MEDLINE 4X5 FOAM (SUB),7
1740,MEDLINE 3X3 FOAM (SUB),7
1741,MEDLINE 3X3 FEN. FOAM (SUB),7
1742,**INACTIVE**S. EAGLE  CLEAR  SM/MED NASAL DIALATORS,14
1743,**INACTIVE**S.EAGLE CLEAR MED/LRG NASAL DIALTORS,14
1744,MPM COOL MAGIC 1 3/4 GEL PAD 510/CASE MP00219C,14
1745,GENESIS BLUE PRTD 5/8 IN LNR 53#,21
1746,**INACTIVE**S. EAGLE NASAL STRIP - SM/MED CLEAR (SUB),7
1747,**INACTIVE**S. EAGLE NASAL STRIP - MED/LG. CLEAR (SUB),7
1748,**INACTIVE**3M 9830 2.75 IN,35
1749,**INACTIVE**3M 1522 2.75 IN,35
1750,"**INACTIVE**.010 CLEAR POLYESTER 561 2.25""",35
1751,**INACTIVE**CS S. EAGLE/HORCASITAS M/L CLEAR CTN,21
1752,**INACTIVE**CS S. EAGLE/HORCASITIAS S/M CLEAR CTN,21
1753,"**INACTIVE**1.5"" X 250 LY DC / TAPE 1731 D",56
1754,POUCH UP CHEVRON 4 X 6,42
1755,*PURGE* LABEL MPM 4 X 4 HYDROCOLLOID MP00602,21
1756,POUCH UP CHEVRON 6 X 8,28
1757,"**INACTIVE**CARBFILM 2MIL  9.4"" X 5,000 LF",35
1758,BOX 9 X 7 X 4 #S-4594,1
1759,*PURGE*LABEL MPM 6 X 6.5 HYDROCOLLOID MP00608,21
1760,FOAM 4.5 IN LMI MEDISPONGE-50P 0.22T,35
1761,BOX 10 X 10 X 6 #S-4107,1
1762,"""PURGE""LABEL MPM 2 X 2 HYDROCOLLOID MP00600",21
1763,**INACTIVE**FOAM 10.5 IN LMI MEDISPONGE 30 .250T,35
1764,**INACTIVE**PCH STK CAT OVERLAY #1 ITALY 27.5 IN,84
1765,**INACTIVE**PCH STK CAT OVERLAY #2 ITALY 27.5 IN,84
1766,*PURGE*PCH STK CAT OVERLAY #1 USA 22 IN #10003925/01,84
1767,*PURGE*PCH STK CAT OVERLAY #2 USA 22 IN #10003924/02,84
1768,**INACTIVE**PCH STK CAT OVERLAY #3 USA 30.0 IN,84
1769,BOX 12 X 9 X 4,1
1770,LABEL MPM 2 X 2 WOUNDGARD MP00091,21
1771,LABEL MPM 6 X 6 BRD FOAM MP00502,21
1772,**INACTIVE**ARGENTUM 2x2 ISLAND DRSG (SUB),7
1773,**INACTIVE**ARGENTUM 3x4 ISLAND DRSG BULK,7
1774,**INACTIVE**ARGENTUM 6x6 ISLAND DRSG BULK,7
1775,**INACTIVE**ARGENTUM 6x6 POUCH LABEL,0
1776,CS BOX SBS FOR MEDI-DYNE VALUE PACK GERMAN,21
1777,**INACTIVE**CS CIRCLE 1.0 IN CLEAR,21
1778,S&N 1438 PADSTOCK 2 IN,70
1779,S&N 1438 PADSTOCK 4 IN,70
1780,**INACTIVE**MEDI-DYNE VALUE PACK PREM CARE (GERMAN),14
1781,**INACTIVE**MEDI-DYNE VALUE PACK PREM CARE (BLISTER),14
1782,"MEDLINE POUCH 7.5"" X 9.0"" FOAM DRSG 4 X 5",42
1783,"MEDLINE POUCH 6.25"" X 7.5"" FOAM DRSG 3 X 3",42
1784,"MEDLINE POUCH 6.25"" X 7.5"" FOAM DRSG 3 X 3 FEN",42
1785,"**INACTIVE**ARGENTUM POUCH 4"" X 5"" SILVERLON 2 X 2",35
1786,"CS ARGENTUM POUCH 5"" X 7"" SILVERLON 3 X 4",35
1787,"**INACTIVE**CS ARGENTUM POUCH 8"" X 10"" SILVERLON 6 X 6",28
1788,"""PURGE"" MEDLINE SBS BOX 4 X 5 FOAM PAD MSC1145",60
1789,"""PURGE"" MEDLINE SBS BOX 3 X 3 FOAM PAD MSC1133",60
1790,"""PURGE"" MEDLINE SBS BOX 3 X 3 FEN FOAM PAD MSC1133F",60
1791,PHARMCHEM 4 X 5 PATCH OVERLAY W/ HOLE,14
1792,"MEDI-DYNE BRAND HGEL 1.5""x2"" IN JARS",14
1793,"**INACTIVE**CS LABEL MEDI-DYNE BRAND 1.5""x2"" RECTANGLE HYGEL",0
1794,MEDLINE OPTIFOAM BASIC  INSERT,60
1795,**INACTIVE**CS COVEREX INSERT,21
1796,"""PURGE"" LABEL MPM 6 X 8 REPEL",21
1797,**INACTIVE**LABEL MPM 6 X 6 REPEL,21
1798,LABEL MPM 6 X 6 ML DRSG MP00074,21
1799,**INACTIVE**LABEL MPM 4 X 4 ML PAD,21
1800,AHLSTROM GRADE 939 2.5 IN PAD,56
1801,"""PURGE"" 2 PLY WHITE TISSUE PAPER 1.5 IN",35
1802,LABEL MPM 3.6 X 4 HYDROCOLLOID MP00606,21
1803,BOX 16 X 14 X 8  #S-4564,1
1804,BOX 16 X 16 X 10  #S-4164,3
1805,HDS 9.0 IN PEO 55 MIL 90/10 HYDROGEL RED LINER,42
1806,LINER 14.0 IN RED 2 MIL LDPE COF <.2 UNTREATED,56
1807,LINER 10.0 IN BLUE 3 MIL LDPE COF .2-.35 UNTREATED,42
1808,LABEL MPM 2 X 2 NB FOAM,21
1809,**INACTIVE**MPM 4 X 4.25 MULTI LAYER PAD (SUB),7
1810,**INACTIVE**CS MPM 4 X 4.25 ML PAD LABEL,21
1811,**INACTIVE**MPM 4 X 4.25 MULTI LAYER PAD,14
1812,"""PURGE"" PRTD TYVEK 12.626 IN MPM BRD FM DRSG 4X4",42
1813,**INACTIVE**WHITE TISSUE PAPER 1.5 IN,35
1814,"**INACTIVE**DLS PLAS SLIT 2.875 / 9.0""",21
1815,**INACTIVE**CLOZEX OPTIONAL TAPE STRIP (SUB),14
1816,"**INACTIVE**CS ARGENTUM 2.0"" DM PAD",35
1817,"**INACTIVE**CS ARGENTUM 2.5"" DM PAD",35
1818,CS ARGENTUM  DELSTAR 1.0 IN SILVER PAD  562704DG57,35
1819,CS ARGENTUM DELSTAR 4.0 IN SILVER PAD,35
1820,DERMA SCIENCE 4X4 BORDERED DRESSING BULK RM89044,14
1821,"**INACTIVE**CS ARGENTUM 1.5"" DM PAD",0
1822,1.5 IN WHITE 3610 KNIT LOOP,42
1823,**INACTIVE**CFI 3 X 1/2 LOOP W/ADHESIVE,14
1824,"""PURGE"" DM 8013 5.3 IN",35
1825,3M 1513 4.25 IN,35
1827,**INACTIVE**LABEL MPM 6 X 6 WOUNDGUARD MP00096,21
1828,**INACTIVE**LABEL MPM 6 X 6 ML PAD MP00075,21
1829,**INACTIVE**LABEL MPM 8 X 10 ML PAD,21
1830,"POUCH CHEVRON 10"" X 15"" TYVEK/PET",28
1831,**INACTIVE**LINER 14.0 IN CLEAR .002 LDPE FILM,42
1832,"**INACTIVE**LSL FLEXI-STRIP CLOS 1/4X3"" (SUB)",7
1833,**INACTIVE**LSL FLEXI-STRIP CLOS 1/4X4 (SUB),7
1834,"**INACTIVE**LSL FLEXI-STRIP CLOS 1/2X4"" (SUB)",7
1835,"**INACTIVE**LSL FLEXI-STRIP CLOS 1/4X3"" STERILE",14
1836,"**INACTIVE**LSL FLEXI-STRIP CLOS 1/4X4"" STERILE",14
1837,"**INACTIVE**LSL FLEXI-STRIP CLOS 1/2X4"" STERILE",14
1838,"**INACTIVE**LSL STERI-STRIPS CLOS 1/8 X 3"" (SUB)",7
1839,"**INACTIVE**LSL STERI-STRIPS CLOS .25 X 1.5"" (SUB)",7
1840,"**INACTIVE**LSL STERI-STRIPS CLOS 1/8 X 3"" STERILE",14
1841,"**INACTIVE**LSL STERI-STRIPS CLOS .25 X 1.5"" STERILE",14
1842,**INACTIVE**MEDLINE 4 IN ROUND FOAM ISLAND DRSG W/FEN (SUB),7
1843,**INACTIVE** MEDLINE 4 IN ROUND FOAM ISLAND DRSG W/FEN,14
1844,**INACTIVE**CLOZEX  38.1MM X 50.8MM DELNET PAD DRSG (SUB),0
1845,**INACTIVE**CLOZEX  63.5MM X 63.5MM DELNET PAD DRSG (SUB),0
1846,**INACTIVE**CLOZEX  63.5MM X 88.9MM DELNET PAD DRSG (SUB),0
1847,**INACTIVE**CLOZEX  63.5MM X 98.3MM DELNET PAD DRSG (SUB),0
1848,**INACTIVE**CLOZEX 60MM X70MM W/DELNET PADDED COVEREX,0
1849,**INACTIVE**CLOZEX 95MM X 95MM  W/DELNET PADDED COVEREX,0
1850,**INACTIVE**CLOZEX 95MM X 120MM W/DELNET PADDED COVEREX,0
1851,"**INACTIVE**CLOZEX 95MM x 120MM W/DELNET PAD ""C"" DRESSING",0
1852,**INACTIVE**DELSTAR RBO707-30P 2.0 IN,35
1853,**INACTIVE**DELSTAR RBO707-30P 2.5 IN,35
1854,**INACTIVE**DELSTAR RBO707-30P 3.5 IN,35
1855,**INACTIVE**MEDLINE POUCH 4 IN RD FOAM,28
1856,MEDLINE BAG LABEL 4 IN RD FOAM,21
1857,**INACTIVE**HYDROMED NON-WOVEN TAPE 4 IN X 1.75 IN,14
1858,**INACTIVE**GENTELL 6 X 6 FOAM DRSG (SUB),7
1859,**INACTIVE**GENTELL 6 X 6 FOAM DRSG,14
1860,FOAM 4.5 IN LMI MEDISPONGE 30 .250T,35
1861,FOAM 2.5 IN LMI MEDISPONGE 30 .250T,35
1862,DERMA SCIENCES 4X4 PU BG BULK - RM89144,14
1863,**INACTIVE**DERMARITE 4 X 4 COMP DRESS STERILE,14
1864,**INACTIVE**DERMARITE 4 X 4 COMP DRESS (SUB),7
1865,**INACTIVE**DERMARITE 6 X 6 COMP DRESS STERILE,14
1866,**INACTIVE**DERMARITE 6 X 6 COMP DRESS (SUB),7
1867,**INACTIVE**DERMARITE 4 X 4 BORDERED GAUZE BULK,14
1868,**INACTIVE**DERMARITE 6 X 6 BORDERED GAUZE BULK,14
1869,**INACTIVE**3M 1538L 3.25 IN,35
1870,SILVERSITE 4MM POUCH,42
1871,SILVERSITE 7MM POUCH,42
1872,**INACTIVE**DIE H-513 4MM SILVERSITE,42
1873,**INACTIVE**DIE H-514 7MM SILVERSITE,42
1874,"LABEL MPM ML DRSG 6.5"" X 7.0""",21
1875,"**INACTIVE**DERMD-FRUED TAN NW 1 PSA 4.5"" TAN",35
1876,"**INACTIVE**DERMD-FRUED TAN NW 1 PSA  0.5"" (SUB)",35
1877,**INACTIVE**1-800 CHEVRON POUCH,14
1878,3M 1774W FOAM 4.25IN,35
1879,BRAZA STRAPKEEPERS - MED - BEIGE,14
1880,**INACTIVE**3M 9967 3.0 IN,35
1881,**INACTIVE**3M 9967 2.5 IN,35
1882,**INACTIVE**3M 1529 9.0 IN,35
1883,**INACTIVE**3M 1529 4.5 IN,35
1884,**INACTIVE**3M 1529 3.0 IN,35
1885,DERMA SCIENCE 6 X 6 BORDERED GAUZE BULK - RM89066,14
1886,DERMA SCIENCE 4 X 8 BORDERED GAUZE BULK-RM89048,14
1887,DERMA SCIENCE 2 X 2 BORDERED GAUZE BULK - RM89022,14
1888,DERMA SCIENCE 4 X 10 BORDERED GAUZE BULK RM89041,14
1889,DERMA SCIENCE 6 X 6 COMPOSITE DRESSING BULK - RM89166,14
1890,DERMA SCIENCE 6 X 8 PU SONTARA BORDERED GAUZE BULK - RM89168,14
1891,"**INACTIVE**TRANSILWRAP 1 MIL MYLAR A .75""",35
1892,"CS 4.5"" ULTRA LT HANES FABRIC TAPE BEIGE",28
1893,**INACTIVE**AMCOR PPG-30 16.625 IN PRTD DERMARITE 4X4 COMP,96
1894,**INACTIVE**SBS BOX DERMARITE 4X4 COMP,21
1895,**INACTIVE**AMCOR PPG-30 15.125 IN PRTD DERMARITE 6X6 COMP,96
1896,**INACTIVE**SBS BOX DERMARITE 6X6 COMP,21
1897,**INACTIVE**CS FLEXI-STRIP INSERT,21
1898,**INACTIVE**FLEXI-STRIP .5 X 4 PRTD TYVEK 8.75 IN,28
1899,**INACTIVE**FLEXI-STRIP .5 X 4 SBS BOX,21
1900,**INACTIVE**FLEXI-STRIP .5 X 4 SBS TRAY,21
1901,**INACTIVE**FLEXI-STRIP .25 X 4 PRTD TYVEK 8.75 IN,28
1902,**INACTIVE**FLEXI-STRIP .25 X 4 SBS BOX,21
1903,**INACTIVE**FLEXI-STRIP .25 X 4 SBS TRAY,21
1904,**INACTIVE**FLEXI-STRIP .25 X 3 PRTD TYVEK 7.25 IN,28
1905,**INACTIVE**FLEXI-STRIP .25 X 3 SBS BOX,21
1906,**INACTIVE**FLEXI-STRIP .25 X 3 SBS TRAY,21
1907,CS MEDRAD PRINTED PET LINER (SUB),7
1908,MEDRAD 78# PRINTED LINER (SUB),7
1909,**INACTIVE**53# LNR 3.5 IN DERMARITE COMP,21
1910,**INACTIVE**53# LNR 4.0 IN DERMARITE COMP,21
1911,**INACTIVE**53# LNR 2.5 IN DERMARITE COMP,21
1912,**INACTIVE**53# LNR 3.0 IN DERMARITE COMP,21
1913,MEDRAD TYVEK TAB 1.43 IN. (SUB),7
1914,MEDRAD PAPER TAB 0.40 IN. (SUB),7
1915,DERMA SCIENCE 4 x 14 BRD DRESS BULK RM89042,14
1916,**INACTIVE**ADELPHIA 2 X 2 PU COMP DRESS,14
1917,EMED  2.375 X 2.75 PRTD DRESS,14
1918,**INACTIVE**DERMARITE 2 X 2 HYDRAFOAM DRSG STERILE,14
1919,**INACTIVE**3M 1522 2.0 IN X 300 LF,35
1920,EVANS 78# PRINTED LINER (SUB),7
1921,**INACTIVE**TYVEK 1059B 4.5 IN DERMARITE 2X2 FOAM (SUB),42
1922,**INACTIVE**SBS BOX DERMARITE 2X2 FOAM,21
1923,**INACTIVE**DERMARITE 2X2 HYDRAFOAM DRSG (SUB),7
1924,3M 9832 8.0 IN X 301 LY,45
1925,3M 9832 10.0 IN X 301 LY,90
1926,**INACTIVE**3M 9832 4.0 IN,35
1927,**INACTIVE**HYDROFERA THIN FILM 4 x 5 WNDW OUT BULK,14
1928,**INACTIVE**DERMARITE 4 X 4.25 HYDRAFOAM DRSG STERILE,14
1929,**INACTIVE**DERMARITE 6 X 6 HYDRAFOAM DRSG STERILE,14
1930,**INACTIVE**DERMARITE 4X4.25 HYDRAFOAM DRSG (SUB),7
1931,**INACTIVE**SBS BOX DERMARITE 4X4.25 FOAM,21
1932,**INACTIVE**DERMARITE 6X6 HYDRAFOAM DRSG (SUB),7
1933,**INACTIVE**SBS BOX DERMARITE 6X6 FOAM,21
1934,HYDROFERA THIN FILM 4X5 BULK,14
1935,**INACTIVE**TYVEK 1059B 10.0 IN DERMARITE 6X6 FOAM,35
1936,POUCHING PET 10.0 IN,42
1937,**INACTIVE**TYVEK 1059B 8.0 IN DERMARITE 4X4.25 FOAM,35
1938,**INACTIVE**AUSTRALIAN GOLD EZ-Eyes,14
1939,2.5 MIL LDPE/PET 103 FILM 8.75 IN,28
1940,**INACTIVE**2.5 MIL LDPE/PET 103 FILM 7.25 IN,28
1941,"**INACTIVE**INJECTSAFE BANDAGE 1.25"" DIA",14
1942,"**INACTIVE**GENTELL 4x4 FOAM DRSG, STERILE",14
1943,"**INACTIVE**HEMCON 3.625 X 3.625 BLUE BACKING, RM7009",14
1944,**INACTIVE**MATERNAL COOLING CARE PADS-BOX,14
1945,0.002 POLYFLEX 0530 CLR 10 IN,35
1946,"5.0"" LINER BLUE 3 MIL LDPE COF .2-.35 UNTREATED (SUB)",42
1947,"2.5"" LINER BLUE 3 MIL LDPE COF .2-.35 UNTREATED (SUB)",42
1948,LINER 5.0 IN RED 2 MIL LDPE COF.2-.35 UNTREATED (SUB),42
1949,LINER 2.5 IN RED 2 MIL LDPE COF .2-.35 UNTREATED (SUB),42
1950,**INACTIVE**HDS 9.0 IN PEO 55 MIL 90/10 HYDROGEL RED LINER (SUB),42
1951,**INACTIVE**DM 7150 ZONE COATED 6.0 IN GOLD METALIZED PET,35
1952,**INACTIVE**DM 7150 ZONE COATED 3.0 IN GOLD METALIZED PET,35
1953,**INACTIVE**SBS BOX AUSTRALIAN GOLD EZ-EYES,21
1954,".002 POLYFLEX 0530 CLR 0.75"" IN (SUB)",35
1955,**INACTIVE**GENTELL BRDERD FOAM 4X4 DRSG (SUB),7
1956,**INACTIVE**PRTD TYVEK 6.25 IN GENTELL BRD FM DRSG 4X4 (SUB),7
1957,**INACTIVE**POUCHING PET 6.25 (SUB),7
1958,"""PURGE"" ALCAN 105 HDPE FILM 11.125 IN",28
1959,ALCAN 105 HDPE FILM 10.25 IN,28
1960,DERMA SCIENCE 4 X 6 BORD DRSG BULK RM89046,14
1961,"""PURGE""MEDRAD E-FLUTE BOX 10.5"" X 6"" X 5.5""",21
1962,"MEDRAD INSERT XDS IFU 11"" X 17""",21
1963,**INACTIVE**HEMCON 3.625 X 1.625 FOAM DRG,14
1964,**INACTIVE**HEMCON 1.85 X 1.85 FOAM DRSG RM7007,14
1965,MPM Excel Foam Non-Bordered 8x10 Dressing MP00528,14
1966,MPM EXCEL 8 X 4 NONBRDR FOAM DRSG MP00526,14
1967,MEDIUM RELEASE 92# LNR 4 IN POLY COATED #92PKB50N,21
1968,**INACTIVE**PCH STK CAT OVERLAY 1&2 USA 22 IN #10003924/01,84
1969,*PURGE*PCH STK CAT OVERLAY 3 USA 24 IN #10003923/01,84
1970,**INACTIVE**FOAM 13.25 IN LMI MEDISPONGE-50P 0.22T UNTRIMMED,35
1971,**INACTIVE**FLEXI-STRIP .25 X 1.5 PRTD TYVEK 7.25 IN,35
1973,**INACTIVE**FLEXI-STRIP .25 X 1.5 SBS BOX,21
1974,**INACTIVE**FLEXI-STRIP .25 X 1.5 SBS TRAY,21
1975,**INACTIVE**FLEXI-STRIP .125 X 3 PRTD TYVEK 7.25 IN,35
1976,**INACTIVE**FLEXI-STRIP .125 X 3 SBS BOX,21
1977,**INACTIVE**FLEXI-STRIP .125 X 3 SBS TRAY,21
1978,MPM 8X10 FOAM DRSG (SUB),14
1979,MPM 4X8 FOAM DRSG (SUB),14
1980,**INACTIVE**CS MPM LABEL 8 X 10 FOAM DRESSING,21
1981,CS MPM LABEL 8 X 4 FOAM DRESSING,21
1982,"POUCH CHEVRON 6"" X 12"" TYVEK/PET",28
1983,MPM Excel Foam Non-Bordered 4x4 Fenestrated Drsg MP00522,14
1984,MPM Excel Foam Non-Bordered 4x4 Dressing MP00520,14
1985,**INACTIVE**FOAM 13.25 IN LMI MEDISPONGE 30 .250T UNTRIMMED,35
1986,"**INACTIVE**3M 1774T 6"" X 25 LY SAMPLE ROLL",35
1987,"**INACTIVE**SBS BOX  UNPRINTED 3"" WC STRIPS",21
1988,"**INACTIVE**SBS TRAY UNPRINTED 3"" WC STRIPS",21
1989,TYVEK 1059B 7.25 IN,42
1990,MPM 4X4 FOAM DRSG w/ FEN (SUB),7
1991,MPM 4X4 FOAM DRSG (SUB),7
1992,PRTD TYVEK 7.25 IN MPM 4X4 FOAM w/ FEN,7
1993,PRTD TYVEK 7.25 IN MPM 4X4 FOAM DRSG,7
1994,**INACTIVE**S. EAGLE WALGREENS TAN M/L,14
1995,**INACTIVE**WALGREENS NASAL STRP-MED/LG TAN ( SUB),7
1996,DERM-FRUED TAN NW 1 PSA 3.25 IN.,35
1997,3M 9917 NONWOVEN 3.25 IN,35
1998,**INACTIVE**DM-8773 22# COLD SEAL PAPER 6 IN PRINTED TOP WEB,84
1999,**INACTIVE*DM-8773 22# COLD SEAL PAPER 6 IN UNPRINTED BOTTOM WEB,84
2000,CS P/L NASAL DILATOR INSERT,28
2001,**INACTIVE**CS WALGREENS LRG 30 CT CARTON CLEAR,0
2002,**INACTIVE**CS WALGREENS S/M 30 CT CARTON CLEAR,0
2003,**INACTIVE**S. EAGLE WALGREENS S/M CLEAR,14
2004,**INACTIVE**S. EAGLE WALGREENS LG CLEAR,14
2005,AFA PRINTED FOIL DOM 10.25 IN,42
2006,"**INACTIVE**INJECT SAFE BANDAGE 1.25"" DIA (SUB)",7
2007,**INACTIVE**OMNIFLEX 15 MIL PU 6.75IN,0
2008,"**INACTIVE**MACTAC 1/16"" FOAM TM6563 6.50 IN",35
2009,**INACTIVE**EASY RELEASE 78#C1S-0 LNR 6.75 IN,21
2010,**INACTIVE**INJECT SAFE PRTD PPR 14.125 IN.,7
2011,**INACTIVE**POUCHING PET,42
2012,**INACTIVE**SBS BOX INJECT SAFE BANDAGE,21
2013,**INACTIVE**TELEFLEX ADHESIVE STRIP,14
2014,**INACTIVE**S. EAGLE WALGREENS S/M CLEAR (SUB),7
2015,**INACTIVE**DM 8008 3.50 IN,35
2016,**INACTIVE**3M 1522 3.50IN,35
2017,**INACTIVE**SILVER EAGLE WALGREENS M/L CLEAR (SUB),14
2018,**INACTIVE**S. EAGLE TARGET S/M CLEAR STRIPS,14
2019,**INACTIVE**MPM REPEL 4 X 4 (2X2) PU UP (SUB),7
2020,"**INACTIVE**PACON 3M1509 EL 5.75"" TAPE W/ 6.0"" LINER EL ONE SIDE",14
2021,BOX 23 X 17 X 12,2
2022,**INACTIVE**MEDI-DYNE FULL DRSG KIT,14
2023,"**INACTIVE**CFI POLYETHYLENE TIE 1"" X 27""",14
2024,"**INACTIVE**CFI POLYETHYLENE TIE 1"" X 6""",14
2025,"**INACTIVE**CFI POLYETHYLENE TIE 1"" X 17""",14
2026,**INACTIVE**SILVER EAGLE TARGET S/M CLEAR (SUB),7
2027,**INACTIVE**CS TARGET S/M CLEAR CARTON,0
2028,**INACTIVE**DM 8008 2.75 IN.,35
2029,**INACTIVE**CS INSERT MULTI-LANGUAGE FULL DRESSING KIT,21
2030,**INACTIVE**ADHESIVE STRIPS 6X1.25,14
2031,**INACTIVE**CS SBS BOX MEDI-DYNE FULL DRESSING KIT,21
2032,**INACTIVE**MATERNAL CONCEPTS SBS BOX,21
2033,**INACTIVE**MATERNAL CONCEPTS  10.25IN PRTD FOIL,42
2034,**INACTIVE**ADHESIVE MESH STRIP 3 X 1-1/2 (SUB),35
2035,**INACTIVE**MEDI-DYNE HYDROGEL PAD 3 X 6-1/2,56
2036,**INACTIVE**ADHESIVE MESH 3 X 5 (SUB),35
2037,"**INACTIVE**SBS BOX UNPRINTED 4"" WC STRIP",21
2038,"**INACTIVE**SBS TRAY UNPRINTED 4"" WC STRIP",21
2039,"**INACTIVE**.010 CLEAR POLYESTER 515 2.25""",35
2040,**INACTIVE**LSL FLEXI-STRIP CLOS 1 X 5,14
2041,**INACTIVE**LSL FLEXI-STRIP 1X5 (SUB),7
2042,**INACTIVE**LSL FLEXI-STRIP 1X5 PRTD TYVEK 3.62 IN.,42
2043,**INACTIVE**LSL FLEXI-STRIP 1X5 SBS BOX,21
2044,**INACTIVE**LSL FLEXI-STRIP 1X5 SBS TRAY,21
2045,**INACTIVE**LSL FLEXI-STRIP 1X5 (SUB),7
2046,DERMA SCIENCE 6 X 8 BRDRD DSG BULK - RM89068,14
2047,DLS PLAS WHT 4 MIL PE 13.5/13.5 IN C FOLD,42
2048,**INACTIVE**MATERNAL CONCEPTS LOOSE GEL PADS,14
2049,"**INACTIVE**CFI POLYETHYLENE TIE 1"" X 12""",14
2050,BOX 13 X 13 X 13 #S4317,1
2051,"**INACTIVE**CHIPBOARD .024 KRAFT 12.875"" X 8.250""",14
2052,"**INACTIVE**3M 9779 BLUE 8 MIL 5/16"" x 350 YD",35
2053,"**INACTIVE**3M 9877 DOUBLE COATED 9""",35
2054,**INACTIVE**REAUX FACE SHIELD,14
2055,**INACTIVE**S. EAGLE DOLLAR STORE NASAL STRIPS,14
2056,"**INACTIVE**CPI-EO3 EO INDICATOR LABEL 1/2"" DOTS - 5,000/ROLL",35
2057,**INACTIVE**CS DOLLAR STORE P/L NASAL DILATOR INSERT CARD,0
2058,**INACTIVE**DLS PLAS WHT 4 MIL PE 1 IN (SUB),14
2059,**INACTIVE**INSUL-FAB/SPECTAPE CC 590A  .5 IN (SUB),35
2060,**INACTIVE**APOGEE CLOSURE TIES 3M 9818D,35
2061,BOX 16 X 10 X 10 #S-4391,3
2062,BOX 10 X 4 X 4 #S-4466,1
2063,"**INACTIVE**BRAZA  STRAPKEEPER LG, BEIGE",14
2064,"**INACTIVE**MEDI-DYNE NO LABEL 1"" SQ HYDROGEL",14
2065,**INACTIVE**EASY RELEASE 78#C1S-0 LNR 1.25 IN (SUB),7
2066,**INACTIVE**EASY RELEASE 78#C1S-0 LNR 2.25 IN (SUB),7
2067,"**INACTIVE**4.75"" ULTRA LT HANES FABRIC TAPE BEIGE",35
2068,**INACTIVE**TYVEK 1059B 8.0 IN GENTELL FM DRSG 6X6,7
2069,"**INACTIVE**CARE GUIDE FOAM , 5/BAG",14
2070,**INACTIVE**MUELLER BLISTER KIT BULK,14
2071,**INACTIVE**EASY RELEASE 78#C1S LNR 1.50 IN. (SUB),7
2072,MED.REL 92# LNR 3 IN POLY COATED # 92PKB5ON (SUB),7
2073,"HANGING FLAP ENVELOPE 4-1/2"" X 10-3/4"" CLEAR VINYL",35
2074,"**INACTIVE**IMPAK 3.4"" X 4.0"" SILVER ZIP FOIL POUCH",35
2075,CS INSERT FOR MUELLER BLISTER KIT,21
2076,REINFORCED NON-WOVEN 3.0 IN (#002910 Work Order Needed!!),30
2077,REINFORCED NON-WOVEN 4.25 IN (#002911 Work order needed!!),30
2078,3M 1524 3.375 IN *Notes,180
2079,3M 1524 4.625 IN *Notes,180
2080,**INACTIVE**3M 1525L 9.5 IN,35
2081,BOX 24 X 24 X 7  #S-4548,1
2082,"1/4""THK X 1/2"" X 50 LF WHITE X-LINK FOAM W/PSA-1",35
2083,BOX 13 X 11 X 5  #S-4131,1
2084,MUELLER STICK ON PAD OVALS (SUB),14
2085,MUELLER MORE SKIN SQ 1 X 1 (SUB),14
2086,SUWELACK PURACOL 2 X 2 MSC8522,14
002086-SHIP,SUWELACK PURACOL 2 X 2 MSC8522,14
2087,SUWELACK PURACOL 2 X 2 BULK MSC8522BB,14
002087-SHIP,SUWELACK PURACOL 2 X 2 BULK MSC8522BB,14
2088,SUWELACK PURACOL 4 X 4.25 MSC8544,14
002088-SHIP,SUWELACK PURACOL 4 X 4.25 MSC8544,14
2089,SUWELACK PURACOL 4 X 4.25 BULK MSC8544BB,14
002089-SHIP,SUWELACK PURACOL 4 X 4.25 BULK MSC8544BB,14
2090,**INACTIVE SUWELACK PURACOL PLUS 2 X 2.25,14
2091,**INACTIVE SUWELACK PURACOL PLUS 2 X 2.25 BULK,14
2092,**INACTIVE** SUWELACK PURACOL PLUS 4.25 X 4.4,14
2093,CS SUWELACK PURACOL PLUS DRSG 4.25X4.4 (108x115x2mm) RMS,7
2094,TYVEK 12.0 IN SUWELACK,42
2095,PRTD INSERT SUWELACK DRSG,14
2096,CS SUWELACK PURACOL PLUS DRSG 2 X 2.25 (51x57x2mm) RMS,14
2097,TYVEK 14.125 SUWELACK,42
2098,KPK-103 POUCHING PET 14.125,28
2099,CS SUWELACK PURACOL DRSG 4 X 4.25 (101x112x1mm) RMS,7
2100,**INACTIVE**PRTD WHITE KPK117 12.0 IN SUWELACK PURACOL DRSG,28
2101,CS SUWELACK PURACOL DRSG 2 X 2 (51x51x1mm) RMS,7
2102,**INACTIVE**PRTD WHITE KPK117 14.125 IN SUWELACK PURACOL DRSG,28
2103,"""PURGE""PSS 2X3 TF WOUND TARGET GRID PET 17.625 IN",48
2104,**INACTIVE**SBS BOX SUWELACK PURACOL PLUS 2 X 2.25,21
2105,SBS BOX SUWELACK PURACOL 4 X 4.25,21
2106,SBS BOX SUWELACK PURACOL 2 X 2,21
2107,**INACTIVE**SBS BOX  SUWELACK PURACOL PLUS 4.25 X 4.4,21
2108,PSS 4 x 4 COMP DRSG STERILE  4794,14
2109,PSS 6 X 6 COMP DRSG STERILE  4795,14
2110,PSS 2 X 3 THIN FILM DRSG  4787,14
2111,PSS 4 X 5 THIN FILM DRSG  4788,14
2112,PSS 4 X 4 BRDRD GAUZE DRSG STRL  4792,14
2113,PSS 6 X 6 BRDRD GAUZE DRSG STRL 4793,14
2114,PSS 6 X 6 BRDRD GAUZE DRSG NS  4791,14
2115,PSS 4 X 4 BRDRD GAUZE DRSG NS  4790,14
2116,"PSS 6"" x 10 LY RETENTION TAPE  4811",14
2117,"PSS 2"" X 10 LY RETENTION TAPE  4809",14
2118,"PSS 4"" X 10 LY RETENTION TAPE  4810",14
2119,PSS REINFORCED SUTURE STRIP 1/4 X 4  4828,14
2120,PSS REINFORCED SUTURE STRIP 1/2 X 4  4825,14
2121,PSS REINFORCED SUTURE STRIP 1/4 X 3  4827,14
2122,PSS REINFORCED SUTURE STRIP 1/8 X 3  4829,14
2123,PSS REINFORCED SUTURE STRIP 1/4 X 1 1/2  4826,14
2124,"""Discontinued"" 3M 9943J Hydrocolloid (18 MIL) 9.25""x75 yards",0
2125,KPK-103 POUCHING PET 12.00 IN,28
2126,BOX 6 X 5 X 5 #S-4704,1
2127,BOX 9 X 7 X 5 #S-4334,1
2128,PSS 2 X 3 WOUND GRID  926,14
2129,**INACTIVE**PSS 4 X 5 WOUND GRID  927,14
2130,**INACTIVE**PSS 6 X 8 WOUND GRID  928,14
2131,**INACTIVE**PSS 6 X 8 THIN FILM DRSG  4789,14
2132,**INACTIVE**EASY RELEASE 78# C1S-0 LNR 1.75 IN,21
2133,PSS FLEX STRIP 1/4 X 1 1/2  840,14
2134,PSS FLEX STRIP 1/2 X 4  836,14
2135,PSS FLEX STRIP 1/4 X 4  837,14
2136,PSS FLEX STRIP 1/4 X 3  838,14
2137,PSS FLEX STRIP 1/8 X 3  839,14
2138,BOX 9 X 9 X 7 #S-4596,1
2139,BOX 7 X 7 X 5 #S-4070,3
2140,**INACTIVE**BOX 32 X 12 X 12 #S-4868,2
2141,**INACTIVE**BOX 20 X 16 X 16 #S-4645,2
2142,BOX 10 X 10 X 8 #S-4108,3
2143,**INACTIVE**LABEL PURACOL 2 X 2,21
2144,**INACTIVE**LABEL PURACOL PLUS 2 X 2.25,21
2145,**INACTIVE**LABEL PURACOL 4 X 4.25,21
2146,**INACTIVE**LABEL PURACOL PLUS 4.25 X 4.40,21
2147,*PURGE*SBS BOX PSS 2 X 10 RETENTION TAPE,21
2148,*PURGE*SBS BOX PSS 4 X 10 RETENTION TAPE,21
2149,"""PURGE""SBS BOX PSS 6 X 10 RETENTION TAPE",21
2150,CORE 1  X  2  X .090 WHITE PAPER CORE,7
2151,CORE 1  X 4  X .090 WHITE PAPER CORE,14
2152,CORE 1 X 6  X .090 WHITE PAPER CORE,14
2153,**PURGE**PSS 4X4 BRDRD GAUZE (SUB),7
2154,**INACTIVE**PSS 6X6 BRDRD GAUZE (SUB),7
2155,"""PURGE"" AMCOR PPG-30 15.125 IN PRTD PSS 6X6 BRDRD GAUZE",42
2156,"""PURGE""SBS BOX PSS 6X6 BRDRD GAUZE 4793",21
2157,"""PURGE""AMCOR PPG-30 16.625 IN PRTD PSS 4X4 BRDRD GAUZE",96
2158,"""PURGE""SBS BOX PSS 4X4 BRDRD GAUZE",21
2159,"""PURGE"" PSS WOUND TARGET GRID POUCHING PET 16.625 IN",42
2160,**INACTIVE**PSS 4X4 COMPOSITE DRSG (SUB),7
2161,**INACTIVE**PSS 6X6 COMPOSITE DRSG (SUB),7
2162,*PURGE*SBS BOX PSS 4X4 COMPOSITE,21
2163,*PURGE*SBS BOX PSS 6X6 COMPOSITE,21
2164,*PURGE*AMCOR PPG-30 16.625 IN PRTD PSS 4X4 COMP,56
2165,*PURGE*AMCOR PPG-30 15.125 IN PRTD PSS 6X6 COMP,96
2166,"""PURGE"" PSS WOUND TARGET GRID POUCHING PET 15.125 IN",42
2167,MUELLER LIGHTNING NO GLARE 4/SHT B90101,14
2168,MUELLER BATS NO GLARE 4/SHT B90102,14
2169,MUELLER CRESCENT NO GLARE 6/SHT  B90103,14
2170,MUELLER DOUBLE CLAW NO GLARE 6/SHT  B90104,14
2171,MUELLER DOUBLE X NO GLARE 4/SHT  B90105,14
2172,MUELLER HALF SUNBURST NO GLARE 4/SHT  B90106,14
2173,MUELLER INVERTED TRIANGLE NO GLARE 4/SHT B90107,14
2174,MUELLER PAINT BRUSH NO GLARE 6/SHT  B90108,14
2175,MUELLER ROUNDED TRIANGLE NG 4/SHT  B90109,14
2176,MUELLER SQUARES NO GLARE 6/SHT B90110,14
2177,MUELLER WAVY SQUARES NO GLARE 6/SHT B90111,14
2178,ETHICON STARGATE ARM WRAP  (Rev. D) D17263P01,14
2179,DM-6001 7.75 IN W/2 MIL PSA & DIFFERENTIAL 54# PAPER LNR,35
2180,PSS FLEX STRIP .25 X 3 SBS BOX #838,21
2181,*PURGE*AMCOR PPG-30 16.625 IN PRTD PSS 4 X 4.75,42
2182,PSS FLEX STRIP .25 X 3 PRTD TYVEK 7.25 #838,42
2183,*PURGE*AMCOR PPG-30 PSS 2.375X2.75 PRT 17.625 IN,42
2184,*PURGE*SBS BOX PSS 2 X 3 THIN FILM,21
2185,*PURGE*SBS BOX PSS 4 X 5 THIN FILM,21
2186,**INACTIVE**PSS THIN FILM 6X8 WNDW IN (SUB),7
2187,EASY REL 78# C1S-0 LNR 9.25 IN,21
2188,"**INACTIVE**PSS FLEX STRIP 1/2 X 4"" (SUB)",7
2189,*PURGE*SBS BOX PSS 6X8 THIN FILM,21
2190,*PURGE*AMCOR PPG-30 PRT 6X8 PSS 15.125 IN,96
2191,PSS FLEX STRIP .25 X 3 SBS TRAY #838,21
2192,"""PURGE"" MEDRAD PRINTED PPG-30PRT 5.625 IN (SUB)",21
2193,AMCOR/TECHPAQ PPG-30 PRT PSS 2X3 WOUND GRID  14.125 IN,96
2194,SBS BOX PSS 2X3 WOUND GRID,21
2195,*PURGE*PRTD INSERT PSS THIN FILM DRSG,21
2196,**INACTIVE**PSS FLEX STRIP 1/4X4 (SUB),7
2197,PSS FLEX STRIP .25 X 4 PRTD TYVEK 8.75 #837,42
2198,PRTD PSS WC INSERT,21
2199,PSS FLEX STRIP .25 X 4 SBS BOX #837,21
2200,PSS FLEX STRIP .25 X 4 SBS TRAY #837,21
2201,PSS FLEX STRIP .5 X 4 PRTD TYVEK 8.75 #836,35
2202,PSS FLEX STRIP .5 X 4 SBS BOX #836,35
2203,PSS FLEX STRIP .5 X 4 SBS TRAY #836,35
2204,"**INACTIVE**3M 1529 9"" X 350 YDS LNR SLIT 3""",35
2205,"**INACTIVE**3M 1529 3"" X 350 YDS",35
2206,"""PURGE""PRTD TYVEK 12.625 IN MEDLINE 4 IN ROUND FM DRSG",42
2207,**INACTIVE**REINFORCED WC STRIP 1/4 IN X 1.5 IN (SUB),7
2208,PSS .25 X 1.5 PRTD TYVEK 7.25 #4826,42
2209,PSS SUTURE STRIP .25 X 1.5 SBS BOX #4826,21
2210,PSS SUTURE STRIP .25 X 1.5 SBS TRAY #4826,21
2211,PSS CASE LABEL SUTURE STRIP .25 X 1.5 #4826,14
2212,"""PURGE"" ACTAVIS 4.25 IN SCANTAPE 650085+SA2P1 TAN",70
2213,**INACTIVE**REINFORCED WC STRIP 1/4 IN X 4 IN (SUB),7
2214,PSS SUTURE STRIP  .25 X 4 PRTD TYVEK 8.75 #4828,42
2215,PSS SUTURE STRIP.25 X 4 SBS BOX #4828,21
2216,PSS SUTURE STRIP .25 X 4 SBS TRAY #4828,21
2217,PSS CASE LABEL SUTURE STRIP .25 X 4 #4828,21
2218,**PURGE**REINFORCED WC STRIP 1/2 IN X 4 IN (SUB),7
2219,PSS SUTURE STRIP .5 X4 PRTD TYVEK 8.75 #4825,42
2220,PSS SUTURE STRIP .5 X 4 SBS BOX #4825,21
2221,PSS SUTURE STRIP .5 X 4 SBS TRAY #4825,21
2222,PSS CASE LABEL SUTURE STRIP .5 X 4 #4825,21
2223,**PURGE**REINFORCED WC STRIP 1/4 IN X 3 IN (SUB),7
2224,PSS SUTURE STRIP .25 X 3  PRTD TYVEK  7.25 #4827,42
2225,PSS SUTURE STRIP .25 X 3 SBS BOX #4827,21
2226,PSS SUTURE STRIP .25 X 3 SBS TRAY #4827,21
2227,PSS CASE LABEL SUTURE STRIP .25 X 3 #4827,14
2228,**INACTIVE**REINFORCED WC STRIP 1/8 IN X 3 IN (SUB),7
2229,PSS SUTURE STRIP .125 X3  PRTD TYVEK 7.25 #4829,42
2230,PSS SUTURE STRIP .125 X 3 SBS BOX #4829,21
2231,PSS SUTURE STRIP .125 X 3 SBS TRAY #4829,21
2232,PSS CASE LABEL SUTURE STRIP .125 X 3 #4829,21
2233,"**INACTIVE"" PSS FLEX STRIP 1/4 X 1 1/2 840 (SUB)",96
2234,PSS FLEX STRIP .25 X 1.5 PRTD TYVEK 7.25 #840,42
2235,PSS FLEX STRIP .25 X 1.5  SBS BOX #840,21
2236,PSS FLEX STRIP .25 X 1.5 SBS TRAY #840,21
2237,**INACTIVE**PSS FLEX STRIP 1/8 X 3 (SUB),96
2238,PSS FLEX STRIP .125 X 3 PRTD TYVEK 7.25 #839,42
2239,PSS FLEX STRIP .125 X 3 SBS BOX #839,21
2240,PSS FLEX STRIP .125 X 3 SBS TRAY #839,21
2241,**INACTIVE**PSS FLEX STRIP 1/4 X 3 838 (SUB),96
2242,BOX 5 X 5 X 5 #S-4050,3
2243,ACTAVIS 3 IN SCANTAPE 650085+SA2P1 TAN,90
2244,BOX 14 X 12 X 8 #S-4530,1
2245,BOX 14 X 11 X 6 #S-4145,1
2246,BOX 11 X 8 X 6 #S-4607,1
2247,"**INACTIVE**3M SJ4570 1"" CLEAR DUAL LOCK",35
2248,**INACTIVE**PSS 4X4 NS BAG LABEL #4790,21
2249,**INACTIVE**PSS 6X6 NS BAG LABEL #4791,21
2250,"""PURGE"" PSS CASE LABEL 6X6 NS #4791",21
2251,"""PURGE"" PSS CASE LABEL 4X4 NS #4790",21
2252,*PURGE*PSS 53# PRTD LINER 2.5 IN,28
2253,*PURGE*PSS 53# PRTD LINER 3 IN,28
2254,*PURGE*PSS 53# PRTD LINER 3.5 IN,28
2255,*PURGE*PSS 53# PRTD LINER 4 IN,28
2256,"""PURGE"" PSS 78# PRTD LINER 4.625 IN",28
2257,"""PURGE"" PSS 78# PRTD LINER 6.625 IN",28
2258,"""PURGE"" PSS EASY REL 78# PRTD LINER 9.25 IN",28
2259,**INACTIVE**PSS THIN FILM 2.375X2.75 WNDW OUT (SUB),7
2260,**PURGE**PSS THIN FILM 4X4.75 WNDW OUT (SUB),7
2261,*PURGE*PSS CASE LABEL 2X3 THIN FILM #4787,14
2262,*PURGE*PSS CASE LABEL 4X5 THIN FILM #4788,14
2263,SUS DATASCOPE PEDIATRIC BOX,21
2264,**INACTIVE**3M KN5076 FASTENING TAPE 2.75 IN,35
2265,**INACTIVE**HEMCON 3.85 X 1.85 FOAM DRSG RM7008,14
2266,**INACTIVE**HEMCON 1.85 X 1.85 FOAM DRSG,0
2267,*PURGE*PSS CASE LABEL 6X8 THIN FILM #4789,21
2268,*PURGE*PSS CASE LABEL 4X4 COMPOSITE #4794,21
2269,*PURGE*PSS CASE LABEL 6X6 COMPOSITE #4795,14
2270,SUS DATASCOPE ADULT BOX,21
2271,800 CLEAR NICODERM 21MG PLACEBO PATCH (SUB),0
2272,"**INACTIVE**LALINA .5"" x 3.5"" FASHION TAPE",14
2273,"""PURGE"" PSS INSERT 4X4 NS #4790",21
2274,"""PURGE"" PSS INSERT 6X6 NS #4791",21
2275,LABEL AQUASITE 2 X 3 HGEL POUCH,21
2276,LABEL AQUASITE 4 X 4 HGEL POUCH,21
2277,**INACTIVE**LABEL NEW & IMPROVED,21
2278,**INACTIVE**S&N DID 328 POLYURETHANE MASTER,35
2279,S&N DID 328 2.75 FILM X 3.75 CARRIER 1/2 EXT LNR EACH SIDE,35
2280,**IS&N DID 328 4.75 FILM X 5.75 CARRIER 1/2 EXT LNR ON EACH SIDE,35
2281,*PURGE*PSS CASE LABEL 2X10 RETN TAPE #4809,21
2282,*PURGE*PSS CASE LABEL 4X10 RETN TAPE #4810,14
2283,*PURGE*PSS CASE LABEL 6X10 RETN TAPE #4811,21
2284,"""PURGE"" PSS CASE LABEL 4X4 STRL #4792",21
2285,"""PURGE""PSS CASE LABEL 6X6 STRL #4793",21
2286,PSS CASE LABEL 2X3 WOUND GRID #926,21
2287,PSS CASE LABEL 4X5 WOUND GRID #927,21
2288,PSS CASE LABEL 6X8 WOUND GRID #928,21
2289,PSS CASE LABEL 1/2 X 4 FLEX STRIP #836,21
2290,PSS CASE LABEL 1/4 X 4 FLEX STRIP #837,21
2291,PSS CASE LABEL 1/4 X 3 FLEX STRIP #838,14
2292,PSS CASE LABEL 1/8 X 3 FLEX STRIP #839,21
2293,PSS CASE LABEL 1/4 X 1-1/2 FLEX STRIP #840,14
2294,3M 1522 3.0 IN,35
2295,**INAASKINA / CALGITROL AG SILVER ALGINATE 495 mm X 1.2M X 5-6mm,0
2296,*PURGE*3M 9833 2.75 FILM X 3.75 CARRIER 1/2 EL EACH SIDE,35
2297,*INACTIVE** 4.74 FILM X 5.75 CARRIER 1/2 EL EACH SIDE,35
2298,**INACTIVE**ARGENTUM 4 X 4 ISLAND DRSG NS; BULK,0
2299,**INACTIVE**ARGENTUM 6 X 6 ISLAND DRSG NS; POUCH,0
2300,ARGENTUM 3 x 16 PAD NS; BULK,14
2301,ARGENTUM 3 X 8 PAD NS; BULK,14
2302,**INACTIVE**KPK 117 WHITE 4 MIL PURACOL 2X2 14.125 IN,35
2303,**INACTIVE**KPK 117 WHITE 4 MIL PURACOL 4X4.25 12.0 IN,35
2304,**INACTIVE**1059B UNCTD TYVEK PURACOL PLUS 2X2.25 14.125 IN,42
2305,**INACTIVE**1059B UNCTD TYVEK PURACOL PLUS 4.25X4.40 12.0 IN,42
2306,3M 9851 1.0 IN,28
2307,"""PURGE"" DM-4034 7.85 IN 4 MIL PU PSA W/2 MIL & DIFF 54# LNR",56
2308,CS ARGENTUM DELSTAR 3.0 IN SILVER PAD,35
2309,**INACTIVE**ARGENTUM 6x6 ISLAND DRSG (SUB),7
2310,"**INACTIVE**3M 9916 46"" X 200LY",35
2311,**INACTIVE**TECHNIPAQ 9 X 13 1073B TYVEK POUCH,42
2312,KPK 117 WHITE 4 MIL 12.75 IN,28
2313,KPK 117 WHITE 4 MIL 14.875 IN,28
2314,CS AQUASITE 2X3 SBS BOX,21
2315,AQUASITE 4X4 SBS BOX,21
2316,**INACTIVE**AQUASITE 2X3 SBS BOX,21
2317,**INACTIVE**AQUASITE 4X4 SBS BOX,21
2318,MPM REPEL 6 X 8 (4 X 6) PU UP (SUB),14
2319,**INACTIVE**MPM 5 X 5 BORDERED FOAM DRESSING (SUB),14
2320,***inactive**MPM 9 X 9 BORDERED FOAM DRESSING (SUB),14
2321,IV TAPE LINER (SUB),7
2322,**INACTIVE**MEDI-TECH 4X5 NONBORDERED FOAM STERILE (SUB),14
2323,MPM NON BORDERED FOAM 4 x 4 DRESSING (SUB),14
2324,MPM NON BORDED FOAM DRESSING 6X6 (SUB),14
2325,MPM COOL MAGIC 3.75 X 3.75 HYGL SHT (SUB),14
2326,DERMA/MCKESS P/L 4X4 HYG SHT  STERILE (SUB),14
2327,**INACTIVE**BRENNAN LAKE SHOWER POUCH,14
2328,CARR RADIADRES #101052 GEL SHEET 4 x 4 (SUB),14
2329,**INACTIVE**CARR CARRADRES CLEAR #101053 GEL SHT 4 x 4 (SUB),14
2330,**INACTIVE**AFA AQUA BURN (SUB),14
2331,**INACTIVE*MPM 1 3/4 COOL MAGIC FEN. GEL PAD30/BAG 4bag/CS (SUB),14
2332,**INACTIVE**MPM COOL MAGIC 1 3/4 GEL PAD 510/CASE (SUB),14
2333,**INACTIVE**KPK-103 POUCHING PET 6.00 IN (SUB),35
2334,**INACTIVE**DC TAPE SLIT DM 7002 12.00 IN FROM TRUMED,35
2335,**INACTIVE**ADHESIVE  DM 7002 11.75  IN FROM TRUMED (SUB),35
2336,**INACTIVE**DC TAPE SLIT DM 7002 1.5 IN,35
2337,**INACTIVE**LINER PRINT  7.00 IN (SUB),21
2338,**INACTIVE**LINER BLANK FOR KISS CUT PROCESS 12.00 IN,21
2339,**INACTIVE**AFASSCO  2X3 AQUA SKIN BURN DRSG (SUB),14
2340,**INACTIVE**AFASSCO  1.5X2 AQUA SKIN BURN DRSG (SUB),14
2341,TATUDERM ROLLS 6 IN X 180 IN TD6X180-10,14
2342,TATUDERM ROLLS 6 IN X 5 LY (SUB) TD6X180-10,14
2343,**INACTIVE**MPM NON BORDERED FOAM 4 x 4 DRESSING MP00511C,14
2344,**INACTIVE**DERMARITE 6 X 8 TF DERMAVIEW II,14
2345,WHT PE 50 IN MFOLD (14/11/11/14) DLS PLAS,14
2346,"""PURGE"" 3M 9832W 6.0 IN / CENTER SCORED LINER",35
2347,CS TATUDERM LABEL,2
2348,**INACTIVE**HEMCON OTC BANDAGE (1/BOX) RM7059,14
2349,ETHICON STARGATE ARM WRAP (SUB),14
2350,"POUCH CORNER STYLE 11.25"" X 7"" 1059B TYVEK/MYLAR",42
2351,**INACTIVE**PHARMCHEM 2.375 X 2.75 UNPRINTED DRSG (SUB),7
2352,**INACTIVE**PHARMCHEM 2.375 X 2.75 UNPRINTED DRSG STERILE,14
2353,**INACTIVE**UNPRINTED PPG-30 PPR 14.125 IN,42
2354,GENERAL ECONOPAK FACE SHIELD,14
2355,BOX 11-1/4 X 8-3/4 X 6 #S-4609,2
2356,**INACTIVE**DERMAVIEW II  THIN FILM 6x8 (SUB),7
2357,AMCOR/TECHPAQ PPG-30 PRT 6X8 DERMARITE 15.125 IN,96
2358,3M 1527LX 4 IN,35
2359,**INACTIVE**SBS BOX DERMARITE 6X8 THIN FILM,21
2360,**INACTIVE**CS MPM 2X2 ML LABEL,0
2361,HEMCON PRTD FOAM 4.375 IN (SUB),7
2362,3M 1774W FOAM 4.375 IN,35
2363,HEMCON 1.0 X 3.875 OTC (SUB),14
2364,MEDIUM RELEASE 92# LNR 2.5 IN POLY COATED #92PKB50N,21
2365,HEMCON CHITOFLEX 1.375 IN (SUB),7
2366,**INACTIVE**CS HEMCON CHITOFLEX 3 X 28,0
2367,HEMCON PRINTED FOIL 8.5 IN RFE-013,70
2368,HEMCON RANDOM PRINT FOIL 8.5 IN RFE-013,70
2369,HEMCON OTC SBS BOX (1/BOX) RM7059,21
2370,DELSTAR 7.9 NLYB-E 4 IN,35
2371,"**INACTIVE**WEBTEC 2.375"" X 2.75"" THIN FILM DRSG BULK",14
2372,"**INACTIVE**WEBTEC 4"" X 4.75"" THIN FILM DRSG BULK",14
2373,**INACTIVE**TRANSILWRAP 10 MIL MELINEX 561 9 IN,35
2374,**INACTIVE**DWF .00125 LD MATTE 9 IN  (SUB),0
2375,**INACTIVE**MEDRAD PRESTO HANDI STRIP,14
2376,**INACTIVE**3M 9851 1.0 IN OVERLAPPED LINER (SUB),28
2378,WHT PE 30 IN MFOLD (9/6/6/9) DLS PLAS,42
2379,AHS I V TAPE CARD,14
2380,**INACTIVE**PSS 4X5 WOUND TARGET PET 16.625 IN PRTD,42
2381,3M 1538L 6 IN (SUB),14
2382,BUSSE FACE SHIELD 3732S-2,14
2383,PURACOL PLUS EP 2X2 SBS BOX,21
2384,"PURACOL PLUS EP 2X2 BOOKLET LABEL 2.875"" X 4.25""",42
2385,"PURACOL PLUS EP 4X4 BOOKLET LABEL 5.1875"" X 5""",42
2386,PURACOL PLUS EP 4X4 SBS BOX,21
2387,4 MIL FOG - 400 GAUGE 12.25 IN FILM,49
2388,HDS 13.25 IN PEO 55 MIL 90/10 HYDROGEL RED LINER #891001-C,56
2389,MACTAC FOAM TM6563 1 IN,21
2390,"PURACOL PLUS EP 2"" X 2.25"" MSC8622EP",14
002390-SHIP,"PURACOL PLUS EP 2"" X 2.25"" MSC8622EP",14
2391,"PURACOL PLUS EP 4.25"" X 4.5"" MSC8644EP",14
002391-SHIP,"PURACOL PLUS EP 4.25"" X 4.5"" MSC8644EP",14
2392,**INACTIVE**CCT ROLL REWORK,14
2393,CS DC TAPE 6.75 IN,35
2394,**INACTIVE**DC LINER 6.937 IN,21
2395,**INACTIVE**DERMA SCIENCE BULK NS GRID THIN FILM,14
2396,3M 9833 8.125 FILM X 8.50 CARRIER W/ .375 EL ONE SIDE,60
2397,"MPM Strl Spt Drsg  2.375""x2.75"" Overall 1"" x 1.25"" Pad MP00499",14
2398,PHARMCHEM PATCH OVERLAY,14
2399,PRECEPT MITSUBISHI SHIELD 10 02 004,49
2400,**INACTIVE**HEMCON OTC BANDAGE (1/BOX) RM7043,14
2401,**INACTIVE**HEMCON OTC BANDAGE (3/BOX) RM7062,14
2402,%%INACTIVE%%HEMCON OTC BANDAGE (3/BOX) RM7063,14
2403,7.9 OZ NLYB-E LYOCEL PAD 1.25 IN,35
2404,"**INACTIVE**CARDINAL 6"" X 6"" PATCH",14
2405,"**INACTIVE**MPM Isolate Hydrophilic Foam Dressing 6""x6"" MP00554",14
2406,LSL 1 x 4 TRANSPORE TAPE 30K min - 058,14
2407,**INACTIVE**HEMCON OTC SBS BOX (1/BOX) RM7043,21
2408,**INACTIVE**HEMCON OTC SBS BOX (3/BOX) RM7062,21
2409,HEMCON OTC SBS BOX (3/BOX) RM7063,21
2410,"**INACTIVE**HEMCON OTC BOX LABEL 1.014"" X .597""",21
2411,**INACTIVE**LSL 1/4 X 4 BULK WOUND CLOSURE,14
2412,1059B UNCTD TYVEK PURACOL 2X2 14.125 IN,49
2413,1059B UNCTD TYVEK PURACOL 4X4.25 12.0 IN,42
2414,**INACTIVE**PRESTIGE AMERITECH SHIELD,14
2415,**INACTIVE**MUELLER 1/8 X 6 X 10 LY FOAM RL,14
2416,**INACTIVE**KPK-103D POUCHING PET 7.25 IN,28
2417,ASO 2X2 HYDROGEL #40-2909,14
2418,**INACTIVE**ASO 4X4 HYDROGEL #40-2907,14
2419,**INACTIVE**ASO 4X4 BG FOAM #40-2908,14
2420,**PURGE**MPM 2 X 3 THIN FILM W/ PAD (SUB),14
2421,ASO 4X4 w/2x2 PAD BG FOAM #40-2908,14
2422,ASO 2X2 HYDROGEL #40-2909 (SUB),14
2423,**INACTIVE**ASO 4X4 HYDROGEL #40-2907 (SUB),14
2424,AMCOR PPG-30 PCKG PAPER 7.25 IN,42
2425,**INACTIVE**MPM SPOT DRESSING SBS BOX,21
2426,6X6 SILVER COMPOSITE DRSG 10/BX,14
2427,**INACTIVE**6X6 SILVER COMPOSTIE DRSG (SUB),7
2428,SNEF SILVER 1438 PADSTOCK 4 IN,0
2429,4X4 SILVER BORDER GAUZE DRSG 10/BX,14
2430,**INACTIVE**4X4 SILVER BORDER GAUZE DRSG (SUB),7
2431,SNEF SILVER 1438 PADSTOCK 2 IN,0
2432,4X4 SILVER COMPOSITE DRSG 10/BX,14
2433,**INACTIVE**4X4 SILVER COMPOSITE DRSG (SUB),7
2434,**INACTIVE**MAGNETIC THERAPY SPECIALIST 2X4.5 RECTANGLE,0
2435,6X6 SILVER BORDER GAUZE DRSG 10/BX,14
2436,**INACTIVE**6X6 SILVER BORDER GAUZE DRSG (SUB),7
2437,BOX 13 X 9 X 9 #S-11373,2
2438,**INACTIVE**CS MPM ISOLATE 6X6 FOAM LABEL,21
2439,**INACTIVE**FOAM 6.5 IN MEDISPONGE-30W 0.25T W/ FLESH POLY FILM,35
2440,**INACTIVE**3M 1538L 5.80 FILM X 6.0 CARRIER .20 EL ONE SIDE,35
2441,**PURGE**MPM REPEL 6X6 DRSG (SUB),14
2442,**PURGE**MPM 6X6 ISOLATE HYDROPHILIC FOAM (SUB),7
2443,"""PURGE"" MPM SPOT DRSG MP00499C PRTD PAPER 7.25 IN (SUB)",7
2444,**INACTIVE**MAGNETIC THERAPY NONWOVEN CIRCLE,42
2445,PRTD TYVEK 12.625 IN ASO BRD FM DRSG 4X4,42
2446,PURGE - 3M 9833 4.25 IN,45
2447,HEMCON TAMPER EVIDENT LABEL,21
2448,HEMCON SHIPPER LABEL 1 BANDAGE #230,21
2449,HEMCON SHIPPER LABEL 3 BANDAGES #231,21
2450,ASO 4X4 PRINTED FOIL 11.125,42
2451,**INACTIVE**ASO 2X2 PRINTED FOIL 12.00 IN,42
2452,**INACTIVE**ALCAN 105 HDPE FILM 12.00 IN,28
2453,HDS 891001-D 90/10 W/ BLUE LNR. 13.25 IN,42
2454,EASY RELEASE 78# C1S-0 LNR 4.0 IN,28
2455,EASY RELEASE 78# C1S-0 LNR 5.5 IN,28
2456,SBS BOX 6 X 1-1/2 X 7-5/8 UNPRINTED,21
2457,RELIAMED 4X4 HYG SHT DRSG  #ZDHG44,14
2458,LABEL RELIAMED 4 X 4 HGEL POUCH,14
2459,LABEL RELIAMED 4X4 SBS BOX,21
2460,**INACTIVE**LABEL RELIAMED 4X4 SHIPPER BOX,21
2461,RELIAMED 4X4 HYG SHT (SUB)  #ZDHG44,14
2462,**INACTIVE**3M 9832 6.0IN,35
2463,"""PURGE""3M 1224-6 EO INDICATOR TAPE 3/4"" X 60 LY",21
2464,**INACTIVE**3M 9832 10.0 IN,35
2465,RELIAMED HYDROGEL INSERT,21
2466,FOAM 2.5 IN MEDISPONGE 30W .250T,35
2467,**INACTIVE**FOAM 4.5 IN MEDISPONGE 30W .250T,35
2468,FOAM 13.25 IN MEDISPONGE 30W .250T UNTRIMMED,35
2480,**INACTIVE**INTL MEDSURG 1525L 120CM/48 IN,35
2481,**INACTIVE**MEDLINE DRSG 2X4.5 W /1.5X2 PAD (SUB),7
2482,"""PURGE"" FOAM 1.5 IN MEDISPONGE 30W 1/8"" THK",49
2483,**INACTIVE**MEDLINE DRSG 1X3.5 W / 1X1 PAD (SUB),7
2484,"""PURGE"" FOAM 1.0 IN MEDISPONGE 30W 1/8"" THK",35
2485,MEDLINE DRSG 1X3.5 W / 1X1 PAD MSC2413,14
002485-S,MEDLINE DRSG 1X3.5 W / 1X1 PAD MSC2413 SUB ASSEMBLY,14
2486,MEDLINE DRSG 2X4.5 W /1.5X2 PAD MSC2424,14
2487,"POUCH CHEVRON 4"" X 7"" TYVEK/PET",42
2488,**INACTIVE**THIN FILM 2.375x2.75  TAB DEL,7
2489,"""PURGE"" FOAM 1.25 IN MEDISPONGE 30W 1/8"" THK",49
2490,"SPENCO BLISTER KIT 1"" 308-1072",14
2491,**INACTIVE**SPENCO SKIN MOIST PADS 2X3 HYDROGEL 308-1056,14
2492,**INACTIVE**MEDLINE ARGLAES ALGINATE 4  MSC9145 (SUB),7
2493,SPENCO 3 X 1.5 TAN ADHESIVE KNIT (SUB) 308-1072,14
2494,SPENCO WHITE PE 3X5 FOAM W/OVALS KISS CUT (SUB),14
2495,MACTAC TM9478 2.4 OZ SONTARA FLESH 5.875 IN,28
2496,"MACTAC TM9946 1/16"" THK FOAM 6"" IN",21
2497,SPENCO BLISTER KIT CARTON 308-1072 - PURGE!!!,0
2498,**INACTIVE**SPENCO POUCH LABEL,21
2499,SPENCO SKIN MOIST 2X3 HYDROGEL (SUB),7
2500,CS SPENCO MOIST PAD 2X3 CARTON 308-1056,21
2501,**INACTIVE**SPENCO SKIN BLISTER PADS 308-1080,14
2502,DM2034 3.25 IN,49
2503,**INACTIVE**SPENCO SKIN BLISTER PADS 1.5 IN X2.36 IN (SUB),7
2504,SPENCO INSERT FOR SKIN BLISTER PAD - MUST PURGE CUR INVENTORY!!!,21
2505,CS SPENCO BLISTER PAD CARTON #308-1080,14
2506,"""PURGE"" PRTD POUCH TYVEK 9.0 IN FM DRSG 2X2",49
2507,MEDLINE ARGLAES POSTOP 3.25 X 14 MSC9314,14
2508,**INACTIVE**MEDLINE ARGLAES ANTIMICR 4.75 X 10 MSC9069,14
2509,BOX 12 X 12 X 5 #S-4489,2
2510,**INACTIVE**MEDLINE ARGLAES POSTOP 3.25 X 14 MSC9314 (SUB),7
2511,AVERY MED 9560S 3.661 IN (93mm),84
2512,PAPER # 1- .875 (SUB),21
2513,**PURGE**PAPER # 2- .875 (SUB),21
2514,**INACTIVE**AVERY MED 9560S 5.157 IN (131mm),84
2515,"SEMI-GLOSS LABEL STOCK 3.5"" PERMANENT PSA",3
2516,**PURGE**PRTD INSERT MEDLINE ARGLAES POST-OP STYLE,21
2517,**PURGE**SBS BOX MEDLINE ARGLAES MSC9314,21
2518,LCP-455 FOIL/PET ARGLAES PRTD 15.812 IN,70
2519,LCP-464 FOIL/PET UNPRTD 15.812 IN,70
2520,**INACTIVE**MEDLINE ARGLAES ANTIMICR 4.75 X 10 MSC9069 (SUB),14
2521,LCP-464 FOIL/PET ARGLAES PRTD 12.25 IN,42
2522,LCP-464 FOIL/PET UNPRTD 12.25 IN,70
2523,MEDL ARGLAES ANTIMICR 2 3/8X3 1/4 MSC9023,14
2524,MEDLINE ARGLAES ANTIMICR 4 X 4.75 MSC9045,14
2525,**INACTIVE**SPENCO QUICKSTIK PHARM COMBO 1122,0
2526,"POUCH MPM 6X6 ISOLATE FOAM 8"" X 10""",42
2527,**INACTIVE**ARGLAES ANTIMICR 2 3/8X3 1/8 MSC9023 (SUB),7
2528,PAPER 1.5 IN (SUB),21
2529,PRTD INSERT MEDLINE ARGLAES,21
2530,**INACTIVE**SBS BOX MEDLINE ARGLAES MSC9023,21
2531,**PURGE**LCP-464 FOIL/POLY ARGLAES PRTD 5.8120 IN,70
2532,LCP-464 FOIL/POLY UNPRTD 5.8120 IN,70
2533,**INACTIVE**MEDL ARGLAES ANTIMICR 4 X 4.75 MSC9045 (SUB),7
2534,LCP-464 FOIL/POLY  ARGLAES PRTD 7.3750 IN,70
2535,LCP-464 FOIL/POLY UNPRTD 7.3750 IN,70
2536,**INACTIVE**SBS BOX MEDLINE ARGLAES MSC9045,21
2537,MEDEGEN HANDISTRIPS,14
2538,AMS ALGINATE 2.0 IN NWF1-2CP 5cm,60
2539,**INACTIVE**STERIMED 4 X 4 TAPE PAD,14
2540,**INACTIVE**TATUDERM 6 X 8 SHEETS,14
2541,**INACTIVE**MEDEFFICIENCY 4 X 4 FOAM DRSG  MEDE-0044-Al,14
2542,TELEFLEX ADHESIVE DISC #84215,35
2543,SPENCO ADHESIVE KNIT 3X5 (SUB),7
2544,SPENCO ADHESIVE KNIT 3X5 INTERNATIONAL 308-1635,14
2545,"**INACTIVE**3M 1527 PLASTIC TAPE 9.75""",0
2546,**INACIVE**MEDEFFICIENCY 4 X 4 FOAM DRSG (SUB),7
2547,LABEL MEDEFFICIENCY 4X4 POUCH LABEL,21
2548,TYVEK CHEVRON  POUCH 6.25 X 7.5,42
2549,TATUDERM 6 X 8 SHEETS (SUB),14
2550,CS TATUDERM LABEL 6X8,21
2551,**INACTIVE**ADH KNIT TM9478,35
2552,"MEDI STRIP SCHEIN 1/2 X 4, 200PK/CS HS900-4314",14
2553,"MEDI STRIP SCHEIN 1/4 X 3, 200PK/CS HS900-4315",14
2554,"MEDI STRIP SCHEIN 1/4 X 1.5, 200PK/CS HS900-4316",14
2555,"MEDI STRIP SCHEIN 1/8 X 3, 200PK/CS HS900-4317",14
2556,"MEDI STRIP SCHEIN 1/4 X 4, 200PK/CS HS900-4318",14
2557,"MEDI STRIP SCHEIN 1 X 5, 100PK/CS HS900-4319",14
2558,YOU NICE ACNE DRSG 1.75 X 3.25 CARD W/DISCS,14
2559,**INACTIVE**HEMCON 1 X 3 KYTOFLEX 10/CARTON,14
2560,**INACTIVE**SEMI-GLOSS LABEL STOCK 3.5 IN,35
2561,HEMCON OTC SBS BOX (10/BOX),21
2562,HEMCON SHIPPER LABEL 10 BANDAGE,21
2563,HEMCON PRIMARY POUCH LABEL,21
2564,3 MIL CLEAR PET 10.25 IN,42
2565,**INACTIVE**DWF .00125 10.25 IN,35
2566,SBS BOX MEDLINE ARGLAES MSC9069,21
2567,MEDLINE ARGLAES ALGINATE 4  MSC9145,14
2568,MEDLINE ARGLAES ALGINATE 6X9 MSC9169,14
2569,SPENCO 2nd Skin ADHESIVE KNIT 308-1361 (Non-Sterile),14
2570,**INACTIVE**MOIST BURN PAD INSERT IFU NDC,21
2571,CASE 8-1/2 X 6-3/8 X 5-3/4,7
2572,"IMPAK 5"" X 6"" SILVER ZIP FOIL POUCH",35
2573,BOX 14.96 X 14.17 X 6.30,14
2574,SPENCO NON-STERILE IFU INSERT - MUST PURGE CURRENT INVENTORY!!!!,21
2575,CS RX1038P 5.4 IN WHITE WOVEN FABRIC 24.5 MIL W/MEDICAL PSA,35
2576,SPENCO INTERNATIONAL ADH. KNIT CARTON 308-1635,0
2577,CS 25 MIL PU FILM 13 IN,28
2578,SPENCO ADH. KNIT CARTON 308-1361 - Must purge current inventory!,0
2579,AMCOR PPG-30 PAPER 8.0 IN UNPRINTED,35
2580,"""PURGE"" BOX 9-13/16 X 5-1/2 X 3-3/8",7
2581,MEDICAL ACTION SM HUB PROTECTOR R1191,14
2582,HS MEDISTRIP .5 X4 PRTD TYVEK 8.75 WEB,42
2583,**INACTIVE**LCP-464 FOIL/POLY  ARGLAES PRTD 7.125 IN,42
2584,POUCHING PET 10.5 IN,42
2585,**PURGE**PRTD INSERT MEDLINE ARGLAES MSC9145 & MSC9123,14
2586,SBS BOX MEDLINE ARGLAES MSC9145,21
2587,**INACTIVE**MEDLINE ARGLAES ALGINATE 6 MSC9169 (SUB),7
2588,AMS ALGINATE 2.75 IN NWF1-2CP 7cm,48
2589,PRTD INSERT MEDLINE ARGLAES MSC9169,21
2590,SBS BOX MEDLINE ARGLAES MSC9169,21
2591,"MACTAC TM9946 1/16"" THK FOAM 3.0 IN",21
2592,HEMCON OTC BANDAGE BULK PACKAGE RM6109 REV.1,14
2593,JARS 12 OZ ALERT AQUA PATCH 1 IN SQ,42
2594,JARS 12 OZ ALERT AQUA PATCH 3 IN CIR,42
2595,HYDROMED ANCHOR TEMPLATE,0
2596,SPENCO QUICK STIK CARTON #307-1123,0
2597,BOX 12 X 6 X 8 #S-4710,2
2598,HS MEDISTRIP .5 X 4 SBS BOX,21
2599,HS MEDISTRIP .5 X 4 SBS TRAY,21
2600,HS LABEL MEDISTRIP .5 X 4 CASE,21
2601,HS MEDISTRIP .25 X 3  PRTD TYVEK  7.25 WEB,42
2602,HS MEDISTRIP .25 X 3 SBS BOX,21
2603,HS MEDISTRIP .25 X 3 SBS TRAY,21
2604,HS LABEL MEDISTRIP .25 X 3 CASE,21
2605,HS MEDISTRIP .25 X 1.5 PRTD TYVEK 7.25 WEB,42
2606,**INACTIVE**HS MEDISTRIP .25 X 1.5 SBS BOX,21
2607,**INACTIVE**HS MEDISTRIP .25 X 1.5 SBS TRAY,21
2608,HS LABEL MEDISTRIP .25 X 1.5 CASE,21
2609,HS MEDISTRIP .125 X3  PRTD TYVEK 7.25  WEB,42
2610,**INACTIVE**HS MEDISTRIP .125 X 3 SBS BOX,21
2611,**INACTIVE**HS MEDISTRIP .125 X 3 SBS TRAY,21
2612,**INACTIVE**HS LABEL MEDISTRIP .125 X 3 CASE,21
2613,HS MEDISTRIP .25 X 4 PRTD TYVEK 8.75 WEB,42
2614,HS MEDISTRIP .25 X 4 SBS BOX,21
2615,HS MEDISTRIP .25 X 4 SBS TRAY,21
2616,HS LABEL MEDISTRIP .25 X 4 CASE,21
2617,**INACTIVE**MEDISTRIP SCHEIN 1X5 (SUB) 100 PK/CS HS900-4319,7
2618,HS MEDISTRIP 1X5 PRTD TYVEK 3.62 IN.,42
2619,**INACTIVE**HS MEDISTRIP 1X5 SBS BOX,21
2620,**INACTIVE**HS MEDISTRIP 1X5 SBS TRAY,21
2621,7.75 IN 92# POLY COATED 2 SIDE C1S-S-0 RELEASE LINER,42
2622,6.625 IN 92# POLY COATED 2 SIDE C1S-S-0 RELEASE LINER,42
2623,HS LABEL MEDISTRIP 1 X 5 CASE,21
2624,"4 FOG FILM 12.25"" X 500 LY #6-PRS-0067",42
2625,BOX 16 X 16 X 12 DW #S-11253,2
2626,**INACTIVE**SPENCO SKIN MOIST PADS 2X3 HYDROGEL CANADA 308-1577,14
2627,"""PURGE"" PSS 4X5 BULK CASE LABEL #4786",21
2628,CS SPENCO MOIST PAD 2X3 CANADA CARTON #308-1577,21
2629,**INACTIVE**SPENCO SKIN MOIST PADS 2x1.5 HYDROGEL 308-2385,14
2630,**INACTIVE**GAMMA DOSE AUDIT (SUB),0
2631,SPENCO 2X1.5 PRTD FOIL 13.386 IN PRODUCT#202.1 - MUST PURGE!!,42
2632,BOX 7-1/2 X 6-5/16 X 4-3/4,7
2633,CS SPENCO MOIST PAD 2 X 1.5 CARTON #308-2385,21
2634,SPENCO SKIN MOIST PAD 2X1.5 HYDROGEL (SUB),7
2635,**INACTIVE**SPENCO SKIN MOIST PADS 2X1.5 HYDROGEL 1569 BULK,14
2636,**INACTIVE**SPENCO SKIN MOIST PADS 3x4 HYDROGEL 308-1544 BULK,14
2637,**INACTIVE**SPENCO SKIN MOIST PAD 3X4 HYDROGEL (SUB),7
2638,SPENCO 3X4 PRTD FOIL 13.78 IN PRODUCT#202.1 - MUST PURGE!!,42
2639,"""PURGE"" ALCAN KPK-105 HDPE FILM 14.055 IN",42
2640,BOX 11-13/16 X 9-13/16 X 4-3/4,7
2641,SPENCO 2ND SKIN 39 SI DRSG Sheets 308-1353,14
2642,"**INACTIVE**SPENCO 1"" SQ 200/JAR 308-1585 (old customer number)",14
2643,**inactive**SPENCO CANADA BLISTER PADS 308-1601,14
2644,SPENCO 39 SQ IN CARTON #308-1353,0
2645,**INACTIVE**BOX 6-3/16 X 10-17/8 X 3-5/8,14
2646,**INACTIVE**BOX 6-3/16  X 10-7/8 X 3-5/8,14
2647,SPENCO 2X3 PRTD FOIL 13.78 IN PRODUCT#202.1 - MUST PURGE!!!,42
2648,9x4.25 CORR DIVIDER,14
2649,BOX 16 X 6 X 4  #S-4990,1
2650,HEMCON CHITOFLEX 2.75 IN (SUB),7
2651,**INACTIVE**MPM 6 x 8 MULTI LAYERED DRESSING MP00076,14
2652,HEMCON 2X2 FOAM DRSG,14
2653,**INACTIVE**MPM 6 X 8 (4 X 6) ML DRSG (SUB),7
2654,**INACTIVE**LABEL MPM 6 X 8 ML DRSG MP00076,21
2655,KPK-103D POUCHING PET 14.125,28
2656,KPK-103D POUCHING PET 12.00 IN,28
2657,**INACTIVE**3-SIGMA 7 IN,0
2658,IFU HENRY SCHEIN ENGLISH VERSION,21
2659,**INACTIVE**SPENCO INTERNATIONAL BLISTER KIT 308-1668,14
2660,"PALLET 48"" X 40"" HEAT TREATED ISPM 15 #H-1260",5
2662,"**INACTIVE**7.0"" 42# SCK C1S S-0 XTRA EASY LNR",21
2663,SPENCO INTERNATIONAL BLISTER KIT CARTON #308-1668,0
2664,"POUCH PRTD 4.875"" X 6.0"" WHITE FLAT ZIPSEAL/TEARNOTCH - PURGE!!",56
2665,7.875 IN 92# POLY COATED 2 SIDE C1S-S0 REL LNR,21
2666,8.25 IN 92# POLY COATED 2 SIDE C1S-S-0 REL LINER,21
2667,BOX 14-3/16  X 12-11/16 X 6-5/16,7
2668,4-3/4 X 10 CORRUGATED PAD,7
2669,"""PURGE"" AVERY MED 5042 2MIL 9.75 IN",42
2670,**INACTIVE**SPENCO 3x4 MOIST BURN PAD 308-1536,14
2671,SPENCO 39 SI DRSG KIT INTERNATIONAL  308-1643,14
2672,**INACTIVE**SPENCO LOT & EXPIRY LABEL .5X1.5 RCR (SUB),7
2673,SPENCO AMCOR PRINTED PAPER 8.0 IN (SUB),7
2674,BOX 14-3/4 X 11 X 6-11/16,7
2675,"**INACTIVE**2 MIL CLR TC PET/REP-16/40# 7.0"" LINER M5360440S00",28
2676,**INACTIVE**HYDROMED OCULAR OCCLUDER 715-03900-000,14
2677,"""PURGE"" CS SPENCO BLISTER PAD CANADA CARTON #308-1601",21
2678,"SPENCO 3"" CIR JAR HWC 308-1593",14
2679,MED REL 78# LNR 9.75 IN,21
2680,SPENCO 39 SQ IN INTERNATIONAL CARTON #308-1643,21
2681,BOX 9-9/16 X 8-13/16 X 6-1/2,7
2682,CS SPENCO MOIST PAD 3X4 CARTON 308-1544,21
2683,**INACTIVE**OLCOTT PLASTICS 12 OZ FOAM LIDS,0
2684,S. EAGLE  CLR NASAL STRIPS 30CT SM/MED 92130 WLG,14
2685,S. EAGLE CLR  NASAL STRIPS 30CT LARGE 92230 WLG,14
2686,**INACTIVE**ARGENTUM 3X10 WOUNDPAD NS BULK  WPD310,14
2687,"**INACTIVE**ARGENTUM TROCHOR ID 2.5X3 W/PAD NS,BULK-NO POUCH",14
2688,"ARGENTUM 2X8 WOUND PAD NS, BULK WPD28",14
2689,"ARGENTUM 2X10 WOUND PAD NS,BULK WPD210",14
2690,"ARGENTUM 2X12 WOUND PAD NS,BULK WPD212",14
2691,"ARGENTUM 4X4 WOUND PAD NS, BULK WPD44",14
2692,MUELLER BULK UNPRT  NO GLARE STRIPS - 4/SHT,14
2693,"**INACTIVE**SPENCO 1"" SQ 200/JAR   FRONT LABEL",21
2694,"**INACTIVE**SPENCO 1"" SQ 200/JAR BACK LABEL",21
2695,"SPENCO 3"" CIR JAR FRONT LABEL",21
2696,"SPENCO 3"" CIR JAR BACK LABEL",21
2697,HEMCON 1.0 X 3.875 TAN OTC BULK 502100-100-00,14
2698,HEMCON PRTD FOAM TAN 4.375 IN (SUB),7
2699,**INACTIVE**3M 1774T FOAM 4.375 IN,35
2700,**INACTIVE**3M 1525L 2 IN (SUB),7
2701,**INACTIVE**HYDROMED EYE OCCLUDER (SUB),7
2702,**INACTIVE**HYDROMED-EYE OCULAR OCCLUDER,14
2703,**INACTIVE**GERITREX 4X4 HYDROCOLL,14
2704,"""PURGE"" MPM 2x1.5 PRINTED FOIL 13.386 IN",42
2705,S. EAGLE CLR NASAL STRIPS 30CT LARGE 92230 (SUB),7
2706,**PURGE** DM 8010 SC 3 MIL PE 4.5 IN,35
2707,"""PURGE"" DM 7010 SC 10 MIL PET 3.73 IN",35
2708,* PURGE* CS S.EAGLE NASAL STRIPS INSERT ENGLISH,28
2709,CS S.EAGLE NS CLR WLG LGE  30 CT CTN,28
2710,ASO 2X2 PRINTED FOIL 13.78 IN,42
2711,MEDLINE GENTAC 2x5 LY SILICONE W/ 1/8 IN EXT LINER MSC1585,14
2712,"""PURGE""SILICONE RX 1341P 3 MIL 4.25 IN",63
2713,"""PURGE"" SBS BOX MEDLINE GENTAC MSC1583",21
2714,"MEDLINE GENTAC .75 X 3.3 LY SILICONE W/ 1/8"" EXT. LNR MSC1583",14
2715,"""PURGE""SILICONE RX 1341P 3 MIL 3.5 IN",63
2716,"""PURGE""  SBS BOX MEDLINE GENTAC MSC1585",60
2717,S. EAGLE CLR NASAL STRIPS 30CT SM/MED 92130  (SUB),7
2718,CS S.EAGLE NS CLR WLG SM/MED 30 CT CTN,28
2719,MEDLINE ARGLAES ALGINATE 2 3/8 X 3 1/4 MSC9123,0
2720,**INACTIVE**MEDLINE ARGLAES ALGINATE  MSC9123 (SUB),7
2721,**INACTIVE**AVERY MED 9560S 3.661 IN (131mm),84
2722,**INACTIVE**LCP-464 FOIL/POLY  ARGLAES PRTD 5.812 IN,42
2723,TATUDERM ROLL 6 IN X 42 IN (SUB),14
2724,**INACTIVE**PRTD INSERT MEDLINE ARGLAES MSC9123,21
2725,**PURGE**SBS BOX MEDLINE ARGLAES MSC9123,21
2726,EASY REL LNR 1.25 IN PRINT # 2 (SUB),21
2727,**INACTIVE**TYVEK 1059B 9.0 IN,42
2728,POUCHING PET 9.0 IN,42
2729,SEMI-GLOSS 1 IN  # 1 (SUB),21
2730,"**INACTIVE**SEMI-GLOSS LABEL STOCK 2.0"" PERMANENT PSA",35
2731,**INACTIVE**PRTD FOIL/PET 4X10 ALGINATE 7.00 IN (SUB),7
2732,PRTD FOIL/PET 4X5 ALGINATE 7.375 IN (SUB),7
2733,**PURGE**PRTD FOIL/PET 2X3 ALGINATE 5.812 IN (SUB),7
2734,**INACTIVE**SPENCO SKIN MOIST PAD 2X3 HYDROGEL BULK 308-1551,14
2735,PSS 2 X 3 THIN FILM BULK NS 4785,14
2736,PSS 4 X 5 THIN FILM BULK NS 4786,14
2737,"**INACTIVE**MPM EXCELGINATE 4 X 4 DRSG (10/BG, 5BG/CS) MP00801",14
2738,MPM ExcelGinate Calcium Alginate 4x4 Dressing MP00802,64
2739,**INACTIVE**SCAPA SINGLE COATED SILICON GEL ADH RX1267P 6.50 IN,35
2740,MACTAC MACDOT TM2044 18.9 IN,28
2741,"2 MIL POLY BAGS 14"" X 20"" S-1351",3
2742,LMI MEDISPONGE 30W 1/16 THICKNES 3.75 IN,35
2743,**INACTIVE**DAL PLASTICS WHITE 4 MIL 4.0 IN,42
2744,**INACTIVE**DM PU PATTERN 4.5 IN,56
2745,**INACTIVE**MCAIR T-501-S SUPERCORE ABSORBENT 2.50 IN,35
2746,**INACTIVE**3-SIGMA 2 MIL CLEAR PET/REP 4/40# 6.5 IN,0
2747,MARK TRAYNOR INVISTAPE 1.063 X 1.938 1525-2,14
2748,"""PURGE"" ACETATE FILM 5 MIL 4.125",35
2749,TIGHT REL 53# LNR 1.2 IN (SUB),21
2750,LCP-464 FOIL/PET UNPRTD 7.00 IN,42
2751,MEDICAL ACTION 2 PIECE SECURE SITE R1255,14
2752,CORE 1  X  .75  X .090 WHITE PAPER CORE,7
2753,CORE .650 x 3 x .100 PLASTIC CORE ID,7
2754,S. EAGLE  TAN NASAL STRIPS LARGE (SUB),7
2755,"*PURGE*DM 2035 V. 1573 R.NW CTD W/MED GRD ACR PSA & 78#LNR 4.5""",35
2756,S. EAGLE PUBLIX TAN  NASAL STRIPS 30CT LARGE 91230 PUB ECO,14
2757,"""PURGE"" CS S.EAGLE TAN NS PUBLIX LGE  30 CT CTN",28
2758,S. EAGLE  CLR PUBLIX NASAL STRIPS 30CT SM/MED 92130 PUB,14
2759,"""PURGE"" CS S.EAGLE NS CLR PUBLIX SM/MED 30 CT CTN - 92130 PUB",28
2760,**INACTIVE**S. EAGLE CLR PUBLIX  NS 30CT LARGE,14
2761,**INACTIVE**CS S.EAGLE NS CLR PUBLIX LGE  30 CT CTN,0
2762,S. EAGLE TAN LAURA LYNN NS 30CT LARGE,14
2763,"""PURGE"" CS S.EAGLE NS TAN LAURA LYNN LGE  30 CT CTN",28
2764,S. EAGLE  CLR LAURA LYNN NASAL STRIPS 30CT SM/MED 92130 LL,14
2765,"""PURGE"" CS S.EAGLE NS CLR LAURA LYNN SM/MED 30 CT CTN",28
2766,**INACTIVE**CS MPM PRT POUCH 5.71 X 6.50,0
2767,CS ALGINATE 4 X 8,28
2768,CS ZIPLOCK BAG 7.75 X 10,28
2769,**INACTIVE**ASO 4X4 PRINTED FOIL 12.78 IN,42
2770,BOX 10 X 8 X 6  #S-4103,1
2771,EASY RELEASE 78# C1S-0 LNR 14 IN,28
2772,"PRTD TATUDERM POUCH CORNER STYLE 11.25"" X 7""TD6X5-CO",42
2773,8 X 4 X 18 POLYBAG S-7494,1
2774,**PURGE**PRTD INSERT MEDLINE ARGLAES MSC9023 MSC9045,21
2775,**INACTIVE**SBS BOX MEDLINE ARGLAES MSC9023,21
2776,**PURGE**SBS BOX MEDLINE ARGLAES MSC9045,21
2777,"8"" X 8"" 2 mil ZIPLOCK BAG",1
2778,"6"" X 6"" 2 mil ZIPLOCK BAG #S-1697",1
2779,3M MSX-5527 6 IN,35
2780,3M 9485PC 6 IN,21
2781,**INACTIVE**HOLDENWEAR BODPOCKET 2.75x4,14
2782,**INACTIVE**HOLDENWEAR BODPOCKET PRT 2.75x4 (SUB),7
2783,PMS COLOR 288C,21
2784,**INACTIVE**CS SCAPA LS 10969 (BIOFLEX RX 1038P) 5.4 IN,35
2785,0.60 5 MIL CLEAR PET/REP 4/40# (SUB),7
2786,"""PURGE""PRTD TYVEK 15.125 IN MEDLINE FM 4X5",42
2787,"""PURGE""PRTD TYVEK 12.625 IN MEDLINE FM 3X3",42
2788,"""PURGE""PRTD TYVEK 12.625 IN MEDLINE FM 3X3 FEN",42
2789,PSS 4 X 4 FOAM ADHESIVE DRSG 4675,14
2790,PSS 6 X 6  FOAM ADHESIVE DRSG 4676,14
2791,PSS 4X4 FOAM ADHESIVE DRSG (SUB),7
2792,*INACTIVE* SCAPA 4005/800A PU FOAM TAPE 5.118 IN (130mm),35
2793,"FOAM 2.625 IN MEDISPONGE-50PW .125"" THK",35
2794,"""PURGE"" AMCOR PPG-30 16.625 IN PRTD PSS 4X4 ADHESIVE FOAM",42
2795,"""PURGE"" PSS CASE LABEL 4X4 STRL #4675",21
2796,"""PURGE"" SBS BOX PSS 4X4 FOAM ADHESIVE",21
2797,**PURGE**PSS 6X6 FOAM ADHESIVE DRSG (SUB),7
2798,*INACTIVE* SCAPA 4005/800A PU FOAM TAPE 7.087 IN (180mm),35
2799,"FOAM 4.625 IN MEDISPONGE-50PW .125"" THK",35
2800,"""PURGE""SBS BOX PSS 6X6 FOAM ADHESIVE",21
2801,"""PURGE""AMCOR PPG-30 15.125 IN PRTD PSS 6X6 FOAM ADHESIVE",96
2802,"""PURGE""PSS CASE LABEL 6X6 STRL #4676",21
2803,"SPENCO 1"" SQ 200/JAR FRONT & BACK LABEL SETS",21
2804,**INACTIVE**MEDLINE GENTLELOCK 3.75X3.75 DRSG (SUB),7
2805,**INACTIVE**SCAPA SILICONE RX1267P 4.25 IN,35
2806,DM TRANSFER 1138 3.0 IN,35
2807,LMI MEDISPONGE 30W 1/16 THICKNES 3.0 IN,49
2808,MCAIR T-501 SUPERCORE ABSORBENT 1.5 IN,56
2809,SCAPA LS11070 2.375 IN,35
2810,MPM 6 X 6 HYDCOLLD WOUND DSG MP00607,14
2811,**INACTIVE**MEDLINE GENTLELOCK  5 X 5 (SUB),7
2812,SCAPA SILICONE RX 1341P 3 MIL 5.75 IN,63
2813,DM TRANSFER 1138 3.5 IN,35
2814,"""PURGE"" 3M 9833 5.75 IN",45
2815,MCAIR T-501 SUPERCORE ABSORBENT 2.0 IN,35
2816,SCAPA LS11070 3.50 IN,35
2817,CS MPM AUTOBAG 6.25 IN X 9.25 IN,42
2818,**INACTIVE**MPM WoundGard 6x8 Pad MP00099C,14
2819,**INACTIVE**MPM 6X8 WOUND GUARD (SUB),7
2820,**INACTIVE**TATUDERM 6X8 SHEET SINGLE POUCHED BULK,7
2821,FIRST CHOICE BRD GAUZE 4 X 4 W/ 2.5 X 2.5 PAD NS,14
2822,FIRST CHOICE BRD GAUZE 6X6 W/ 4.25 X 4 PAD NS,14
2823,FIRST CHOICE BRD GAUZE 4 X 4 W/ 2 X 2.5 PAD STERILE,14
2824,FIRST CHOICE BRD GAUZE 6X6 W/ 4 X 4.25 PAD STERILE,14
2825,FIRST CHOICE 2 X 2 HYDROCOLLOID,14
2826,FIRST CHOICE 4 X 4.25 HYDROCOLLOID,14
2827,FIRST CHOICE 6 X 6.5 HYDROCOLLOID,14
2828,FIRST CHOICE 2 X 10 LY RETENTION TAPE,14
2829,FIRST CHOICE 4 X 10 LY RETENTION TAPE,14
2830,FIRST CHOICE 6 X 10 LY RETENTION TAPE,14
2831,*INACTIVE*MPM 6 X 6 HYDCOLLD WOUND DSG (SUB),7
2832,"9"" x 12 "" 2 MIL ZIPLOCK BAG",2
2833,"""PURGE""PRTD TYVEK 14.125 IN MPM FM W/ FEN 4X4",42
2834,"""PURGE""PRTD TYVEK 14.125 IN MPM FM 4X4",42
2835,MEDLINE GENTLELOCK 5X5 MSC1755EP,14
002835HAND,MEDLINE SORBILOCK 5x5 MSC1755EP,14
2836,"""PURGE"" DM 1210 TAN NW UNCOATED 4.5 IN.",28
2837,*PURGE*3M 9917 NW DC 4.5 IN.,35
2838,MEDLINE SBS BOX 5 X 5 GENTLELOCK,21
2839,CS S.EAGLE NS CLR HARVARD SM/MED 30 CT CTN - 92130 HVD,28
2840,CS MEDLINE SORBILOCK 5X5 BOOKLET LABEL,42
2841,MEDLINE GENTLELOCK 3.75X3.75 MSC1733EP,14
2842,**INACTIVE**POUCH CHEVRON 6.25 X 7.5 TYVEK/PET SORBILOCK 3X3,28
2843,**INACTIVE**MEDLINE SORBILOCK 3X3 INSERT,21
2844,MEDLINE SBS BOX 3.75X3.75 GENTLELOCK,21
2845,**INACTIVE**BOX- 6.5 X 2 X7.75,7
2846,**INACTIVE**MEDLINE SORBILOCK 3X3 BOOKLET LABEL,42
2847,LABEL MPM 6x6 HYDROCOLLOID MP00607,21
2848,"""PURGE"" SBS BOX BIO-IMPEDANCE ELECT TAPE",60
2849,"CORE 3.032"" X 4.5"" X .250"" BROWN PAPER",7
2850,"COROPLAST CIRCLE 11.75"" OD/ WITH 3.0"" ID",14
2851,BUSSE  1 X 5 MACTAC LABELS ON ROLL 6760A,14
2852,TATU YOU 6 X 42 THIN FILM DRESSING TD-6X42-CO,14
2853,MEDLINE 1X3.5 BANDAGE PRTD TYVEK 8.75 IN,42
2854,MEDLINE 2X4.5 BANDAGE PRTD TYVEK 7.25 IN,42
2855,**INACTIVE**MEDIUM REL 53# LINER 6 IN,21
2856,**INACTIVE**MACTAC TM8710 .5 MIL PET/SILK MP899 60# SCK 5.5 IN,6
2857,AVERY MED 9561S 5.157 IN (131mm),84
2858,AVERY MED 9561S 3.661 IN (93mm),84
2859,EASY RELEASE 42# SC1 S-20 LINER 1.2IN,35
2860,"SPENCO 1"" SQ 200/JAR  308-2412",14
2861,1059B UNCTD TYVEK 12.625 IN,42
2862,CS SACHET 75 X 75mm W/ 50 X 50mm T-501-S ABSORBANT CORE,35
2863,CS S.EAGLE NS CLR HARVARD LGE  30 CT CTN - 92130 HVD,28
2864,S. EAGLE CLEAR SM/MD HARVARD NASAL STRIPS - 92130 HVD,21
2865,S. EAGLE CLEAR LG HARVARD NASAL STRIPS - 92230 HVD,21
2866,"PRTD TATUDERM POUCH CORNER STYLE 11.25"" X 7"" TD-6X42-CO",42
2867,BOX 18 X 12 X 12  #S-4181,3
2868,"PALLET 48"" X 40"" PRESSED WOOD PALLET #H-1032",1
2869,"MPM Isolate Hydrophilic Foam Dressing 3"" x 3"" MP00552",14
2870,MPM Isolate Hydrophilic Non-Brdr 4x5 Foam Drsg MP00553,14
2871,MPM Isolate Hydrophilic Non-Brdr 7x8 Foam Drsg MP00555,14
2872,*PURGE*PRTD TYVEK MPM ISOLATE FOAM 3X3 DRSG 12.625 IN,42
2873,*PURGE*PRTD TYVEK MPM ISOLATE FOAM 4X5 DRSG 15.125 IN,42
2874,*PURGE*PRTD TYVEK MPM ISOLATE FOAM 7X8 DRSG 10.5 IN,42
2875,**INACTIVE**MPM 3X3 ISOLATE FOAM (SUB),7
2876,**INACTIVE**MPM 4X5 ISOLATE FOAM (SUB),7
2877,**INACTIVE**MPM 7X8 ISOLATE FOAM (SUB),7
2878,BOX 13-1/4 X 10-1/4 X 9  #S-4956,1
2879,*PURGE* FOAM 7.5 IN MS 50PW W/PU BARRIER 0.25THK,120
2880,"*PURGE* FOAM 13.25 IN MS 50PW W/PU BARRIER 0.22"" THK",120
2881,"""PURGE"" FOAM 13.25 IN MEDISPONGE 50PW 0.22"" THK UNTRIMMED *RMS*",120
2882,"""PURGE"" FOAM 2.5 IN MEDISPONGE 50PW 0.22""THK *RMS*",120
2883,"""PURGE"" FOAM 4.5 IN MEDISPONGE 50PW 0.22""THK *RMS*",120
2884,**INACTIVE**MEDLINE SORBILOCK 5X5 SUPER ABSORBENT (SUB),14
2885,DM-5329 5.75 IN 42# PAPER/1.5# COLD SEAL(FLOODCOAT),42
2886,DM-5330 6.0 IN 2.6 HDPE/2.0 COLD SEAL(FLOODCOAT),42
2887,PLASTO P1182 SILVER PU FILM 5.748 IN,56
2888,MEDLINE RADIADRES PRINTED FOIL 12.78 IN,90
2889,"""PURGE"" MEDLINE CARRADRES PRINTED FOIL 12.78",42
2890,MEDLINE RADIADRES GEL SHEET 4 x 4 CRR101052,14
2891,MEDLINE CARRADRES GEL SHEET 4 x 4 CRR101053,14
2892,**PURGE**INSERT SPENCO STERILE IFU,14
2893,"MEDLINE PRTD (#1) ARGLAES TIGHT REL 53# LNR 3"" (SUB)",7
2894,MEDLINE PRTD (#1) ARGLAES TIGHT 53# LNR 5.5 IN (SUB),7
2895,**PURGE**INSERT MEDLINE ARGLAES MSC9169,21
2896,OPAQUE OVER-LABEL ARGLAES MSC9169,21
2897,**INACTIVE**MEDLINE PRTD (#2) EASY REL 42# LNR 1.25 IN (SUB),21
2898,HYDROMED SLIT PU FILM 7 IN (SUB),7
2899,**INACTIVE**CATH-STRIP SLIT LINER 1.344 IN (SUB),21
2900,"CS 1.5"" Offcut 25 Mil PU Film",28
2901,"""PURGE"" PSS Prtd 78# Liner CLS SC1 Tight 3.75 IN",21
2902,"""PURGE""PSS Prtd 78# Liner CLS SC1 Tight 2.75 IN",21
2903,4.50 IN 92# POLY COATED 2 SIDE C1S-S-0 REL LINER,42
2904,"4.0 Plastic Core 3"" I.D""",21
2905,BOX 9 X 8 X 6 #S-4950,5
2906,MEDRAD NEONATE PULSE OXIMETER NONWOVEN,0
2907,MEDRAD NEONATE PULSE OXIMETER WOVEN,0
2908,EXOPACK PU FOAM 5.118 IN SCORED (SUB),21
2909,EXOPACK PU FOAM 7.087 IN SCORED (SUB),21
2910,Reinforced 3.0 and 3M 1524 3.375 Combined (SUB),70
2911,Reinforced 4.25 and 3M 1524 4.625 Combined (SUB),70
2912,REWOUND NW 2089 K TAPE 4.72 IN. (SUB),7
2913,"MACTAC TM8710 .5 MIL PET/SILM MP899 60"" SCK 4.5",6
2914,DIECUT 5X5 SILICONE ADHESIVE MSC1755EP (SUB),7
2915,"3.125""X3.125"" LMI MEDISPONGE/ADH (SUB)",7
2916,**INACTIVE**MCAIR T-501 SUPERABSORBENT 2X2 (SUB),7
2917,**INACTIVE**PRTD TYVEK 1059B MPM 6X6 HYDROPHILIC FM 10 IN,42
2918,**PURGE**MEDLINE GENTLELOCK 5X5 HAND ASSEMBLED (SUB),7
2919,TATUDERM 4X6 THIN FILM,14
2920,TATUDERM 4x6 THIN FILM (SUB),14
2921,Carrot-Top Industries Electrode Tape (Sub),14
2922,MPM 4X4 WOUNDGARD AUTOBAGS  4.25 X 5,35
2923,"*PURGE* PRTD TATUDERM 1059B TYVEK POUCH 7"" X 9"" TD SAMPLE",42
2924,LCP-464 FOIL/PET 4X10 ALGINATE PRTD 12.25 IN,70
2925,MEDLINE PRTD INSERT RADIADRES,21
2926,"""PURGE"" MEDLINE PRTD INSERT CARRADRES",21
2927,MEDLINE SBS BOX RADIADRES 4x4 HYGEL,60
2928,"""PURGE"" MEDLINE SBS BOX CARRADRES 4X4 HYDGEL",60
2929,**INACTIVE**SILICONE Rx1364P 3 MIL 3.5 IN,42
2930,**INACTIVE**SILICONE Rx1364P 3 MIL 4.25 IN,42
2931,**INACTIVE**SILICONE Rx1364P 3 MIL 5.75 IN,42
2932,**INACTIVE**MEDIKMARK THIN FILM 2.375X2.75 WNDW OUT 001381,14
2933,**INACTIVE**MEDIKMARK THIN FILM 4X5 WNDW OUT BULK,14
2934,"""PURGE"" AMPARO R0001-20 HYDROCOLLOID 9.252 IN.",28
2935,**INACTIVE**MEDLINE DRSG SURESITE 2.375 X 2.75 FRAME  (MSC52280),14
2936,**INACTIVE**MEDLINE DRSG SURESITE 4.75 X 4 FRAME/LABL (MSC52281),14
2937,PSS REPARA TARGET GRID PET 16.625 IN,42
2938,PSS REPARA TARGET GRID PET 15.125 IN,42
2939,"""PURGE""PRTD TYVEK 14.125 IN MPM 4X4 NON BRD FM",42
2940,S. EAGLE  CLR KROGER NASAL STRIPS SM/MED 92140 KRG,14
2941,S. EAGLE CLR KROGER  NASAL STRIP LARGE 92240 KRG,14
2942,S. EAGLE KROGER TAN  NASAL STRIPS 48CT LARGE,14
2943,Manoj TO - Printing of Sealing matl for in-line heat seal,14
2944,MEDLINE CURAD SCAR THERAPY SILICONE PAD,14
2945,**INACTIVE**BSN MEDICAL 4 X 4 FOAM DRSG 410008,14
2946,*PURGE*CURAD PRTD 3.875 IN 48GA MET PET/2.0MIL LDPE(PROD#17),42
2947,*PURGE*4.0 IN 48GA MET PET/2.0MIL LDPE (PROD#43) PEELABLE WHITE,42
2948,CURAD SCAR THERAPY SBS BOX,21
2949,CURAD SCAR THERAPY INSERT,21
2950,"""PURGE"" 12"" x 9"" x 7"" BOX #S-4488",1
2951,"""PURGE""SILICONE RX 1341P 3 MIL 2.813 IN",63
2952,KROGER CLEAR SM/MED STRIPS 40 CT CTN #52140 CAD#6967F,28
2953,FiltRX MICROFILTERS 50/BAG,0
2954,KROGER CLEAR LARGE STRIPS 40 CT CTN #52240 CAD#6967F,28
2955,CS S. EAGLE KROGER TAN  NASAL STRIPS 48CT LARGE CTN,28
2956,"PRTD GENTLELOCK 12.625"" PLP-006 PAPER",48
2957,"PRTD GENTLELOCK 22.125"" PLP-006 PAPER",48
2958,POLY SCIENCE PS-1006 TAPE 3.25 IN,28
2959,POLY SCIENCE 002-7300-7350  PET LNR 4.0 IN,35
2960,CS FILTRX MICROFILTERS FILTER MEDIA,28
2961,CS FILTX MICROFILTER CTN,28
2962,"MPM Isolate Hydrophilic Foam Drsg 3"" x 3"" MP00552C",14
2963,MPM Isolate Hydrophilic Foam Drsg 4x5 MP00553C,14
2964,MPM Isolate Hydrophilic Foam Drsg 7x8 MP00555C,14
2965,"MPM Isolate Hydrophilic Foam Drsg 6"" x 6"" MP00554C",14
2966,"""PURGE"" PRTD TYVEK MPM ISOLATE 3X3 DRSG 12.625 IN ""C""",42
2967,"MPM ISOLATE 4X5 DRSG 15.125 IN ""C"" PRTD PPG-30 PAPER",42
2968,"""PURGE""PRTD TYVEK MPM ISOLATE 7X8 DRSG 10.5 IN ""C""",42
2969,"""PURGE""PRTD TYVEK MPM ISOLATE 6X6 DRSG 10.0 IN ""C""",42
2970,**INACTIVE**SPENCO SKIN BLISTER PADS 308-1080,14
2971,"""PURGE"" SPENCO AMCOR PRINTED PAPER 8.0 IN (SUB)",7
2972,CS FILTRX FILTER MEDIA 3.50 IN,14
2973,FILTRX NASAL FILTER PRTD COLD SEAL (SUB),7
2974,3M MSX-6675 6 IN,35
2975,BASTOS VIEGAS 2.375  X  2.75 TAB DEL DRSG,14
2976,MEDLINE DRSG SURESITE 2.375 X 2.75 FRAME  (MSC52280),14
2977,MEDLINE DRSG SURESITE 4.75 X 4 FRAME/LABL (MSC52281),14
2978,3M 9833 3.75 FILM/CARRIER,45
2979,3M 9833 5.75 FILM/CARRIER,45
2980,"""Purge"" ESP 60 LINER 4.0""",28
2981,"""Purge"" ESP 60 LINER 6.0""",28
2982,SBS BOX MEDLINE ARGLAES MSC9169Z,35
2983,CS FILTRX MICROFILTER IFU,28
2984,CS FILTRX MICROFILTERS CARTON,28
2985,KATECHO KM30B .040 HYDROGEL 2.3125 IN,35
2986,"MPM Excel Foam Non-Bordered 8"" x 4"" Dressing MP00526",63
2987,"CARRADRES OVER LABEL 4.5"" X 4.5""",14
2988,"""PURGE""PRTD TYVEK 7.25 IN MPM 8X4 FM DRSG",35
2989,MILLIPORE TEFLON VENT 306-00001-00,30
2990,CS FILTRX MICROFILTER BAG LABEL - FR101 Front,28
2991,FiltRX MICROFILTERS 5/BAG,0
2992,MPM SMALL TULIP SACRAL DRSG MP00087,14
2993,MPM MEDIUM TULIP SACRAL DRSG MP00088,14
2994,MPM LARGE TULIP SACRAL DRSG MP00089,14
2995,MPM SMALL TULIP DRSG (SUB),14
2996,MPM MEDIUM TULIP DRSG (SUB),14
2997,MPM LARGE TULIP DRSG (SUB),14
2998,MPM SMALL TULIP  PRTD PU SONTARA (SUB),7
2999,MPM MED TULIP PRTD PU SONTARA (SUB),7
3000,MPM LG TULIP PRTD PU SONTARA (SUB),7
3001,SPENCO SKIN MOIST PADS 3x4 HYDROGEL 308-1544 BULK,14
3002,SPENCO 3X4 PRTD FOIL 13.78 IN  PRODUCT#202.1,42
3003,SPENCO SKIN MOIST PAD 2X3 HYDROGEL BULK 308-1551,14
3004,SPENCO 2X3 PRTD FOIL 13.78 IN PRODUCT #202.1,42
3005,"MPM SM TULIP PRTD TYVEK POUCH 5.5""X6.75""",42
3006,"MPM MED TULIP PRTD TYVEK POUCH 7.5""X9""",42
3007,"MPM LG TULIP PRTD TYVEK POUCH 10""X12""",42
3008,SPENCO CANADA BLISTER PADS 308-6608,14
3009,SPENCO SKIN MOIST PADS 2X3 HYDROGEL CANADA 308-1577,14
3010,DELSTAR 8.4 NLYB-E/W 4.5 IN,56
3011,DELSTAR 8.4 NLYB-E/W 7 IN,56
3012,**INACTIVE**AFASSCO  1X1.5 AQUA SKIN BURN DRSG,14
3013,**INACTIVE**AFASSCO  1X1.5 AQUA SKIN BURN DRSG (SUB),14
3014,AFASSCO 1X1.5 PRTD FOIL 13.386 IN,42
3015,TIGHT REL 53# LNR 6.5 IN,21
3016,DERMD 6001 SONTARA PU 1 PSA 8.75 IN,35
3017,SPENCO SKIN MOIST PADS 2X3 HYDROGEL Intl 308-2429,14
3018,CS SPENCO MOIST BURN PAD 2X3 INTER CTN#308-2429,21
3019,BASTOS VIEGAS ANTI-FOG FILM SHIELD 260999060,14
3020,"DERMA SCIENCES SORBACELL FM DRSG, 4""X8"" RM84348",14
3021,"DERMA SCIENCES SORBACELL FM DRSG, 8""X10"" RM84381",14
3022,SPENCO SKIN MOIST PADS 2X3 HYDROGEL 308-1056,14
3023,SPENCO SKIN MOIST PADS 2x1.5 HYDROGEL 308-2385,14
3024,SPENCO SKIN MOIST PADS 2X1.5 HYDROGEL 1569 BULK 308-1569,14
3025,SPENCO 2X1.5 PRTD FOIL 13.386 IN PRODUCT 202.1,42
3026,CS FILTRX MICROFILTER BAG - FR102 Back,28
3027,"ESP 60 LINER 8.5""",21
3028,"3M 9833W 8.0""",60
3029,SPENCO 3x4 MOIST BURN PAD 308-1536,14
3030,SWISS AMERICAN 2X2 NON BORDERED FOAM BULK RM0420,14
3033,SPENCO INT'L SKIN BLISTER PADS STERILE 308-2428,14
3034,**PURGE**CS SPENCO INTL 2ND SKIN BLISTER PAD CARTON #308-2428,21
3035,S&N 4X4 COVRSITE DRSG 10/BX 59714000,14
3036,S&N 4X4 COVRSITE DRSG 30/BX 59714100,14
3037,S&N 6X6 COVRSITE DRSG 10/BX 59714300,14
3038,S&N 6X6 COVRSITE DRSG 30/BX 59714400,14
3039,S&N 4X4 COVRSITE PLUS DRSG 10/BX 59715000,14
3040,S&N 6X6 COVRSITE PLUS DRSG 10/BX 59715100,14
3041,"""PURGE""AMCOR RLE-005 PRTD COVRSITE 16.625 IN PP 06419-B",70
3042,"""PURGE""AMCOR RLE-005 PRTD COVRSITE PLUS 16.625 IN  PP 06420-B",70
3043,"""PURGE""AMCOR RLE-005 PRTD COVRSITE 15.125 IN PP 06418-B",70
3044,"""PURGE""AMCOR RLE-005 PRTD COVRSITE PLUS 15.125 IN PP 06421-B",70
3045,"""PURGE""SBS BOX S&N COVRSITE 4X4 10/BX PC 06422-B",60
3046,"""PURGE""SBS BOX S&N COVRSITE PLUS 4X4 10/BX PC 06426-B",56
3047,"""PURGE""SBS BOX S&N COVRSITE 4X4 30/BOX PC 06423-B",56
3048,"""PURGE""SBS BOX S&N COVRSITE 6X6 10/BX PC 06424-B",56
3049,"""PURGE""SBS BOX S&N COVRSITE 6X6 30/BX PC 06425-B",56
3050,"""PURGE""SBS BOX S&N COVRSITE PLUS 6X6 10/BX PC 06427-B",56
3051,**INACTIVE**INNOVATIVE PHARMACEUTICALS OVERLAY SHEET,0
3052,**INACTIVE*CS INNOVATIVE PHARMACEUTICALS PU FILM 6.812 IN.,0
3053,*PURGE*DM-8773 22# COLD SEAL PAPER 6 IN PRINTED TOP WEB,70
3054,DM-8773 22# COLD SEAL PAPER 6 IN PRINTED BOTTOM WEB,70
3055,MEDLINE CARING DRSG 4X4 W/ 2X2 PAD CRG1044,14
3056,**INACTIVE**DIECUT 3.75x3.75 SILICONE ADHESIVE MSC1733EP (SUB),7
3057,"2.38""x2.38"" LMI MEDISPONGE/ADH (SUB)",7
3058,**INACTIVE**MEDLINE GENTLELOCK 3.75X3.75 HAND ASSEMBLED (SUB),7
3059,PRTD TYVEK 12.626 IN MEDLINE CARING DRSG 4X4,42
3060,**PURGE**MEDLINE CARING DRSG 4X4 CRG1044 (SUB),7
3061,MEDLINE BAG LABEL 4x4 CARING DRSG CRG1044,21
3062,POLYFLEX PWF A/S 125 GAUGE 12.75 IN,21
3063,CS ZIPLOCK BAG MEDIDYNE,21
3064,TATUDERM 6 X 8 SHEETS TD6X8 (SUB),14
3065,"""PURGE"" TATUDERM 6X8 SHEET TD6X8",7
3066,"PRTD TATUDERM 1059B TYVEK POUCH 10"" X 12""",42
3067,"""PURGE"" 3M 9833 6.0 IN / CENTER SCORED LINER",35
3068,EASY RELEASE 78#C1S-0 LNR 7.00 IN,28
3069,ARGENTUM 4 X 4 PRTD ISLAND DRSG NS; BULK,14
3070,ARGENTUM 4 X 6 PRTD ISLAND DRSG NS: BULK,14
3071,ARGENTUM 4 X 10 PRTD ISLAND DRSG NS; BULK,14
3072,ARGENTUM 4 X 12 PRTD ISLAND DRSG NS; BULK,14
3073,ARGENTUM 4 X 14 PRTD ISLAND DRSG NS; BULK,14
3074,ARGENTUM 6 x 6 PRTD ISLAND DRSG NS; BULK,14
3075,MEDTECH DRAPE-SUCTION PORT DRSG COM-78-03340 Rev D,45
3076,"MUELLER MORE SKIN PACKET 1""X1"" PAD",14
3077,BOX 12 X 12 X 8 D.W. 275# B/C KRAFT RSC,7
3078,BOX 13.5 X 13.5  X 7.5 D.W. 275# B/C KRAFT RSC,7
3079,ARGENTUM PRTD DM 6001 SONTARA PU 4.5 IN (SUB),7
3080,MEDLINE MEDISTRIP 1/4 X 3 IN STERILE W/ EXP DATE NON250314X,14
3081,MEDLINE MEDISTRIP 1/8 X 3 IN STERILE W/ EXP DATE NON250318X,14
3082,S. EAGLE NICOSPAN SAMPLE,14
3083,S.E. NICOSPAN POUCH LCP-456 UNPRINTED,21
3084,SILVER EAGLE NICOSPAN POUCH LABEL,21
3085,**INACTIVE**CS SILVER EAGLE NICOSPAN FILM 6.5 IN,28
3086,S.  EAGLE LG CLEAR BULK 92202,14
3087,S.  EAGLE SM/MED CLEAR BULK 92102,14
3088,S.  EAGLE LG TAN BULK 91202,14
3089,"""PURGE"" PRTD TATUDERM POUCH CORNER STYLE 11.25"" X 7""TD 6 X 180",42
3090,"""PURGE"" BOX 10-7/8 X 6-7/16 X 3-11/16 200#C KRAFT RSC",7
3091,"IMPAK 3.38"" X 5.25"" SILVER ZIP FOIL POUCH W TEAR NOTCH",35
3092,S. EAGLE NICOSPAN PACKAGE,14
3093,POLYBAG GUSSET 10 X 4 X 20 .00075 THK Y23/G104020 S-11073,1
3094,"AHS I V TAPE CARD 1.5""X4""",14
3095,"FOAM 2.0 IN MEDISPONGE-50PW .125"" THK",120
3096,"FOAM 4.0 IN MEDISPONGE-50PW .125"" THK",120
3097,INSPIRE 7235 FOAM + PSA 5.118 IN (130mm),180
3098,INSPIRE 7235 FOAM + PSA 7.087 IN (180mm),180
3099,**INACTIVE**MEDLINE CARING FOAM SPOT 2X4 CRG1124 (SUB),7
3100,**INACTIVE**MEDLINE CARING FOAM SPOT 2X4 CRG1124,14
3101,CS 92# LINER 92PKb40N 4.0 IN,0
3102,DM-8767 PCH STK CAT OVERLAY 1&2 ITALY 22 IN Incoming Test,147
3103,MEDLINE SPOT FOAM DRSG PRTD PAPER 7.25 IN (SUB),7
3104,MEASRMNT SPLTY SMALL TEMPHRT 004518,14
3105,2 Mil Gusseted Bags 10x8x24 (S-1255),14
3106,THERMAL TRANSFER LABEL 3X5 GREEN #S-6936,2
3107,"3M 1524 8.268"" (210mm) X 72 LY (65.83M)",35
3108,"3M 1524 6.660"" (169.2mm) X 72 LY (65.83M)",35
3109,MEDLINE BAG LABEL CARING FOAM SPOT DRSG CRG1124,21
3110,MEDLINE OPTIFOAM GENTLE 5X5,7
3111,"FOAM 3.5 IN MEDISPONGE-50PW .125"" THK",49
3112,"FOAM 3.5 IN MEDISPONGE-50PW TAN .125"" THK",49
3113,PAPER # 2- 1.167 (SUB),21
3114,3M 1533 3.0 IN X 310 LY,35
3115,API HK CIRCULAR PORT REINFORCEMENT 14811,35
3116,BIO PERFORMA CLEAR NICODERM 21MG PLACEBO PATCH PACKAGED,0
3117,BIO PERFORMA**CS verify Artwork**CLR NICODERM 21MG PLACEBO PATCH,0
3118,1527LX 3M MSX6776 3.40625 IN,30
3119,ETHICON P_CAT ASSEMBLY,14
3120,**PURGE**DM-5637 22# COLD SEAL PAPER 6 IN PRINTED BOTTOM WEB,70
3121,SHRINK FILM ABLF 13 IN PRE PERF 50 GA VHGFP,35
3122,4 Mil Poly Bag 24x24 250/BX S-1522,1
3123,3M 9832W 3.75 IN,60
3124,3M 9832 5.75 IN,60
3125,"2 X 2 GREEN ANTIFOG PAD 3/16"" W/ BARIUM CORD / 3M 1577EL (RMS)",70
3126,"5720P MED Avery Tape - 4.5""",56
3127,"2 MIL CLR TC PET/REP-16/40# 10.0"" LINER M5360440S00",28
3128,"""PURGE""LABEL MPM 6 X 6.5 HYDROCOLLOID MP00608",21
3129,LABEL MPM 9 X 9 BRD FOAM MP00506,21
3130,DM 8150 LDPE 3 MIL DC 4.5 IN,35
3131,BOX 18 X 12 X 9 #S-4497,1
3132,MEDLINE CURAD NASAL TUBE HOLDER CURNASTUB50,14
3133,"2 MIL POLY BAGS 6"" X 18"" S-3079",7
3134,"4.0 3M 7323 .002 Mylar""",35
3135,"EXOPACK 2951 PINK PU FILM W/ ADH, 6""",35
3136,JENCO B1 PATCH 75 MG TSD75MG-B1,14
3137,"AKRON B1 PATCH 75 MG 2.5"" X 2.5"" *RMS*",35
3138,"""PURGE""DM-5637 22# COLD SEAL PAPER 6 IN PRINTED TOP WEB",70
3139,MUELLER MORE SKIN SQ 1 X 1 (JAR) B131401E,14
3140,"""PURGE"" CURAD MEDISTRIP 1/4 X 1-1/2 PRTD TYVEK 7.25 IN NON250114",42
3141,"""PURGE"" CURAD MEDISTRIP 1/4 X 3 PRTD TYVEK 7.25 IN NON250314",42
3142,"""PURGE"" CURAD MEDISTRIP 1/8 X 3 PRTD TYVEK 7.25 IN NON250318",42
3143,"""PURGE"" CURAD MEDISTRIP 1/2 X 4 PRTD TYVEK 8.75 IN NON250412",42
3144,"""PURGE"" CURAD MEDISTRIP 1/4 X 4 PRTD TYVEK 8.75 IN NON250414",42
3145,**PURGE**CURAD MEDISTRIP 1/4 X 1-1/2 SBS BOX NON250114,35
3146,"""PURGE"" CURAD MEDISTRIP 1/4 X 1-1/2 SBS TRAY NON250114",60
3147,"""PURGE"" CURAD MEDISTRIP 1/4 X 3 SBS BOX NON250314",35
3148,"""PURGE"" CURAD MEDISTRIP 1/4 X 3 SBS TRAY NON250314",60
3149,"""PURGE"" CURAD MEDISTRIP 1/8 X 3 SBS BOX NON250318",35
3150,"""PURGE"" CURAD MEDISTRIP 1/8 X 3 SBS TRAY NON250318",35
3151,"""PURGE"" CURAD MEDISTRIP 1/2 X 4 SBS BOX NON250412",35
3152,CURAD MEDISTRIP 1/2 X 4 SBS TRAY NON250412,60
3153,CURAD MEDISTRIP 1/4 X 4 SBS BOX NON250414,35
3154,CURAD MEDISTRIP 1/4 X 4 SBS TRAY NON250414,60
3155,CURAD MEDISTRIP PRINTED INSERT,21
3156,3M 9834 3.75 IN FILM/CARRIER,35
3157,*INACTIVE*FLEX MEDICAL NEWTON DRAPE WITH ADH PAD 034-SNP-1000253,45
3158,"SILICONE COATED 11.75"" X 11.75"" 4003-2/35 RELEASE SHEETS P-30003",14
3159,3M 9475LE 75mm X 50m,28
3160,**INACTIVE**TATUDERM FLOWER PATCH,14
3161,QUALITEL PTFE VENT AR ADH (5K/ROLL) 00121908DR,70
3162,"14 x 24"" 1mil Poly Bag S-6311",2
3163,3M 1577 2.25 IN,35
3164,CS MPM LABEL 8 X 10 FOAM DRESSING,21
3165,MEDLINE K-MART SCAR THERAPY SILICONE PAD KM02063,14
3166,*PURGE*KMART PRTD 3.875 IN 48GA MET PET/2.0MIL LDPE(PROD#17),42
3167,KMART SCAR THERAPY SBS BOX,21
3168,KMART SCAR THERAPY INSERT,21
3169,"PLASTIC CORE 1.0"" ID X .090 WALL X 6.0"" LENGTH",21
3170,MEDLINE CARING FOAM SPOT 2X4 CRG1124,14
3171,KATECHO KM30B .040 HYDROGEL 3.0 IN,35
3172,SPENCO SAMPLE SKIN MOIST PAD 2X3 HYDROGEL BULK 6067411,14
3173,SPENCO SAMPLE SKIN MOIST PADS 3x4 HYDROGEL 6067412 BULK,14
3174,SPENCO SAMPLE SKIN MOIST PADS 2X1.5 HYDROGEL 1569 BULK 6067413,14
3175,SPENCO SAMPLE SKIN BLISTER PADS 6067414,14
3176,*PURGE*PRTD INSERT MEDLINE ARGLAES MSC9023 MSC9045,21
3177,SBS BOX MEDLINE ARGLAES MSC9045,21
3178,"LCP-464 FOIL/POLY ARGLAES MSC9023 PRTD 5.81"" (SUB)",14
3179,"LCP-464 FOIL/POLY ARGLAES MSC9123 PRTD 5.81"" (SUB)",14
3180,"**PURGE**PRTD INSERT MEDLINE ARGLAES MSC9169, MSC9145 & MSC9123",14
3181,SBS BOX MEDLINE ARGLAES MSC9145,21
3182,"PRTD INSERT MEDLINE ARGLAES MSC9169, MSC9145 & MSC9123",14
3183,"3M 1517 2.0"" X 288 LY",35
3184,"3M 1524 1.181"" (30mm) X 72 LY (65.83M)",35
3185,"3M 1524 6.102"" (155mm) X 72 LY (65.83M)",35
3186,"MEDLINE CURAD MEDISTRIP 1/4 X 1.5 IN, STERILE NON250114",14
3187,MEDLINE MEDISTRIP 1/8 X 3 IN STERILE NON250318,14
3188,MEDLINE MEDISTRIP 1/2 X 4 IN STERILE NON250412,14
3189,MEDLINE MEDISTRIP 1/4 X 4 IN STERILE NON250414,14
3190,MEDLINE MEDISTRIP 1/4 X 3 IN STERILE NON250314,14
3191,"""PURGE""DM-8767 PCH STK CAT OVERLAY #3  24 IN #10003923",360
3192,BOX 6 x 4 x 4.5,7
3193,BOX 13 x 9 x 5.5,7
3194,"AUTOBAG STD DUTY 3X4, HORIZONTAL PERF",35
3195,"""PURGE""SBS BOX MEDLINE CURAD NASAL TUBE HOLDER",60
3196,"3M 9786 MASTER ROLL 48"" X 300 LY (1219,2mm x 274,32m)",35
3197,CS S.EAGLE NASAL STRIPS INSERT ENGLISH COLOR,28
3198,MILLIPORE FOLDING  CARD 4 UP USLS004201-P04 Rev1,30
3199,SUMITOMO MEMBRANE HHPSW-005-30 1.575 IN,35
3200,FASSON 10 Pt. C1S CAROLINA 94 BRT 6.0 IN,35
3201,"CS 6.84375 3M 615EG Thermo-Bond""",35
3202,3M 1577 1.5 IN,35
3203,MILLIPORE PRTD CARD STOCK (SUB),41
3204,3M 1517 8-21/64 X 72 LY,35
3205,"MSC9145 BOX OVERLABEL, 4.0 X 3.38",21
3206,8 OZ MUELLER JARS 1 X 1 SQUARES REF 131401,42
3207,CURAD PRTD 7.75 IN 48GA MET PET/2.0MIL LDPE(PROD#17),42
3208,8.0 IN 48GA MET PET/2.0MIL LDPE (PROD#43) PEELABLE WHITE,42
3209,KMART PRTD 7.75 IN 48GA MET PET/2.0MIL LDPE(PROD#17),42
3210,CLEAR NICODERM 21MG PLACEBO PATCH,0
3211,CLEAR NICODERM 7MG PLACEBO PATCH,0
3212,DM-8767 PCH STK CAT OVERLAY #1  22 IN #10003925,147
3213,DM-8767 PCH STK CAT OVERLAY #2  22 IN #10003924,147
3214,SBS BOX MEDLINE ARGLAES MSC9023,21
3215,MUELLER MORE SKIN 12 X 12 -131404E,14
3216,MPM WOUNDGARD 2X2 DRSG STERILE-MP00091C,14
3217,LABEL MPM 2 X 2 WOUNDGARD MP00091C,21
3218,SBS BOX MEDLINE ARGLAES MSC9314 POST-OP STYLE,21
3219,PRTD INSERT MEDLINE ARGLAES MSC9314 POST-OP STYLE,21
3220,"3.0"" 11P21 Plastic Core Plug #0030096",14
3221,CURAD MEDISTRIP 1/4 X 1-1/2 PRTD TYVEK 7.25 IN NON250114,42
3222,CURAD MEDISTRIP 1/4 X 3 PRTD TYVEK 7.25 IN NON250314,42
3223,CURAD MEDISTRIP 1/8 X 3 PRTD TYVEK 7.25 IN NON250318,42
3224,CURAD MEDISTRIP 1/2 X 4 PRTD TYVEK 8.75 IN NON250412,42
3225,CURAD MEDISTRIP 1/4 X 4 PRTD TYVEK 8.75 IN NON250414,42
3226,SBS BOX MEDLINE ARGLAES MSC9123,21
3227,"6"" x 10"" 2 mil Ziplock Bag",2
3228,**Purge**DM-8767 PCH STK CAT OVERLAY #1 22 IN #10003925/02,98
3229,**Purge**DM-8767 PCH STK CAT OVERLAY #2 22 IN #10003924/03,98
3230,"SPENCO 1.5""x1.25"" HYDROGEL",14
3231,"SPENCO SILICONE GEL SHEET 3X4 SNGL PKG, 3083326",70
3232,"SPENCO SILICONE GEL SHEET 3X4 10 PKG, 3083327",70
3233,"SPENCO SILICONE GEL SHEET 4.75X6 SNGL PKG, 3083328",70
3234,"SPENCO SILICONE GEL SHEET 4.75X6 10 PKG, 3083329",70
3235,PSI SILICONE PS-1202 55 MIL 10 IN,70
3236,"CS PRE-FORMED 15 MIL PETG-MG TRAY, 4.72X3.50",35
3237,"DIECUT LID, 92 GA PET/ADH/FOIL/ADH/PEEL FILM, 4.72X.3.5",49
3238,MACTAC TM-9946 1/16 PE FOAM TAPE 4 IN,35
3239,"""PURGE"" CS SBS BOX SPENCO SILICONE GEL SNGL PKG 3083326",21
3240,"""PURGE"" CS SBS BOX SPENCO SILICONE GEL 10 PKG 3083327",21
3241,"PRE-FORMED 15 MIL PETG-MG TRAY, 6.75x5.25",28
3242,"DIECUT LID, 92 GA PET/ADH/FOIL/ADH/PEEL FILM, 6.75x5.25",49
3243,"""PURGE"" CS SBS BOX SPENCO SILICONE GEL SNGL PKG 3083328",21
3244,"""PURGE"" CS SBS BOX SPENCO SILICONE GEL 10 PKG 3083329",21
3245,"""PURGE"" MEDRAD GUIDANCE IFU DN-210939 REV. A",21
3246,"""PURGE""CURAD MEDISTRIP 1/4 X 1-1/2 SBS BOX NON250114",35
3247,"""PURGE"" DM 8152 LDPE FILM DC 4.5 IN",35
3248,"""PURGE"" DM 2210 SPUNLACE 1.3 OZ DC 4.5 IN",35
3249,"""PURGE"" SILTECH 42# SCK L-65 LINER 5.0 IN ITEM#17641",14
3250,BG-50 78#C1S LINER 5.0 IN,28
3251,"SBS NEONATE UNPRINTED 2.0"" X .625"" X 4.625"" .018",21
3252,AQUAMED 4X4 HYDROGEL DRSG 70020,70
3253,CS HDS  55 MIL PEO HYGEL 9 IN,42
3254,SBS BOX AQUAMED 4X4 HYDROGEL DRSG,21
3255,PRTD INSERT AQUAMED 4X4 HYDROGEL DRSG,21
3256,AQUAMED 4X4 HYDROGEL PRINTED FOIL 12.78 IN,42
3257,"MATAVATIONS SWEAT STRIP SM/MED, TAN",70
3258,"MATAVATIONS SWEAT STRIP SM/MED, CAMO",70
3259,CS S.EAGLE NS CLR QUALITY CHOICE LRG 30 CT CTN - 92230 QC,28
3260,CS S.EAGLE NS TAN QUALITY CHOICE LRG  30 CT CTN - 91230 QC,28
3261,S. EAGLE  NS CLR QUALITY CHOICE 30CT LRG 92230 QC,14
3262,S. EAGLE  NS TAN QUALITY CHOICE 30CT LRG  91230 QC,14
3263,"Rayven 1.5 mil Blue PET w/C1S 10.0"" ( 254mm)",30
3264,"SPENCO SILICONE SCAR PAD 3X4 SNGL PKG, 3083330",70
3265,"SPENCO SILICONE SCAR PAD 3X4 10 PKG, 3083331",70
3266,"SPENCO SILICONE SCAR PAD 4.75X6 SNGL PKG, 3083332",70
3267,"""PURGE"" CS SBS BOX SPENCO SILICONE SCAR PAD 3X4 SNGL PKG 3083330",21
3268,"""PURGE"" CS SBS BOX SPENCO SILICONE SCAR PAD 3X4 10 PKG 3083331",21
3269,"""PURGE"" SBS BOX SPENCO SILICONE SCAR PAD 4.75X6 SNGL PKG 3083332",21
3270,BOX 10 X 6 X 4 #S-4101,1
3271,"""SPENCO"" BOX 10 X 10 X 4 #S-4346",7
3272,Printed 10.98 in MET/PET (SUB),7
3273,"Rayven 1.5 mil Blue PET w/C1S 5.0""",30
3274,SPENCO T-SHAPE ADHESIVE KNIT,70
3275,MACTAC TM9478 2.4 OZ SONTARA FLESH 7 IN,28
3276,SPENCO SKIN BLISTER PAD SPORTS 308-5891,14
3277,"""PURGE"" CS SPENCO BLISTER PAD CARTON #308-3212",14
3278,"""PURGE"" ESP 48 LINER 4.0""",42
3279,"""PURGE"" ESP 48 LINER 6.0""",28
3280,MEDLINE DRSG SURESITE 2.375 X 2.75 FRAME  (BNS2302),14
3281,PRTD POUCH TYVEK 7.62 IN MPM 6X8 WNDGRD (SUB),7
3282,"CS ARCARE 90745 6"" (ECAT film)",28
3283,"CS LINER PET 3 MIL CLR D/F DIFF REL 8803 6.25""",28
3284,CS INCLINE THER. SHIPPING SPOOL (BLACK REEL),21
3285,CS ALZA 99.99% MIN FINE AG FOIL,28
3286,THE MEDICINES COMPANY AG FOIL ANODE 209-0003 Rev.05,14
3287,"**INACTIVE**SPENCO SILICONE GEL SHT 3X4 SAMPLE, BULK 6067533",70
3288,"**INACTIVE**SPENCO SILICONE SCAR PAD 3X4 SAMPLE, BULK 6067534",70
3289,"""PURGE"" INSERT SPENCO SILICONE SCAR PAD",21
3290,S. EAGLE NASALAID MEGA LIFT CLR NASAL STRIPS,21
3291,S. EAGLE NASALAID MEGA LIFT TAN NASAL STRIPS,21
3292,"**INACTIVE**2"" Diameter Foam with Fenestration",21
3293,"**INACTIVE**Plasto Silver Thin Film 4"" x 4.75""",14
3294,"Plasto Silver PU Film P1189, 5.75""",35
3295,3.0 Lyocel Pad (Internal Slit from 000262),28
3296,S. EAGLE TARGET 30CT TAN LARGE NASAL STRIPS,14
3297,S. EAGLE TARGET 30CT CLR SMALL/MED NASAL STRIPS,14
3298,CS S. EAGLE TARGET 30CT TAN LARGE NS CTN,28
3299,CS S. EAGLE TARGET 30CT CLR SM/MED NS CTN,28
3300,"ARGENTUM 2X6 WOUND PAD NS, BULK WPD26",14
3301,CS S.EAGLE NASAL AID SM CLEAR 30/CT SBS,28
3302,CS S.EAGLE NASAL AID LARGE TAN 30/CT SBS,28
3303,DM 1210 TAN NW UNCOATED 5.5 IN.,28
3304,DM 7010 SC 10 MIL PET 4.5 IN,35
3305,DM 2210 SPUNLACE 1.3 OZ DC 5.5 IN,35
3306,DM 1611 CLR 3 MIL HDPE FILM 5.5 IN.,28
3307,DM 8152 LDPE FILM DC 5.5 IN,35
3308,BG-50 78#C1S LINER 5.5 IN,28
3309,HARMAC NEWTON SUCTION DRAPE WITH ADH. PAD P3113212 REV.E,45
3310,**INACTIVE**INCLINE THERAPEUTICS CATHODE,14
3311,ORFLO TOP STACK COMPS FLOCARD REV A 510-00001-01,21
3312,ORFLO BOTTOM STACK COMPS FLOCARD REV A 510-00002-01,21
3313,"""PURGE"" DM 1611 CLR 3 MIL LDPE FILM 4.5 IN",35
3314,SPENCO SKIN BLISTER PAD SPORTS TEST,14
3315,DM-5637 22# COLD SEAL PAPER 6 IN BOTTOM WEB W/O BARCODE,70
3316,S. EAGLE TARGET 30CT CLR SMALL/MED NASAL STRIPS,14
3317,"CS S.EAGLE NASAL STRIPS CLR SM/MED, POUCHED",7
3318,MEDLINE GENTAC 4 X 10 LY  BRADY 1.34 OSY NW W/ SILICONE ADH,14
3319,Spunlace NW  PD 7817   4in (Brady  Silicone 1.34 osy NW),14
3320,Plasto Silver PU / Film Sample 12.625 IN,14
3321,**INACTIVE**Brady Microbial Barrier Silver 4x4.75 Thin Film Dsg,14
3322,M-Gentac (2.125 x 5LY) & (0.875 x 3.3LY) COPOLY,14
3323,Matl. code #Y1449156 - Copet w/ PRMR 4.25in,14
3324,"**INACTIVE**MEDLINE GENTAC 0.75"" x 3.3 LY",14
3325,#Y1449154 - Copet w/ PRMR  3.25IN,14
3326,**INACTIVE** GENTAC 2 X 10 LY  BRADY 1.34 OSY NW W/ SILICONE ADH,14
3327,"AMCOR LCP-458 FOIL, 6.75""",70
3328,S.E. TARGET TAN LG NS TAPEMARK 310508,14
3329,24 x 24 T.S. Waste Bag Liner - 7 to 10 gal,2
3330,33 x 40 T.S. Waste Bag Liner - 33 gal,2
3331,40 x 48 T.S. Waste Bag Liners- 40 to 45 gal,2
3333,MPM LOW TRAUMA DRESSING 4X4 W/ 2X2 PAD,14
3334,THE MEDICINES COMPANY AG FOIL CATHODE 209-0004 Rev.06,14
33340,**OBS**Shandong Dermocsy Thin Film (TST),14
33341,**OBS**Chinese Tape .625in (TST),14
3335,"CS ARCARE 90744 6"" (Sliver Chloride film)",28
3336,CS SleepAid - Melatonin Menthol 30ct Carton,21
3337,CS NasalAid Tan Large 30ct Carton,21
3338,CS NasalAid Clear Sm/Med 30ct Carton,21
3339,**INACTIVE**TRAVANTI IONTO SP 40 mA D-0078-040,14
3340,"1.75"" Dia Hold Down Dots Sheet (Set of 6) 4""x6"" (Sub)",7
3341,Ionto SP 40 mA IFU,35
3342,IONTO SP 40 mA 6 Pack SBS Box,35
3343,**Purge**Ionto SP 40 mA Technical Overview,35
3344,"*PURGE* 10.25"" Ionto SP 40 Prtd Foil Glenroy EFS079",42
3345,"10.25"" Ionto SP 40 Unprtd Foil Glenroy EFS149",42
3346,BOX 19.125 X 13.75 X 15.625,7
3347,Shandong Dermocsy Thin Film (TST),14
3348,`,14
3349,**INACTIVE**SHANGDONG DERMOCSY 2.X3 (TST),28
3350,CS Ionto SP 40 mA Battery,35
3351,"M200 NATURAL FOAM .030"" THK 4.0"" WIDE",42
3352,"2.0"" X 3.5"" Unprinted 80# Cover White",14
3353,"Box 8.375"" X 6.5"" X 8.0"" Kraft",7
3354,"Box 20.75"" X 13.563"" X  11.875"" Kraft",7
3355,3M 1522 DC TAPE 0.5 IN,35
3356,"7"" x 9"" 2 mil Ziplock Bag  #S-6952",1
3357,**INACTIVE**TRAVANTI IONTO EXTRA STRENGTH 120 mA,14
3358,"Milliken Fiber Material, 5"" wide",14
3359,"SPIRACUR 5.12""x5.12""x0.75"" CHARCOAL FOAM (SUB)",14
3360,"SPIRACUR 5.12""x5.12""x0.75"" BLUE FOAM (SUB)",14
3361,GE 903 Card,14
3362,Paper/Foil Pouch 2.25 X 2.375 IN A5380/0211,35
3363,".75"" x .5"" Clear Polystyrene Label w/Eyemark",35
3364,"Miraculins Foam Material for Test - Mac-TM9409 6""",35
3365,3M 9833 8.5 FILM/CARRIER,45
3366,"Harmac Filter Material, 2.25""",35
3367,"1.375"" 3M 1504XL Tape",35
3368,"7.0"" 53# SC2 Liner - Med Release",35
3369,CS Ionto Extra Strength 120 mA Battery,35
3370,IONTO Extra Strength 120 mA 6 Pack SBS Box,35
3371,Ionto Extra Strength 120 mA IFU,35
3372,BOX 16.0 X 13.75 X 15.625,7
3373,DELSTAR 5.0 NP5-E 3.327 IN,35
3374,"8.25"" Ionto Extra Strength 120 mA Prtd Foil Glenroy EFS079",42
3375,"8.25"" Ionto Extra Strength 120 mA Unprtd Foil Glenroy EFS149",42
3376,"5.0"" 78# Med. S-60 Release Liner",35
3377,UNPRTD FOIL 6.75 IN PRODUCT#202.1,42
3378,Thermotek Patch Assembly,14
3379,"2"" 2.4 osy NW",14
3380,"5.75"" 2.4 OSY NW",14
3381,"2.5"" 2 mil clear witcolate lnr",14
3382,PSS 4 X 10 BRDRD GAUZE DRSG STRL 4784,28
3383,BOX 17 X 14 X 12,28
3384,BOX 22 X 18 X 12  S-4997,1
3385,BOX 27 X 24 X 12,28
3386,"3.0"" 2 mil clear witcolate lnr",14
3387,"PRTD TATUDERM 1059B TYVEK POUCH 8"" X 10""",42
3388,"4.375"" x 2.437"" Pouch",28
3389,"Salicylic Acid Laminate, 1.25""",35
3390,3.25 IN EASY REL 3 MIL PET LNR,42
3391,2.5 IN EASY REL 3 MIL PET LNR,42
3392,AMCOR PPG-30 PSS 2.375X2.75 PRT 17.625 IN,42
3393,PRTD INSERT PSS THIN FILM DRSG,21
3394,SBS BOX PSS 2 X 3 THIN FILM #4787,60
3395,PSS CASE LABEL 2X3 THIN FILM #4787,14
3396,AMCOR PPG-30 16.625 IN PRTD PSS 4 X 4.75,42
3397,SBS BOX PSS 4 X 5 THIN FILM #4788,60
3398,PSS CASE LABEL 4X5 THIN FILM #4788,14
3399,AMCOR PPG-30 PRT 6X8 PSS 15.125 IN,96
3400,SBS BOX PSS 6X8 THIN FILM #4789,60
3401,PSS CASE LABEL 6X8 THIN FILM #4789,21
3402,PSS 2X3 BULK CASE LABEL #4785,21
3403,PSS 4X5 BULK CASE LABEL #4786,21
3404,"3M 1527LX, 4.125""",35
3405,PSS 2X3 PRTD WOUND GRID PET 17.625 IN,48
3406,PSS 4X5 PRTD WOUND GRID PET 16.625 IN,42
3407,PSS 6X8 PRTD WOUND GRID PET 15.125 IN,42
3408,PSS 78# PRTD REPARA LINER 4.625 IN (SUB),28
3409,PSS 78# PRTD REPARA LINER 6.625 IN (SUB),28
3410,PSS 78# PRTD REPARA LINER 9.250 IN (SUB),28
3411,Spiracur Blue Foam 13 x 13 CS21829 REV H,35
3412,"Spiracur Blue Foam 18"" x 18"" CS22014 REV B",35
3413,MARK TRAYNOR ORIGINAL 1.063 X 1.938 1527,14
3414,"5.5"" Semi-Gloss Label Stock/Perm",14
3415,1527LX 3M 2.58 IN,35
3416,"1527LX 3M 6"" Sample Roll",35
3417,Travanti Ionto Patch Technical Overview,35
3418,"Spiracur Blue Foam 8"" x 8"" CS22013 REV B",35
3419,S.E. NASALAID TAN LG NS TAPEMARK 309233,14
3420,S.E. NASALAID CLEAR SM/MED TAPEMARK 309266,14
3421,**PURGE**INSERT SPENCO  07SS DSTERILE IFU R0511,21
3422,"2.0"" 8764 PTFE .015"" with Titanium Dioxide Pigment",35
3423,"MPM Cool Magic Gel Sheet 3.75""x3.75"" OL MP00206",14
3424,"MPM Cool Magic Gel Sheet 6.0""x8.0"" OL MP00208",14
3425,"Set of 3"", 3"", and 4"" Liner Blue 3-MIL LDPE  (SUB)",42
3426,**INACTIVE**4.0” Liner Blue 3-Mil LDPE (SUB),42
3427,"Pair of 5.0"" Liner Blue 3-Mil LDPE (SUB)",42
3428,"6.0"" Liner Blue 3-Mil LDPE (SUB)",42
3429,Glenroy EFS 135 6.0” Top Web Prtd Foil,21
3430,Glenroy EFS 135 6.0” Bottom Web Unprinted Foil,21
3431,"S.EAGLE 3.0"" X 1.5"" FOIL POUCH (SUB)",21
3435,"PSS REPARA 4787 FILM DRESS 2.375"" X 2.75""",14
3436,"PSS REPARA 4788 FILM DRESS 4"" X 4.75""",14
3437,"PSS REPARA 4789 FILM DRESS 6"" X 8""",14
3438,"B230 SILICONE GEL COPOLYESTER 2.813""",60
3439,"B230 SILICONE GEL COPOLYESTER 3.5"" Y3476470",126
3440,"B230 SILICONE GEL COPOLYESTER 4.25"" Y3476573",126
3441,"DM-1430 10 MIL UNCOATED PES,  9 IN",35
3442,"#125 Polyflex PWF A/S (WOT), 9 IN",35
3443,LINER 14.0 IN BLUE 3 MIL LDPE COF .2-.35 UNTREATED,42
3444,"""PURGE"" PRTD TATUDERM 1059B TYVEK POUCH 8"" X12""",42
3445,"KCI MC45C BLUE FOAM SHEET .75""X48""X72""",35
3446,"SPIRACUR TYVEK/POLY POUCH 10"" X 12"" CS22279 Rev 1",28
3447,"B232 BEIGE TRICOT SINGLE COATED 7.25""",49
3448,"DM 1137 Nonwoven 4.0""",35
3449,"DM-1137 Nonwoven 4.5""",35
3450,"DM-1137 Nonwoven 6.5""",35
3451,"Inspire 2301 8.0""",35
3452,"DM2002/Y979995, 4.5""",35
3453,"DM2002/Y979995, 6.5""",35
3454,"DM2002/ SFS, 4.5""",35
3455,"DM2002/ SFS, 6.5""",35
3456,"PD7817/ Spunlace NW, 3.25""",35
3457,"PD7817/ Spunlace NW, 3.5""",35
3458,"PD7817/ Spunlace NW, 4.5""",35
3459,"PD7817/ Spunlace NW, 8""",35
3460,"PD7817/ Spunlace NW, 6.5""",35
3461,"PD7817/ Spunlace NW, 4.5""",35
3462,"PD7815/ COPET + PRMR, 4""",35
3463,"PD7815/ COPET + PRMR, 3.5""",35
3464,"PD7815/ COPET + PRMR, 5.75""",35
3465,"SFS NW / PD7818, 4.5""",35
3466,"SFS NW / PD7818, 6.5""",35
3467,"SFS NW / PD7818, 8.5""",35
3468,"Spunlace NW/ PD7817A, 2.0""",35
3469,"Spunlace NW/ PD7817A, 3.0""",35
3470,"Spunlace NW/ PD7817A,4.0""",35
3471,"Spunlace NW/ PD7817A, 3.75""",35
3472,"""PURGE"" PRTD TYVEK 12.626 IN MPM BRD FM DRSG 4X4 MP00500CN",42
3473,"""PURGE"" PRTD TYVEK 12.625 IN MPM TB SITE FM DRSG MP00501CN",42
3474,"""PURGE""PRTD TYVEK 8.0 IN MPM FM DRSG 6X6 MP00502CN",48
3475,"""PURGE""PRTD TYVEK 9.0 IN FM DRSG 2X2 MP00510CN",49
3476,"3 MIL COPOLYESTER FILM, 4.25""",49
3477,"3 MIL COPOLYESTER FILM, 8""",49
3478,"Plasto Silver PU film P1189, 3.75""",35
3479,"DM-6001 / PD7610A, 6.5""",49
3480,"DM-6001 / PD7610A, 4.5""",49
3481,"DM2002 / PD7608, 4.5""",49
3482,"DM2002 / PD7608, 6.5""",49
3483,"DELSTAR 3.34 osy Copper Pad with X-550 NET, 4.5"" IN",35
3484,"DM2002 / PD7609, 7.25""",49
3485,"Alcan M-8770, 22""",49
3486,"Alcan M-8770, 24""",49
3487,"Flexcon Flexmark PM100 Clr V-302ULP90 Pfw, 10.5""",49
3488,"Technipaq MET/PET, 7.5""",49
3489,MPM Excel Non-Bordered Foam Drsg 4x5 MP00521CN,14
3490,"""PURGE""PRTD TYVEK MPM EXCEL 4X5 DRSG 15.125 IN MP00521CN",42
3491,"6.0""x8.0"" Preformed Pouch",42
3492,DM 8023 5.3 IN,35
3493,"SPIRACUR 6"" X 8"" PRINTED POUCH",42
3494,"SPIRACUR 8"" X 10"" PRINTED POUCH",42
3495,"SPIRACUR CS22279, REV.1 GRAPHIC TYVEK POUCH Y1645108",42
3496,"13cmx13cm Spiracur Blue Die Cut Foam(5.12""x5.12"")*See Notes*",28
3497,CS INCLINE THER. SHIPPING SPOOL (SILVER REEL),21
3498,"""PURGE""MEDLINE 4 X10 FOLDING CARTON MSC32410",60
3499,"""PURGE""MEDLINE 4 X14 FOLDING CARTON MSC32414",60
3500,"6"" to 3"" Core Adapter",0
3501,"SPIRACUR CS22013 8X8 BLUE FOAM, PKG. REV G",0
3502,"SPIRACUR CS 22014 18cm X 18cm  BLUE FOAM, PKG REV E",0
3503,"SPIRACUR BLUE DIE CUT FOAM 8cmX8cm (3.149""x3.149"")  *See Notes*",21
3504,CS-SPIRACUR BLUE DIE CUT FOAM 18X18 POUCH,0
3505,MEDLINE 4 X 10 BORDERED GAUZE MSC32410,14
3506,MEDLINE 4 X 14 BORDERED GAUZE MSC32414,14
3507,"""PURGE"" AMCOR PPG-30 16.875 IN PRTD MEDLINE 4X10 BRDRD GAUZE",48
3508,POUCHING PET 16.875 IN,35
3509,"BOX 18.375""x 6.0"" x13.375"" MSC32410",7
3510,"BOX 18.375""x 6.0""x17.375"" MSC32414",7
3511,"""PURGE"" AMCOR PPG-30 16.875 IN PRTD MEDLINE 4X14 BRDRD GAUZE",48
3512,"""PURGE""MEDLINE RB12PCC BOX OVERLABEL, 0.75x 2.25",21
3513,"""PURGE""MEDLINE MSC3244 BOX OVERLABEL, 0.625x3.00",21
3514,"""PURGE"" CURAD MEDISTRIP 1/4 X 1-1/2 SBS BOX NON250114",70
3515,"""PURGE"" CURAD MEDISTRIP 1/4 X 3 SBS BOX NON250314",70
3516,"""PURGE"" CURAD MEDISTRIP 1/8 X 3 SBS BOX NON250318",70
3517,"""PURGE"" CURAD MEDISTRIP 1/2 X 4 SBS BOX NON250412",70
3518,"""PURGE"" CURAD MEDISTRIP 1/4 X 4 SBS BOX NON250414",70
3519,MEDLINE 4 X 5 BORDERED GAUZE MSC3245,14
3520,MEDLINE 4 X 4 BORDERED GAUZE MSC3244,14
3521,MEDLINE 4 X 8 BORDERED GAUZE MSC3248,14
3522,"""PURGE"" MEDLINE 6 X 6 BORDERED GAUZE MSC3266",14
3523,"""PURGE"" AMCOR PPG-30 16.875 IN PRTD MEDLINE 4X5 BRDRD GAUZE",48
3524,"""PURGE""AMCOR PPG-30 16.875 IN PRTD MEDLINE 4X4 BRDRD GZE MSC3244",48
3525,"""PURGE""AMCOR PPG-30 16.875 IN PRTD MEDLINE 4X8 BRDRD GAUZE",48
3526,"""PURGE""AMCOR PPG-30 15.125 IN PRTD MEDLINE 6x6 BRDRD GZE MSC3266",48
3527,"""PURGE""MEDLINE 4 X 5 FOLDING CARTON MSC3245",60
3528,"""PURGE""MEDLINE 4 X 4 FOLDING CARTON MSC3244",14
3529,"""PURGE""MEDLINE 4 X 8 FOLDING CARTON MSC3248",60
3530,"""PURGE""MEDLINE 6 X 6 FOLDING CARTON MSC3266",60
3531,"BOX 18.375"" x 6.375"" x 8.500""",7
3532,"BOX 18.125"" x 6.375"" x7.500"" MSC3244",7
3533,"BOX 18.375"" x 6.375"" x 11.5""",7
3534,"BOX 18.125"" x 8.500"" X 9.875"" MSC3266",7
3535,"""PURGE""MEDLINE MSC3266 BOX OVERLABEL, 0.625x4.375",15
3536,"""PURGE"" CURAD MEDISTRIP 1X5 PRTD TYVEK 3.625 IN (SUB)",15
3537,"""PURGE"" CURAD MEDISTRIP 1X5 SBS BOX NON250501",70
3538,"""PURGE"" CURAD MEDISTRIP 1X5 SBS TRAY NON250501",60
3539,"ORFLO-TOP FILM LAMINATE, CASSETTE TYPE #10175-001 REV: A",21
3540,"ORFLO-BOTTOM FILM LAMINATE, CASSETTE TYPE #10173-001 REV: A",21
3541,MEDLINE 4 X 10 STRATASORB MSC30410,14
3542,MEDLINE 4 X 14 STRATASORB MSC30414,14
3543,"""PURGE""AMCOR PPG-30 16.875 IN PRTD MEDLINE 4X10 STRATASORB",48
3544,"""PURGE""AMCOR PPG-30 16.875 IN PRTD MEDLINE 4X14 STRATASORB",48
3545,"""PURGE""MEDLINE 4 X10 FOLDING CARTON MSC30410",60
3546,"""PURGE""MEDLINE 4 X14 FOLDING CARTON MSC30414",60
3547,"BOX 14.5"" x 6.375"" x13.8125"" MSC30410",7
3548,"BOX 14.5""x  6.375"" x17.75"" MSC30414",7
3549,TYVEK 1059B 3.625 IN,35
3550,"""PURGE"" PRTD TATUDERM POUCH CORNER STYLE 11.25"" X 7""TD 6 X 180",42
3551,PSS 54# PRTD LINER 2.5 IN,28
3552,PSS 54# PRTD LINER 3 IN,28
3553,PSS 54# PRTD LINER 3.5 IN,28
3554,PSS 54# PRTD LINER 4 IN,28
3555,AMCOR PPG-30 16.625 IN PRTD PSS 4X4 BRDRD GAUZE 4792,48
3556,SBS BOX PSS 4X4 BRDRD GAUZE 4792,60
3557,PSS CASE LABEL 4X4 STRL #4792,21
3558,AMCOR PPG-30 15.125 IN PRTD PSS 6X6 BRDRD GAUZE #4793,42
3559,SBS BOX PSS 6X6 BRDRD GAUZE 4793,60
3560,PSS CASE LABEL 6X6 STRL #4793,21
3561,AMCOR PPG-30 16.625 IN PRTD PSS 4794,48
3562,SBS BOX PSS 4X4 COMPOSITE 4794,60
3563,PSS CASE LABEL 4X4 COMPOSITE #4794,21
3564,AMCOR PPG-30 15.125 IN PRTD PSS 6X6 COMP 4795,48
3565,SBS BOX PSS 6X6 COMPOSITE 4795,60
3566,PSS CASE LABEL 6X6 COMPOSITE #4795,14
3567,PSS INSERT 4X4 NS #4790,21
3568,PSS CASE LABEL 4X4 NS #4790,21
3569,COVIDIEN TELFA PLASTIC SHEETING 1115,0
3570,COVIDIEN PATCH ADHESIVE CLEAR 4022,0
3571,"COVIDIEN TELFA MINI ISLAND DRESSING 2""x3.75"" 7539LF",0
3572,"COVIDIEN NONADHERENT PAD 3""x4"" 9642",0
3573,"COVIDEN NONADHERENT PAD 2""x3"" 9640",0
3574,"COVIDIEN TELFA ADHESIVE PAD 3""x4"" 7643",0
3575,"COVIDIEN TELFA ADHESIVE PAD 2""x3"" 6017",21
3576,"COVIDIEN TELFA PAD 3""x4"" 2132",21
3577,"COVIDIEN TELFA PAD 2""x3"" 1961",21
3578,PSS INSERT 6X6 NS #4791,21
3579,PSS CASE LABEL 6X6 NS #4791,21
3580,PURGE SBS BOX PSS 2 X 10 RETENTION TAPE 4809,60
3581,PSS CASE LABEL 2X10 RETN TAPE #4809,21
3582,PURGE SBS BOX PSS 4 X 10 RETENTION TAPE 4810,60
3583,PSS CASE LABEL 4X10 RETN TAPE #4810,14
3584,PSS CASE LABEL 4X10 BRDRD GAUZE #4784,14
3585,SBS BOX PSS 4X10 BRDRD GAUZE 4784,60
3586,PSS 4X10 PRTD WOUND GRID PET 16.875 IN 4784,48
3587,AMCOR PPG-30 16.875 IN PRTD PSS 4X10 BRDRD GAUZE 4784,48
3588,PSS CASE LABEL 6X10 RETN TAPE #4811,21
3589,PURGE SBS BOX PSS 6 X 10 RETENTION TAPE 4811,60
3590,"16.375"" x 6.0"" x 13.375"" PSS 4784 BOX",7
3591,"""PURGE""MEDLINE BOX OVERLABEL, 0.875x2.75",21
3592,"""PURGE"" MEDLINE 4 X 4 STRATASORB MSC3044",14
3593,MEDLINE 6 X 6 STRATASORB MSC3066,14
3594,MEDLINE 6 X 8 STRATASORB MSC3068,14
3595,AMCOR PPG-30 16.875 IN PRTD MEDLINE 4X4 STRATASORB,96
3596,"""PURGE""AMCOR PPG-30 15.125 IN PRTD MEDLINE 6X6 STRATA MSC3066",48
3597,"""PURGE""AMCOR PPG-30 15.125 IN PRTD MEDLINE 6X8 STRATA MSC3068",48
3598,"""PURGE""MEDLINE 4 X 4 FOLDING CARTON MSC3044",60
3599,"""PURGE""MEDLINE 6 X 6 FOLDING CARTON MSC3066",60
3600,"""PURGE""MEDLINE 6 X 8 FOLDING CARTON MSC3068",60
3601,"BOX 14.5"" x 6.375"" x 7.875""",7
3602,"BOX 14.5"" x 8.375"" x 9.875"" MSC3066",7
3603,"BOX 14.5"" x 8.375"" x 11.8125"" MSC3068",7
3604,"""PURGE""MEDLINE BOX OVERLABEL, 0.563""x 2.875""",21
3605,"""PURGE""MEDLINE BOX OVERLABEL, 0.75""x4.375""",21
3606,**INACTIVE**MEDLINE EQUOS 4 X 4 BORDER GAUZE EQX3244,14
3607,**INACTIVE**MEDLINE EQUOS 6 X 6 BORDER GAUZE EQX3266,14
3608,AMCOR PPG-30 15.125 IN PRTD PSS 6X6 FOAM ADHESIVE #4676,48
3609,AMCOR PPG-30 16.625 IN PRTD PSS 4X4 ADHESIVE FOAM #4675,42
3610,AMCOR PPG-30 16.875 IN PRTD MEDLINE EQUOS 4x4 BG EQX3244,48
3611,AMCOR PPG-30 15.125 IN PRTD MEDLINE EQUOS 6X6 BG EQX3266,48
3612,PSS CASE LABEL 6X6 STRL #4676,21
3613,PSS CASE LABEL 4X4 STRL #4675,21
3614,MEDLINE EQUOS 4 X 4 FOLDING CARTON EQX3244,60
3615,MEDLINE EQUOS 6 X 6 FOLDING CARTON EQX3266,60
3616,SBS BOX PSS 4X4 FOAM ADHESIVE #4675,60
3617,"BOX EQX3244 24.5""x12.0""x7.5""",7
3618,"BOX EQX3266 24.5""x16.0""x9.5""",7
3619,SBS BOX PSS 6X6 FOAM ADHESIVE #4676,60
3620,PSS 78# PRTD LINER 2.75 IN SC1 Tight Rel,28
3621,PSS 78# PRTD LINER 3.75 IN SC1 Tight Rel,28
3622,PSS 4X4 FOAM ADHESIVE DRESSING #4675,14
3623,PSS 6X6 FOAM ADHESIVE DRESSING #4676,14
3624,"""PURGE"" MEDLINE 4 X10 FOLDING CARTON MSC32410",60
3625,MEDLINE 4 X14 FOLDING CARTON MSC32414,60
3626,"""PURGE""MEDLINE 4 X 4 FOLDING CARTON MSC3244",60
3627,MEDLINE 6 X 6 FOLDING CARTON MSC3266,60
3628,MEDLINE 4 X 5 FOLDING CARTON MSC3245,60
3629,MEDLINE 4 X 8 FOLDING CARTON MSC3248,60
3630,"""PURGE"" MEDLINE 4 X10 FOLDING CARTON MSC30410",60
3631,"""PURGE"" MEDLINE 4 X14 FOLDING CARTON MSC30414",60
3632,"""PURGE""AMCOR PPG-30 11.82 IN PRTD MEDLINE 2x2 BRDRD GZE MSC3222",48
3633,POUCHING PET 11.82 IN,28
3634,"""PURGE""MEDLINE 2 X 2 FOLDING CARTON MSC3222",14
3635,"BOX 14.5"" x 4.25"" x 5.5"" MSC3222",7
3636,"""PURGE""MEDLINE MSC3222 BOX OVERLABEL, 0.50x1.75",21
3637,MEDLINE 2 X 2 BORDERED GAUZE MSC3222,14
3638,**INACTIVE**DELSTAR 4.0 NLYB-E 1 IN,35
3639,"LIXIN, ABSORBENT PAD 2.5"" (240g)",60
3640,"LIXIN, ABSORBENT PAD 4.0"" (240g)",60
3641,"LIXIN, ABSORBENT PAD 2.0"" (240g)",60
3642,"LIXIN, ABSORBENT PAD 1.799"" (120g)",60
3643,"LIXIN, ABSORBENT PAD 1.0"" (240g)",60
3644,BG-50 78#C1S LINER 6.0 IN,28
3645,DM 8028 3 MIL POLYETHYLENE FILM W/PSA 6.0 IN,35
3646,DM 2019 TAN NONWOVEN VILMED W/PSA 6.0 IN,35
3647,10 MIL TRANSPET GP POLYESTER FILM 6.0 IN,21
3648,MEDLINE WALGREENS 2.38 X 2.75 IN THIN FILM DRSG WRX150575,14
3649,"""PURGE"" AMCOR PPG-30 WALGREENS 2.38X2.75 PRT 17.625 IN",48
3650,"""PURGE""SBS BOX WALGREENS 2.38X2.75 THIN FILM WRX150575",45
3651,Glenroy EFS 182 6.0” Bottom Web Unprinted Foil,21
3652,Glenroy EFS 182 6.0” Top Web Prtd Foil,21
3653,Glenroy EFS 182 12.0” Top/bottom Web Prtd Foil,28
3654,MEDLINE 2X2 FOLDING CARTON MSC3222,60
3655,"**INACTIVE**MEDLINE OPTIFOAM 2"" FEN FOAM DRSG, MSC1102",60
3656,PURGE PRTD TYVEK 9.0 IN MEDLINE 2 IN FEN FOAM DRSG MSC1102,0
3657,"MEDLINE SBS BOX 2"" FEN FOAM DRSG MSC1102",0
3658,"""PURGE"" PRTD INSERT WALGREENS THIN FILM DRSG WRX150575",21
3659,EASY RELEASE 78# C1S-0 LNR 9.0 IN,28
3660,"""PURGE"" MEDLINE 4 X 4 FOLDING CARTON MSC3044 STRATASORB",60
3661,"""PURGE"" MEDLINE 6 X 6 FOLDING CARTON MSC3066 STRATASORB",60
3662,MEDLINE 6 X 8 FOLDING CARTON MSC3068 STRATASORB,60
3663,"""PURGE""AMCOR PPG-30 11.25 IN PRTD MEDLINE 4X4 STRATASORB",48
3664,POUCHING PET 11.25 IN,35
3665,"MEDLINE CURAD MEDISTRIP 1/4 X 1.5 IN, STERILE NON250114",14
3666,MEDLINE CURAD MEDISTRIP 1/8 X 3 IN STERILE NON250318,14
3667,MEDLINE CURAD MEDISTRIP 1/2 X 4 IN STERILE NON250412,14
3668,MEDLINE CURAD MEDISTRIP 1/4 X 4 IN STERILE NON250414,14
3669,MEDLINE CURAD MEDISTRIP 1/4 X 3 IN STERILE NON250314,14
3670,10 MIL CLEAR POLYESTER FILM 6.0 IN #001157,21
3671,"B-233 PSA Tape,Acrylic,White,Thk .010"" 3.4"" Wide",45
3672,ARGENTUM PRTD DM 6001 SONTARA PU 6.5 IN (SUB),0
3673,S.EAGLE LRG CLR BULK 92202,14
3674,S.EAGLE LRG TAN BULK 91202,14
3675,S.EAGLE SM/MD CLR BULK 92102,14
3676,S.EAGLE SM/MD CLR KROGER NASAL STRIP 92140 KRG,14
3677,S.EAGLE LRG CLR KROGER NASAL STRIP 92240 KRG ECO,14
3679,PUBLIX  LRG TAN NASAL STRIP 30CT 135511 ECO,14
3680,PUBLIX SM/MD CLR NASAL STRIP 30CT 135508,14
3681,S.EAGLE LRG TAN LAURA LYNN NASAL STRIP 30CT 91230 LL ECO,14
3682,S.EAGLE SM/MD CLR LAURA LYNN NASAL STRIP 30CT 92130 LL ECO,14
3683,S.EAGLE LRG CLR QUALITY CHOICE NASAL STRIP 30CT 92230 QC,14
3684,S.EAGLE LRG TAN QUALITY CHOICE NASAL STRIP 30CT 91230 QC,14
3685,S.EAGLE LRG TAN NASAL STRIP (SUB),7
3686,S.EAGLE LRG CLR NASAL STRIP 30CT  (SUB),7
3687,S.EAGLE SM/MD CLR NASAL STRIP 30CT (SUB),7
3688,"3M 1510 HI-TACK DC ADHESIVE 2.0""",35
3689,"""PURGE"" DM 2019 TAN NONWOVEN VILMED W/PSA 5.0 IN",35
3690,"""PURGE"" DM 8028 3 MIL POLYETHYLENE FILM W/PSA 5.0 IN",35
3691,BG-50 78#C1S LINER 5.5 IN,28
3692,10 MIL CLEAR POLYESTER FILM 4.5 IN MELINEX 462,90
3693,ARGENTUM 3x4 PRTD ISLAND DRSG BULK,14
3694,ARGENTUM 2.5x3 PRTD ISLAND DRSG BULK,14
3695,EMPI INSULATOR PSA 1800113  REV.E,14
3696,"Perforated Mylar Clear 3.0""",0
3697,"Perforated Mylar Clear 3.5""",0
3698,"Webril 3.0""",0
3699,MUELLER UNPRTD NO GLARE STRIPS BULK 12/SHT B140404BU,14
3700,LABEL MPM 6 X 8 REPEL MP00086,21
3701,Tape AResearch 90445 95mm ISF60730-0095,0
3702,Liner PET Tr 23 Very Easy 100mm 47350-0100,0
3703,Pick Up Tape 19mm 28081-0019,0
3704,ADH 2330L with Silicone Backing 85mm 63040-0085,0
3705,Liner PET Tr 50 Medium 115mm 40110-0115,0
3706,Film Dupont Melinex 342 150mic 95mm 60740-0095,0
3707,Telfa Pad Clear Sub,0
3708,"PURGE - DuPont 42"" 25GA S1 Mylar *Notes",120
3709,Telfa Pad Clear (Mini Island Dressing) SUB,0
3710,"Non-Woven Novonette 149-603 5.25""",84
3711,"Coated Sontara DM-2013 8.42857""",112
3712,PURGE - Perftech Perforation Toll *(#003761 Work Order Required),118
3713,"Webril R2452 BE142452   39.5"" *Notes Y2555162",56
3714,"Web Industries Slitting Toll 4.0"" Mylar",21
3715,"Web Industries 3.0"" and 3.5"" Mylar Pair",21
3716,"Uncoated Paper 1.125""",48
3717,"Transfer Tape TO-1-8   0.75""",84
3718,"""PURGE"" 3M 1526 1.875""",35
3719,"Webril R142801 0.75""",48
3720,"""PURGE"" Release Liner Polislick Paper 1""",64
3721,"4.0 NLY - E/E Lyocell 3.0""",42
3722,CS S.EAGLE NASAL STRIP INSERT ENGLISH,0
3723,"TATUDERM PRTD TYVEK POUCH 7"" X 9"" TD 6x4",42
3724,"Augusta Mylar 4.0""",0
3725,"25 GA Perforated and Slit Mylar 4.0"" (SUB)",0
3726,"25 GA Perforated and Slit Mylar 3.0"" and 3.5"" SUB",0
3727,"Web Industries Slitting Toll 3.0"" Webril Y2567556",21
3728,"""PURGE"" HDPE F-14 White Film Liner 2.4375""",84
3729,TATUDERM 4X6 THIN FILM,0
3730,"""PURGE"" HDPE F-14 White Film Liner 5.25""",84
3731,"PURGE Covidien Pouching 9.5"" LF 7539LF Latex Free",64
3732,"PURGE Covidien SBS Auto-Bottom, Tuck Top 7539LF",60
3733,"""PURGE"" Covidien Pouching 8.75"" 1961/2132",64
3734,PURGE Covidien SBS Reverse Tuck 1961,60
3735,PURGE Covidien SBS Reverse Tuck 2132,60
3736,"""PURGE"" Covidien Pouching 8.75"" 6017/7643",64
3737,PURGE Covidien SBS Reverse Tuck 6017,60
3738,PURGE Covidien SBS Reverse Tuck 7643,60
3739,"""PURGE"" Covidien Pouching 8.75"" 9640",64
3740,Covidien SBS Reverse Tuck 9640,60
3741,"""PURGE"" Covidien Pouching 8.75"" 9642",64
3742,Covidien SBS Reverse Tuck 9642,60
3743,"Cohesive Paper Unprinted Latex Free 9.5""",60
3744,"""PURGE"" Covidien Latex Random Black 8.75""",64
3745,"BOX 9.5"" X 8.5"" X 5.875"" RSC, 32 ECT",14
3746,"BOX 16.75""x8.5""x12.625"" RSC, 32 ECT",14
3747,"BOX 16.75""x15.75""x13.875"" RSC, 32 ECT",14
3748,"BOX 16.75""x8.625""x12.625 RSC, 32 ECT",14
3749,"BOX 17.375""x 8.5""x 8.875"" RSC, 32 ECT",7
3750,"BOX 16.75""x15.75""x8.875"" RSC, 32 ECT",7
3751,"BOX 15.75""x8.5""x13.75"" RSC, 32 ECT",14
3752,MPM 4 x 5 THIN FILM DRESSING STERILE MP00470,0
3753,"""PURGE"" AMCOR PPG-30 16.625"" MPM PRNTD TZ MEDICAL",48
3754,TIME & TEMP SENSITIVE LABEL 8498-00,28
3755,"78# BLEACHED BASE PAPER  13.25"" NO SILICONE COATING",28
3756,"SANDEL TRIP NO MORE,8""X125'(ROLL) PN:2309 REV.G",90
3757,"""PURGE""LABEL MPM 4.25 X 4 HYDROCOLLOID MP00602",21
3758,Blank SBS Box 7539LF,0
3759,"FRICTION DRAPE 9.75"" X 16.0"" PN 030040 REV B",60
3760,"FOAM MCFO3 18.9"" WIDE .2165"" THK",0
3761,"Master Roll Perforated 40"" 25GA S1 Mylar",118
3762,"Webril 3.0"" Slit (SUB)",0
3763,"SANDEL TRIP NO MORE 2 FOOT,8"" X 2' PN:2302 REV.H",70
3764,"""PURGE""TEMPERATURE TEST LABEL 05CTHMRNG1F01PK  F:105-130 C:40-54",21
3765,"""PURGE"" PRTD TYVEK 12.625 IN MPM TB SITE FM DRSG MP00501CN",42
3766,Blank SBS Box 7643,0
3767,Covidien Latex Blank 8.75,64
3768,4mm x 16 x 32 white fluted polypro Coroplast sheets,7
3769,"MILLIPORE SCEPTER TIPS PHCC60050,PHC60 REV G",0
3770,Liner PET 50 W Controlled 115mm ISF43740-0115,0
3771,Mesh Saati PA 31/21 White 20mm ISF606020-0020,0
3772,Tape AResearch 92363 105mm ISF60630-0105,0
3773,Liner PET Tr 23 Very Easy 115mm ISF47350-0115,0
3774,ADH 2330L with Silicone Backing 115mm ISF63040-0115,0
3775,ADH 2330L with Silicone Backing 20mm ISF63040-0020,0
3776,S737 PET51 20mm ISF58420-0020,0
3777,"Coroplast Circle 11.75"" OD/ With 3.0"" ID (SUB)",0
3778,"SANDEL FRICTION DRAPE 9.75"" X 16.0"" PN 030040 REV B Y553433",0
3779,"SANDEL TRIP NO MORE 8.0"" X 3 FT PN2303 REV G",90
3780,MEDICATION CUP FOAM PAD (SM) PN050009 REV 6,0
3781,"MILLIPORE SCEPTER TIPS 40um PHCC40050,PHCC40 REV C",0
3782,Tyco - FAB FC SHIELD .012 X .055 SLOT PN057217 REV F Y553418,0
3783,Blank SBS for 6017,60
3784,Blank SBS for 9642,60
3785,"""PURGE""PRTD TYVEK 14.125 IN MPM 4X4 NON BRD FM MP00511",42
3786,"PURGE Box Printed 1115 RSC, 3.75"" x 3.75"" x 40"" 32 ECT",21
3787,"BOX RSC, 8.125"" x 8.125"" x 40.625"" 32 ECT",21
3788,"*Purge CLEARSIL T10 EASY RELEASE LINER 6.5"" DPTA 300 GA",90
3789,"FRICTION DRAPE W/ADH 7.375"" X 16"" PN030203 REV A Y1253599",0
3790,".006 MELINEX 342 3.74""(95mm)",70
3791,MESH SAATI PA 31/21 ADHESIVE AR600.3 Y942891/27542EIS 8/CARD,70
3792,"MELINEX 342 ADHESIVE 90445,REV 2.0 Y941710/ 25402EIS 8/CARD",70
3793,"""PURGE"" SBS BOX WALGREENS 2.38X2.75 THIN FILM WRX150575",60
3794,PRNTD POUCH TYVEK MPM  MP00084 SUB,0
3795,PRTD TYVEK 14.125 IN MPM FM 4X4 MP00520,42
3796,"""PURGE"" LABEL MPM 6 X 8 REPEL MP00086",21
3797,"PSS 6""X10 LY RETENTION TAPE 4817",14
3798,"PSS 2""X 10 LY TETENTION TAPE 4815",0
3799,"PSS 4"" X 10 LY RETENTION TAPE 4816",14
3800,"ARcare MH-92363 4.13""(105mm) White PET 3mil Adh/MA-70, AS-110",49
3801,"ARcare MH-90445 3.74""(95mm) PET 1mil Adh/AS-110 both sides",49
3802,"""PURGE""LABEL MPM 6 X 6.5 HYDROCOLLOID MP00608",21
3803,"""PURGE"" S737 Film Carrier Tape .7874""( 20mm) / 2.0 milsThk",49
3804,"Mesh Saati PA 31/21 White .7874""(20mm)",49
3805,"PSS  CASE LABEL 6""X10 LYD #4817",21
3806,"PSS SBS BOX  6"" X 10 LYD #4817",60
3807,"PSS CASE LABEL 2"" X 10 LYDS#4815",21
3808,"PSS SBS BOX 2"" X 10LYD #4815",60
3809,"PSS CASE LABEL 4"" X 10 LYD #4816",21
3810,"PSS SBS BOX 4"" X 10 LYD#4816",60
3811,10 MIL CLEAR POLYESTER FILM 4.5 IN MELINEX 561,21
3812,S.EAGLE NASAL AID LRG. TAN 30 CT,0
3813,S.EAGLE NASAL AID SM/MED CLEAR 30 CT,0
3814,DM 8023 5.3 IN SC 4 MIL LDPE MATT FILM W PSA AND 78# LNR,56
3815,"S737 Film Carrier Tape 4.528""( 115mm) / 2.0 milsThk",60
3816,"S737 Film Carrier Tape .7874""( 20mm) / 2.0 milsThk",60
3817,"S737 Film Carrier Tape 3.346""( 85mm) / 2.0 milsThk",60
3818,"S3011 Watercolor Washout Tape .748""(19mm)",60
3819,"FRA-351 Liner 4.528""(115mm) 23um Clear PET S1S Very Easy Release",28
3820,"FRA-351 Liner 3.937""(100mm) 23um Clear PET S1S Very Easy Release",28
3821,"FRA-Q300 Liner 4.528""(115mm) 2 Mil Clear PET S1S Medium Release",28
3822,"FRA-Q250 Liner 4.528""(115mm) 2 Mil White PET S1S Easy Release",28
3823,"Augusta Mylar 3.0"" and 3.5"" Pair",0
3824,"""PURGE"" FOAM 13.27"" (337mm) AMS MCF03 .2165"" (5.5mm) Thickness",101
3825,"""PURGE"" FOAM 2.52"" (64mm) AMS MCF03 .2165"" (5.5mm) Thickness",101
3826,"PURGE 3M 1524 0.75""",180
3829,"SANITIZED AG   4""X4""  DRESSING  #1",0
3830,"SANITIZED AG  4""X4"" DRESSING #2",0
3831,"SANITIZED AG  4""X4"" DRESSING #3",0
3832,"3M 9835 6.0"" X 25 LY",35
3833,JEAN COUTU TAN LRG 30CT. SPL-02837 DB,0
3834,JEAN COUTU CLR SM/MD 30CT SPL-02836 - DB,0
3835,JEAN COUTU TAN LRG 10CT SPL-02839,0
3836,JEAN COUTU CLR SM/MD 10CT SPL-02838,0
3837,MEASUREMENT SPECIALTY HEART W/PERF,0
3838,"""PURGE"" JEAN COUTU CLR MEGA 26/CT SBS",28
3839,"""PURGE"" JEAN COUTU CLR SM/MD 30/CT SBS",28
3840,"""PURGE"" JEAN COUTU CLR SM/MD 10/CT SBS",28
3841,"""PURGE"" JEAN COUTU TAN LRG 30/CT SBS",28
3842,"""PURGE"" JEAN COUTU TAN LRG. 10/CT SBS",28
3843,DeRoyal Episeal Tan 3 Inch Non-Reinforced Material,0
3844,DeRoyal Episeal Tan 4.25 inch Non-Reinforced Material,0
3845,MEASUREMENT SPCLTY HEART W/PERF,14
3846,S.EAGLE NASAL AID CLR MEGA 26 CT,0
3847,S.EAGLE NASAL AID TAN MEGA 26 CT,0
3848,JEAN COUTU CLR MEGA 26 CT SPL-02835 - DB,0
3849,MEDISTRIP 1/4 IN X 1.5 IN BULK NON-STERILE,14
3850,MEDISTRIP 1/2 IN X 4 IN BULK NONSTERILE 3/CD,14
3851,MEDISTRIP 1/4 IN X 4 IN BULK NON-STERILE 5/CD,14
3852,MEDISTRIP 1/4 IN X 3 IN BULK NON-STERILE,14
3853,MEDISTRIP 1 IN X 4 IN BULK NON-STERILE,14
3854,"PSS #4802 Cloth Retention Tape 1"", 2 rl/ea, 6 ea/ctn, 8 ctn/cs",0
3855,"PSS #4803 Cloth Retention Tape 2"", 1 rl/ea, 12 ea/ctn, 8 ctn/cs",0
3856,"PSS #4804 Cloth Retention Tape 3"", 1 rl/ea, 12 ea/ctn, 8 ctn/cs",0
3857,"PSS #4805 Cloth Retention Tape 4"", 1 rl/ea, 12 ea/ctn, 8 ctn/cs",0
3858,"PSS #4806 Cloth Retention Tape 6"", 1 rl/ea, 12 ea/ctn, 8 ctn/cs",0
3859,"GWM Cust. Supplied 1/8"" Filtrona Blue Foam 21""",0
3860,"GWM Cust. Supplied 1/4"" Filtrona Blue Foam 21""",0
3861,"GWM 1/8"" Filtrona Blue Foam 10.5""",10
3862,"GWM 1/4"" Filtrona Blue Foam 10.5""",10
3863,Web Industries Chop to Length Toll,21
3864,AMCOR PPG-30 PAPER 12.625 IN UNPRINTED,35
3865,AMCOR PPG-30 PAPER 9.0 IN UNPRINTED,35
3866,"""PURGE""PPG-30 PAPER 9.0 IN MEDLINE 2 IN FEN FOAM DRSG MSC1102",63
3867,PPG-30 PAPER 15.125 IN MEDLINE FM 4X5 MSC1145,42
3868,PPG-30 PAPER 12.625 IN MEDLINE FM 3X3 FEN MSC1133F,42
3869,PPG-30 PAPER 12.625 IN MEDLINE FM 3X3 MSC1133,42
3870,"""PURGE""PPG-30 PAPER 12.625 IN MEDLINE 4 IN ROUND FM DRSG MSC1104",42
3871,GWM 1/8 IN Foam Dressing 4x5 Non-Sterile,0
3872,GWM 1/4 IN Foam Dressing 4x5 Non-Sterile,0
3873,"GWM Generic Printed PPG-30 7.25"" (SUB)",0
3874,"GWM 1/4"" IN Foam Drsg 4x5 Prtd PPG-30 7.25"" (SUB)",0
3875,"""PURGE""PRTD TYVEK 8.0 IN MPM FM DRSG 6X6 MP00502CN",48
3876,"""PURGE""PRTD TYVEK 14.125 IN MPM FM W/ FEN 4X4 MP00522",48
3877,PRTD TYVEK 7.25 IN MPM 8X4 FM DRSG MP00526,48
3878,"""PURGE""PRTD 6 X 8 POUCH MPM 4 X 4 HYDROCOLLOID MP00602",48
3879,GWM 1/8 IN Foam Dressing 4x4 Non-Sterile,0
3880,GWM 1/4 IN Foam Dressing 4x4 Non-Sterile,0
3881,PRTD POUCH TYVEK 5.62 IN MPM 4X4 STERILE WNDGRD,0
3882,SWISS 4X4 (2.5X2.5) SSL P99-044,0
3883,AMCOR PPG-30 16.875 IN PRTD 7.016 EYEMARK,48
3884,"PSS #4809 Carton Overlabel 2.75"" x 6.375""",21
3885,"PSS #4810 Carton Overlabel 4.6875"" x 6.375""",21
3886,"FRA-351 Liner .75"" 23um Clear PET S1S Very Easy Release",28
3887,"FRA-351 Liner 2.25"" 23um Clear PET S1S Very Easy Release",28
3888,Millipore Tape L2 Melinex,0
3889,Millipore Tape L1 with Mesh,0
3890,"MELINEX 516 4.125"" CLEAR POLYESTER FILM .005 THK",35
3891,McKESSON POUCH LABEL 4X4 HYGEL 61-82044,14
3892,McKESSON SBS CARTON 4X4 HYGEL 61-82044,60
3893,"""PURGE"" PPG-30 PAPER 16.625"" MPM PRNTD TZ MEDICAL MP00470",48
3894,"""PURGE"" DM 2019 TAN NONWOVEN VILMED W/PSA 5.125 IN",48
3895,"DM 2910 VILMED M1573F W/SINGLE CTD DM-2019  5.125""",48
3896,"""PURGE"" DM 8152 LDPE FILM COATED 2 SIDES W/ DM 1187 5.125 IN",48
3897,"""PURGE"" DM 8028 POLYETHYLENE 3.0ML W/SINGLE CTD 5.125""",48
3898,"DM 2210 1.3 OZ SPUNLACE COATED 2 SIDES W/DM 1187 4.625""",48
3899,"""PURGE"" DM 2210 1.3 OZ SPUNLACE COATED 2 SIDES W/DM 1187 5.125""",48
3900,MEDLINE FOAM PAD 4x5 MSC1145,0
3901,MEDLINE FOAM PAD 3x3 MSC1133,0
3902,MEDLINE FOAM PAD 3x3 MSC1133F,0
3903,MEDLINE 4 IN ROUND FOAM ISLAND DRSG W/FEN MSC1104,0
3904,"MEDLINE OPTIFOAM 2"" FEN FOAM DRSG, MSC1102",0
3905,"""PURGE"" PRTD 4 X 6 POUCH MPM 2 X 2 HYDROCOLLOID MP00600",48
3906,"""PURGE""PRTD TYVEK MPM EXCEL 4X5 DRSG 15.125 IN MP00521CN",42
3907,"EASY RELEASE 78#C1S-0 LNR 4.625"" RELEASE 0-9 g/in",42
3908,"""PURGE"" EASY REL 78# MEDLINE PRTD LNR 4.625"" RELEASE 0-9 g/in",28
3909,"""PURGE"" EASY REL 78# MEDLINE PRTD LNR 6.625"" RELEASE 0-9 g/in",28
3910,"EASY RELEASE 78#C1S-0 LNR 6.625"" RELEASE 0-9 g/in",28
3911,"M1671-80-54 PERMANENT/REMOVABLE DC ACRYLIC TAPE 54""",28
3912,S.EAGLE SM/MD TAN BULK 91102,14
3913,1/8 IN WHITE LATEX FOAM 7444 w/PSA 44 IN MASTER ROLL,42
3914,DM-5637 22# COLD SEAL PAPER 6 IN PRINTED TOP WEB,70
3915,GSI p/n 9601002 - 60 um Scepter Card 8-up,90
3916,GSI p/n 9601030 - 40 um Scepter Card 8-up,90
3917,KOB MEDICAL WC STRIPS 1/2 X 4 BULK NS 3/CD 46070945,14
3918,McKESSON POUCH LABEL 2X2 HYGEL 61-82022,21
3919,McKESSON SBS CARTON 2X2 HYGEL 61-82022,60
3920,MPM WOUNDGARD 4X4 DRSG STERILE MP00092C,14
3921,"PRTD PPG-30 PAPER MPM WOUNDGARD 4X4 MP00092C 16.875""",48
3922,"""PURGE"" DM-2265 SC NYLON NW W/PSA 7.25""",48
3923,**INACTIVE**Derma/McKess P/L 4x4 HYG SHT Sterile MCK6182044,0
3924,"Filtrona Blue Medisponge 30GB SOO-T 1/8"", 13.0"" wide",56
3925,"Filtrona Blue Medisponge 30GB SOO-T 1/4"", 13.0"" wide",56
3926,"3M 2475 TPE SINGLE COATED TAPE W/SILICONE ADHESIVE 6.0""",35
3927,S.EAGLE CS NV INSERT,0
3928,"Glenroy EFS 183-001 Unprinted Foil 7.0""",0
3929,"Aquatech Soluble Film - Bacon, 0.875""",0
3930,"PET INNOVATIONS PRTD FOIL, TOP 6.0"" (SUB)",0
3931,"PET INNOVATIONS PRTD FOIL, BOTTOM 6.0"" (SUB)",0
3932,PET INNOVATIONS BACON SOLUBLE STRIP POUCH,0
3933,GWM 4x5x.125 WOUND CARE DRSG RTD-71040518,0
3934,"""PURGE"" MEDRAD INSERT XDS IFU 11"" X 17"" 203686 REV.G",21
3935,TRAY 11-7/8 X 2-5/8 X 2-7/8 SUS BOARD,21
3936,LINER 14.0 IN RED 1.25 MIL LDPE COF <.2 UNTREATED,56
3937,"""PURGE"" PRTD TYVEK 12.626 IN MPM BRD FM DRSG 4X4 MP00500CN",42
3938,GWM 4x4x.125 WOUND CARE DRSG RTD-71040418,0
3939,GWM 4x5x.250 WOUND CARE DRSG RTD-71040514,0
3940,GWM 4x4x.250 WOUND CARE DRSG RTD-71040414,0
3941,"GWM 4x5x.125 Printed PPG-30 7.25"" (SUB)",0
3942,"GWM 4x4x.125 Printed PPG-30 7.25"" (SUB)",0
3943,"GWM 4x5x.250 Printed PPG-30 7.25"" (SUB)",0
3944,"GWM 4x4x.250 Printed PPG-30 7.25"" (SUB)",0
3946,SUP45R5017 0.45UM 2.25 IN,48
3947,GWM Supplied Box 8 x 8 x 6,0
3948,GWM Supplied 4x5x1/8 Label 72040518,0
3949,GWM Supplied 4x4x1/8 Label 72040418,0
3950,GWM Supplied 4x5x1/4 Label 72040514,0
3951,GWM Supplied 4x4x1/4 Label 72040414,0
3952,GWM CARTON 72040518 4 X 5 X 1/8 (30) QTY,60
3953,GWM CARTON 72040418 4 X 4 X 1/8 (30) QTY,60
3954,GWM CARTON 72040514 4 X 5 X 1/4 (20) QTY,60
3955,GWM CARTON 72040414 4 X 4 X 1/4 (20) QTY,60
3956,"FLEXMARK 400 POLY H-9 LINER 2.0""",21
3957,GWM Supplied - Human IFU 12032013,0
3958,Harmac Filter Disc P3113306 Rev F,0
3959,NV MEGA TAN NASAL STRIP SUB,0
3960,NV SMALL TAN NASAL STRIP SUB,0
3961,LARGE TAN NASAL STRIP SUB - DB,0
3962,"9"" Blank Paper Pouch Printing SUB",0
3963,Scepter Sensors 40um Rev. E,0
3964,"""PURGE"" Y1166268 SEAL 0.8 CIRCLE, REV. A",2
3965,"""PURGE"" Y1145539 PR02768, REV. B",21
3966,"""PURGE""Y1145540 PR02887, REV. B",35
3967,"""PURGE"" #909104 TIP BODY 00121561DR rev. E",35
3968,Y1526641 SCEPTER TIP 50 PACK CLAMSHELL PETG,49
3969,GENERIC NASAL STRIP INSERT FRENCH,28
3970,MEGA CLR NASAL STRIP SUB - DB,0
3981,SMALL CLEAR NASAL STRIP SUB  DB,0
3982,NV LARGE CLEAR NASAL STRIP SUB,0
3983,GENERIC NASAL STRIP INSERT ENGLISH,28
3984,"""PURGE""GWM 4 X 5 X 1/8 PRTD POUCH 6"" X 8"" CORNER PEEL",49
3985,"GWM 4 X 4 X 1/8 PRTD POUCH 6"" X 6.5"" CORNER PEEL",49
3986,"GWM 4 X 5 X 1/4 PRTD POUCH 6"" X 8"" CORNER PEEL",49
3987,"GWM 4 X 4 X 1/4 PRTD POUCH 6"" X 6.5"" CORNER PEEL",49
3988,GWM 4x5x.125 WOUND CARE DRSG RTD-71040518,0
3989,GWM 4x4x.125 WOUND CARE DRSG RTD-71040418,0
3990,GWM 4x5x.250 WOUND CARE DRSG RTD-71040514,0
3991,GWM 4x4x.250 WOUND CARE DRSG RTD-71040414,0
3992,"""PURGE"" PRTD TYVEK 9.0 IN FM DRSG 2X2 MP00510CN",49
3993,"""PURGE"" PRTD TYVEK 14.125 IN MPM 4X4 NON BRD FM MP00511",42
3994,QUALITY CHOICE CLR MEGA 26/CT SBS,28
3995,QUALITY CHOICE CLR SM/MD 30/CT SBS,28
3996,QUALITY CHOICE CLR LRG 30/CT SBS,28
3997,QUALITY CHOICE TAN SM/MD 30/CT SBS,28
3998,QUALITY CHOICE TAN LRG 30/CT SBS,28
3999,"""PURGE""MPM MP00206 3.75"" COOL MAGIC PRTD FOIL 11.125 IN",42
4000,"""PURGE"" SBS BOX MPM MP00206 COOL MAGIC 3.75"" 6x1x7",60
4001,"""PURGE"" SBS BOX MPM MP00208 COOL MAGIC 6X8",60
4002,"3M MSX-7098/9907 LTW 9.75""",35
4003,RAW COPPER #Y556960,35
4004,CDMA TAN LRG 30CT. QC-97041 DB,0
4005,S.EAGLE CDMA CLR SM/MD 30CTQC-97038,0
4006,S.EAGLE CDMA CLR MEGA 26 CT QC-97039 DB,0
4007,"""PURGE"" MPM MP00208 COOL MAGIC PRINTED POUCH 7.5"" X 9.5""",49
4008,PENSAR MEDICAL WOUND PRO COVER DRESSING 8463540061 Rev.1,0
4009,"3"" x 40"" x 0.375"" Cores",7
4010,S.EAGLE CDMA NASAL STRIPS TAN SM/MED 30CT QC-97037 DB,0
4011,S.EAGLE CDMA NASAL STRIPS CLEAR LARGE 30CT QC-97040,0
4012,"3M 9836 11.5"" Wide",35
4013,Pensar #3 Printed 1.5 mil PET film (SUB),0
4014,"8.75"" SILICONE COATED 1.5 MIL PET FILM CLEAR SC1/ CORONA 1 SIDE",42
4015,"Y821686 M1671PG-76-60 60"" X 1000 LF",28
4016,"V13364 HOLD TIGHT ORANGE PANT 021C 60"" X 1000' Y551983",28
4017,"3"" x 3"" x 0.25"" core",7
4018,"""PURGE""MPM MP00209 COOL MAGIC WHITE FOIL/FOIL 8.0"" X 10.5"" POUCH",35
4019,"""PURGE"" MPM MP00209 COOL MAGIC SBS CARTON 8.5"" X 2.0"" X 11.0""",60
4020,SWISS 6X6 (4.25X4) SSL P,14
4021,AMCOR PPG-30 15.125 IN PRTD 8.954 EYEMARK,48
4022,Pensar #1 Printed 1.5 mil PET film (SUB),0
4023,Pensar #2 Printed 1.5 mil PET film (SUB),0
4024,"7.5"" SILICONE COATED 1.5MIL PET FILM CLEAR SC1/ CORONA 1 SIDE",42
4025,".5"" Slit Double Sided Adhesive.(SUB)",0
4026,"SANDEL TRIP NO MORE,8""X125'(ROLL) PN:2309 REV.E Y1253622",70
4027,"SANDEL TRIP NO MORE 2 FOOT,8"" X 2' PN:2302 REV.F Y1251228",70
4028,"SANDEL TRIP NO MORE 8.0"" X 3 FT PN2303 REV E Y1253599",70
4029,"7.5"" 1.5MIL PET FILM MATTE Corona Treated 1 Side",42
4030,Scepter Sensors 60um rev I,0
4031,GWM 2x2x.125 WOUND CARE DRSG RTD-71020218,0
4032,GWM 2x2x.250 WOUND CARE DRSG RTD-71020214,0
4033,GWM 4x5x.250 WOUND CARE DRSG RTD-81040514 ANIMAL USE ONLY,0
4034,GAME FACE   SUPER FAN MAVERICKS,0
4035,FMP-413 11.125 IN 4.0 MIL HDPE/HDPE-LLDPE/PEELABLE,7
4036,FMP-413 14.055 IN 4.0 MIL HDPE/HDPE-LLDPE/PEELABLE,84
4037,BOX 10-12/32 x 8 x 7-24/32,10
4038,MPM No Trauma Dressing 4x4 w/2x2 Pad MP00451,0
4039,MPM No Trauma Dressing 6x6 w/4x4 Pad MP00452,0
4040,"""PURGE"" AMCOR PPG-30 16.875 IN PRTD MPM 4X4 NO TRAUMA MP00451",48
4041,"""PURGE""AMCOR PPG-30 15.125 IN PRTD MPM 6X6 NO TRAUMA MP00452",48
4042,"3M 2475 TPE SINGLE COATED TAPE W/SILICONE ADHESIVE 4.8""",35
4043,"3M 2475 TPE SINGLE COATED TAPE W/SILICONE ADHESIVE 8.0""",35
4044,"3.0"" GMC 2.0mil WHT HDPE liner",56
4045,"4.0"" GMC 2.0mil WHT HDPE liner",56
4046,"""PURGE"" 12.0"" GMC 2.0mil WHT HDPE liner",56
4047,BOX 18X18X12 #S-4399,3
4048,"""PURGE"" TYVEK 11.25 IN PRTD MPM 8X10 EXCEL FOAM MP00528",48
4049,"MACTAC TM-5110 3.75""",10
4050,"""PURGE""GWM 4 X 5 X 1/4 PRTD POUCH 6"" X 8"" CORNER PEEL",49
4051,"""PURGE""GWM 2 X 2 X 1/4 PRTD POUCH 3.75"" X 3.75"" CORNER PEEL",49
4052,"""PURGE""GWM 2 X 2 X 1/8 PRTD POUCH 3.75"" X 3.75"" CORNER PEEL",49
4053,"""PURGE""GWM CARTON RTD77040518 4 X 5 X 1/8 (30) QTY",60
4054,"""PURGE""GWM CARTON RTD82040514 4 X 5 X 1/4 (20) QTY",60
4055,"""PURGE""GWM CARTON RTD77020218 2 X 2 X 1/8 (30) QTY",60
4056,"""PURGE""GWM CARTON RTD72020214 2 X 2 X 1/4 (20) QTY",60
4057,"1173D ADHESIVE 54"" MASTER ROLL",35
4058,"AST3 WHITE 1/8"" FOAM 30"" MASTER ROLL",35
4059,TATU YOU PRIVATE LABEL,35
4060,"PURGE PRTD TATUDERM POUCH CORNER 11.25"" X 7""TD 6 X 180 B.EVERETT",42
4061,**PURGE**CS SPENCO BLISTER PAD CARTON #308-5891,14
4062,"3M 9832W 8.0""",90
4063,"3M 9834B 8.75""",35
4064,"3M 2476P 8.75""",35
4065,SLIT FOAM SUB - SANDEL MEDICATION CUP,0
4066,SLIT TAPE SUB - SANDEL MEDICATION CUP,0
4067,FLOOD COAT LINER SUB - SANDEL MEDICATION CUP,0
4068,"RECOVERY 5 HEALTHCARE BLACK FABRIC 20 MIL 56"" MASTER ROLL",35
4069,MEDLINE IV SITE DRESSING / SONTARA,0
4070,MEDLINE IV SITE DRESSING / SILICONE,0
4071,"3M 2476P 6.5""",35
4072,PRTD PPG-30 PAPER MPM ISOLATE 6X6 DRSG 10.0 IN MP00554C,42
4073,"""PURGE""PRTD 6 X 8 POUCH MPM 4 X 4 HYDROCOLLOID MP00602",48
4074,"3M 2476P 8.0""",35
4075,GWM Supplied - VET IFU 12082013,0
4076,"PURGE B. EVERETT 1059B TYVEK POUCH 8"" X12""",42
4077,BRIAN EVERETT BE6X8 SHEET,0
4078,PUBLIX CARTON TAN  NASAL STRIPS 30CT LARGE,28
4079,PUBLIX CARTON CLEAR  NASAL STRIPS 30CT SMALL/MEDIUM,28
4080,SMART SENSE CARTON TAN  NASAL STRIPS 30CT LARGE,28
4081,SMART SENSE CARTON CLEAR  NASAL STRIPS 30CT SMALL/MEDIUM,28
4082,"KCI 2x3 Thin Film Dressing with 0.03"" Holes",14
4083,"Medline Stratasorb 4""x4"" w/2""x2.5"" pad",0
4084,"Medline Stratasorb 3""x3"" w/1""x1.5"" pad",0
4085,"Medline Stratasorb 6""x6"" w/4""x4"" pad",0
4086,"Medline Stratasorb 4""x8"" w/2""x6"" pad",0
4087,"Medline Stratasorb 4""x10"" w/8""x2"" pad",0
4088,"Medline Stratasorb 4""x14"" w/2""x12"" pad",0
4089,GLOBAL SPORTS PROD. / SUPERFAN FACE - SOLID GOLD,0
4090,GLOBAL SPORT PRODUCTS-SUPERFAN FACE - SOLID ORANGE,0
4091,GLOBAL SPORT PRODUCTS- SUPERFAN FACE - SOLID RED,0
4092,GLOBAL SPORT PRODUCTS- SUPERFAN FACE - SOLID BLUE,0
4093,GLOBAL SPORT PRODUCTS-SOLID GREEN SUPER FAN FACE,0
4094,GLOBAL SPORT PRODUCTS- SUPERFAN FACE-SOLID MAROON,0
4095,GLOBAL SPORT PRODUCTS-SUPERFAN FACE-SOLID PURPLE,0
4096,GLOBAL SPORT PRODUCTS-SUPERFAN FACE-SOLID WHITE,0
4097,GLOBAL SPORT PRODUCTS-SUPERFAN FACE-RED/WHITE,0
4098,GLOBAL SPORT PRODUCTS-SUPERFAN FACE-BLUE/WHITE,0
4099,GLOBAL SPORT PRODUCTS-SUPERFAN FACE-ORANGE/BLACK,0
4100,GLOBAL SPORT PRODUCTS-SUPERFAN FACE-RED/BLACK,0
4101,GLOBAL SPORT PRODUCTS-SUPERFAN FACE-GREEN/WHITE,0
4102,GLOBAL SPORT PRODUCTS-SUPERFAN FACE-PURPLE/GOLD,0
4103,GLOBAL SPORT PRODUCTS-SUPERFAN FACE-GOLD/BLACK,0
4104,"BOX 4"" X 4"" X 36"" #S-4132",1
4105,GLOBAL SPORT PRODUCTS-MAVERICKS/DR.PEPPER,0
4106,"""PURGE"" DERMA CATH STRIP CARTON CS-50 USA",60
4107,".5"" wide 3M 1524 Transfer Adhesive",35
4108,"""PURGE"" MPM MP00206 3.75"" COOL MAGIC PRTD FOIL 12.78 IN #202.1",42
4109,"GWM 4X4 DRESSING, 2X2X.125 FOAM PAD",0
4110,GWM SUPPLIED 4X4 W/2X2X.125 CARTON,60
4111,GWM 4 X 4 W/2 X 2 X 1/8 PRTD POUCH,49
4112,"3M 2476P 4.25""",35
4113,"Medline Stratasorb Gentle 3""x 3"" 10.0"" PPG-30 PRTD PAPER",42
4114,"Medline Stratasorb Gentle 4""x 4"" 11.25"" PPG-30 PRTD PAPER",42
4115,"Medline Stratasorb Gentle 4""x 8"" 11.25"" PPG-30 PRTD PAPER",42
4116,"Medline Stratasorb Gentle 4""x 10"" 11.25"" PPG-30 PRTD PAPER",42
4117,"Medline Stratasorb Gentle 4""x 14"" 11.25"" PPG-30 PRTD PAPER",42
4118,"Medline Stratasorb Gentle 6""x 6"" 15.125"" PPG-30 PRTD PAPER",42
4119,"Medline Stratasorb Gentle 3""x 3"" SBS CARTON",60
4120,"Medline Stratasorb Gentle 4""x 4"" SBS CARTON",60
4121,"Medline Stratasorb Gentle 4""x 8"" SBS CARTON",60
4122,"Medline Stratasorb Gentle 4""x 10"" SBS CARTON",60
4123,"Medline Stratasorb Gentle 4""x 14"" SBS CARTON",60
4124,"Medline Stratasorb Gentle 6""x 6"" SBS CARTON",60
4125,MILLIKEN ULTRA 4 X 5 SBS CARTON,60
4126,"""PURGE""MILLIKEN ULTRA 4 X 5 PRTDTYVEK 1059B 14.625""",42
4127,"3M 1776 9.5""",35
4128,McKESSON SBS CARTON 2X3 HYGEL 61-82023,60
4129,McKESSON POUCH LABEL 2X3 HYGEL 61-82023,21
4130,"DM-2041 7.25"" BEIGE TRICOT SINGLE COATED",126
4131,POUCHING PET 14.625 IN,35
4132,PRTD IFU MILLIKEN ULTRA 4X5 DRSG,21
4133,CASE LABEL MILLIKEN ULTRA 4X5 DRSG,21
4134,OVIK HEALTH ULTRA 4X5 DRESSING,0
4135,"CS OVIK HEALTH SUPPLIED ULTRA LAMINATE 14""",120
4136,"TEST - ARGOTEC 2X3 THIN FILM  ""B2""",0
4137,"TEST - ARGOTEC 4X5 THIN FILM  ""B2""",0
4138,"Discontinued3M 9944 HYDROCOLLOID 4.375"" 1/8"" EL each side 4.625""",0
4139,GLOBAL SPORT PRODUCTS- PARAGUAY VISION BANCO,0
4140,"UNTRIMMED FOAM 19.685"" (500mm) AMS MCF03 .2165"" (5.5mm) Thick",101
4141,"TEST - ARGOTEC 2X3 THIN FILM  ""A""",0
4142,"TEST - ARGOTEC 4X5 THIN FILM  ""A""",0
4143,GLOBAL SPORTS PRODUCTS - TAKIS,0
4144,"McKESSON 4670 FOAM DRESSING, 3X3 ADHESIVE BORDER",0
4145,"McKESSON 4671 FOAM DRESSING, 4X4 ADHESIVE BORDER",0
4146,"McKESSON 4672 FOAM DRESSING, 6X6 ADHESIVE BORDER",0
4147,McKESSON 4673 FOAM DRESSING ADHESIVE BORDER SACRAL 7X7,0
4148,"McKESSON 4737 FOAM DRESSING, 4x4 HYDROCELLULAR NON ADH FILM-BACK",0
4149,"McKESSON 4738 FOAM DRESSING, 6X6 HYDROCELLULAR NON ADH FILM-BACK",0
4150,"McKESSON 4739 FOAM DRESSING, 4X4 HYDROPHILIC NON ADHESIVE",0
4151,"McKESSON 61-82022 DRESSING, HYDROGEL SHEET STR LF 2X2",0
4152,"McKESSON 61-82044 DRESSING, HYDROGEL SHEET STR LF 4X4",0
4153,"McKESSON 4670 FOAM 3X3 PRINTED PPG-30 13.5""",42
4154,"McKESSON 4671 FOAM 4X4 PRINTED PPG-30 16.625""",42
4155,"McKESSON 4672 FOAM 6X6 PRINTED PPG-30 15.125""",42
4156,"McKESSON 4673 FOAM SACRAL 7X7 PRINTED PPG-30 17.0""",42
4157,"McKESSON 4737 FOAM HYDROCELLULAR 4X4 PRINTED PPG-30 15.125""",42
4158,"McKESSON 4738 FOAM HYDROCELLULAR 6X6 PRINTED PPG-30 9.5""",42
4159,"McKESSON 4739 FOAM HYDROPHILIC 4X4 PRINTED PPG-30 15.125""",42
4160,"""PURGE""McKESSON 61-82022 HYDROGEL 2X2 POUCH LABEL",21
4161,McKESSON 61-82044 HYDROGEL 4X4 POUCH LABEL,21
4162,McKESSON 4670 FOAM 3X3 SBS CARTON,60
4163,McKESSON 4671 FOAM 4X4 SBS CARTON,60
4164,McKESSON 4672 FOAM 6X6 SBS CARTON,60
4165,McKESSON 4673 FOAM SACRAL 7X7 SBS CARTON,60
4166,McKESSON 4737 FOAM HYDROCELLULAR 4X4 SBS CARTON,60
4167,McKESSON 4738 FOAM HYDROCELLULAR 6X6 SBS CARTON,60
4168,"""PURGE"" McKESSON 4739 FOAM HYDROPHILIC 4X4 SBS CARTON",60
4169,"""PURGE""McKESSON 61-82022 HYDROGEL 2X2 SBS CARTON",60
4170,McKESSON 61-82044 HYDROGEL 4X4 SBS CARTON,60
4171,LAURA LYNN CARTON CLEAR  NASAL STRIPS 26CT,60
4172,LAURA LYNN CARTON TAN  NASAL STRIPS 26CT,60
4173,"""PURGE"" Release Liner Polislick Paper 0.875""",64
4174,"""PURGE"" 3M 1526 1.5""",35
4175,"UNPRINTED .022 SBS CARTON 3.625"" X 3.3125"" X 6.875""",45
4176,BOX 15 X 15 X 10 #S-19819,5
4177,"""PURGE""MILLIKEN ULTRA SILVER 4 X 5 PRTDTYVEK 1059B 14.625""",42
4178,MILLIKEN ULTRA SILVER 4 X 5 SBS CARTON,60
4179,"TYVEK/POLY CHEVRON POUCH 3"" X 4"" UNPRINTED",21
4180,INSPIRE 7235 FOAM + PSA 4.1338 IN (105 mm),180
4181,INSPIRE 7235 FOAM + PSA 8.1496 IN (207 mm),180
4182,"SANDEL TRIP NO MORE,8""X125'(ROLL) PN:2309 REV.",50
4183,"SANDEL TRIP NO MORE 8.0"" X 3 FT PN2303 REV",50
4184,"SANDEL TRIP NO MORE 2 FOOT,8"" X 2' PN:2302 REV.",50
4185,"AVERY MED 5051 10.25""  SC CLEAR POLYETHLENE FILM w/PSA",42
4186,"""PURGE""DM -9008 4.25"" TRANSFER ADHESIVE",70
4187,"DM-2265 SC NYLON NW W/PSA 7.375""",105
4188,AMCOR PPG-30 WALGREENS 2.38X2.75 PRT 17.625 IN,48
4189,"""PURGE"" PRTD INSERT WALGREENS THIN FILM DRSG RD14PCC",21
4190,"""PURGE"" SBS BOX WALGREENS 2.38X2.75 THIN FILM WRX344345",60
4191,"ARGENTUM 4 X 8 PRTD ISLAND DRESSING, NS, ID-48",0
4192,"MEDLINE CUR5000 CURAD 2""X2"" 6CT, 24CS",0
4193,"MEDLINE CUR5001 CURAD 4""X4"" 4CT, 24CS",0
4194,"MEDLINE CUR5002 CURAD, 3/4""X3"", 20CT, 24CS",0
4195,"MEDLINE CUR5003 CURAD 1.625""X4"" 8CT, 24CS",0
4196,"MEDLINE CUR5004 CURAD 1"" SPOT, 20CT, 24CS",0
4197,"MEDLINE CUR5005 CURAD KNEE/ELBOW,4CT, 24CS",0
4198,MEDLINE CUR5007 CURAD KNUCKLE/FINGER 8CT 24CS,0
4199,CASE LABEL MILLIKEN ULTRA SILVER 4X5 DRSG,21
4200,"""PURGE"" PRTD IFU MILLIKEN ULTRA SILVER 4X5 DRSG",21
4201,"ARGENTUM 2X3 WOUND PAD NS, BULK, WPD23",0
4202,GLOBAL SPORTS PRODUCTS - SWITZERLAND FLAG FACE,0
4203,GLOBAL SPORTS PRODUCTS - GERMAN FLAG FACE,0
4204,GLOBAL SPORTS PRODUCTS - FRANCE FLAG FACE,0
4205,GLOBAL SPORTS PRODUCTS - USA FLAG FACE,0
4206,GLOBAL SPORTS PRODUCTS - BRAZIL FLAG FACE,0
4207,"Inoac S-90 Feltcrest Nat Foam Sht, 56 x 46 x 0.125",0
4208,KCI RESET FELTED FOAM CS23518 Rev. C,0
4209,Global Sports Products - Skeleton Pirate  Full Face,0
4210,MEDLINE WALGREENS 2.38 X 2.75 IN THIN FILM DRSG WRX344345,14
4211,"CORONA TREATED AVERY MED 5051  5.125""",0
4212,DERMD 2205 TAN 4.5 IN,35
4213,MEDLINE CUR5000WR CURAD 2x2/4x4 Asrt Pack 6 CT (2) 4X4/(4) 2X2,0
4214,WALGREENS CARTON OVER-LABEL,21
4215,KMART CLEAR SM/MD NASAL STRIPS 30CT,0
4216,"PS-1243 10.0"" SILICONE GEL W/ PRINTED CURAD LINER",70
4217,KMART TAN LARGE NASAL STRIP  30CT,0
4218,"FOAM 13.25"" AMS MCF03 .2165"" Thk (SUB)",0
4219,"FOAM 5.0"" AMS MCF03 .2165"" Thk (SUB)",0
4220,PUBLIX LARGE TAN NASAL STRIP 30CT  135511,0
4221,CDMA CLEAR SM/MD 30CT,0
4222,CDMA CLEAR MEGA 26CT,0
4223,CDMA TAN SM/MD 30CT,0
4224,CDMA CLEAR LARGE 30 CT,0
4225,LAURA LYNN TAN LARGE 30 CT,14
4226,LAURA LYNN CLR SM/MD 30 CT,14
4227,"""DISCONTINUED"" SUP45R5054 0.45UM 2.0 IN",48
4228,BOX 16 X 13 X 13 #S-13307,1
4229,"PS-2043 10.0"" TAN WAVE PRINT",70
4230,"PS-1243-19 9.5"" 6 MIL HIGH ADH SIL GEL/1 MIL PU FILM",70
4231,"Inoac S-90 Feltcrest Nat Foam Sht, 56 x 46 x 0.200",35
4232,Medline 3x3 Knee and Elbow Hydrocolloid Bandage,0
4233,"""PURGE"" MPM PRINTED FOIL 12.64""",42
4234,"CLEAR ACETATE, 3/4"" CIRCLE LABEL #S-5641",2
4235,"""PURGE"" MILLIPORE LABEL 00116190X3PU PP 1.5"" X 2.375"" 2 UP",21
4236,"MILLIPORE BOX LABEL 00116189X3PU PP 2.875"" x 4.75"" 1 UP",21
4237,"SANDEL TRIP NO MORE 2 FOOT,8"" X 2' PN:2302 REV.H",70
4238,"SANDEL TRIP NO MORE 8.0"" X 3 FT PN2303 REV G",70
4239,"SANDEL TRIP NO MORE,8""X125'(ROLL) PN:2309 REV.G",70
4240,"MPM COOL MAGIC 1.75""X1.75"" GEL PAD",0
4241,"2.5"" BLUE 3 MIL LINER LDPE",0
4242,"1.625"" BLUE 3 MIL LINER LDPE",0
4243,TYVEK 1056DR 4.0 IN,30
4244,"""PURGE"" LABEL MPM 3.6 X 4 HYDROCOLLOID MP00606",21
4245,POUCHING TL-101 PET 13.5 IN,42
4246,POUCHING TL-101 PET 17.0 IN,42
4247,POUCHING TL-101 PET 9.5 IN,42
4248,"2.5"" WHITE SPUNLACE S/C ACRYLIC PSA (45gsm) W/ SILICONE LINER",70
4249,"4.5"" WHITE SPUNLACE S/C ACRYLIC PSA (45gsm) W/ LINER",70
4250,"6.5"" WHITE SPUNLACE S/C ACRYLIC PSA (45gsm) W/ LINER",70
4251,"4.5"" PU WHITE SPUNLACE S/C ACRYLIC PSA (45gsm) W/ SILICONE LINER",70
4252,"6.5"" PU WHITE SPUNLACE S/C ACRYLIC PSA (45gsm) W/ SILICONE LINER",140
4253,MEDLINE - WALGREENS HYDCCLD - KNEE & ELBOW WRX336148,0
4254,MEDLINE - CURAD BLISTER HEAL ADV. 8CT  CUR76126,0
4255,MEDLINE - CURAD HYDROCOLLOID KNEE & ELBOW 3X3  CUR76128,0
4256,MEDLINE - MEIJER BLISTER FINGER & TOE  MJ76126,0
4257,"FOAM 18.90"" (480mm) AMS MCF03 .2165"" (5.5mm) Thick",172
4258,MEDLINE - BLISTER CARE BANDAGE-STRL   RA0353818,0
4259,MEDLINE - SMART SENSE ADV.BLISTER BANDAGE- KM76123,0
4260,"""PURGE"" CURAD NU-LAYER CUR76128 SBS CARTON",60
4261,WALGREENS HYDROCOLLOID WRX336148 SBS CARTON,60
4262,EQUALINE ADH BANDAGES EQU76123 SBS CARTON,60
4263,"""PURGE""CURAD BLISTERHEAL CUR76126 SBS CARTON",60
4264,EQUALINE ADV BLISTER HEALING EQU76126 SBS CARTON,60
4265,SMART SENSE BLISTER KM76123 SBS CARTON,60
4266,"""PURGE""MEIJER BLISTER MJ76126 SBS CARTON",60
4267,"""PURGE"" SMART SENSE BLISTER KM76126 SBS CARTON",60
4268,"""PURGE""RITE AID BLISTER RAO353818 SBS CARTON",60
4269,MEDLINE - EQUAL NATURAL CARE BANDAGE-EQU76123,0
4270,MEDLINE - SMART SENSE ADV BLISTER-KM76126,0
4271,MEDLINE - EQUAL ADV.BLISTER-EQU76126,0
4272,"78# LINER SC1 TIGHT RELEASE 1.625""",28
4273,"78# LINER SC1 TIGHT RELEASE 2.0""",28
4274,"78# LINER SC1 TIGHT RELEASE 2.75""",28
4275,"78# LINER SC1 TIGHT RELEASE 3.75""",28
4276,"78# LINER SC1 TIGHT RELEASE 4.0""",28
4277,"78# LINER SC1 TIGHT RELEASE 5.5""",28
4278,"FOAM 1.0 IN MEDISPONGE-50PW .125"" THK",120
4279,"FOAM 5.0 IN MEDISPONGE-50PW .125"" THK",120
4280,MEDLINE - CURAD BLISTERHEAL 8CT  CUR76126,0
4281,"COVIDIEN 6"" X 108 LY FOAM ADHESIVE ROLLS",0
4282,"R007 18 MIL HYDROCOLLOID 9.448"" (24cm)",60
4283,BOX 12 X 8 X 7 #S-4979,1
4284,BOX 16 X 10 X 8 #S-4161,1
4285,BOX 16 X 10 X 12 #S-12597,1
4286,"BOX 20 x 14 x 12"" #S-4206",3
4287,"DM -9008Z 4.4375"" TRANSFER ADHESIVE WITH 4.9166"" EXT LNR",70
4288,"3M 1772 WHITE PE FOAM 6.0""",35
4289,"3M 1524 TRANSFER ADHESIVE 6.0""",35
4290,"20"" x 20"" x 36"" SHIPPER BOX S-4569",2
4291,"CS MEDRAD/ BAYER XDS IFU DN-229959 REV.A 11"" X 17""",21
4292,"CS MEDRAD/BAYER BOX DN-229990 REV. A 10.5"" X 6"" X 5.5""",60
4293,BOX 8 X 4 X 4  #S-4245,1
4294,"""Discontinued"" 3M 9943J 9.25 IN",0
4295,MEDLINE-CANADA  ADV BLISTER CUSHION 588417,0
4296,MEDLINE-CANADA LIFE LB76123 ADV.BLISTER BANDAGE,0
4297,MEDLINE-CANADA LIFE BLISTER BANDAGE LB76126,0
4298,MEDLINE-CANADA ADV.BLISTER CUSHIONS 588418,0
4299,**INACTIVE**Reserved for Medline France 6x8 Stratasorb Bulk NS,0
4300,**INACTIVE*Reserved for Medline France 1x5 Suture Strip Bulk NS,0
4301,LIFE BRAND LB76123 BLISTER BANDAGE SBS CARTON 10,60
4302,LIFE BRAND LB76126 BLISTER BANDAGE SBS CARTON 6,60
4303,ADVANCED BLISTER BANDAGES 588417 SBS CARTON 6,60
4304,ADVANCED BLISTER BANDAGES 588418 SBS CARTON 8,60
4305,THERMAX LEVEL 1 TEMP LABELS DUAL SCALE 180F #53833653,5
4306,"14"" x 28"" 2 MIL POLY BAG #S-5781",2
4307,"16"" x 16"" x 14"" BOX #S-4893",2
4308,**INACTIVE** BOX 14 X 11 X 6 #S-4145,1
4309,SWISS 6 X 6 HYDROPHILIC FOAM 99-015,14
4310,"HYDROCOLLOID SLIT SUB - 4.724""",0
4311,"COLD SEAL 4.75"" (SUB)",0
4312,"HYDROCOLLOID SLIT SUB - 3.15""",0
4313,3M 9833 6.5 IN,60
4314,"FLEXMARK 200 POLY H-9 LINER 2.0""",21
4315,EXOPACK PU FOAM 4.1338 IN SCORED (SUB),21
4316,EXOPACK PU FOAM 8.1496 IN SCORED (SUB),21
4317,"CS OVIK HEALTH SUPPLIED ULTRA SILVER LAMINATE 14""",120
4318,OVIK HEALTH ULTRA SILVER 4X5 DRESSING,0
4319,"Inoac S-90 Feltcrest Nat Foam Sht, 56 x 46 x 0.11",28
4320,"24"" x 30"" 2 mil Polybag #S-1356",2
4321,TEMPERATURE LABEL 104F/40C EW-08068-34 1-POINT SQUARE 50/PK,21
4322,SPENCO SKIN BLISTER PADS 308-6607,14
4323,"""PURGE"" CS SPENCO BLISTER PAD CARTON #308-6607",14
4324,"TYVEK/POLY CHEVRON POUCH 4"" X 6"" UNPRINTED",21
4325,"TYVEK/POLY CHEVRON POUCH 5"" X 7"" UNPRINTED",21
4326,BENZOIC ACID USP (482365) 50KG DRUM,7
4327,"""PURGE"" ASCORBIC ACID CAS# 50-81-7",28
4328,HYDROGEN PEROXIDE 35% FCC (195927) 500# DRUM,7
4329,**INACTIVE**CS SPENCO BLISTER PAD CARTON #308-5891,14
4330,KCI FOAM FILTER 150CC CARTRIDGE CS23548 Rev. C,0
4331,"MACTAC TM-5110 4.375""",10
4332,"MACTAC TM-5110 4.875""",10
4348,"CS MEDLINE CUR5008 TAPE, SILICONE, GREEN 1""X4YD",90
4349,"CS MEDLINE CUR5006 TAPE, SILICONE, TAN 1""X4YD",90
4350,McKESSON 4739 FOAM HYDROPHILIC 4X4 SBS CARTON,60
4351,"""PURGE""BM 2109 NEW ZEALAND BOVINE COLLAGEN DOUGH",60
4352,"TAN MICRO-POROUS NON-WOVEN 5.125"" ACRYLIC ADH  W/SILICONE PAPER",60
4353,"NOVESPIRE PU 6 MILS 7.0"" (177.8mm)",120
4354,"NOVESPIRE PU 6 MILS 7.5"" (190.5mm)",120
4355,"NOVESPIRE PU 6 MILS 9.0"" (228.6mm)",120
4356,"""PURGE"" CS SPENCO BLISTER PAD CANADA CARTON #308-6608",21
4357,CURAD MEDIPLAST WART REMOVER CUR01496,0
4358,"""PURGE"" MOLESKIN 2.0"" w/PSA SALICYLIC ACID 40%",60
4359,"""PURGE""MEDIPLAST 11.9685""(304mm) AFO 185-001 PAPER/LDPE/FOIL LAM",60
4360,"1.5"" PU/SILICONE MEDLINE PRINTED",21
4361,"2.5"" PU/SILICONE MEDLINE PRINTED",21
4362,"3.0"" PU/SILICONE MEDLINE PRINTED",21
4363,"3.5"" PU/SILICONE MEDLINE PRINTED",21
4364,"4.5"" PU/SILICONE MEDLINE PRINTED",21
4365,"7.0"" WHITE SPUNLACE S/C ACRYLIC PSA (45gsm) W/ SIL LNR",70
4366,"7.5"" WHITE SPUNLACE S/C ACRYLIC PSA (45gsm) W/ SILICONE LNR",70
4367,"9.0"" WHITE SPUNLACE S/C ACRYLIC PSA (45gsm) W/ SIL LINER",70
4368,"1.5"" MEDLINE TAN PRINTED SPUNLACE",21
4369,"2.5"" MEDLINE TAN PRINTED SPUNLACE",21
4370,"3.0"" MEDLINE TAN PRINTED SPUNLACE",21
4371,"3.5"" MEDLINE TAN PRINTED SPUNLACE",21
4372,"4.5"" MEDLINE TAN PRINTED SPUNLACE",21
4373,"1.0"" GMC 2.0mil WHT HDPE liner",56
4374,"1.5"" GMC 2.0mil WHT HDPE liner",56
4375,"2.0"" GMC 2.0mil WHT HDPE liner",56
4376,"2.25"" GMC 2.0mil WHT HDPE liner",56
4377,"2.5"" GMC 2.0mil WHT HDPE liner",56
4378,"3.25"" GMC 2.0mil WHT HDPE liner",56
4379,"4.25"" GMC 2.0mil WHT HDPE liner",56
4380,"5.25"" GMC 2.0mil WHT HDPE liner",56
4381,"DELSTAR 5.0NPET-E 1.0""",35
4382,"DELSTAR 5.0NPET-E 1.5""",35
4383,"DELSTAR 5.0NPET-E 2.0""",42
4384,"DELSTAR 5.0NPET-E 3.5""",35
4385,"CS ""PURGE"" SBS BOX MEDLINE CUR5000",30
4386,"""PURGE"" SBS BOX MEDLINE CUR5001",60
4387,"""PURGE"" SBS BOX MEDLINE CUR5002",30
4388,"""PURGE"" SBS BOX MEDLINE CUR5003",30
4389,"""PURGE"" SBS BOX MEDLINE CUR5004",30
4390,"""PURGE"" SBS BOX MEDLINE CUR5005",30
4391,"""PURGE"" SBS BOX MEDLINE CUR5007",30
4392,"CS ""PURGE""AMCOR LWS-200 MEDLINE PRTD 4.25""",60
4393,"CS ""PURGE""AMCOR LWS-200 MEDLINE PRTD 6.25""",60
4394,"""PURGE""AMCOR LWS-200 MEDLINE PRTD 8.25""",60
4395,"""PURGE""AMCOR LWS-200 MEDLINE PRTD 10.25""",60
4396,"CS AMCOR FWS-200 CLEAR 4.25""",60
4397,"CS AMCOR FWS-200 CLEAR 6.25""",60
4398,"AMCOR FWS-200 CLEAR 8.25""",60
4399,"AMCOR FWS-200 CLEAR 10.25""",60
4400,"""PURGE"" SBS BOX CURAD MEDIPLAST CUR01496",60
4401,"""PURGE""CASE CARTON CURAD MEDIPLAST CUR01496",60
4402,"MPM 1""X1"" Triple Helix Collagen Dressing Sterile MP00316",0
4403,"MPM 2""X2"" Triple Helix Collagen Dressing Sterile MP00310",0
4404,1 GRAM COLLAGEN POWDER POUCHED STERILE,0
4405,"MPM Triple Helix 12"" COLLAGEN ROPE STERILE MP00312",0
4406,1 GM COLLAGEN VIAL,0
4407,10 GM COLLAGEN BOTTLE,0
4408,Chemical - Ascorbic Acid,21
4409,Chemical - Dextrose,21
4410,Chemical - Hydrogen Peroxide,21
4411,Chemical - Glycerine,21
4412,Chemical - Propionic Acid,21
4413,Purified RO Water,0
4414,**INACTIVE**Compound - Sub Formula A (SUB),0
4415,**INACTIVE**Compound - Native Collagen Sheet (SUB),0
4416,Compound - Native Collagen Loaf (SUB),0
4417,Chemical - BM 2109 NEW ZEALAND BOVINE COLLAGEN DOUGH,49
4418,"MEDLINE WRX386119 WALGREENS 3/4""X3"", 20CT,24/CS",0
4419,"MEDLINE WRX386120 WALGREENS1.625""X4"", 8CT,24/CS",0
4420,"MEDLINE CVS5000 CVS 2""X2"" 6CT Ass. Colors",0
4421,"MEDLINE CVS5009 CVS 3/4""X3"", 20CT,Ass. Color",0
4422,"MEDLINE CVS5010 CVS 1.625""X4"" 8CT,Ass. Colors",0
4423,"MEDLINE CVS5011 CVS KNEE/ELBOW,4CT,Ass Colors",0
4424,"3.5"" MEDLINE GREEN PRINTED SPUNLACE",21
4425,"3.5"" MEDLINE BLUE PRINTED SPUNLACE",21
4426,"3.5"" MEDLINE PURPLE PRINTED SPUNLACE",21
4427,"4.5"" MEDLINE GREEN PRINTED SPUNLACE",21
4428,"4.5"" MEDLINE BLUE PRINTED SPUNLACE",21
4429,"4.5"" MEDLINE PURPLE PRINTED SPUNLACE",21
4430,"Unprinted SBS Box, 5.25x2x7.25",60
4431,"Glenroy AFO 185-001 Unprinted 11.9685""(304mm)Paper/LDPE/Foil Lam",21
4432,"CS ""PURGE"" SBS BOX MEDLINE CUR5000WR",30
4433,SBS BOX MEDLINE WRX386119,60
4434,SBS BOX MEDLINE WRX386120,30
4435,SBS BOX MEDLINE CVS5000,60
4436,SBS BOX MEDLINE CVS5009,60
4437,SBS BOX MEDLINE CVS5010,60
4438,SBS BOX MEDLINE CVS5011,60
4439,"CS INNER BOX MEDLINE CUR5000 4.44""x3.09""x3.41""",30
4440,"CS INNER BOX MEDLINE CUR5001 4.84""x3.38""x5.47""",30
4441,"INNER BOX MEDLINE CUR5002 3.97""x2.34""x4.5""",30
4442,"INNER BOX MEDLINE CUR5003 4""x3.06""x5.28""",30
4443,"CS INNER BOX MEDLINE CUR5005 5.5""x3.22""x4.41""",30
4444,"INNER BOX MEDLINE CUR5007 4""x2.84""x4.41""",30
4445,"BOX 9.13""x6.38""x7""",10
4446,"BOX 10""x7""x11.125""",10
4447,"BOX 8.25""x4.875""x9.125""",7
4448,"BOX 8.25""x6.25""x10.69",7
4449,"BOX 11.25""x6.69""x8.94""",10
4450,"BOX 8.19""x5.88""x8.94""",10
4451,"AMCOR LWS-200 MEDLINE GENERIC PRTD 8.25""",49
4452,"AMCOR LWS-200 MEDLINE GENERIC PRTD 10.25""",49
4453,"11.25"" x 6.0"" x 4.25"" BOX",7
4454,"11.25"" x 8.0"" x 4.25"" BOX",7
4455,"MEDLINE CVS5006 TAPE, SILICONE, TAN 1""X4YD",0
4456,"ARGENTUM-SILVERLON BAND AID DRESSING  3.0"" X 1.0"" AS-6003",0
4457,**INACTIVE**KCI - PREVENA PEEL AND PLACE DRAPE,0
4458,"CS INNER BOX MEDLINE CUR5004 3.97""x2.34""x4.5""",30
4459,"CS INNER BOX MEDLINE CUR5000WR 4.84""x3.38""x5.47""",30
4460,"INNER BOX MEDLINE WRX386119 3.97""x2.34""x4.5""",60
4461,"INNER BOX MEDLINE WRX386120 4""x3.06""x5.28""",60
4462,"INNER BOX MEDLINE CVS5009 3.97""x2.34""x4.5""",60
4463,"INNER BOX MEDLINE CVS5010 4""x3.06""x5.28""",60
4464,"INNER BOX MEDLINE CVS5011 5.5""x3.22""x4.41""",60
4465,MEDLINE 2 X 2 BORDERED GAUZE MSC3222,14
4466,MEDLINE 4 X 4 BORDERED GAUZE MSC3244,14
4467,MEDLINE 4 X 5 BORDERED GAUZE MSC3245,14
4468,MEDLINE 4 X 8 BORDERED GAUZE MSC3248,14
4469,MEDLINE 4 X 10 BORDERED GAUZE MSC32410,14
4470,MEDLINE 4 X 14 BORDERED GAUZE MSC32414,14
4471,MEDLINE 6 X 6 BORDERED GAUZE MSC3266,14
4472,**INACTIVE**MEDLINE EQUOS 4 X 4 BORDER GAUZE EQX3244,14
4473,**INACTIVE**MEDLINE EQUOS 6 X 6 BORDER GAUZE EQX3266,14
4474,MEDLINE 4 X 4 STRATASORB MSC3044,14
4475,MEDLINE 4 X 10 STRATASORB MSC30410,14
4476,MEDLINE 4 X 14 STRATASORB MSC30414,14
4477,MEDLINE 6 X 6 STRATASORB MSC3066,14
4478,MEDLINE 6 X 8 STRATASORB MSC3068,14
4479,"""Purge""MPM MICROLAYERED DRSG PRTD PAPER 7.25 IN (SUB)",7
4480,MPM MICROLAYERED DRSG 2X4 MP00599,0
4481,GLOBAL SPORTS PRODUCTS - CZECH FLAG FACE,0
4482,**INACTIVE**MEDLINE  CURAD HYDROCOLLOID LARGE OVAL 6CT  CUR76125,0
4483,BAYER HANDI STRIP AND DISPOSABLE COMBO 60727773 Rev. I,0
4484,"25.25"" x 9.0"" x 11.75"" Shipper Case",10
4485,"""PURGE"" 3M1538L  3.69""",35
4486,"38.0"" GMC 2.0mil WHT HDPE liner",56
4487,"CS SILVERLON PAD  1.0""   01-53951255",35
4488,ARGENTUM PRTD 1538L  (SUB),0
4489,ARGENTUM PRTD COLD SEAL (TOP),0
4490,DERMA CATH STRIP -  PRTD HEAT SEAL,0
4491,#909104 TIP BODY 00121561DR rev. F,35
4492,"""PURGE""39# HSC SURGICAL PAPER #501 16.875"" MEDLINE 4X10 MSC32410",48
4493,"""PURGE""39# HSC SURGICAL PAPER #501 16.875"" MEDLINE 4X14 MSC32414",48
4494,39# HSC SURGICAL PAPER #501 16.875 IN MEDLINE 4X5 MSC3245,48
4495,"""PURGE""39# HSC SURGICAL PAPER #501 16.875 IN MEDLINE 4X4 MSC3244",48
4496,39# HSC SURGICAL PAPER #501 16.875 IN MEDLINE 4X8 MSC3248,48
4497,39# HSC SURGICAL PAPER #501 15.125 IN MEDLINE 6X6 MSC3266,48
4498,PURGE39# HSC SURGICAL PAPER #501 16.875 IN MEDLINE 4X10 MSC30410,48
4499,PURGE39# HSC SURGICAL PAPER #501 16.875 IN MEDLINE 4X14 MSC30414,48
4500,"""PURGE"" 39# HSC SURGICAL PAPER #501 11.25 IN MEDLINE 4X4 MSC3044",48
4501,"""PURGE""39# HSC SURGICAL PAPER #501 15.125 IN MEDLINE 6X6 MSC3066",48
4502,39# HSC SURGICAL PAPER #501 15.125 IN MEDLINE 6X8 MSC3068,48
4503,39# HSC SURGICAL PAPER #501 11.82 IN MEDLINE 2x2 MSC3222,48
4504,SBS BOX MEDLINE CURCA5000,30
4505,SBS BOX MEDLINE CURCA5001,60
4506,SBS BOX MEDLINE CURCA5002,30
4507,SBS BOX MEDLINE CURCA5003,60
4508,SBS BOX MEDLINE CURCA5004,30
4509,SBS BOX MEDLINE CURCA5005,30
4510,SBS BOX MEDLINE CURCA5007,30
4511,"INNER BOX MEDLINE CURCA5000 4.44""x3.09""x3.41""",30
4512,"INNER BOX MEDLINE CURCA5001 4.84""x3.38""x5.47""",30
4513,"INNER BOX MEDLINE CURCA5002 3.97""x2.34""x4.5""",30
4514,"INNER BOX MEDLINE CURCA5003 4""x3.06""x5.28""",30
4515,"INNER BOX MEDLINE CURCA5004 3.97""x2.34""x4.5""",30
4516,"INNER BOX MEDLINE CURCA5005 5.5""x3.22""x4.41""",30
4517,"INNER BOX MEDLINE CURCA5007 4""x2.84""x4.41""",30
4518,"MEDLINE CURAD CUR5002-A, 3/4""X3"", BULK STERILE",0
4519,"7.5"" MEDLINE TAN PRINTED SPUNLACE",21
4520,"BOMARKO UNPRTD COLD SEAL 4.75""",21
4521,"ARGENTUM SILVERLON DRESSING 4.0"" x 11.0""",0
4522,"ARGENTUM SILVERLON DRESSING 4.0"" x 13.0""",0
4523,"ROGERS FOAM - DermaBak F120 16MIL  60"" x 600 LF",28
4524,"DM-9008Z   4.5""TRANSFER ADH. W/.25"" EXT. LINER EACH SIDE",64
4525,"3M 9832F   4.5""  NO ADHESIVE",90
4526,"DM-9025Z  4.5"" TRANSFER ADH.  W/.25"" EXT. LINER EACH SIDE",64
4527,"CS SILVERLON PAD  2.0""  #562704DG57",35
4528,ARGENTUM PRINTED FOAM - ROGERS FOAM,0
4529,"""PURGE"" PRTD PPG-30 9.0 IN MPM 2X2 MP00510CN",49
4530,"""PURGE"" AMCOR PPG-30 WALGREENS 2.38X2.75 PRT 17.625 IN RD14PCC",48
4531,GLOBAL SPORTS PRODUCTS - CEZ FACE,0
4532,"""PURGE""PPG-30  PRTD 14.125 IN MPM 4X4 NON BRD FM MP00511",42
4533,"Slitting - DermaBak F120 16MIL  4.5"" x 600 LF WO#004534 Required",14
4534,"DermaBak F120 16MIL 4.5"" Sub",14
4535,"5.5"" WHITE SPUNLACE S/C ACRYLIC PSA (45gsm) W/ SILICONE LINER",70
4536,"8.5"" WHITE SPUNLACE S/C ACRYLIC PSA (45gsm) W/ SILICONE LINER",70
4537,"9.5"" WHITE SPUNLACE S/C ACRYLIC PSA (45gsm) W/ SIL LINER",70
4538,"MEDLINE CURCA5000 CURAD 2""X2"" 6CT, 24CS",0
4539,"MEDLINE CURCA5001 CURAD 4""X4"" 4CT, 24CS",0
4540,"MEDLINE CURCA5002 CURAD, 3/4""X3"", 20CT, 24CS",0
4541,"MEDLINE CURCA5003 CURAD 1.625""X4"" 8CT, 24CS",0
4542,"MEDLINE CURCA5004 CURAD 1"" SPOT, 20CT, 24CS",0
4543,"MEDLINE CURCA5005 CURAD KNEE/ELBOW,4CT, 24CS",0
4544,MEDLINE CURCA5007 CURAD KNUCKLE/FINGER 8CT 24CS,0
4545,"5.5"" MEDLINE TAN PRINTED SPUNLACE",21
4546,"9.5"" MEDLINE TAN PRINTED SPUNLACE",21
4547,"7.0"" MEDLINE TAN PRINTED SPUNLACE",21
4548,"**INACTIVE**8.5"" MEDLINE TAN PRINTED SPUNLACE",21
4549,"MEDLINE CURCA5008 TAPE, SILICONE, GREEN 1""X4YD",90
4550,"MEDLINE CURCA5006 TAPE, SILICONE, TAN 1""X4YD",90
4551,"""PURGE"" BOX 9-13/16"" X 5-1/2"" X 3-5/8"" ECT 32",7
4552,"MEDLINE CURAD CUR5002-A, 3/4""X3"", BULK STERILE",0
4553,PAPER LINER STOCK - INVENTORY HELD AT ZODIAC COATING,120
4554,"""PURGE""MPM MP00208 COOL MAGIC PRINTED POUCH 7.5"" X 9.5""",49
4555,"""PURGE"" SBS BOX MPM MP00208 COOL MAGIC 6X8",60
4556,"MPM MP00220 PRINTED FOIL 12.64"" COOL MAGIC GEL PAD 1.75"" X 1.75""",42
4557,PREVENA PEEL AND PLACE TEGADERM SHORT (13Cm)  # 416129 Rev E,0
4558,"3M 9832W  6.0""",45
4559,"53# TIGHT REL. LINER  9.0""",28
4560,"3M1513 ADHESIVE TAPE 4.0""",45
4561,"FOAM 2.5"" AMS MCF03 .2165"" Thk (SUB)",0
4562,"AMCOR LWS-200 MEDLINE PRTD 8.25""",60
4563,"AMCOR LWS-200 MEDLINE PRTD 10.25""",60
4564,"AMCOR LWS-200 MEDLINE PRTD 4.25""",60
4565,"AMCOR LWS-200 MEDLINE PRTD 6.25""",60
4566,"INNER BOX TBC 4.44"" x 3.09"" x 3.41""",60
4567,"INNER BOX TBC 4.84"" x 3.38"" x 5.47""",60
4568,"INNER BOX TBC 3.97"" x 2.34"" x 4.5""",60
4569,"INNER BOX TBC 4.0"" x 3.06"" x 5.28""",60
4570,"INNER BOX TBC 5.5"" x 3.22"" x 4.41""",60
4571,"INNER BOX TBC 4.0"" x 2.84"" x 4.41""",30
4572,"BOX 9.25"" X 8.0"" X 4.5"" RSC, 32ECT/C/K, PLAIN",10
4573,"BOX 12.1875"" X 8.125"" X 5.3125"" RSC, 32ECT/C/K, PLAIN",10
4574,"""PURGE"" SBS BOX CURAD CUR5000 3.0"" X 1.40"" X 3.18""",30
4575,"""PURGE"" SBS BOX CURAD CUR5001 4.75"" X 1.0"" X 5.25""",30
4576,"""PURGE"" SBS BOX CURAD CUR5002 2.25"" X 1.25"" X 4.25""",30
4577,"""PURGE"" SBS BOX CURAD CUR5003 2.95"" X 1.25"" X 5.11""",30
4578,"""PURGE"" SBS BOX CURAD CUR5004 2.25"" X 1.25"" X 4.25""",30
4579,"""PURGE"" SBS BOX CURAD CUR5005 3.125"" X 1.75"" X 4.25""",30
4580,"""PURGE"" SBS BOX CURAD CUR5007 2.75"" X 1.25"" X 4.25""",30
4581,"""PURGE"" SBS BOX CURAD CUR5000WR 4.75"" X 1.0"" X 5.25""",30
4582,PREVENA LINER PRINT (SUB),0
4583,CURAD BLISTERHEAL CUR76126RB SBS CARTON,60
4584,CURAD NU-LAYER CUR76128RB SBS CARTON,60
4585,CURAD HYDROCOLLOID LARGE OVAL 6CT  CUR76125RB,60
4586,"""PURGE"" INSERT SPENCO SILICONE SCAR PAD 07SS107 DSCAR PAD RO215",21
4589,BAYER PRINTED PPG-30PRT 5.625 IN (SUB),21
4590,MEDLINE IV SITE LINER,0
4591,"""PURGE"" 3M 2475P 4.8""",35
4592,TATUDERM ROLLS  6IN X 180  TD6X180-10,0
4593,"HOLOGRAM LABEL XTOA20-06 TRANSPARENT 0.95"" CIRCLE ORIG, AUTH",21
4594,"BZK 5.0NPETBAC-E  YELLOW 29.0"" MASTER ROLL",42
4595,"MEDLINE CURA5003 CURAD XL 1.625""X4"" BZK",0
4596,"2"" BZK 5.0NPETBAC-Y (SUB)",0
4597,"2.0"" HYDROPHILIC PU FOAM 1.5mm Thk.",60
4598,"4.0"" HYDROPHILIC PU FOAM 1.5mm Thk.",60
4599,"8.75"" WHITE SPUNLACE S/C ACRYLIC PSA (45gsm) W/ SILICONE LNR",70
4600,"BZK 5.0NPETBAC-Y  YELLOW 39.0"" MASTER ROLL",42
4601,MEDLINE CUR5211 TASA 1X1,0
4602,MEDLINE CUR5222 TASA 2X2,0
4603,MEDLINE CUR5233 TASA 3X3,0
4604,MEDLINE CUR5234 TASA 3X4,0
4605,CS MEDRAD GUIDANCE IFU DN-229122,21
4606,"**INACTIVE**MEDLINE CUR0002-B 3/4""X3"" FLU BANDAGE",0
4607,"**INACTIVE**MEDLINE CUR0002-A 3/4""X3"" BULK SINGLES",0
4608,"7.5"" WALMART LOGO PRINTED NONWOVEN",21
4609,"3.5"" NOVESPIRE PU 6 MILS **INACTIVE**",21
4610,GLOBAL SPORTS PRODUCTS   ARTA TEQUILA  FULL FACE,0
4611,GLOBAL SPORTS PRODUCTS  COLUMBIA#1,0
4612,GLOBAL SPORTS PRODUCTS  COLUMBIA#2,0
4613,GLOBAL SPORTS PRODUCTS  COLUMBIA#3,0
4614,"""PURGE"" 3M 2475P 6.4""",35
4615,55 MIL PEO HYGEL 15.0 IN 930601-C,90
4616,BAYER HANDI STRIP AND DISPOSABLE COMBO JAPAN 84217050 Rev. I,0
4617,CS BAYER PRINTED PPG-30PRT 5.625 IN (SUB),21
4618,"POUCH 5.5"" X 9.0"" RFP-070",56
4619,MPM MP00900 Supreme Press Crepe Roll (480/cs),75
4620,"BOX - 16"" X 10"" X 16""     S-15053",3
4621,"4"" x 15"" Hydrogel Dressing MP00216",0
4622,"MEDLINE CURA5002 CURAD, 3/4""X3"" BZK",0
4623,MEDLINE CURA5010 CURAD 2x2/4x4 Asrt Pack 6 CT BZK,0
4624,"HARMAC PRINTED DRAPE ASSY, DUAL SCORE   P3113220  REV.C",0
4625,HARMAC PRINTED LINER - SOFTPORT,0
4626,"""PURGE"" 600-28 THIN PU FOAM MATRIX 14.17"" (360mm)",210
4627,"MEDLINE CUR50100 3/4""X3"" FLU BANDAGE",0
4628,EMED  SAF-Derm Site Dressing,0
4629,"PRTD PPG-30 MPM ISOLATE 3X3 DRSG 12.625"" MP00552C",42
4630,MPM 1 gram Collagen Powder MP00311,0
4631,Collagen Cake Sheet,30
4632,"3.5"" x 4.5"" MP00311 Pouch",30
4633,"5""x5""x5"" Case",30
4634,"4""x7"" 1 mil Polybag",30
4635,Dosimeter Indicator,30
4637,"""PURGE""BOX 10-7/8 X 6-7/16 X 3-11/16 PRTD SPENCO LOGO",10
4638,"""PURGE""BOX 10 X 6 X 4 PRTD SPENCO LOGO",10
4639,"""PURGE""BOX 10 X 10 X 4 PRTD SPENCO LOGO",10
4640,"""PURGE"" BOX 10 X 8 X 6 PRTD SPENCO LOGO",10
4641,"""PURGE"" BOX 14 X 11 X 6 PRTD SPENCO LOGO",10
4642,"""PURGE"" BOX 12 X 9 X 7 PRTD SPENCO LOGO",10
4643,"""PURGE"" BOX 9-13/16"" X 5-1/2"" X 3-5/8"" PRTD SPENCO LOGO",10
4644,"Curad CUR50100 Inner Box Overlabel 4.0"" x 6.0""",21
4645,"Curad ""99"" Label 2.0"" x 2.0""",21
4646,"""PURGE"" SBS BOX PHARMCHEM 2X3",60
4647,"HDS 90/10 55 MIL PEO ZONE COATED HYDROGEL 14.0"" 891001-E",42
4648,MPM 2x1.5 PRINTED FOIL 13.386 IN MP00219C,42
4649,"MDF5017 1.7 MIL TAN PE 7.5""",49
4650,"MDF5017 1.7 MIL TAN PE 9.5""",49
4651,"CS WHITE LOOP 3905   3.5"" SEW ON - NO ADHESIVE",42
4652,"WHITE HOOK / HTH 830   1.5""  SEW ON - NO ADHESIVE",42
4653,"3M1504XL  1.375"" ADHESIVE W/ .0625"" EXT. LINER EACH SIDE",35
4654,"BOX 46"" X 19"" X 20""",7
4655,"TYVEK/POLY CHEVRON POUCH 3.5"" X 4.476"" UNPRINTED",42
4656,"UNPRINTED 1059B TYVEK/POLY CHEVRON POUCH 4.0"" X 9.0""",42
4657,"""PURGE"" 7.5"" TAN MICRO MATTE 3 MIL PE RDT15117/TM7102",49
4658,"""PURGE"" 9.5"" TAN MICRO MATTE 3 MIL PE RDT15117/TM7102",49
4659,Second Sight Inc. Star Foam Pad,90
4660,"""PURGE""PRTD PPG-30 PAPER 12.625 IN MPM TB SITE FM DRSG MP00501CN",42
4661,"24/410 WHITE RIBBED ""RL"" CAP WITH ISPE/PP PLAIN CLEAN PEEL LINER",35
4662,"2.4375"" Loparex Liner #32775  S 2.5 BL SCK 3400G/000",140
4663,"5.25"" Loparex Liner #32775  S 2.5 BL SCK 3400G/000",140
4664,"P""SPENCO SKIN BLISTER PAD CARTON #308-6607 3.12"" x 0.81"" x 4.74""",60
4665,"""PURG""SPENCO CANADA BLSTRPAD SBS #308-6608 3.12"" x 0.81"" x 4.74""",60
4666,"MEDLINE CUR5502 CURAD, 3/4""X3"", 25CT, 24CS",0
4667,"MEDLINE CUR5503 CURAD 1.625""X4"" 8CT, 24CS",0
4668,"""PURGE"" PHARMCHEM PRINTED PPG-30 PPR 14.125 IN",42
4669,"CS VELCRO HOOK HTH 830 W/HOT MELT 9919 ADH  1.5""#153791",42
4670,"CS 3M 1504XL ADHESIVE  .625"" W/EXT LINER",35
4671,"MEASUREMENT SPECIALTIES Foam Probe Cover, 1” Round, BC-700677",14
4672,"4 OZ. CUP 405-HVY NAT HVY SLEEVE #4270079 (2,898/CS)",42
4673,100 mL BOTTLE 38/400 HDPE NATURAL PACKER,42
4674,500 mL 45/400 NATURAL HDPE ROUND PACKER INEOS RESIN B53-35H-100,42
4675,38/400 WHITE RIBED RX CAP WITH LIFT-N-PEEL FOIL LINER FOR HDPE,42
4676,45/400 WHITE RIBED RX CAP WITH LIFT-N-PEEL FOIL LINER FOR HDPE,42
4677,4 oz. 24/410HDPE NATURAL PACKER,42
4678,PURGE-24/410 WHITE RIBBED RL CAP WITH ISPE/PP PLAIN CLN PEEL LNR,42
4679,BM 2110 USA DOMESTIC BOVINE COLLAGEN DOUGH,49
4680,250 mL BOTTLE 45/400 HDPE NATURAL PACKER,42
4681,1 oz. 20/410 LDPE WHITE CYLINDER,42
4682,20mm WHITE SNAP RING DROPPER TIP,42
4683,20mm WHITE RIBBED DROPPER TIP CAP,42
4684,USP SODIUM CHLORIDE 1388 PC:795889 350 LB DRUM,49
4685,500 mL Sterile Water Bottle,0
4686,250 mL Sterile Water Bottle,0
4687,100 mL Sterile Water Bottle,0
4688,120 ml Sterile Water Cup,0
4689,500 mL Sterile 0.9% Sodium Chloride Bottle,0
4690,250 mL Sterile 0.9% Sodium Chloride Bottle,0
4691,100 ml Sterile 0.9% Sodium Chloride Bottle,0
4692,120 ml Sterile 0.9% Sodium Chloride Cup,0
4693,MEDLINE ADVANCED IV SECUREMENT 59590,0
4694,"RKC Products Scar Away Pad 1.5""x3""",0
4695,MEDLINE ADV. IV LINER   PRTD.78# EASY REL.,0
4696,MEDLINE ADV.IV - SONTARA STRIPS  SUB,0
4697,"#240-3615-R60 TRANSPORT VIAL 15 mL PP W/RED SCREW CAP1,000/CS",30
4698,"4""X4"" COLLAGEN PAD POUCHED STERILE",0
4699,USP SODIUM CHLORIDE F113820000H 50Lb BAG (22.68 kg),49
4701,"MPM Foam Circular Fenestrated Dressing 4"" Diameter MP00501CN",0
4702,SAF DERM SONTARA PRINT SUB,0
4703,"""PURGE"" INSERT SPENCO  07SS DSTERILE IFU R0815",21
4704,"SBS BOX CURAD CUR5502 2.25"" X 1.25"" X 4.25""",30
4705,"SBS BOX CURAD CUR5503 2.95"" X 1.25"" X 5.11""",30
4706,"MEDLINE PRINTED EASY REL. LINER - 4.625"" SUB""",0
4707,"MEDLINE PRINTED EASY REL. LINER - 6.625"" SUB",0
4708,STEADMED DRAWTEX DRESSING,0
4709,"WALGREENS WRX931978 TAPE, SILICONE, TAN 1""X4YD BLISTER PACK",90
4710,"MACTAC IC-5015 3.75"" SC POLYURETHANE TAPE",35
4711,"MACTAC IC-5015 5.75"" SC POLYURETHANE TAPE",35
4712,"MPM MP00208 COOL MAGIC PRINTED POUCH 8""x11.78""",49
4713,"**INACTIVE**Techni-Peel Corner Style Pouch, 6""x18.221""",49
4714,79mm DIE CUT LIDS HSC 38-8 WL 38 MICRON FOIL UNPRINTED,49
4715,LAURA LYNN TAN MEGA NASAL STRIPS 26CT  089846,0
4716,LAURA LYNN CLEAR MEGA NASAL STRIPS 26CT 089847,0
4717,NBE MEGA TAN NASAL STRIP - SUB,0
4718,"3M 9832W 11.5""",90
4719,"CORNER STYLE POUCH 6.0"" X 18.221"" FOIL/HDPE UNPRINTED",42
4720,"MPM CORNER STYLE POUCH 8.0"" X 11.78"" FOIL/HDPE PRTD MP00208",42
4721,"""PURGE""CS SBS BOX SPENCO SILICONE GEL SNGL PKG 3083326",21
4722,"""PURGE""CS SBS BOX SPENCO SILICONE GEL 10 PKG 3083327",21
4723,"""PURGE""CS SBS BOX SPENCO SILICONE GEL SNGL PKG 3083328",21
4724,CS SBS BOX SPENCO SILICONE GEL 10 PKG 3083329,21
4725,CS SBS BOX SPENCO SILICONE SCAR PAD 3X4 SNGL PKG 3083330,21
4726,CS SBS BOX SPENCO SILICONE SCAR PAD 3X4 10 PKG 3083331,21
4727,CS SBS BOX SPENCO SILICONE SCAR PAD 4.75X6 SNGL PKG 3083332,21
4728,INSERT SPENCO SILICONE SCAR PAD 07SS107 D308-2432 R1215,21
4729,"SBS BOX CURAD CUR5000 3.0"" X 1.40"" X 3.18""",60
4730,"""PURGE"" SBS BOX CURAD CUR5001 4.75"" X 1.0"" X 5.25""",60
4731,"""PURGE"" SBS BOX CURAD CUR5002 2.25"" X 1.25"" X 4.25""",60
4732,"""PURGE""SBS BOX CURAD CUR5003 2.95"" X 1.25"" X 5.11""",60
4733,"SBS BOX CURAD CUR5004 2.25"" X 1.25"" X 4.25""",60
4734,"SBS BOX CURAD CUR5005 3.125"" X 1.75"" X 4.25""",60
4735,"SBS BOX CURAD CUR5007 2.75"" X 1.25"" X 4.25""",60
4736,"SBS BOX CURAD CUR5000WR 4.75"" X 1.0"" X 5.25""",60
4737,500gal. (1893kg) Water Compounding,0
4738,500gal. (1910) 0.9% Saline Water Compounding,0
4739,MPM MP00910 Supreme Press Absorbent Padding Bandage (320/cs),75
4740,"""PURGE""CS SPENCO BLISTER PAD CARTON #308-5891",14
4741,"MDF50178C-60-60 1.7 MIL CLEAR PE 5.125""",49
4742,"MEDLINE CVS5002 CVS 3/4""X3"", 20CT/BOX",0
4743,"MDF5003.8-60-60 CLEAR PE 9.5""",49
4744,TATU DERM PU FILM LINER SCORE (SUB),0
4745,"""PURGE"" ESP 48 LINER 8.5""",28
4746,"PURGE SBS BOX CVS CVS5002 2.25"" X 1.25"" X 4.25""",35
4747,Wound Dressing Sterile 4 x 4 Pad,14
4748,1.75 x 1.75 Gel Hydrogel,14
4749,"Sterile Spot Dressing 1.375"" x 2.75"" Overall 1"" x 1.25"" Pad",14
4750,"Foam Circular Fenestrated Dressing 4"" Diamenter",14
4751,"Foam Dressing Non-bordered 6"" x6"" Pad",14
4752,"Foam Non-bordered 8"" x 10"" Dressing",14
4753,"Hydrophilic Foam Dressing 6"" x 6""",14
4754,"HYDROCOLLOID  Wound Dressing 2"" x  2""",14
4755,"Hydrocolloid Wound Dressing Sacral 6"" x 6.5""",14
4756,4 x 5 Thin film sterile / 500 per case,14
4757,No Trauma 4 x 4,14
4758,Microlayered Drsg 2 x 4,14
4759,Absorbent Padding Bandage,14
4760,"PURGE S737AS Film Carrier Tape 4.528""( 115mm) / 2.0 milsThk",60
4761,"""PURGE""S737AS Film Carrier Tape .7874""( 20mm) / 2.0 milsThk",60
4762,"""PURGE""S737AS Film Carrier Tape 3.346""( 85mm) / 2.0 milsThk",60
4763,3M 9833 6.0 IN,45
4764,BOX 16 x 12 x 6  S-19820,1
4765,TYVEK 1059B PRINTED 16.875 IN,1
4766,"STEADMED 3.5""X12"" DRAWTEX SURGICAL DRESSING",0
4767,POLYBAG 3MIL GUSSETED 6 X 3 X 12,1
4768,18009 2.5 MIL BLUE HDPE LINER 2.75 IN / TREATED 1 SIDE,30
4769,"""PURGE""SBS BOX McKESSON  2 X 10 RETENTION TAPE 4809",60
4770,"""PURGE"" SBS BOX McKESSON 4 X 10 RETENTION TAPE 4810",60
4771,"""PURGE"" SBS BOX McKESSON 6 X 10 RETENTION TAPE 4811",60
4772,"""PURGE""P1125 S/C SKIN COLOR PE FILM 60um 7.5""",80
4773,"P1125 S/C SKIN COLOR PE FILM 60um 9.5""",80
4774,MPM GENTLE WINDOW ADV. VAD DRESSING MP00623,0
4775,"""PURGE"" INSERT SPENCO  07SS DSTERILE IFU R1015",21
4776,"""PURGE""MPM MP00209 COOL MAGIC WHITE FOIL/FOIL 8.0"" X 10.5"" POUCH",35
4777,"""PURGE""MPM MP00209 COOL MAGIC SBS CARTON 8.5"" X 2.0"" X 11.0""",60
4778,"SILICONE GEL PU 6 MILS 7.0""",120
4779,"SILICONE GEL PU 6 MILS 9.0""",120
4780,"SILICONE GEL PU 6 MILS 4.47""",120
4781,"STEADMED 3.5""X9.75"" DRAWTEX SURGICAL DRESSING",0
4782,"STEADMED 3.5""X6"" DRAWTEX SURGICAL DRESSING",0
4783,"SBS BOX CVS CVS5002 2.25"" X 1.25"" X 4.25""",60
4784,MPM GENTLE WINDOW PPG-30 PRINT,0
4785,"MEDLINE 119883 10""x16"" Instrument Drape",0
4786,MPM GENTLE WINDOW ANCHOR,0
4787,"V15308 HT CREAM PMS 7499  20"" X 1000'",35
4788,8 x 8 x 16   2MIL GSTD Poly Bag  S-6549,1
4789,"""PURGE""CORNER POUCH 7.069"" X 11.25 TD6X180 TATU-DERM",42
4790,"CORNER POUCH 7.069"" X 16.5"" TD11.5X180 TATU-DERM",42
4791,"CORNER POUCH 4.055"" X 13.0"" TD6X42 TATU-DERM",42
4792,TATU-DERM 6 IN X 4 IN SHEET TD6X4,7
4793,TATU-DERM 6 IN X 8 IN SHEET TD6X8,7
4794,"TATU-DERM 6 IN X 180 IN ROLLS, TD6X180",14
4795,"TATU-DERM 11.5 IN X 180 IN ROLLS, TD11.5X180",14
4796,"TATU-DERM 6 IN X 42 IN ROLL, TD6X42",14
4797,SMART SENSE BLISTER KM76126R SBS CARTON,60
4798,"ARGENTUM SILVERLON 4.0"" X 9.0"" DRSNG WITH 2""X6"" PAD  ID-49",0
4799,"11.5"" TATU DERM PU FILM LINER SCORE (SUB)",0
4800,"3M 9833 11.5""",35
4801,"6"" 9833 TATU DERM PU FILM LINER SCORE (SUB)",0
4802,"DM-7008 17.75"" *Drop ship to AllFoils",56
4803,"DM-9010 17.5 ADH / 18"" LINER 1/4"" EXT LNR*Drop Ship To Lancaster",56
4804,"KCI PEEL AND PLACE PREVENA LONG (35Cm)-416697, Rev D",0
4805,"CORNER POUCH 8.0"" X 10.25 TD6X8 TATU-DERM",42
4806,"CORNER POUCH 6.25"" X 8.0"" TD6X4 TATU-DERM",42
4807,All Foils Copper DM 7008 Lamination Cost ((#004809 Work Order N),70
4808,Lancaster Copper Etching Cost ((#004937 Work Order Needed!!)),70
4809,All Foils Laminated Copper (SUB) (see notes),70
4810,Lancaster Etched Laminated Copper (SUB) (see notes),70
4811,"CS SPIRACUR MC45C BLUE FOAM SHEET .75""X48""X73""",135
4812,"AMCOR LWS-200 MEDLINE GENERIC PRTD 7.75"" Slitting (SUB)",56
4813,"AMCOR FWS-200 7.75"" Slitting (SUB)",56
4814,"7.0"" PU/SILICONE MEDLINE PRINTED",21
4815,"3.5 x 12 STEADMED SURGICAL COVER DRESSING TYVEK 1059B 16.875""",42
4816,"3.5 X 9.75 STEADMED SURGICAL COVER DRESSING TYVEK 1059B 16.875""",42
4817,3.5 X 6 STEADMED SURGICAL COVER DRESSING TYVEK 1059B,42
4818,CS 3M 9835 6 IN,35
4819,"""PURGE"" PHARMCHEM PRINTED PPG-30 PPR 14.125 IN",42
4820,"""PURGE"" ESP 48 LINER 23""",28
4821,"HARMAC .75"" FILTER PUNCH P2998015   REV.C",0
4822,HARMAC FILTER MATERIAL P2998010,120
4823,"2 MIL PET/REP 4/40#  1.0""",0
4824,HBS Collagen Powder,0
4825,"""PURGE""SBS Box MPM MP00206 COOL MAGIC 3.75"" 6x1x7",60
4826,"""PURGE"" MPM MP00206 3.75"" COOL MAGIC PRTD FOIL 12.78 IN #202.1",42
4827,"""PURGE"" RITE AID BLISTER RAO353818R SBS CARTON",60
4828,"PRTD TATUDERM POUCH CORNER STYLE 11.25"" X 7""TD 6 X 180 PET/TYVEK",42
4829,"PRTD TATUDERM 1059B TYVEK POUCH 8"" X12""",42
4830,KCI BLUE FOAM 13 cm X 13 cm (SUB),0
4831,"MEDLINE 121043 16""x20"" Instrument Drape",0
4832,BOX 22 X 17 X 12  S-4471,3
4833,"SBS BOX STEADMED #000348 5.872"" X 1.1772"" X 9.5""",60
4834,"SBS BOX STEADMED #000349 5.872"" x 1.1772"" x 13.19""",60
4835,"SBS BOX STEADMED #000350 5.872"" X 1.1772"" X 15.5""",60
4836,"SILVER FOAM PN:X80262 4.5mm 15.0"" LIGHT GRAY COLOR",49
4837,"SILICONE GEL PU 6 MILS 3.18""",120
4838,"R007 18 MIL HYDROCOLLOID 4.724"" (11.99cm)",60
4839,"R007 18 MIL HYDROCOLLOID 3.149"" (7.99cm)",60
4840,"R007 18 MIL HYDROCOLLOID 3.5"" (8.89cm)",60
4841,MPM Repel Wound Drsg Sterile 2x2 Pad MP00082 (SUB),14
4842,"MCKESSON 2"" X 10 LY RETENTION TAPE 4809",0
4843,"MCKESSON 4"" X 10 LY RETENTION TAPE 4810",0
4844,"MCKESSON 6"" X 10 LY RETENTION TAPE 4811",0
4845,"BOX 26"" X 13"" X 9"" RSC",7
4846,"3.75"" GMC 2.0mil WHT HDPE liner",56
4847,MPM Foam Dressing Bordered 4x4 Overall 2x2 Pad MP00500CN(SUB),84
4848,MPM Repel Wound Dressing Sterile 4 x 4 Pad MP00084 (SUB),14
4849,KCI BLUE FOAM 8 cm X 8 cm (SUB),0
4850,KCI BLUE FOAM 18 cm X 18 cm (SUB),0
4851,"ACRYSIL 150 SILICONE 4.5"" (114mm)",120
4852,"ACRYSIL 150 SILICONE 6.5"" (165mm)",120
4853,"MPM Foam Dressing Bordered 6x6 Overall, 4x4 Pad MP00502CN (SUB)",14
4854,"TYVEK/POLY CHEVRON POUCH 5.5"" X 6.5"" UNPRINTED",28
4855,MPM Foam Dressing Non-Bordered 2x2 Pad MP00510CN (SUB),14
4856,MPM Excel Foam Non-Bordered 4x4 Fenestrated Drsg MP00522 (SUB),14
4857,"3.5"" x 4.5"" MP00311 Pouch Rev. 05/16",30
4858,MPM Excel Foam Non-Bordered 4x4 Dressing MP00520 (SUB),14
4859,MPM Excel Non-Bordered Foam Drsg 4x5 MP00521CN (SUB),14
4860,"HYDROCOLLOID SLIT SUB - 3.5""",0
4861,"UNPRINTED COLD SEAL SLIT 4.75"" (SUB)",0
4862,RANDOM PRINTED COLD SEAL (SUB),0
4863,"HARMAC PALL FILTER  0.6875""  P3098801",0
4864,"""PURGE"" VERSAPOR 200R 0.2 MICRON  1.0""   VO2R500-41",48
4865,"4"" 1524 Transfer Adhesive",35
4866,"R007 18 MIL HYDROCOLLOID 4.0""",60
4867,"2.5"" DRAWTEX",35
4868,"3.0"" 2.5 mil blue HDPE/Siltech 19151 liner",28
4869,"SIGMA SLIT / 1.0"" SUB ASSEMBLY",0
4870,Chemical - BM-2110 USA DOMESTIC 0.05% BENZOIC ACID COLLAGEN,49
4871,"TATU-DERM 6 IN X 180 IN ROLLS, TD6X180 (SUB)",0
4872,"TATU-DERM 11.5 IN X 180 IN ROLLS, TD11.5X180 (SUB)",0
4873,"HYDROCOLLID SLIT SUB 4.0""",0
4874,"TATU-DERM 6 IN X 42 IN ROLL, TD6X42 (SUB)",0
4875,TATU-DERM 6 IN X 4 IN SHEET TD6X4 (SUB),0
4876,TATU-DERM 6 IN X 8 IN SHEET TD6X8 (SUB),0
4877,"""PURGE"" STEADMED PRINTED INSERT",60
4878,2000gal. Batch (7639 kg) 0.9% Sodium Chloride Compounding,0
4879,100 mL 38/400 NATURAL HDPE ROUND PACKER INEOS RESIN B53-35H-100,42
4880,250 mL 45/400 NATURAL HDPE ROUND PACKER INEOS RESIN B53-35H-100,42
4881,950 mL 53/400 NATURAL HDPE ROUND PACKER INEOS RESIN B53-35H-100,42
4882,53/400 WHITE RIBBED RX CAP WITH LIFT-N-PEEL FOIL LINER FOR HDPE,42
4883,"BOX 16"" x 14"" x 8"" S-4564",1
4884,"BOX 13.5"" x 13.5"" x 7.5"" S-4388",0
4885,"BOX 13"" x 10"" x 7"" S-4982",1
4886,MEDLINE - BLISTER CARE BANDAGE-STRL   RA0353818V1,0
4887,**INACTIVE**Physically Cross-linked Collagen Pad Dough (SUB),0
4888,STEADMED PRINTED PU FILM,0
4889,"3M 1526 5.5""",30
4890,"Release Liner Polislick Paper 2.0""",28
4891,"Release Liner Polislick Paper 1.25""",28
4892,"RANDOM PRINTED RED BLUE COLD SEAL PAPER 4.75"" (SUB)",0
4893,"6.0"" X 8.011"" TYVEK/POLY CHEVRON POUCH - UNPRINTED",60
4894,"8.0"" X 9.896"" TYVEK/POLY CHEVRON POUCH - UNPRINTED",56
4895,"10.0"" X 12.095"" TYVEK/POLY CHEVRON POUCH - UNPRINTED",70
4896,MEIJER BLISTER MJ76126G SBS CARTON,60
4897,"AMCOR LWS-200 MEDLINE PRTD 4.25"" (SUB)",56
4898,"AMCOR FWS-200 CLEAR 4.25"" (SUB)",56
4899,"AMCOR LWS-200 MEDLINE PRTD 6.25"" (SUB)",56
4900,"AMCOR FWS-200 CLEAR 6.25"" (SUB)",56
4901,MEDTRONIC PATCH ADHESIVE CLEAR 4022-,0
4902,1.5MIL  SILICONE COATED CLEAR PET FILM (SLIT),0
4903,"GVS MEMBRANE M09G0300H0254E   1.0""",126
4904,BOX  S-4141  14 x 12 x 10,0
4905,BOX  S-13330  30 X 24 X 10,0
4906,"KCI ASSY, 10 X 10 FOAM POUCH 416920.S Rev. A",0
4907,"KCI ASSY, 15 X 15 FOAM POUCH 416921.S Rev. A",0
4908,"KCI ASSY, 20 X 20 FOAM POUCH 416922.S Rev. A",0
4909,"MEDLINE CUR47134AH ARM&HAMPAD,NONSTICK,3""X4"",10/BX,12BX/CS",0
4910,"STRATEX 5.5NVBNAB-E/E 4R&D-LAM 3.0""",35
4911,"SBS BOX CURAD CUR47134AH 4.00"" X 1.281"" X 5.25""",60
4912,"INNER BOX TBC 4.063"" x 4.09"" x 5.5""",30
4913,"BOX 13"" X 11"" X 9"" S-14272",0
4914,1000 mL Sterile Water Bottle,0
4915,1000 mL Sterile 0.9% Sodium Chloride Bottle,0
4916,HARMAC CODMAN FILTER PUNCH,0
4917,"9.5"" MEDLINE ARM&HAMMER COLD SEAL PAPER",0
4918,BOX 9 X 9 X 6 #S-4309,1
4919,"1.5 MIL CLEAR PET  1.0""  SLIT SUB",0
4920,PPG-30  PRTD 11.125 IN MEDLINE 4X4 AQUA FOAM THIN,42
4921,SBS BOX MEDLINE AQUA FOAM THIN 5.827 X 1.378 X 7.283,60
4922,MEDLINE MSCXXXX AQUA FOAM THIN 4X4 DRSG,0
4923,"M1522-80-54 CCT 54"" MASTER ROLL",35
4924,Avery FT 8345 tape 1.25 IN (SUB),0
4925,SBS BOX CARROT TOP BIO-IMPEDANCE ELECT TAPE,60
4926,"MACTAC TM-5110NG 3.75""",10
4927,"MACTAC TM-5110NG 5.75""",10
4928,"MACTAC TM-5110NG 30""",10
4929,BOX 23x6.75x3.563 200#,0
4930,BOX 21.5x7x5.125 200#,0
4931,BOX 20x8.5x5.75 200#,0
4932,BOX 22x7.375x7.375 200#,7
4933,BOX 14x10x9 200# S-4888,0
4934,BOX DIVIDER 14x10x9 S-17577,0
4935,"MEDTRONIC F.C. SHIELD .012 x 0.55 SLOTS, MULTILAYER rev. F",0
4936,Collagen Ground Powder,0
4937,Lancaster Etched Laminated Copper  (SUB)  (square reg)(seenotes),70
4938,"CRAWFORD 5""X8"" KERRAPREP PACKAGING 8.5"" PPG-30",42
4939,"CRAWFORD 4""X4"" KERRAPREP PACKAGING 7.5"" PPG-30",42
4940,"CRAWFORD HEALTHCARE KERRAPREP MITT 5"" X 8""",0
4941,"CRAWFORD HEALTHCARE KERRAPREP MITT 4"" X 4""",0
4942,"CRAWFORD 5""X8"" KERRAPREP SBS BOX 8.75""X2""X12.25""",60
4943,"CRAWFORD 4""X4"" KERRAPREP SBS BOX 7.75""X2""X8.25""",60
4944,"Compound-Pad like Powder Collagen Pad 11.88 x17.88, Thick (SUB)",0
4945,MEDLINE FOAM PAD 4x5 MSC1145 (SUB),0
4946,NICODERM 14MG PLACEBO CANADIAN PATCH 30341,0
4947,NICODERM 21MG PLACEBO CANADIAN PATCH 30340,0
4948,NICODERM 7 MG PLACEBO CANADIAN PATCH 30342,0
4949,CRAWFORD HEALTHCARE IFU,60
4950,NICODERM PLACEBO CANADIAN 3-SIDED POUCH 30349,0
4951,Ekstan Trache Harness,0
4952,JEAN COUTU CLR MEGA 26/CT SBS,28
4953,JEAN COUTU CLR SM/MD 30/CT SBS,28
4954,JEAN COUTU TAN LRG 30/CT SBS,28
4955,JEAN COUTU CLR SM/MD 10/CT SBS,28
4956,JEAN COUTU TAN LRG. 10/CT SBS,28
4957,Ekstan Trache Harness - Head Band,0
4958,"3M 9735 SCOTCHPAK OCCLUSIVE FILM 4.0""",56
4959,"VELCRO 4.125""  White Loop 3905  PSA19 - 0619",49
4960,"BUFF PUFF MASTER LOG 48""",0
4961,AMPARO 130078 LOW TACK  HYDROCOLLOID 9.25 IN.,28
4962,MPM 1 gram Triple Helix Collagen Powder MP00311,0
4963,"PURGE IMPLUS SKIN BLISTER PAD CARTON 3.12"" x 0.81"" x 4.74""",60
4964,"PurIMPLUS SPORTS BLISTER PAD CARTON 3.740""x1.00""x5.00"" #47-42400",60
4965,"""PURGE"" TYVEK/POLY CHEVRON POUCH 3.5"" X 4.476"" MPM MP00311",42
4966,"4""x7"" 1 mil Polybag  S-10860",1
4967,Dosimeter Indicator,30
4968,"""PURGE"" IMPLUS CANADA BLISTER PAD CARTON 3.12"" x 0.81"" x 4.74""",60
4969,"""PURGE""IMPLUS  INSERT 07SS DSTERILE IFU R017",21
4970,"CRAWFORD 4""X4"" MITT",0
4971,"CRAWFORD 5""X8"" MITT",0
4972,"CRAWFORD 4""X4"" KERRAPREP UNPRINTED PACKAGING 7.5"" PPG-30",0
4973,"CRAWFORD 5""X8"" KERRAPREP UNPRINTED PACKAGING 8.5"" PPG-30",0
4974,"18X16X14"" CORRUGATED BOX",0
4975,3M 9781 Foam Medical Tape 6.875 IN,35
4976,BOX 12 X 9 X 8 S-4853,1
4977,"BOX 9-13/16"" X 5-1/2"" X 3-5/8""",10
4978,EMED SOFT-SITE TEGADERM DRESSING 112X51MM  MS-0010201,0
4979,"EMED - PU FILM SLIT 2.125""",0
4980,EMED SOFT SITE PRINTED LINER SUB,0
4981,COLLAGEN WITH ANTIMICROBIAL,49
4982,"3M 9698 NON WOVEN PU TAPE 6.0""",56
4983,"3M1504XL ACRYLIC TRANSFER ADHESIVE 6.0""",56
4984,Fe3 MEDICAL FOAM SHEET 1200118,0
4985,Precision Medical T-STRIPS (Adult),0
4986,"3.636"" DELNET X220NAT",35
4987,"3.47"" DERMAMED DM-9004 Pattern Coated Transfer Adhesive",77
4988,BOX 10-7/8 X 6-7/16 X 3-11/16,10
4989,BOX 10 X 6 X 4 S-19060,1
4990,BOX 10 X 10 X 4,3
4991,BOX 10 X 8 X 6,10
4992,BOX 14 X 11 X 6,10
4993,BOX 12 X 9 X 7 S-4488,1
4994,"BOX 9-13/16"" X 5-1/2"" X 3-5/8""",10
4995,"AMCOR PPG-30 PCKG PAPER 7.25 IN, PRECISION MED PRINTED",42
4996,"CS BUFF PUFF LOG 51""",0
4997,"BUFF PUFF 3.25""",0
4998,"EASY RELEASE 53# LINER 2.0""",0
4999,"DM-9008Z TRANSFER ADHESIVE 3.625""  SUB",0
5000,OCCLUSIVE / DM-9008Z SUB LAM,0
5001,IMPLUS SKIN BLISTER PAD SPORTS 4742400,14
5002,"""PURGE"" SPENCO AMCOR PRINTED PAPER 8.0 IN (SUB)",7
5003,"GRADE A 48"" X 40""  4WAY WOOD PALLET",14
5004,"NOVESPIRE PU 6 MILS 29.0"" (740 mm) Half Jumbo",154
5005,IMPLUS SKIN BLISTER PADS 4742300,14
5006,"16"" x 30"" GUSSETED 8"" OPENING HIGH BARRIER FILM BAG",42
5007,"20"" x 30"" Mylar 6 Gallon Bag 2000cc Oxygen Absorbers",42
5008,"DM-4222 PATTERN COATED PU 7.5""",35
5009,"DM-4222 PATTERN COATED PU 9.0""",35
5010,"TYVEK/POLY CHEVRON POUCH 5"" X 9"" UNPRINTED",21
5011,"OXYBAND 4.5"" X 5.5"" RESERVOIR DRESSING  2804004",0
5012,"OXYBAND 3.0"" X 4.0"" HYDROCOLLOID DRESSING",0
5013,"HYDROCOLLOID SLIT SUB 3.149""",0
5014,"AMPARO LT HYDROCOLLOID SLIT SUB 3.083""",0
5015,MPM DryMax Blue Super Absorbent Drsg Strl 4X4 Bordered MP00704B,0
5016,MPM DryMax Blue Super Absorbent Drsg Strl 6X6 Bordered MP00706B,0
5017,"Absorbest 3.23""x 1.73"" (82 mm x 44 mm) Super Absorbent Pad",90
5018,"Absorbest 4.41""x 3.15"" (112mm x 80mm) Super Absorbent Pad",90
5019,"""PURGE""SBS BOX, MPM MP00704B 7.09” x 7.52”",60
5020,"""PURGE""SBS BOX, MPM MP00706B 13.19” x 11.02”",60
5021,"""PURGE""AMCOR PPG-30 PCKG MPM PRTD MP00704B PAPER 16.875 IN",42
5022,"""PURGE""AMCOR PPG-30 PCKG MPM PRTD MP00706B PAPER 15.125 IN",42
5023,"FRA-T19 Liner 4.5"" 3 MIL Clear Fluoropolymer Coated Polyester",28
5024,"3M 9877 12""",35
5025,3M CoTran 9705 4.625 IN,56
5026,QUALITEL PTFE FILTER SCEPTER SNAP CLIP ASSEMBLY 24695,0
5027,AR 7759 Clear Polyester Film 2.0 IN,56
5028,"""PURGE""SBS BOX WALGREENS 2.38 X 2.75 TRANSPARENT WATER PROOF",60
5029,"ANTI-STATIC POLY SHEETING ROLL #S-14110 1 Mil, 24"" x 3,000'",1
5030,½ SHEET CAKE PAN Webstaurant Item #612614255 MFR #: 19500,1
5031,"BOX 18""x13""x12"" #S-13312",1
5032,"NOVESPIRE PU 6 MILS 7.0"" (SUB)",7
5033,"NOVESPIRE PU 6 MILS 9.0"" (SUB)",7
5034,"BOX 13.5"" x 13.5"" x 7.5"" 200# Burst Test",7
5035,"BOX 10"" x 10"" x 8""  200# Burst Test S-4108",3
5036,"BOX 9"" x 8"" x 6""  200# Burst Test",3
5037,"OXYBAND SLIT HYDROCOLLOID  4.625"" - SUB",0
5038,BAYER HANDISTRIP AND DISPOSABLE COMBO JAPAN 85258346,0
5039,OXYBAND  53# EASY REL. LINER,0
5040,"PURGE Covidien Pouching 8.75"" 1961/2132 Natural Latex 41122",64
5041,"PURGE Covidien Latex Random Black 8.75"" Natural Latex 41122",64
5042,"POUCH CHEVRON 10"" X 13"" 1059B TYVEK/POLY",28
5043,"UNPRINTED 1059B TYVEK 11.25"" ROLLSTOCK",28
5044,"11.25"" PET TL-101",28
5045,FREUDENBERG 30cm X 47cm Nonwoven Sheets 122P0463,0
005045 TEST,TEST ORDER Freudenberg 30cm X 47cm M1407 Sheets,0
5046,"FOAM 3.0"" AMS MCF03 .2165"" Thk (SUB)",0
5047,JEAN COUTU CLEAR LRG 30 CT,0
5048,"SKIN ON SKIN LABEL (48) 3.0"" HYDROGEL CIRCLES 2TOMS",21
5049,"SKIN ON SKIN LABEL (200) 1.0"" HYDROGEL SQUARES  2TOMS",21
5050,BAYER  IFU DN-229959 REV.B,21
5051,"BAYER / MEDRAD BOX DN-243419 REV. B 10.5"" X 6"" X 5.5""",60
5052,"OXYBAND 2"" X 3"" FOAM PADS 2804006",0
5053,"MEDI-DYNE BRAND HGEL 3"" IN JARS",14
5054,DERMARITE 1 GRAM COLLAGEN POWDER,0
5055,MPM 10 gram Triple Helix Collagen Powder MP313,0
5056,MPM 7x7 Triple Helix Collagen Dressing Sterile MP00377,0
5057,Box 6 x 6 x 6 #S-4062,1
5058,"CLEAR LABEL , 2 CLR, RCR, 3.5 x 5",21
5059,"PURGE Covidien Pouching 8.75"" 6017/7643 Natural Latex 41122",64
5060,"""PURGE"" FREUDENBERG 122P0463 PPG-30 14"" POUCHING",49
5061,"FREUDENBERG 122P0462 PPG-30 14"" POUCHING",0
5062,"CS FREUDENBERG M1589 NON-WOVEN 11.8""",60
5063,STEADMED PRINTED INSERT REV 7/17,60
5064,"TYVEK/POLY CHEVRON POUCH 3.5"" X 4.5"" UNPRINTED",42
5065,"""PURGE""Tyvek/Poly Chevron Pouch 8.5"" x 10.5"" 1059B Unprinted",42
5066,3M 9832W 13 IN,90
5067,3M 1513 12 IN,35
5068,"ESP 48 LINER 13""",28
5069,"""PURGE"" DERMA COL 100 COLLAGEN - POUCH LABEL 3""x4""",21
5070,"""PURGE"" DERMA COL 100 COLLAGEN - PRINTED IFU 5""x7""",21
5071,"14.0"" PET TL-101",28
5072,"CARDINAL HEALTH NON-ADHERENT DRESSING 3""x4"" 9642",0
5073,"CARDINAL HEALTH NON-ADHERENT DRESSING 2""x3"" 9640",0
5074,"CARDINAL HEALTH TELFA ADHESIVE DRESSING 3""x4"" 7643",0
5075,"CARDINAL HEALTH TELFA ADHESIVE DRESSING 2""x3"" 6017",21
5076,"CARDINAL HEALTH TELFA NON-ADHERENT DRESSING 3""x4"" 2132-",21
5077,"CARDINAL HEALTH TELFA NON-ADHERENT DRESSING 2""x3"" 1961",21
5078,EASY RELEASE 42# SC1 S-20 LINER 1.2 IN (SUB),7
5079,"MEDLINE-VA, 2 X 2 BORDERED GAUZE MSCG3222",14
5080,"MEDLINE-VA, 4 X 4 BORDERED GAUZE MSCG3244",14
5081,"MEDLINE-VA, 4 X 8 BORDER GAUZE MSCG3248",14
5082,"MEDLINE-VA, 6 X 6 STRATASORB MSCG3066",14
5083,FREUDENBERG 20cm X 30cm Nonwoven Sheets 122P0462,0
5084,KCI PREVENA KNEE DRESSING MEDIUM,0
5085,MPM Excel Foam Non-Bordered 3X3 Fenestrated Pad MP00508,0
5086,MPM Excel Foam Non-Bordered 3X3 Fenestrated Pad MP00508 (SUB),0
5087,"""PURGE""AMCOR PPG-30 PCKG MPM PRTD MP00508 PAPER 12.625 IN",42
5088,1 GRAM COLLAGEN POWDER - UNPRINTED TYVEK/POLY POUCH,0
5089,"""PURGE""MPM TRIPLE HELIX COLLAGEN - PRINTED IFU",21
5090,"MEDI-DYNE BRAND HGEL 1"" SQ IN JARS",14
5091,"SKIN ON SKIN SHRINK SLEEVE  (48) 3.0"" HYDROGEL CIRCLES",28
5092,"SKIN ON SKIN SHRINK SLEEVE (200) 1.0"" HYDROGEL SQUARES",28
5093,MEDI-DYNE SKIN ON SKIN DRESSING KIT SOS1400,14
5094,SKIN ON SKIN DRESSING KIT SBS CARTON,60
5095,"""PURGE"" SKIN ON SKIN DRESSING KIT PRINTED IFU",60
5096,SKIN ON SKIN DRESSING KIT PRINTED POUCH ZIPPER STYLE,48
5097,"MEDI-DYNE 1.5""x3"" Nonwoven (SUB)",14
5098,"MEDI-DYNE 5""x3"" Nonwoven (SUB)",14
5099,"MEDI-DYNE 6.25""x3"" Hydrogel (SUB)",14
5100,"""PURGE"" IMPLUS  INSERT 07SS STERILE IFU R017",21
5101,"""PURGE""SBS BOX IMPLUS SILICONE GEL SNGL PKG 3083326",60
5102,"""PURGE""SBS BOX IMPLUS SILICONE GEL 10 PKG 3083327",60
5103,"""PURGE""SBS BOX IMPLUS SILICONE GEL SNGL PKG 3083328",60
5104,BOX 14 x 10 x 12 S-4149,0
5105,"BOX 22"" X 14"" X 12"" S-4221",1
5106,"**INACTIVE**IMPLUS SILICONE GEL SHEET 3X4 SNGL PKG, 1052400",70
5107,"6.5"" TAN PRINTED SPUNLACE PMS4665U",21
5108,MEDLINE OPTIFOAM THIN 2X3 SBS CARTON MSC1523EP,60
5109,MEDLINE OPTIFOAM THIN 4X4 SBS CARTON MSC1544EP,60
5110,AMCOR PPG-30 PCKG MEDLINE PRTD MSC1523EP 23.625 IN,42
5111,AMCOR PPG-30 PCKG MEDLINE PRTD MSC1544EP 22.50 IN,42
5112,"Covidien Pouching 8.75"" 9642 Natural Latex 41122",64
5113,"Covidien Pouching 8.75"" 9640 Natural Latex 41122",64
5114,"2.0"" CIRCLE LABELS - ORANGE #S-21848",1
5115,"PPG-30 PCKG PAPER 7.25 IN, PRECISION MED PRINTED(SUB)",21
5116,MEDLINE OPTIFOAM THIN 2X3 MSC1523EP,0
5117,MEDLINE OPTIFOAM THIN 4x4 MSC1544EP,0
5118,"FREUDENBERG 122P0463 PPG-30 14"" POUCHING",49
5119,"IMPLUS SILICONE GEL SHEET 3X4 10 PKG, 1053200",70
5120,"IMPLUS SILICONE GEL SHEET 4.75X6 SNGL PKG, 1053300",70
5121,IMPLUS CANADA BLISTER PADS 4740700,14
5122,"""PURGE"" IMPLUS AMCOR PRTD PAPER 8.0 IN (SUB)",0
5123,CoMatryx 1 GRAM COLLAGEN POWDER,0
5124,Silver Eagle 1 GRAM COLLAGEN POWDER,0
5125,"TYVEK/POLY CHEVRON POUCH 3.5"" X 4.476"" CoMatryx 1 Gram Collagen",0
5126,Super Absorbent Silicone Dressing 4x4,14
5127,Super Absorbent Silicone Dressing 6x6,14
5128,Heel Foam Dressing 6.7 x 4.1,14
5129,EASY RL 42# SC1 S-20 LINER 4.25 IN (SUB),7
5130,PURGE AMCOR PPG-30 WALGREENS 2.38X2.75 PRT 17.625 IN RK17PCC,48
5131,PURGE PRTD INSERT WALGREENS THIN FILM DRSG RK17PCC,21
5132,"IMPLUS SILICONE GEL SHEET 3X4 SNGL PKG, 1052400",70
5133,"""PURGE"" PM313  4 oz. 24/410HDPE NAT MPM PRTD CYL.",42
5134,COLLAGEN GROUND POWDER (SUB),0
5135,"NOVESPIRE PU 6 MILS 7.5"" (SUB)",7
5136,COLLAGEN GROUND POWDER DEPYROGENATION (SUB),0
5137,"""PURGE"" POUCH MILLIKEN ULTRA 8"" X 20"" AFM DRESSING",42
5138,"CS SBS CARTON MILLIKEN ULTRA 8"" X 20"" AFM DRESSING",60
5139,"CS CASE LABEL MILLIKEN ULTRA 8"" X 20"" AFM DRESSING",21
5140,"ARGENTUM SILVERLON 4.5"" X 15.0"" DRSNG    ID-515",0
5141,"SBS CARTON .020"" SKIN ON SKIN DRESSING KIT",60
5142,"""PURGE"" TYVEK/POLY CHEVRON POUCH 3.5"" X 4.476"" MPM MP00311",42
5143,"DM-9025Z 5.0"" TRANSFER ADH. W/.25"" EXT.LNR EACH SIDE",112
5146,"""PURGE"" POUCH MILLIKEN ULTRA SILVER 8"" X 20"" AFM DRESSING",112
5147,"CS SBS CARTON MILLIKEN ULTRA SILVER 8"" X 20"" AFM DRESSING",60
5148,"CS CASE LABEL MILLIKEN ULTRA SILVER 8"" X 20"" AFM DRESSING",21
5149,"ROGERS FOAM - DermaBak F120 16MIL  30"" x 600 LF",64
5150,"ROGERS FOAM SLIT- DermaBak F120 16MIL  5.0"" x 600 LF",0
5151,ARGENTUM PRINTED FOAM - ROGERS FOAM,0
5152,"AMPARO HYDROCOLLOID 4.0""",42
5153,"STEADMED 3.5""X12"" DRAWTEX SURGICAL DRESSING",0
5154,"STEADMED 3.5""X9.75"" DRAWTEX SURGICAL DRESSING",0
5155,"OVIK HEALTH ULTRA 8x20, 3000112221",0
5156,"""Purge""DERMA COL 100 COLLAGEN TYVEK/POLY POUCH 3.5"" X 4.476""",42
5157,500ml 28/410 WHITE PET VERAL BOTTLE,35
5158,28/410 WHITE LOCK DOWN 4cc LOTION PUMP w/ DIP TUBE TO FIT 500ml,35
5159,28/410 WHITE RIBBED SG-90 (PLAIN) FOIL LINE DCAP FOR PET,35
5160,"UNPRINTED .022"" SBS CARTON 3.375"" X 3.375"" X 7.0""",60
5161,2 oz PAPER PORTION CUP S-20147,3
5162,**INACTIVE**DERMARITE 1 GRAM COLLAGEN POWDER,0
5163,"ROGERS FOAM -DermaBak 15.0"" X 600 LF",0
5164,CS SBS BOX DERMARITE 1 GRAM COLLAGEN POWDER,42
5165,BOX 10.8 X 6.75 X 7.2,7
5166,MEDLINE WALGREENS 2.38 X 2.75 IN THIN FILM DRSG,14
5167,42# SCK SC1 S-20 EASY 1.75 IN SUB,7
5168,"CS ARGENTUM  DELSTAR 2.5"" SILVER PAD",35
5169,"PRINTED IFU 5""x7"" DERMA COL 100 COLLAGEN",21
5170,OVIK HEALTH ULTRA SILVER 8x20,0
5171,BOX 14 X 11 X 11 #S-16736,1
5172,MEDLINE SURESITE 2.375 x 2.75 MSC2302,0
5173,MEDLINE SURESITE 4 X 4.75 MSC2304,0
5174,"EASY REL 78# MEDLINE PRTD LNR 4.625""",28
5175,"EASY REL 78# MEDLINE PRTD LNR 6.625""",28
5176,"""PURGE"" AMCOR PPG-30 PRT 2.375X2.75 SURESITE 17.625 IN MSC2302",49
5177,"""PURGE"" AMCOR PPG-30 PRT 4.0X4.75 SURESITE 16.625 IN MSC2304",49
5178,"""PURGE""SBS BOX MEDLINE SURESITE 2X3 MSC2302",60
5179,"""PURGE""SBS BOX MEDLINE SURESITE 4X5 MSC2304",60
5180,**INACTIVE**AMR GENTLE WINDOW ADV. SECUREMENT DRESSING AMR200,0
5181,"AMCOR PPG-30 AMR GENTLE WINDOW ADV. SECUREMENT 15.125""",0
5182,"S-4515 BOX 8""X6""X5""",1
5183,"TYVEK/POLY CHEVRON POUCH 3.5"" X 4.476"" MPM 1x1 MP00316",42
5184,"""PURGE""SKIN ON SKIN LABEL (48) 3.0"" HYDROGEL CIRCLES",21
5185,"""PURGE""SKIN ON SKIN LABEL (200) 1.0"" HYDROGEL SQUARES",21
5186,150 X 38 CLEAR HEAT SHRINKABLE PVC BANDS NO PERF,35
5187,"PURGE TYVEK/POLY CHEVRON POUCH 3.5"" X 4.476"" MPM 2x2 MP00310",42
5188,POUCH LABEL - MPM 7X7 COLLAGEN PAD MP00377,21
5189,"STEADMED 3.5""X6"" DRAWTEX SURGICAL DRESSING",0
5190,PURGE MPM TRIPLE HELIX COLLAGEN PAD- PRINTED IFU,21
5191,"Slitting - DermaBak F120 16MIL  30"" x 600 LF WO#005149 Required",14
5192,"9""x14"" 2 mil Polybag  S-1338",1
5193,BOX 12 X 9 X 10 #S-4612,1
5194,"#240-3615-B60 TRANSPORT VIAL 15 mL PP W/BLUE SCREW CAP1,000/CS",30
5195,"#240-3010-B60 TRANSPORT VIAL 10 mL PP W/BLUE SCREW CAP1,000/CS",30
5196,"UNPRINTED .018"" SBS CARTON 4.25"" X 1.0"" X 9.25""",60
5197,"BOX 9.75"" X 9.0"" X 7.0"" (OW) RSC 32ECT",7
5198,"""PURGE"" LABEL - 10mL COMATRYX SURGICAL COLLAGEN",21
5199,"""PURGE"" LABEL - 5mL COMATRYX SURGICAL COLLAGEN",21
5200,MPM Comatryx Surgical Collagen COM50 10 mL,0
5201,MPM Comatryx Surgical Collagen COM20 5 mL,0
5202,HARMAC PRINTED DRAPE ASSEMBLY REV. E (ROW) P3113230,0
5203,"RENASYS PORT FILM ROLL/PU  5.78"" (147mm) #66771479",168
5204,"S&N PRINTED REL. LINER 111/60 HANDLE 5.5"" (140mm) #66771481",168
5205,"S&N PRINTED REL. LINER 111/60 HANDLE 2.5"" (64mm) #66771480",168
5206,MPM MP00900 Supreme Press Crepe Roll (320/cs),75
5207,**INACTIVE**MPM Comatryx COM50 PiggyBack Labels (SUB),0
5208,SKIN ON SKIN DRESSING KIT PRINTED IFU,60
5209,**INACTIVE**MPM Comatryx COM20 PiggyBack Labels (SUB),0
5210,BOX 4 X 4 X 5 #S-19037,1
5211,IFU MPM Comatryx Surgical Collagen Powder,10
5212,OPEN ENDED SYRINGE W/ CAP 13 gm PE/PP #11607,28
5213,SC-1775 (ADD611) PINK CAP TUBE D-POLY BAG CLASS A,28
5214,"""PURGE""PPG-30 PAPER 16.625"" MPM PRNTD TZ MEDICAL MP00470 R0.5",48
5215,12 x 11x 6-1/2 200# Box,7
5216,"MILLIPORE LABEL 20298649X3PU-5 1.5"" X 2.375"" 2 UP",21
5217,"CONNEXT SURGICAL PRTD 1059B TYVEK/POLY CHEVRON POUCH 4.0"" X 9.0""",42
5218,PURGE CS SBS BOX VENTRIS CONNEXTCOLLAGEN POWDER - SYRINGE,30
5219,"""PURGE"" CS PRINTED IFU 5""x7"" VENTRIS COLLAGEN POWDER",30
5220,VENTRIS 1 GRAM COLLAGEN POWDER IN A SYRINGE,0
5221,BOX 12X12X10 275 LB. TEST DW #S-15036,1
5222,PRTD TYVEK MPM ISOLATE 7X8 DRSG 10.5 IN MP00555C,48
5223,VENTRIS 0.5 GRAM COLLAGEN POWDER IN A SYRINGE,0
5224,39# HSC SURGICAL PAPER #501 11.25 IN MEDLINE 4X4 MSC3044,48
5225,MEDLINE 4 X 4 FOLDING CARTON MSC3044 STRATASORB,60
5226,"39# HSC SURGICAL PAPER #501 16.875"" MEDLINE 4X14 MSC32414",48
5227,MEDLINE 4 X14 FOLDING CARTON MSC32414,60
5228,"39# HSC SURGICAL PAPER #501 16.875"" MEDLINE 4X10 MSC32410",48
5229,MEDLINE 4 X10 FOLDING CARTON MSC32410,60
5230,"MPM Foam Circular Fenestrated Dressing 4"" Diameter MP00501",0
5231,"MPM Foam Dressing Bordered 6x6 Overall, 4x4 Pad MP00502",0
5232,"""PURGE"" SBS Box MPM MP00206 COOL MAGIC 3.75"" 6x1x7",60
5233,"""PURGE"" MPM MP00206 3.75"" COOL MAGIC PRTD FOIL 12.78 IN #202.1",42
5234,"""PURGE""PRTD TYVEK 14.125 IN MPM FM W/ FEN 4X4 MP00522",48
5235,"COMATRYX SURGICAL 10mL COLLAGEN POUCH TYVEK/POLY 4.0"" X 9.0""",42
5236,"COMATRYX SURGICAL 5mL COLLAGEN POUCH TYVEK/POLY 4.0"" X 9.0""",42
5237,Surgical CRX 1g Powder,0
5238,Surgical CRX 5g Powder,0
5239,Surgical CRX 1g Powder/6g Gel Combo,0
5240,Surgical CRX 6g Gel,0
5241,Wound Care NextColl 28g Gel,0
5242,Wound Care NextColl 10g Gel,0
5243,Wound Care NextColl 1g Powder,0
5244,Wound Care NextColl 2g Powder,0
5245,1/4 oz bottle Natural LDPE Boston RD 15-415,0
5246,15 mm Dropper Tip Cap,0
5247,Surgical CRX 1g Powder Bottle Label,0
5248,"Surgical CRX Collagen 3""x7"" Tyvek/PET Pouch",0
5249,"Surgical CRX 1g Powder 3""x1-1/2""x7"" SBS Carton",0
5250,Surgical CRX IFU,0
5251,"12-1/4""x7-5/8""x7"" Corruagated BOX",7
5252,PRTD PPG-30 PAPER 12.625 IN MPM TB SITE FM DRSG MP00501CN,42
5253,PRTD TYVEK 8.0 IN MPM FM DRSG 6X6 MP00502CN,48
5254,MPM 1 gram Triple Helix Collagen Powder MP00311C (500ea/cs),0
5255,"""PURGE""PRTD PPG-30 PAPER 12.625 IN MPM TB SITE FM DRSG MP00501",42
5256,"""PURGE""PRTD TYVEK 8.0 IN MPM FM DRSG 6X6 MP00502",48
5257,"""PURGE""PRTD TYVEK MPM EXCEL 4X5 DRSG 15.125 IN MP00521CN",42
5258,"""PURGE""PRTD 6 X 8 POUCH MPM 4 X 4 HYDROCOLLOID MP00602",48
5259,LABEL MPM 6 X 6.5 HYDROCOLLOID MP00608,21
5260,"DERMA COL TYVEK/POLY POUCH 3.5"" X 4.476"" .25"" x .75"" REC TBNOTCH",42
5261,"MPM Foam Circular Fenestrated Dressing 4"" Diameter MP00501 (SUB)",0
5262,"""PURGCoMatryx Surgical 5mL .018"" SBS CARTON 4.25"" X 1.0"" X 9.25""",60
5263,"CoMatryx Surgical 10mL .018"" SBS CARTON 4.25"" X 1.0"" X 9.25""",60
5264,CURAD MEDISTRIP 1/4 X 3 SBS BOX NON250314,70
5265,CURAD MEDISTRIP 1/4 X 4 SBS BOX NON250414,70
5266,CURAD MEDISTRIP 1/8 X 3 SBS BOX NON250318,70
5267,CURAD MEDISTRIP 1X5 SBS BOX NON250501,70
5268,CURAD MEDISTRIP 1/2 X 4 SBS BOX NON250412,70
5269,CURAD MEDISTRIP 1/4 X 1-1/2 SBS BOX NON250114,70
5270,"""PURGE""CURAD MEDISTRIP 1/4 X 1-1/2 PRTD TYVEK 7.25 IN NON250114",90
5271,PURGE CURAD MEDISTRIP 1/4 X 3 PRTD TYVEK 7.25 IN NON250314,42
5272,"""PURGE""CURAD MEDISTRIP 1/4 X 4 PRTD TYVEK 8.75 IN NON250414",42
5273,"""PURGE""CURAD MEDISTRIP 1/2 X 4 PRTD TYVEK 8.75 IN NON250412",42
5274,"""PURGE"" CURAD MEDISTRIP 1/8 X 3 PRTD TYVEK 7.25 IN NON250318",42
5275,"""PURGE"" MPM MP00208 COOL MAGIC PRINTED POUCH 7.5"" X 9.5""",49
5276,"""PURGE"" SBS BOX MPM MP00208 COOL MAGIC 6X8",60
5277,"""PURGE""PRTD 4 X 6 POUCH MPM 2 X 2 HYDROCOLLOID MP00600",48
5278,"MPM  OSTOMY RING 2"" 10 PER BOX OST0002",85
5279,"""PURGE"" SBS BOX MEDLINE GENTAC MSC1583",60
5280,1/2 oz Natural LDPE BOSTON RD 15-415,0
5281,Surgical CRX 5g Powder Bottle Label,0
5282,Wound Care Collagen Gel IFU,0
5283,"Surgical CRX 5g Powder 3""x1-1/2""x7"" SBS Carton",0
5284,"Surgical CRX 6g Gel 5/8""x6-1/2"" Tube",0
5285,"Wound Care 28g 5-1/2""x2-1/8""x3-1/4"" SBS Carton",0
5286,"Surgical CRX 6g Gel 3""x1-1/2""x7"" SBS Carton",0
5287,"Surgical CRX 6g Gel & 1g Powder Combo 3""x1-1/2""x7"" SBS Carton",0
5288,"""PURGE"" TYVEK/POLY CHEVRON POUCH 3.5"" X 4.476"" MPM MP00311",60
5289,39# HSC SURGICAL PAPER #501 16.875 IN MEDLINE 4X4 MSC3244,48
5290,MEDLINE 4 X 4 FOLDING CARTON MSC3244,60
5291,39# HSC SURGICAL PAPER #501 15.125 IN MEDLINE 6X6 MSC3266,48
5292,MEDLINE 6 X 6 FOLDING CARTON MSC3266,60
5293,MASTER CARTON LABEL MSC3244,21
5294,MASTER CARTON LABEL MSC3266,21
5295,MASTER CARTON LABEL MSC32410,21
5296,MASTER CARTON LABEL MSC32414,21
5297,**Purge**MPM TRIPLE HELIX COLLAGEN - PRINTED IFU,21
5298,3M 1525L 4.4 MIL 1 PSA CLR PE 4.78125 IN,35
5299,3M 1513 6.8437 IN,45
5300,"Wound Care 28g 7/8""x4-1/4""x Glaminate Tube",0
5301,"10-5/8""x5-1/2""x3-1/4"" Corrugated BOX",0
5302,"Wound Care 10g Gel 3/4""x3"" Glaminate Tube",0
5303,"Wound Care 10g Gel 5-1/2""x2-1/8""x3-1/4"" SBS Carton",0
5304,"Wound Care 2g Collagen 3/4""x2-5/8"" Bottle Label",0
5305,"Wound Care Collagen Powder 3.5""x7"" Paper/Paper Pouch",0
5306,"Wound Care 2g Collagen 7""x3-1/2""x6-1/2"" SBS Carton",0
5307,"13-3/4""x5-1/2""x3-3/4"" Corrugated BOX",0
5308,"Wound Care 1g Collagen 3/4""x2-5/8"" Bottle Label",0
5309,"Wound Care 1g Collagen 3-3/4""x2-3/4""x2-1/2"" SBS Carton",0
5310,Gelatin Hydrolysate Type B Bovine Collagen,0
5311,LABEL MPM 6 X 8 REPEL MP00086,21
5312,OVIK HEALTH ULTRA BORDER 3X3 DRESSING 3000116877,0
5313,OVIK HEALTH ULTRA BORDER 4X4 DRESSING 3000116878,0
5314,OVIK HEALTH ULTRA BORDER 6X6 DRESSING 3000116879,0
5315,OVIK HEALTH ULTRA BORDER 4X10 DRESSING 3000116880,0
5316,PSI SILICONE PS-2041 3.625 IN,96
5317,PSI SILICONE PS-2041 4.92 IN,96
5318,PSI SILICONE PS-2041 6.625 IN,96
5319,"""PURGE""CS 3.625"" DERMAMED DM-4308 PATTERN COATED INSPIRE PU FILM",90
5320,"PURGE""CS 4.813"" DERMAMED DM-4308 PATTERN COATED INSPIRE PU FILM",90
5321,"PURGE""CS 6.625"" DERMAMED DM-4308 PATTERN COATED INSPIRE PU FILM",90
5322,"""PURGE""MILLIKEN ULTRA BORDERED 3X3 PRTDTYVEK 1059B 12.625""",42
5323,"""PURGE""MILLIKEN ULTRA BORDERED 4X4 PRTDTYVEK 1059B 14.625""",42
5324,"""PURGE""MILLIKEN ULTRA BORDERED 6X6 PRTDTYVEK 1059B 9.0""",42
5325,"""PURGE""MILLIKEN ULTRA BORDERED 4X10 PRTDTYVEK 1059B 14.625""",42
5326,MILLIKEN ULTRA BORDERED 3X3 SBS CARTON,60
5327,MILLIKEN ULTRA BORDERED 4 X4 SBS CARTON,60
5328,MILLIKEN ULTRA BORDERED 6X6 SBS CARTON,60
5329,MILLIKEN ULTRA BORDERED 4X10 SBS CARTON,60
5330,"""PURGE""PRTD IFU MILLIKEN ULTRA BORDERED DRSG",21
5331,"""PURGE""CASE LABEL MILLIKEN ULTRA BORDERED 3X3 DRSG",21
5332,"""PURGE""CASE LABEL MILLIKEN ULTRA BORDERED 4X4 DRSG",21
5333,"""PURGE""CASE LABEL MILLIKEN ULTRA BORDERED 6X6 DRSG",21
5334,"""PURGE""CASE LABEL MILLIKEN ULTRA BORDERED 4X10 DRSG",21
5335,"LOHMANN DM 81122 4.5""",48
5336,AMCOR PPG-30 16.875 IN PRTD MPM 4X4 NO TRAUMA MP00451,48
5337,LABEL MPM 3.6 X 4 HYDROCOLLOID MP00606,21
5338,"""PURGE""TYVEK 11.25 IN PRTD MPM 8X10 EXCEL FOAM MP00528",48
5339,"CS OVIK HEALTH SUPPLIED ULTRA BORDER LAMINATE 14""",120
5340,"CS UNPRINTED 14.0"" MILLIKEN ULTRA SILVER FILM/FOAM/PAD MATERIAL",0
5341,ISI EXTRA LARGE ALUMI-HAND 761,0
5342,ISI LARGE ALUMI-HAND 760,0
5343,"10.0"" Aluminum 1100-0 .032"" thk",105
5344,"10.0"" Qycell T-20 Blue Foam with Adhesive",0
5345,"10.0"" Qycell T-20 Blue Foam 0.125"" Thk",0
5346,"10.0"" MacTac IB1190XT Adhesive w/60# SCK RDT24004",21
5347,"Qycell T-20 Blue Foam Master Roll 1/8"" X 60"" X 600'",42
5348,"""PURGE"" 10.9"" x 13.5"" ALUMI-HAND Tyvek/PET Corner Peel Pouch",42
5349,"44""x23""x19"" Corrugated Box",7
5350,Gamma Dot Printed CPI-R03,21
5351,"""PURGE"" 13"" x 17"" ALUMI-HAND Tyvek/PET Corner Peel Pouch",42
5352,"Slitting - QYCELL T-20 FOAM 10.0"" *(#005345 Work Order Required)",14
5353,"12.5"" Aluminum 1100-0 .032"" thk",105
5354,"12.5"" Qycell T-20 Blue Foam w/ adhesive",0
5355,"12.5"" Qycell T-20 Blue Foam 0.125"" Thk",0
5356,"12.5"" MacTac IB1190XT Adhesive w/60# SCK RDT24004",21
5357,"Slitting - QYCELL T-20 FOAM 12.5"" *(#005355 Work Order Required)",14
5358,"4.0"" MacTac IB1190XT Adhesive w/60# SCK",21
5360,"""PURGE"" CURAD MEDISTRIP 1/8 X 3 SBS TRAY NON250318",60
5361,CURAD MEDISTRIP 1/2 X 4 SBS TRAY NON250412,60
5362,PURGE CURAD MEDISTRIP 1/4 X 1-1/2 SBS TRAY NON250114,60
5363,CURAD MEDISTRIP 1/4 X 3 SBS TRAY NON250314,60
5364,"""PURGE"" CURAD MEDISTRIP 1/4 X 4 SBS TRAY NON250414",60
5365,CURAD MEDISTRIP 1X5 SBS TRAY NON250501,60
5366,MEDLINE SURESITE 4 X 4.75 MSC2304CS,14
5367,"PURGE MEDLINE SURESITE PRTD LNR  6.625"" MSC2304CS (SUB)",0
5368,Gusseted Poly Bag  1mil 12 x 8 x 30    S-7498,1
5369,JABIL Patch Adhesive DRW 003274,0
5370,JABIL NIM Cover Backing DRW 003299,0
5371,"Physically Cross-Linked Collagen Sheet 11.88 x17.88, Thin (SUB)",0
5372,MPM 5 GRAM COLLAGEN POWDER IN VIAL MP00355,0
5373,MPM  TRIPLE HELIX 1 GR COLLAGEN POWDER IN VIAL MP00315,0
5374,"PURGE""POUCH LABEL 3.5""X8.5"" MPM TRIPLE HELIX 1 GRAM VIAL MP00315",21
5375,"""PURGED""PRTD SBS CARTON MPM MP00315 4.25"" X 2.0"" X 9.25"" .022 PT",60
5376,MPM TRIPLE HELIX COLLAGEN POWDER- PRINTED IFU,21
5377,BOX 11x11x10 #S-19098,2
5378,KCI CYNCH DRSG 419777 CINPWT 40CM,0
5379,"1.89"" GELOCK SUPERABSORBENT 30040-76",105
5380,"3.5"" LIBELTEX TDL2 80GSM NON-WOVEN",105
5381,"CS 6.34"" PERFORATED R2800B ETHYL METHYL ACRYLATE FILM",105
5382,Bayer Adhesive Guidance Doc DN-229122 Rev. B,21
5383,MASTER CARTON LABEL MSC2302,21
5384,MASTER CARTON LABEL MSC2304,21
5385,BOX 16 X 16 X 11  #S-4538,1
5386,"LIBELTEX TDL2 80GSM NON-WOVEN - 18 cm (7.08"")",105
5387,BOX 20 X 16 X 12  #S-4339,1
5388,PIGGY BACK LABEL ROLL STOCK BLANK,21
5389,"ACM SURGICAL 2""X2"" COLLAGEN DRSG MP00332",0
5390,J&J Project Emerald City Small Hydrocolloid Drsg,0
5391,J&J Project Emerald City Small Hyaluronic Hydrogel Drsg,0
5392,"CS J&J Hyaluronic Hydrogel, 12.5"" Wide",105
5393,"CS J&J Backing Material, 4.375"" Wide",105
5394,"CS Amcor RFE-211 Packaging Material, 7""",105
5395,"LTHA 13 MIL- 16MIL HYDROCOLLOID 11.0"" w/ KP RELEASE LINER & TPU",48
5396,KCI 1.62 INCH ADHESIVE RING 420284 Rev. A,0
5397,"3M 1567  5.3125""",35
5398,"""PURGE""NormlShield 4oz White Tube w/Blue Flip Top Cap",30
5399,"""PURGE"" 4oz Tube, MPM Anti-Fungal Cream MP00023",30
5400,"""PURGE"" 3oz Tube, MPM Hydrogel Dressing MP00006",30
5401,"""PURGE""1oz Tube, MPM Hydrogel Dressing MP00026",30
5402,"3oz Tube, Cardinal Hydrogel ZRHG03",30
5403,"""PURGE"" 3oz Tube, MPM Regenecare MP00100",30
5404,"""PURGE"" 0.5oz Tube, MPM Regenecare MP00101",30
5405,"""PURGE"" 4mL Tube, MPM Regenecare MP00110",30
5406,"""PURGE"" 6oz Tube, MPM Dermaplex Gel MP00306",30
5407,"""PURGE"" 0.5oz Tube, MPM Radiaplex Gel MP00105",60
5409,"""PURGE"" 6oz Tube, MPM Radiaplex Gel MP00106",30
5410,"""PURGE"" 4mL Tube, MPM Radiaplex MP00109",30
5411,"""PURGE"" 3oz Tube, MPM Regenecare HA MP00107",60
5412,"""PURGE"" 4mL Tube, MPM Regenecare HA MP00108",84
5413,"""PURGE"" 4oz Bottle, MPM Regenecare HA Spray MP00117",30
5414,"""PURGE"" 12oz Bottle, MPM Oramagic Rx MP00213",30
5415,"""PURGE"" 2oz Bottle, MPM Oramagic Rx MP00222",30
5416,"""Purge"" 2oz Bottle, MPM Oramagic Plus MP00223",30
5417,"""PURGE"" 8oz Bottle, MPM Oramagic Plus MP00224",30
5418,OraMagic Rx Powder Compounding (F180730A),0
5419,OraMagic Plus Powder Compounding (F180906A),0
5420,"""PURGE"" 24/410 White Regular Mist Sprayer 4 3/4 Dip Tube",30
5421,"White Trigger Pump - 6.125"" tube PM012",30
5422,BOX 8 x 8 x 9 S-16703,1
5425,Amorphous Hydrogel 3oz ZRHG03,0
5426,"CS J&J Regular Hydrogel, 12.5"" Wide",105
5427,J&J Project Emerald City Small Regular Hydrogel Drsg,0
5428,100mL 38/400 NATURAL HDPE ROUND PACKER IN MARLEX 5502BN RESIN,42
5429,275mL 45/400 NATURAL HDPE ROUND PACKER IN MARLEX 5502BN RESIN,42
5430,500mL 53/400 NATURAL HDPE ROUND PACKER IN MARLEX 5502BN RESIN,42
5431,950mL 53/400 NATURAL HDPE ROUND PACKER IN MARLEX 5502BN RESIN,42
5432,Bulk Purified Water,0
5433,"CS 330 gallon Tote Bag, Customer Supplied",0
5434,"CS Foldable 330 Gallon IBC Liquid Shipper, Customer Supplied",0
5435,MPM Lidotrex Lidocaine 2% Gel 1 oz MP00930,0
5436,"1oz Tube, MPM Lidotrex Lidocaine MP000930",30
5437,"MPM Radiaplex RX Gel, 5 gallon",0
5438,WHITE 5 GAL. BUCKET S-7914,0
5439,"4 MIL Round Bottom Bucket Liners - 18 x 22"", S-20528",1
5440,MPM Regenecare HA Gel 0.5oz. MP00112,0
5441,"PURGE 0.5oz Tube, MPM Regenecare HA MP00112",60
5442,WHITE BUCKET LID S-9948,0
5443,"BOX - 24"" X 16"" X 14"" S-4656",0
5444,"EJMC 2010 Regular 24/410Mist Sprayer Dip Tube 4 3/4"" output 30mL",30
5445,20/410 White 4 oz Boston Round Bottle,30
5446,20/410 White Twist Spout,30
5447,28/410 White 8 oz Modern Round,60
5448,28/410 White 16 oz Modern Round,30
5449,Bulk Purified Water - 55 Gallon Barrels,0
5450,"55 Gallon Poly Drum - Tighthead, Natural",7
5451,Butylene glycol CAS#107-88-0,21
5452,Polyquaternium #15 CAS#- 35429-19-7,30
5453,Marlinz Pharma Tolcylen Antifungal/Renewal Solution 7.5mL,0
5454,Tolcylen Antifungal Renewal Solution Compounding,0
5455,Tolnaftate CAS# 2398-96-1,28
5456,Ethyl Acetate CAS# 141-78-6,28
5457,Isopropyl Myristate CAS# 110-27-0,28
5458,Urea CAS# 57-13-6,28
5459,USP/NF 99% Isopropyl Alcohol CAS# 67-63-0,28
5460,Jojoba Oil CAS# 61789-91-1,28
5461,Vitamin E (dl alpha tocopherol acetate USP/FCC) CAS# 7695-91-2,28
5462,Undecylenic Acid CAS# 112-38-9,28
5463,Dimethyl Isorbide CAS # 5306-85-4,28
5464,"Marlinz Tolcylen Tube, 7.5mL",30
5465,Marlinz Tolcylen Product Box,30
5466,Marlinz Tolcylen IFU,30
5467,BOX 12 X 10 X 8 S-4120,3
5468,Marlinz Pharma Tolcylen AntiFungal Skin Cream - 20gm,0
5469,"Skincential Clearista Retexturing Gel, 90mL - 3oz",0
5470,"Skincential Clearista Gel, 30mL - 1oz",0
5471,Tolcylen AntiFungal Skin Cream Compounding,0
5472,Clearista Retexturing Gel Batch,0
5473,"Boric Acid, CAS# 10043-35-3",28
5474,"Potassium Chloride, CAS# 7440-09-7",28
5475,Capryl Sultaine - customer supplied,0
5476,"Lipocol L4, CAS# 68439-50-9",28
5477,Seppic Simugel 600,28
5478,"Phenethyl Alcohol, CAS# 60-12-8",28
5479,Jojoba Esters 70,28
5480,"3oz Tube, Skincential Clearista Retexturing Gel",30
5481,"1oz Tube, Skincential Clearista Gel",30
5482,"Product Box - Skincential Clearista Retexturing Gel, 90mL",30
5483,"Product Box - Skincential Clearista Gel, 30mL",30
5484,Skincential Clearista Gel Batch,0
5485,Tea Tree Oil,28
5486,White Petrolatum CAS# 8009-03-8,28
5487,70% Sorbitol Solution CAS#50-70-4 *Notes,28
5488,Cetearyl Alcohol CAS# 67762-27-0,28
5489,Ceteareth-20 CAS# 68439-49-6,28
5490,Simethicone CAS# 8050-81-5,28
5491,Glyceryl Monostearate CAS# 31566-31-1,28
5492,Polyethylene Glycol Monostearate CAS# 9004-99-3 KOSHER,28
5493,Sorbic Acid CAS# 110-44-1,28
5494,"Marlinz Tolcylen Antifungal Cream Tube, 20gm",30
5495,Marlinz Tolcylen Antifungal Cream Product Box,30
5496,"Glucono Delta Lactone, CAS#  90-80-2",0
5497,"20% Solution Chlorhexidine Gluconate, CAS# 18472-51-0",21
5498,Natrosol 250 H Pharm (Hydroxyethylcelluslose) Cas# 9004-62-0,28
5499,"Apple Acid Toner Organic, PN 3.49588",28
5500,Vanzan NF C - Xanthan Gum CAS# 11138-66-2,28
5501,"Carrageenan, CAS# 9000-07-1",28
5502,Ceratonia Siliqua Gum  CAS# 9000-40-2,28
5503,"Calcium Chloride, Anhydrous CAS# 10043-52-4 KOSHER",28
5504,BOX 22 X 12 X 6  S-19850,1
5505,Astroglide 1.0 Gel Compounding,0
5506,"Biofilm Astroglide Gel, 4oz.,24/3, P/N: 99803101",0
5507,"""PURGE""TUBE, 4 OZ. (113G), AG GEL 1.0, FULL COLOR, SC",30
5508,"""PURGE"" ASTROGLIDE PRINTED MASTER BOX, 4 OZ. GEL, 24/3 #15020040",10
5509,"Organic CERTIFIED PLUS® Aloe Vera Gel SD+ 200x, O-CP5010XP-80",28
5510,Floratech Jojoba Beads 28/60  B1A005,28
5511,"Floratech Jojoba Floraesters 70, E4A070",28
5512,NOMCORT CG CAS# 9000-40-2,28
5513,Therabreath Plus Fresh Breath Toothpaste w/Fluoride Compounding,0
5514,PLUS PASTE 4OZ (BULK)-#40101951,0
5515,D* Dentsil DS 60 HYDRATED SILICA - CAS#112926-00-8 KOSHER,112
5516,D* Dentsil DS 230 HYDRATED SILICA - CAS#112926-00-8 KOSHER,112
5517,D* Cooling Type Flavor Natural 113.90468 KOSHER,14
5518,"D* Mint Flavor WONF OS, Natural 113.19228 CAS# 68917-18-0 KOSHER",14
5519,D* Aqualon CMC 7MXF CAS#9004-32-4  KOSHER,39
5520,D* Tetrapotassium Pyrophosphate CAS#7320-34-5 1614086,45
5521,D* Tetrasodium Pyrophosphate CAS#7722-88-5 KOSHER,90
5522,D* Aloe Barbadensis Leaf JuiceCAS#85507-69-3 KOSHER,35
5523,D* Endimal 500 (Sodium Chlorite) CAS#7758-19-2,49
5524,D* Zinc Gluconate CAS# 4468-02-4,28
5525,D* AmmoniumGlycyrrhizate Magnasweet 110-2X CAS#53956-04-0 KOSHER,14
5526,D* Ubiquinone CAS#303-98-0 (CoQ10) KOSHER,28
5527,D* Mentha Arvensis (Cornmint) Leaf Oil CAS# 68917-18-0 KOSHER,64
5528,D* Mentha Viridis (Spearmint) Leaf Oil CAS# 8008-79-5 KOSHER,42
5529,D* Limonene (Eu Fragrance Allergen) CAS# 5989-27-5,42
5530,D* Sodium Fluoride CAS#7681-49-4  KOSHER,42
5531,"D* TUBE, 4 OZ. (113G), Therabreath Toothpaste PN:1501254",35
5532,Shipper Case Divider PN: 860485,35
5533,Shipper Case PN: 860486,35
5534,"Vella Bioscience, Vella, Women's Pleasure Serum Bulk Compounding",0
5535,"Vella Bioscience, Vella - Women's Pleasure Serum 24mL",0
5536,Lipid S PC-3 LIP3,28
5537,Hemp-Derived CBD Oil  CBD,28
5538,Sodium ascorbate CAS# 134-03-2,28
5539,Sepimax Zen(Polyacrylate Crosspolymer-6)CAS# 111286-86-3 Sep-Zen,28
5540,"BOTTLE, 30mL, Vellabio Women's Pleasure Serum 1-74127-1-1-1",28
5541,"PUMP, Vellabio Women's Pleasure Serum 1-74126-1-1-1",28
5542,"PRODUCT BOX, Vellabio Women's Pleasure Serum 1-74129-1-1-1",28
5543,"INSERT, 6-cell for 7x5x3 Box",42
5544,BOX 7 X 5 X 3 32ECT C KR Plain RSC,28
5545,Therabreath Mild Mint Toothpaste NON-Fluoride Compounding,0
5546,"TB MMINT PASTE 4OZ (BULK, NOFL, 144)",0
5547,"TB MMint Paste 4oz (Bulk, NoFL, JPN)",0
5548,Sodium Sulfite CAS# 7757-83-7,28
5549,Sodium Sulfate CAS# 7757-82-6,28
5550,Eugenol  (Eu Fragrance Allergen) CAS# 97-53-0,28
5551,"PURGE""TUBE, 4 OZ. (113G), Therabreath Mild Mint NF PN:1209685",0
5552,"""Pur""TUBE,4OZ (113G),Therabreath Mild Mint NonF-JAPAN PN:1010679",0
5553,"55 Gallon, Open Top Drum with Lid, Natural S-9945NAT",1
5554,"Vella Bioscience, Vella - Women's Pleasure Serum Bulk",0
5555,Astroglide 2.0 Solution Compounding,0
5556,"Biofilm Astroglide 2.0, 5oz.,24/3, P/N: 99801001",0
5557,"CAP, 24-410, BIOFILM PURPLE, CC, LINED, FLIP TOP",30
5558,"BOTTLE, BIOFILM 5 OZ S, PETE",30
5559,"LABEL, BIOFILM, 5 OZ S, FRONT, AG / AM - PN 16020016",35
5560,"""PURGE""LABEL, BIOFILM 5 OZ S, BACK, AG 2.0, SC - PN 16020018",49
5561,"""PURGE""CARTON, BIOFILM ASTROGLIDE 2.0, 5 FL. OZ. WINDOW, SC",42
5562,"ASTROGLIDE 2.0 PRINTED MASTER BOX, 5 OZ., 24/3 #15800029",10
5563,Better for Her Personal Lubricant (Vanilla) Compounding,0
5564,Microbiomelabs Better for Her Personal Lubricant 18060476,0
5565,Therabreath Mild Mint Toothpaste w/Fluoride Compounding,0
5566,"TB MMINT PASTE 4OZ (BULK, PRINTED TUBE 40101930",0
5567,"""P""TUBE, 4 OZ. (113G), Therabreath Mild Mint Flouride PN:1491564",0
5569,"TB MMint Paste 4oz (4x3pk, CAN, Lab Pak)",0
5570,"PURGE""TUBE,4OZ(113G),Therabreath Mild Mint w/F,CANADA PN:1475924",0
5571,"""PURGE""CARTON, Therabreath Mild Mint w/F, CANADA PN:1490076",0
5572,"""Purge""SHRINK SLEEVE,Therabreath Mild Mint w/F,CANADA PN:1099195",35
5573,"""PURGE"" Shipper Case PN: 1441811",0
5574,"BC MMINT PASTE 75ML (BULK, PRINTED)",0
5575,"TUBE, 4 OZ. (113G), Breathco Mild Mint Flouride PN:1384565",35
5576,70/30% v/v Isopropyl Alcohol Barrel,0
5577,"Plastic Drum - 55 Gallon, Closed Top, Natural S-10757NAT",1
5578,Bee Propolis CAS# 9009-62-5,21
5579,Vitamin K2 CAS# 863-61-6,28
5580,L-Cysteine CAS#52-90-4,28
5581,D-Calcium Pantethonate CAS# 137-08-6,28
5582,L-Leucine CAS# 61-90-5,30
5583,L-Valine CAS# 72-18-4,28
5584,L-Glutamic acid CAS# 56-86-0,28
5586,Vanilla Extract CAS# 8024-06-4,28
5587,Acacia Gum CAS# 9000-01-5,28
5588,Ubiquinol (COQ10) CAS# 992-78-9,28
5589,"TUBE, 4 OZ. (118ML), Better for Her Personal Lubricant",28
5590,"BAG, AP2390.11 Arena ""Air-Evac"" Vertex, 3Ply Liquid Liner Bag",35
5591,Nutri-Tube 6oz Tubiegel TG-1003,0
5592,"TUBE, 6oz. Nutri-Tube Tubiegel",60
5593,"TUBE, 4mL Nutri-Tube Tubiegel",60
5594,SBS CARTON - TUBIE TUNNEL SMALL,60
5595,Nutri-Tube 4mLTubiegel TG-10034ML,0
5596,Sliquid H2O Compounding,0
5597,Sliquid Sassy Compounding,0
5598,Sliquid Sea with Carrageenan Compounding,0
5599,Sliquid Sizzle Compounding,0
5600,SLIQUID H2O 12/4.2oz CASE,0
5601,SLIQUID H2O (BILINGUAL) 12/4.2oz CASE,0
5602,SLIQUID H2O (MULTILINGUAL) 12/4.2oz CASE,0
5603,SLIQUID H2O 6/8.5oz CASE,0
5604,SLIQUID H2O (BILINGUAL) 6/8.5oz CASE,0
5605,SLIQUID H2O 16/2oz CASE,0
5606,SLIQUID SASSY 12/4.2oz CASE,0
5607,SLIQUID SASSY (BILINGUAL) 12/4.2oz CASE,0
5608,SLIQUID SASSY (MULTILINGUAL) 12/4.2oz CASE,0
5609,SLIQUID SASSY 6/8.5oz CASE,0
5610,SLIQUID SASSY 16/2oz CASE,0
5611,SLIQUID SEA with CARRAGEENAN 12/4.2oz CASE,0
5612,SLIQUID SEA with CARRAGEENAN (BILINGUAL) 12/4.2oz CASE,0
5613,SLIQUID SEA with CARRAGEENAN (MULTILINGUAL) 12/4.2oz CASE,0
5614,SLIQUID SEA with CARRAGEENAN 6/8.5oz CASE,0
5615,SLIQUID SEA with CARRAGEENAN 16/2oz CASE,0
5616,SLIQUID SIZZLE 12/4.2oz CASE,0
5617,SLIQUID SIZZLE (MULTILINGUAL) 12/4.2oz CASE,0
5618,SLIQUID SIZZLE 16/2oz CASE,0
5619,Sliquid Swirl (Cherry Vanilla) Compounding,0
5620,SLIQUID SWIRL (CHERRY VANILLA) 12/4.2oz CASE,0
5621,Guar Hydroxypropyltrimonium Chloride CAS# 65497-29-2,28
5622,"Bottle, Clear 4.2oz - Sliquid",28
5623,"Bottle, Clear 8.5oz - Sliquid",28
5624,"Bottle, Clear 2.0oz - Sliquid",28
5625,"24/410 Cap, Clear - Sliquid",28
5626,"LABEL, SLIQUID H2O 12/4.2oz CASE",28
5627,"LABEL, SLIQUID H2O (BILINGUAL) 12/4.2oz CASE",28
5628,"LABEL, SLIQUID H2O (MULTILINGUAL) 12/4.2oz CASE",28
5629,"LABEL, SLIQUID H2O 6/8.5oz CASE",28
5630,"LABEL, SLIQUID H2O (BILINGUAL) 6/8.5oz CASE",28
5631,"LABEL, SLIQUID H2O 16/2oz CASE",28
5632,"BOX, 4.2oz CASE",28
5633,"BOX, 8.5oz CASE",28
5634,"BOX, Cosmo 2.0oz CASE",28
5635,"20/410 Cap, Clear - Sliquid",28
5636,THERBR THPST MILD MINT 4/3PKX4OZ #20102016,0
5637,"""Purge""TUBE, 4 OZ., Therabreath Mild Mint Flouride PN:1511295",35
5638,"""PURGED""CARTON, Therabreath Mild Mint w/F, USA PN:1507829",0
5639,"D* Sorbitol Crystalline Powder NF, CAS# 50-70-4 KOSHER",49
5640,Mackam 2C-75 (Disodium Cocoamphodiacetate) CAS# 68650-39-5,0
5641,D* Germall II (Diazolidinyl Urea ) CAS# 78491-02-8,28
5642,Plantaren 1200 N UP (Lauryl Glucoside),0
5643,D* Methylparaben CAS# 99-76-3,28
5644,Polysorbate 80 CAS# 9005-65-6,0
5645,Lactic Acid Racemic 88% USP CAS# 50-21-5,28
5646,D* EDTA Edetate Disodium Dihydrate CAS# 6381-92-6,35
5647,"""PURGE"" Triethanolamine (TEA 99%) CAS# 102-71-6",35
5648,Wound Wash Compounding (F190415B),0
5649,"""PURGE""SBS - MEDLINE SURESITE 4 X 4.75 MSC2304CS",60
5650,SBS - MEDLINE SURESITE 4 X 4.75 MSC2304,60
5651,"CS 14.25"" DERMAMED DM-4308 PATTERN COATED INSPIRE PU FILM",0
5652,"""PURGE"" PPG-30 PRT 16.625 IN MEDLINE SURESITE MSC2304CS",49
5653,PRTD TYVEK 12.626 IN MPM BRD FM DRSG 4X4 MP00500CN,42
5654,"MPM Normlshield Skin Protectant 4 oz, MP00022",0
5655,MPM Anti-Fungal Cream 4 oz. MP00023,0
5656,MPM Excel Gel Hydrogel Dressing 3 oz. MP00006,0
5657,MPM Excel Gel Hydrogel Dressing 1 oz. MP00026,0
5658,MPM Wound & Skin Cleanser 16 fl.oz. MP00030,0
5659,MPM Wound & Skin Cleanser 8 fl.oz. MP00031,0
5660,MPM Antiseptic Wound & Skin Cleanser 8 fl.oz. MP00032,0
5661,"MPM Regenecare Wound Gel 3 oz, MP00100",0
5662,"MPM Regenecare Wound Gel 0.5 oz, MP00101",0
5663,"MPM Regenecare Wound Gel 4mL, MP00110",0
5664,MPM RadiaPlex Gel 6oz. OTC  MP00306,0
5665,MPM RadiaPlex Rx Gel 0.5oz. MP00105,0
5666,MPM RadiaPlex Rx Gel 6oz. MP00106,0
5667,MPM RadiaPlex Rx Gel 4mL MP00109,0
5668,MPM Regenecare HA Gel 3oz. MP00107,0
5669,MPM Regenecare HA Gel 4mL MP00108,0
5670,MPM Regenecare HA Spray 4 fl.oz. MP00117,0
5671,MPM OraMagic Rx 12oz MP00213,0
5672,MPM OraMagic Rx 2oz MP00222,0
5673,MPM OraMagic Plus 2oz MP00223,0
5674,MPM OraMagic Plus 8oz MP00224,0
5675,MPM Foam Dressing Bordered 4x4 Overall 2x2 Pad MP00500,84
5676,3M 9777L 6.875 IN FOAM,30
5677,Lipowax D (Cetearyl Alcohol/Ceteareth-20) CAS# 3234-85-3,28
5678,D* AC Marine ProCollagen CAS # 156715-50-3,28
5679,D* Aloe Vera Whole Leaf Gel 1X (WLG001) CAS# 8001-97-6,28
5680,**INACTIVE**VENTRIS CONNEXT CNX-015 PiggyBack Labels (SUB),0
5681,**INACTIVE**VENTRIS CONNEXT CNX-030 PiggyBack Labels (SUB),0
5682,CENT TUBE 50ML FREESTAND PP NATURAL #220-3550-080,28
5683,SCREW CAP 50ML CENT TUBE HDPE GREEN #300-3541-G20,28
5684,"3M 9907T 4.25""",35
5685,"3M 9907T 3.0""",35
5686,D* Citric Acid CAS# 77-92-9,28
5687,D* Benzethonium Chloride CAS# 121-54-0,35
5688,Allantoin CAS# 97-59-6,28
5689,D* Aloe Vera 200:1 Powder CAS# 85507-69-3,10
5690,Benzocaine CAS# 94-09-7,28
5691,D* Carbomer 940 CAS# 9003-01-4,14
5692,D* Pemulen™ TR-1 NF Polymeric Emulsifier (Acrylate Crosspolymer),28
5693,Ultrez-10 powder (Carbopol) CAS# 195739-91-4,28
5694,D* LIPONATE® GC (Caprylic/Capric Triglycerides) CAS# 73398-61-5,28
5695,D* LIPOCOL® C - NATURAL (Cetyl Alcohol) CAS# 36653-82-4,28
5696,D* Lipowax P (Cetearyl Alcohol/polysorbate 60) CAS# 3234-85-3,28
5697,D* Clotrimazole CAS# 23593-75-1,28
5698,D* LIPO® EGMS (Ethylene glycol monostearate) CAS# 111-60-4,28
5699,D* Germall 115 (Imidazolidinyl Urea) CAS# 39236-46-9,28
5700,Germall Plus (Diazolidinyl Urea and Iodopropynyl Butylcarbamate),28
5701,D* Abil 350 (Dimethicone) CAS# 63148-62-9,35
5702,D* DMDM Hydantoin CAS# 6440-58-0,35
5703,D* Glycerin 99.7% CAS# 56-81-5  KOSHER,28
5704,D* Natrosol 250HHR-CS (Hydroxyethylcelluslose) Cas# 9004-62-0,28
5705,Idopropynyl Butylcarbamate CAS# 55406-53-6,10
5706,"PURGE"" Liponate IPP (Isopropyl Palmitate) CAS# 142-91-6",28
5707,D* Lidocaine Hydrochloride CAS# 6108-05-0,28
5708,Maltodextrin CAS# 9050-36-6,7
5709,Olea Europaea (olive oil) CAS# 8001-25-0,35
5710,Panthenol DL CAS# 16485-10-2,35
5711,D* Polaxamer 407 CAS# 9003-11-6,70
5712,D* PEG-40 (Hydrogenated Castor Oil) CAS# 61788-85-0,28
5713,Polysorbate 20 CAS# 9005-64-5,25
5714,Potassium Benzoate CAS# 582-25-2 16140347,35
5715,Potassium Sorbate CAS# 24634-61-5,12
5716,D* Propylene Glycol CAS# 57-55-6,42
5717,D* Propylparaben CAS# 94-13-3,28
5718,2 oz. 24/410HDPE NATURAL PACKER,42
5719,D* Aerosil 200 (Silica) CAS# 7631-86-9,35
5720,Sodium Alginate CAS# 9005-38-3,28
5721,"""PURGE"" Sodium Hyaluronate (1%sol.) CAS# 9067-32-7",28
5722,D* Sodium Hydroxide CAS# 1310-73-2,10
5723,D* LIPO® (Stearic Acid) CAS# 57-11-4,28
5724,D* LIPOCOL® S Natural (Stearyl Alcohol) CAS# 112-92-5,28
5725,Tetrasodium EDTA CAS# 10378-23-1,28
5726,D* Vitamin A (retinyl palmitate) CAS# 79-81-2,28
5727,"POUCH LABEL 3.5"" X 8.5"" ACM SURGICAL 5 GRAM VIAL MP00355",21
5728,"PRINTED SBS CARTON ACM MP00355 4.25"" X 2.0"" X 9.25"" .022 PT",60
5729,D* Vitamin E (dl alpha tocopherol acetate USP/FCC) CAS# 58-95-7,35
5730,D* ERVOL® (White Mineral Oil) CAS# 8042-47-5,28
5731,Xanthan Gum CAS# 11138-66-2,28
5732,D* Xylitol CAS# 87-99-0   KOSHER,42
5733,PURGE Lemon Lime Flavor WONF (FS3786),35
5734,"16oz Bottle, MPM Wound Cleanser MP00030",30
5735,"8oz Bottle, MPM Wound Cleanser MP00031",30
5736,"White Trigger Pump - 6.875"" tube PM010",60
5737,"8oz Bottle, Reliamed Wound Cleanser ZRWC8",60
5738,"12oz Bottle, Reliamed Wound Cleanser ZRWC12",60
5739,"16oz Bottle, Reliamed Wound Cleanser ZRWC16",60
5740,SCREW CAP 50ML CENT TUBE HDPE RED #300-3541-R20,28
5741,"UNPRINTED SBS CARTON 5.0"" X 4.0"" X 9.0"" .022 PT",28
5742,"White Trigger Pump - 5.3125"" tube PM011",30
5743,Reliamed Wound Cleanser 8 oz Spray Bottle ZRWC8,0
5744,Reliamed Wound Cleanser 12 oz Spray Bottle ZRWC12,0
5745,Reliamed Wound Cleanser 16 oz Spray Bottle ZRWC16,0
5746,"CAST GLOSS RP51 40# WHITE KRAFT 2.5""  PL334D",21
5747,"Rogers DermaBak F120 16 MIL  5.0""",42
5748,"PURGE MPM MP00209 COOL MAGIC WHITE FOIL/FOIL 8.0"" X 10.5"" POUCH",42
5749,"PURGE MPM MP00209 COOL MAGIC SBS CARTON 8.5"" X 2.0"" X 11.0""",60
5750,"5.25"" M876-020 20 Mil LOW ADH GEL MESH HIGH w 5 Mil POLY LNR",28
5751,"3.25"" M876-020 20 Mil LOW ADH GEL MESH HIGH w 5 Mil POLY LNR",28
5752,"9.0"" M876-020 20 Mil LOW ADH GEL MESH HIGH w 5 Mil POLY LNR",28
5753,SBS BOX MEDLINE SURESITE 2X3 MSC2302G,60
5754,SBS BOX MEDLINE SURESITE 4X5 MSC2304G,60
5755,AMCOR PPG-30 PRT 2.375X2.75 SURESITE 17.625 IN MSC2302G,49
5756,AMCOR PPG-30 PRT 4.0X4.75 SURESITE 16.625 IN MSC2304G,49
5757,AMCOR PPG-30 PCKG MPM PRTD MP00704B PAPER 16.875 IN,42
5758,AMCOR PPG-30 PCKG MPM PRTD MP00706B PAPER 15.125 IN,42
5759,"SBS BOX, MPM MP00704B 7.09” x 7.52”",60
5760,"""PURGE""SBS BOX, MPM MP00706B 13.19” x 11.02”",60
5761,"""PURGE"" ACM SURGICAL 2""X2"" COLLAGEN PAD LABEL 3""X4""",21
5762,"""PURGE"" SBS .016"" CARTON UNPRINTED 3.625"" X .5000"" X 4.625""",60
5763,"18"" x 14"" x 14"" Box S-4191",1
5764,SUP12500 - SUPOR-1200 1.2u 10.0 IN,42
5765,"UNPRINTED CHEVRON POUCH 10.0"" X 17.0"" 1059B TYVEK/PET",42
5766,"14"" x 12"" x 14"" Box S-20488",1
5767,Antiseptic Wound & Skin Cleanser Compounding (F190531A),0
5768,Regenecare HA Spray Compounding (F190201A),0
5769,"""PURGE""MPM MP00312 POUCH 12"" COLLAGEN ROPE 4""X7"" TYVEK/POLY CHEV",42
5770,MPM TRIPLE HELIX COLLAGEN ROPE- PRINTED IFU,21
5771,AMCOR PPG-30 PRT 2.375X2.75 SURESITE 17.5 IN MSC2302,84
5772,AMCOR PPG-30 PRT 4.0X4.75 SURESITE 15.5 IN MSC2304,49
5773,"BOX 20""x16""x14"" S-4200",1
5774,CASE LABEL MILLIKEN ULTRA BORDERED 3X3 DRSG,21
5775,CASE LABEL MILLIKEN ULTRA BORDERED 4X4 DRSG,21
5776,CASE LABEL MILLIKEN ULTRA BORDERED 6X6 DRSG,21
5777,CASE LABEL MILLIKEN ULTRA BORDERED 4X10 DRSG,21
5778,"""PURGE""ACM 4X5 COLLAGEN PAD POUCH LABEL 4.0"" X 6.0""",21
5779,"MPM TRIPLE HELIX COLLAGEN ROPE- POUCH LABEL 3.5"" X 6.375""",21
5780,MPM WOUNDGARD 2X2 MP00091C STERILE BORDERED GAUZE 30/BX;4 BX/CS,120
5781,"UNPRINTED CHEVRON POUCH 4.5"" X 5.5"" 1059B TYVEK/PET",42
5782,MPM WOUNDGARD 6X6 MP00096C STERILE BORDERED GAUZE 30/BX;4 BX/CS,120
5783,MPM MULTI LAYER 6X6 MP00070 STERILE WOUND DRSG 30/BX;4 BX/CS,90
5784,"15485 Fasson 60# Semi-Gloss Elite S2501/40#SCK 3.5""x5,000'",28
5785,"UNPRINTED CHEVRON POUCH 9.0"" X 13.0"" 1059B TYVEK/PET",42
5786,"BOX 8"" X 8"" X 7"" #S-4975",14
5787,"BOX 13"" X 9"" X 6"" #S-4817",1
5788,"BOX 6"" X 6"" X 5"" #S-4513",1
5789,"GUSSETED POLY BAGS 5"" X 2"" X 12"" #S-16565",1
5790,"BOX 14"" X 11"" X 11"" #S-16736",1
5791,"""PURGE""ACM 3X3 COLLAGEN PAD POUCH LABEL 4.0"" X 4.875""",21
5792,"""PURGE"" ACM 7X7 COLLAGEN PAD POUCH LABEL 7.0"" X 11.0""",21
5793,"""PURGEACM 4X5 COLLAGEN PAD SBS .016"" CARTON 6.25"" X 1.0"" X 8.25""",60
5794,"""PURGE""ACM 7X7 COLLAGEN PAD SBS .016"" CARTON 9.5"" X 1.0"" X 13.5""",60
5795,"""PURGE""ACM 3X3 COLLAGEN PAD SBS .016"" CTN 4.625"" X 0.5"" X 5.625""",60
5796,SBS BOX MEDLINE SURESITE 2X3 MSC2302,90
5797,SBS BOX MEDLINE SURESITE 4X5 MSC2304,60
5798,SBS - MEDLINE SURESITE 4 X 4.75 MSC2304CS,60
5799,"""PURGE"" MPM Triple Helix Collagen 7x7 SBS 9.25x1.5x13.25 MP00377",60
5800,"""PURGE""MPM Triple Helix Collagen 7x7 PRTD Pouch MP00377",49
5801,MPM WOUNDGARD 4X4 MP00092C STERILE BORDERED GAUZE 30/BX;4 BX/CS,120
5802,MPM MULTI LAYER 7X8 MP00170 STERILE NONBORDER DRSG 30/BX;4 BX/CS,90
5803,MPM WOUNDGARD 5X5 MP00094C STERILE BORDERED GAUZE 30/BX;4 BX/CS,80
5804,"BOX 15.75"" X 15.375"" X 8.5""",7
5805,"BOX 19.25"" X 15.375"" X 10.5""",7
5806,"BOX 15.75"" X 14.5"" X 10.375""",7
5807,"""PURGE"" ALUMI-HAND XL 761 .040"" SBS CARTON 13.75""X3.0"" X 13.5""",60
5808,"""PURGE""ALUMI-HAND LARGE 760 .040"" SBS CARTON 13.75""X3.0"" X 13.5""",60
5809,Regenecare HA Gel Compounding (F190218A),0
5810,Regenecare Wound Gel Compounding (F190219A),0
5811,"GT-048 EO INDICATOR TAPE 3/4"" X 60 LY",7
5812,PPG-30 PRT 15.5 IN MEDLINE SURESITE MSC2304CS,90
5813,PRTD IFU MILLIKEN ULTRA BORDERED DRSG,45
5814,Excel Gel Hydrogel Compounding (F190219B),0
5815,"1012 HYDROPHILIC PU FOAM 3mm 18.11""(460mm) FPM 3139.460",90
5816,"1012 HYDROPHILIC PU FOAM w/PU FILM 5mm 18.89""(480mm)FPM 3138.480",90
5817,MPM TRIPLE HELIX COLLAGEN PAD- PRINTED IFU,21
5818,"""PURGE"" MPM 2x2 MP00310 TYVEK/POLY CHEVRON POUCH 3.5"" X 4.476""",42
5819,Anti-Fungal Cream Compounding (F180921A),0
5820,Normlshield Moisture Barrier Compounding (F190118A),0
5821,Radiaplex RX Gel Compounding (F190220A),0
5822,"""PURGE"" 8oz Bottle, Antiseptic Wound & Skin Cleanser MP00032",60
5823,SBS BOX IMPLUS SILICONE GEL SNGL PKG 3083326,60
5824,SBS BOX IMPLUS SILICONE GEL 10 PKG 3083327,60
5825,SBS BOX IMPLUS SILICONE GEL SNGL PKG 3083328,60
5826,"""PURGE"" ACM 2X2 COLLAGEN PAD SBS .016""  3.625"" X .5000"" X 4.625""",60
5827,"PURGE""IMPLUS SPORTS BLISTER PAD CRTN 3.740""x1.00""x5.00""#47-42400",60
5828,Box 7 X 5 X 4  S-4063,1
5829,3 X 3  2mil Ziplock Bag  S-1692,1
5830,"""PURGE"" Triple Helix 2x2 Collagen Drsg Carton 3.625""x1.5""x4.625",60
5831,"""PURGE""Triple Helix Collagen Powder Carton 3.625""x.625""x4.625""",60
5832,MPM Excel Non-Bordered Foam Drsg 4x5 Carton MP00521CN,60
5833,MPM Foam Circular Fen Drsg Carton MP00501,60
5834,MPM Non-Bordered Foam Drsg 6x6 Carton MP00512,60
5835,MPM REPEL 4X4 MP00082 STERILE COMPOSITE DRESSING 30/BX;4 BX/CS,80
5836,MPM REPEL 6X6 MP00084 STERILE COMPOSITE DRESSING 30/BX;4 BX/CS,80
5837,MPM REPEL 6X8 MP00086 STERILE COMPOSITE DRESSING 30/BX;4 BX/CS,80
5838,BOX 7 x 7 x 8 #S-4514,1
5839,"AMPARO MEDIUM TACK CONFORMITY HYDROCOLLOID #100004 7.00""",42
5840,MPM NON-BORDERED FOAM DRESSING 6X6 MP00512,0
5841,MPM EXCEL NON-BORDERED FOAM DRESSING 4X5 MP00521CN,0
5842,"MPM FOAM CIRCULAR FENESTRATED DRESSING 4"" DIAMETER MP00501",0
5843,"MEDLINE 6.14"" X 4.17"" HYDROCOLLOID C STEP DRSG",0
5844,"BOX 18"" X 12"" X 16"" S-4897",1
5845,"ThermoFisher Tubing Set 1, B117486-I",1
5846,"BOX 17"" X 17"" X 10""  S-11376",1
5847,"ThermoFisher Tubing Set 2, B117487-I",1
5848,"BOX 16"" X 14"" X 10""  S-4392",1
5849,"CS 2.0"" AMES GOLDSMITH SILVER LAM PAD",21
5850,"CS 8.0"" AMES GOLDSMITH SILVER LAM PAD 562704",21
5851,"CS 4.0"" AMES GOLDSMITH SILVER LAM PAD 562704",21
5852,"CS 1.0"" AMES GOLDSMITH SILVER LAM PAD 562704",21
5853,"BOX 9"" X 7"" X 7"" S-4485",1
5854,"Sawabond 4157-30 g/m2  90mm (3.543"")",91
5855,BOX 11 X 8 X 8 #S-14268,1
5856,"PM047 4.125""x.625""x 6.125"" UNPRINTED SBS CARTON .018",60
5857,MPM MULTI LAYER 8X10 MP00171 STERILE NONBRDRD DRSG 30/BX;4 BX/CS,90
5858,MPM MULTI LAYER 4X4 MP00072 STERILE WOUND DRSG 30/BX;4 BX/CS,90
5859,"MPM MP00990 DRY VEIL CONTACT LAYER 36""X36"" (48ea/CS)",90
5860,"4"" X 4"" MILLIKEN AGILE FIBRIL DRESSING",0
5861,"4"" X 10"" OVIK HEALTH AGILE FIBRIL DRESSING",0
5862,"""PurgPRINTED SBS CARTON MPM MP00315 4.25"" X 2.0"" X 9.25"" .022 PT",60
5863,MPM WOUNDGARD 6X8 MP00099C STERILE BORDERED GAUZE 30/BX;4 BX/CS,120
5864,"""PURGE"" SBS MPM COLLAGEN ROPE MP00312 4.25"" X 2.0"" X 7.25"" .018""",60
5865,"""PURGE"" 8 MIL Round Bottom Drum Liners - 37 x 56"", S-5852",1
5866,CS FMP-413 7 IN 4.0 MIL HDPE/HDPE-LLDPE/PEELABLE,105
5867,PRTD IFU MILLIKEN ULTRA SILVER 4X5 DRSG,21
5868,"MPM MP00991 CONFORM NET 24""X36"" (48ea/CS)",90
5869,"MPM MP00992 CONFORM NET 12""X24"" (48ea/CS)",90
5870,"3""x3"" GAUZE PAD IN POUCH - 2 PER/POUCH, 500 POUCH/CS",90
5871,ALCOHOL PREP PAD 6x6cm -12x15cm WIPES FOLDED,90
5872,"""PURGEMP00600 Excel 2x2 Hydrocolloid sbs carton 4.25”x1.0”x6.25”",60
5873,"""PURGE""MP00602 Excel 4x4.25 Hydrocolloid sbs  6.25”x1.0”x8.25”",60
5874,"""PURGE""PRTD 4 X 6 POUCH MPM 2 X 2 HYDROCOLLOID MP00600",48
5875,"""PURGE""PRTD 6 X 8 POUCH MPM 4 X 4 HYDROCOLLOID MP00602",48
5876,BOX 9 X 7 X 6 #S-4976,1
5877,AMCOR PPG-30 PCKG MPM PRTD MP00508 PAPER 12.625 IN,42
5878,MPM Excel Foam Non-Bordered 3X3 Fen Pad MP00508 6.5X3X7.75 SBS,60
5879,BOX  11-1/4 x 8-3/4 x 8    S-12591,1
5880,PPG-30  PRTD 14.125 IN MPM 4X4 NON BRD FM MP00511,42
5881,MP00511 7.375x3x8.25 4x4 NON BRD FM  SBS Carton,60
5882,MPM SPOT DRSG MP00499 PRTD PAPER 7.25 IN (SUB),7
5883,"""PURGE""MPM SPOT DRSG MP00499 3.75x2x6 SBS Carton",60
5884,PRTD PPG-30 9.0 IN MPM 2X2 MP00510,49
5885,MPM 2x2 Pad FM DRS NB 4.75x2.25x5.75 SBS Carton MP00510,60
5886,"MEDLINE OPTIFOAM THIN 0.75"" x 3""",0
5887,"MEDLINE OPTIFOAM THIN 2"" X 2""",0
5888,"MEDLINE OPTIFOAM THIN 2"" X 3""",0
5889,"MEDLINE OPTIFOAM THIN 4"" X 4""",0
5890,MEDLINE OPTIFOAM THIN FINGER,0
5891,MEDLINE OPTIFOAM THIN KNUCKLE,0
5892,"MEDLINE OPTIFOAM THIN 4"" X 8""",0
5893,"SBS BOX, MPM MP00706B 13.19” x 11.02”",60
5894,AMCOR PPG-30 15.125 IN PRTD MPM 6X6 NO TRAUM MP00452,48
5895,"""PURGE""PHARMCHEM PRINTED PPG-30 PPR 14.125 IN",42
5896,LINER 15.875 IN BLUE 3 MIL LDPE COF .2-.35 UNTREATED,42
5897,BOX 20 X 14 X 8 #S-4732,1
5898,MP00452 6x6 NO TRAUM FOAM DRG 7.875x2.5x9.25 SBS CARTON,60
5899,"""PURGE"" PHARMCHEM 2x3  50 COUNT SBS CARTON",60
5900,PHARMCHEM PRINTED PPG-30 2x3 50 Count,42
5901,"""PURGE""PHARMCHEM 2x3  10 COUNT SBS CARTON",60
5902,PHARMCHEM PRINTED PPG-30 2x3 10 Count,42
5903,PHARMCHEM 4x5 OVERLAY 25 COUNT SBS CARTON,60
5904,"PHARMCHEM PRINTED PPG-30 16.625""  4x5 OVERLAY 25 Count",42
5905,"BOX 17"" X 14"" X 9""  S-4791",1
5906,"BOX 18"" X 16"" X 12"" S-4728",0
5907,"BOX 12"" X 10"" X 7"" S-4885",1
5908,14 X 6 X 6 Box  S-4138,1
5909,8 X 5 X 5 Box  S-4308,1
5910,ISI DURAHAND EXTRA LARGE,0
5911,"BOX 14""X12""X9"" S-22187",1
5912,ISI DURAHAND LARGE - DH-102,0
5913,"BOX 11""X9""X9"" S-11371",1
5914,"""PURGE""AMCOR PPG-30 11.25 IN PRTD MPM 8X10 EXCEL FOAM MP00528",48
5915,"""PURGE""MPM 8X10 EXCEL FOAM MP00528 11.5""x2.75""x15.25"" SBS CARTON",60
5916,"CORN STARCH B812 NF, CAS# 9005-25-8",0
5917,"MICONAZOLE NITRATE POWDER, CAS# 22832-87-7",0
5918,"D* Sodium Benzoate,  CAS# 532-32-1  KOSHER",35
5919,"DIPOTASSIUM GLYCYRRHIZATE POWDER, CAS# 68797-35-3",0
5920,DERMAL RX HYDROSEAL CLD,0
5921,DERMAL RX KBGA,0
5922,DERMAL RX SP,0
5923,VANILLA SE-197,0
5924,"CAST GLOSS RP51 40# WHITE KRAFT 3.0""  PL334D",21
5925,POUCHING PET 15.5 IN,35
5926,CASE BOX - 8-3/8 X 5-5/8 X 9-3/8 (for16oz.) PM033,10
5927,CASE BOX - 7-3/8 X 7-3/8 X 8-1/8 (for 8 oz.) PM034,10
5928,CASE BOX - 6-1/8 X 4-5/8 X 6-1/8 (for 3oz. & 4oz.) PM037,14
5929,CASE BOX - 8-1/4 X 6-1/4 X 6-3/8 PM040,10
5930,CASE BOX - 9 X 7 X 7-1/4 (for 12 oz.) PM041,10
5931,CASE BOX - 8-5/8 X 5-3/4 X 5-1/8 (for 2 oz.) PM042,10
5932,Aerosil 200,0
5933,"CS FREUDENBERG M1402 NON -WOVEN 11.8""",0
5934,SUPOR-450RC 0.45um 2.0 IN,48
5935,"BOX - 16"" X 16"" X 9"" S-4537",1
5936,"""PURGE"" PHARMCHEM IFU",60
5937,"""PURGE"" SKIN ON SKIN LABEL (48) 3.0"" HYDROGEL CIRCLES",21
5938,"""PURGE"" SKIN ON SKIN LABEL (200) 1.0"" HYDROGEL SQUARES",21
5939,MPM COM10 CoMatryx Surgical Collagen 2.5 mL,0
5940,"""P""CoMatryx Surgical 2.5mL .018"" SBS CARTON 4.25"" X 1.0"" X 9.25""",60
5941,"""P""COMATRYX SURGICAL 2.5mL COLLAGEN POUCH TYVEK/POLY 4.0"" X 9.0""",42
5942,"COM10 OVER-LABEL .375"" X 1.0"" - 2.5mL - OPAQUE",21
5943,"COM10 OVER-LABEL 1.25"" X 1.75"" - BARCODE & REORDER # - OPAQUE",21
5944,"""PURGE"" MPM SPOT DRSG MP00499 3.625""x3.3125""x6.875"" SBS Carton",60
5945,BELLOW BOTTLE 60mL HDPE - CONNEXT,60
5946,SPOUT HDPE - CONNEXT,60
5947,PINK CAP & TRANSPARENT SPOUT HDPE - CONNEXT,60
5948,"""PURGE""  1oz Tube, MPM Hydrogel Dressing MP00026",30
5949,"""PURGE"" 4mL Tube, MPM Regenecare MP00110",30
5950,Rubber Bands #62,5
5951,GEMBIO MOXI Z CASSETTE TYPE S MXC002,0
5952,GEMBIO MOXI Z CASSETTE TYPE M MXC001,0
5953,GEMBIO MOXI FLOW CASSETTE TYPE MF-S MXC020,0
5954,GEMBIO MOXI FLOW CASSETTE TYPE MF-M MXC021,0
5955,GEMBIO MOXI GO CASSETTE TYPE S+ MXC030,0
5956,Stainless Steel Trocar----Female Disposable Kits (20-pack),90
5957,Stainless Steel Trocar----Female Disposable Kits (4-pack),90
5958,Stainless Steel Trocar----Male Disposable kits (20-Pack),90
5959,Stainless Steel Trocar----Male Disposable kits (4-Pack),90
5960,"ARcare MH92660 3.25"" White PSA 0.010"" thk",112
5961,"S737 Film Carrier Tape 3.0"" / 2.0 mils Thk",60
5962,"FRA-351 Liner 2.75"" 23µm Clear PET S1S Very Easy Release",28
5963,"Mesh Saati PA 30/25 2.8""",49
5964,"S737AS Film Carrier Tape 2.8"" / 2.0 mils Thk",60
5965,"""PURGE""FRA-Q300 Liner 3.375"" 2 Mil Clear PET S1S Medium Release",28
5966,".005 Thk PET, Melinex 561 3.5""",14
5967,"S3011 Watercolor Washout Tape 2.5""",60
5968,"5.5 Mil Topas COC Grade 8007 F04 2.95""",60
5969,"FRA-351 Liner 3.4"" 23µm Clear PET S1S Very Easy Release",0
5970,GEMBIO TOP FILM LAMINATE CASSETTE MOXI Z11180-001 REV,0
5971,GEMBIO BOTTOM FILM LAMINATE CASSETTE MOXI Z11181-001 REV A,0
5972,GEMBIO TOP FILM LAMINATE CASSETTE MOXI FLOW11182-001 REV,0
5973,GEMBIO BOTTOM FILM LAMINATE CASSETTE MOXI FLOW11183-001 REV,0
5974,".020 SBS CARTON FOLDED & PACKED W/FOAM 4.00"" x 4.00"" x 1.60""",60
5975,"MEDLINE SUREFILM 2"" X 11 YARDS MSC2402",0
5976,"""PURGE""3M Steri-Strip Comp Benzoin Tincture C1544  Ctn/40 bags",14
5977,S32450 Swabstick Prep Preinjection Preop site 1.75X6.5 500/cs,28
5978,"""PURGE"" MPM TRIPLE HELIX COLLAGEN - PRINTED IFU R1219",21
5979,"MEDLINE SUREFILM 4"" X 11 YARDS MSC2404",0
5980,"""PURGE"" RITE AID BLISTER RAO353818V1 SBS CARTON",60
5981,BOX 4 X 4 X 4 S-22101,1
5982,"MOLESKIN 2.0"" w/PSA SALICYLIC ACID 40% w/BARRIER COATING",60
5983,"3M 9833 10.0"" FILM/CARRIER",60
5984,"3M 9833 13.0"" FILM/CARRIER",60
5985,"EASY RELEASE 78#C1S-0 LNR 10.0"" RELEASE 0-9 g/in",28
5986,"FREUDENBERG 122P0494 PPG-30 14"" POUCHING",49
5987,"IMPLUS SPORTS BLISTER PAD CARTON 3.5""x1.00""x5.25"" #47-42400",60
5988,PURGE - IMPLUS  INSERT 07SS STERILE IFU R017,21
5989,GEMBIO MOXI CASSETTES CLAMSHELL,42
5990,GEMBIO SENSOR CARD MOXI Z TYPE S 10935-001,0
5991,GEMBIO SENSOR CARD MOXI Z TYPE M 10244-001,0
5992,GEMBIO SENSOR CARD MOXI FLOW TYPE MF-S 10136-505,0
5993,GEMBIO SENSOR CARD MOXI FLOW TYPE MF-M 10136-605,0
5994,GEMBIO SENSOR CARD MOXI GO TYPE S+ 10799-101,0
5995,GEMBIO CLAMSHELL LABEL,21
5996,"2.5 mm THK HYDROCOLLOID 2.75""",60
5997,"#240-3005-060 TRANSPORT VIAL 5 mL PP W/NAT SCREW CAP1,000/CS",10
5998,TIGHT REL 53# LNR 8.5 IN PRNTD MEDLINE SUREFILM,0
5999,"""Purge""MEDLINE SUREFILM .018 SBS CARTON 2"" X 11yd MSC2402",60
6000,"3M 9833 9.0""",60
6001,"B5007 Fasson 60# Semi-Gloss Elite S2501/40#SCK 6"" x 5,000'",10
6002,MPM CATHETER ANCHOR 3.5 X 4  OST0001,0
6003,MPM CATHETER PACKAGING PRTD SUB,0
6004,"600-28 THIN PU FOAM MATRIX 3.75"" (SLIT SUB)",0
6005,"DOUBLE SIDED TAPE - 1.5""",0
6006,MEDLINE NON250501 MEDI-STRIPS 1X5 PRTD TYVEK 3.625 IN (SUB),15
6007,ARGENTUM SILVERLON DRESSING 4.5X12  ID-512,15
6008,"MEDLINE CURAD MEDISTRIP 1/4 X 1.5 IN, STERILE NON250114",14
6009,MEDLINE CURAD MEDISTRIP 1/8 X 3 IN STERILE NON250318,14
6010,MEDLINE CURAD MEDISTRIP 1/2 X 4 IN STERILE NON250412,14
6011,MEDLINE CURAD MEDISTRIP 1/4 X 4 IN STERILE NON250414,14
6012,MEDLINE CURAD MEDISTRIP 1/4 X 3 IN STERILE NON250314,14
6013,MEDLINE CURAD MEDI STRIP 1 X 5 NON250501,14
6014,Die Cut Piggy Back Label (SUB),0
6015,BAYER HANDISTRIP AND DISPOSABLE COMBO 85258346 JAPAN REV.1,0
6016,BAYER PRTD PPG-30  ROW DN-229962 REV.C,0
6017,BAYER PRTD PPG-30 JAPAN DN-243353,0
6018,Ropivacaine CAS# 84057-95-4,0
6019,"BAYER ROW PKG, PRTD PPG-30 (SUB)",0
6020,BAYER JAPAN PKG. PRTD PPG-30 (SUB),0
6021,HARMAC 1.2 FILTER MEMBRANE  P2835019,0
6022,"ACM SURGICAL 4""X5"" COLLAGEN DRSG MP00334",0
6023,"ACM SURGICAL 3""x3"" COLLAGEN DRSG MP00333",0
6024,"ACM SURGICAL 7""x7"" COLLAGEN DRSG MP00337",0
6025,"CLOZEX  2.687"" X 2.375"" w/2.0"" X 1.5"" PAD  CV0038S",0
6026,"CLOZEX  3.75"" X 3.75"" W/2.5"" X 2.5"" PAD CV0064S",0
6027,"CLOZEX  C-STYLE 3.75"" X 4.75"" W/2.5"" x 3.875"" PAD CV0098C",0
6028,"CLOZEX  5.3"" X 3.75"" W/4.0"" X 2.5"" PAD",0
6029,"CLOZEX PPG-30 SLIT SUB  5.5""",0
6030,"CLOZEX PKG PET SLIT SUB 5.5""",0
6031,CLOZEX PPG30 PRINT SUB  REF-CV0038S,0
6032,CLOZEX PPG30 PRINT SUB  REF. CV0064S,0
6033,CLOZEX PPG30 PRINT SUB REF.  CV0098C,0
6034,CLOZEX PPG30 PRINT SUB REF. CV00100S,0
6035,"CLOZEX PRTD REL LNR 4.625""",0
6036,"CLOZEX PRTD REL LNR 6.625""",0
6037,CLOZEX PRTD REL LNR COPY 3,0
6038,MEDLINE SURESITE 2.375 x 2.75 MSC2302,0
6039,MEDLINE SURESITE 4 X 4.75 MSC2304,0
6040,MEDLINE SURESITE 4 X 4.75 MSC2304CS,0
6041,KCI 40 CM PILLOW ASSEMBLY  419784,0
6042,"2.75"" x 4"" TAN DRESSING / COLD SEAL",0
6043,"2.75"" X 2.75"" TAN DRESSING / COLD SEAL",0
6044,"3"" X 3"" GAUZE PAD / POUCHED",0
6045,ALCHOHOL PREP PADS,0
6046,"CLOZEX  REL. LINER 2.75"" (SUB)",0
6048,"CLOZEX PRTD COLD SEAL 4.75""",0
6049,"CLOZEX TAN SLIT 3.75""",0
6050,HARMAC PRTD DRAPE ASSEMBLY W/LABEL P3113250 REV.B,0
6051,HARMAC DRAPE LABEL - RANDOM PRINT SUB,0
6052,PHARMCHEM DRUGS OF ABUSE PATCH / UDI 50CT,0
6053,PHARMCHEM DRUGS OF ABUSE PATCH UDI  25CT,0
6054,PHARMCHEM DRUGS OF ABUSE PATCH UDI  10CT,0
6055,PHARMCHEM OVERLAY W/HOLE  UDI  25CT,0
6056,MEDLINE 4X5 SURESITE SUB,0
6057,BOX 12X12X10  #S-19069,1
6058,TROCAR MATCHED SET SMALL,1
6059,WC Collagen Powder 15 Day Kit MP01015,0
6060,MPM 1 gram Collagen Pouch MP00311,0
6061,MPM 4x4 Woundgard Sterile Drsg MP00092C,0
6062,MPM 8 oz Wound & Skin Cleanser MP00031,0
6063,"MPM Prtd White Box 9.75""x7.125""x4"" Adv. Wound Care Kit",0
6064,"MPM Ziplock bag 10""x8""",0
6065,"MEDLINE SUREVIEW IV 2.75"" X 2.375"" MSC2502",0
6066,"MEDLINE SUREVIEW IV 4"" X 4.75"" MSC2504",0
6067,TROCAR MATCHED SET LARGE,1
6068,"WHITE LINER 78# SCK SILICONE C2S 4.5""",0
6069,".5"" WHITE SPUNLACE (SUB)",0
6070,"MACTAC TM4101 WHITE FOAM MP594NG-96#  .5"" SUB",0
6071,"MEDLINE SUREVIEW IV PRTD PPG-30  17.5""  MSC2502",0
6072,MEDLINE SUREVIEW IV SBS BX 100CNT MSC2502,0
6073,MEDLINE SURESITE MATRIX 4 X 4.5 MSC2204,0
6074,MEDLINE SURESITE MATRIX 6X8 MSC2206,0
6075,MEDLINE SURESITE TRANSPARENT FILM DRSG 2X3 MSC2002,0
6076,MEDLINE SURESITE TRANSPARENT FILM DRSG 4X5 MSC2104,0
6077,"MACTAC 1/16"" WHITE FOAM MP594NG 96#  3.0""",0
6078,"WHITE SPUNLACE SLIT SUB 3.75""",0
6079,"3M 9833 PU FILM 5.625""",60
6080,"WHITE LINER 78# SCK SILICONE C2S 6.5""",0
6081,"AMCOR PPG-30 PRT MEDLINE SUREVIEW IV 15.5"" MSC2504",0
6082,SBS BOX MEDLINE SUREVIEW 4X5 MSC2504,0
6083,BOX 9 X 9 X 9 # S-18383,0
6084,"MACTAC TM5170 VISODERM PE CAST PU/1MIL MP-160, 4.5""",21
6085,"3M810 FROSTED SCOTCH TAPE, 1.375""",60
6086,"MEDLINE MSC2204 PRTD PPG30 10.5""",49
6087,SBS BOX MEDLINE SURESITE MATRIX 4X5 MSC2204,60
6088,BOX 10 X 7 X 9 # S-21062,1
6089,MEDLINE SURESITE 123 + PAD MSC2603,0
6090,MEDLINE MSC2605,0
6091,MEDLINE MSC2610,0
6092,MEDLINE SURESITE 123 TRANS. DRSNG  MSC2703,0
6093,"MEDLINE 4.75"" x 4.0"" Suresite 123 Trans. Film MSC2705",0
6094,MEDLINE MSC2706,0
6095,MEDLINE SURESITE 123 TRANS FILM DRSNG MSC2710,0
6096,"MEDLINE SURESITE MSC2712  12.0"" X 8.0""",0
6097,MEDLINE TRANSPARENT SURESITE 123 FILM DRSNG MSC2701,0
6098,IMPLUS AMCOR PRTD PAPER 8.0 IN (SUB),0
6099,MEDLINE MSC2703 RANDOM PRTD 53# REL. LNR,0
6100,AMCOR PPG-30 PAPER 10.5 IN UNPRINTED,49
6101,"MEDLINE SURESITE 123+PAD PPG-30 10.5"" MSC2603",0
6102,MEDLINE MSC2603 SBS BOX  100CNT,0
6103,MEDLINE SURSITE 123 PPG-30 10.5 IN MSC2703,0
6104,SBS BOX MEDLINE SURESITE 123 MSC2703,60
6105,"MEDLINE 123 PRINTED REL LINER 4.0""",0
6106,SBS BOX MEDLINE 123TRANSP FILM DRSNG MSC2705,60
6107,Collagen Pellet 4.4mm Dia x 11mm long - Male (SUB),0
6108,"MEDLINE SUREFILM 2"" PRNTD PAPER CORE 1"" DIA",60
6109,"MEDLINE SUREFILM 4"" PRNTD PAPER CORE 1"" DIA",60
6110,"MEDLINE SUREFILM .018 SBS CARTON 4"" X 11yd MSC2404",60
6111,MEDLINE 2.75 X 2.375 THIN FILM BULK  NS 56114,0
6112,MEDLINE 2.75 X 2.375 THIN FILM W/FABRIC  VAD1614,0
6113,MEDLINE 4 X 4.75 THIN FILM W/FABRIC VAD1616,0
6114,3.5mm Dia x 7mm Long Collagen Pellet (SUB),0
6115,FREUDENBERG 30cm x 47cm Non-Woven Sheets 122P0494,0
6116,"20""x30"" Silver Mylar Foil Bag 20MFS30",28
6117,"4"" X 4"" FENESTRATED MILLIKEN AGILE FIBRIL DRESSING",0
6118,"2"" X 2"" OVIK HEALTH AGILE FIBRIL DRESSING",0
6119,"PURGE 2"" X 2"" MILLIKEN AGILE FIBRIL DRESSING TYVEK 1059B 8.125""",49
6120,"PURGE 2"" X 2"" AGILE FIBRIL DRESSING SBS CARTON 4.375""X2""X6.25",60
6121,BOX 11 X 8 X 5 #S-16716,1
6122,MILLIKEN AGILE FIBRIL DRESSING IFU,21
6123,"PURGE 2"" X 2"" AGILE FIBRIL DRESSING CASE LABEL",21
6124,"PURGE 4"" X 4"" MILLIKEN AGILE FIBRIL DRESSING TYVEK 1059B 12.625""",42
6125,"PURGE 4"" X 4"" AGILE FIBRIL DRESSING SBS CARTON 6.375""X2""X8.25",60
6126,BOX 11 X 8 X 10 #S-23307,1
6127,"PURGE 4"" X 4"" AGILE FIBRIL DRESSING CASE LABEL",21
6128,"PURGE 4"" X 4"" FENESTRATED AGILE FIBRIL TYVEK 1059B 12.625""",49
6129,"PURGE 4"" X 4"" FENESTRATED AGILE FIBRIL SBS 6.375""X2""X8.25",60
6130,"PURGE 4"" X 4"" FENESTRATED AGILE FIBRIL DRESSING CASE LABEL",21
6131,"PURGE 4"" X 10"" AGILE FIBRIL DRESSING TYVEK 1059B 12.625""",42
6132,"""PURGE""ALUMI-HAND XL 761 .040"" SBS CARTON 13.75""X3.0"" X 13.5""",60
6133,"""PURGE""ALUMI-HAND LARGE 760 .040"" SBS CARTON 13.75""X3.0"" X 13.5""",60
6134,"""PURGE""10.9"" x 13.5"" ALUMI-HAND Tyvek/PET Corner Peel Pouch",42
6135,"""PURGE""13"" x 17"" ALUMI-HAND Tyvek/PET Corner Peel Pouch",42
6136,"3M1538L  3.6875""",35
6137,"PURGE 4"" X 10"" AGILE FIBRIL DRSG SBS CARTON 6.375""X1""X14.25""",60
6138,"PURGE 4"" X 10"" AGILE FIBRIL DRESSING CASE LABEL",21
6139,"CS OVIK HEALTH AGILE FIBRIL 14""",60
6140,BELLOW BOTTLE 60mL LDPE - CONNEXT,60
6141,MPM Excel Foam Non-Bordered 8x10 Dressing MP00528,0
6142,"BOX 24"" X 14"" X 16"" S-22666",1
6143,3.5mm Dia x 7mm Long Collagen Pellet (3 PER VIAL),0
6144,"GEMBIO CLAMSHELL CLOSURE LABEL 0.625""x5.0625""",21
6145,MEDLINE/GLORY SUN SAFE SECURE FOAM BASE,0
6146,"DM-5001 4.5""",112
6147,"MILLIKEN ULTRA 4 X 5 PRTDTYVEK 1059B 14.625""",49
6148,"MILLIKEN ULTRA SILVER 4 X 5 PRTDTYVEK 1059B 14.625""",49
6149,"POUCH MILLIKEN ULTRA 8"" X 20"" AFM DRESSING",49
6150,"POUCH MILLIKEN ULTRA SILVER 8"" X 20"" AFM DRESSING",49
6151,"VRC02R01000G  Versapor® 200RC 0.2µm 1.0""",77
6152,LABEL - ACM SURGICAL MP00329 8X12 COLLAGEN PAD,21
6153,"""PURGE"" VENTRIS 4.25"" X 7.697"" TYVEK/PET POUCH",75
6154,"0.5oz Tube, MPM Radiaplex Gel MP00105 USA SOURCED",60
6155,"MCKESSON 1800P TYVEK/POLY CHEVRON POUCH 3.5"" X 4.476""",42
6156,MCKESSON 1800P 1 GR COLLAGEN POWDER - PRINTED IFU,21
6157,MCKESSON 1800P 1 GR COLLAGEN PWDR SBS CTN 3.625x1.0x4.625,60
6158,"""PURGE""TYVEK POUCH 10"" X 17.279"" - ACM SURGICAL 8""X12"" COLLAGEN",112
6159,"""PURGE""SBS CARTON - ACM SURGICAL 8""X12"" COLLAGEN DRESSING",60
6160,MPM GENTLE WINDOW ADV. VAD DRESSING MP00624,0
6161,VENTRIS 0.5 GRAM COLLAGEN POWDER IN A BELLOW BOTTLE,0
6162,VENTRIS 1 GRAM COLLAGEN POWDER IN A BELLOW BOTTLE,0
6163,VENTRIS 1.3 GRAM COLLAGEN POWDER IN A BELLOW BOTTLE,0
6164,MPM ANCHOR SECUREMENT  OST0001,0
6165,"ACM SURGICAL 8""x12"" COLLAGEN DRSG MP00329",0
6166,"MACTAC TM5170 VISODERM PE CAST PU/1MIL MP-160, 8.0""",21
6167,"HC-810 INVISIBLE TAPE MATTE FINISH 1.375""",60
6168,MCKESSON 1800P 1 GR COLLAGEN POWDER,0
6169,"MACTAC TM4101 1/16"" WHITE FOAM-MP594NG-96# WHITE PCK 6.0""",21
6170,MPM WOUNDGARD 4X4 MP00092D STERILE BORDERED GAUZE 15/BX; 8BX/CS,120
6171,"PUR""MPM MP00411 COMPLETE MD TYVEK/POLY CHEVRON PCH 3.5"" X 4.476""",42
6172,MPM MP00411 COMPLETE MD 1 GRAM COLLAGEN POWDER,0
6173,Box 6 x 6 x 7 #S-16729,1
6174,"AFTER INKED 11.5"" X 72"" ROLL",0
6175,"AFTER INKED 6"" X 8"" SHEET",0
6176,"CORNER POUCH 8.011"" X 10.25"" AFTER INKED 6""x 8"" SHEET",42
6177,"CORNER POUCH 7.0685"" X 16.5"" AFTER INKED 11.5""x 72"" ROLL",42
6178,"AFTER INKED 6"" X 8"" SHEET SUB",0
6179,"PURGEACM 2X2 COLLAGEN PAD SBS .016"" CTN 3.625"" X .5000"" X 4.625""",60
6180,"ACM SURGICAL 2""X2"" COLLAGEN PAD PRINTED POUCH 3.50""X4.476""",49
6181,"""PURGE""ACM 4X5 COLLAGEN PAD PRINTED POUCH 6.0"" X 8.0""",42
6182,"""PURGE"" ACM 4X5 COLLAGEN PAD .016"" CARTON 6.25"" X 1.0"" X 8.25""",60
6183,"11.5"" PU FILM LINER SCORE (SUB)",0
6184,"AFTER INKED  11.5"" X 72"" ROLL  (SUB)",0
6185,"""PURGE"" 24/410 WHITE RIBBED CAP W LIFT N PEEL HEAT SEAL HDPE",42
6186,"MILLIKEN ULTRA BORDERED 3X3 PRTDTYVEK 1059B 12.625""",42
6187,"MILLIKEN ULTRA BORDERED 4X4 PRTDTYVEK 1059B 14.625""",98
6188,"MILLIKEN ULTRA BORDERED 6X6 PRTDTYVEK 1059B 9.0""",42
6189,"MILLIKEN ULTRA BORDERED 4X10 PRTDTYVEK 1059B 14.625""",42
6190,"CLEAR ACETATE, 1"" CIRCLE LABEL #S-5502",2
6191,NormlShield 4oz White Tube w/Blue Flip Top Cap Heat Seal Liner,30
6192,CORONA TREATED TOPAS COC,0
6193,"D*PURGE 3oz Tube, w/heat seal liner MPM Regenecare MP00100 R0620",30
6194,"""PURGE"" 2oz Bottle, MPM Oramagic Plus MP00223 R0620",30
6195,"""PURGE"" 2oz Bottle, MPM Oramagic Rx MP00222 R0620",30
6196,"RCTS 1.5"" X 1.5"" OCCLUSIVE DRESSING",0
6197,"4oz Tube, MPM Anti-Fungal Cream MP00023 R0720 w/Heat Seal Liner",90
6198,"PURGE 8oz Bottle, Antiseptic Wound & Skin Cleanser MP00032 R0620",60
6199,"SBS BOX CURAD CUR5001V1 4.75"" X 1.0"" X 5.25""",60
6200,"""PURGE""SBS BOX CURAD CUR5002V1 2.25"" X 1.25"" X 4.25""",60
6201,"""PURGE""SBS BOX CURAD CUR5003V1 2.95"" X 1.25"" X 5.11""",60
6202,"""PURGE"" CS SBS BOX VENTRIS CONNEXT COLLAGEN POWDER - BELLOWS",30
6203,"BOX - 13"" X 9"" X 7"" S-14271",1
6204,"D* 4mL Tube, MPM Regenecare MP00110 R0720 with Heal Seal Liner",90
6205,"D*0.5oz Tube,MPM Radiaplex Gel MP00105 R0320 with HSL",60
6206,"""PURGE""0.5oz Tube,MPM Regenecare HA MP00112 REV0720",60
6207,"CORNER POUCH 7.069"" X 11.25 TD6X180 TATU-DERM",70
6208,"PURGE"" Triple Helix 2x2 Collagen Drsg Carton 3.625""x1.5""x4.625",60
6209,"""PURGE"" 4oz Bottle, MPM Regenecare HA Spray MP00117 R0720",30
6210,PM313  4 oz. 24/410HDPE NAT MPM PRTD CYL.,42
6211,"AFTER INKED 11.5"" PU FILM LINER SCORE (SUB)",0
6212,"AFTER INKED 11.5"" X 72 "" ROLL  (SUB)",0
6213,MPM MP00310 2x2 Collagen Printed Tyvek 7.00 in (SUB),0
6214,"MPM 2""X2"" Triple Helix Collagen Dressing Sterile MP00310",0
6215,"PURGEMPM SPOT DRSG MP00499 3.625""x3.3125""x6.875"" SBS .018"" R0720",60
6216,"ACM 7X7 COLLAGEN PAD SBS .016"" CTN 9.5"" X 1.0"" X 13.5"" R0720",60
6217,"ACM 7X7 COLLAGEN PAD POUCH 9.0"" X 13.0"" 1059B TYVEK/PET R0720",48
6218,"""PURGE""ACM 3X3 COLLAGEN PAD SBS .016"" CTN 4.625"" X 0.5"" X 5.625""",60
6219,"""PURGE"" ACM 3X3 COLLAGEN PAD POUCH 4.5"" X 5.55"" 1059B TYVEK/PET",48
6220,"NOVESPIRE PU 6 MILS 4.5"" (SUB)",7
6221,"MEDLINE CUR5001V1 CURAD 4""X4"" 4CT, 24CS",0
6222,"MEDLINE CUR5002V1 CURAD, 3/4""X3"", 20CT, 24CS",0
6223,"MEDLINE CUR5003V1 CURAD 1.625""X4"" 8CT, 24CS",0
6224,McKESSON 61-82022 HYDROGEL 2X2 POUCH LABEL,21
6225,McKESSON 61-82022 HYDROGEL 2X2 SBS CARTON,60
6226,McKESSON 61-82044 HYDROGEL 4X4 POUCH LABEL,21
6227,McKESSON 61-82044 HYDROGEL 4X4 SBS CARTON,60
6228,"D* ""PURGE"" 6oz Tube, MPM Radiaplex Gel MP00106",30
6229,IMPACT MEDICAL 1 GM COLLAGEN POWDER,0
6230,"IMPACT MEDICAL 2"" X 2"" COLLAGEN PAD",0
6231,"IMPACT MEDICAL 4"" X 4"" COLLAGEN PAD",0
6232,"TYVEK/POLY CHEVRON POUCH 3.5"" X 4.5"" IMPACT MEDICAL",0
6234,"POLYBAG - 5"" X 7"" S-2947",1
6235,"BOX - 18"" X 12"" X 18"" S-4898",0
6236,"1059B TYVEK IMPACT MEDICAL 4"" X 4"" 12.625 IN",0
6237,"POLYBAG - 8"" X 10"" S-2949",1
6238,"BOX - 32"" X 18"" X 12"" S-10662",0
6239,"""PURGE"" 12oz Bottle, MPM Oramagic Rx MP00213  R0720",30
6240,AMCOR PPG-30 11.25 IN PRTD MPM 8X10 EXCEL FOAM MP00528 R0720,48
6241,"MPM 8X10 EXCEL FOAM MP00528 11.5""x2.75""x15.25"" SBS CARTON R0720",60
6242,"FRA-Q300 Liner 6.77""(172mm) 2 Mil Clear PET S1S Medium Release",28
6243,MPM MICROLAYERED DRSG PRTD PAPER 7.25 IN (SUB)REV 0820,7
6244,MPM SPOT DRSG MP00499C PRTD PAPER 7.25 IN (SUB),7
6245,"""PURGE""MPM MP00208 COOL MAGIC PRINTED POUCH 7.5"" X 9.5"" REV 0820",49
6246,"PURGE"" SBS BOX MPM MP00208 COOL MAGIC 6X8  REV 0820",60
6247,FREUDENBERG MASK,0
6248,"ACM 2X2 COLLAGEN PAD SBS .016"" CTN 3.625"" X .5000"" X 4.625""",60
6249,"""Purge""3oz Tube, MPM Regenecare HA MP00107 - R0920",60
6250,"SBS CARTON 11.5"" X 10.0"" X 18.0"" .024""",60
6251,"FRA-319 Liner 40.55""(1030mm) 2 Mil Clear PET S1S Medium Release",28
6253,MEDLINE SUREFILM  RELEASE LINER (SUB),0
6254,"30bSL4N 30# CCK Bleach Release Liner 8.5""",35
6255,"TYVEK/POLY CHEVRON POUCH 4.0"" X 6.0"" THE COLLAGEN PELLET (1)",42
6256,BOX - 7 X 7 X 7  S-19039,1
6257,"MEDLINE HYDROCOLLOID ""C"" DRESSING PRINTED LINER 3.1625""",0
6258,"PURGE""PRINTED SBS CARTON MPM MP00315 4.25"" X 2.0"" X 9.25"" .022PT",60
6259,"PURGE""MPM TRIPLE HELIX MP00315 PRINTED POUCH 4.0"" X 9.0"" (R1120)",60
6260,"BOX  11"" X 8"" X 4""   S-13290",1
6261,3.5mm Dia x 7mm Long Collagen Pellet (1 PER VIAL),0
6262,RELEASE LINER - PRINT / SLIT SUB (SET) MSC2701,0
6263,IMPACT MEDICAL 2X2 PRINTED TYVEK,0
6264,IMPACT MEDICAL 4X4 PRINTED TYVEK,0
6265,"MEDLINE 123 78# REL LINER ""A""  4.75""",0
6266,"MEDLINE 123 78# REL LINER ""B""  2.0""",0
6267,"MEDLINE 123 PRTD CLEAR MACTAC FILM  ""C"" 4.5""",0
6268,Drum Liners 38 x 60 x 6mil Clear Bottom Seal #227-108,2
6269,"PURGE MPM MP00206 3.75"" COOL MAGIC PRTD FOIL 12.78 IN #202.1",42
6270,"PURGE SBS Box MPM MP00206 COOL MAGIC 3.75"" 6x1x7 REV 1020",60
6271,"3.5"" Width 150gsm Silicone Adhesive, PE Film 80gsm",80
6272,"4.25"" Width 150gsm Silicone Adhesive, PE Film 80gsm",80
6273,"MPM MP00312 POUCH 12"" COLLAGEN ROPE 4""X7"" TYVK/PLY CHEV REV1020",42
6274,"SBS MPM COLLAGEN ROPE MP00312 4.25"" X 2.0"" X 7.25"" .018"" REV1020",60
6275,"4mL Tube, MPM Radiaplex MP00109 REV 11/20",30
6276,"ZIPLOCK BAG  7"" X 8""  S-2835",1
6277,"ZIPLOCK BAG 11"" X 14""  S-22686",1
6278,"MPM SPOT DRSG MP00499 3.625""x3.3125""x6.875"" SBS .018"" CTN R1120",60
6279,"PURGE MPM MP00208 COOL MAGIC PRINTED POUCH 7.5"" X 9.5"" REV 1120",49
6280,"TYVEK/POLY CHEVRON POUCH 4.0"" X 6.0"" THE COLLAGEN PELLET (3)",42
6281,"WAL5009 EQUATE GENTLE PAPER TAPE 1"" X 4 YD (24/CS)",75
6282,"3M 2475P 6.0""",35
6283,"3M 1527 6.0""",35
6284,MPM Triple Helix Collagen 7x7 PRTD Pouch MP00377 REV 1220,49
6285,"PURGE""MPM Triple Helix Collagen 7x7 SBS 9.25x1.5x13.25 MP00377",60
6286,PRODUCT INVESTIGATIONS / OCCLUSIVE ADHESIVE PATCH,0
6287,PPG-30 PAPER 15.125 IN MEDLINE FM 4X5 MSC1145,42
6288,MEDLINE SBS BOX 4 X 5 FOAM PAD MSC1145,60
6289,PPG-30 PAPER 12.625 IN MEDLINE FM 3X3 MSC1133,42
6290,MEDLINE SBS BOX 3 X 3 FOAM PAD MSC1133,60
6291,PPG-30 PAPER 12.625 IN MEDLINE FM 3X3 FEN MSC1133F,42
6292,MEDLINE SBS BOX 3 X 3 FEN FOAM PAD MSC1133F,60
6293,FLEXCON V400 F W  V-156 NTC 5.5 IN,21
6294,MEDLINE MSC2204 SBS BOX 50 CNT,0
6295,MEDLINE MSC2206 SBS BOX 10 CNT,60
6296,MEDLINE MSC2002  SBS BOX 100 CNT,60
6297,"1oz Tube, MPM Hydrogel Dressing MP00026 REV 01/21",60
6298,Magnesium Chloride CAS# 7786-30-3,35
6299,Hyaluronic Acid CAS# 9067-32-7,35
6300,MEDLINE MSC2504 SBS BOX  25CNT,0
6301,MEDLINE MSC2502 SBS BOX 100CNT,0
6302,MEDLINE MSC2706 SBS BOX 25CNT,60
6303,"(SUB) FRA-351 Liner 0.69"" 23µm Clear PET S1S Very Easy Release",0
6304,"(SUB) FRA-351 Liner 0.64"" 23µm Clear PET S1S Very Easy Release",0
6305,GEMBIO MOXI Z CASSETTE TYPE M MXC001,0
6306,GEMBIO MOXI Z CASSETTE TYPE S MXC002,0
6307,GEMBIO MOXI GO CASSETTE TYPE S+ MXC030,0
6308,GEMBIO TOP FILM LAMINATE w/MESH CASSETTE MOXI Z,0
6309,GEMBIO BOTTOM FILM LAMINATE w/MESH CASSETTE MOXI FLOW,0
6310,GEMBIO SENSOR CARD MOXI Z TYPE S 10935-001A,35
6311,GEMBIO SENSOR CARD MOXI Z TYPE M 10244-001A,35
6312,GEMBIO SENSOR CARD MOXI GO TYPE S+ 10799-101A,35
6313,MEDLINE MSC2104 SBS BOX 50CNT,0
6314,MEDLINE MSC2605 SBS BOX 50CNT,60
6315,MEDLINE MSC2610 SBS BOX 25CNT,0
6316,MEDLINE MSC2710 SBS BOX  25CNT,60
6317,MEDLINE MSC2712 SBS BOX 25CNT,60
6318,MEDLINE MSC2701 SBS BOX  100CNT,0
6319,EUROFINS SEMI-OCCLUSIVE STRIP,14
6320,EUROFINS  OCCLUSIVE TEST STRIP,14
6321,"PLUS RINSE 16OZ (BULK, SILVER)",0
6322,"TB THROAT SPRAY 1OZ (BULK, GRN) 40101857",0
6323,MINERALIZ GU/Zn CAS# 4468-02-4 KOSHER,56
6324,"SODIUM BICARBONATE 89362 SOD BICARB USP 1, CAS# 144-55-8",28
6325,"SODIUM CITRATE DIHYDRATE, CAS# 6132-04-3",30
6326,"""PURGE"" ACTIPHYTE GREEN TEA CO391330-129 CAS#56-81-5",28
6327,ALOE VERA LEAF GEL DECOLORIZED 10X # AG014 CAS#94349-62-9,28
6328,CARBOX WAX SENTRY POLYETHYLENE GLYCOL 600 NF CAS#25322-68-3,25
6329,"""Purge""BOTTLE LABEL THERABREATH RINSE PN 1501252",28
6330,MENTHOL CAS#2216-51-5   KOSHER,42
6331,"""Purge""BOTTLE LABEL THERABREATH RINSE PN 1468324",28
6332,"SILVER BOTTLE, 16oz THERABREATH RINSE PN 1602715",35
6333,"""PURGE"" ORANGE CAP INDUCTION SEAL THERABREATH RINSE PN 1482511",35
6334,SHIPPER THERABREATH PN 1323035,35
6335,"BOTTLE, 1oz (28G) THERABREATH RINSE PN 858382",35
6336,SPRAY/PUMP THERABREATH RINSE PN 1455285,35
6337,SHIPPER THERABREATH RINSE PN 1469312,35
6338,"""PURGE"" AUSTRALIAN TEA TREE OIL CAS#68647-73-4",28
6339,THERBR PLUS PMINT RINSE 12/16OZ EXP CLM1557439,0
6340,PRTD 4 X 6 POUCH MPM 2 X 2 HYDROCOLLOID MP00600 R0121,48
6341,MP00600 Excel 2x2 Hydrocolloid sbs carton 4.25”x1.0”x6.25” R0121,60
6342,THERABREATH PLUS RINSE COMPOUNDING,0
6343,SEPERATOR PAD THERABREATH RINSE PN 1469314,35
6344,ASSEMBLED DIVIDERS THERABREATH RINSE PN 1469316,35
6345,"""PURGE""BOTTLE LABEL THERABREATH RINSE (EXPORT) PN 1501250",28
6346,SHIPPER THERABREATH RINSE (EXPORT) PN 1423986,35
6347,MEDLINE FOAM PAD 3x3 MSC1133,0
6348,MEDLINE FOAM PAD 3x3 MSC1133F,0
6349,MEDLINE FOAM PAD 4x5 MSC1145,0
6350,MEDLINE 4 IN ROUND FOAM ISLAND DRSG W/FEN MSC1104,0
6351,"MEDLINE OPTIFOAM 2"" FEN FOAM DRSG, MSC1102",0
6352,ISI LARGE ALUMI-HAND 760 NON-STERILE BULK,0
6353,BOX 10 X 10 X 15 S-4246,1
6354,"SUPERABSORBENT M1520 LAMINATE W/2.5mm FOAM 18.11"" WIDTH",90
6355,"D* 8oz Bottle, MPM Oramagic Plus MP00224 REV 1220",30
6356,MPM ACM Surgical Vial/1 gm MP00345,0
6357,"Insert/Leaflet, Vellabio Women's Pleasure Serum 1-74128-1-1-1",28
6358,"""PURGE"" PPG-30 PAPER 16.625"" MPM PRNTD TZ MEDICAL MP00470 R0121",48
6359,SBS CARTON COLLAGEN PELLET (1 PER VIAL),60
6360,PRTD 6 X 8 POUCH MPM 4 X 4 HYDROCOLLOID MP00602 R0321,48
6361,MP00602 Excel 4x4.25 Hydrocolloid SBS  6.25”x1.0”x8.25” R0321,60
6362,PHARMCHEM OVERLAY W/HOLE & RCR -  25 CNT NS,0
6363,TEST - NELDERM 4X4 W/2X2 PAD,0
6364,"HYDROGEL KM10T 0.032"" THICK 4.75""",0
6365,"S-2250 1 MIL PU FILM W/gentL ADH 4.5""",0
6366,FRA-G308 125my (5MIL) CLEAR PET RM1926 5.5”,0
6367,"TYVEK 1073B/POLY CHEVRON POUCH 6"" X 10"" UNPRINTED",0
6368,PLUS RINSE 3OZ (BULK),0
6369,BC POWER DROPS .5OZ (BULK),0
6370,TB DRY MOUTH TINGLING RINSE 16 OZ BULK 40101908,0
6371,TB CBD USERS RINSE 16OZ (BULK),0
6372,"TB Dry Mouth Rinse 16oz (4x3pk, CAN, Lab Pak)",0
6373,THERBR DRY MTH TM RINSE 12/16OZ INTL LP PN: 1580610,0
6374,BC Dry Mouth Rinse 500ml (12pk) PN:20101806,0
6375,FREUDENBURG 4X4 FOAM DRESSING (X3) NS,0
6376,"""PURGE"" Glycerin 99.5% CAS# 56-81-5  Soy Based",28
6377,BOTTLE LABEL THERABREATH RINSE PN 1396360,28
6378,BOTTLE LABEL THERABREATH RINSE PN 1503671,35
6379,THERABREATH DRY MOUTH ORAL RINSE COMPOUNDING,0
6380,Bactase PR - Kosher,28
6381,Natural Peppermint Oil PE-005523 CAS # 8006-90-4 KOSHER,35
6382,"""OBSOLETE"" Natural Spearmint FLAV WONF N37931",28
6383,Lemon Oil CP,28
6384,Jambu Oleoresin CAS# 90131-24-1,28
6385,"GREEN BOTTLE, 16oz THERABREATH DRY MOUTH PN 1335434",35
6386,"""PURGE""BOTTLE LABEL THERABREATH DRY MOUTH PN 1501049",28
6387,"BOTTLE, 16oz (453G) THERABREATH CBD RINSE PN 1459675",35
6388,BOTTLE LABEL THERABREATH CBD RINSE PN 1501045,35
6389,BOTTLE LABEL THERABREATH CANADA DRY MOUTH PN 1501047,35
6390,SHRINK SLEEVE PN 933787,35
6391,SHIPPER THERABREATH PN 1491890,35
6392,BOTTLE LABEL THERABREATH DRY MOUTH (EXPORT) PN 1491591,35
6393,"""Purge""SHIPPER THERABREATH PN 1371495",28
6394,BOTTLE LABEL THERABREATH BREATHCO DRY MOUTH PN 1500277,35
6395,SHIPPER THERABREATH PN 1497406,35
6396,"BOTTLE, 0.5 oz (14.175G) BREATHCO POWER DROPS PN 858378",35
6397,DROPPER TIP BREATHCO PN 860261,35
6398,DROPPER TIP CAP BREATHCO PN 858375,35
6399,BOTTLE LABEL BREATHCO POWER DROPS PN 1479959,35
6400,SEPERATOR PAD PN 912578,35
6401,SHIPPER BREATHCO PN 912604,35
6402,"BOTTLE, 3oz (88.72G) THERABREATH PLUS RINSE PN 1289387",35
6403,BOTTLE CAP THERABREATH PLUS RINSE PN 1425515,35
6404,SHIPPER THERABREATH PN 1340668,35
6405,NUTRI TUBE - X SMALL TUBI W/4 ML GEL  NS,0
6406,NUTRI TUBE  - X SMALL TUBI - BULK NS  TT1002XS_S,0
6407,"""PURGE"" 4 X 9 POUCH MPM ACM Surgical Vial/1 gm MP00345",56
6408,"""PURGE"" SBS CARTON MPM ACM Surgical Vial/1 gm MP00345",70
6409,3.5mm Dia x 7mm Long Collagen Pellet Female (1 PER VIAL),0
6410,4.375mm Dia x 7mm Long Collagen Pellet Male (1 PER VIAL),0
6411,CAREGARD EC002 4X4 STERILE BORDERED GAUZE 30/BX;4 BX/CS,80
6412,CARELAGEN EC004 1 gram Collagen Powder,0
6413,CARELAGEN EC008 2X2 Collagen Dressing,0
6415,PURGE POUCH - CARELAGEN EC004 1 gram Collagen Powder,90
6416,CARTON - CARELAGEN EC004 1 gram Collagen Powder,60
6417,IFU - CARELAGEN Collagen Powder,60
6418,PURGE POUCH - CARELAGEN EC008 2X2 Collagen Dressing,90
6419,CARTON - CARELAGEN EC008 2X2 Collagen Dressing,60
6420,IFU - CARELAGEN Collagen Dressing,60
6421,PLASTIC PALLETS / ITEM 1506045/1506046,35
6422,"3M 2475P 4.78125""",35
6423,SENSOR CARD MOXI Z TYPE S 11499-102 (39138C-00),133
6424,SENSOR CARD MOXI Z TYPE M 11499-101 (39138B-00),133
6425,SENSOR CARD MOXI GO TYPE S+ 11498-101 (39138A-00),133
6426,NUTRI TUBE TUBIE TUNNEL SM C/S BULK,0
6427,SENSOR CARD MOXI Z TYPE M (39138B-00)11499-201 REV B,35
6428,SENSOR CARD MOXI Z TYPE S (39138C-00)11499-202 REV B,35
6429,SENSOR CARD MOXI GO TYPE S+ (39138A-00) 11498-201 Rev A,35
6430,"""PURGE"" SBS BOX MEDLINE GENTAC MSC1585",60
6431,"""PURGE"" SBS BOX MEDLINE GENTAC MSC1583",60
6432,PHARMCHEM 4X5 OVERLAY ZIPLOCK BULK NS 25CT,0
6433,"2MIL ZIPLOCK BAG 5"" X 6""  S-10820",1
6434,"3M9777L  IVORY PVC FOAM 4.875""",35
6435,"DM-5001 4.625""",63
6436,"DM-5001 5.0""",63
6437,"DM-5001 5.5""",63
6438,"COHESIVE PAPER UNPRINTED LATEX FREE 6.5""",35
6439,Shipper Case PN: 1404425,35
6440,NUTRI TUBE SMALL STRONGHOLD TT1002S_SH,0
6441,NUTRI TUBE MEDIUM STRONGHOLD  TT1002M_SH,0
6442,NUTRI TUBE LARGE STRONGHOLD  TT1002L_SH,0
6443,"GRADE 5CC - 2 PLY WHITE TISSUE 17.5""",30
6444,SLIQUID Bedroom Kandi  Bubble Bath - Cherry Blossum 6/8.5oz Case,0
6445,SLIQUID Bedroom Kandi for Men  Eros - Body Lotion - 6/8.5oz Case,0
6446,"Symrise PCL-Liquid 100, Emmolient Ester",28
6447,"LABEL, SLIQUID Naturals Silk 12/4.2oz CASE",28
6448,"LABEL, SLIQUID Naturals Silk 6/8.5oz CASE",28
6449,Sliquid Naturals Satin Compounding,0
6450,"LABEL, SLIQUID Naturals Silk 16/2oz CASE",28
6451,"LABEL, SLIQUID Naturals Satin 12/4.2oz CASE",28
6452,"Bottle, Purple Boston Round 8.5oz - Sliquid",28
6453,"Bottle, Blue Boston Round 4.2oz - Sliquid",28
6454,"LABEL, SLIQUID Naturals Satin 6/8.5oz CASE",28
6455,Sliquid Balance Splash Unscented Compounding,0
6456,SLIQUID Naturals Silk 12/4.2oz CASE,0
6457,SLIQUID Naturals Silk 6/8.5oz CASE,0
6458,SLIQUID Naturals Silk 16/2oz CASE,0
6459,SLIQUID Naturals Satin 12/4.2oz CASE,0
6460,SLIQUID Naturals Satin 6/8.5oz CASE,0
6461,SLIQUID Organics Natural 12/4.2oz CASE,0
6462,SLIQUID Organics Natural 6/8.5oz CASE,0
6463,SLIQUID Organics Natural 16/2oz CASE,0
6464,SLIQUID Organics Natural Gel 12/4.2oz CASE,0
6465,SLIQUID Organics Natural Gel 6/8.5oz CASE,0
6466,SLIQUID Organics Natural Gel 16/2oz CASE,0
6467,SLIQUID Organics Silk 12/4.2oz CASE,0
6468,SLIQUID Organics Silk 6/8.5oz CASE,0
6469,SLIQUID Balance Splash Unscented 6/8.5oz Case,0
6470,SLIQUID Balance Splash Honeydew Cucumber 6/8.5oz Case,0
6471,Sliquid Organics Shine Toy Cleaner 6/8.5oz Case,0
6472,PHARMCHEM OVERLAY W/HOLE 25CNT REV.3  NS,0
6473,NUTRI TUBE  XSMALL SENSITIVE TT1002XS_S,0
6474,NUTRI TUBE  SMALL SENSITIVE,0
6475,NUTRI TUBE  MEDIUM SENSITIVE TT1002M_S,0
6476,NUTRI TUBE  LARGE SENSITIVE TT1002L_S,0
6477,NUTRI TUBE XLARGE STRONG HOLD,0
6478,"""PURGE"" PHARMCHEM 4x5 OVERLAY 25 COUNT SBS CARTON",60
6479,"""PURGE"" PHARMCHEM PRINTED PPG-30 16.625""  4x5 OVERLAY 25 Count",42
6480,MEDLINE GENTAC 2x5 LY SILICONE W/ 1/8 IN EXT LINER MSC1585,14
6481,"MEDLINE GENTAC .75 X 3.3 LY SILICONE W/ 1/8"" EXT. LNR MSC1583",14
6482,2 PLY WHITE TISSUE PAPER 1.5 IN (SUB),0
6483,TB MMINT PASTE .75OZ (BULK),0
6484,"D* TUBE, 0.75 OZ., Therabreath Mild Mint Flouride PN:1419650",35
6485,Shipper Case PN: 860484,35
6486,SBS CARTON - ACM MP00331 1X1 COLLAGEN PAD,60
6487,"PRTD POUCH 3.5"" X 4.5""- ACM MP00331 1X1 COLLAGEN PAD",56
6488,"LABEL, SLIQUID SASSY (BILINGUAL) 12/4.2oz CASE",28
6489,"LABEL, SLIQUID SASSY 12/4.2oz CASE",28
6490,"LABEL, SLIQUID SASSY (MULTILINGUAL) 12/4.2oz CASE",28
6491,"LABEL, SLIQUID SASSY 6/8.5oz CASE",28
6492,"LABEL, SLIQUID SASSY 16/2oz CASE",28
6493,"LABEL, SLIQUID SEA 12/4.2oz CASE",28
6494,"LABEL, SLIQUID SEA (BILINGUAL) 12/4.2oz CASE",28
6495,"LABEL, SLIQUID SEA (MULTILINGUAL) 12/4.2oz CASE",28
6496,"LABEL, SLIQUID SEA 6/8.5oz CASE",28
6497,"LABEL, SLIQUID SEA 16/2oz CASE",28
6498,"LABEL, SLIQUID SIZZLE 12/4.2oz CASE",28
6499,MPM ACM Surgical Extra Drsg 1X1 MP00331,28
6500,"LABEL, SLIQUID SIZZLE (MULTILINGUAL)  12/4.2oz CASE",28
6501,"LABEL, SLIQUID SIZZLE 16/2oz CASE",28
6502,NATURAL CHERRY VANILLA FLAVOR #PROD037419,35
6503,Aspartame CAS# 22839-47-0,28
6504,"Seaweed Extract, 80% Fucoidan Layn P#KEL16",63
6505,"24/410 Cap, RED - Sliquid",28
6506,"LABEL, SLIQUID LABEL, SLIQUID SWIRL CHERRY VANILLA 12/4.2oz",28
6507,NUTRI TUBE XSMALL SENSITIVE PRTD COLD SEAL,0
6508,NUTRI TUBE SMALL SENSITIVE PRTD COLD SEAL,0
6509,NUTRI TUBE MED. SENSITIVE PRTD COLD SEAL,0
6510,NUTRI TUBE LRG. SENSITIVE PRTD COLD SEAL,0
6511,NUTRI TUBE SMALL ST.HOLD PRTD COLD SEAL,0
6512,NUTRI TUBE MED. ST.HOLD PRTD COLD SEAL,0
6513,NUTRI TUBE LRG PRTD COLD SEAL ST.HOLD,0
6514,NUTRI TUBE XLRG PRTD COLD SEAL ST. HOLD,0
6515,"COHESIVE PAPER UNPRINTED LATEX FREE 7.75""",35
6516,"DM-5001 6.25""",63
6517,Sliquid Organics Natural Compounding,0
6518,Sliquid Organics Natural GEL Compounding,0
6519,"Agar, Ina Kanten CS-320TR CAS#9002-18-0",28
6520,Carruba CO Extract Blend H8127 WS CAS#7732-18-5,28
6521,"24/410 Cap, Black - Sliquid",28
6522,"Bottle, Amber 4.2oz - Sliquid",28
6523,"LABEL, SLIQUID Organics Natural 12/4.2oz CASE",28
6524,"Bottle, Amber 8.5oz - Sliquid",28
6525,"LABEL, SLIQUID Organics Natural 6/8.5oz CASE",28
6526,"Bottle, Amber 2.0oz - Sliquid",28
6527,"20/410 Cap, Black - Sliquid",28
6528,"LABEL, SLIQUID Organics Natural 16/2oz CASE",28
6529,"LABEL, SLIQUID Organics Natural GEL 12/4.2oz CASE",28
6530,"LABEL, SLIQUID Organics Natural GEL 6/8.5oz CASE",28
6531,"LABEL, SLIQUID Organics Natural GEL 16/2oz CASE",28
6532,"Premiere Enterprises Creme de la Femme, 1.15oz, Cd1F-1",0
6533,Premiere Enterprises Creme de la Femme Compounding,0
6534,"SKIN ON SKIN LABEL (48) 3.0"" HYDROGEL CIRCLES",21
6535,"SKIN ON SKIN LABEL (200) 1.0"" HYDROGEL SQUARES",21
6536,BOX  11 X 11 X 6   S-16719,1
6537,BOX  12 X 12 X 6  S-18342,0
6538,"COHESIVE PAPER UNPRINTED LATEX FREE 7.0""",0
6539,"TRIPLE HELIX MP00313 ROLL LABEL 3.625"" X 5.200""",21
6540,Charismo Deko Compounding,0
6541,Charismo Deko3Pill,0
6542,Charismo Deko3Hair,0
6543,"CORE   4.0"" X 1.0"" ID  UNPRTD",0
6544,Disodium EDTA CAS#139-33-3,28
6545,Benzophenone-4 CAS# 4065-45-6,28
6546,Special Denatured Alcohol-40B/A CAS# 64-17-5,28
6547,Benzyl Nicotinate CAS# 94-44-0,28
6548,"Salicylic Acid, USP CAS# 69-72-7",28
6549,Glycyrrhetinic Acid CAS# 471-53-4,28
6550,Procapil- CAS# 299157-43-3,42
6551,Prodew 500 CAS# 28874-51-3,28
6552,Woody almond #SA-357/1544-25,28
6553,Lincoserve PA-2 CAS# 60-12-8,28
6554,BOX  13 X 7 X 7 S-4924,1
6555,Sliquid Swirl (Green Apple) Compounding,0
6556,Sliquid Swirl (Blue Raspberry) Compounding,0
6557,Sliquid Swirl (Strawberry Pomegranate) Compounding,0
6558,Sliquid Swirl (Pink Lemonade) Compounding,0
6559,Sliquid Swirl (Blackberry Fig) Compounding,0
6560,SLIQUID SWIRL (GREEN APPLE) 12/4.2oz CASE,0
6561,SLIQUID SWIRL (BLUE RASPBERRY) 12/4.2oz CASE,0
6562,SLIQUID SWIRL (STRAWBERRY POMEGRANATE) 12/4.2oz CASE,0
6563,SLIQUID SWIRL (STRAWBERRY POMEGRANATE) 16/2oz CASE,0
6564,SLIQUID SWIRL (PINK LEMONADE) 12/4.2oz CASE,0
6565,SLIQUID SWIRL (BLACKBERRY FIG) 12/4.2oz CASE,0
6566,Sliquid Swirl (Tangerine Peach) Compounding,0
6567,SLIQUID SWIRL (TANGERINE PEACH) 16/2oz CASE,0
6568,SLIQUID SWIRL (BLUE RASPBERRY) 16/2oz CASE,0
6569,SLIQUID RIDE BODYWORX - SILK 16/2oz CASE,0
6570,SLIQUID RIDE BODYWORX - SILK 12/4.2oz CASE,0
6571,SLIQUID RIDE ROCCO - SILK 6/8.5oz CASE,0
6572,SLIQUID RIDE BODYWORX - WATER 16/2oz CASE,0
6573,SLIQUID RIDE BODYWORX - WATER 12/4.2oz CASE,0
6574,SLIQUID RIDE ROCCO - WATER BASED LUBE 6/8.5oz CASE,0
6575,SLIQUID RIDE BODYWORX - SILICONE 16/2oz CASE,0
6576,SLIQUID SILVER 12/4.2oz CASE,0
6577,SLIQUID SILVER (MULTILINGUAL) 12/4.2oz CASE,0
6578,SLIQUID SOUL (COCONUT OIL) 16/2oz CASE,0
6579,SLIQUID BUCK ANGEL'S T-LUBE 12/4.2oz CASE,0
6580,SLIQUID BALANCE - MASSAGE OIL (ESCAPE) 12/4.2oz CASE,0
6581,SLIQUID BALANCE - MASSAGE OIL (ESCAPE) 6/8.5oz CASE,0
6582,"Good Clean Love Almost Naked, 4oz. Eng/Fr 200605-EngFrenchEXP-ST",0
6583,"Good Clean Love Almost Naked, 4oz. Eng/Sp 200605-EngSpanEXP-ST",0
6584,"Good Clean Love Restore, 2oz.",0
6585,BOTTLE LABEL THERABREATH RINSE PN 1511086,35
6586,Mineral Oil 70WT  CAS# 8042-47-5,28
6587,Petrolateum (Crystalpet W) CAS#8009-03-8,28
6588,Ozokerite (Melt Pt 75C)/117P/SP1020  CAS# 12198-93-5,28
6589,Parraffin (Melt Pt 54C) SP-1275P  CAS# 8002-74-2,28
6590,Premiere Enterprises Tube,28
6591,Premiere Enterprises Applicator,28
6592,Premiere Enterprises Insert,28
6593,Premiere Enterprises SBS Box,28
6594,Premiere Enterprises Tamper Evident Shrink Band,28
6595,"OPAQUE ROLL LABELS .375"" X .875""",21
6596,"OPAQUE ROLL LABELS .75"" X 1.75""",21
6597,Charismo 30mL Bottle,28
6598,Charismo Cap,28
6599,Charismo Dropper for 30mL Bottle,28
6600,Charismo Deko3Pill SBS Box CHAUSA0004A,28
6601,"Charismo Deko3Pill Case Box (120mL, 13 1/4 x 10 1/2 x 4 3/4)",28
6602,Charismo 60mL Bottle,28
6603,Charismo Dropper for 60mL Bottle,28
6604,Charismo Deko3Hair SBS Box,28
6605,"Charismo Deko3Hair Case Box (60mL, 8 1/4 x 7 1/2 x 6 1/4)",28
6606,ORANGE CAP INDUCTION SEAL THERABREATH RINSE PN 1511210/1516846,28
6607,Good Clean Love Restore,0
6608,Good Clean Love Almost Naked,0
6609,Natural L-Lactic Acid HiPure 90%  CAS# 79-33-4,35
6610,Lemon Vanilla Organic Comp P#75.35976,28
6611,"Agar RS 900, Inakanten CS-310 TR CAS# 9002-18-0",28
6612,"4oz Tube, Good Clean Love Almost Naked ENG/FR",90
6613,"4oz Tube, Good Clean Love Almost Naked ENG/SP",90
6614,"Tray, Good Clean Love Almost Naked",90
6615,"Case, Good Clean Love Almost Naked",90
6616,"""Purge""2oz Tube, Good Clean Love Restore",90
6617,"Applicator, Good Clean Love Restore",90
6618,"IFU, Good Clean Love Restore",90
6619,"""Purge"" SBS Box, Good Clean Love Restore",90
6620,"""Purge""Tray, Good Clean Love Restore",90
6621,"Case, Good Clean Love Restore G00-120807",90
6622,"JARS 12oz. POLYPROPYLENE #S-14509B-W, WHITE CAPS",5
6623,P/N 62731 .020 Thick Polyethylene Foam liner for 89mm cap white,30
6624,"FRA-G319 Liner 3.375"" 2 Mil Clear PET S1S Medium Release",28
6625,CAPS 12oz. POLYPROPYLENE #S-14509B-W,30
6626,SHIPPER THERABREATH PN 1509086,35
6627,PN AVAILABLE,28
6628,BOTTLE LABEL THERABREATH RINSE PN 1503671,28
6629,SLIQUID SYBIAN NATURAL INTIMATE LUBRICANT 12/4.2oz CASE,0
6630,"LABEL,SYBIAN NATURAL INTIMATE LUBRICANT 12/4.2oz CASE",28
6631,THERABREATH PLUS RINSE COMPOUNDING,0
6632,"D* 0.5oz Tube, MPM Regenecare MP00101 REV1221",30
6633,Sliquid Organics Silk Compounding,0
6634,"LABEL, SLIQUID Organics Silk 12/4.2oz CASE",28
6635,"LABEL, SLIQUID Organics Silk 16/8.5oz CASE",28
6636,TURN THERAPEUTICS 1 GRAM FLEX COLLAGEN IN VIAL,0
6637,"TURN THERAPEUTICS 1 GRAM FLEX 4"" X 9"" TYVEK/PET POUCH",63
6638,"TURN THERAPEUTICS 1 GRAM FLEX 9.5"" X 1.25"" X 4.5"" SBS CARTON",63
6639,BOX 10 X 10 X 9 S-4978,1
6640,"Bottle, Purple Cosmo 8.5oz - Sliquid",28
6641,"LABEL, SLIQUID Balance Splash Honeydew Cucumber 6/8.5oz Case",28
6642,"TUBE, 4 OZ. (113G), Therabreath Mild Mint Flouride PN:1434925",0
6643,Sliquid Naturals Silk Compounding,0
6644,PINA COLADA FLAVOR W/S,35
6645,GREEN APPLE FLAVOR,35
6646,BLUE RASPBERRY FLAVOR,35
6647,STRAWBERRY POMEGRANATE FLAVOR,35
6648,PINK LEMONADE FLAVOR,35
6649,BLACKBERRY FLAVOR,35
6650,FIG FLAVOR,35
6651,TANGERINE FLAVOR,35
6652,PEACH FLAVOR,35
6653,SLIQUID B-VIBE WATERBASED LUBE 12/4.2oz CASE,0
6654,SLIQUID ATHENA'S SPLASH - SWEET TART - 6/8.5oz CASE,0
6655,SLIQUID BABELUBE SILK 2oz/16 Pack,0
6656,SLIQUID BABELUBE SILK 4.2oz/12 Pack,0
6657,"""PURGE"" 4mL Tube, MPM Regenecare HA MP00108  R1020",84
6658,SLIQUID LE WAND WATERBASED LUBE 12/4.2oz CASE,0
6659,SLIQUID B-VIBE ORGANIC TOY CLEANER - 6/8.5oz CASE,0
6660,SLIQUID LE WAND ORGANIC TOY CLEANER - 6/8.5oz CASE,0
6661,Sliquid Balance Splash Honeydew Cucumber Compounding,0
6662,Cocamidopropyl Betaine CAS#61789-40-0,28
6663,Coco Glucoside,28
6664,Glycol Stearate,28
6665,Carruba CO Extract Blend H8127 WS,28
6666,Benzyl Alcohol/DHA (Lincoserve BDHA ) CAS#100-51-6,28
6667,"LABEL, SLIQUID Balance Splash Unscented 6/8.5oz Case",28
6668,"BOX, Cosmo 8.5oz CASE",28
6669,Sliquid Organics Shine Toy Cleaner Compounding,0
6670,"Bottle, Black Cosmo 8.5oz - Sliquid",28
6671,24/410 Gold Sprayer with Cap - Sliquid,28
6672,"LABEL, Sliquid Organics Shine Toy Cleaner 6/8.5oz Case",28
6673,"24/410 Cap, Green - Sliquid",28
6674,"LABEL, SLIQUID SWIRL (GREEN APPLE) 12/4.2oz CASE",28
6675,"24/410 Cap, Blue - Sliquid",28
6676,"LABEL, SLIQUID SWIRL (BLUE RASPBERRY) 12/4.2oz CASE",28
6677,"24/410 Cap, Purple - Sliquid",28
6678,"LABEL, SLIQUID SWIRL (STRAWBERRY POMEGRANATE) 12/4.2oz CASE",28
6679,"20/410 Cap, Purple - Sliquid",28
6680,"LABEL, SLIQUID SWIRL (STRAWBERRY POMEGRANATE) 16/2oz CASE",28
6681,"24/410 Cap, Pink - Sliquid",28
6682,"LABEL, SLIQUID SWIRL (PINK LEMONADE) 12/4.2oz CASE",28
6683,"24/410 Cap, Light Blue - Sliquid",28
6684,"LABEL, SLIQUID SWIRL (BLACKBERRY FIG) 12/4.2oz CASE",28
6685,"20/410 Cap, Translucent Orange - Sliquid",28
6686,"LABEL, SLIQUID SWIRL (TANGERINE PEACH) 16/2oz CASE",28
6687,"20/410 Cap, Blue - Sliquid",28
6688,"LABEL, SLIQUID SWIRL (BLUE RASPBERRY) 16/2oz CASE",28
6689,SLIQUID SWIRL (TANGERINE PEACH) 12/4.2oz CASE,0
6690,SLIQUID ORGANICS (SENSATION) 12/4.2oz CASE,0
6691,SLIQUID ORGANICS (SENSATION) 6/8.5oz CASE,0
6692,SLIQUID ORGANICS (SENSATION) 16/2oz CASE,0
6693,SLIQUID BALANCE - MASSAGE OIL (TRANQUILITY) 12/4.2oz CASE,0
6694,SLIQUID BALANCE - MASSAGE OIL (SERENITY) 6/8.5oz CASE,0
6695,SLIQUID BALANCE - MASSAGE OIL (REJUVENATION) 6/8.5oz CASE,0
6696,SLIQUID ORGANICS (OCEANICS) 12/4.2oz CASE,0
6697,SLIQUID ORGANICS (OCEANICS) 6/8.5 oz CASE,0
6698,SLIQUID ORGANICS O GEL - STIMULATING AROUSAL GEL - 20/1oz CASE,0
6699,SLIQUID BALANCE - SPLASH (GRAPEFRUIT THYME) 6/8.5oz CASE,0
6700,SLIQUID BALANCE - SPLASH (MANGO PASSION) 6/8.5oz CASE,0
6701,SLIQUID BUCK ANGEL'S T-WASH - 6/8.5OZ CASE,0
6702,SLIQUID SOAK BUBBLE BATH - CHERRY BLOSSOM 6/8.5oz CASE,0
6703,SLIQUID SOAK BUBBLE BATH - GREEN TEA 6/8.5oz CASE,0
6704,SLIQUID SOAK BUBBLE BATH - COCONUT PAPAYA 6/8.5oz CASE,0
6705,***DELETE SLIQUID SATIN 6/8.5oz CASE,0
6706,***DELETE SLIQUID SATIN 12/4.2oz CASE,0
6707,SLIQUID SATIN (MULTILINGUAL) 12/4.2oz CASE,0
6708,SLIQUID RIDE BODYWORX - SILICONE 6/8.5oz CASE,0
6709,SLIQUID RIDE BODYWORX - SILICONE 12/4.2oz CASE,0
6710,SLIQUID RIDE ROCCO - SILICONE LUBE 12/4.2oz CASE,0
6711,SLIQUID SILVER 16/2oz CASE,0
6712,SLIQUID RIDE BODYWORX - SILK 6/8.5oz CASE,0
6713,"Bottle, Black Cosmo 4.2oz - Sliquid",28
6714,"Bottle, Black Cosmo 2.0oz - Sliquid",28
6715,"LABEL, SLIQUID RIDE BODYWORX - SILK 16/2oz CASE",28
6716,"LABEL, SLIQUID RIDE BODYWORX - SILK 12/4.2oz CASE",28
6717,"LABEL, SLIQUID RIDE ROCCO - SILK 6/8.5oz CASE",28
6718,"LABEL, SLIQUID RIDE BODYWORX - WATER 16/2oz CASE",28
6719,"LABEL, SLIQUID RIDE BODYWORX - WATER 12/4.2oz CASE",28
6720,"BOX, Cosmo 4.2oz CASE",28
6721,"LABEL, SLIQUID RIDE ROCCO - WATER BASED LUBE 6/8.5oz CASE",28
6722,Sliquid Silicone Liquid,28
6723,"LABEL, SLIQUID RIDE BODYWORX - SILICONE 16/2oz CASE",28
6724,"LABEL, SLIQUID SILVER 12/4.2oz CASE",28
6725,"LABEL, SLIQUID SILVER (MULTILINGUAL) 12/4.2oz CASE",28
6726,Sliquid Coconut Oil Compounding,0
6727,"Bottle, Green Cosmo 2.0oz - Sliquid",28
6728,"LABEL, SLIQUID SOUL (COCONUT OIL) 16/2oz CASE",28
6729,Sliquid Balance (Escape) Compounding,0
6730,"Bottle, Amber Cosmo 8.5oz - Sliquid",28
6731,"LABEL, SLIQUID BALANCE - MASSAGE OIL (ESCAPE) 12/4.2oz CASE",28
6732,"LABEL, SLIQUID BALANCE - MASSAGE OIL (ESCAPE) 6/8.5oz CASE",28
6733,"Bottle, Amber Cosmo 4.2oz - Sliquid",28
6735,"LABEL, SLIQUID BUCK ANGEL'S T-LUBE 12/4.2oz CASE",28
6736,Bedroom Kandi - Bubble Bath - Cherry Blossum Compounding,0
6737,Bedroom Kandi for Men - Eros - Body Lotion Compounding,0
6738,"LABEL, Bedroom Kandi  Bubble Bath - Cherry Blossum 6/8.5oz Case",0
6739,24/410 Black Lotion Pump - Sliquid,28
6740,"LABEL, SLIQUID Bedroom Kandi for Men  Eros - Body Lotion - 6/8.5",28
6741,"Bottle, Grey Cosmo 4.2oz - Sliquid",28
6742,"Bottle, Grey Cosmo 8.5oz - Sliquid",28
6743,24/410 Black Sprayer with Cap - Sliquid,28
6744,24/410 Black Disc Cap - Sliquid,28
6745,"LABEL, SLIQUID B-VIBE WATERBASED LUBE 12/4.2oz CASE",28
6746,"LABEL, SLIQUID LE WAND WATERBASED LUBE 12/4.2oz CASE",28
6747,"LABEL, SLIQUID B-VIBE ORGANIC TOY CLEANER - 6/8.5oz CASE",28
6748,"LABEL, SLIQUID LE WAND ORGANIC TOY CLEANER - 6/8.5oz CASE",28
6749,SLIQUID SPLASH MANGO PASSION COMPOUNDING,0
6750,"LABEL, SLIQUID ATHENA'S SPLASH - SWEET TART - 6/8.5oz CASE",28
6751,"LABEL, SLIQUID BABELUBE SILK 2oz/16 Pack",28
6752,"LABEL, SLIQUID BABELUBE SILK 4.2oz/12 Pack",0
6753,HONEYDEW CUCUMBER M-5742 SP17,35
6754,"""PURGE"" BOTTLE LABEL THERABREATH DRY MOUTH PN 1519456",35
6755,Sliquid Organics Sensation Compounding,0
6756,"LABEL, SLIQUID ORGANICS (SENSATION) 12/4.2oz CASE",0
6757,"24/410 Cap, Translucent Orange - Sliquid",28
6758,"LABEL, SLIQUID SWIRL (TANGERINE PEACH) 12/4.2oz CASE",28
6759,Sliquid Balance (Rejuvenation) Compounding,0
6760,Sliquid Balance (Serenity) Compounding,0
6761,Sliquid Balance (Tranquility) Compounding,0
6762,"LABEL, SLIQUID BALANCE - MASSAGE OIL (TRANQUILITY) 12/4.2oz CASE",28
6763,"LABEL, SLIQUID BALANCE - MASSAGE OIL (SERENITY) 6/8.5oz CASE",28
6764,"LABEL, SLIQUID BALANCE - MASSAGE OIL (REJUVENATION) 6/8.5oz CASE",28
6765,"Bottle, Green Boston Round 4.2oz - Sliquid",28
6766,"Bottle, Green Boston Round 8.5oz - Sliquid",28
6767,Sliquid Organics Oceanics Compounding,0
6768,"LABEL, SLIQUID ORGANICS (OCEANICS) 12/4.2oz CASE",28
6769,"LABEL, SLIQUID ORGANICS (OCEANICS) 6/8.5 oz CASE",28
6770,"Bottle, Blue Boston Round 1.0oz - Sliquid",28
6771,SLIQUID ORGANICS O GEL COMPOUNDING,0
6772,20/410 White / Aluminum Pump - Sliquid,28
6773,"LABEL,  ORGANICS O GEL - STIMULATING AROUSAL GEL - 20/1oz CASE",28
6774,"BOX, BRS 1.0oz CASE",28
6775,SLIQUID BALANCE - SPLASH (GRAPEFRUIT THYME) COMPOUNDING,0
6776,SLIQUID BALANCE - SPLASH (MANGO PASSION) COMPOUNDING,0
6777,"LABEL, SLIQUID ORGANICS (SENSATION) 6/8.5oz CASE",28
6778,"LABEL, SLIQUID ORGANICS (SENSATION) 16/2oz CASE",28
6779,"Bottle, Blue Cosmo 8.5oz - Sliquid",28
6780,"LABEL, SLIQUID BALANCE - SPLASH (GRAPEFRUIT THYME) 6/8.5oz CASE",28
6781,"LABEL, SLIQUID BALANCE - SPLASH (MANGO PASSION) 6/8.5oz CASE",28
6782,Sliquid Splash Heart Throb Compounding,0
6783,"LABEL, SLIQUID BUCK ANGEL'S T-WASH - 6/8.5OZ CASE",28
6784,Sliquid Soak (Cherry Blossom) Compounding,0
6785,"LABEL, SLIQUID SOAK BUBBLE BATH - CHERRY BLOSSOM 6/8.5oz CASE",28
6786,Sliquid Soak (Green Tea) Compounding,0
6787,LABEL. SLIQUID SOAK BUBBLE BATH - GREEN TEA 6/8.5oz CASE,28
6788,Sliquid Soak (Coconut Papaya) Compounding,0
6789,"LABEL, SLIQUID SOAK BUBBLE BATH - COCONUT PAPAYA 6/8.5oz CASE",28
6790,"LABEL, SLIQUID SATIN (MULTILINGUAL) 12/4.2oz CASE",28
6791,"Bottle, Blue Cosmo 2.0oz - Sliquid",28
6792,Bottle Blue Boston Round 8.5oz - Sliquid,28
6793,"LABEL, SLIQUID RIDE BODYWORX - SILICONE 6/8.5oz CASE",28
6794,"LABEL, SLIQUID RIDE BODYWORX - SILICONE 12/4.2oz CASE",28
6795,"LABEL, SLIQUID RIDE ROCCO - SILICONE LUBE 12/4.2oz CASE",28
6796,"LABEL, SLIQUID SILVER 16/2oz CASE",28
6797,"LABEL, SLIQUID RIDE BODYWORX - SILK 6/8.5oz CASE",28
6798,Sliquid Organics Silk 16/2.0oz CASE,0
6799,Sliquid Naturals Satin 16/2oz Case,0
6800,"LABEL, Sliquid Organics Silk 16/2.0oz CASE",28
6802,"LABEL, Sliquid Naturals Satin 16/2oz Case",28
6803,SLIQUID SILVER 6/8.5oz CASE,0
6804,"LABEL, SLIQUID SILVER 6/8.5oz CASE",0
6805,"TUBE, 4 OZ. (113G), Therabreath Mild Mint NonF- JAPAN PN:1517507",35
6806,"""PURGE"" BOTTLE LABEL THERABREATH RINSE (EXPORT) PN 1521607",35
6807,PLUS POWER DROPS .5OZ (BULK),0
6808,"MEDLINE MSC2705 PRTD SUB PPG-30  10.5""",49
6809,Racemic Lactic Acid Synthetic CAS# 50-21-5,35
6810,"""Purge""CARTON, Therabreath Mild Mint w/F, USA PN:1522871",35
6811,"TUBE, 4 OZ. (113G), AG GEL 1.0, FULL COLOR, SC",28
6812,"ARGENTUM 2.5"" X 3.0"" PRTD ISLND DRSNG CE",0
6813,"ARGENTUM 3.0"" X 4.0 PRTD ISLND DRSNG CE",0
6814,"ARGENTUM 4.0"" X 4.0"" PRTD ISLND DRSNG CE",0
6815,"ARGENTUM 4.0"" X 6.0"" PRTD ISLND DRSNG CE",0
6816,"ARGENTUM 4.0"" X 8.0"" PRTD ISLAND DRSNG CE",0
6817,"ARGENTUM 6.0"" X 6.0"" PRTD ISLAND DRSNG CE",0
6818,"ARGENTUM 4.0"" X 10.0"" PRTD ISLAND DRSNG CE",0
6819,"Biofilm Astroglide 2.0, 2.5 oz S, 24/3, SC PN 98021101",0
6820,"ARGENTUM 4.0"" X 12.0"" PRTD ISLAND DRESSING CE",0
6821,"ARGENTUM 4.0"" X 14.0"" PRTD ISLAND DRSNG CE",0
6822,"CARTON, Therabreath Mild Mint w/F, CANADA PN:1519960",35
6823,Shipper Case PN: 1471917/1471918,35
6824,CAPS POLYPROPYLENE 89/400 WHITE BULK,1
6825,Charismo Deko3Pill Divider Half/Die Cut Blank,28
6826,Charismo Deko3Hair Compounding,0
6827,"DESERT HARVEST ALOE GLIDE, 2 oz",0
6828,"DESERT HARVEST ALOE GLIDE, 8 oz",0
6829,"DESERT HARVEST ALOE GLIDE, 16 oz",0
6830,Polysorbate-60 CAS#9005-67-9,0
6831,Polyquaternium-10 CAS#81859-247,0
6832,Licorice Root Extract - GL CAS# 84775-66-6,0
6833,Marshmallow Extract - GL,0
6834,Natapres,0
6835,"11.0"" x 13.54"" ALUMI-HAND Tyvek/PET Corner Peel Pouch",75
6836,"13.19"" x 17.04"" ALUMI-HAND Tyvek/PET Corner Peel Pouch",75
6837,"ALUMI-HAND XL 761 .040"" SBS CARTON 13.75""X3.0"" X 13.5""",60
6838,"ALUMI-HAND LARGE 760 .040"" SBS CARTON 13.75""X3.0"" X 13.5""",60
6839,"10038940 40""x46"" 1.5MIL Blk Liner",1
6840,SBS BOX MEDLINE GENTAC MSC1585,60
6841,BOX 8 X 8 X 4  #S-4082,1
6842,"BOTTLE, BIOFILM 2.5 OZ S PETE",35
6843,"LABEL, BIOLFILM, 2.5 OZ S FRONT, AG 16020021 L",35
6844,"LABEL, BIOFILM, 2.5 OZ S, BACK, AG 2.0, SC 16800019 B",35
6845,"CARTON, BIOFILM AG 2.0, 2.5 OZ WIN, REVERSE TUCK, SC",35
6846,"CARTON, BIOFILM SHIPPER, 2.5 OZ S, AG 24/3 WLM SC 15020028 REV E",42
6847,"9.375"" Aluminum 1100-0 .032"" thk",30
6848,"TUBE, 4OZ (113G)Therabreath Mld Mint NonFlour PN:1567730/1567731",35
6849,192.7 PCH STK CAT OVERLAY #3  24 IN #10003923,70
6850,"MEDLINE MSC2701 PRTD PPG-30  7.25""",0
6851,"POUCHING PET SLIT SUB 7.25""",0
6852,BOX 6 X 6 X 4  S-22104,0
6853,THERABREATH DENTIFRICE 4 OZ TUBE 00580R3 #1528009,35
6854,OVERLABEL MPM COOL MAGIC 6X8,21
6855,"LIDOPRO OINTMENT, 4.0 wt. oz.",0
6856,TB CHARCOAL PASTE 3.5OZ-100G (BULK) PN 1530502,0
6857,"Good Clean Love Restore, 2oz., 500161-ST",0
6858,"""PURGE""BOTTLE LABEL POWER PLUS DROPS PN 1527236",30
6859,BM 2112 NEW ZEALAND BOVINE COLLAGEN DOUGH,49
6860,"3oz Tube, MPM Hydrogel Dressing MP00006 R12/21",30
6861,CAPS POLYPROPYLENE 14.2mm  X 91.5mm WHITE BULK w/dual liners,90
6862,MSC2712 REL. LNR SLIT SUB - PHOENIX,0
6863,"MSC2712 PRTD REL LNR 4.875""",0
6864,MSC2712 PPG-30 PRINT SUB,0
6865,"MSC2712 PRTD REL LNR 8.625""",0
6866,"78# RELEASE LNR 8.625""",0
6867,"78# RELEASE LNR 4.875""",0
6868,"CLEAR POUCHING PET 9.8"" SLIT SUB",0
6869,"3M 9833 12.0""",60
6870,"BOX  15"" X 10"" X 5""  S-4411",1
6871,BOX - 8X6X8  S-16702,1
6872,Charismo Deko3 Shrink Sleeve,10
6873,MEDLINE MSC2605 PRTD PPG-30,0
6874,MEDLINE MSC2610 REL LNR SLIT SET,0
6875,MEDLINE MSC2610 PRTD REL LNR SET,0
6876,"3M 9833 10.5""",0
6877,"ESP PROCESS LNR 11.0""",0
6878,"MEDLINE MSC2610 PRTD PPG3- 10.5""",0
6879,"""PURGE"" BOTTLE LABEL THERABREATH DRY MOUTH PN 1530864/1530865",28
6880,"MSC2706 PRTD REL LNR 6.5""",0
6881,"MEDLINE MSC2706 PRTD PPG-30 SUB 7.375""",49
6882,"MSC 2706 PRTD REL LNR 4.0""",0
6883,AMMONIUM ACRYLOYLDIMETHYLTAURATE/ARISTOFLEX 923-058-7,28
6884,CHAMOMILLA RECUTITA MATRICARIA FLOWER EXTRACT CAS# 84082-60-0,28
6885,ETHYLHEXYLGLYCERIN CAS# 70445-33-9,28
6886,INULIN LAURYL CARBAMATE CAS# 478483-27-1,35
6887,PEG-100 STEARATE  CAS# 9004-99-3,0
6888,D* PHENOXYETHANOL CAS# 122-99-6,28
6889,METHYL SALICYLATE CAS#119-36-8,35
6890,MENTHOL CAS# 89-78-1,28
6891,1% CAPSAICIN CAS# 404-86-4,0
6892,TERRAIN PAIN CREAM (LIDOPRO),0
6893,CS LIDOPRO 4 oz. TUBES,28
6894,THERABREATH CHARCOAL TOOTHPASTE COMPOUND,0
6895,CHARCOAL POWDER CAS# 16291-96-6 KOSHER Coconut Activated,60
6896,"TUBE, 3.5 oz. (105g), Therabreath Charcoal Toothpaste PN 1533772",28
6897,"MSC2710 PRTD REL LNR SUB 7.5""",0
6898,"MEDLINE MSC2710 PRTD PPG30 10.5"" SUB",0
6899,"MSC2710 PRTD REL LNR SUB 5.0""",0
6900,"EASY REL 53# LNR 7.5""",28
6901,D* ASCORBIC ACID CAS# 50-81-7  KOSHER,28
6902,SENSOR CARD MOXI GO TYPE S (SUB),35
6903,"MSC2206 PRTD REL LINER 4.75"" SUB",0
6904,"MSC2206 PRTD/SLIT REL LINER 1.75"" SUB",0
6905,"MSC2206 PRTD MACTAC TM5170 VISODERM  8.0""",0
6906,3M 1530L 6.0 IN,0
6907,"MEDLINE MSC2206 PRTD PPG-30 14.625""",49
6908,BOX - S-19101  10 X 8 X 12,1
6909,"MACTAC TM5170 PRTD  -  VISODERM  4.5""",0
6910,"MEDLINE MSC2204 PRTD 78# EASY RELEASE LNR 4.75""",0
6911,MEDLINE MSC2204  53# PRTD EASY REL LNR,0
6912,"MEDLINE MSC2204 PRTD PPG30  10.5""",0
6913,MSC2002 PRTD REL LINER SET,0
6914,BOTTLE CAP THERABREATH PLUS RINSE PN 1508703,28
6915,"MEDLINE MSC2002 PRTD PPG30 10.5""",0
6916,Natural Spearmint SP-20337 FLAV WONF - KOSHER,35
6917,"Good Clean Love Almost Naked, 4oz. Eng/Fr",0
6918,"Good Clean Love Almost Naked, 4oz. Eng/Sp",0
6919,"""PURGE"" DERMA CATH STRIP CARTON CS-50 USA Rev 2",90
6920,CS NATROSOL 250HHR CAS# 9004-62-0,30
6921,METAMATRIX (META20)  SURGICAL COLLAGEN POWDER 5 ML,0
6922,MPM  (META10) SURGICAL COLLAGEN POWDER 2.5 ML,0
6923,"CUDERM - .875"" BLACK FOAM CIRCLE",0
6924,"NONWOVEN, INDIVIDUAL BAG WITHOUT ROPE OST0003",80
6925,"BIOFILM 5 OZ S, BACK, AG 2.0, SC - PN 16801001",35
6926,CT 303 Shrink Film 18 IN 42 GA,35
6927,TRAY 11-7/8 X 2-5/8 X 2-7/8  .020 SUS,21
6928,"BAG, AP2363.1 Arena Starfish, 3Ply Liquid Liner Bag",0
6929,NEXGEL SILVER SEAL 2X3 HYDROGEL DRESSING,0
6930,NEXGEL TURF GUARD 2X3 HYDROGEL DRESSING,0
6931,"ASTROGLIDE PRINTED MASTER BOX, 4 OZ. GEL, 24/3 #158000408",10
6932,"1012 HYDROPHILIC PU FOAM 3mm 1.25""(31.75mm) FPM 3139.460(SUB)",7
6933,"NEXGEL SILVERSEAL 13.78"" PRINTED FOIL PACKAGING 202.1",90
6934,JARS 89MM SWPP WHITE UNPRINTED,90
6935,"""PURGE""Green Tea Leaf in Glycerin (3345L) CAS# 56-81-5 KOSHER",28
6936,"POUCHING PET SLIT SUB 7.375""",0
6937,"CS Premiere Enterprises OVER LABEL 1.5"" X 0.375""",21
6938,CS MDM RAW HONEY CAS# 8028-66-8,0
6939,NEXGEL SILVERSEAL SBS CARTON 4x1.25x4.75,90
6940,NEXGEL SILVERSEAL IFU,90
6941,"META10 OVER LABEL 3.5"" X 8.5""",21
6942,"META20 OVER LABEL 3.5"" X 8.5""",21
6943,Open part number,90
6944,SBS CTN CURAD NASAL TUBE HOLDER CURNASTUB50,60
6945,"CoMatryx Surgical 2.5mL .018"" SBS CARTON 4.25"" X1.0"" X 9.25""R322",60
6946,"COMATRYX SURGICAL 5mL COLLAGEN POUCH TYVEK/POLY 4.0"" X 9.055""",112
6947,SENSOR CARD MOXI Z TYPE 11499-202 REV B (SUB),42
6948,SENSOR CARD MOXI Z TYPE M (SUB) 11499-201 Rev B,35
6949,"NEXGEL TURFGUARD 13.78"" PRINTED FOIL PACKAGING",90
6950,NEXGEL TURFGUARD SBS CARTON 4x1.25x4.75,90
6951,NEXGEL TURFGUARD IFU,90
6952,"MEDLINE MSC2104 PRTD PPG-30 10.5""",0
6953,"TYVEK/POLY CHEVRON POUCH 4.0"" X 9.0"" UNPRINTED",60
6954,"AMYRIS VAG OF HONOR, 50mL",0
6955,"AMYRIS VAG OF HONOR, 15mL",0
6956,"AMYRIS VAG OF HONOR, 5mL",0
6957,"AMYRIS OH MY GLIDE, 100mL",0
6958,"AMYRIS OH MY GLIDE, 15mL",0
6959,METAMATRIX SURGICAL COLLAGEN DRSG 2 X 2 MP00386,0
6960,METAMATRIX SURGICAL COLLAGEN DRSG 4 X 5 MP00388,0
6961,METAMATRIX SURGICAL COLLAGEN DRSG 7 X 7 MP00389,0
6962,"CARTON, BIOFILM ASTROGLIDE 2.0, 5 FL. OZ. WINDOW, SC 14800802",42
6963,"Good Clean Love Almost Naked, 1.5 oz. 200626-ST",0
6964,"Good Clean Love Almost Naked, 1.5 oz. 200626EXP-ST",0
6965,"3M 1533L 4.75""",35
6967,"CS NEXGEL HYDROGEL W/SILVER 14.0"" NEX-920602-B",0
6968,"CS NEXGEL 0.007"" BLUE LDPE LINER 16.75""",0
6969,"BLUE HDPE REL. LINER 4.0""",0
6970,"BLUE HDPE REL. LINER 2.375""",0
6971,"FMP-413 4 MIL HDPE 11.01""",84
6972,BOX - 10 X 7 X 9 SHIPPER CASE S-21062,2
6973,"AMYRIS VAG OF HONOR, VAGINAL TREATMENT COMPOUNDING",0
6974,"AMYRIS OH MY GLIDE, VAGINAL LUBRICANT COMPOUNDING",0
6975,CS Squalane CAS# 111-01-3,30
6976,CS Ectoin CAS#96702-03-3,30
6977,Glycogen CAS# 9005-79-2,42
6978,99% Capsaicin CAS#404-86-4,42
6979,Grapefruit Seed Oil CAS# 90045-43-5,30
6980,Coconut Oil Virgin CAS# 8001-31-8 EXTRA VIRGIN ORGANIC,30
6981,Shea Butter Refined CAS# 91080-23-8,30
6982,"Vegeline 65 CAS# 8001-79-4, CAS# 8001-78-3, CAS# 8015-86-9",30
6983,Avocado Oil CAS# 8024-32-6,24
6984,CS Bisabolol CAS# 23089-26-1,0
6985,"1.5oz Tube, Good Clean Love Almost Naked",90
6986,"Divider, Good Clean Love Almost Naked",90
6987,"Case, Good Clean Love Almost Naked",90
6988,Glyceryl Monostearate CAS# 123-94-4,0
6989,"""PURGE"" 0.5oz Tube, MPM Regenecare MP00101",30
6990,"NEXGEL 4"" X 3"" HYDROGEL DRESSING",0
6991,"CS ""CE"" ARGENTUM DELSTAR SILVER PAD 2""",35
6992,PHARMCHEM DRUGS OF ABUSE PATCH / UDI 50CT,0
6993,PHARMCHEM DRUGS OF ABUSE PATCH UDI  10CT,0
6994,PHARMCHEM OVERLAY W/HOLE 25CNT REV.4  NS,0
6995,PHARMCHEM PRINTED PPG-30 PPR 14.125 IN,98
6996,PHARMCHEM 2x3  50 COUNT SBS CARTON,60
6997,PHARMCHEM 2x3  10 COUNT SBS CARTON,60
6998,"PHARMCHEM PRINTED PPG-30 16.625""  4x5 OVERLAY 25 Count",98
6999,PHARMCHEM 4x5 OVERLAY 25 COUNT SBS CARTON,60
7000,EASY REL 78# PHARMCHEM PRTD LNR 4.625 IN,0
7001,AMYRIS Stripes VAG OF HONOR Sachet Bulk,0
7002,"UNPRINTED .016 SBS CARTON 3.625"" X 0.5"" X 4.625""",60
7003,"UNPRINTED .016 SBS CARTON 6.25"" X 1.0"" X 8.25""",60
7004,"UNPRINTED .016 SBS CARTON 9.5"" X 1.0"" X 13.5""",60
7005,"""PURGE"" OVERLABEL MPM COOL MAGIC 6X8",21
7006,"Perforated Beige Film 12"" x 18"" Sheet",60
7007,BOTTLE LABEL THERABREATH PLUS POWER DROPS PN 1479961,30
7008,"""PURGE""Cardinal Box Printed 1115 RSC, 3.75"" x 3.75"" x 40"" 32 ECT",21
7009,"Cardinal Pouching 8.75"" Adh Dressing  Natural Latex 41122",64
7010,Cardinal SBS Reverse Tuck 6017,60
7011,Cardinal SBS Reverse Tuck 7643,60
7012,"Cardinal Pouching 9.5"" 7539LF Latex Free",64
7013,"Cardinal SBS Auto-Bottom, Tuck Top 7539LF",60
7014,"Cardinal Pouching 8.75"" 9640 Natural Latex 41122",64
7015,Cardinal SBS Reverse Tuck 9640,60
7016,"Cardinal Pouching 8.75"" 9642 Natural Latex 41122",64
7017,Cardinal SBS Reverse Tuck 9642,60
7018,CS Global Insert Amyris Stripes Vag of Honor - 1004565,0
7019,CS Global Insert Amyris Stripes Oh My Glide - 1004568,0
7020,"CS NRE Glass Bottle, 50 mL Amyris Vag of Honor",0
7021,CS Glass Bottle 50 mL Amyris Vag of Honor -1004450,0
7022,CS NRE Glass Bottle 100 mL Amyris Oh My Glide,0
7023,CS Glass Bottle 100 mL Amyris Oh My Glide - 1004507,0
7024,CS NRE Cap for Amyris 50mL and 100mL,0
7025,CS Cap for Amyris 50mL and 100mL - 1004855,0
7026,CS NRE Pump 50 mL Amyris Vag of Honor,0
7027,CS Pump 50 mL Amyris Vag of Honor - 1004449,0
7028,CS NRE Pump 100 mL Amyris Oh My Glide,0
7029,CS Pump 100 mL Amyris Oh My Glide - 1004506,0
7030,"CS SBS Box 50mL Amyris VOH, 2.18"" x 2.18"" x 5.18""  - 1004566",0
7031,CS SBS Corrugate Insert 50 mL Amyris VOH - 1004567,0
7032,"CS SBS Box 100mL Amyris OMG, 2.45"" x 2.45"" x 6.45"" - 1004569",0
7033,CS SBS Corrugate Insert 100mL Amyris OMG - 1004570,0
7034,"CS NRE 15mL Airless Bottle, Amyris",0
7035,"CS 15mL Airless Bottle Vag of Honor, Amyris - 1004774",0
7036,"CS NRE 15mL Airless Cap/Pump, Amyris",0
7037,"CS 15mL Airless Cap/Pump, Amyris - 1004767",0
7038,"CS SBS Box 15mL Amyris, VOH 1.05"" x 1.05"" x 3.7""-1004808",0
7039,"CS NRE 5mL Airless Bottle, Amyris Vag of Honor",0
7040,"CS 5mL Airless Bottle, Amyris Vag of Honor - 1004777",0
7041,"CS NRE 5mL Airless Cap/Pump, Amyris Vag of Honor",0
7042,"CS 5mL Airless Cap/Pump, Amyris VOH - 1004766",0
7043,"CS SBS Box 5mL, Amyris VOH 0.83"" x 0.83"" x 3.17"" - 1004849",0
7044,192.7 PCH STK CAT OVERLAY 1&2 ITALY 22 IN,182
7045,"MPM TRIPLE HELIX COLLAGEN 4""X5"" MP00374",0
7046,"MPM TRIPLE HELIX COLLAGEN 8""X12"" MP00378",0
7047,"""PURGE"" META10 OVER LABEL 3.5"" X 8.5""",21
7048,"""PURGE"" META20 OVER LABEL 3.5"" X 8.5""",21
7049,"""PURGE"" METAMATRIX 4X5 PAD OVER LABEL 5.0"" X 7.0""",21
7050,"CS 15mL Airless Bottle Oh My Glide, Amyris - 1004776",0
7051,"CS SBS Box 15mL Amyris, OMG 1.05"" x 1.05"" x 3.7"" - 1004848",0
7052,CS MDM Honey,0
7053,"MPM 4X5 COLLAGEN PAD PRINTED POUCH 6.0"" X 8.0""",120
7054,"MPM 4X5 COLLAGEN PAD SBS .016"" CARTON 6.25"" X 1.0"" X 8.25""",90
7055,"TYVEK POUCH 10"" X 17.279"" - MPM 8""X12"" COLLAGEN DRESS",120
7056,"SBS CARTON - 10.25"" x 1.0"" x 17.375"" MP00378  COLLAGEN DRSG",90
7057,D* SODIUM HYALURONATE (Hyaluronic Acid) CAS# 9067-32-7,56
7058,"NEXGEL 4.0"" X 3.0"" HYDROGEL DRESSING BULK",0
7059,NEXGEL 2X3 MOIST BURN PAD,0
7060,NEXGEL 3X4 MOIST BURN PAD,0
7061,NEXGEL COLD SORE PATCH,0
7062,"METAMATRIX 7X7 PAD OVER LABEL 8.0"" X 12.0""",21
7063,NEXT SCIENCE Oraderm 1.0 oz BLASTX WOUND GEL,0
7064,"NEXT SCIENCE 0.25 oz. WOUND GEL BLASTX (12-Pack, 144-Assembly)",0
7065,"NEXGEL 3.5"" BLUE REL LINER",0
7066,"NEXGEL 4.667"" BLUE REL LINER",0
7067,"METAMATRIX 2X2 PAD OVER LABEL 3.0"" X 4.0""",21
7068,"""PURGE""MEDIPLAST 11.9685""(304mm) AFO 185-001 PAPER/LDPE/FOIL LAM",60
7069,"""PURGE"" SBS BOX CURAD MEDIPLAST CUR01496",45
7070,"""PURGE"" CASE CARTON CURAD MEDIPLAST CUR01496",45
7071,CASE LABEL CURAD MEDIPLAST CUR01496,30
7072,BLASTX WOUND GEL BULK,0
7073,"Polaxamer 407 CAS# 9003-11-6, Pluracare F 127NF",70
7074,BOTTLE LABEL PLUS RINSE PN 70100207,0
7075,POLYETHYLENE GLYCOL 3350 NF CAS# 25322-68-3,30
7076,BENZALKONIUM CHLORIDE CAS# 8001-54-5,30
7077,"AMCOR PPG-30 PCKG PAPER 7.25 IN, PRECISION MED PRINTED",0
7078,"METAMATRIX SURGICAL 3""x3"" COLLAGEN DRSG MP00387",0
7079,"METAMATRIX SURGICAL 8""x12"" COLLAGEN DRSG MP00384",0
7080,MDM EZ HONEY ULTRA BULK,0
7081,MDM HONEY,0
7082,MDM EZ HONEY ULTRA 6 OZ,0
7083,POLYETHYLENE GLYCOL 400 NF CAS# 25322-68-3,30
7084,"AMCOR PPG-30 PCKG PAPER 7.25 IN, PRECISION MED PRINTED",90
7085,"ACM MP00329 OVER-LABEL 9.5"" X 16.5""",28
7086,MDM EZ HONEY ULTRA 0.5 OZ,0
7087,EASTPRINT 5.46 X 20.875,0
7088,MEDLINE MSC2204 CASE LABEL,30
7089,MEDLINE MSC2206 CASE LABEL,0
7090,LINKS MEDICAL MANUKAH HONEY,60
7091,"MPM TRIPLE HELIX COLLAGEN 3""X3"" MP00319",0
7092,ASP FORMULA CX DETERGENT 1 GALLON,0
7093,"CS NEXGEL 0.007"" BLUE LDPE LINER 4.0"" / 2.375"" SET",0
7094,ASP FORMULA CX DETERGENT BULK,0
7095,EVERIS PRECISE FREE,30
7096,GLYCINE CAS#56-40-6,0
7097,SODIUM GLUCONATE CAS#527-07-1,0
7098,DEHYPON LS 54 CAS#68439-51-0,0
7099,DISSOLVINE GL-47-S CAS#51981-21-6,0
7100,COLA TROPE OD,30
7101,ASP CX DETERGENT 1 GALLON BOTTLE,42
7102,ASP 1 GALLON BOTTLE LABEL,0
7103,ASP 1 GALLON BOTTLE CAP,42
7104,ASP 1 GALLON CARTON,0
7105,ASP 1 CX DETERGENT IFU,0
7106,ASP 1 GALLON BOTTLE PUMP,0
7107,"Perforated Beige Film P530BRN 12.0""",45
7108,"CS NEXGEL 0.007"" BLUE LDPE LINER 4.0"" / 2.375"" SET",0
7109,Mixed Tocopherols 95 PC:5002893 CAS#1406-66-2,30
7110,BOX 14 x 9 x 6 #S-16735,0
7111,BOX 10 x 7 x 4 #S-4708,0
7112,BOX 8 x 6 x 4 #S-4080,0
7113,BOX 15 x 11 x 7 #S-4624,0
7114,SBS BOX MEDLINE GENTAC MSC1583,60
7115,"42 GSM LINER 7.0""",28
7116,"42 GSM LINER 4.0""",56
7117,"42 GSM LINER 6.0""",56
7118,MDM EZ HONEY ULTRA 1.5 OZ,0
7119,"""PURGE8oz Bottle, Antiseptic Wound & Skin Cleanser MP00032 R0322",60
7120,"""PURGE"" Green Tea Phytobasic in PG with Liquipar 3345L - KOSHER",28
7121,"3M1513  6.0""",0
7122,"3M2476P  6.25""",0
7123,"3SIGMA 2MIL CLEAR  6.0""",0
7124,"CS NEXGEL .007MIL BLUE LDPE LINER 9.875""",0
7125,PLUS PMint Rinse 16oz (12pk. EXP),0
7126,BOTTLE LABEL THERABREATH RINSE (EXPORT) PN 1546860,35
7127,SHIPPER THERABREATH RINSE (EXPORT) PN 1541037,35
7128,"TKL AHLSTROM PAD SINGLE .75"" X .75""",0
7129,"Good Clean Love Almost Naked, 4 oz Kroger",0
7130,"1,3-propanediol CAS#504-63-2",0
7131,Hexylene Glycol CAS#107-41-5,0
7132,Vitamin E TPGS CAS#9002-96-4,0
7133,Vella 1.1 Bulk,0
7134,THERABREATH CBD RINSE 4/3 PK 16 oz,0
7135,MDM EZ HONEY ULTRA 1.5 OZ,0
7136,"JAR OVER LABEL, Vellabio Women's Pleasure Serum",0
7137,TYVEK 1059B 8.75 IN,42
7138,"MEDLINE SUREFILM .018 SBS CARTON 2"" X 11yd MSC2402",60
7139,"CoMatryx Surgical 5mL .018"" SBS CARTON 4.25"" X 1.0"" X 9.25""",60
7140,"77 Gallon Drum, Cover w/Lever Lock Ring Closure #56W77B",30
7141,TYVEK 1059B 30.5 IN MASTER ROLL,42
7142,"""PURGE"" TYVEK 1059B 18.25 IN MASTER ROLL",42
7143,"""PURGE"" MEDLINE 1/4 X 1.5 PRTD TYVEK NON250114  7.25""",0
7144,"""PURGE"" MEDLINE 1/4 X 3 PRTD TYVEK NON250314  7.25""",0
7145,"""PURGE"" MEDLINE 1/4 X 4 PRTD TYVEK NON250414  8.75""",0
7146,"""PURGE"" MEDLINE 1/2 X 4 PRTD TYVEK NON250412  8.75""",0
7147,"""PURGE"" MEDLINE 1/8 X 3 PRTD TYVEK NON250318  7.25""",0
7148,"SBS BOX, Vellabio Women's Pleasure Serum 1-74129-1-1-1",0
7149,NEXT SCIENCE 0.25 oz. WOUND GEL BLASTX (72-Assembly),0
7150,NEXT SCIENCE 0.25 oz. WOUND GEL BLASTX (40) WG-0020-40,0
7151,"UNPRTD TYVEK 8.75""",0
7152,URGO - VASHE 118 ml Flip Top 00312,0
7153,URGO - VASHE 250 ml Flip Top 00313,0
7154,URGO - VASHE 475 ml Flip Top 00314,0
7155,URGO - VASHE 250 ml Instill 00316,0
7156,URGO - VASHE 475 ml Instill 00317,0
7157,URGO - VASHE 1 L Instill 00323,0
7158,URGO - VASHE 1 L Flip Top 00322,0
7159,URGO - VASHE 250 ml OTC Flip Top 00405,0
7160,URGO - VASHE BULK WOUND SOLUTION,0
7161,"URGO - 118 ml Bottle Capri Oval PET, 24/410",90
7162,PURGE Black Flip Top Cap 24/410 w/Lift 'n' Peel LNR 3 mm orifice,63
7163,URGO - 118 ml (4 oz) Bottle Label Front Vashe / RM7271,30
7164,"""PURGE"" URGO - 118 ml (4 oz) Bottle Label Back 00312",60
7165,URGO- Partition - 6 x 4 Cells Vashe 4oz/118ml,28
7166,"""PURGE"" URGO - 9-11/16 x 9-5/16 x 5-3/8 Box",0
7167,URGO - 118 ml Flip Top Thermal Transfer Box Label 2.5 x 5,0
7168,"URGO - 250 ml Bottle Domed Oval PET, 24/410",70
7169,URGO - 250 ml Bottle Label Front / RM7297,60
7170,"""PURGE"" URGO - 250 ml Bottle Label Back 00313",60
7171,URGO - Partition - 3 x 4 Cells Vashe 8.5oz/250ml,28
7172,"""PURGE"" URGO - 8-1/2 x 8-1/8 x 7-1/8 Box",45
7173,URGO - 250 ml Flip Top Thermal Transfer Label 2.5 x 5,0
7174,475 ml Bottle Capri Oval PET 28/410,70
7175,Black Flip Top Cap 28/410 w/Lift 'n' Peel Liner 3mm orifice,49
7176,URGO - 475 ml Bottle Label Front / RM7306,60
7177,"""PURGE"" URGO - 475 ml Bottle Label Back 00314",60
7178,URGO - Partition - 3 x 4 Cells Vashe 16oz/475ml,28
7179,URGO - 10-1/16 x 8-3/8 x 7-1/8 Box,45
7180,URGO - 475 ml Flip Top Thermal Transfer Label 2.5 x 5,0
7181,URGO - Cosmo Round Blue Bottle 946ml/34 oz,56
7182,28-410 Black PPE Septa Open Top w/14 mm orifice top hole punched,60
7183,"""PURGE"" URGO - 1 L Bottle Label Wrap Around 00322",60
7184,URGO - Partition - 2 x 3 Cells Vashe 1L/946ml,28
7185,"""PURGE"" URGO - 10.25 x 6.8125 x 9.75 Box",30
7186,URGO - 1 L Flip Top Thermal Transfer Label 2.5 x 5,0
7187,24-410 Black PP Septa Open Top w/14 mm orifice top hole punched,60
7188,URGO - 250 ml OTC Bottle Label Front RM202-LB001,60
7189,URGO R-55 Hang Tab Item#527 004 Model#OR-RCN-055-03B0,30
7190,URGO - 250 ml Instill Bottle Label Front,45
7191,"""PURGE"" URGO - 250 ml Instill Bottle Label Back 00316",56
7192,URGO - 250 ml Instill Thermal Transfer Label 2.5 x 5,0
7193,URGO - Dust Cover Instillation Cap JS-19,21
7194,"Hanger Tab 0R-FVN-GEK-15B0 1.5"" x 2.5"" w/0.5"" dia hole",15
7195,URGO - 475 ml Instill Bottle Label Front,56
7196,"""PURGE"" URGO - 475 ml Instill Bottle Label Back 00317",60
7197,URGO - 475 ml Instill Thermal Transfer Label 2.5 x 5,0
7198,"""PURGE"" Urgo - Vashe 34oz/1L Wrap Around Label 00323",60
7199,Hanger Tag Strap - Vashe Instillation 1L GSQ,30
7200,URGO - 1 L Instill Thermal Transfer Label 2.5 x 5,0
7201,"""PURGE"" URGO - 250 ml OTC Bottle Label Back 00405",56
7202,URGO - 250 ml OTC Thermal Transfer Label 2.5 x 5,0
7203,Phospholipon 90H,0
7204,"UNPRTD TYVEK 1059B 4.25""",0
7205,"1059B TYVEK MASTER ROLL 50.0""",35
7206,ISI DURAHAND PEDI -DH103,0
7207,"RITE AID SILICONE TAPE 1"" X 3 YD (24/CS) RA378499",75
7208,"2oz Tube, Good Clean Love Restore, REV 1",0
7209,"2oz Tube, Good Clean Love Restore, REV 3",0
7210,Lemon Lime Flavor Powder 75.22037,14
7211,"UNPRINTED .016 SBS CARTON 3.625"" X 0.625"" X 4.625""",60
7212,SBS BOX WALGREENS 2.38 X 2.75 TRANSPARENT WATER PROOF WRX344345,60
7213,Cardinal SBS Reverse Tuck 2132,60
7214,"Cardinal Latex Random Black 8.75"" Natural Latex 41122",64
7215,"Cardinal Pouching 8.75"" Non-Adherent DressingNatural Latex 41122",64
7216,Cardinal SBS Reverse Tuck 1961,60
7217,DERMACLIP EXT 3 CLIP PAD NS -31005,0
7218,"TUBE, 7.5ml, NEXT SCIENCE BLASTX WOUND GEL 0.25oz NMS-20022 revA",0
7219,"TUBE, 30 ml, NEXT SCIENCE Oraderm BLASTX 1oz. NMS-20023 REV A",0
7220,Ind SBS Box NEXT SCIENCE BLASTX 0.25oz 72-ct NMS-30069 REV A,45
7221,SBS Box NEXT SCIENCE Oraderm BLASTX 1oz. NMS-30068 REV A,30
7222,"TEST TUBE, 7.5 ml, NEXT SCIENCE BLASTX",30
7223,"TEST TUBE, 30 ml, NEXT SCIENCE BLASTX",0
7224,GREEN TEA PHYTOBASIC IN PG (3345L) KOSHER,30
7225,PRTD INSERT WALGREENS THIN FILM DRSG RK22PCC,21
7226,Sodium Hyaluronate 1% CAS# 9067-32-7,42
7227,"TM8710A 4.5""",30
7228,"UNPRINTED POUCH 7.5"" X 9.5"" WHITE FOIL/HDPE 00P-RFP-070",63
7229,CS NEXT SCIENCE BLASTX IFU - NMS-40025 REV A,30
7230,PEG 3350 CARBOWAX SENTRY WITH INHIBITOR,30
7231,"AP2370.11-2 Ply Liquid Liner Bag- 2"" Top 2"" Bottom Class with CC",14
7232,"GENERIC 12 PK SHIPPER, 16oz BOTTLES 11.25""x8.375""x7.875"" 1541037",0
7233,CS 12ct SBS Box NEXT SCIENCE BLASTX 0.25oz 144ct NMS-30066 Rev A,0
7234,40 ct SBS Box NEXT SCIENCE BLASTX 0.25oz NMS-30067 Rev A,35
7235,HARMAC PRTD DRAPE ASSEMBLY P3113231 REV.C  (ROW),0
7236,HARMAC PRTD DRAPE ASSEMBLY W/LABEL - P3113251 Rev C.,0
7237,Shipper BLASTX 1oz. Master Case NMS-30014 REV A,30
7238,CS Shipper NEXT SCIENCE BLASTX 0.25oz NMS-30016 REV B,0
7239,"BOX 10""X10""X4"" S-20460 / NMS-30070 REV A",2
7240,MPM TRIPLE HELIX PRTD TYVEK MP00377,0
7241,Shipper BLASTX 0.25oz 40ct NMS-30038 REV A,35
7242,Over-Shipper NEXT SCIENCE BLASTX 0.25oz 40ct-12pk 30064 REVA,30
7243,"SBS Box, Good Clean Love Restore rev2",0
7244,MPM TRIPLE HELIX 7X7 TYVEK SLIT SUB,0
7245,"MPM TRIPLE HELIX 7X7 PRTD TYVEK 9.0""",0
7246,"Tray, Good Clean Love Restore rev2",0
7247,MPM TRIPLE HELIX 7X7 POUCH,0
7248,CS SBS BOX VENTRIS CONNEXT COLLAGEN POWDER - BELLOWS,30
7249,"PURGE CS PRINTED IFU 5""x7"" VENTRIS COLLAGEN POWDER",30
7250,"MILLIKEN ULTRA BORDERED PRTD TYVEK  7.5""",0
7251,POUCHING SLIT SUB,0
7252,TYVEK SLIT SUB,0
7253,DERMACLIP STD 2 CLIP PAD NS -31001,0
7254,DERMACLIP STD 5 CLIP PAD NS -31002,0
7255,PHARMCHEM TRUPATCH STANDARD PANEL KIT,0
7256,PHARMCHEM TRUPATCH EXPANDED PANEL KIT,0
7257,"SBS CARTON TRUPATCH STANDARD PANEL KIT 5.0"" x 2.90"" x 7.75""",60
7258,"SBS CARTON TRUPATCH EXTENDED PANEL KIT 5.0"" x 2.90"" x 7.75""",60
7259,"IFU TRUPATCH 3.5"" x 5.5"" FOLDED",60
7260,"55 Gallon, Open Top Drum with Lid, S-9945BLU",0
7261,"""Purge"" BOTTLE LABEL DRY MOUTH RINSE BULK 16 OZ PN 1541683",0
7262,ORANGE CAP INDUCTION SEAL THERABREATH RINSE PN 1541220,0
7263,"TRUPATCH 2X3 PRTD PPG30 10.5""",0
7264,"POUCHING PET SLIT SUB 7.0""",0
7265,TRUPATCH 2X3 SWEAT PATCH 50 CNT STERILE SUB,0
7266,"PHARMCHEM TRUPATCH PRTD EASY RELEASE LINER 4.625""",0
7267,URGO -VASHE SODIUM CHLORIDE SOLUTION (BRINE),0
7268,URGO - VASHE SODIUM BICARBONATE SOLUTION (BUFFER),0
7269,PHARMCHEM TRUPATCH OVERLAY SUB,0
7270,"TRUPATCH OVERLAY - PRTD PPG30 5.5""",0
7271,"POUCHING PET SLIT SUB 5.5""",0
7272,Links Medical Honey Hydrogel Bulk,0
7273,Links Medical Honey Hydrogel 1.5oz,0
7274,BOX - 16 X 16 X 16S-4166,0
7275,"""Purge""1.5OZ TUBE, Good Clean Love Almost Naked",30
7276,CS TUBE SurgX 0.25oz-7.5mL NMS-20009 Rev E,0
7277,TUBE BlastX 1oz-30mL NMS-20001 Rev M,105
7278,CS SBS BOX VENTRIS CONNEXTCOLLAGEN POWDER - SYRINGE,30
7279,"3M 9917 3.25"" DOUBLE SIDED TAPE",45
7280,"3M 4998 2.375"" SECONDARY LINER",21
7281,"3M 4576 3.25"" SINGLE SIDED TAPE",45
7282,"3M 1524 3.25"" TRANSFER TAPE",45
7283,"3M 9832F 3.0"" PU WATERPROOFING",45
7284,"3M 1776 3.0"" SINGLE SIDED TAPE",45
7285,SHRINK WRAP ROLL S-16362,2
7286,SHIPPER CASE 14x8x8 S-21006,2
7287,SHIPPER CASE 8x6x8 S-16702,2
7288,CURAD MEDISTRIP 1/4 X 1-1/2 SBS BOX NON250114,70
7289,CURAD MEDISTRIP 1/4 X 1-1/2 SBS TRAY NON250114,60
7290,CURAD MEDISTRIP 1/4 X 3 SBS BOX NON250314,70
7291,CURAD MEDISTRIP 1/4 X 3 SBS TRAY NON250314,60
7292,192.7 PCH STK CAT OVERLAY 2 22 IN 122020,182
7293,192.7 PCH STK CAT OVERLAY 1 22 IN 122019,182
7294,192.7 PCH STK CAT OVERLAY 3 24 IN 122021,182
7295,POUCHING TL-101 PET 7.5 IN,42
7296,"CS 4.813"" DERMAMED DM-4308B PATTERN COATED INSPIRE PU FILM",90
7297,D&C Green no. 5,45
7298,"CS 4.813"" DERMAMED S-2784 PATTERN COATED PINK PU FILM",90
7299,"CS 3.625"" DERMAMED S-2783 PATTERN COATED BEIGE PU FILM",90
7301,"CS 4.813"" DERMAMED S-2783 PATTERN COATED BEIGE PU FILM",90
7302,"CS 6.625"" DERMAMED S-2783 PATTERN COATED BEIGE PU FILM",90
7304,"CS 3.625"" DERMAMED S-2784 PATTERN COATED PINK PU FILM",90
7305,Morton Culinox 999 food grade salt,10
7306,AMCOR PPG-30 WALGREENS 2.38X2.75 PRT 17.625 IN RK22PCC,48
7307,"COTSWOLD MOLESKIN 2.0"" w/PSA SALICYLIC ACID 40%",60
7308,BlastX Wound Gel Unit Box 30mL-1oz NMS-30001 Rev S,45
7309,"""PURGE"" BlastX IFU NMS-40001 Rev M",30
7310,NEXT SCIENCE BRANDED 1.0oz BLASTX MC-WG-0001-12,0
7311,NEXT SCIENCE SURGX 0.25oz,0
7312,"4oz Tube, Good Clean Love Almost Naked Kroger",0
7313,"Tray, Good Clean Love Almost Naked Kroger",0
7314,24-410 Black PPE Septa Open Top w/14 mm orifice top hole punched,60
7315,"42 GSM LINER 23""",28
7316,Anne Serum BULK,0
7317,Glyceryl Ascorbate CAS#1120360-11-3,42
7318,Hexapeptide-11 CAS#161258-30-6,0
7319,Squalane CAS#111-01-3,0
7320,Anne Serum 1.0 oz / 30mL JAR PUMP + CAP,60
7321,SBS Carton Anne Serum 1.0 oz / 30mL,60
7323,SHIPPER BOX - Anne Serum 1 oz,2
7324,Anne Serum 1.0 oz,0
7325,"UNPRINTED POUCH 9.0"" X 13.0"" 1059B TYVEK/PET",0
7326,"SBS Box, Good Clean Love Restore 2oz. rev3",0
7327,CURAD MEDISTRIP 1/4 X 1-1/2 SBS BOX NONJ250114,70
7328,CURAD MEDISTRIP 1/4 X 1-1/2 SBS TRAY NONJ250114,60
7329,CURAD MEDISTRIP 1/8 X 3 SBS BOX NONJ250318,70
7330,CURAD MEDISTRIP 1/8 X 3 SBS TRAY NONJ250318,60
7331,CURAD MEDISTRIP 1/2 X 4 SBS BOX NONJ250412,70
7332,CURAD MEDISTRIP 1/2 X 4 SBS TRAY NONJ250412,60
7333,CURAD MEDISTRIP 1/4 X 4 SBS BOX NONJ250414,70
7334,CURAD MEDISTRIP 1/4 X 4 SBS TRAY NONJ250414,60
7335,CURAD MEDISTRIP 1/4 X 3 SBS BOX NONJ250314,70
7336,CURAD MEDISTRIP 1/4 X 3 SBS TRAY NONJ250314,60
7337,CURAD MEDISTRIP 1X5 SBS BOX NONJ250501,70
7338,CURAD MEDISTRIP 1X5 SBS TRAY NONJ250501,60
7339,Dry Mouth 3 Oz (Bulk),0
7340,"PURGE* MEDIPLAST 11.9685""(304mm) AFO 185-001 PAPER/LDPE/FOIL LAM",60
7341,PURGE D* SBS BOX CURAD MEDIPLAST CUR01496,60
7342,PURGE D* CASE CARTON CURAD MEDIPLAST CUR01496,60
7343,CS Links ManukaFill 1.5oz Unit Carton,0
7344,CS Links ManukaFill 1.5oz 12pack Carton,0
7345,"VERSAPOR 450RC 0.45um 2.0"" PN (VRC45R02000G).",126
7346,Sodium Hyaluronate 1% BULK,0
7347,Good Clean Love Almost Naked Hint of Mint 1.69oz/50mL,0
7348,"3M 4076 3.25"" SINGLE SIDED TAPE",0
7349,ISI LARGE ALUMI-HAND PLUS KH-860,0
7350,"""PURGE"" IPBC (3-Iodo-2-propynyl butylcarbamate) CAS#55406-53-6",30
7351,MetaGraft Collagen Loaf,0
7352,MetaGraft Collagen Powder,0
7353,MetaGraft Collagen Powder DEPYROGENATED,0
7354,CS CARBOWAX SENTRY Polyethylene Glycol 400 NF,0
7355,MetaGraft Powder 1 Gram Vial,0
7356,MetaGraft 2x2 Pad,0
7357,MetaGraft 3x3 Pad,0
7358,MetaGraft 4x5 Pad,0
7359,MetaGraft 7x7 Pad,0
7360,MetaGraft 8x12 Pad,0
7361,NEXT SCIENCE BRANDED 0.25oz BLASTX (40) MC-WG-0003-40,0
7362,Good Clean Love Almost Naked Hint of Mint,0
7363,"CS PEPPERMINT FLAVOR, NATURAL (ORGANIC) 113.47671",0
7364,"METAMATRIX 4X5 PAD OVER LABEL 5.0"" X 7.0""",21
7365,"META10 OVER LABEL 3.5"" X 8.5""",21
7366,"""PURGE"" SBS CARTON META10 - 4.25"" X 1.0"" X 9.25""",60
7367,"MPM 4""X5""TRIPLE HELIX  COLLAGEN PAD PRINTED POUCH 6.0"" X 8.0""",0
7368,"MPM 4""X5"" COLLAGEN PAD SBS .016"" CARTON 6.25"" X 1.0"" X 8.25""",0
7369,"CS TUBE Next Science Wound Gel, 0.25oz NMS-20005 Rev G",0
7370,"PURGE""SBS Box Next Science BlastX 40ct, NMS-30019 Rev I",45
7371,"META20 OVER LABEL 3.5"" X 8.5""",21
7372,"MPM TRIPLE HELIX COLLAGEN - PRINTED IFU R0423 2.75"" X 2.75""",60
7373,RITE AID BLISTER RAO353818V1 SBS CARTON,60
7374,"Case, Good Clean Love Almost Naked Hint of Mint 24-ct",0
7375,"1.69oz Tube, Good Clean Love Almost Naked Hint of Mint",0
7376,"SBS Box, GCL Almost Naked Hint of Mint 1.875""x1.5""x5.5""",0
7377,"4-Pack Tray, Good Clean Love Almost Naked Hint of Mint",0
7378,"16"" x 14""x 14"" Box S-12598",0
7379,"13"" x 14"" ALUMI-HAND KITAY Tyvek/PET Corner Peel Pouch",112
7380,ANGIOSPINE SURGICAL COLLAGEN POWDER 2.5 ML,0
7381,"SBS CARTON ALUMI-HAND LARGE KH-860 13.75"" X 3"" X 13.5""",75
7382,"2 mil Reclosable poly bag 26"" x 26"" S-17755",0
7383,"12"" x 8"" x 8"" Box S-4129",0
7384,"MetaGraft Powder 1 gram vial, unsterile",0
7385,"MetaGraft Powder 1 gram vial, sterile",0
7386,"4oz Tube, Good Clean Love Almost Naked ENG-FRENCH",0
7387,"MEDLINE 1/4 X 1.5 PRTD TYVEK NONJ250114  7.25""",0
7388,"MEDLINE 1/4 X 3 PRTD TYVEK NONJ250314  7.25""",0
7389,"MEDLINE 1/4 X 4 PRTD TYVEK NONJ250414  8.75""",0
7390,"MEDLINE 1/2 X 4 PRTD TYVEK NONJ250412  8.75""",0
7391,"MEDLINE 1/8 X 3 PRTD TYVEK NONJ250318  7.25""",0
7392,"MEDLINE 1 X 5 PRTD TYVEK NONJ250501  3.625""",0
7393,"D* 2oz Bottle, MPM OraMagic Plus MP00223 R0620",30
7394,"PURGE"" 2oz Bottle, MPM OraMagic Rx MP00222 R0620",30
7395,"D* ""PURGE"" 4oz Bottle, MPM Regenecare HA Spray MP00117 R0720",30
7396,Anne Exfoliating Toner 90 mL,0
7397,Anne Night Cream 1 oz,0
7398,Anne Purifying Cleanser 3 oz,0
7399,"10098247 - 47""X31""4 WAY WOODEN EURO PALLET",14
7400,Good Clean Love Almost Naked 4oz. E-Comm Packout,0
7401,Good Clean Love Almost Naked 1.5oz Walmart Packout,0
7402,Good Clean Love Restore 2oz. E-Comm Packout,0
7403,Papain CAS#9001-73-4,0
7404,Glycolic Acid 70% CAS#79-14-1,0
7405,"Witch Hazel in Alcohol, CAS#84696-19-5",0
7406,Anne Exfoliating Toner BULK,0
7407,Anne Exfoliating Toner 90 mL Bottle+Cap,0
7408,"Compound-Pad like Powder Collagen Pad 7x7, Thick (SUB)",0
7409,"SBS CARTON - CelGenera CELG09 4.25"" x 1.0"" x 9.25""",60
7410,"4.25"" X 7.71"" TYVEK/PET POUCH VENTRIS CONNEXT LBL-005 REV.2",60
7411,"""PURGE"" 11P97C100 1 PLN 97gsm COTTON 100% 1299mm 51.14""",120
7412,"TYVEK POUCH 10"" X 17.32""- CelGenera CELG18 8""X12"" COLLAGEN DRSG",75
7413,"SBS CARTON - CelGenera CELG18 10.25"" x 1.0"" x 17.375""",60
7414,"BOX - 28"" x 28"" x 28"" S-16461",2
7415,"D* CARTON, TB FB Mild Mint 4oz Fluoride TP USA PN 1564556/7",0
7416,"D* TUBE, 4oz (113G) TB FB Mild Mint FluorideTP USA 1568215",0
7417,"Cotton 3.0"" Slit (SUB)",0
7418,VASHE - 1 L Bottle Label Wrap Around 00322 201-LB009 REV 9/23,60
7419,VASHE 1 L Instill BTL Label Wrap Around 00323 201-LB012 REV 9/23,60
7420,VASHE - 118 ml (4 oz) Bottle Label Back 00312 201-LB006 REV 9/23,30
7421,VASHE - 250 ml Instill BTL Label Back 00316 201-LB010 REV 9/23,60
7422,VASHE - 475 ml Bottle Label Back 00314 201-LB008 REV 9/23,60
7423,VASHE - 475 ml Instill BTL Label Back 00317 201-LB011 REV 9/23,60
7424,VASHE - 250 ml Bottle Label Back 00313 201-LB007 REV 9/23,60
7425,VASHE - 250 ml OTC Bottle Label Back 00405 202-LB001 REV.04 9/23,60
7426,AVERY MED 5042 2MIL 5.25 IN,42
7427,"TYVEK POUCH 4.0"" X 9.05"" - CelGenera CELG09 COLLAGEN DRESSING",70
7428,"TYVEK POUCH 9.0"" X 13.0""- CelGenera CELG27 7""x7"" COLLAGEN DRSG",75
7429,"SBS CARTON - CelGenera CELG27  9.5"" X 1.0"" X 13.5""",60
7430,TUBE 3.5 oz (100g) TB CHARCOAL PASTE PN 1563420/1563421,0
7431,"""PURGE""TYVEK/POLY CHEVRON POUCH 3.5"" X 4.5"" MPM MP00311",60
7432,"TYVEK POUCH 10"" X 17.279""",75
7433,"TYVEK POUCH 4.0"" X 9.0""",70
7434,"TYVEK POUCH 9.0"" X 13.0""",75
7435,"SBS CARTON 10.25"" x 1.0"" x 17.375""",60
7436,"SBS CARTON 4.25"" x 1.0"" x 9.25""",60
7437,"SBS CARTON 9.5"" X 1.0"" X 13.5""",60
7438,ANNE - COTTON ROUNDS 100 COUNT BAG,60
7439,Anne Eye Lift BULK,0
7440,Anne Eye Lift 0.5 oz,0
7441,URGO - 8-1/2 x 8-1/8 x 7-1/8 Box / 250 mL OTC,45
7442,"4oz TUBE, Good Clean Love Amost Naked",0
7443,"1.5oz TUBE, Good Clean Love Almost Naked",0
7444,"4oz Carton, Good Clean Love Almost Naked ENG/FR",0
7445,CELG27 Carton Label 8.5” x 12.5”,14
7446,CELG27 Pouch Label 8.0” x 12”,14
7447,CELG18 Carton Label 9.25” x 16.375”,14
7448,CELG18 Pouch Label 9.0” x 16.279”,14
7449,CELG9 Carton Label 3.25” x 8.25”,14
7450,CELG9 Pouch Label 3.0” x 8.0”,14
7451,ANGIOSPINE SURGICAL COLLAGEN POWDER 2.5 ML,0
7452,LOW ENDOTOXIN COLLAGEN GROUND POWDER (SUB),0
7453,"POUCH - MCKESSON 1800P TYVEK/POLY CHEVRON 3.5"" X 4.5"" B1122",75
7454,SBS CTN - MCKESSON 1800P 1 GR COLLAGEN POWDER 3.625x1.0x4.625,60
7455,2oz TUBE Good Clean Love Restore,0
7456,URGO - Dust Cover JS-TU-12 (250mL) Instill Cap,35
7457,GENTELL CATH STRIP CARTON CS-50 USA Rev 0,90
7458,Anne A9 Hair Repair BULK,0
7459,Anne A9 Hair Repair 1 oz,0
7460,"48"" x 40"" LIGHTWEIGHT EXPORT PLASTIC PALLET #H-1730",2
7461,"""PURGE"" URGO - 10-1/16"" x 10"" x 8-3/8"" BOX DW VASHE 475 mL",30
7462,"MPM MP00312 POUCH 12"" COLLAGEN ROPE 4""X7"" TYVK/PLY CHEV R1122",60
7463,Periovance Oral Rinse 8 oz,0
7464,"""PURGE"" 8oz Bottle, Periovance Oral Rinse 8 oz",90
7465,"42 GSM LINER 8.5""",28
7466,BOTTLE LABEL TB DRY MOUTH TINGLING RINSE PN 1564555,1
7469,"CS PRINTED IFU 3.5""x7"" VENTRIS CONNEXT LBL-004 REV.2",30
7470,"Parchment Paper Quilon Half Pan 12"" x 16"" S-19144",0
7471,"SBS Box, Good Clean Love Restore 2oz rev4",0
7472,"Tray, Good Clean Love Restore 2oz rev3",0
7473,"G319 Liner 7.0"" 2 Mil Clear PET S1S Medium Release",28
7474,"Partition, Good Clean Love Restore E-Comm 96ct",0
7475,"Case, Good Clean Love Restore E-Comm 96ct",0
7476,PURGE - TUBE BlastX 1oz-30mL NMS-20001 Rev N,0
7477,URGO - Shipper Box (1 Liter),30
7478,"URGO – 10.250"" x 10.3125"" x 9.0625"" Box (475 mL)",30
7479,URGO - Shipper Box (250 mL),45
7480,URGO – 9.8125” x 9.5” x 5.75” Box (118 mL),30
7481,CARDINAL HEALTH TELFA PLASTIC SHEETING 1115,0
7482,"CARDINAL HEALTH TELFA MINI ISLAND DRESSING 2""x3.75"" 7539LF",0
7483,CARDINAL HEALTH PATCH ADHESIVE CLEAR 4022,0
7484,"CARDINAL HEALTH NON-ADHERENT DRESSING 3""x4"" 9642",0
7485,"CARDINAL HEALTH NON-ADHERENT DRESSING 2""x3"" 9640",0
7486,"CARDINAL HEALTH TELFA ADHESIVE DRESSING 3""x4"" 7643",0
7487,"CARDINAL HEALTH TELFA ADHESIVE DRESSING 2""x3"" 6017",0
7488,"CARDINAL HEALTH TELFA NON-ADHERENT DRESSING 3""x4"" 2132",0
7489,"CARDINAL HEALTH TELFA NON-ADHERENT DRESSING 2""x3"" 1961",0
7490,POUCH - CARELAGEN EC004 1 gram Collagen Powder L-208 REV 00,90
7491,POUCH - CARELAGEN EC008 2X2 Collagen Dressing L-209 REV 00,90
7492,"11P125C1001299 125gsm PLN COTTON 100% 1299 mm 51.14""",120
7493,"125gsm 100% Cotton Webril 3.0"" Width",90
7494,BIOGENNIX Agilon Surgical Matrix Collagen Powder 5mL,0
7495,Strukmyer 1 gram CoMatryx OTC Collagen Powder,0
7496,"COMATRYX OTC TYVEK/POLY CHEVRON POUCH 3.5"" X 4.476""",60
7497,"Strukmyer 1 gram CoMa Collagen Powder Carton 3.625""x.625""x4.625""",60
7498,Strukmyer 1 gram CoMatryx OTC Collagen Powder printed IFU,60
7499,"Strukmyer 2""X2"" CoMatryx OTC Collagen Pad Sterile",0
7500,"Strukmyer 2""X2"" CoMatryx OTC Collagen Pad  Printed IFU",0
7501,Strukmyer 2x2 OTC Collagen Printed Tyvek 7.00 in (SUB),0
7502,"Strukmyer 2""X2""CoMatryx Collagen Drsg Carton 3.625""x1.5""x4.625",0
7503,BOX - 10x7x5 s-22629,1
7504,BOX - 15 x12 x12 S-4989,2
7505,TB Dry Mouth Tingling Mint 16oz - Label - EXP  1547008/1547007,0
7506,CURAD MEDISTRIP PRINTED INSERT,60
7507,CURAD MEDISTRIP 1/4 X 1-1/2 SBS BOX NON250114,60
7508,CURAD MEDISTRIP 1/4 X 1-1/2 SBS TRAY NON250114,60
7509,CURAD MEDISTRIP 1/8 X 3 SBS BOX NON250318,70
7510,CURAD MEDISTRIP 1/8 X 3 SBS TRAY NON250318,60
7511,CURAD MEDISTRIP 1/2 X 4 SBS BOX NON250412,70
7512,CURAD MEDISTRIP 1/2 X 4 SBS TRAY NON250412,60
7513,CURAD MEDISTRIP 1/4 X 4 SBS BOX NON250414,70
7514,CURAD MEDISTRIP 1/4 X 4 SBS TRAY NON250414,60
7515,CURAD MEDISTRIP 1/4 X 3 SBS BOX NON250314,70
7516,CURAD MEDISTRIP 1/4 X 3 SBS TRAY NON250314,60
7517,CURAD MEDISTRIP 1X5 SBS BOX NON250501,70
7518,CURAD MEDISTRIP 1X5 SBS TRAY NON250501,60
7519,"D* 4mL Tube, MPM Regenecare HA MP00108 R0324",84
7520,"15 Mil Virgin PTFE 2.0""",35
7521,"""PURGE""TYVEK POUCH 10"" X 17.279"" - ACM SUR 8""X12"" COLLAGEN R0423",112
7522,"""PURGE"" SBS CARTON - ACM SURGICAL 8""X12"" COLLAGEN R0423",60
7523,"MPM TRIPLE HELIX  MP00315 PRINTED POUCH 4.0"" X 9.0"" (R0423)",0
7524,"PRINTED SBS CARTON MPM MP00315 4.25"" X 2.0"" X 9.25"" .022PT R0423",0
7525,D* BLANOSE™ CMC 7MF CAS#9004-32-4  KOSHER,100
7526,XT10134 XSTIM ELECTRODE COVERS,60
7527,"SBS Box, Good Clean Love Restore 2oz rev5",0
7528,"8oz Bottle, Periovance Oral Rinse 8 oz 7374-601",90
7529,"CS BIOGENNIX Agilon SBS CARTON 4.25"" X 1.0"" X 9.25"" ASM-030",60
7530,"Uncoated Paper 1.125""",75
7531,"Cohesive Paper Unprinted Natural Latex 8.75""",75
7532,"Cohesive Paper Unprinted Latex Free 9.5""",60
7533,"Cardinal Pouching Latex Random Black 8.75""",0
7534,"Cardinal Pouching Adh Dressing Latex 8.75""",0
7535,"Cardinal Pouching Non-Adh Dressing Latex 8.75""",0
7536,"Cardinal Pouching Island Dressing Latex Free 9.5""",0
7537,"SBS Box, Goodclean love 2oZ  CVS Pack",0
7538,"MPM MP00411 COMPLETE MD TYVEK/POLY CHEVRON POUCH 3.54"" X 4.5""",70
7539,RELIABLE 24/410 WHITE RIBBED CAP W EDGEPULL 2.0 F-217 SEAL LDPE,42
7540,"0.5ozTube, multilayer w/eye mark",84
7541,"D*  3oz Tube, MPM Regenecare HA MP00107 - R0424",60
7542,"Cardinal Pouching 9.5"" Latex Free",0
7543,"Cardinal Pouching 8.75"" Adh Dressing Natural Latex",0
7544,"Cardinal Latex Warning Black 8.75"" Natural Latex",0
7545,"Cardinal Pouching 8.75"" Non-Adh Dressing Natural Latex",0
7546,"""PURGE"" MPM TRIPLE HELIX MP00315 PRINTED POUCH 4.0"" X 9.0"" R0624",60
7547,Biogennix Surgical Collagen Powder 5mL,0
7548,"LWS-200 Cohesive Paper Unprinted Latex Free 9.5""",60
7549,"PURGE""Triple Helix MP00315 1gm Carton 4.25"" X 2.0"" X 9.25"" R0624",60
7550,"PURGE Triple Helix MP00310 2x2 Collagen Carton 3.625""x1.5""x4.625",60
7551,"PURGE""Triple Helix MP00311 Collagen Pouch 3.5"" X 4.5"" R0624",60
7552,"PURGE Triple Helix MP00311 Collagen Pwd CTN 3.625""x.625""x4.625""",60
7553,Triple Helix MP00377 Collagen 7x7 SBS 9.25x1.5x13.25 R0624,60
7554,"PURGE Triple Helix MP00311C Collagen Pouch 3.5"" X 4.5"" R0624",60
7555,"Cardinal Box Printed 1115 RSC, 3.75"" x 3.75"" x 40.0"" 32 ECT",21
7556,DERMACLIP TRN 3 CLIP PAD NS -,0
7557,FREUDENBERG 30cm X 20cm Nonwoven Sheets 122P0462,0
7558,ioTech ioRinse AC 1 liter,0
7559,ioTech ioRinse AC 16oz,0
7560,ioTech ioRinse Ultra 1 liter,0
7561,ioTech ioRinse Ultra 16 oz,0
7562,"FREUDENBERG 122P0462 PPG-30 14"" POUCHING",49
7563,"D* 6oz Tube, MPM Radiaplex Gel MP00106 R0724",60
7564,Pourri Peppermint Vanilla Breath Spray 10 mL,0
7565,Pourri Peppermint Vanilla 10 mL Bottle CS CB13220,60
7566,Pourri Peppermint Vanilla Breath Spray BULK,0
7567,Beta-Glucan CAS#9041-22-9,21
7568,Monkfruit Extract G1260,21
7569,Xylitol Organic CAS#87-99-0 G1211,21
7570,Vanilla Flavor Flavorchem 93.081NAT,21
7571,Pourri Peppermint Vanilla 10 mL overcap OC13222,60
7572,Pourri Peppermint Vanilla 10 mL sprayer + pump CS SP13221,60
7573,AUSTRALIAN TEA TREE OIL #50-6270-01,28
7574,Pourri Peppermint Vanilla 10 x 4 x 4 Shipper KT13219 BreathSpray,60
7575,D* Triethanolamine 99 (TEA 99%) CAS# 102-71-6,35
7576,"6oz Tube, MPM RadiaPlex OTC Gel MP00306",30
7577,ioRinse AC Compounding,0
7578,ioRinse Ultra Compounding,0
7579,CS Cetylpyridinium Chloride CAS# 6004-24-6,28
7580,CS Phosphoric Acid 75% CAS# 7664-38-2,28
7581,CS Potassium Iodate CAS# 7758-05-6,28
7582,CS Potassium Iodide CAS# 7681-11-0,28
7583,CS Alkyldiphenyloxide Disulfonate - Dow Fax 2A1,28
7584,CS Peppermint Flavor PE 141102,28
7585,CS Saccharin CAS# 81-07-2,28
7586,AP162 Chlorine HR Tablets,21
7587,"SHRINK SLEEVE, Therabreath Mild Mint w/F PN:1569360/1569361",0
7588,"PEPPERMINT FLAVOR, NATURAL (ORGANIC) 113.47671",21
7589,"""PURGE""META 20 TYVEK/POLY CHEVRON POUCH 4.0"" X 9.0""",60
7590,"""PURGE""META 20 .018"" SBS CARTON 4.25"" X 1.0"" X 9.25""",60
7591,CS 1 liter Bottle ioRinse - Black,28
7592,D* CS 1 liter Neck Band ioRinse,28
7593,D* CS 1 liter Bottle Hanger ioRinse,28
7594,D* CS 1 liter Bottle Label Front ioRinse AC,28
7595,"""Purge"" 1 liter Divider ioRinse 10.875"" x 10.875""",28
7596,"1 liter Shipper Carton ioRinse 12.5"" x 11.0"" x 10.5""",28
7597,D* CS 1 liter Bottle Label Front ioRinse Ultra,28
7598,Purge.5oz Tube MPM Regenecare HA MP00112 R0624 w heat seal liner,60
7599,"""PURGE"" CS 16oz Bottle ioRinse - Clear",28
7600,D* CS 16oz Neck Band ioRinse,0
7601,D* CS 16oz Bottle Hanger ioRinse,0
7602,D* CS 16oz Bottle Label Front ioRinse AC,0
7603,"""Purge"" 16oz Divider ioRinse 8.8125"" x 11.250""",28
7604,16 oz Shipper Carton ioRinse 14-3/4 x 11-3/4 x 9”,28
7605,D* CS 16oz Bottle Label Front ioRinse Ultra,0
7606,CS Sodium Fluoride CAS# 7681-49-4,0
7607,CS Sorbitol 70% CAS# 50-70-4,0
7608,CS Xylitol CAS# 87-99-0,28
7609,CS Zinc Gluconate CAS# 4468-02-4,0
7610,CS Glycerin CAS# 56-81-5,0
7611,CS 1 Liter Jigger Caps ioRinse,28
7612,CS 16oz Jigger Cap ioRinse,28
7613,D* CS 1 liter Bottle Label Back ioRinse AC,0
7614,D* CS 16oz Bottle Label Back ioRinse AC,0
7615,D* CS 1 liter Bottle Label Back ioRinse Ultra,0
7616,D* CS 16oz Bottle Label Back ioRinse Ultra,28
7617,Jeechem IPP NF (Isopropyl Palmitate) CAS# 142-91-6,28
7618,"ACM MP00334 4X5 COLLAGEN PAD POUCH 6.0"" X 8.0""",60
7619,"ACM MP00334 4X5 COLLAGEN PAD .016"" CARTON 6.25"" X 1.0"" X 8.25""",60
7620,ACM MP00345 COLLAGEN POWDER 4 X 9 POUCH,60
7621,ACM MP00345 COLLAGEN POWDER .016 CARTON,60
7622,"METAMATRIX MP00389 7X7 COLLAGEN PAD POUCH 9.0"" X 13.0""",60
7623,"METAMATRIX MP00389 7X7 COLLAGEN PAD.016 CTN 9.5"" X 1.0"" X 13.5""",60
7624,"META 20 TYVEK/POLY CHEVRON POUCH 4.0"" X 9.0"" 0624",0
7625,"META 20 SBS CARTON 4.25"" X 2.0"" X 9.25"" R0624",0
7626,OVIK ULTRA 4 X 5 SBS CARTON,60
7627,OVIK ULTRA SILVER 4 X 5 SBS CARTON,60
7628,"OVIK ULTRA 8"" X 20"" AFM DRESSING SBS CARTON",60
7629,"OVIK ULTRA SILVER 8"" X 20"" AFM DRESSING SBS CARTON",60
7630,OVIK ULTRA BORDERED 3X3 SBS CARTON,60
7631,OVIK ULTRA BORDERED 4 X4 SBS CARTON,60
7632,OVIK ULTRA BORDERED 6X6 SBS CARTON,60
7633,OVIK ULTRA BORDERED 4X10 SBS CARTON,60
7634,"OVIK ULTRA 4 X 5 PRTDTYVEK 1059B 14.625""",60
7635,"OVIK ULTRA BORDERED 4X4 PRTDTYVEK 1059B 14.625""",60
7636,"OVIK ULTRA SILVER 4 X 5 PRTDTYVEK 1059B 14.625""",60
7637,"OVIK ULTRA 8"" X 20"" AFM DRESSING POUCH",60
7638,"OVIK ULTRA BORDERED 3X3 PRTDTYVEK 1059B 12.625""",60
7639,"OVIK ULTRA SILVER 8"" X 20"" AFM DRESSING POUCH",60
7640,"OVIK ULTRA BORDERED 6X6 PRTDTYVEK 1059B 9.0""",60
7641,"OVIK ULTRA BORDERED 4X10 PRTDTYVEK 1059B 14.625""",60
7642,CASE LABEL OVIK ULTRA 4X5 DRSG,60
7643,CASE LABEL OVIK ULTRA BORDERED 4X4 DRSG,60
7644,CASE LABEL OVIK ULTRA SILVER 4X5 DRSG,60
7645,"CASE LABEL OVIK ULTRA 8"" X 20"" AFM DRESSING",60
7646,CASE LABEL OVIK ULTRA BORDERED 3X3 DRSG,60
7647,"CASE LABEL OVIK ULTRA SILVER 8"" X 20"" AFM DRESSING",60
7648,CASE LABEL OVIK ULTRA BORDERED 6X6 DRSG,60
7649,CASE LABEL OVIK ULTRA BORDERED 4X10 DRSG,60
7650,"Triple Helix MP00310 2x2 Collagen Carton 3.625""x1.5""x4.625 R0924",60
7651,Regenecare HA Spray Compounding,0
7652,"METAMATRIX MP00388 4x5 COLLAGEN PAD POUCH 6.0"" X 8.0""",60
7653,"METAMATRIX MP00388 4x5 COLLAGEN PAD.016 CTN 6.25"" X 1.0"" X 8.25""",60
7654,MPM TRIPLE HELIX 7X7 POUCH MP00377,0
7655,"""PURGE"" SBS CARTON - ACM MP00329 8""X12"" COLLAGEN",60
7656,"""PURGE""TYVEK POUCH 10"" X 17.279"" - ACM MP00329 8""X12"" COLLAGEN",112
7657,"TYVEK POUCH 4.0"" X 9.0"" META10 R0924",60
7658,"SBS CARTON META10 - 4.25"" X 1.0"" X 9.25"" R0924",60
7659,"Evalulab Semi-occlusive strips 2 sq/roll,  0.39""",0
7660,"D* 8oz Bottle, Antiseptic Wound & Skin Cleanser MP00032 R1024",60
7661,"WHITE BOX 14"" X 10"" X 10"" S-16457",2
7662,"CS 3.625"" DERMAMED DM-4318 PATTERN COATED INSPIRE PU FILM",112
7663,"CS 4.813"" DERMAMED DM-4318 PATTERN COATED INSPIRE PU FILM",112
7664,"CS 6.625"" DERMAMED DM-4318 PATTERN COATED INSPIRE PU FILM",112
7665,"PPG-30 PAPER 16.625"" MPM PRNTD TZ MEDICAL REF 8871-01 R2.7",75
7666,"Triple Helix MP00311 Collagen Pouch 3.5"" X 4.5"" R1024",60
7667,"Triple Helix MP00311 Collagen Pwd CTN 3.625""x.625""x4.625""R1024",60
7668,"MPM MP00209 COOL MAGIC WHITE FOIL/FOIL 8.0"" X 10.5"" POUCH R0125",42
7669,"PURGEMPM MP00209 COOL MAGIC SBS CARTON 8.5"" X 2.0"" X 11.0"" R1124",60
7670,"MPM MP00206 3.75"" COOL MAGIC PRTD FOIL 12.78 IN #202.1 R0125",42
7671,"MPM MP00206 COOL MAGIC SBS BOX 3.75"" 6x1x7 R1124",60
7672,"CLINICAL RESEARCH LABS SEMI-OCCLUSIVE 20K ROLL, 1 EA = 1 CHAMBER",0
7673,"(SUB) 1.25"" Semi-Occlusive Roll",14
7674,"BOX 28"" X 28"" X 10"" #S-19086",1
7675,"MPM TRIPLE HELIX MP00315 PRINTED POUCH 4.0"" X 9.0"" R1124",60
7676,"Triple Helix MP00315 1gm Carton 4.25"" X 2.0"" X 9.25"" R1124",60
7677,PS-3083-248 9.75 IN,84
7678,"TYVEK POUCH 10"" X 17.279"" - ACM MP00329 8""X12"" COLLAGEN R1124",112
7679,"SBS CARTON - ACM MP00329 8""X12"" COLLAGEN R1124",60
7680,MPM ACM Surgical (ACM05) Vial/500mg,0
7681,"PURGE TYVEK POUCH 4.0"" X 9.0"" - ACM05 5 mL COLLAGEN R1124",112
7682,"PURGE SBS CARTON - ACM05 5 mL COLLAGEN R1124 4.25"" x 1.0""x 9.25""",60
7683,2oz Bottle - Natural Unprinted,30
7684,"META 20 TYVEK/POLY CHEVRON POUCH 4.0"" X 9.0"" R1024",60
7685,"META 20 .018"" SBS CARTON 4.25"" X 1.0"" X 9.25"" R1024",60
7686,ioRinse Maximum Relief Compounding,0
7687,ioTech ioRinse MR 1 liter,0
7688,"2"" X 2"" OVIK AGILE FIBRIL DRESSING TYVEK 1059B 8.125""",75
7689,"4"" X 4"" FENESTRATED OVIK AGILE FIBRIL TYVEK 1059B 12.625""",75
7690,"4"" X 4"" OVIK AGILE FIBRIL DRESSING TYVEK 1059B 12.625""",75
7691,"4"" X 10"" OVIK AGILE FIBRIL DRESSING TYVEK 1059B 12.625""",75
7692,MPM ABSM1406 SILVERMED 1.5 oz TUBE 30mm x 95mm,75
7693,"2"" X 2"" OVIK AGILE FIBRIL DRESSING SBS CARTON 4.375""X2""X6.25",60
7694,"4"" X 4"" FENESTRATED OVIK AGILE FIBRIL SBS 6.375""X2""X8.25",60
7695,"4"" X 4"" OVIK AGILE FIBRIL DRESSING SBS CARTON 6.375""X2""X8.25",60
7696,"4"" X 10"" OVIK AGILE FIBRIL DRSG SBS CARTON 6.375""X1""X14.25""",60
7697,"2"" X 2"" OVIK AGILE FIBRIL DRESSING CASE LABEL",75
7698,"4"" X 4"" FENESTRATED OVIK AGILE FIBRIL DRESSING CASE LABEL",75
7699,"4"" X 4"" OVIK AGILE FIBRIL DRESSING CASE LABEL",75
7700,"4"" X 10"" AGILE FIBRIL DRESSING CASE LABEL",75
7701,"12oz Bottle, MPM Oramagic Rx MP00213  R1224",60
7702,D* CS 1 liter Bottle Label Front ioRinse MR,28
7703,D* CS 1 liter Bottle Label Back ioRinse MR,28
7704,DERMACLIP ANIMAL 3 CLIP PAD,0
7705,"2oz Bottle, MPM OraMagic Rx MP00222 R0125",60
7706,"MPM MP00209 COOL MAGIC SBS CARTON 8.5"" X 2.0"" X 11.0"" R0125",60
7707,"SBS CARTON - ACM05 500 mg COLLAGEN R0125 4.25"" x 1.0""x 9.25""",60
7708,"TYVEK POUCH 4.0"" X 9.0"" - ACM05 500 mg COLLAGEN R0125",112
7709,D* CS 1 liter Bottle Label Front ioRinse MR Canada,28
7710,D* CS 1 liter Bottle Label Back ioRinse MR Canada,0
7711,ioTech ioRinse MR 1 liter Canada,0
7712,MPM SilverMed Antimicrobial Hydrogel 0.5oz,0
7713,MPM SilverMed Antimicrobial Hydrogel 1.5 oz.,0
7714,MPM SilverMed Antimicrobial Hydrogel 3oz,0
7715,FIDIA 2x2 Collagen Pad,0
7716,FIDIA 4x5 Collagen Pad,0
7717,FIDIA 1gm collagen powder,0
7718,"Triple Helix MP00311C Collagen Pouch 3.5"" X 4.5"" R0225",60
7719,"""Purge"" D* 4oz Bottle, MPM Regenecare HA Spray MP00117 R0325",30
7720,"""PURGE"" BlastX IFU NMS-40001 Rev O",30
7721,FIDIA Pharma 2x2 Collagen Tyvek pouch,0
7722,"FIDIA PHARMA 2 x 2 Collagen Carton 3.625""x1.5""x4.625",0
7723,"D* 3oz Tube, w/heat seal liner MPM Regenecare MP00100 R0325",60
7724,IPBC (3-Iodo-2-propynyl butylcarbamate) SupGaurd® CAS#55406-53-6,60
7725,SilverMed AntiMicrobial Hydrogel Compounding,0
7726,CS - Silver Solution - 30 ug/L (30 ppm) Cas# 7440-22-4,30
7727,Carbopol 980 NF CAS#9003-01-04,30
7728,Biogennix Surgical Collagen powder 2.5mL,0
7729,MP00700 DrySAP Super Absorbent Drsg 4x4 (10/bx;5bx per CS),75
7730,HA Collagen Slurry,0
7731,50% HA Collagen Sheet 11.88 x17.88,0
7732,50% HA Collagen Pad 8x12,0
7733,TEST ORDER NEW DESIGN PHARMCHEM OVERLAY,0
7734,"TEST 4075 Med Solutions 6"" Roll",0
7735,"TEST 9832F Polyurethane Medical Tp 6"" Roll",0
7736,THERBR PMINT HOLIDAY RINSE 12/16OZ 20511581,0
7737,BOTTLE LABEL THERABREATH PMINT HOLIDAY RINSE,35
7738,PERIO AO ProVantage GEL 15ml,0
7739,PURGE - AO ProVantage 15 mL BOTTLE AS-15 RS/PP,120
7740,AO ProVantage 15 mL Pump&Cap 15-2215,140
7741,Clove Oil CAS# 8000-34-8,28
7742,Thymol CAS# 89-83-8,21
7743,Sage Oil CAS# 8022-56-8,0
7744,"PURGE CS NATURAL Carton - 2 x 8.75x2, autobottom, 3 color",14
7745,Ethanol SD 38 B17/Peppermint Oil,0
7746,Phloretin CAS# 60-82-2,45
7747,Trans-Ferulic Acid CAS# 1135-24-6,30
7748,PURGE - PERIO Inner Carton AO GEL 15mL,30
7749,"CS WHITE CARE Carton - 2 x 8.75x2, autobottom, 3 color",0
7750,"""PURGE"" PERIO Shipper Carton 9x6x3 S-4949",1
7751,PERIO AO ProVantage GEL 30 mL,0
7752,PERIO WS2250 Sierra Airless Bottle 30 mL,90
7753,PERIO Inner Carton AO Gel 30 mL,30
7754,"""PURGE"" PERIO Shipper Carton 10x8x6 S-4103",1
7755,PERIO AO ProVantage GEL Compounding,0
7756,CS 16oz Bottle ioRinse - Black,28
7757,C45MDB SC45MDBSM1 BLUE FOAM SHEET 48”x72”x 0.75”,35
7758,SBS BOX MPM MP00208 COOL MAGIC 6X8  R0425,60
7759,OVERLABEL MPM COOL MAGIC 6X8,21
7760,TEST ORDER HARMAC PRTD DRAPE ASSEMBLY P3113231 W/O ADHESIVE,0
7761,"42"" 25GA FC7 FILM",120
7762,"ACM 3X3 COLLAGEN PAD SBS .016"" CTN 4.625"" X 0.5"" X 5.625""",60
7763,"ACM 3X3 COLLAGEN PAD POUCH 4.5"" X 5.55"" 1059B TYVEK/PET",60
7764,Blanose (114636) CMC 7H3SF CAS#9004-32-4,100
7765,TEST ORDER Harmac Filter Disk w/o Adhesive,0
7766,TEST ORDER Harmac Filter Disk w/200RC Material,0
7767,"SBS Box BlastX 40ct, NMS-30019 Rev J",45
7768,Ferroxyl Test Solution with Nitric Acid,0
7769,PERIO AO ProRinse SENSITIVE 10 oz,0
7770,PERIO AO ProRinse SENSITIVE Compounding,0
7771,Actiphyte of Witch Hazel CAS# 84696-19-5,0
7772,Actiphyte of Prickly Ash CAS# 90105-89-8,0
7773,Allantoin CAS# 97-59-6,0
7774,Sodium Ascorbyl Phosphate CAS# 66170-10-3,30
7775,Zinc Lactate CAS# 16039-53-5,30
7776,Polyvinylpyrrolidone CAS# 9003-39-8,65
7777,Glycerin CAS# 56-81-5,30
7778,AO ProVantage 30 mL Pump&Cap,90
7779,Blanose CMC 9H4F Carboxymethyl Cellulose CAS# 9004-32-4,35
7780,L-Menthol CAS# 2216-51-5,14
7781,D-Panthenol CAS# 81-13-0,0
7782,Cocamidopropyl Betaine CAS# 61789-40-0,45
7783,Thyme Oil CAS#8007-46-3,30
7784,Coconut Fruit Juice CAS# 8001-31-8,21
7785,Peppermint Oil CAS# 8006-90-4,14
7786,"CS SENSITIVE Bottle 10 oz Slim Tubular, White",60
7787,"CS PERIO Cap - 28 mm, White, Linerless",60
7788,"CS HYDRATING Bottle 10 oz Slim Tubular, White",60
7789,"PURGE CS SENSITIVE Carton - 2 x 8.75x2, autobottom, 3 color",60
7790,"CS PERIO Corrugated Shipper - 9x9x9, S-4094",60
7791,CS SENSITIVE Bottle - 32 oz 28/410 White HDPE Cylinder Flamed,60
7792,CS PERIO Cap - 28/410 white cap rib w/heat seal,60
7793,CS PERIO Pump - 28/410 White Smooth Lock Down 4CC Lotion Pump,60
7794,PERIO AO ProRinse SENSITIVE 32 oz,0
7795,PERIO AO ProRinse HYDRATING 10 oz,0
7796,PERIO AO ProRinse HYDRATING Compounding,0
7797,Benzoic Acid CAS# 65-85-0,28
7798,"PURGE CS NATURAL Bottle 10 oz Slim Tubular, White",60
7799,"Echinacea purpurea, Extract CAS# 90028-20-9",0
7800,Silymarin Silybum Marianum CAS# 84604-20-6,0
7801,PERIO AO ProRinse HYDRATING 32 oz,0
7802,"CS WHITE CARE Bottle 10 oz Slim Tubular, White",0
7803,PERIO AO ProRinse NATURAL 10 oz,0
7804,PERIO AO ProRinse NATURAL 32 oz,0
7805,PERIO AO ProRinse NATURAL Compounding,0
7806,"Glyceryl Stearate/PEG-100 Stearate CAS#67701-33-1, CAS#9004-99-3",0
7807,Epigallocateechin Gallate CAS# 989-51-5,0
7808,Tetrahydrocurcuminoids,21
7809,Lemon Juice Concentrate 7x CAS# 92346-89-9,21
7810,Spearmint Oil CAS# 8008-79-5,0
7811,PERIO AO ProRinse WHITE CARE 10 oz,0
7812,PERIO AO ProRinse WHITE CARE 32 oz,0
7813,PERIO AO ProRinse WHITE CARE Compounding,0
7814,Hesperetin CAS# 520-33-2,0
7815,Sodium Hexametaphosphate,21
7816,Calcium Citrate CAS# 5785-44-4,0
7817,Shiso Liquid B Perilla Ocymoides Extract CAS# 90082-61-4,0
7818,PAM Extract Citrus Grandis CAS# 90045-43-5,30
7819,"Lincoserv HPH-6, CAS#1117-8-8, CAS#70445-33-9, CAS# 122-99-6",28
7821,Ectoin CAS# 96702-03-3,30
7822,"""PURGE"" Calendula Extract CAS# 84776-23-8",30
7823,Sodium Acrylates Crosspolymer CAS# 100588-10-1,30
7824,D* White Petrolatum USP CAS# 8009-03-8,10
7825,"D* Zinc Oxide CAS# 2943-75-1, CAS# 1314-13-2",30
7826,D* Jojoba Oil CAS# 90045-98-0,30
7827,SkinCentry Premium Silicone Cream Compounding,0
7828,SkinCentry Basic Zinc Paste Compounding,0
7829,"2oz Tube, SkinCentry Premium Silicone Cream",60
7830,"4oz Tube, SkinCentry Zinc Paste",60
7831,"Shipper Case 10x4x4"" Long S-4466",1
7832,Remedium SkinCentry Premium Silicone Cream 2oz,0
7833,Remedium SkinCentry Basic Zinc Paste 4oz,0
7834,"Harmac Filter Disc 0.47"" ID, 200RC Material w Adhesive",0
7835,"Harmac Filter Disc 0.47"" ID, 200RC Material w/o Adhesive",0
7836,"Versapor® 200RC membrane material 2""",90
7837,Endimate 33V CAS# 73398-61-5,30
7838,IMPLUS AIRPLUS BLISTER PAD SBS CARTON,60
7839,RINSE BULK SHIPPER 1612389,0
7840,Uline Box 24X16X24,0
7841,47CM X 30CM M1407 Non-woven Sheets,0
7842,"FIDIA PHARMA 2 x 2 Chevron Tyvek/Poly Pouch 3.5"" x 4.5""",60
7843,"FIDIA PHARMA 2 x 2 Collagen Drsg Carton 3.625"" x 1.5"" x 4.625""",60
7844,Regenecare HA Compounding (Reformulation),0
7845,Carbomer 980 CAS# 9003-01-4,28
7846,Phenoxyethanol CAS# 122-99-6 Effisin PE5,0
7847,"3M 4075 0.75""",35
7848,3M 4075 4.625 IN,35
7849,3M 4075 3.375 IN,35
7850,MP00701 DrySAP Super Absorbent Drsg 4x8 (10/bx;5bx per CS),90
7851,"""PURGE"" BlastX Wound Gel Unit Box 30mL-1oz NMS-30001 Rev T",0
7852,"TUBE Next Science Wound Gel, 0.25oz NMS-20005 Rev I",75
7853,IPA  70% USP - 390# drum ( 55 gal drum ),14
7854,CS HYDRATING Bottle - 32 oz 28/410 White HDPE Cylinder Flamed,14
7855,CS NATURAL Bottle - 32 oz 28/410 White HDPE Cylinder Flamed,14
7856,CS WHITE CARE Bottle - 32 oz 28/410 White HDPE Cylinder Flamed,14
7857,"CS HYDRATING Carton - 2 x 8.75x2, autobottom, 3 color",60
7858,"Cupric Sulfate Pentahydrate, USP CAS# 7758-99-8",0
7859,"Potassium Iodide, USP CAS# 7681-11-0",0
7860,ViaCLYR Flip Top 4oz,0
7861,ViaCLYR Flip Top 8oz,0
7862,ViaCLYR Flip Top 16oz,0
7863,ViaCLYR Flip Top 32oz,0
7864,ViaCLYR Bulk Solution,0
7865,"ViaCLYR 4oz Cosmo Oval Bottle 20-410, 338892",0
7866,ViaCLYR 20-410 Flip Top Cap with LNP Liner,0
7867,"ViaCLYR 7""x6""x6"" White Printed Box with Arrow",21
7868,ViaCLYR 4oz Front Label,0
7869,ViaCLYR 4oz Back Label,0
7870,ViaCLYR 4oz Corrugated Pad,21
7871,ViaCLYR 4oz Divider,21
7872,"ViaCLYR 8oz Cosmo Oval Bottle 24-410, 338893",0
7873,ViaCLYR 24-410 Flip Top Cap with LNP Liner,14
7874,"ViaCLYR 8""x8""x7"" Printed White Box with Arrow",21
7875,ViaCLYR 8oz Front Label,30
7876,ViaCLYR 8oz Back Label,30
7877,ViaCLYR 8oz Corrugated Pad,21
7878,ViaCLYR 8oz Divider,21
7879,"ViaCLYR 16oz Cosmo Oval Bottle 24-410, 338878",0
7881,"ViaCLYR 11""x9""x8"" White Printed Box with Arrow",21
7882,ViaCLYR 16oz Front Label,30
7883,ViaCLYR 16oz Back Label,30
7884,ViaCLYR 16oz Corrugated Pad,21
7885,ViaCLYR 16oz Divider,21
7886,ViaCLYR 32oz Cosmo Round Bottle 28-410,42
7887,ViaCLYR 28-410 Flip Top Cap with LNP Liner,0
7888,"ViaCLYR 10""x8""x10"" White Printed Box with Arrow",21
7889,ViaCLYR 32oz Wrap Around Label,0
7890,ViaCLYR 32oz Back Label,0
7891,ViaCLYR 32oz Foam Pad,21
7892,ViaCLYR 32oz Divider,21
7893,AO ProVantage Gel (15mL) insert,21
7894,Perftech Perforation Toll *(#007895) Work Order Required),118
7895,"Master Roll Perforated 40"" 25GA FC7  Mylar",118
7896,"CS Perio Corrugated boxes 14x10x10"", S-4144",0
7897,"Economy Bubble wrap - 24"" x 750"", 3/16"", perforated",0
7898,"MP00702 MPM DryMax/DrySAP Super Absorbent Drsg, Sterile, 8X8;",0
7899,"Sodium Chloride, USP CAS# 7647-14-5",0
7900,APTA 2301 – 24/410 black snap top cap .125 orifice lift n peel,63
7901,MPM (META04) SURGICAL COLLAGEN POWDER 1 ML,0
7902,ACTAVIS 4.25 IN SCANTAPE 65008APL,70
7903,Spritz  wound care spray 4 fl oz,0
7904,APTA 2301 – 24/410 White snap top cap .125 orifice lift n peel,63
7905,Iotech MR-HA- US 1L,0
7906,Iotech STR-HA 16oz,0
7907,PHARMCHEM IFU,60
7908,"25 GA Perforated and Slit Mylar 3.0"" and 3.5"" SUB",0
7909,Telfa Pad Clear Sub,0
7910,CS Hyaluronic Acid (Sodium Hyaluronate),0
7911,Enlisense,0
7912,ViaCLYR 275-gal IBC Tote 26WB2N,0
7913,Calendula Extract CAS# 56-81-5 & 7732-18-5 & 84776-23-8,0
7914,Iotech Iorinse MR with HA compouding,0
7915,"Woodfree Coated Paper WFC 5.0""",0
7916,"53# Easy Release Liner 5""",0
7917,"Transparent  PE Tape 2.0""",0
7918,"Celgard A273 Monolayer PP 2.36""",0
7919,Hyaluronate Acid Powder CAS# 9067-32-7,0
7920,4oz white HDPE cylinder NAWA,35
7921,24/410 white ribbed fine mist sprayer w clear cap 4-3/4 dip tube,0
7922,*D 0.5oz Tube MPM Regenecare HA MP00112  w heat seal liner,60
7923,Iotech STR HA 16oz Front Label,0
7924,Iotech STR  HA 16oz back Label,0
7925,Iotech MR with HA 32oz Front Label,0
7926,Iotech MR with HA 32oz back Label,0
7927,Zinc Chloride CAS No# 7646-85-7,0
7928,Iron Sulfate Heptahydrate CAS# 007782-63-0,0
7929,Cobalt (II) Chloride Hexahydrate CAS# 7791-13-1,0
7930,Chromium (III) Chloride Hexahydrate,0
7931,Manganese (II) Chloride Tetrahydrate CAS# 13446-34-9,0
7932,Copper (II) Chloride Dihydrate CAS#10125-13-0,0
7933,Molybdenum (V) Chloride CAS# 10241-05-1,0
7934,Sodium Selenite Pentahydrate CAS# 10102-18-8,0
7935,Vanadium (III) Chloride CAS# 7718-98-1,0
7936,Sulfuric Acid CAS# 7664-93-9,0
7937,NAWA Spritz Wound Care Compound,0
7938,Pause life vulva moisturizer 50mL,0
7939,Pause life vulva moisturizer 15mL,0
7940,Pause life vulva moisturizer 15mL,0
7941,Pause life vulva moisturizer 50mL,0
7942,Detekt Sebutape Skin Strip,0
7943,Detekt Sensitivity Skin Test Strip,0
7944,IMPLUS  INSERT 07SS STERILE IFU,21
7945,IMPLUS SKIN BLISTER PAD CARTON 2ND SKIN,60
7946,Slip Sheets 48 x40,0
7947,AO ProVantage 15 mL BOTTLE AS-15 RS/PP,120
7948,PERIO Inner Carton AO GEL 15mL,30
7949,BlastX IFU NMS-40001 Rev P,30
7950,BlastX Wound Gel Unit Box 30mL-1oz NMS-30001 Rev U,30
7951,"25 GA Perforated and Slit Mylar 4.0"" (SUB)",0
7952,Telfa Pad Clear (Mini Island Dressing) SUB,0
7953,Beta-Glucan CAS# 160872-27-5,0
7954,Tremella Mushroom Extract CAS# 778577-37-0,21
7955,Daily Moisturizing Fragrance Orchidia ORC2402397,0
7956,Pauselife Vulva Moisturizer Compound,0
7957,"Pauselife bottle, pump and overcap 50mL",0
7960,Pauselife 15ml Tube with White cap,0
7961,TUBE BlastX 1oz-30mL NMS-20001 Rev P,75
7963,Spritz NAWA Bottle Label,0
7964,NAWA SBS carton,0
7965,Corrugated Shipper box 12x8x6,0
7966,REGENECARE HA SPRAY 3.0 BULK,30
7967,Sterile 50% HA Collagen pad 8x12,0
7968,SBS carton for 50mL Pauselife,60
7969,SBS carton for 15mL Pauselife,60
7970,FASSON FSC PB/S246/50,0
7971,CS - Sensitive Carton - 2 x 2 x 8.75,0
7972,"Bloomi-Delight Personal Lubricant, 3 oz",0
7973,"CS Sensitive Bottle 10 oz Slim Tubular, White",0
7974,CS Sensitive Bottle - 32oz 28/410 White HDPE Cylindrical Flamed,0
7975,"4"" x 6"" Therabond 3D Island Dressing 3DAI-46",0
7976,"4"" x 8"" Therabond 3D Island Dressing 3DAI-48",0
7978,"4"" x 12"" Therabond 3D Island Dressing 3DAI-412",0
7979,"4"" x 14"" Therabond 3D Island Dressing 3DAIXS-414",0
7980,"4"" x 10"" Therabond 3D Island Dressing 3DAI-410",0
7981,"4"" x 5"" Therabond 3D Island Dressing 3DAI-45",0
7982,"2"" x 2"" Therabond 3D Island Dressing 3DAI-22",0
7983,Osteoremedies Branded 1.0oz BlastX 12 assembly Turnkey,0
7984,"Osteoremedies Branded Gel 0.25 oz, 40 assembly Turnkey",0
7985,HYDROCHLORIC ACID 10% CAS# 7647-01-0,0
7986,POTASSIUM ACETATE PH. EUR. CAS# 127-08-2,0
7987,"4"" x 10"" Therabond 3D Island Dressing 3DAIXS-410",0
7988,Derma Clip Vet Large 3 Clip Adhesive Pad,0
7989,Perilla Ocymoides Seed CAS#0068132-21-8,14
7990,Calcium Citrate CAS #813-94-5,30
7991,Bloomi Delight 3oz,0
7992,Port Drape,0
7993,200 RC Filter,0
7994,Cytiva Versapor 200RC 0.2µm,0
7995,"10 x 13"" 2 Mil Reclosable Bags",0
7996,"Dermamed DM-2002 Sontara 4.5""",112
7997,Turn Therapeutics Hexagen Bulk - 55 Gallon Drum,0
7998,"Dermamed DM-4009 PU film 3.25""",112
7999,"CS Argentum 2.5"" Silver Nylon Fabric",0
8000,3M 9833 4.25 IN,45
8001,"D*4oz Bottle, MPM Regenecare HA Spray MP00117 R0126",30
8002,VASHE Advanced - 1 L Bottle Label Wrap Around 00374,60
8003,VASHE Advanced 1 L Instill BTL Label Wrap Around 00377,60
8004,VASHE Advanced - 250 ml Bottle Label Back 00372,60
8005,URGO Advanced - 250 ml Bottle Label Front,60
8006,VASHE Advanced - 475 ml Bottle Label Back 00373,60
8007,URGO Advanced - 475 ml Bottle Label Front,60
8008,VASHE Advanced - 475 ml Instill Bottle Label Back 00376,60
8009,APTA 2420 24/410 Black Fliptop Caps with  S70A/FS 3-27  Liner,63
8010,SILG 2800  28/410 Black Fliptop Caps with  S70A/FS 3-27  Liner,63
8011,CS Bloomi Delight Bulk Compounding (1K Use Only),0
8012,Bloomi Delight 3oz (1K Use Only),0
8013,CS Bloomi Delight 3oz Tube,0
8014,CS Bloomi Delight SBS Carton,0
8015,Bloomi Delight Bulk Compounding,0
8016,"D* MEDIPLAST 11.9685""(304mm) AFO 185-001 PAPER/LDPE/FOIL LAM",60
8017,D* SBS BOX CURAD MEDIPLAST CUR01496,60
8018,D* CASE CARTON CURAD MEDIPLAST CUR01496,60
8019,"Printed Dermamed 2002 Sontara 4.5"" (SUB)",0
8021,Benzalkonium Chloride CAS# 68424-85-1,0
8022,Polyaminopropyl Biguanide CAS#32289-58-0,0
8023,"16oz Divider ioRinse 8.9375"" x 11.75""",0
8024,"1 liter Divider ioRinse 10.4375"" x 11""",0
8025,Organic Sunflower Oil CAS# 8001-21-6 HI OLEIC,0
8026,Organic Cocoa Butter CAS# 8002-31-1,0
8027,Shea Butter CAS#91080-23-8 LOW MELT,0
8028,CS Cerafumei Sunflower Wax 5301,0
8029,Sea Buckthorn Fruit Oil CAS# 225234-03-7,0
8030,Mixed Tocopherols CAS# 1406-18-4,0
8031,SILG 2400  24/410 Black Fliptop Caps with  S70A/FS 3-27  Liner,119
8032,Xylitol CAS# 87-99-0,30
8033,Shipper carton 10x6x6 (S-4102),0
8034,AO ProVantage 15 mL BOTTLE AS-15 RS/PP,140
8035,PERIO WS2250 Sierra Airless Bottle 30 mL,90
5382,Bayer Adhesive Guidance Doc DN-229122 Rev. B,21
6406PP,NUTRI TUBE CS PRINT PLATE XSMALL SENSITIVE,0
6440PP,NUTRI TUBE CS PRINT PLATE/SMALL S-HOLD,0
6441PP,NUTRI TUBE CS PRINT PLATE/MED S-HOLD,0
6442PP,NUTRI TUBE CS PRINT PLATE/LRG S-HOLD,0
6474PP,NUTRI TUBE CS PRINT PLATE SMALL SENSITIVE,0
6475PP,NUTRI TUBE CS PRINT PLATE MEDIUM SENSITIVE,0
6476PP,NUTRI TUBE CS PRINT PLATE LARGE SENSITIVE,0
6477PP,NUTRI TUBE CS PRINT PLATE/XLRG S-HOLD,0
999999,Special Instructions,7
A-100012,"**INACTIVE**.192 Free Chlorine""",7
A-100013,"**INACTIVE**..192 Total Chlorine""",7
A-100014,"**INACTIVE**.192 Alkalinity Paper""",7
A-100015,"**INACTIVE**.192 PH Paper""",7
A-100016,"**INACTIVE**.192 Total Hardness Paper""",7
A-100026,"**INACTIVE**.192 Total Bromine""",7
A-10006,"**INACTIVE**.2.5 Snapped P572/liner 1.175""""",7
A-10008,"**INACTIVE**.2.5 Snapped P572/liner .875""""",7
A-11000,.Printed Hollywood Fashion LNR (SUB),7
A-110001,"**INACTIVE**.4.625 Laminated Tape/Liner""",7
A-11000A,"**INACTIVE**.Printed Hollywood"" Liner""",7
A-11000B,HOLLYWOOD TAPE STRIP (SUB),7
A-11003,Tag Tamers Sub,7
A-11007A,"Printed RED CARPET"" Liner""",7
A-11014A,**INACTIVE**Red Carpet Skinny strips & tra,7
A-11014B,**INACTIVE**Red Carpet Curves,7
A-11014C,**INACTIVE**Red Carpet Wide strips,7
A-11016,HFT-BEHIND THE SEAMS DRESS SHIELDS  (SUB),7
A-11025,**INACTIVE**RCA Flat Pack,7
A-140005,**INACTIVE**Label - LT4500 Low Profile,7
A-1403A,CANICA SUTURESAFE PRTD COLD SEAL (SUB),7
A-1403B,CANICA SUTURESAFE PRDT 1529 TAPE (SUB),7
A-1403C,CANICA SUTURESAFE 1.875 SILICONE (SUB),7
A-1404A,CANICA SUTURESAFE PRTD COLD SEAL (SUB),7
A-1404B,CANICA SUTURESAFE PRDT 1529 TAPE (SUB),7
A-1404C,CANICA SUTURESAFE 1.25 SILICONE (SUB),7
A-160016B,**INACTIVE**RG72 Low Pro. Labeled Pouch,7
A-160016C,**INACTIVE**LT4000 Low Pro. Labeled Pouch,7
A-17001A,Cath-Strip Tape Patch,7
A-17001B,Cath-Strip Velcro Strip,7
A-17001C,Printed Cath-Strip Liner,7
A-19001A,**INACTIVE**Easy-Ply converted tape/liner,7
A-19001B,**INACTIVE**Easy-Ply converted carbon,7
A-19001C,**INACTIVE**Easy-Ply converted gel squares,7
A-19001D,**INACTIVE**Easy-Ply printed inserts,7
A-20008,**INACTIVE**Electrode Sub,7
A-20009,**INACTIVE**Cover Sub,7
A-2009,**INACTIVE**AEP-4000 Gel Squares,7
A-2009A,**INACTIVE**AEP-4004 Carbon,7
A-2009B,**INACTIVE**AEP-4004 Pouch with Label,7
A-2009C,**INACTIVE**AEP-4004 Labels,7
A-2010,**INACTIVE**AEP-T Carbon,7
A-2010A,**INACTIVE**AEP-T Velcro Subassembly,7
A-22001,**INACTIVE**Converted Semi-Occlusive Strip,7
A-22001A,"**INACTIVE**.75 Converted Cotton Square""",7
A-22002,**INACTIVE**Converted Occlusive Strip,7
A-22003,**INACTIVE**5 site Occlusive 1526 Strip,7
A-22004,5 Site Semi-Occlusive Strip (Sub),14
A-238001,**INACTIVE**Laminated 9874 and L-30 Liner,7
A-239007,VASAMED PRINT VINYL  (SUB),7
A-240001A,**INACTIVE**laminated/printed foam (HNT),7
A-25001,**INACTIVE**Tegaderm Dressing 1624WNS,7
A-260002A,ENOVA BLUE PET LINER (SUB),7
A-260002B,ENOVA LAMINATED TAPE (SUB),7
A-2900,3.0 3M 7323 .002 MYLAR (SUB),7
A-2902,3.75 3M 7323 .002 MYLAR (SUB),7
A-3000,"**INACTIVE**3.25 Hefty Printed Back Liner""",7
A-31001,**INACTIVE**IS4000 printed vinyl/tin,7
A-31001A,**INACTIVE**Printed Vinyl IS4000,7
A-33001,"3.625 Printed 3x3 w/Tin Dispo""",7
A-33001A,"**INACTIVE**3.625 Printed Vinyl 3X3 Elect""",7
A-33002,"2.875 Printed 2"" w/Tin Dispos""",7
A-33002A,"**INACTIVE**2.5 Printed Vinyl 2x2 Elec.""",7
A-340001,**INACTIVE**Left Hand Wrist Restorer 7 pk,7
A-340002,**INACTIVE**Right Hand Wrist Restorer 7 pk,7
A-3501,"**INACTIVE**.255 Cellulose Acetate""",7
A-3502,"**INACTIVE**.256 Nitrocellulose CN-140""",7
A-3503,"**INACTIVE**.256 Nylon""",7
A-3504,"**INACTIVE**..157 Whatman 31 ET""",7
A-3600,"3.90 Minicel foam lamination""",7
A-3600B,"1.275 Liner""",7
A-39002,"**INACTIVE**1.5 x 1.5"" Converted Test Pad""",7
A-4001A,**INACTIVE**.TQE Printed liner,7
A-4001B,**INACTIVE**.TQE Carbon Squares,7
A-4001C,**INACTIVE**.TQE Carbon with Snap,7
A-4001D,**INACTIVE**.TQE Foam Square,7
A-4015,"**INACTIVE**4.5 Printed 2x2 Vinyl""",7
A-4015A,"**INACTIVE**4.5 Vinyl/Carbon 2x2-Iomed""",7
A-4022,"**INACTIVE**4.75 Printed 3.5"" x 2 Vinyl""",7
A-4033A,"**INACTIVE**2.5 Print/Convert Vinyl/Carb""",7
A-4033B,"**INACTIVE**2.58 Snap 2.5x2 Vinyl/Carbon""",7
A-4033C,"**INACTIVE**7.75 Printed 2.5 x 2 Vinyl""",7
A-4037,"**INACTIVE**3.29 Vinyl/Carbon 2.75 x 3""",7
A-4037B,"**INACTIVE**3.29 Snapped Vinyl Carbon""",7
A-4041A,"**INACTIVE**2.5 Unprinted Vinyl/Carb""",7
A-4041B,"**INACTIVE**2.58 Snap 2.5x2 Vinyl/Carbon""",7
A-43001,**INACTIVE**Neck,7
A-43002,**INACTIVE**Face,7
A-43003,**INACTIVE**Eye,7
A-43007A,**INACTIVE**Lobe Wonder 5 card Strip,7
A-460001,Genesee Mylar Foam Skin Pad 1.5 IN (SUB),7
A-47000,"**INACTIVE**Boo Boo strip lamination 2.50"",A""",7
A-47001,**INACTIVE**Boo Boo strip Subassembly,7
A-47002,**INACTIVE**Boo Boo strip Shield,7
A-4803,"Printed Random Pair - 4.5""(1) and 5.5""(2)",7
A-4803A,"Printed Liner - Pair of - 4.5"" and 5.5""",7
A-4803B,"printed ""Remove 2"" liner 5.5 IN",7
A-5004,**INACTIVE**RG72 Converted Low Profile,7
A-5004A,**INACTIVE**Label- RG72 Low Profile,7
A-5005,**INACTIVE**Converted LT4500 Low Profile,7
A-5005A,**INACTIVE**Label - LT4500 Low Profile,7
A-5006,**INACTIVE**Converted Low Profile w/Conmed,7
A-5007,**INACTIVE**LT4500 TAN Low Profile,7
A-5007A,**INACTIVE**Label-LT4500 Low Profile BLK,7
A-520001A,**INACTIVE**Rid-A-Tick Insert,7
A-5303,"**INACTIVE**Label, for tray (F-5300)",7
A-56000,**INACTIVE**Printed Liner for Merit,7
A-56001,**INACTIVE**Vinyl Square,7
A-56007,**INACTIVE**Printed Liner for Merit,7
A-56007B,AMPARO R0001-20 HYDROCOLLOID 4.50 IN (SUB),21
A-57002A,**INACTIVE**Printed Polystyrene / Incline,7
A-57002B,"**INACTIVE**3.0 Coated Spreading Layer""",7
A-57002C,"**INACTIVE**.220 Slit Coated Membrane""",7
A-57002D,"**INACTIVE**.500 Slit Spreading Layer""",7
A-57002S,"**INACTIVE**3.0 Un-Coated Spreading Layer""",7
A-57003B,**INACTIVE**Bar Code Label for Valustrip,7
A-59001,"**INACTIVE**1.625 Printed Gold 1st Touch""",7
A-59002,"**INACTIVE**1.625 Printed Gold 1st Touch""",7
A-59005,Silver Printed 1st Touc 1.625 IN,7
A-60125,".5"" AETB523 BOPP Film 75 g. (SUB)",14
A-6031,**INACTIVE**GOLMED 25MM LT303 GEL DISCS (SUB),7
A-60443,"6"" AETB525 BOPP FILM 75G (SUB)",14
A-650001,**INACTIVE**100' Roll Lamination,7
A-650004A,VERMED SLIT NONWOVEN 1.25 IN (SUB),21
A-650004B,VERMED SLIT SILVER FILM 0.375 IN (SUB),21
A-6800,"**INACTIVE**2 x 3"" return electrode""",7
A-6800A,"Print foam subassembly - 4.0""",7
A-6800B,"Laminated sub for 1.5cc - 4.0""",7
A-6800C,"Snapped sub for 1.5cc - 4.0""",7
A-6800D,**INACTIVE**Shipper Label sub for 1.5cc,7
A-6800E,"**INACTIVE**2 printed vinyl/carbon""",7
A-6800F,"**INACTIVE**2 snapped vinyl/carbon""",7
A-6800G,ACTIVATEK TRIVARION SMALL 1.5cc IONTO 00115 (SUB),7
A-6801A,"Print foam subassembly - 4.25""",7
A-6801B,"4.25 Laminated sub for 2.0cc""",7
A-6801C,"Snapped sub for 2.0cc - 4.25""",7
A-6801D,**INACTIVE**Shipper Label sub for 2.0cc,7
A-6801E,ACTIVATEK TRIVARION MED. 2.0cc 00120 (SUB),14
A-6802A,"Print foam subassembly - 4.50""",7
A-6802B,"**INACTIVE**4.50 Laminated sub for 3.5cc""",7
A-6802C,"**INACTIVE**Snapped Sub for 3.5cc  -  4.50""",7
A-6802D,**INACTIVE**Shipper Label sub for 3.55cc,7
A-6802E,ACTIVATEK TRIVARION LARGE 3.5 cc IONTO (SUB),7
A-6804,"Return 3"" x 2""",7
A-6804A,"Printed Vinyl/Carb - 3"" × 2""",7
A-6804B,"Snapped Vinyl/Carbon - 3"" × 2""",7
A-6805,"Label - Pouch, Activatek-MED",7
A-6805A,"Label - Pouch, Activatek-SMALL",7
A-6805B,"Label - Pouch, Activatek-Large",7
A-69002,**INACTIVE**Insert - EAP carbon electrodes,7
A-69002A,**INACTIVE**Carbon Electrode,7
A-69003,**INACTIVE**EAP Label - IMS Gel Pad,7
A-69003A,**INACTIVE**Gel Pad,7
A-700008,"**INACTIVE**4 Reinforced Lamination""",7
A-700009,"**INACTIVE**2.5 Reinforced Lamination""",7
A-700010,"**INACTIVE**2.75 Reinforced Lamination""",7
A-700013,"**INACTIVE**4.75 Reinforced Lamination""",7
A-700015,"**INACTIVE**4.75 Reinforced Lamination""",7
A-76001,**INACTIVE**Ionto Patch Subassembly,7
A-76001A,"**INACTIVE**3.75 Printed 9907 Birch PT""",7
A-76002,"**INACTIVE**Hold Down (Set of 2) 1.8""",7
A-76003,"*INACTIVE**Cotton Disc 1.75""",7
A-76004,"**INACTIVE**Label - Pouch, BPM",7
A-76005,**INACTIVE**Trimmed Batteries,7
A-76006,"*INACTIVE**Label - Pouch, BPM",7
A-76007,"**INACTIVE**Label - Box, BPM",7
A-76008,*INACTIVE**Ionto Patch Subassembly - Auto,7
A-76008A,"**INACTIVE**6.4375 Printed 9907""",7
A-76009,**INACTIVE**1526 Ovals,7
A-76010,**INACTIVE**Biligual Front&Back PouchLabel,7
A-76011,**INACTIVE**Bilingual Back Pouch Label,7
A-76012,**INACTIVE**Labels - Ionto SP Pouch F & B,7
A-76017,**INACTIVE**Iontopatch SP 40 Subassembly,7
A-76017A,**INACTIVE**SP Absorbent Pads (Set of 2),7
A-76017B,**INACTIVE**Converted 9907 - Tan SP Patch,7
A-76017C,**INACTIVE**SP Iontopatch seal dots E-0038,7
A-76017D,**INACTIVE**SP - Labeled Foil Pouch,7
A-76017E,**INACTIVE**SP - Converted Liner/Foam,7
A-76017F,**INACTIVE**SP Front Pouch Label,7
A-76017G,**INACTIVE**SP - Back Pouch Label,7
A-76024,**INACTIVE**80 AMP Subassembly Patch +/-,7
A-76032,**INACTIVE**Iontopatch SP B-0035-040,7
A-76032A,**INACTIVE**SP 40amp 170.050 C-0036-040,7
A-76032B,**INACTIVE**SP 40mA Patches (No Battery),7
A-76036,"**INACTIVE**6 1526 Printed Phoenix""",0
A-76036A,**INACTIVE**Phoenix card/absorb/covers/top,7
A-76036B,**INACTIVE**Seal Dot (1526) - BP Phoenix,7
A-76036C,**INACTIVE**Card liner - BP Phoenix,7
A-76043,**INACTIVE**STAT Patch,7
A-76043A,**INACTIVE**STAT Absorbent pads ( pair ),7
A-76043B,**INACTIVE**STAT Conductive Adhesive,7
A-76043C,**INACTIVE**STAT Trimmed Batteries,7
A-76045,**INACTIVE**Cosmetic Patch - Automated,7
A-76045A,**INACTIVE**Cosmetic Patch Absorbent Subas,7
A-76046,**INACTIVE**Cosmetic Patch/Wht - Automated,7
A-76049,**INACTIVE**STAT Patch B-0065-080,7
A-76050,**INACTIVE**B-0066 STAT patch subassembly,7
A-77000,**INACTIVE**Gallium Cosmetic Patch - press,7
A-77000A,**INACTIVE**Gallium Cosmetic Absorbent,7
A-77000B,**INACTIVE**Gallium Cosmetic Battery,7
A-77001A,"**INACTIVE**2.25 Printed 1.5 mil Blue PET""",7
A-77002A,"**INACTIVE**6.625 50# Printed GPT liner""",7
A-77003A,"**INACTIVE**7.1875 Printed Liner - 50pk""",7
A-77003B,**INACTIVE**Converted Eyepatches - 50pk,7
A-77003C,**INACTIVE**Derm Aid 50pr label -Frnt&Back,7
A-77004A,**INACTIVE**Derm-Aid 10pr Front-Back Label,7
A-77004B,**INACTIVE**Derm-Aid 10 pk FRNT&BK Label,7
A-77005A,**INACTIVE**Laser-Aid 24pk label-Frnt&Back,7
A-77005B,**INACTIVE**Clamshell Label - Back,7
A-77006A,**INACTIVE**Laser-Aid 5 pr label-Frnt&Back,7
A-77006B,**INACTIVE**Laser-Aid 5 pr label-Frnt&Back,7
A-77007A,**INACTIVE**IPL-Aid 50 pr label  Frnt&Back,7
A-77007B,IPL-Aid 50 pr label  Frnt&Back,28
A-77008A,**INACTIVE**IPL-Aid 10pr label - Frnt&Back,7
A-77008B,**INACTIVE**IPL-Aid 10pr label - Frnt&Back,7
A-77009A,**INACTIVE**Derm Aid 50pr label -Frnt&Back,7
A-77009B,**INACTIVE**Derm Aid 50pr label-Frnt&Back,7
A-77009D,Bacou Blue tab material .725 IN,7
A-77010,**INACTIVE**Derm-Aid with Blue tab pair,7
A-77010A,**INACTIVE**Derm-Aid 10pr Front-Back Label,7
A-77010B,**INACTIVE**Derm-Aid 10pr Front-Back Label,7
A-77010C,**INACTIVE**Derm-Aid Purple printed liner,7
A-77010CE,Derm-Aid Purple printed liner,7
A-77010D,Derm-Aid with Blue tab pair CE,7
A-77011,**INACTIVE**LASER-AID WITH BLUE TAB PAIR,7
A-77011A,**INACTIVE**Laser-Aid 24pk label-Frnt&Back,7
A-77011B,**INACTIVE**Laser-Aid 24pk label-Frnt&Back,28
A-77011C,**INACTIVE**Laser-Aid Green printed liner,7
A-77011CE,Laser-Aid Green printed liner,7
A-77011D,LASER-AID WITH BLUE TAB PAIR CE,7
A-77012,**INACTIVE**IPL-Aid with Blue Tab Pair,7
A-77012A,**INACTIVE**IPL Aid 50pr label -Frnt&Back,7
A-77012C,**INACTIVE**IPL-Aid Blue printed liner,7
A-77012CE,IPL-Aid Blue printed liner,7
A-77012D,IPL-Aid with Blue Tab Pair CE,7
A-77015,**INACTIVE**LED-Aid with Blue Tab Pair,7
A-77015A,**INACTIVE**LED-Aid 10pr label - Frnt&Back,7
A-77015C,**INACTIVE**LED-Aid Red printed liner,7
A-77015CE,LED-Aid Red printed liner,7
A-77015D,LED-Aid with Blue Tab Pair,7
A-77016A,**INACTIVE**LED-Aid 50 pr label  Frnt&Back,7
A-77017CE,Anesthesia-Aid Orange printed liner,7
A-77017D,Anesthesia-Aid with Blue Tab Pair CE,7
A-79000,"**INACTIVE**1 Printed Tape""",7
A-800001,**INACTIVE**TEC Labels (Not stamped),7
A-81001,**INACTIVE**2X2 Snapped PE,7
A-81001A,"**INACTIVE**2.75  Die cut 2 x 2 50# liner""",7
A-81001B,"**INACTIVE**  2.75 Laminated Flesh/50#(2x2)""",7
A-81002A,LIFE TECH 3X4 Laminated Flesh/50# 3.375 (SUB),7
A-81002B,LIFE TECH 3X4 Snapped PE (SUB),7
A-81002C,LIFE TECH 3X4 DIE CUT (SUB),7
A-8900,**INACTIVE**Dust-Aid-foam/tape lamination,7
ANG09,AngioGenes Surgical Matrix Collagen Powder 2.5mL,0
C-100008,"**INACTIVE**4 Absorbant Material""",35
C-100017,**INACTIVE**size 23 polyester strand,35
C-100018,"**INACTIVE**5  5.0P1-A Absorbant Material""",35
C-100021,"1.0"" Versapor 450R / #V45R500-09",21
C-100030,"**INACTIVE**2.125 Grade 989 Absorbent""",42
C-130014,**INACTIVE**Alcohol Prep Pad,0
C-140010,**INACTIVE**Technical Overview Insert,35
C-140011,**INACTIVE**Patient Info Card,35
C-140021,**INACTIVE**Technical Overview REV 3,35
C-160030,"**INACTIVE**5 x 7.75"" White Foil Pouch""",35
C-160039,"**INACTIVE**5 x 7.69"" Printed white Foil""",35
C-170023,"**INACTIVE**7.875 x 1.625"" x 5"" Ionto Box""",35
C-170033,"**INACTIVE**16 x 13.75"" x 15.625"" shipper""",35
C-170036,"**INACTIVE**7.875 x 1.625"" S&N Ionto Ctn""",35
C-180081,**INACTIVE**Saline vials,0
C-180083,**INACTIVE**Blue - Pantone 3025,14
C-180084,**INACTIVE**Yellow - Pantone 156,14
C-180100,**INACTIVE**Blue - Special 3025(box label),14
C-20021,"**INACTIVE**6.84375 1773 Foam""",35
C-20025,"**INACTIVE**2.28125 3M 1773 Foam""",35
C-20027,"**INACTIVE**6 9781 3M Foam - Customer Own""",35
C-30054,"1524 Transfer Adhesive .5""",0
C-30063,"**INACTIVE**6.5 Optiflex Hard White""",35
C-30084,"**INACTIVE**2.5 1524 Transfer Adhesive""",35
C-30085,"**INACTIVE**4 1524 Transfer Adhesive""",35
C-30090,"**INACTIVE**2.5 Avery 4750 U Paper Tape""",56
C-30091,"**INACTIVE**4 Paper Tape - customer owned""",56
C-30095,"**INACTIVE**5.25 1526 Tape""",35
C-30097,"**INACTIVE**4.4375 3M 9907 Tan Tape""",35
C-30111,"**INACTIVE**2.5 Plasto Tan P-1034S tape""",35
C-30112,"**INACTIVE**4 P-1035 Plasto Tan Tape""",35
C-30114,"**INACTIVE**.5 Clear PE Overlaminate""",35
C-30115,"**INACTIVE**2.75 Avery 4750 U Paper Tape""",56
C-30116,"**INACTIVE**4.75 Paper Tape - customer""",56
C-30117,"**INACTIVE**2.75 Plasto Tan P-1034S Tape""",35
C-30118,"**INACTIVE**4.75 Plasto Tan P-1034S Tape""",35
C-30121,"**INACTIVE**2.75 1524 Transfer Adhesive""",35
C-30122,"**INACTIVE**4.75 1524 Transfer Adhesive""",35
C-30132,"**INACTIVE**1.375 3M 1345 Copper Tape""",35
C-30140,"**INACTIVE**1.5 3M 1526 Tape""",35
C-30141,"**INACTIVE**2.25 3M 1526 Tape""",35
C-30142,"**INACTIVE**1.5 3M 9907 Tape""",35
C-30143,"**INACTIVE**2.9375 3M 9907 Tan Tape""",35
C-60082,"**INACTIVE**6 1 mil Clear PET/REP-4""",28
C-60084,"**INACTIVE**3.5 7 mil Anti-static PET""",35
C-60095,"**INACTIVE**2.625 Polyprobpylene - clear""",35
C-60171,"**INACTIVE**5 78# Medium Release Liner""",35
C-70009,"**INACTIVE**5.25 High gloss Label Stock""",0
C-90022,"**INACTIVE**2 mil Copper Foil 1""",0
C-90023,"**INACTIVE**1.25 2 mil Copper Foil""",0
C-A76002,**INACTIVE**Hold Down (set of 2),0
C-A76003,**INACTIVE**Cotton disc (manual run),0
C-A76004,"**INACTIVE**How to Apply"" Label""",0
C-A76006,**INACTIVE**Label - Front of Pouch BPM,0
C-A76007,**INACTIVE**Label - 80 amp Box circle,0
C-A76008,**INACTIVE**Ionto Patch Subassembly-Auto,0
C-A76008A,"**INACTIVE**6.4375 printed 9907 tan tape""",0
CELG09,CelGenera Surgical Matrix Collagen Powder,0
CELG18,"CelGenera Surgical Matrix 8""x12"" Collagen Dressing",0
CELG27,"CelGenera Surgical Matrix 7""x7"" Collagen Dressing",0
CRL-101,"**INACTIVE**2 Crosscore""",0
CuDerm - Packing,CuDerm - Packing,0
CuDerm - Press,CuDerm - Press,0
CuDerm - Rent,CuDerm - Rent,0
CuDerm - Rewind,CuDerm - Rewind,0
CuDerm - Shippers Whse,Shippers Warehouse Fee,0
CuDerm-Rent,CuDerm Rent,0
F-1000,**INACTIVE**Filter Cloth Patch,14
F-100001,**INACTIVE**18 Site Semi-Occlusive Patch,14
F-100002,**INACTIVE**18 Site Occlusive Patch,14
F-100003,**INACTIVE**3-Up Semi-occlusive/6K roll,14
F-100004,EVALULAB 18 SITE SEMI-OCCLUSIVE /5K ROLL,14
F-10001,"**INACTIVE**9 x 1800 ft master rolls""",14
F-10003,**INACTIVE**Single Abrading Tabs,14
F-10004,**INACTIVE**Abrating Tabs-10 tabs per card,14
F-10005,**INACTIVE**White Over Patch,14
F-10006,"**INACTIVE**7/8 x 1-1/8"" snap electrode""",14
F-10007,**INACTIVE**Tan Over Patch  P/N 2000,14
F-10008,"**INACTIVE**7/8 X 7/8"" Strips of 4 Snap""",14
F-10009,"**INACTIVE**7/8 Neonatal Electrode""",14
F-1001,"**INACTIVE**3x5"" TruMed Shipping Label""",14
F-10010,"**INACTIVE**7/8 Neonatal Electrode""",14
F-10011,**INACTIVE**abrating tabs-10/card-P/N 2121,14
F-10012,**INACTIVE**NIKOMED ABRADING TABS- 180 GRIT,14
F-10013,**INACTIVE**Single Abrading Tabs-180 grit,14
F-101,**INACTIVE**schering plough clear away pat,14
F-1100,**INACTIVE**Cheek icon - IUPUI design,14
F-11000,HOLLYWOOD FASHION TAPE *36/BOX,14
F-110001,"**INACTIVE**4.125 Tape Disc G624053-901""",14
F-11001,**INACTIVE**Tape Strip Sample Pack,14
F-11002,**INACTIVE**Bunhead Fashion Tape,14
F-11003,**INACTIVE**Tag Tamers,14
F-11004,**INACTIVE**Fashion Tape QVC TINS Envelope,14
F-11005,**INACTIVE**Fashion tape - Bulk,14
F-11006,**INACTIVE**Fashion Tape - French,14
F-11007,**INACTIVE**Red Carpet Assortment,14
F-11008,**INACTIVE**Generic tape strips,14
F-11009,**INACTIVE**Glamorous Gown assortment,14
F-11010,**INACTIVE**Red Carpet Bulk,14
F-11011,**INACTIVE**Wedding Apparel fashion tape,14
F-11012,**INACTIVE**Glamorous Gown Bulk,14
F-11013,**INACTIVE**Fashion Tape - Unprinted Bulk,14
F-11014,**INACTIVE**QVC Red Carpet Collection,14
F-11015,**INACTIVE**HFT TAG TAMER SAMPLE PK,14
F-11016,HFT- BEHIND THE SEAMS DRESS SHIELDS,14
F-11016R,**INACTIVE**Behind the Seams Dress Shields,14
F-11018,**INACTIVE**Hollywood Fashion Tape - AUS,14
F-11019,HFT-BTS FLAT PACK ( 10 SHIELDS),14
F-11019R,**INACTIVE**Behind the Seams Dress Shields,14
F-11020,**INACTIVE**HFT-BEHIND THE SEAMS SAMPLE PACKS,14
F-11021,**INACTIVE**HFT- SAMPLE PACK *FLAT PACKED 1001-17,14
F-11022,**INACTIVE**HFT-12 Strip Tape Flat Pack,14
F-11023,**INACTIVE**HFT-36 Strip Tape Flat Pack,14
F-11024,**INACTIVE**HFT-36 Strip Tape Flat DISPLAY,14
F-11025,**INACTIVE**HFT-RCA FLAT PACK P/N 1004,14
F-11026,**INACTIVE**HFT- RCA  FLAT 18 IN DISPLAY P/N 1004-11-08,14
F-11027,**INACTIVE**BCBG Fashion Tape,14
F-11099,**INACTIVE**Adhesive strips,14
F-1200,"**INACTIVE**Whatman 17/Lexan8010 rls-0.25"",F""",14
F-12000,**INACTIVE**Tape Tabs w/removable liner,14
F-120001,"**INACTIVE**2.90 ESD Shield 3297073.A""",14
F-1201,**INACTIVE**Whatman17/Lexan8010 rls - 12mm,14
F-1300,**INACTIVE**Reflective Dots,14
F-130001,**INACTIVE**Prototype Armbands,14
F-13999,"**INACTIVE**2/1""/.5"" Slit Rolls""",14
F-1400,**INACTIVE**Dynastretch - 1A1181,14
F-140001,**INACTIVE**Foil Washer - 641751-01,14
F-140002,**INACTIVE**VISHAY FOIL WASHER REV E 641751-02,14
F-14001,**INACTIVE**Primary Skin Irritation,14
F-1401,**INACTIVE**Dynacleft-Unilateral DCX10NS,14
F-1401R,**INACTIVE**Dynacleft-Unilateral DCX10NS,14
F-1402,CANICA DYNACLEFT -BILATERAL DCX20NS,14
F-1403,Canica SutureSafe - DWS14NS,14
F-1404,"CANICA DWS12NS - 1/2x4"" Suturesafe""",14
F-1500,**INACTIVE**3M Micropore Hospitalario Box,14
F-150001,"**INACTIVE**Tape,Silicone  .002 x 6 x 60yd",14
F-15001,**INACTIVE**Double Snap Electrode,14
F-1501,**INACTIVE**3M Durapore Hospitalario Box,14
F-1502,**INACTIVE**3M Transpore Hospitalario Box,14
F-1600,**INACTIVE**DOA Cup Cover Label,14
F-160000,**INACTIVE**2 Conductor Strip - M900501490,14
F-1601,**INACTIVE**Reading Window Cover MP,14
F-1700,**INACTIVE**Mouth attached snoring device,14
F-170001,**INACTIVE**AXIOM LUER CAP STRAP  B-1175-6,14
F-17001,DERMA SCIENCE CATH-STRIP CS50,42
F-1800,**INACTIVE**3M 1522 tape strip,14
F-18001,**INACTIVE**MYI Eye Patch 804 Brite Orange,14
F-18002,**INACTIVE**MYI Eye Patch - Teddy Bear,14
F-18003,**INACTIVE**MYI Eye Patch - Stars,14
F-18004,**INACTIVE**MYI Eye Patch - Ladybugs,14
F-18005,**INACTIVE**MYI Eye Patch - Junior Stars,14
F-18006,**INACTIVE**MYI Eye Patch - Junior Bears,14
F-18007,**INACTIVE**MYI Eye Patch - Junior Ladybug,14
F-18008,**INACTIVE**MYI Eye Patch-Junior Lt Flesh,14
F-18009,**INACTIVE**MYI Eye Patch-Junior Drk Flesh,14
F-18010,**INACTIVE**MYI Eye Patch-REG Light Flesh,14
F-18011,**INACTIVE**MYI Eye Patch - REG Dark Flesh,14
F-18012,**INACTIVE**MYI Eye Patch-Junior Orange,14
F-18013,**INACTIVE**MYI Eye Patch - Junior Yellow,14
F-18014,**INACTIVE**MYI Eye Patch - Junior Blue,14
F-18015,**INACTIVE**MYI Eye Patch - Junior Pink,14
F-18016,**INACTIVE**MYI Eye Patch - Regular Orange,14
F-18017,**INACTIVE**MYI Eye Patch - Yellow,14
F-18018,**INACTIVE**MYI Eye Patch - Blue,14
F-18019,**INACTIVE**MYI Eye Patch - Pink,14
F-18020,**INACTIVE**MYI Eye Patch - Reg. Tropical,14
F-18021,**INACTIVE**MYI Eye Patch - Regular Hearts,14
F-18022,**INACTIVE**MYI Eye Patch - Reg. Princess,14
F-18023,**INACTIVE**MYI Eye Patch - Regular Spider,14
F-18024,**INACTIVE**MYI Eye Patch - Regular Flame,14
F-18025,**INACTIVE**MYI Eye Patch - Reg. Transport,14
F-18026,**INACTIVE**MYI Eye Patch - Jr. Tropical,14
F-18027,**INACTIVE**MYI Eye Patch - Jr. Hearts,14
F-18028,**INACTIVE**MYI Eye Patch - Jr. Princess,14
F-18029,**INACTIVE**MYI Eye Patch - Jr. Spider,14
F-18030,**INACTIVE**MYI Eye Patch - Jr. Flame,14
F-18031,**INACTIVE**MYI Eye Patch - Jr. Transport,14
F-18032,**INACTIVE**MYI Eye Patch - Reg. Hearts,14
F-18033,**INACTIVE**MYI Eye Patch - Reg. Stars,14
F-18034,**INACTIVE**MYI Eye Patch - Reg. Transport,14
F-1900,**INACTIVE**Underscored foam rolls,14
F-19001,**INACTIVE**Easy-Ply,14
F-19002,**INACTIVE**Opi-Patch,14
F-2000,**INACTIVE**Tooth Whitening Strips,14
F-200001,"**INACTIVE**Tape, Perfusion Products 3083",14
F-20001,**INACTIVE**Non-Sterilized Drape Sheet,14
F-20008,**INACTIVE**Electrode,14
F-20009,**INACTIVE**Cover,14
F-2001,**INACTIVE**Snuggie Adult sa 3020,14
F-2002,**INACTIVE**Snuggi Mini,14
F-2003,**INACTIVE**Snuggie Adult SA 3003,14
F-2004,**INACTIVE**Snuggie Mini Sm 3002,14
F-2005,**INACTIVE**Snuggie Adult SA 3002,14
F-2006,**INACTIVE**Snuggie Mini SM 3003,14
F-2007,**INACTIVE**AEP-2 With Window,14
F-2008,"**INACTIVE**AEP-2C With 1 X .25"" Velcro""",14
F-2009,**INACTIVE**AEP-4004 Carbon Gel,14
F-2010,**INACTIVE**AEP-T Horse Electrode,14
F-2012,**INACTIVE**AEP-2C Horse Electrode,14
F-2014,**INACTIVE**Primie AEP-T,14
F-2015,"**INACTIVE**AEP-2C With 1.75 X .5"" Velcro""",14
F-2016,**INACTIVE**AEP-T Electrode without Velcro,14
F-2100,"**INACTIVE**Tape, Reflectance Sensor",14
F-210001,"**INACTIVE**.75 3M 9877 Tape Rolls""",14
F-21001,**INACTIVE**Foam With Velcro,14
F-2111,**INACTIVE**Multi-layer laminated roll,14
F-2200,**INACTIVE**Carrier Patch,14
F-220001,**INACTIVE**CC15 Adhesive - 510-310K,14
F-22001,**INACTIVE**Semi-Occlusive Strips,14
F-22002,**INACTIVE**Occlusive Strips,14
F-22003,**INACTIVE**5 Site Occlusive 1526 Strip,14
F-22004,5 SITE SEMI-OCCLUSIVE STRIP,14
F-22005,5 SITE OCCLUSIVE TEST STRIP,14
F-22006,"**INACTIVE**Semi-Occlusive Roll 3 s/1.25"",F""",14
F-22007,"ADVANCED 2"" × 200' ROLL SEMI-OCCLUSIVE",14
F-22008,"ADVANCED 2"" × 200' ROLL OCCLUSIVE",14
F-22009,**INACTIVE**3 Site Occlusive Test Strip,14
F-2201,**INACTIVE**NewCare Snap Painmaster,14
F-2203,**INACTIVE**NewCare 7300 Painmaster Base,14
F-2300,**INACTIVE**Tooth Whitening Strips,14
F-23001,**INACTIVE**Allergy Test Strips (occlusive,14
F-23002,**INACTIVE**Occlusive Patch 3/Strip,14
F-23003,**INACTIVE**Occlusive Patch 4/Strip,14
F-234001,**INACTIVE**IN-00511B  Tape Assembly,14
F-234002,INCEPTIO TAPE ASMBLY W/SHIM 02-0014,14
F-236001,**INACTIVE**150277 Die cut 3M 7740 tape,14
F-236002,**INACTIVE**5 x 5 Array Tape Liner  251306,14
F-236003,**INACTIVE**251304 Tape Liner 4 x 5 Array,14
F-236004,"**INACTIVE**2.5 Release Liner""",14
F-237001,**INACTIVE**8mm x 8mm NPM-011-042,14
F-238001,**INACTIVE**Glitter Girl Body Art,14
F-238002,**INACTIVE**MTV Labels,14
F-238003,"**INACTIVE**Group 1  27570, 27571, 27565",14
F-238004,"**INACTIVE**Group 2  27566, 27567, 27568",14
F-238005,"**INACTIVE**Group 3  27564, 27569, 27572",14
F-239001,**INACTIVE**Foil Seal  P/N 02491,14
F-239002,**INACTIVE**Foil Seal  P/N 02673  Rev 1,14
F-239003,**INACTIVE**Foil Seal w/ Center Tab,14
F-239004,**INACTIVE**Cardiac output electrode,14
F-239005,**INACTIVE**Cardiac Output Elec.-P/N 03042,14
F-239006,**INACTIVE**Foil Seal - P/N 02491,14
F-239007,VASAMED LSA ATTACHMENT PACK,14
F-239008,**INACTIVE**Cuff Protector P/N 03278,14
F-2400,**INACTIVE**ExpandaDam Rubber Dam,14
F-240001,**INACTIVE**8 x 10 cm Glow/Dark Face Gear,14
F-240002,**INACTIVE**30002-1 3pc 7 x 6cm  Ferrero,14
F-240003,**INACTIVE**30002-2 5pc 7 x 6cm  Ferrero,14
F-240004,**INACTIVE**Mossy Oak Break Up,14
F-240005,**INACTIVE**Mossy Oak Forest Floor,14
F-240006,**INACTIVE**Mossy Oak Shadow Grass,14
F-240007,**INACTIVE**Advantage Timber,14
F-240008,**INACTIVE**Advantage Hardwoods,14
F-240009,**INACTIVE**Advantage Wetlands,14
F-240010,**INACTIVE**Mossy oak New Breakup,14
F-240011,**INACTIVE**Realtree Hardwood HD,14
F-240012,**INACTIVE**Realtree Hardwood Green HD,14
F-240013,**INACTIVE**USA Check Icon,14
F-240014,"**INACTIVE**5.5 x 7.5 Skull, Glow w/bkprnt",14
F-240015,**INACTIVE**Pepsi Face Mask,14
F-240016,**INACTIVE**Pepsi Blue Face Mask,14
F-240017,**INACTIVE**Puma Face Mask,14
F-240018,**INACTIVE**Pepsi FVF Version III,14
F-240019,**INACTIVE**Rhein Fire Face Mask,14
F-240020,**INACTIVE**Wallabies 5.5x7.5 Green/Yellow,14
F-240021,**INACTIVE**Wallabies 5.5x7.5 Blue/Yellow,14
F-240022,"**INACTIVE**5.5 x 8"" Camo Black Matte""",14
F-240023,"5.5 x 7.5"" Black Magic/Footy""",14
F-240024,"5.5 x 7.5"" New England/Footy""",14
F-240025,"5.5 x 7.5"" Australia/Footy Sh""",14
F-240026,"5.5 x 7.5"" Go Boks/Footy Shop""",14
F-240027,"5.5 x 7.5"" Black Magic/Face G""",14
F-240028,"5.5 x 7.5"" New England/Face G""",14
F-240029,"5.5 x 7.5"" Australia/Face Gea""",14
F-240030,"5.5 x 7.5"" Go Boks/Face Gear""",14
F-240031,**INACTIVE**Lion Face Mask 5.5 x 7.5,14
F-240032,**INACTIVE**Tiger Face Mask 5.5 x 7.5,14
F-240033,**INACTIVE**Tiger2 Face Mask 5.5 x 7.5,14
F-240034,**INACTIVE**Cat 5.5 x 7.5,14
F-240035,**INACTIVE**Lion2 5.5 x 7.5,14
F-240036,**INACTIVE**Devil 5.5 x 7.5,14
F-240037,**INACTIVE**Vampire 5.5 x 7.5,14
F-240038,**INACTIVE**Clown 5.5 x 7.5,14
F-240039,**INACTIVE**Illusionist 5.5x 7.5,14
F-240040,**INACTIVE**Pirate 5.5 x 7.5,14
F-240041,**INACTIVE**Indian 5.5 x 7.5,14
F-240042,5.5 x 7.5 Southwest Airlines,14
F-240043,**INACTIVE**Captain Morgan's,14
F-240044,**INACTIVE**Valur logo,14
F-240045,**INACTIVE**Stjarnan,14
F-240046,**INACTIVE**KR logo,14
F-240047,**INACTIVE**KA logo,14
F-240048,**INACTIVE**Iceland flag,14
F-240049,**INACTIVE**IR logo,14
F-240050,IA logo,14
F-240051,HK logo,14
F-240052,Fram logo,14
F-240053,Breidablik logo,14
F-240054,USA Cheek icon - 4 pc version,14
F-240055,**INACTIVE**5.5x7.5 Mexico Full Face,14
F-240056,**INACTIVE**Jaguar Full Face,14
F-240057,**INACTIVE**Jaguar Cheek icon,14
F-241001,1.55 x .6 U/C Foam Pad,14
F-242001,ST JUDE .271 15 MIL VIRGIN PTFE FILM 200452-004,14
F-242002,**INACTIVE**Electrodes,14
F-2500,UPG/Biosafe Strip,14
F-250001,MOLD RITE .512 x .512 FILTER DISC,14
F-25001,Tegaderm Dressing 12/bag,14
F-2501,**INACTIVE**UPG/Biosafe Strip-Hemoquant,14
F-2600,**INACTIVE**9.52mm label application,14
F-260001,**INACTIVE**CAS Base,14
F-260002,**INACTIVE**ENOVA HORIZONTAL BRACKET 60731-001,14
F-2601,*INACTIVE**7mm label application,14
F-2602,**INACTIVE**Label/ vial application,14
F-2700,**INACTIVE**Don't Bug Me Patch,14
F-270001,"**INACTIVE**Sweat Patch 1.2 x 1.4""""",14
F-270002,**INACTIVE**Sudormed Patch,14
F-27003,**INACTIVE**28mm LT-100+ Hydrogel discs,14
F-2800,**INACTIVE**Double-sided adh tape diecut,14
F-280001,**INACTIVE**Breast Dressing Holder,14
F-280002,**INACTIVE**Sm. Right Breast Dresing HLDR,14
F-280003,Small Torso Dressing,14
F-28001,"1.5 X 1.5"" Carbon Gel""",14
F-28002,"1.5 X 1.5""""",14
F-2900,MEASRMNT SPLTY SMALL TEMPHRT  W/EXT LINER 061556  REV. L,14
F-290001,HU FRIEDY ACCU-DOT TAPE STRIP,14
F-290002,**INACTIVE**Strips Matrix Curved #20,14
F-290003,**INACTIVE**Strips Matrix Straight #19,14
F-2902,MEASRMNT SPLTY LARGE TEMPHEART 004519,14
F-300001,"5.312 x 8.375"" 3 mil PET""",14
F-30001,Die Cut Fabric,14
F-3001,LEE HEFTY TABS-ORANGE NE113101,14
F-3002,LEE HEFTY TABS-BLUE NE113102,14
F-3003,LEE HEFTY TABS-GREEN NE113103,14
F-3004,LEE HEFTY TABS-YELLOW NE113104,14
F-3005,LEE HEFTY TABS-WHITE NE113105,14
F-3006,LEE HEFTY TABS-186 RED NE113106,14
F-3007,LEE HEFTY TABS-253 PURPLE NE113107,14
F-3008,**INACTIVE**Hefty Tabs - Orange,14
F-30300,**INACTIVE**1776 liner replacement rolls,14
F-3100,**INACTIVE**Malaria Backing Card,14
F-31001,**INACTIVE**XITRON TAB ELECTRODE IS4000,14
F-3101,**INACTIVE**Flu Backing Card,14
F-3200,**INACTIVE**SDO6045 Diagnostic Card,14
F-320001,**INACTIVE**Breast Pad,14
F-32001,**INACTIVE**Body Fat Analysis Tab,14
F-3232,**INACTIVE**Eagle Flip Bottom Lens Protect,14
F-3233,**INACTIVE**Eagle Flip Top Lens Protector,14
F-3300,**INACTIVE**MAUI SL Mixer Sub-assembly,14
F-330001,"MEDIGROUP TAPE, QUILL STRIPS 1000/ROLL 785-015-01",14
F-33001,DISPOS-A-TRODE 3 X 3,14
F-33002,DISPOS-A-TRODE 2 X 2 ELECTRODE,14
F-3301,99-019-00 (SD07115),14
F-340001,**INACTIVE**OBSOLETE DESIGN,14
F-340002,**INACTIVE**OBSOLETE DESIGN,14
F-340005,**INACTIVE**85349800013  2-12 Packs Right,14
F-340006,**INACTIVE**85349800014  2-12 Packs Left,14
F-340007,**INACTIVE**85349800017 ctn of 2clips Left,14
F-340008,**INACTIVE**85349800018 ctn of 1L&1R clip,14
F-340009,**INACTIVE**Left Hand Carpal Solution-7pk,14
F-34001,**INACTIVE**SD-1A Sensor,14
F-340010,**INACTIVE**Right Hand Carpal Solution-7pk,14
F-340011,**INACTIVE**Left Hand Carpal Control - 7pk,14
F-340012,**INACTIVE**Right Hand Carpal Control -7pk,14
F-340013,**INACTIVE**Left Hand Wrist Restorer-7 grp,14
F-340014,**INACTIVE**Right Hand Wrist Restorer-7grp,14
F-340015,Left Carpal Solution/rebate,14
F-340016,Right Carpal Solution/rebate,14
F-340017,**INACTIVE**Sample Pac - Carpal Control RH,14
F-340018,**INACTIVE**Sample Pac - Carpal Control LH,14
F-340019,**INACTIVE**Sample Pac-Carpal Solution RH,14
F-340020,**INACTIVE**Sample Pac-Carpal Solution LH,14
F-340021,**INACTIVE**6 Week Therapy Pack-RH,14
F-340022,**INACTIVE**6 week Therapy Pack-LH,14
F-3500,Laminated Web - 50090 Rev. F,14
F-350001,HAGEMEYER UTILITY CLOTH - 1 X 50 YD W06188,14
F-3501,Arcare 8259 w/sprocketed holes,14
F-3600,3M UNITEK MINICEL LINER 33924,14
F-360001,Aortic Inner Pack Lid,14
F-360002,Hard Pack Vent Seal,14
F-36005,Foam Tip,14
F-36006,Foam Base,14
F-36007,Liner Tip,14
F-36008,Liner Base,14
F-3601,P/N 36670,14
F-3700,DIVA MKTG DON'T BITE ME PATCH,14
F-370001,**INACTIVE**Butterfly Sheet,14
F-38000,**INACTIVE**PTAG3 Wrist Band,14
F-38001,PTAG2 Band - Adhesive Type,14
F-390001,**INACTIVE**BRADVICA LOBE WONDER,14
F-39001,"**INACTIVE**CPT 1 X 3"" 1526 PIN PUNCH STRIP",14
F-39002,"1.5 X 1.5"" 3M 1526 Test Strip""",14
F-39003,"1.5 x 1.5"" Occlusive strip""",14
F-39004,"**INACTIVE**1.5 x 1.5"" Test Patch - Sage""",14
F-39005,"**INACTIVE**HILL TOP 1 X 3"" 1526 PIN PUNCH STRIP",14
F-400001,CLEARR CORP 3.33 x 540  SILKSCREEN,14
F-4001,TQE Foam Patch,14
F-4003,EMPI  TQEM FOAM DIE CUT ADH 1800052 Rev H,14
F-4004,EMPI RELEASE LINER TQEM 1800053 Rev. R,21
F-4007,EMPI  RELEASE LINER -TQES 1800056 Rev. R,21
F-4008,EMPI FOAM DIE CUT ADH -TQES 1800055 Rev H,14
F-4012,"1.25 2.5 mil blue HDPE""",14
F-4013,"1.375 2.5 mil blue HDPE""",14
F-4014,".625 2.5 mil blue HDPE""",14
F-4015,300026  2x2,14
F-4016,AT-1 Adhesive Printed,14
F-4017,**INACTIVE**AT1 Release Liner,14
F-4018,**INACTIVE**TQ1GS Liner,14
F-4019,**INACTIVE**TQ2GS Liner,14
F-4020,**INACTIVE**TQ1GS Adhesive,14
F-4021,**INACTIVE**TQ2GS Adhesive,14
F-4022,Electrode-Dispersive Tab 70mil,14
F-4023,Electrode Dispersive with Snap,14
F-4024,T4 Small Adhesive,14
F-4025,T4 Medium Adhesive,14
F-4026,T4 Large Adhesive,14
F-4027,**INACTIVE**T4-Small Release Liner,14
F-4028,**INACTIVE**T4 Medium Release Liner,14
F-4029,**INACTIVE**T4-Large Release Liner,14
F-4030,Front Numby Label,14
F-4031,Back Numby Label,14
F-4032,AT2 Adhesive,14
F-4033,"P/N 3000037  2.5 x 2""""",14
F-4035,EMPI TRANSQ FLEX LINER- TF1 1800098 REV. K,21
F-4036,EMPI TRANS Q FLEX FOAM - TFI 1800097 REV.E,14
F-4037,3 x 2.75 Dispersive with snap,14
F-4038,**INACTIVE**EMPI 9781 Printed Foam,14
F-4039,"6.875  Liner w/3M Adhesive""",14
F-4040,"3 x 12.5"" 2 mil Carbon Sheets""",14
F-4041,"3000056  2.5 x 2"" Unprinted""",14
F-4042,EMPI SMALL ADH FOAM-PVES/OVES/RH900 1800102 Rev D,21
F-4043,*INACTIVE * EMPI MED ADH FOAM-PVEM/OVEM/RH900 1800103,14
F-4044,**INACTIVE**EMPI LARGE ADH FOAM-PVEL/OVEL/RH900 1800104,14
F-4045,EMPI PERFORMA SMALL LINER - RH900 (1800105),14
F-4046,**INACTIVE**EMPI PERFORMA MED LINER - RH900 -1800106,14
F-4046A,**inactive**EMPI PERFORMA MED LINER -096542-002,14
F-4046B,(INACTIVE) EMPI PERFORMA MED LINER -096542-002,14
F-4047,**INACTIVE**EMPI PERFORMA LARGE LINER  RH900 1800107,14
F-4047A,*INACTIVE* EMPI PERFORMA 3.0cc PRINTED LINER - 096542-001,14
F-4047B,(INACTIVE) EMPI PERFORMA 3.0cc PRINTED LINER - 096542-001,14
F-4048,**INACTIVE**AT2 Release Liner 1800073 OG,14
F-4049,EMPI LINER RH950 REV. H 1800111,35
F-4050,EMPI OPTIMA SMALL LINER 1800115,14
F-4051,**INACTIVE**EMPI OPTIMA MEDIUM LINER 1800116,14
F-4051A,(INACTIVE) EMPI Optima Medium Liner (096541-002),14
F-4051B,(INACTIVE) EMPI Optima Medium Liner (096541-002),14
F-4052,**INACTIVE**EMPI OPTIMA LARGE LINER 1800117,14
F-4052A,(INACTIVE) EMPI Optima Large Liner 096541-001,14
F-4052B,(INACTIVE) EMPI Optima Large Liner 096541-001,14
F-4053,**INACTIVE**1800118  4 mil Carbon Sheets,14
F-4054,**INACTIVE**RH-950 Adhesive 1800110,14
F-4055,EMPI  LINER IOGEL MEDIUM T-4 1800092  REV: K,14
F-4056,EMPI T4 MED. ADHESIVE 1800089 REV. H,35
F-4057,EMPI TRICOT PATCH-PRINTED RH950 1800110 Rev H,14
F-4058,EMPI T4 SMALL LINER- P/N 1800091  REV:  K,14
F-4059,Tricot Adhesive Mtl Printed,14
F-4060,Release Liner PBE,14
F-4061,Insulator Foam PSA-PBE,14
F-4062,EMPI INSULATOR FOAM 1800128-001 Rev E,14
F-4063,**INACTIVE**1800127 Insulator - Liner (INACTIVE),0
F-4064,EMPI TRICOT ADH. MATL-HYBRID Rev H 1800126,14
F-4066,EMPI T4 SMALL ADHESIVE 1800088 REV. H,35
F-4067,EMPI 1800090 - T4 LARGE ADHESIVE REV. H,35
F-4068,EMPI CARBON JUMPER 1800130-001,14
F-4069,EMPI LINER IOGEL LARGE 1800093 Rev K,14
F-4070,**INACTIVE**EMPI INSULATOR LINER 1800127,14
F-4070A,SOUTH DAKOTA PARTNERS RELEASE LINER I-BRESIS  Rev H 1800127,14
F-4100,FB5599 rev. 2,14
F-410001,Transducer Cushion Pad,14
F-41001,Alarming Band 100' Rolls,14
F-4100R,**INACTIVE**REWORKED FB5599 rev. 2,14
F-4101,**INACTIVE**L BARCODE WC3812 REV. 5,14
F-4102,ITC FILM SEALING UNIVERSAL FB5661,14
F-4102R,**INACTIVE**REWORKED FB5661,14
F-4200,**INACTIVE**APPLIED MED POUCH PATTERN,14
F-420001,Large Wound Closure Pouch,14
F-420002,Small Wound Closure Pouch,14
F-42001,Bag Spike Assembly,14
F-430001,Pound A Patch,14
F-430002,Placebo Pound A Patch,14
F-43001,Neck,14
F-43002,Face,14
F-43003,Eye,14
F-43006,"Sudden Change 4-4-1,6051A-0399",14
F-43007,Lobe Wonder  88326-03,14
F-43008,Lobe Wonder 88326BN-03,14
F-4400,DP105 Tricot/PICC,14
F-440001,**INACTIVE**AMS WOUND CLOSURE STRIP - LARGE DRM 05 0115,14
F-440001A,ADVANCE MED. SOLUTIONS-WOUND CLOSURE STRIP - LARGE DRM 05 0115,14
F-440002,**INACTIVE**AMS SM WOUND CLOSURE STRIP CARD,14
F-440002A,ADVANCE MED.SOLUTIONS-SM WOUND CLOSURE STRIP CARD,14
F-44001,**INACTIVE**Hydrogel ECG Snap - 28mm,14
F-4401,DP107 Hydrocolloid/PICC,14
F-450001,2069 Patch,14
F-450002,"3.25 x 1.75"" Patch/Flxcn Roll""",14
F-45001,Tap Tee Sheet,14
F-460001,GENESEE MYLAR FOAM SKIN PAD 200054,14
F-460002,"3/4 Circle Skin Surface200055""",14
F-460003,"GENESEE 1.25 x 1.25"" Liner""",14
F-460004,"**INACTIVE**1.25 x 1.25"" Liner""",14
F-4700,Antenna Patch,14
F-47000,**INACTIVE**Wound Closure Strip,14
F-4701,"Antenna Patch - 3.75 circle""",14
F-4702,"**INACTIVE**3M 9916 strips - 2 x 6""""",14
F-4801,PYNG CONNECTOR CLIP PSA DOT 01-0028 F,14
F-4802,PYNG  DOME VELCRO RING SUB 01-0041 C,14
F-4802R,**INACTIVE**01-0041 C Dome velcro rework,14
F-4803,PYNG TARGET PATCH 01-0003 D,14
F-4804,PYNG SIMIO PATCH SUB 01-0006 D,14
F-4900,Top Cover,14
F-4901,**INACTIVE**Bottom Cover,14
F-4950,Relabel & Repack Roll Stock,14
F-500001,CRITICARE COLLAR ADHESIVE .5 DOTS 40128B001,14
F-500002,don't use quick books #,14
F-50001,**INACTIVE**Saliva Indicator,14
F-5001,Soft Touch Snap,14
F-5003,EBI ADHESIVE ELECTRODE RETAINER,14
F-5004,Low Profile 5212-097,14
F-5004B,Low Profile 363-1104-0001PL,14
F-5004D,Low Profile 363-1104-0001PL,14
F-5005,LT4500NS Low Profile Electrode,14
F-5006,Low-Profile Electrode 10 pack,14
F-5007,LT-4500 Electrode 10 pack,14
F-5008,AG703/ConMed .9% NaCl low prof,14
F-5009,LT4500 w/AgCI Leadwire,14
F-5100,**INACTIVE**Mesh Strips Flat Form-Option 2,14
F-51001,1142 Carbon,14
F-51002,".875 x .75"" Extruded Carbon""",14
F-51003,".875 x .750"" Perfed 2 mil""",14
F-5101,**INACTIVE**Time/Temp Tape Assy,14
F-5200,PRT10020 Titan B-11,14
F-520001,**INACTIVE**Rid-A-Tick 6 per Card,14
F-520002,**INACTIVE**Rid-A-Tick 6/card-roll w/perf,14
F-520003,**INACTIVE**Rid-A-Tick 6/card Clip Strip,14
F-520004,**INACTIVE**Rid-A-Tick 6/card Pouched/Bulk,14
F-520005,**INACTIVE**Rid-A-Tick 6/card Bulk - perf,14
F-5300,**INACTIVE**SeaAllure eye patches,14
F-530001,10-pack bagg of 3M Tegaderm,14
F-53001,T3402 Triode Electrode,14
F-5300R,**INACTIVE**SeaAllure eye patches *REWORK,14
F-5400,OLIVER PRODUCTS CONDUCTIVE TRACE 09223,14
F-540001,**INACTIVE**Die Cuts for Insulscan Film,14
F-54001,"Plume Away 1 X 4""""",14
F-550001,Adult Window,14
F-550002,Pediatric Window,14
F-55002,**INACTIVE**20mm X 28mm Gel Disc,14
F-55003,Gel Ellipse Pads,14
F-55004,**INACTIVE**Echinacea,14
F-55005,**INACTIVE**Ginko Biloba,14
F-55006,**INACTIVE**St. John's Wort Patch,14
F-55007,**INACTIVE**Herbapharm Gluchron Patches,14
F-55008,Dexa Patch 6 per card,14
F-5600,Conductive kiss cut strip,14
F-56001,"Shield, Wound Assembly",14
F-56002,Sheild Assembly,14
F-56003,.080 Coloplast & 3M 9916 Patch,14
F-56004,.022 Coloplast & 3M 9916 Patch,14
F-56005,Merit Liner Replacement patch,14
F-56006,.022 Coloplast & Plasto Patch,14
F-56007,MERIT MEDICAL ADHESIVE PATCH - 701828003 REV 009,14
F-5605,**INACTIVE**Adhesive kiss cut strips,14
F-57001,**INACTIVE**Accurex Strip,14
F-57002,**INACTIVE**Printed ValuStrip,14
F-57003,**INACTIVE**Printed ValuStrip Box,14
F-57004,**INACTIVE**ValuStrip Rework,14
F-58001,**INACTIVE**Bladder Mgr Gel Pad,14
F-590001,**INACTIVE**Rubber Gasket,14
F-59001,"**INACTIVE**1.375 X .75"" Gold Foam Gel""",14
F-59001A,**INACTIVE**GPT Printed Foam Eye Patch-OBS,14
F-59002,"**INACTIVE**1.375 X .75"" Foam Probe""",14
F-59003,**INACTIVE**Gold Heart Cover  GH-100,14
F-59004,**INACTIVE**Gold Heat Cover - w/out Foam,14
F-59005,"**INACTIVE**FIRST TOUCH 1.375 x .75"" SILVER WITH FOAM FC-100",14
F-59006,"1.375 x .75"" Gold with Gel""",14
F-59007,**INACTIVE**FIRST TOUCH 1.375 x .75 SILVER GEL COVER CC-100,14
F-59008,**INACTIVE**FIRST TOUCH SILVER HEART COVER W/O FOAM HH-100,14
F-600001,WAGGONER 6.25 THERMO ADH RING 2326-0045-0002,14
F-60001,16mm Electrodes,14
F-60002,36mm Electrodes,14
F-6001,**INACTIVE**20mm LT49000,14
F-6002,**INACTIVE**28mm LT303,14
F-6003,**INACTIVE**28mm LT4900,14
F-6004,**INACTIVE**20mm X 28mm LT303,14
F-6005,**INACTIVE**20mm X 28mm LT3000,14
F-6006,**INACTIVE**20mm LT303,14
F-6007,**INACTIVE**28mm LT3000,14
F-6008,**INACTIVE**28mm LT4000,14
F-6010,**INACTIVE**28mm LT100 discs 5990023,14
F-6011,**INACTIVE**20mm X 28mm RG63B - 5990002,14
F-6012,**INACTIVE**28mm RG63B  -  5990003,14
F-6013,**INACTIVE**20mm RG63B,14
F-6014,**INACTIVE**28mm RG63G - 5990014,14
F-6015,**INACTIVE**20mm LT100+,14
F-6016,**INACTIVE**20mm X 28mm LT100,14
F-6018,**INACTIVE**20mm X 28mm RG63G - 5990013,14
F-6019,**INACTIVE**20mm RG63G - 5990012,14
F-6020,**INACTIVE**20mm LT4000 Discs,14
F-6021,**INACTIVE**21.5 mm LT100 disc,14
F-6022,**INACTIVE**21.5mm LT4000 Discs,14
F-6023,**INACTIVE**29mm LT4000 Discs,14
F-6024,**INACTIVE**21.5mm LT4900 Discs,14
F-6025,**INACTIVE**GOLMED 20MM X 28MM AMGEL 603 DISCS,14
F-6026,**INACTIVE**28mm TM 205 Discs,14
F-6027,**INACTIVE**20mm TM 205 Discs,14
F-6028,**INACTIVE**28mm ADS Discs,14
F-6029,**INACTIVE**GOLMED 28MM 603 GEL DISCS,14
F-6030,**INACTIVE**GOLMED 20MM AMGEL 603 GEL DISCS,14
F-6031,**INACTIVE**GOLMED 25MM LT303 GEL DISCS,14
F-6100,"**INACTIVE**Viscoelastic dampener - 12"",F""",14
F-610001,3M Treatment PatchSTD/Desiccan,14
F-610002,3M Treatment Patch Ref/Desicca,14
F-610003,3M Treatment Patch STD/Kapak,14
F-610004,3M Treatment Patch REF/Kapak,14
F-610005,EL Treatment Patch 25/Primary,14
F-610006,EL Treatment Patch 100/Bag,14
F-620001,**INACTIVE**Skin Adhesive Web ETAL-2,14
F-620002,**INACTIVE**ALZA SKIN ADHESIVE WEB ETAL-2 MA24,14
F-62001,Carbon Electrodes,14
F-630001,975108 Membrane Biodyne C Crcl,14
F-63001,23039 Eye Patch,14
F-640001,"7/8 X 7/8"" 4 /CARD 2BLK/2WHT""",14
F-640002,"7/8 X 7/8"" 3/CARD BLK/GRN/WHT""",14
F-640003,"7/8 x 1 1/8"" 4/card 2BLK/2WHT""",14
F-640004,"7/8 X 7/8"" 4 /CARD 2BLK/2WHT""",14
F-650001,100' Roll Lamination,14
F-650002,Laminated Die Cut Strip,14
F-650003,VMF001 100'Ag Electrode Tape,14
F-650004,VERMED LAMINATED DIE CUT STRIP EL506,14
F-6501,MML WHATMAN DIE CUT PADS PS200 992240,14
F-6600,Foam Adhsv Bandage 1.2 x 1.5,14
F-660001,BENCHMARK BATTERY PULL TAB,14
F-6601,Double Sided Adhsv Tape,14
F-6700,Bio Tab Assy Hook,14
F-6701,"Tab Assembly, Hook",14
F-6800,ACTIVATEK TRIVARION SMALL 1.5cc IONTO  00115,14
F-6800R,TrivarionSmall 1.5cc electrode,14
F-6801,ACTIVATEK TRIVARION MED. 2.0cc 00120 REV B,14
F-6801R,Trivarion Med. 2.0cc electrode,14
F-6802,ACTIVATEK TRIVARION LARGE 3.5 cc IONTO 00135,14
F-69001,LT4000 Gel Pads,14
F-69002,Carbon Electrodes,14
F-69003,**INACTIVE**704 Gel Disc,14
F-69004,Skinmount Electrode,14
F-7000,W-98012-98-10 Peel Seal,14
F-700001,"**INACTIVE**17003-047  1/2 x 4"" 3strp/crd""",14
F-700002,"**INACTIVE**17003-041 1/4 x 3""  3strps/cd""",14
F-700003,"**INACTIVE**17003-040 1/8 x 3"" 5strp/crd""",14
F-700004,"**INACTIVE**17003-042 1/4 x 1.5"" 3strp/cd""",14
F-700005,"**INACTIVE**17003-046  1/4 x 4"" 5strp/crd""",14
F-700006,"**INACTIVE**17003-048  1 x 5"" 2 strps/crd""",14
F-700007,"**INACTIVE**75-3-049 1/2 x 2"" 3strps/card""",14
F-700008,"**INACTIVE**17000-047 1/2 x 4"" 3 strips""",14
F-700009,"**INACTIVE**17000-041   1/4 x 3"" 3/card""",14
F-700010,"**INACTIVE**17000-040 1/8 x 3"" 5strps/crd""",14
F-700011,"**INACTIVE**17000-042 1/4 x 1 1/2"" 3strip""",14
F-700012,"**INACTIVE**17000-046 1/4 x 4"" 5strps/crd""",14
F-700013,"**INACTIVE**17000-048 1 x 5"" 2 strips/crd""",14
F-700014,"**INACTIVE**75-1-049 1/2 x 2"" 3 strips/cd""",14
F-700015,"**INACTIVE**4 Flesh Tone Tape""",14
F-700016,"**INACTIVE**2 Flood Coat Tape""",14
F-700017,"**INACTIVE**1/2 x 4""  Reinforced/Sterion""",14
F-700018,"**INACTIVE**1/4 x 4""  Reinforced/Sterion""",14
F-700019,"**INACTIVE**1 x 5""  Reinforced/Sterion""",14
F-700020,"1/8 x 3""  Reinforced/Sterion""",14
F-700021,"1/4 x 3""  Reinforced/Sterion""",14
F-700022,"1/4 x 1.5"" Reinforced/Sterion""",14
F-700023,"17303-048  1 x 5"" Wound Strip""",14
F-700024,"17303-041   1/4 x 3"" 3/card""",14
F-700025,"17303-042 1/4 x 1 1/2"" 3strip""",14
F-700026,"17303-046 1/4 x 4"" 5strps/crd""",14
F-700027,"17303-047 1/2 x 4"" 3 strips""",14
F-700028,"17303-040 1/8 x 3"" 5strps/crd""",14
F-700029,"**INACTIVE**19000-047 Medline-1/2 x 4""""",14
F-700030,"18003-041 1/4 x 3""  3strps/cd""",14
F-700031,"18003-046 1/4x 4""- 5strps/crd""",14
F-7001,Leg Bag Fabric Strap,14
F-7002,"**INACTIVE**Coloplast 1"" ELASTIC 50 YARD ROLLS",14
F-7003,Rework H28-100662 No Charge,14
F-7100,Wound Dressing,14
F-71001,Business Card,14
F-71002,Medica Call Link,14
F-720001,Wound Closure Patch  - A,14
F-720002,Wound Care Patch - B,14
F-720003,**INACTIVE**Wound Care Patch  - C,14
F-720004,Wound CLosure - 147A/Mesh/2951,14
F-720005,Wound Closure - 2951/147A E,14
F-720006,Wound CLosure - 2951/4098 F,14
F-720007,Wound Closure - 147A/Mesh/4078,14
F-72001,PS-0003 Tray Label,14
F-72002,".92 Foam wrist band""",14
F-730001,Absorbent Pad w/ 3M 9877 Tape,14
F-730002,Packaged Bone Chip Cup,14
F-7400,HUTCHINSON PATIENT INTERFACE SKIRT 5010342,14
F-7401,HUTCHINSON ADHESIVE GROUND PAD 5014523,14
F-7402,9944 Hydrocolloid Adhesive,14
F-75002,"1.75 X 1.75"" foam electrode""",14
F-75100,**INACTIVE**4x4 Dressing T45/X550 R&D,14
F-75101,**INACTIVE**2x2 Dressing T45/X550 R&D,14
F-75102,**INACTIVE**4x4 dressings T45/X550NAT,14
F-75103,**INACTIVE**2x2 dressings T45/X550 NAT,14
F-75104,**INACTIVE**4x4 dressings T40/X550NAT,14
F-75105,**INACTIVE**2x2 dressings T40/X550 NAT,14
F-75106,**INACTIVE**3x3 dressings T40/X550 NAT,14
F-75107,**INACTIVE**3x3 dressings T45/X550 NAT,14
F-76001,**INACTIVE**Iontopatch 040 mA Wire Battery,14
F-76002,**INACTIVE**Iontopatch 080 mA Wire Battery,14
F-76003,**INACTIVE**Iontopatch 120 mA Wire Battery,14
F-76004,**INACTIVE**SUBASSEMBLED 3 PART Iontopatch,14
F-76005,**INACTIVE**Iontopatch 60 mA Flex Battery,14
F-76006,**INACTIVE**Iontopatch 90 mA Flex Battery,14
F-76007,**INACTIVE**Iontopatch 120 mA Flex Battery,14
F-76008,**INACTIVE**2 PART SUBASSEMBLY,14
F-76009,**INACTIVE**D0027-040 40mAmp patches,14
F-76010,**INACTIVE**A 939-650 80 amp Patch  S&N,14
F-76011,**INACTIVE**D-0027-080 IontoPatch - BPM,14
F-76012,**INACTIVE**A 939-650 80 Amp Patch S&N,14
F-76013,**INACTIVE**D-0027-080 Iontopatch - Auto,14
F-76014,**INACTIVE**2 Volt Iontopatch - BPM,14
F-76015,**INACTIVE**2 Volt R & D - Birch Point,14
F-76016,**INACTIVE**void,14
F-76017,**INACTIVE**Iontopatch SP D-0039-040,14
F-76018,**INACTIVE**Rework SN to BPM,14
F-76019,**INACTIVE**Iontopatch Rework - TechO&Note,14
F-76020,**INACTIVE**Iontopatch - S & N Fianl PKOUT,14
F-76021,**INACTIVE**Iontopatch - BPM Final Packout,14
F-76022,**INACTIVE**D-0027-080 Bilingual 80 AMP,14
F-76023,**INACTIVE**D-0027-080 BPMI IontoPatch 6pk,14
F-76024,**INACTIVE**C-0008-080 IontoPatch 80amp,14
F-76025,**INACTIVE**D-0029-080 S&N IontoPatch 6pk,14
F-76026,**INACTIVE**D-0039-040 IontoPatch SP 6PK,14
F-76027,**INACTIVE**C-0036-040 IontoPatch 40amp SP,14
F-76028,**INACTIVE**D0058-080  IontoPatch 80 24Pk,14
F-76029,**INACTIVE**D0039-040 IontoPatch SP 6 PK,14
F-76030,**INACTIVE**D-0027-080 BPMI Ionto 80 6PK,14
F-76031,**INACTIVE**Pull SP Batteries,14
F-76032,**INACTIVE**Iontopatch SP D-0039-040,14
F-76033,**INACTIVE**D0039-040 IontoPatch SP 6 PK,14
F-76034,**INACTIVE**D-0027-080 BPMI Ionto 80 6PK,14
F-76035,**INACTIVE**D0058-080  IontoPatch 80 24Pk,14
F-76036,**INACTIVE**Phoenix Patch w/ Pouch,14
F-76037,**INACTIVE**D-0027-080 BPMI Ionto 80 6PK,14
F-76038,**INACTIVE**D-0077-080 BPMI Ionto 80 6PK,14
F-76039,**INACTIVE**Iontopatch SP D-0078-040,14
F-76040,**INACTIVE**Iontopatch SP US pack w/Int ap,14
F-76041,**INACTIVE**D-0077-080IontoPatch 80 6-pack,14
F-76042,**INACTIVE**D0078-040 IontoPatch SP 6-pack,14
F-76043,"**INACTIVE**STAT patch w/pouch, 6pk",14
F-76044,**INACTIVE**D-0027-080 Intl Ionto 80 - 6pk,14
F-76045,**INACTIVE**Cosmetic Patch w/assembly,14
F-76046,**INACTIVE**Cosmetic patch w/assembly,14
F-76047,**INACTIVE**TRAVANTI D0077-080 IONTO PATCH 80 6-PACK,14
F-76048,**INACTIVE**D0078-040 IontoPatch SP 6-pack,14
F-76049,**INACTIVE**D-0062 IontoPatch STAT-6 packs,14
F-76050,**INACTIVE**C-0061 IontoPatch STAT pouched,14
F-76051,**INACTIVE**D-0027-080 Intl Ionto 80 - 6pk,14
F-76052,**INACTIVE**D-0062-080 IontoPatch STAT6pks,14
F-76053,**INACTIVE**B-0066 STATpatch subassembly,14
F-76054,**INACTIVE**1278 Trifold Neon Wallet,14
F-76999,**INACTIVE**Rework - Birch Point Overview,14
F-77000,**INACTIVE**Gallium Cosmetic Patch,14
F-77001,**INACTIVE**LT4900 Eye Patch,14
F-77002,**INACTIVE**PVC Eye Patch,14
F-77003,**INACTIVE**31-7300  Derm-Aid 50 pair pk,14
F-77004,**INACTIVE**31-7303  Derm-Aid 10 pk.,14
F-77005,**INACTIVE**31-8300  Laser-Aid 24 pair pk,0
F-77006,**INACTIVE**Laser-Aid 5 Pair Sample Pack,14
F-77007,**INACTIVE**31-9300  IPL-Aid 50 Pair Pack,14
F-77008,**INACTIVE**IPL-Aid 10 Pair Pack,14
F-77009,**INACTIVE**SPERIAN DERM AID W/TAB 50 PR 31-7300,14
F-77010,31-7303 Derm-Aid w/tab-10 pair,14
F-77011,**INACTIVE**SPERIAN  LASER-AID W/TAB-24PR 31-8300,14
F-77012,**INACTIVE**SPERIAN IPL AID W/TAB 50PR 31-9300,14
F-77013,**INACTIVE**31-9303 IPL Aid w/tab-10 pair,14
F-77014,**INACTIVE**SPERIAN LASER AID W/TAB 5 PR  31-8303,14
F-77015,**INACTIVE**LED-Aid 50 Pair,14
F-77016,**INACTIVE**SPERIAN LED-AID 10 PAIR 31-8403,14
F-77017,SPERIAN ANESTHESIA-AID 50PR 31-7500 CE,14
F-77018,SPERIAN ANESTHESIA-AID SAMPLE 5PR 31-7503 CE,14
F-77019,SPERIAN LASER AID W/TAB 5 PR  31-8303 CE,14
F-77020,SPERIAN 31-9303 IPL Aid w/tab-5 pair CE,14
F-77021,SPERIAN 31-7303 Derm-Aid w/tab-5 pair CE,14
F-77022,SPERIAN LED-AID 5 PAIR 31-8403,14
F-77023,SPERIAN  LASER-AID W/TAB-24PR 31-8300 CE,14
F-77024,SPERIAN IPL AID W/TAB 50PR 31-9300 CE,14
F-77025,SPERIAN LED-Aid 50 Pair CE  31-8400,14
F-77026,SPERIAN DERM AID W/TAB 50 PR 31-7300 CE,14
F-7800,**INACTIVE**Diaper material slitting,14
F-79001,**INACTIVE**Large 2 cup condiment carrier,14
F-799999,**INACTIVE**Rework Cards,14
F-8000,**INACTIVE**Dispersive electrode-10/array,14
F-800001,**INACTIVE**Prolink Labels,14
F-800002,**INACTIVE**Simplicity Labels,14
F-800003,**INACTIVE**Profile Labels,14
F-800004,**INACTIVE**Sirona Labels,14
F-800005,**INACTIVE**VASS Labels,14
F-800006,TEC Labels - No Brand or Size,14
F-80001,Laser cut peices,14
F-8100,**INACTIVE**CAPITOL VIAL QUEST HAIR FOIL STRIP -70022,14
F-81001,**INACTIVE**LIFE TECH 2 X 2 ELECTRODE P0327,14
F-81002,LIFE TECH 3 X 4 ELECTRODE P0328,14
F-81003,3 X 4 rework,14
F-81004,"2 x 2"" Rework""",14
F-8200,**INACTIVE**Spland Aid - 3/4 Reusable,14
F-8201,**INACTIVE**Spland Aid - 3/4 Disposable,14
F-8202,**INACTIVE**Spland Aid - Full Reusable,14
F-8203,**INACTIVE**Spland Aid - Full Disposable,14
F-8204,**INACTIVE**Spland Aid - Securement Device,14
F-8205,Fingertip Bandage,14
F-8206,Full Size Reusable w/aluminum,14
F-8207,Full Reusable w/o Aluminum,14
F-8300,Secure Strips,14
F-8400,4 Up Bulk NG Strips,14
F-8500,ABBOTT LAB FILTER ASSY FLM 852600,14
F-8600,LIFE SCIENCE MASK/PRONG SIZER-P/N 80641,14
F-86001,Ketchup Bottle Tape Strip,14
F-86002,"**INACTIVE**Tray Insert Tape Strip 8"",F""",14
F-86003,"**INACTIVE**3 Tray Insert Tape""",14
F-8601,22538 Adh. Microgenerator XL,14
F-8602,SRM-22624 Adh. Rev B,14
F-87001,Full Cathetar Strips,14
F-87002,Simple Foam Cathetar Strips,14
F-87003,Full Catheter - Rayven Liner,14
F-87004,"1x10"" Blue Hook & Loop Strap""",14
F-87005,"1 x 10"" Black Hook&Loop Strap""",14
F-87006,"1 x 10"" Green Hook&Loop Strap""",14
F-8800,MUELLER BULK NO GLARE STRIPS - 4/SHT B140404,14
F-8801,Prem. FullFace No Glare Strips,14
F-8802,MUELLER BULK NO GLARE STRIPS 12/SHT B140404B,14
F-8803,MUELLER PREM FULLFACE NO GLARE PRINTED B140405,14
F-8900,**INACTIVE**Dust-Aid - 6/sheet,14
F-89001,2976-Card-F1  Humidity Card,14
F-89002,2977-Card-F1  Humidity Card,14
F-89003,2982-CARD-F1   w/ALK/PH,14
F-89004,2978-Card-F1 FCL/TCL/ALK/PH,14
F-89005,2990-TBRCD-F1   (4 Factors),14
F-89006,2982-CARD-F1   (3 Factors),14
F-9000,Test quote part number,14
F-9001,72R Gel Pad,14
F-9002,"2 Leadwire w/ Button""",14
F-93001,TENS Electrode Arrays,14
F-94001,**INACTIVE**Labor Assembly,14
F-94002,4.0 cm rolls 84413052,14
F-94003,**INACTIVE**2.2 cm (2 cm) Wide roll,14
F-94004,"**INACTIVE**57201117  4.25 Fabric Cuff""",14
F-94005,4 cm x 35 cm 57202844 Rev B,14
F-94006,"16 Fabric Mesh on 3"" ID Core""",14
F-95001,Small Gel Ring,14
F-95002,Medium Gel Ring,14
F-95003,Large Gel Ring,14
F-95004,Printed 7.1 mil tag stock,14
F-96001,"8.75 x 15.25"" Foam/Tape Sheet""",14
F-96002,Anterior & Posterior Electrode,14
F-97001,**INACTIVE**BANNER SHIELD NOISE MINI-BEAM 64065,14
F-97002,66632 Noise Shield T8,14
F-99001,"**INACTIVE**1 x 2.12"" Tape Piece""",14
F-99002,"**INACTIVE**1 x 1.13"" Tape Piece""",14
F-9999,**INACTIVE**Sample - R & D,14
F-999999,**INACTIVE**pain out,14
FOAM PLATE MILLIKEN,FOAM PLATE MILLIKEN,7
GENESIS,GENESIS,0
H-602,"Flatbed Tool, Special Shape",35
H-603,"3""x3"" FLATBED TOOL 12 GANG",35
H-603B,"3""X3"" FLAT BED TOOL 12 GANG",35
H-868,"TOOL - FLATBED .875"" CIRCLE 30 CAV.",0
HEMCON,HEMCON,0
HEMCON-1,HEMCON-1,0
HYD-1000937,HYD-1000937,14
I - PMS2935C,INK - SUN CHEMICAL GA36500714 PMS2935C,0
I - PMS311,PMS 311 FLEXO WATER BASE INK,0
I - PURPLE,PMS PURPLE,3
I-  HG  OPV  HCC00157,HI GLOSS OVERPRINT VARNISH,3
I-009,"Ink - Pantone 009 Warm Gray, HMC80226-473",14
I-021,Ink - PMS 021 ORANGE,14
I-032,Ink - PMS 032 RED,14
I-0485,Ink - PMS color 485 RED,14
I-072,Ink - Pantone 072 Blue,14
I-102U,Ink - Pantone 102U Yellow,14
I-108,Ink - Pantone 108 Yellow,14
I-109,Ink - Pantone 109 Yellow,14
I-1235,Ink - AQUASURF PMS1235 WALMART YELLOW,14
I-144C,Ink - Pantone 144C Orange,14
I-151,Ink - Pantone 151 Orange,14
I-1595,INK - PMS1595,0
I-165,HMCP-0165-473U  PMS165 ORANGE,14
I-172,Ink - Pantone 172 Orange,14
I-173,Ink - Pantone 173 Orange,14
I-1795,Ink - Red Pantone 1795,14
I-1797C,Ink - Pantone 1797C Bright Red,0
I-185,Ink - Hydrofilm 4000 PMS-185 Red,14
I-186,Ink - Pantone Red 186,14
I-187,Ink - Pantone Red 187 C,0
I-188C,Ink - Pantone 188C Dark Red,0
I-193,Ink - Pantone 193 Red,0
I-199,Ink - Pantone 199 Red,0
I-200,Ink - Hydrofilm 4000 PMS-200,14
I-201,Ink - RED-Hydrofilm ACE PMS-201,14
I-202,HMCP-0202-473U  PMS202 RED,14
I-208,Ink - Pantone 208 RED,14
I-253,Ink - Pantone 253 Purple,14
I-2597 PURPLE,Ink - PMS 2597 Purple,14
I-2613,INK - HYDROFILM PMS2613,0
I-2617,Ink - MEDLINE PURPLE,14
I-267,HMCP-0267-473U   PMS267 PURPLE,14
I-280,Ink - Pantone 280 Blue,14
I-281,Ink - PMS 281 U (Blue),14
I-282,Ink - Pantone 282 Blue,14
I-283,Ink - Blue Pantone 283,14
I-285,Ink - Hydrofilm Pantone 285 Blue,14
I-285C,Ink - PMS 285C Medical Grade,14
I-286,INK - PANTONE 286 BLUE,0
I-287,Ink - Hydrofilm Pantone 287,14
I-290,Ink - MEDLINE BLUE,14
I-2915,HMC BW8 2915 Blue #Q9 HMCP-2915-473U,0
I-293,Ink - Pantone 293 Blue,14
I-293 FILM III,Ink - FILM III PMS 293 Blue,14
I-2935 C,Ink - Blue Pantone 2935 C,14
I-294,Ink - PMS 294 Blue,14
I-294 C,Ink - PMS 294 C Blue,14
I-2965,HMCX BW8 2965 Blue#9 HMCP-2965-473U,0
I-2975 C,Ink - PMS 2975 C,0
I-299,PMS-299 INK,0
I-300U,Ink - Pantone 300U Blue,14
I-306,Ink - Blue Pantone 306,14
I-307,Ink - BLUE-Hydrofilm ACE PMS-307,14
I-311,PMS-311 BLUE,0
I-314,Ink - Pantone 314 Blue,14
I-3262 C,Ink - PMS 3262 Green,0
I-3285 C,Ink - PMS 3285 C,0
I-3298,Ink - Hydrofilm Pantone 3298,14
I-338,HMC BW6 338 Green #9 HMCP-0338-473U,0
I-3425,HMCP-3425-473U    GREEN,14
I-348,Ink - Pantone 348 Green,14
I-354,INK - PANTONE 354 GREEN,0
I-355,Ink - Pantone 355 Green,14
I-3553 C,Ink - Pantone 3553 C Blue,0
I-361,Ink - Pantone 361 Green,14
I-372,Ink - MEDLINE GREEN,14
I-376U,Ink - AQUASURF PMS 376U Green,14
I-377,Ink - Pantone 377 GREEN,14
I-396,Ink - Hydrofilm Pantone 396 Green,14
I-4000,Ink - Pantone Series Black (Random),14
I-421,Ink - Pantone 421 Grey HMCP0421-473,14
I-423,Ink - PMS 423C,14
I-4665U,Ink - Aquasurf PMS 4665U Tan,14
I-470,Ink - Pantone 470,14
I-485,Ink - PMS 485,14
I-539,Ink - PMS 539 Blue,14
I-541,Ink - Blue-Hydrofilm 4000 PMS-541,14
I-574U,Ink - Pantone 574,14
I-639,INK - PANTONE 639,0
I-667,PMS 667 PURPLE,0
I-687,Ink - Pink-Hydrofilm 4000 PMS-687,14
I-690,Ink - Pantone 690,14
I-691,INK-TheraBond 3D Antimicrobial Island Dressings,0
I-70160-473U,Ink - MEDLINE TAN,14
I-7405,Ink - 7405 GOLD,14
I-7597 C,Ink - Red Pantone 7597 C,14
I-7621U,PMS 7621,14
I-841396 OPV,FOOD GRADE OPV 1396 HR G:FB59,0
I-90100-473,Ink - HMC 90100-473 Opaque White,14
I-ADDITIVE (BLK),Ink- Black Additive,3
I-COOL GRAY 9,INK - COOL GRAY 9,0
I-COOL GREY 8C,Ink - HMC BW8 8 COOL GREY 9#,14
I-FILM 3 FLOOD COAT (2X),Ink- Film 3 Flood Coat (2X),3
I-FS KEM 1759 CATALYST,Ink- FS KEM 1759 Catalyst,3
I-MET.GOLD,HMC BW5 116 YELLOW,3
I-OPV 1396,SUN CHEMICAL FOOD GRADE OPV 1396,0
I-Process Black,Ink - Process Black,0
I-Process Blue,Ink - Process Blue,14
I-Process Cyan,Ink - Process Cyan,0
I-Process Magenta,Ink - Process Magenta,0
I-Process Yellow,Ink - Process Yellow,0
I-Reflex Blue,Ink - Pantone Reflex Blue,14
I-Reflex Fr,Ink-Film III Reflex Blue Fr,14
I-SB-3016,INK - PHARMA GRADE - TEK SB -3016 GOLD INK,14
I-SCUFF RESISTANCE,SCUFF RESISTANCE - Flint HCC 0162-473U,14
I-Sports Black,Ink - Sports Black,3
I-White,Opaque White FMA BW8 Ink,3
I-WRITABLE COATING,Ink- Writable Coating,3
I-WVL02046-471,Writable Coating Pantone #WVL02046471,3
I-Yellow,Ink - Yellow BW 6 Strong,14
INV VARIENCE,Inventory varience w/ Quickboo,0
M-17001,Assembled Cath-Strip w/ pouch,0
M-19001AA,Assembled Easy-Ply w/Pouch,0
M-22001,"7 assembled semi tape & liner""",0
M-22002,"7 assembled occl. tape&liner""",0
M-22003,Assembled 5 site 1526 strip,0
M-39002,1.5 x 1.5 Assembled Test Strip,0
M-43004,"POUCHED - 4 EYE,4 FACE,1 NECK",0
M-5004,RG72 Low Profile Assembled,0
M-5005,LT4500 Low Profile Assembled,0
M-7001,".75 Asmbl. Lycra Leg Bag Stra""",0
M-90003,"2.875 .0006 Pure Tin Foil""",35
M-90004,"3.625 .0006 Pure Tin Foil""",35
M-90005,"4 .0006 Pure Tin Foil""",0
MEDRAD,MEDRAD,0
MEDRAD-1,MEDRAD-1,0
N-1000,TruMed Owned Dies (New),0
N-10000,BARRELS,0
N-1100,HAND ASSEMBLY CHARGE,0
N-11000,Preparatory Charges,35
N-12000,DEPOSIT,0
N-1300,Tooling Charge,0
N-170015,ref# R-170015,35
N-2000,Customer Owned Dies & Plates,21
N-22001,Semi occlusive 50% prepay,0
N-22002,occlusive 50% prepay,0
N-2500,Press Labor,0
N-2501,Off Cut Material,0
N-2502,AMGEL SLITTING,0
N-3000,TruMed Re-tool/resharpen,0
N-34000,Left Hand Wrist Restorer-7grp,0
N-34001,Right Hand Wrist Restorer-7grp,0
N-3500,Sales Other Income,0
N-4000,PLATE CHARGE,0
N-4001,Misc. Charges,0
N-4002,Lab Testing,0
N-4003,Tooling Charges,0
N-4004,Quarterly Dose Audit,0
N-4005,2 Year Stability Study,0
N-4006,3 Year Stability Study,0
N-4007,Short Run Fee,0
N-4008,Shipping Fee's,0
N-4009,Artwork Prep/Plate Fee(s),0
N-4010,Expeditited SterilizationFee,0
N-4011,Below Sterilization MOQ Fee,0
N-4012,Sterilization Validation,0
N-4013,Expedited/Rush Manufacturing Fee,0
N-4014,R&D Work,0
N-4015,Filling Misc.,0
N-4500,Office Supplies,0
N-4501,Acid Free Paper,0
N-4750,Press & Equipment Supplies,0
N-4751,Burst Test Ports  PA-02,0
N-4752,Burst Test Port Adhesive PA-03,0
N-4760,Acetate,35
N-4900,Production Downtime,0
N-5000,Repairs & Maintenance-Delta 98,0
N-5100,Repairs & Maintenance-Delta 01,0
N-5200,Repairs & Maintenance-Delta 03,0
N-5300,Repairs & Maintenance-Delta 06,0
N-5500,Repairs & Maint - Other Equip.,0
N-5505,Repairs & Maint - Snap Machine,0
N-5515,Repairs & Maint. - Plant,0
N-5594,Production Training,0
N-5595,Lead Assembler Time,0
N-6000,Repairs & Maintenance MA 4110,0
N-6020,Repairs & Maintenance MA Scout,0
N-6030,Repairs & Maintenance MA 910,0
N-7000,Capital Equipment Purchases,0
N-8000,Slitting - Outside,0
N-8100,**INACTIVE**SLITTING - INSIDE RAW MATERIAL SLITTING,0
N-8500,Outside Testing,0
N-8600,Envir. Health & Safety Equip,0
N-8601,Envir. Health & Safety Service,0
N-8700,ISO Audit Inspection/Process,0
N-9000,Freight,0
N-9001,Inbound Freight-PO purchases,0
N-9002,Rework Charges,0
N-9100,WIRE TRANSFER FEE,0
N-9200,Art Prep & Proof Charges,0
N-9500,Material,21
N-9600,Tooling,1
N-9700,Testing Order Item,1
N-9999,Credit Freight,0
NEONDTE,NEONDTE,0
NON-INV,Non-Inventory,0
OWM1G,Owens & Minor 1 gram Collagen Powder,0
P-000161-1,Print Plate - Mueller Abr RL 2 x 10 LY,14
P-000162,Print Plate - Mueller Pro Strips 4x8 Logo,14
P-000936,Print Plate - Mueller Abr Strips 2x5 Logo,14
P-000936-1,Print Plate - Mueller Abr Strips 2x5 Logo (MAN 124),14
P-000939,Print Plate - Abrasion Strip Roll Logo,14
P-000946-1,Print Plate - MPM REPEL 4x4 Drsg MP00082,0
P-000947,Print Plate MPM 6X6 REPEL,14
P-001071,Print Plate - MPM Woundguard 4x4 Prtd Tyvek,14
P-001072,Print Plate - MPM Woundguard 5x5 Prtd Tyvek,14
P-001489-1,"Print Plate - Mueller 6"" x 10 LY ABS Roll",14
P-001920-1,Print Plate - Evans Liner artwork - PMS 285 Blue,14
P-001920-2,Print Plate - Evans Liner artwork - PMS 396 Green,14
P-002443-1,"Print Plate MPM Spot Drsg web, 7.25"" PMS 187",14
P-002443-2,"Print Plate MPM Spot Drsg web, 7.25"" PMS 541",14
P-002973B,PRINT PLATE-FILTRX MICROFILTER BLUE,0
P-002973Y,PRINT PLATE-FILTRX MICROFILTER YELLOW,0
P-003132,Print Plate - Medline Nasal Tube Holder Liner Print,14
P-003178,Print Plate - Medline Arglaes MSC9023 Pouch,14
P-003179,Print Plate - Medline Arglaes MSC9123 Pouch,14
P-003179-2,Print Plate - Medline Arglaes MSC9123 Pouch,14
P-003258,Print Plate - Matavations Sweatstrip SM/MED Camo,14
P-003281,Print Plate - MPM Woundguard 6x8 Prtd Tyvek,14
P-003336FP,4.25 X 4.25 DRESSING BY MILLIKEN,14
P-003873,GWM 1/8 IN Foam Drsg 4x5 PPG-30 Print Plate,0
P-003874,GWM 1/4 IN Foam Drsg 4x5 PPG-30 Print Plate,0
P-003930-1,Print Plate - Pet Innovations Process Yellow Artwork,0
P-003930-2,Print Plate - Pet Innovations Process Magenta Artwork,0
P-003930-3,Print Plate - Pet Innovations Process Cyan Artwork,0
P-003930-4,Print Plate - Pet Innovations Process Black Artwork,0
P-003930-5,Print Plate - Pet Innovations Bright Red Artwork,0
P-003930-6,Print Plate - Pet Innovations Dark Red Artwork,0
P-003931-1,Print Plate - Pet Innovations Random Bottom Print,0
P-003941-1,PRINT PLATE-GMW 4x5x.125 RTD-71040518,0
P-003941-2,PRINT PLATE-GMW RED MARKINGS,0
P-003942-1,PRINT PLATE-GMW 4x4x.125  RTD-71040418,0
P-003943-1,PRINT PLATE-GMW 4x5x.250  RTD-71040514,0
P-003944-1,PRINT PLATE-GMW 4x4x.250  RTD-71040414,0
P-003962,"9"" I-Mark plate",0
P-004008-1,Pensar WoundPro Plate 1,0
P-004008-2,Pensar WoundPro Plate 2,0
P-004008-3,Pensar WoundPro Plate 3,0
P-004013R-1,Pensar WoundPro Plate 3 (REVERSE),0
P-004034-1,Game Face Mavericks  Magenta,0
P-004034-2,Game Face Mavericks  Black w/PEEL Tabs,0
P-004034-3,Game Face Mavericks Black Screen,0
P-004192-1,Medline Curad Random Print Plate,0
P-004192-2,MEDLINE CURAD TRULY OUCHLESS 84TG,0
P-004192-3,"MEDLINE SWIRL PLATE 6"" WIDE X 50 TG",0
P-004280,Print Plate - Medline Curad Blisterheal Pouch CUR76126,0
P-004353-1,"MEDLINE SWIRL PLATE 7"" WIDE X 50 TG",0
P-004354-1,"MEDLINE SWIRL PLATE 7.5"" WIDE X 50 TG",0
P-004355-1,"MEDLINE SWIRL PLATE 9.0"" WIDE X 50 TG",0
P-004479,"**INACTIVE**Print Plate MPM Microlayerd Drsg web, 7.25""",14
P-004479-1,"Print Plate MPM Microlayerd Drsg web, 7.25"" PMS 200",14
P-004479-2,"Print Plate MPM Microlayerd Drsg web, 7.25"" PMS 541",14
P-004606-1,"Walmart Burst Print Plate, 7""x10.125""",14
P-004766,Print Plate - Steadmed Drawtex,0
P-004892-1,Print Plate Medline Adhesive Bandage Random Print PMS 287,0
P-004892-2,Print Plate Medline Adhesive Bandage Random Print PMS 199,0
P-004909,Print Plate Medline ARM&HAMMER,0
P-004946,PRINT PLATE NICODERM 14 MG PATCH,14
P-004947,PRINT PLATE NICODERM 21 MG PATCH,14
P-004948,PRINT PLATE NICODERM 7MG PATCH,14
P-004951-1,Print Plate - OBSIDIAN SOLUTION HEAD ANCHOR POUCH BLACK,0
P-004951-2,Print Plate - OBSIDIAN SOLUTION HEAD ANCHOR POUCH BLUE,0
P-004985-1,PRECISION MEDICAL PACKAGING PLATES,0
P-005037H,OXYBAND HYDROCOLLOID PRINT PLATE,0
P-005039L,OXYBAND LINER PRINT PLATE,0
P-005680-1,Print Plate - VENTRIS CONNEXT CNX-015 PiggyBack Labels LOT 38139,0
P-005681-1,Print Plate - VENTRIS CONNEXT CNX-030 PiggyBack Labels LOT 38116,0
P-005843-1,"PRINT PLATE - MEDLINE HYDROCOLLOID C DRSG ""REMOVE FIRST""",0
P-006014,ACM 2X2 PIGGYBACK LABEL PRINT PLATE,14
P-006213-1,"Print Plate MPM 2x2 Triple Helix Drsg web, 7.00"" PMS 3285C",14
P-006213-2,"Print Plate MPM 2x2 Triple Helix Drsg web, 7.00"" PMS BLACK",14
P-006230-1,IMPACT MEDICAL 2X2 POUCH PRINT PLATE BLUE,0
P-006230-2,IMPACT MEDICAL 2X2 POUCH PRINT PLATE BLACK,0
P-006231-1,IMPACT MEDICAL 4X4 POUCH PRINT PLATE BLUE,0
P-006231-2,IMPACT MEDICAL 4X4 POUCH PRINT PLATE BLACK,0
P-006243-1,"Print Plate MPM Microlayerd Drsg web, 7.25"" PMS 541 C",14
P-006243-2,"Print Plate MPM Microlayerd Drsg web, 7.25"" PMS 200 C",14
P-006244-1,PRINT PLATE MP00499 MPM SPOT DRSG,14
P-006244-2,PRINT PLATE MP00499 MPM SPOT DRSG,14
P-007501-1,"Print Plate MPM  2""x2"" Triple Helix Drsg web, 7.00"" PMS 294C",0
P-007501-2,"Print Plate MPM  2""x2"" Triple Helix Drsg web, 7.00"" PMS 3262C",0
P-0673,Print Plate Hydromed 80T,0
P-0874,Print Plate Hemcon 3.625 x 3.625,14
P-1071,Print Plate - MPM Woundguard 4x4 Prtd Tyvek,14
P-1072,P-1072,14
P-11000,PRINT PLATE,0
P-1210,Print Plate MPM 4X4 MULTI LAYER PAD,14
P-1210-1,Print Plate MPM 4X4 MULTI LAYER PAD,14
P-1210-2,Print Plate MPM 4X4 MULTI LAYER PAD,14
P-1246A,Print Plate - MPM 4x4 MULTILAYER DRSG,14
P-1354,THIN FILM 2.375x2.75  TAB DEL,7
P-1378,P-1378,7
P-1403A,PRINT PLATE,0
P-1403B,PRINT PLATE,0
P-1404A,PRINT PLATE,0
P-1404B,PRINT PLATE,0
P-1412,Print Plate PharmChem Liner,0
P-1412-2,Print Plate PharmChem Liner - REV.3,0
P-1412-3,PRINT PLATE PHARMCHEM LINER REV 3,0
P-1489,P-1489,0
P-155,Print Plate - MPM Repel Dressing 000155,14
P-1576,PRINT PLATE 14 MG PLACEBO,0
P-161,P-161,14
P-162,P-162,14
P-1644,Print Plate - MEDRAD Disposable plate,14
P-170001,P-170001,0
P-17001A,P-17001A,0
P-17001B,PRINT PLATE - GENTELL CATH-STRIP BLACK,0
P-17001Bl,PRINT PLATE - GENTELL CATH-STRIP 307,0
P-17001Bu,PRINT PLATE - GENTELL CATH-STRIP BLUE,0
P-17001C,PRINT PLATE - PRINTED CATH-STRIP LNR 1.34 IN,0
P-1750,BAYER UDI JAPAN - PKG PRINT PLATE,14
P-1751,BAYER UDI ROW- PKG PRINT PLATE,14
P-1907,Print Plate - Medrad Printed Pet Liner (DISP-3 Rev-0),14
P-1908-1,Print Plate - Medrad DISP-1 Arrows with 1 inside,14
P-1908-2,Print Plate - Medrad DISP-2 RNDM PRNT,14
P-1920,P-1920,14
P-1922,P-1922,14
P-1964,Print Plate Hemcon 1.85 x 1.85,14
P-1992,PRINT PLATE,0
P-2116,"Print Plate - PSS 6"" x 10 LY RETENTION TAPE  4811",14
P-2117,"Print Plate - PSS 2"" X 10 LY RETENTION TAPE  4809",14
P-2118,"Print Plate - PSS 4"" X 10 LY RETENTION TAPE  4810",14
P-2167,P-2167,14
P-2168,P-2168,14
P-2169,P-2169,14
P-2170,P-2170,14
P-2171,P-2171,14
P-2172,P-2172,14
P-2173,P-2173,14
P-2174,P-2174,14
P-2175,P-2175,14
P-2176,P-2176,14
P-2177,P-2177,14
P-2192,P-2192,14
P-2192 REV:B,Print Plate - Bayer Pouch  REV: B,14
P-2192-1,**INACTIVE**Print Plate - Medrad Printed PPG MD-1,14
P-2192-1A,Print Plate - Medrad Printed PPG MD-1A,14
P-2192-2,**INACTIVE**Print Plate - Medrad Printed PPG MD-2,14
P-2192-2A,Print Plate - Medrad Printed PPG MD-2A,14
P-2192A,Print Plate - Medrad Printed PPG,14
P-2192B,Print Plate - Medrad Printed PPG,14
P-2265,Print Plate - Hemcon 3.85 x 1.85,14
P-2321,Print Plate - AHS IV Tape Liner,14
P-2345,P-2345,0
P-239007,Print Plate - VASAMED PRINT VINYL  (SUB),7
P-2443A,"Print Plate MPM 7.25""",14
P-2443B,"Print Plate MPM 7.25""",14
P-2506,P-2506,14
P-2537,P-2537,14
P-2542,Print Plate Teleflex,14
P-2542-1,Print Plate Teleflex,14
P-2595,Print Plate - Hydromed Anchor Template,14
P-2595A,Print Plate - Hydromed Anchor Template rev A,14
P-2673,Print Plate - Spenco Amcor Printed Paper,14
P-2729,PRINT PLATE ARG-2AR,0
P-2731A,"Print Plate - Alginate 7.125""",14
P-2731B,"Print Plate - Alginate 7.125""",14
P-2732A,"Print Plate Alginate 7.375"" 98 Tooth",0
P-2732B,"Print Plate Alginate 7.375"" 84 Tooth",0
P-2733A,P-2733A,0
P-2733B,P-2733B,0
P-2782,PRINT PLATE,0
P-2893,PRINT PLATE - ARGLAES 4.75x10 BACK LINER PAIR 3 IN.,0
P-2894,Print Plate - Arglaes 4x5 BACK LINER 5.5 IN,0
P-2897,Print Plate - Arglaes #2,0
P-2944,Print Plate - MEDLINE CURAD SCAR THERAPY SILICONE PAD,14
P-2971,Print Plate - Spenco Amcor Printed Paper,14
P-2971-1,Print Plate - Spenco Amcor Printed Paper,14
P-2971-2,PRINT PLATE - SPENCO AMCOR PRTD PACKAGING,14
P-2973B,P-2973B,14
P-2973Y,P-2973Y,14
P-2998G,PRINT PLATE-SM TULIP GREEN,0
P-2998R,PRINT PLATE-SM TULIP RED,0
P-2999G,PRINT PLATE-MED TULIP GREEN,0
P-2999R,PRINT PLATE-MED TULIP RED,0
P-3000G,PRINT PLATE-LG TULIP GREEN,0
P-3000R,PRINT PLATE-LG TULIP RED,0
P-3002,Print Plate - Lee Hefty Tabs,14
P-3079,"PRINT PLATE - ARGENTUM 4.5""",0
P-3079A,"PRINT PLATE - ARGENTUM 4.5"" LRG REG MARK",0
P-3103,"Print Plate Medline Spot Foam Dressing web, 7.25""",14
P-3113,Print Plate - Paper #2 - 1.167,14
P-3117,Print Plate - Bio-Performa 21mg Placebo Patch,14
P-3132,P-3132,14
P-3178,P-3178,14
P-3179-1,P-3179-1,14
P-3179-2,P-3179-2,14
P-3203,PRINT PLATE-MELLIPORE CARD 4 UP,0
P-3210,Print Plate - Rejuvenation 21mg Placebo Patch,14
P-3211,Print Plate - Rejuvenation 7mg Placebo Patch,14
P-3211-1,Print Plate- Rejuvenation 7mg Placebo Patch,14
P-3272,Print Plate - 10.98 in MET/PET Guide Marker,7
P-3281,P-3281,7
P-3321,Print Plate - Brady Microbial Barrier Silver Film,7
P-3336BP,P-3336BP,7
P-3336SHP,P-3336SHP,7
P-3408,"Print Plate - PSS Print Plate, 4.625""",14
P-3409,"Print Plate - PSS Print Plate, 6.625""",14
P-3410,"Print Plate - PSS Print Plate, 9.25""",14
P-3536,"Print Plate - Medline Medi-strip 1x5 Tyvek Print Plate, 3.625""",14
P-3672A,Print Plate - Argentum 6x6,0
P-3794,MPM PRINT PLATE  MP00084,0
P-3797,"PRINT PLATE- PSS 6.0"" RET. TAPE",0
P-3798,"PRINT PLATE - PSS 2"" RET TAPE",0
P-3799,"PRINT PLATE - PSS 4"" RET.TAPE",0
P-3873,P-3873,0
P-3874,P-3874,0
P-3908,PRINT PLATE - MEDLINE SURESITE RANDOM,14
P-3908L,PRINT PLATE - MEDLINE SURESITE 4X5,14
P-3941A,P-3941A,14
P-3941B,P-3941B,14
P-3942A,P-3942A,14
P-3942B,P-3942B,14
P-3943A,P-3943A,14
P-3943B,P-3943B,14
P-3944A,P-3944A,14
P-3944B,P-3944B,14
P-4003,Print Plate - EMPI  TQEM FOAM DIE CUT ADH 1800052,14
P-4004,Print Plate - EMPI RELEASE LINER TQEM 1800053,14
P-4004-1,Print Plate - EMPI RELEASE LINER TQEM 1800053,0
P-4004-R,Print Plate - EMPI RELEASE LINER TQEM 1800053 Rev. R,14
P-4007,Print Plate - EMPI  RELEASE LINER -TQES 1800056,14
P-4007-R,Print Plate - EMPI  RELEASE LINER -TQES 1800056 Rev. R,14
P-4008,Print Plate - EMPI FOAM DIE CUT ADH -TQES 1800055,14
P-4008-2,Print Plate - EMPI FOAM DIE CUT ADH -TQES 1800055,14
P-4008-3,Print Plate - EMPI FOAM DIE CUT ADH -TQES 1800055,14
P-4035,Print Plate - EMPI TRANSQ FLEX LINER- TF1 1800098,14
P-4035-1,P-4035-1,14
P-4035-2,P-4035-2,14
P-4035-H,**INACTIVE**Print Plate - EMPI TRANSQ FLX LNR- TF1 1800098 REV H,21
P-4035-J,Print Plate - EMPI TRANSQ FLEX LINER- TF1 1800098 REV. J,21
P-4035-K,EMPI TRANSQ FLEX LINER REV.K  1800098,0
P-4036,Empi Trans Q Flex Foam 30# Flex Plate,14
P-4036-E,Empi Trans Q Flex Foam 30# Flex Plate,14
P-4038,Print Plate - EMPI  9781 Printed Foam,14
P-4045,Print Plate - EMPI PERFORMA SMALL LINER - RH900 (1800105),14
P-4046,Print Plate - EMPI PERFORMA MED LINER - 096542-002,14
P-4047,Print Plate - EMPI PERFORMA LARGE LINER  RH900 096542-001,14
P-4049,Print Plate - EMPI LINER Rev.H,14
P-4049-G,Print Plate - EMPI LINER RH950 REV. H 1800111,14
P-4049-H,Print Plate - EMPI LINER RH950 REV. H 1800111,14
P-4050,Print Plate - EMPI OPTIMA SMALL LINER 1800115,14
P-4050-1,Print Plate - EMPI OPTIMA SMALL LINER 1800115,14
P-4050-D,Print Plate - EMPI OPTIMA SMALL LINER 1800115 Rev. D,14
P-4051,Print Plate - EMPI OPTIMA MEDIUM LINER 096541-002,14
P-4052,Print Plate - EMPI OPTIMA LARGE LINER 096541-001,14
P-4055,"Print Plate 81T 10.125"" repeat",0
P-4056,Print Plate - EMPI T4 MED. ADHESIVE 1800089,14
P-4057,Print Plate - EMPI TRICOT PATCH-PRINTED RH950 1800110,0
P-4058,Print Plate - EMPI T4 SMALL LINER- P/N 1800091,14
P-4064,PRINT PLATE HYDRID,0
P-4064A,PRINT PLATE HYBRID,14
P-4066,Print Plate - EMPI T4 SMALL ADHESIVE 1800088,14
P-4066-G,Print Plate - EMPI T4 SMALL ADHESIVE 1800088 REV:G,0
P-4066-H,Print Plate - EMPI T4 SMALL ADHESIVE 1800088 REV:H,0
P-4067,Print Plate - EMPI 1800090 - T4 LARGE ADHESIVE,14
P-4067-G,Print Plate - EMPI 1800090 - T4 LARGE ADHESIVE,14
P-4067-H,Print Plate - EMPI 1800090 - T4 LARGE ADHESIVE,14
P-4069,Print Plate - EMPI LINER IOGEL LARGE 1800093,14
P-4070,**INACTIVE**PRINT PLATE HYBRESIS 1.5MIL,0
P-4070D,Print Plate Hybresis 1.5 Mil,0
P-4070E,Print Plate Hybresis 1.5 Mil,0
P-4070H,PRINT PLATE I-BRESIS REV H,0
P-4070H-B,PRINT PLATE I-BRESIS REV H  BLUE,0
P-4070H-R,PRINT PLATE I-BRESIS REV H  RED,0
P-4139-1,GSP PARAGUAY BLACK,0
P-4139-2,GSP PARAGUAY YELLOW,0
P-4139-3,GSP PARAGUAY MAGENTA,0
P-4139-4,GSP PARAGUAY CYAN,0
P-4139-5,GSP PARAGUAY BLACK 123 PEEL,0
P-4143 BLACK,GSP - TAKIS BLACK,0
P-4143 PURPLE,GSP - TAKIS PURPLE,0
P-4143 RED,GSP - TAKIS RED,0
P-4143 YELLOW,GSP - TAKIS YELLOW,0
P-4202R,GSP  SWITZERLAND FLAG - RED,0
P-4203B,GSP  GERMAN FLAG - BLACK PLATE,0
P-4203R,GSP  GERMAN FLAG - RED PLATE,0
P-4203Y,GSP  GERMAN FLAG - YELLOW PLATE,0
P-4204B,GSP  FRANCE FLAG - BLUE PLATE,0
P-4204R,GSP  FRANCE FLAG - RED PLATE,0
P-4205B,GSP  USA FLAG PRINT PLATE - BLUE,0
P-4205BLK,GSP  USA FLAG PRINT PLATE BLACK,0
P-4205R,GSP  USA FLAG PRINT PLATE - RED,0
P-4206B,GSP  BRAZIL FLAG - BLUE,0
P-4206BLK,GSP  BRAZIL FLAG - BLACK,0
P-4206G,GSP  BRAZIL FLAG - GREEN,0
P-4206Y,GSP  BRAZIL FLAG - YELLOW,0
P-4209BLK,GSP  SKELETON PIRATE BLACK,0
P-4209BLK SCREEN,GSP  SKELETON PIRATE BLACK SCREEN,0
P-4209R,GSP  SKELETON PIRATE RED,0
P-4254,MEDLINE - CUR76126  CS,0
P-4456L,ARGENTUM  PLATE,0
P-4456P,ARGENTUM POUCH PLATE,0
P-4481B,GSP CZECH FLAG FACE  BLUE,0
P-4481R,GSP CZECH FLAG  FACE RED,0
P-4490,DERMA CATH - COLD SEAL PLATE,0
P-4528,ARGENTUM SILVERLON PRINT,0
P-4531B,GSP CEZ BLUE PLATE,0
P-4531OR,GSP CEZ ORANGE PLATE,0
P-4531R,GSP CEZ RED PLATE,0
P-4557,PREVENA SHORT LINER,0
P-4582   REV. 2,PREVENA SHORT LINER   REV.2,0
P-4589,Print Plate - Bayer Pouch  DN-229962 Rev. B,14
P-4590,MEDLINE RANDOM PRINT PLATE,0
P-460001,Print Plate Genesee Mylar Foam Skin Pad,0
P-4610BLK,GSP ARTA TEQUILA BLACK PLATE,0
P-4610R,GSP  ARTA TEQUILA RED PLATE,0
P-4610Y,GSP ARTA TEQUILA YELLOW PLATE,0
P-4611BLK,GSP - COLUMBIA#1 BLACK PLATE,0
P-4611BLU,GSP - COLUMBIA#1 BLUE PLATE,0
P-4611R,GSP - COLUMBIA#1 RED PLATE,0
P-4611Y,GSP - COLUMBIA#1 YELLOW PLATE,0
P-4612BL,GSP - COLUMBIA#2 BLUE PLATE,0
P-4612BLK,GSP - COLUMBIA#2 BLACK PLATE,0
P-4612R,GSP - COLUMBIA#2 RED PLATE,0
P-4612Y,GSP - COLUMBIA#2 YELLOW PLATE,0
P-4613BL,GSP - COLUMBIA#3 BLUE PLATE,0
P-4613BLK,GSP - COLUMBIA#3 BLACK PLATE,0
P-4613R,GSP - COLUMBIA#3 RED PLATE,0
P-4613Y,GSP - COLUMBIA#3 YELLOW PLATE,0
P-4617,Print Plate - Bayer Pouch  DN-232288 Rev. A,14
P-4625,P-4625 HARMAC SOFTPORT LINER PLATE,14
P-4628,PRINT PLATE - EMED SAF-DERM PLATE,14
P-4693,MEDLINE ADV. IV PLATE,14
P-4784,MPM GENTLE WINDOW PKG PLATE,0
P-4784-2,MPM GENTLE WINDOW PPG-30 PRINT PLATE,0
P-4803A,P-4803A,0
P-4862,MEDLINE CURAD,0
P-4980 REV. 1,EMED SOFT SITE LINER PLATE REV.1,0
P-5002-1,PRINT PLATE - SPENCO AMCOR PRTD PACKAGING,14
P-5002-2,PRINT PLATE - SPENCO AMCOR PRTD PACKAGING,14
P-5056B,PRINT PLATE - MPM TRIPLE HELIX 7X7 BLACK PLATE,0
P-5056G,PRINT PLATE - MPM TRIPLE HELIX 7X7 GREEN PLATE,0
P-5122-1,PRINT PLATE - IMPLUS PRTD AMCOR PACKAGING,14
P-5140-1,"ARGENTUM SILVERLON 5.0"" PRINT PLATE REV.1",0
P-5144,"ARGENTUM SILVERLON 5.0"" PLATE",0
P-5174,PRINT PLATE MEDLINE RANDOM 2X3,0
P-5175,PRINT PLATE  MEDLINE 4X5 RANDOM,0
P-5200,Piggyback Label Print COM50,0
P-5201,Piggyback Label Print COM20,0
P-5207,Piggyback Label Print COM50,0
P-5209,Piggyback Label Print COM20,0
P-5270,PRINT PLATE - MEDLINE CURAD 1/4 X 1.5,0
P-5271,PRINT PLATE - MEDLINE 1/4 X 3 NON250314,0
P-5272,PRINT PLATE - MEDLINE PPG30 NON250414,0
P-5273,PRINT PLATE - MEDLINE PPG30 NON450412,0
P-5274,PRINT PLATE - MEDLINE PPG30  NON250318,0
P-5367-1,"PRINT PLATE MEDLINE SURESITE PRTD LNR  6.625"" MSC2304CS",14
P-56007,PRINT PLATE MERIT MEDICAL PLAST PATCH PRTD LINER,0
P-6003B,MPM CATHETER ANCHOR BLUE PLATE,14
P-6003B-2,CATHETER ANCHOR BLUE PLATE,0
P-6003G,MPM CATHETER ANCHOR GREEN PLATE,14
P-6003G-2,CATHETER ANCHOR GREEN PLATE,0
P-6006,"Print Plate - Medline Medi-strip 1x5 Tyvek Print Plate, 3.625""",14
P-6015,PRINT PLATE - BAYER JAPAN PPG-30  DN-243353,0
P-6016,PRINT PLATE - BAYER PRTD ROW PPG-30  DN-229962  REV.C,0
P-6031B,PRINT PLATE CLOZEX PKG CV0038S  (BLACK),0
P-6031R,PRINT PLATE CLOZEX PKG CV0038S  (RED),0
P-6032B,PRINT PLATE CLOZEX PKG CV0064S  (BLACK),0
P-6032R,PRINT PLATE CLOZEX PKG CV0064S  (RED),0
P-6033B,PRINT PLATE CLOZEX PKG CV0098C  (BLACK),0
P-6033R,PRINT PLATE CLOZEX PKG CV0098C  (RED),0
P-6034B,PRINT PLATE CLOZEX PKG CV00100S  (BLACK),0
P-6034R,PRINT PLATE CLOZEX PKG CV00100S  (RED),0
P-6035BLK,"PRINT PLATE - CLOZEX BLACK 4.625""",0
P-6035RED,"PRINT PLATE - CLOZEX RED 4.625""",0
P-6036BLK,"PRINT PLATE - CLOZEX BLACK 6.625""",0
P-6036RED,"PRINT PLATE - CLOZEX RED 6.625""",0
P-6046B,CLOZEX COLD SEAL BLK PLATE,0
P-6046R,CLOZEX COLD SEAL RED PLATE,0
P-6048B,CLOZEX COLD SEAL BLUE PLATE,0
P-6048BLK,CLOZEX COLD SEAL BLACK PLATE,0
P-6048R,CLOZEX COLD SEAL RED PLATE,0
P-6051,PRINT PLATE HARMAC TARGET PRINT PLATE,0
P-6073,"MEDLINE 123 78# EASY  REL. LNR 4.75"" PLATE",0
P-6073A,"MEDLINE 123 78# EASY REL. LNR 4.75"" PLATE",0
P-6073B,"MEDLINE 123 78# EASY REL. LNR 2.0"" PLATE",0
P-6073C,MEDLINE 123  - PRTD MACTAC FILM PLATE,0
P-6086B,MEDLINE MSC2204 PPG30 BLUE PLATE,0
P-6086G,MEDLINE MSC2204 PPG30 GRAY PLATE,0
P-6098,PRINT PLATE - IMPLUS PRTD AMCOR PACKAGING,14
P-6099,PRINT PLATE - MEDLINE MSC2703 REL. LNR,0
P-6100,PRINT PLATE - MSC2002 PPG30 BLUE,0
P-6100-2,PRINT PLATE - MSC2002 GRAY,0
P-6101,PRINT PLATE - MEDLINE  MSC2603 PRTD PPG30 SUB,0
P-6103,PRINT PLATE - MEDLINE MSC2703 BLUE,0
P-6103-2,PRINT PLATE - MEDLINE MSC2703 GRAY,0
P-6105,PRINT PLATE - MEDLINE SURESITE 123 REL LNR 4.0,0
P-6105-2,PRINT PLATE - MSC2705 COOL GRAY 9,0
P-6164B,MPM ANCHOR BLUE PLATE,0
P-6164G,MPM  ANCHOR GREEN PLATE,0
P-6252,MEDLINE SUREFILM LINER PLATE,0
P-6253,"MEDLINE 30# REL. LINER PLATE 2""/4"" ROLLS)",0
P-6262,PRINT PLATE - MSC2701 REL LINER,0
P-6263,"MEDLINE 123 REL LINER GENERIC PLATE 9.0""",0
P-656,P-656,14
P-673,P-673,14
P-6800,P-6800,0
P-6800-1,P-6800-1,0
P-6800-2,P-6800-2,0
P-6801,P-6801,0
P-6801-1,P-6801-1,0
P-6801-2,P-6801-2,0
P-6802,P-6802,0
P-6802-1,Print Plate - 3.5cc,0
P-6802-2,Print Plate - 3.5cc,0
P-6804A,PRINT PLATE 3X2,0
P-6804A-1,PRINT PLATE 2X3 RETURN BLUE,0
P-6804A-2,PRINT PLATE 2X3 PINK,0
P-6805B,P-6805B,0
P-6808B,MEDLINE MSC2705 PPG30 BLUE PLATE,0
P-6808G,MEDLINE MSC2705 PPG30 GRAY PLATE,0
P-6850,PRINT PLATE - MSC2701 PPG-30 BLUE,0
P-6850-2,PRINT PLATE - MSC2701 PPG30 GRAY,0
P-6863,"PRINT PLATE - MSC2712 REL LINER 4.875""",0
P-6864,PRINT PLATE - MSC2712 PPG-30,0
P-6864-2,PRINT PLATE - MSC2712 PPG30 GRAY 9 PLATE,0
P-6864B,PRINT PLATE - MSC2712 PPG30 BLUE PLATE,0
P-6864G,PRINT PLATE - MSC2712 PPG30 GRAY PLATE,0
P-6865,"PRINT PLATE - MSC2712 PRTD REL LNR 8.625""",0
P-6873B,PRINT PLATE - MSC2605 PPG30 BLUE,0
P-6873G,PRINT PLATE - MSC2605 PPG30 GRAY,0
P-6875,PRINT PLATE - MSC2610 REL LNR,0
P-6878,PRINT PLATE MSC2610 PPG30,0
P-6878-2,PRINT PLATE MSC2610 GRAY 9,0
P-6880,"PRINT PLATE - MEDLINE MSC2706 RELEASE LNR 6.5""",0
P-6881,PRINT PLATE - MEDLINE MSC2706 PPG30,0
P-6881B,PRINT PLATE - MSC2706 PPG30 BLUE PLATE,0
P-6881G,PRINT PLATE - MSC2706 PPG30 GRAY PLATE,0
P-6897,PRINT PLATE - MSC2710 PRTD REL LNR 7.5,0
P-6898,PRINT PLATE - MSC2710 PPG-30 BLUE,0
P-6898-2,PRINT PLATE - MSC2710 PPG30 COOL GRAY 9,0
P-6898B,PRINT PLATE - MSC2710 PPG30 BLUE,0
P-6898G,PRINT PLATE - MSC2710 PPG30 COOL GRAY 9,0
P-6899,PRINT PLATE - MSC2710 PRTD REL LNR 5.0,0
P-6903,PRINT PLATE - MSC2206 REL LNR PLATE,0
P-6904,PRINT PLATE - MSC2206 PRTD REL LNR 1.75,0
P-6905,MSC2206 PRTD MACTAC PLATE,0
P-6909,PRINT PLATE - MSC2204 PRTD MACTAC PLATE,0
P-6910,PRINT PLATE - MSC2204 CENTER REL LNR,0
P-6911,PRINT PLATE - MSC2204 53# REL LNR PLATE,0
P-6912,PRINT PLATE - MSC2204 PPG30 BLUE,0
P-6912-2,PRINT PLATE - MSC2204 PPG30 GRAY,0
P-6913,PRINT PLATE - MSC2002 REL LNR PLATE,0
P-6915B,PRINT PLATE - MSC2002 PPG30 BLUE,0
P-6915G,PRINT PLATE - MSC2002 PPG30 GRAY,0
P-6952B,MEDLINE MSC2104 PRINT PLATE - BLUE,0
P-6952G,MEDLINE MSC2104 PRINT PLATE - GRAY,0
P-698,P-698,14
P-7000,PRINT PLATE PHARMCHEM LINER REV 4,0
P-7009,PRINT PLATE - 72T CARDINAL ADHESIVE DRESSING,0
P-7212,PRINT PLATE - 80T CARDINAL MINI ISLAND DRESSING,0
P-7214,PRINT PLATE - 74T CARDINAL ADHESIVE WARNING,0
P-7215,PRINT PLATE - 72T CARDINAL NON-ADHERENT DRESSING,0
P-7245B,PRINT PLATE - MPM TRIPLE HELIX 7X7 BLUE PLATE,0
P-7245G,PRINT PLATE - MPM TRIPLE HELIX 7X7 GREEN PLATE,0
P-7250,PRINT PLATES - MILLIKEN ULTRA BORDER 4X4,0
P-7263DB,PRINT PLATE-TRUPATCH 2X3 PCH D.BLUE 2965,0
P-7263G,PRINT PLATE - TRUPATCH 2X3 PCH GREEN 338,0
P-7263LB,PRINT PLATE-TRUPATCH 2X3 PCH L.BLUE 2915,0
P-7266DB,PRINT PLATE-TRUPATCH 2X3 LNR D.BLUE,0
P-7266G,PRINT PLATE- TRUPATCH 2X3 LNR GREEN,0
P-7266LB,PRINT PLATE-TRUPATCH 2X3 LNR L.BLUE,0
P-7270DB,PRINT PLATE-TRUPATCH 4X5 PPG30 D.BLUE,0
P-7270G,PRINT PLATE-TRUPATCH 4X5 PPG30 GREEN,0
P-7270LB,PRINT PLATE-TRUPATCH 4X5 PPG30 LBLUE,0
P-733,SWISS ELTA SOFT-TOUCH COMPOSITE,14
P-7387,PRINT PLATE - MEDLINE  NONJ250114,0
P-7388,PRINT PLATE - MEDLINE  NONJ250314,0
P-7389,PRINT PLATE - MEDLINE  NONJ250414,0
P-7390,PRINT PLATE - MEDLINE  NONJ250412,0
P-7391,PRINT PLATE - MEDLINE  NONJ250318,0
P-7392,PRINT PLATE - MEDLINE  NONJ250501,0
P-7393,PRINT PLATES - OVIK HEALTH ULTRA BORDER 4X4,0
P-77010CE,PRINT PLATE,0
P-77011CE,PRINT PLATE,0
P-77012CE,PRINT PLATE,0
P-77015CE,PRINT PLATE,0
P-77017CE,Print Plate - Anesthesia-Aid,0
P-812,Print Plate - SWISS ELTA SOFT-TOUCH COMPOSITE,14
P-8600,Print Plate Life Science Mask (80641),14
P-862,P-862,14
P-864,Print Plate - SWISS ELTA HYDROPHILIC PRTD LNR 2.5 IN,21
P-874,P-874,21
P-8800,PRINT PLATE,0
P-8802,Mueller Bulk No Glare 12/Sheet - Print Plate,0
P-8803,PRINT PLATE-MUELLER FULLFACE NO GLARE,0
P-8803-1,PRINT PLATE-MUELLER FULLFACE NO GLARE,0
P-896,SWISS ELTA SOFT-TOUCH COMPOSITE 6 X 6,14
P-902,"SWISS ELTA Print Plate 7.5"" HYDROPHLIC",14
P-936,P-936,14
P-936-1,P-936-1,14
P-937,HYDROMED ARROW PRINT PLATE,0
P-939,P-939,14
P-946,P-946,14
P-947,Print Plate MPM 6X6 REPEL,14
P-948,PRINT PLATE  - EVANS MEDICAL 2X3,0
P-949,PRINT PLATE - D squame,0
P-949ROW,"PRINT PLATE - BAYER ROW  9.5""RPT",0
P-950,PRINT PLATE - SEBUTAPE,0
P-950JPN,"PRINT PLATE - BAYER JAPAN  9.5"" RPT",0
P-951,Print Plate Detekt Gel,0
P-952,Print Plate-Therabond 3D Antimicrobial Island Dressing,0
P-A17001A,PRINT PLATE - CATH STRIP TAPE PATCH,14
P-A17001B,PRINT PLATE - CATH STRIP TAPE PATCH,0
P-CURAD HYDROCOLLOID,GENERIC CURAD CS - RANDOM PRINT,14
P-CURAD RDM,CURAD RANDOM,0
P-DIS-100,Print Plate 3x3 Dispos-a-trode,14
P-DIS-100P,P-DIS-100P,0
P-DIS-101,Print Plate 2 x 2 Dispose-a-trode,14
P-DIS-101P,P-DIS-101P,0
P-GLOBAL SPORT,GENERIC PEEL PLATE 1-2-3,14
P-GSP,GSP FULL FACE PRINT,14
P-GSP TAB,GSP GENERIC BLACK TAB,14
P-GSP-FULL,FULL FACE PRINT PLATE,14
P-GSP-LEFT,HALF FACE PLATE (LEFT),14
P-GSP-RIGHT,HALF FACE PLATE (RIGHT),14
P-MD-RP,Print Plate - Medrad Liner Random Print - Black,14
P-MDP-1,Print Plate - Medrad Face Stock Print - 173 Orange,14
P-MDP-2,Print Plate - Medrad Face Stock Print - Six strips,14
P-NGBTS-1,PRINT PLATE- 96T MUELLER BATS NO GLARE,5
P-NGCST-1,PRINT PLATE- 96T MUELLER CRESCENT NO GLARE,5
P-NGDC-2,PRINT PLATE- 96T MUELLER DOUBLE CLAW NO GLARE,5
P-NGIT-1,PRINT PLATE- 96T MUELLER INVERTED TRIANGLE NO GLARE,14
P-NGL-1,PRINT PLATE- 96T MUELLER LIGHTNING NO GLARE,5
P-NGPB-1,PRINT PLATE- 96T MUELLER PAINT BRUSH NO GLARE,5
P-NGRT-1,PRINT PLATE- 96T MUELLER ROUNDED TRIANGLE NO GLARE,5
P-NGSB-1,PRINT PLATE- 96T MUELLER SUNBURST NO GLARE,5
P-NGSQ-1,PRINT PLATE- 96T MUELLER SQUARES NO GLARE,5
P-NGWS-1,PRINT PLATE- 96T MUELLER WAVY SQUARES NO GLARE,5
P-NGXX-1,PRINT PLATE- 96T MUELLER DOUBLE X NO GLARE,5
P-Pharm-1,Print Plate PharmChem Rev-0,7
P-PYN-105,Print Plate - Pyng Rndm Print 61TG,7
P-V-000114-1,"PRINT PLATE - LOGO FOR SOLUABLE STRIP, 88 TG",14
P-V-000114-1A,"PRINT PLATE - LOGO FOR SOLUABLE STRIP, 77 TG",14
P-V-000114-2,PRINT PLATE - EYEMARK ON FOIL ROLL STOCK,14
PH00001,"Pellecome Testosterone Pellet, 25mg",0
PH00002,"Pellecome Testosterone Pellet, 50mg",0
PH00003,"Pellecome Testosterone Pellet, 100mg",0
PH00004,"Pellecome Testosterone Pellet, 200mg",0
PH00005,"Pellecome Testosterone Pellet, 300mg",0
PH00006,"Pellecome Progesterone Pellet, 50mg",0
PH00007,"Pellecome Progesterone Pellet, 100mg",0
PH00008,"Pellecome Progesterone Pellet, 200mg",0
PH00009,"Pellecome Estradiol Pellet, 10mg",0
PH00010,"Pellecome Estradiol Pellet, 15mg",0
PH000100,Sabdex 55mm contact plate Millipore (200/cs),21
PH000101,Sabdex 90mm settling plate(120/cs),21
PH000102,TSA 90mm settling/glove plate,21
PH000103,TSA contact plates Tryptic Soy Agar,21
PH000104,TSB Media 20ml Vials 20/bx,3
PH000105,Iodine Povidone Scrub Brush 15% (300pk),5
PH000106,NS 3M N95 Flat Fold Mask,3
PH000107,"Estradiol, USP Hemihydrate",5
PH000108,Kimtech Mask 3M Soft Tie,5
PH000109,"Luer Tip Cap (Black, Sterile)Latex/Silicon Free",4
PH00011,"Pellecome Estradiol Pellet, 20mg",0
PH000110,Green Sterile Nitrile CR Gloves BENS7.0,5
PH000111,Green Sterile Nitrile CR Gloves BENS8.0,5
PH000112,Bioclean Sterile Polychloroprene Gloves 7.5,5
PH000113,Bioclean Sterile Polychloroprene Gloves 8.5,5
PH000114,Green Sterile Nitrile CR Gloves 9.0,5
PH000115,"Sterile Sleeves, Antistatic ISO 4 (90pr)",5
PH000116,Sterile Boot Covers (75pr),5
PH000117,Purrell Alcohol Surgical Scrub 2pk,5
PH000118,"Enviro- Mat, Tacky Mat 18x36, blue 30 sheets",5
PH000119,"KleanMax SE Sterile Sealed Edge Mop 15"" cs/ 24",5
PH00012,"Pellecome Estradiol Pellet, 25mg",0
PH000120,EasyReach Sterile Cleaning Pads 2.75×7.75 cs/15bags/4ea,5
PH000121,"Validated Sterile IPA, 70% IPA, 30% WFI, Trigger Spray, 32oz, 12",5
PH000122,"Medium Drop Down Sterile Coverall BioClean, 20/cs",5
PH000123,4XL Drop Down Sterile Coverall BioClean 15/cs,8
PH000124,"Stearic Acid 50, NF (500GM) CAS# 67701-03-5",3
PH000125,"Methyl Alcohol, NF 4L",5
PH000126,"CHOLESTEROL, NF (500GM)",5
PH000127,"TESTOSTERONE, USP (Soy) Non Micro (CIII)",5
PH000128,Vitamin D3 (powder) 25GM,3
PH000129,"Bioclean Sterile Glove size 6.5, Polychloroprene",0
PH00013,"9mm, Amber Ram Vial, PP Limited Volume, 5mL CV-5395F-90R",0
PH000130,"""PURGE""Estradiol, USP Hemihydrate (100GM)",3
PH000131,Sabdex 90mm settling plate(20/bx),21
PH000132,Sabdex 55mm contact plate( 20/bx),21
PH000133,"Shoe Covers, MicroGuard CE w/ Tunnelized Elastic",5
PH000134,"6XL Sterile Coverall DropDown, BioClean,15/cs",0
PH000135,"XL Sterile Coverall DropDown, BioClean",0
PH000136,"STERILE GOGGLES, VIJON BIOCLEAN",5
PH000137,"ANASTROZOLE, USP",5
PH000138,"""PURGE""Testosterone, USP (Soy) Non-Micro 100GM (CIII)",5
PH000139,"Acetaminophen, USP 500GM",3
PH00014,"Cap 9mm Solid, Black, PTFE/F217,CV-5360-09R",10
PH000140,"Vacuum Pump Oil, Welch DirecTorr Gold",5
PH000141,Peridox RTU Quart (6 pk),0
PH000142,"LG Sterile Coverall DropDown,BioClean",0
PH000143,"Wedge Mortar Card, Blue",5
PH000144,"weigh paper, 4 X4""",3
PH000145,"SterileSorb™ Poly Dry Wipe 9×9, Contec",5
PH000146,3M Particulate Respirator Charcoal 8247 R95,3
PH000147,Firmapress Powder,0
PH000148,"70% Isopropyl Alcohol, Non Sterile 16oz bottle",0
PH000149,"Kimtech, Low Lint Prep Wipes",0
PH00015,"Testosterone, USP with Stearic Acid Granulation",0
PH000150,"9mm, Amber Ram Vial, PP Limited Volume, 5mL CV-30509P-12R",0
PH000151,"Decon-Quat 200C- SimpleMix .25oz/16oz of Water, Sterile, Trigger",0
PH000152,Mask 3M Aura 9211+ Respirator Valve,5
PH000153,Mask 3M Rounded 8210V Respirator with Valve,5
PH000154,"9mm Solid Top RAM Ribbed Cap, BLUE, PP, PTFE/F217 Lined, 1000/ca",10
PH000155,3M Steri-Strip Compound Benzoin Tincture C1544  Carton/40 bags,14
PH000156,S32450 Swabstick Prep Preinjection Preop site 1.75X6.5 500/cs,28
PH000157,Stainless Steel Trocar----Female Disposable Kits (20-pack),90
PH000158,Stainless Steel Trocar----Female Disposable Kits (4-pack),90
PH000159,Stainless Steel Trocar----Male Disposable kits (20-Pack),90
PH00016,"Estradiol, USP with Stearic Acid Granulation",0
PH000160,Stainless Steel Trocar----Male Disposable kits (4-Pack),90
PH000161,"Kimtech M3 7"" Sterile Pouch-Style Face Masks With Knitted Headba",10
PH000162,"""PURGE""CAPT 4040- 4oz white 24/410 HDPE cylinder 420/cs",90
PH000163,BEST0023 – 24/410 white rib fine mist sprayer w/ 4-3/4 dip tube,90
PH000164,GLYCERIN/GLYCEROL USP GRADE 99.7%,14
PH000165,AAP 211USP-NFDM55 55 GAL ISOPROPANOL USP/NF 99% CAS#67-63-0,14
PH000166,"H1009-500ML HYDROGEN PEROXIDE 30% (W/W) SOLUTION, C&HAZ UN2014",14
PH000167,"Isopropyl Alcohol Antiseptic 75% Topical Solution, 4oz",0
PH000168,"Label 4 oz, Bottle - Isopropyl Alcohol Antisepric 75% Top Sol",10
PH000169,75%v/v Isopropyl Alcohol Hand Sanitizer Batch,0
PH00017,"Biote Testosterone Pellet, 25mg",0
PH000170,AAP 211USP-NFDM55 55 GAL ISOPROPANOL USP/NF 70%,28
PH000171,"2XL Sterile Coverall Dropdown, BioClean",5
PH000172,CAPT 4050 – 4oz 24/410 white HDPE cylinder 425/cs #701132,90
PH000173,UNPRINTED VIAL LABELS - PHARMA CAST GLOSS+/S727/40#SCK #07609,30
PH000174,"9mm Solid Top RAM Ribbed Cap, YELLOW, PP, PTFE/F217 Lined",10
PH000175,"Assembled .018 pellet box w/ paper insert 4.15"" x 2.075"" x 1.6""",60
PH000176,"10 x 10 x 4"" Corrugated Boxes S-4346",1
PH000177,Unguator Jar: 2000ml GAKO,0
PH000178,3M 60924 Ammonia/Methylamine Filter Combo P100,0
PH000179,3M 60923 Organic Vapor/Acid Gas Cart/Filter combo P100,0
PH00018,"Biote Testosterone Pellet, 37.5mg",0
PH000180,"Sterile Dry Wiper, Cellulose/Polyester, 68gm, 12"" x 12"", Double",0
PH000181,"Clearview Goggles, Toughened Polycarbonate Lens, ETO Sterile, 60",5
PH000182,"Spectrum Anti-Static Square Weigh Boats, Black, 250 mL, 140 x 14",0
ph000183,"Spectrum Anti-Static Square Weigh Boats, Black, 100 mL, 80 x 80",0
PH000184,"Spectrum Anti-Static Square Weigh Boats, Black, 20 mL, 45 x 45 m",0
PH000185,"smartSpatula Disposable Antistatic Micro Spatula, Opaque, 140 mm",0
PH000186,"smartSpatula Disposable Standard Spatulas, Opaque, 210 mm - 300",0
PH000187,"Syringe, BD Luer-Lok, 10 mL (Sterile)",0
PH000188,"Enviro-Wipe PC Presaturated Wiper, Poly/Cell, Validated Sterile",21
PH000189,Unguator AirDynamic Jar 1000ML/3PK,0
PH00019,"Biote Testosterone Pellet, 50mg",0
PH000190,DRI-CARD DESICCANTS 85x85x0.5mm 800ct,5
PH000191,UNPRINTED VIAL LABELS - TRANS-THERM 1C/HAMMERLOCK/40#SCK  W/PERF,30
PH000192,OPEN,90
PH000193,OPEN,90
PH00020,"Biote Testosterone Pellet, 87.5mg",0
PH00021,"Biote Testosterone Pellet, 100mg",0
PH000216,Stainless Steel Trocar----Female Disposable Kits (20-pack),90
PH000217,Stainless Steel Trocar----Male Disposable kits (20-Pack),90
PH00022,"Biote Testosterone Pellet, 200mg",0
PH00023,"Biote Estradiol Pellet, 6mg",0
PH00024,"Biote Estradiol Pellet, 10mg",0
PH00025,"Biote Estradiol Pellet, 12.5mg",0
PH00026,"Biote Estradiol Pellet, 15mg",0
PH00027,75/4 Testosterone and Anastrozole Granulation,0
PH00028,Biote Testosterone and Anastrozole Pellet 75/4mg,0
PH00029,Biote Testosterone and Anastrozole Pellet 100/4mg,0
PH00030,100/4 Testosterone and Anastrozole Granulation,0
PH00031,"Cap 9mm Smooth Green Cap, W/F217/PTFE,Liner",0
PH00032,".020 SBS CARTON FOLDED & PACKED W/FOAM 4.00"" x 4.00"" x 1.60""",60
PH00033,Testosterone 65 mg with Stearic Acid 5.5% Pellet,0
PH00034,Testosterone 72.5 mg with Stearic Acid 5.5% Pellet,0
PH00035,Testosterone 80 mg with Stearic Acid 5.5% Pellet,0
R-100001,"**INACTIVE**3.75 White Bleached Cotton""",35
R-100002,"""INACTIVE"" 5.5 BBA 149-129""",35
R-100003,BBA #149129 1 IN,35
R-100004,"""INACTIVE"" 3.25 Filter Paper""",0
R-100005,"""INACTIVE"" 3.75 X540 Nat Netting""",0
R-100006,"""INACTIVE"" 10 Mediderm""",0
R-100007,"""INACTIVE"" 10.25 Medifab Synthetics""",0
R-100008,"""INACTIVE"" .055"" Absorbent Material 4""",35
R-100009,"""INACTIVE"" 4.5 26 pt. tag stock""",35
R-10001,"""INACTIVE"" 4.375 ADS Hydrogel""",0
R-100010,"""INACTIVE"" 4.5 polyester woven fabric""",0
R-100011,"""INACTIVE"" 60 BBA 149-129""",35
R-100012,"""INACTIVE"" 4 Free Chlorine Paper""",35
R-100013,"""INACTIVE"" 4 Total Chlroine Paper""",35
R-100014,"""INACTIVE"" 4 Alkalinity Paper""",35
R-100015,"""INACTIVE"" 4 PH Paper""",35
R-100016,"""INACTIVE"" 4 Total Hardness Paper""",35
R-100017,"""INACTIVE"" Size 23 Polyester white strand",35
R-100018,"""INACTIVE"" 5 .055"" Absorbent Material""",35
R-100019,"""INACTIVE"" 6.5 PG 1""",0
R-10002,"""INACTIVE"" 1.5 FW-205 Hydrogel""",0
R-100020,"""INACTIVE"" 603 Cotton Fabric",35
R-100021,"""INACTIVE"" 3 7.9 NLYB-E Absorbent""",35
R-100022,"""INACTIVE"" 3.25 .055 AET Absorbent""",35
R-100023,"3"" BBA #149129",35
R-100024,"""INACTIVE"" 4.75 Delstar 2.8 NP5.E""",35
R-100025,"""INACTIVE"" 7 NPM-011-042 100% Cotton""",0
R-100026,"""INACTIVE"" 4 Total Bromine""",0
R-100027,"""INACTIVE"" 2.125  989 Absorbent""",0
R-100028,"1.5"" BBA #149129",56
R-100029,"7.9 NLYB-E Absorbent 3.5""",35
R-10003,"""INACTIVE"" 1.625 FW-205 Hydrogel""",0
R-100030,"""INACTIVE"" 2.125 Grade 989 Absorbent""",0
R-100031,"""INACTIVE"" 58 7.9 NLYB-E Absorbent""",35
R-100032,"""INACTIVE"" 13 x 20"" 57202843 Mesh""",0
R-100033,"""INACTIVE"" 48 Fabric Mesh -AMS supplied""",0
R-100034,"""INACTIVE"" 6.5 Cerex Mesh Fabric""",0
R-100035,CS 1.3 oz. Sontera Cloth 2.75 IN,28
R-100036,"""INACTIVE"" 1.25 1.3 oz. Sontera Cloth""",35
R-100037,"""INACTIVE"" 7.2 1603 Absorbant Nonwoven""",35
R-100038,"""INACTIVE"" 4.5 Stratex 5.5NPET-E/E""",35
R-100039,"""INACTIVE"" 2.5 Stratex 5.5NPET-E/E""",35
R-10004,"""INACTIVE"" CS LT100+/N/HDPE 7.1875 IN",0
R-100040,"""INACTIVE"" 4.5 DelNet X550NAT Netting""",35
R-100041,"""INACTIVE"" 2.5 DelNet X550NAT Netting""",35
R-100042,"""INACTIVE"" 47 Stratex 5.5NPET-E/E""",35
R-100043,"""INACTIVE"" 4.5 P520 Netting""",35
R-100044,"""INACTIVE"" 2.5 P520 Netting""",35
R-100045,"""INACTIVE"" 4.5 DelNet X550 White Net""",35
R-100046,"""INACTIVE"" 2.5 DelNet X550 White Net""",35
R-100047,"""INACTIVE"" 5 5.5NPET - F/OV""",35
R-100048,"""INACTIVE"" 5.0 Stratex 5.5NPET-E/E""",35
R-100049,"""INACTIVE"" 3.0 Stratex 5.5NPET-E/E""",35
R-10005,"""INACTIVE"" 2.25 LT303/N/.045/94  Gel""",35
R-100050,"""INACTIVE"" 4.0 Stratex 5.5NPET-E/E""",35
R-100051,"""INACTIVE"" 6.0 Stratex 5.5NPET-E/E""",35
R-100052,"""INACTIVE"" 3.5 DelNet X550NAT Netting""",35
R-100053,BBA #140-155 5.33 IN,35
R-100054,"""INACTIVE"" 3.375 3.3 NPET-E Delstar""",35
R-100055,"""INACTIVE"" 6.50 DelNet KX215p Netting""",35
R-100056,"""INACTIVE"" 3.50 3.3 NPET-E Delstar""",35
R-100057,"5.4"" 20 mil black knit fabric",35
R-100058,"""INACTIVE"" 6.0 ? mil Diaper material""",0
R-100059,"""INACTIVE"" 42 Knit Polyester Mesh Coated""",35
R-10006,"""INACTIVE"" 2.75 LT303TL/.045/96 Gel""",0
R-100060,"""INACTIVE"" 56.0 20 mil Black Knit fabric""",35
R-100061,"""INACTIVE"" .7874 Whatman 404 Linter pape""",0
R-100062,"7.9 NLYB-E Absorbent - 2.0""",35
R-100063,"""INACTIVE"" 6.0 Knit Polyester Mesh Coate""",35
R-100064,"""INACTIVE"" 0.787 Whatman 404 pad""",0
R-100065,"""INACTIVE"" 1.968 Milipore Nitrocellulose""",0
R-100066,"""INACTIVE"" 50cm x 700 m Whatman 17",35
R-100067,"""INACTIVE"" 9.0 Whatman 17""",63
R-100068,"**INACTIVE**7.9 NLYB-E Absorbent - 2.25""",35
R-100069,"Lydall 9254 paper .015"" 8.0 IN",35
R-10007,"""INACTIVE"" 2.25  LT303/N/.045/HDPE gel""",35
R-100070,"""INACTIVE"" 6.0 Fabric Mesh -AMS supplied""",0
R-100071,"""INACTIVE"" 4.0 Miliken material / printe""",0
R-100072,"""INACTIVE"" 12.75 Spunbound Nonwoven-""",0
R-100073,"""INACTIVE"" 4.0 Cellulose Acetate""",0
R-100074,"""INACTIVE"" 4.0 Nitrocellulose CN-140""",0
R-100075,"""INACTIVE"" 4.0 Nylon""",0
R-100076,"""INACTIVE"" 4.0 Whatman""",0
R-100077,"""INACTIVE"" Arcare 8259 w/ sprocketed hole",0
R-100078,"""INACTIVE"" 1.0 AR70682 leader""",0
R-100079,"""INACTIVE"" 4007346 cotto 6.0""",0
R-10008,"""INACTIVE"" 2.75 LT300TL/N/96  Gel""",0
R-100080,"""INACTIVE"" 12.0 Cerex 1.75 osy Orion""",0
R-100081,"""INACTIVE"" 2.0 3.3 NPET-E Delstar""",35
R-100082,"""INACTIVE"" 2.375 3.3 NPET-E Delstar""",35
R-100083,"1.375 Whatman F427-07""",104
R-100084,"""INACTIVE"" CS  94190 Polyester Naturexx 3.5 IN",0
R-100085,"""INACTIVE"" CS 94190 Polyester Naturexx 40 IN",0
R-100086,"""INACTIVE"" 38.25 Ahlstrom SX570 absobent""",42
R-100087,**INACTIVE**AHLSTROM SX570 8.0 IN,42
R-10009,"""INACTIVE"" 3.125 LT303/N/.045/94 Gel""",63
R-10010,"""INACTIVE"" 4.25 LT303/.070/HDPE  Gel""",0
R-10011,"""INACTIVE"" 4.50 LT303/.070/HDPE  Gel""",0
R-10012,"""INACTIVE"" 4.75 LT303/.070/HDPE  Gel""",35
R-10013,"""INACTIVE"" LT3000TL/86# 38mil  Gel - 3.125 IN",63
R-10014,"""INACTIVE"" 1.25 LT4000TL/N/5Pet  Gel""",0
R-10015,"""INACTIVE"" 1.375 LT4000TL/N/5Pet  Gel""",0
R-10016,"""INACTIVE"" 7.188 LT4000TL/N/86  Gel""",35
R-10017,"""INACTIVE"" 3.25 LT4000TL/N/96  Gel""",0
R-10018,"""INACTIVE"" 2.625 63B Hydrogel""",0
R-10019,"""INACTIVE"" CS 63B Hydrogel/5 mil PET 4.375 IN",63
R-10020,"""INACTIVE"" CS 63G Hydrogel 4.375 IN",0
R-10021,"""INACTIVE"" 1.0 RG72R  Gel""",63
R-10022,"""INACTIVE"" 1.75 72R40H5H  Gel""",63
R-10023,"""INACTIVE"" 3.5 RG72R40H5G gel""",63
R-10024,"""INACTIVE"" 6.375 LT4000TL/N/86 Gel""",35
R-10025,"""INACTIVE"" 3.5 LT4500/5 mil PET liner""",63
R-10026,"""INACTIVE"" 4.5 LT303/N/.045/HDPE GEL""",35
R-10027,"""INACTIVE"" 4.375 AG603 Gel on 5 mil PET""",35
R-10028,"""INACTIVE"" 2 AG703 Gel""",35
R-10029,"""INACTIVE"" 4.5 Buffer Gel w/ 5 mil Poly""",0
R-10030,"""INACTIVE"" 8.5 Buffer Gel w/ 5 mil Poly""",0
R-10031,"""INACTIVE"" LT4900TL/N/86#   Gel  -  2.25""",35
R-10032,"""INACTIVE"" 1.75"" RG63G Gel",63
R-10033,"2.375"" AG803 Gel",35
R-10034,"3.375"" AG803 Gel",35
R-10035,"""INACTIVE"" 4.375 AG704 ON   Gel""",35
R-10036,"""INACTIVE"" 6.375 LT4900TL/N/84#""",35
R-10037,"""INACTIVE"" 2.25 LT100+/N/HDPE""",35
R-10038,"""INACTIVE"" 1.625  LT4000TL/N/96""",35
R-10039,"""INACTIVE"" 2 AG704 Gel""",35
R-10049,"""INACTIVE"" 2.375 LT4900/N/5PET""",35
R-10050,"""INACTIVE"" 1.375 AG603 Gel""",35
R-10051,"8.75 RG63B Hydrogel""",63
R-10052,"""INACTIVE"" 3  LT303/N/.050/HDPE gel""",35
R-10053,"""INACTIVE"" 1.5625  LT4000TL/N/96""",35
R-10054,"""INACTIVE"" 2.25 AG704 Gel""",35
R-10055,"""INACTIVE"" 2 AG803 Gel""",35
R-10056,"""INACTIVE"" 1.75 603 Amgel""",35
R-10057,"""INACTIVE"" 2.625 603 Amgel""",35
R-10058,"""INACTIVE"" 1.75 AG803 Gel""",35
R-10059,704 Amgel 1.625 IN,35
R-10060,"""INACTIVE"" 1.625 LT4500/5 mil PET liner""",63
R-10061,"LT303/N/.054/HDPE Gel - 2.375""",63
R-10062,"""INACTIVE"" LT303/N/.054/HDPE gel - 3.125""",63
R-10063,"""INACTIVE"" 8.75 AG603 Gel""",35
R-10064,"2.25"" AG603 Gel",35
R-10065,"3.125"" AG603 Gel",35
R-10066,"""INACTIVE"" 6.375 LT100+/N/HDPE""",35
R-10067,"""INACTIVE"" 4.375 803  Gel""",35
R-10068,"""INACTIVE"" 3.25 LT4500/5 mil PET liner""",63
R-10069,"""INACTIVE"" 2.625 2000MP 5% K Hydrogel""",0
R-10070,"""INACTIVE""  2000MP 5% K Hydrogel 2.375""",0
R-10071,"""INACTIVE"" 4.5 2000MP 5% K Hydrogel""",0
R-10072,"""INACTIVE"" 9.25 9944 hydrocld/ .250"" EL""",35
R-10073,"""INACTIVE"" 3.365 80 mil Hydrocolloid Adh""",35
R-10074,"""INACTIVE"" 3.5 2000MP .9% NaCl Hydrogel""",0
R-10075,"""INACTIVE"" 3.5 AG703 Gel""",35
R-10076,"""INACTIVE"" 3.25 2000MP .9% NaCl Hydrogel""",0
R-10077,"""INACTIVE"" 3.125 9944 hydrocld/ .250"" EL""",35
R-10078,"""INACTIVE"" 3.0 9944 hydrocld/ .250"" EL""",35
R-10079,"""INACTIVE"" 3.365"" 25 mil Hydrocolloid Adh",35
R-10080,"""INACTIVE"" 6.00 63B Hydrogel / 5 mil PET""",63
R-10081,"""INACTIVE"" CS fabric/silicone elastom 7.0 IN",0
R-10082,"""INACTIVE"" 3.0 9943 hydrocld/ .250"" EL""",35
R-10083,"""INACTIVE"" 1.5 9880 Hydrogel""",35
R-110001,"""INACTIVE"" .75 Lycra""",35
R-110002,"**INACTIVE**1"" Woven Elastic White N-394",28
R-110003,"""INACTIVE"" .5 CSM110-Hook Blk Velcro""",35
R-110004,"""INACTIVE"" .25 Loop Tape""",0
R-110005,"White Velcro Loop - .625""  # 187278",60
R-110006,"""INACTIVE"" .625 White Velcro Hook""",42
R-110007,"""INACTIVE"" 1 Velcro w/ adhesive""",0
R-110008,"""INACTIVE"" 1 Black Hook w/adhesive""",0
R-110009,"""INACTIVE"" 1.5 ""ONE-WRAP"" velco - Yellow""",42
R-110010,"""INACTIVE"" 1.5 ""ONE-WRAP"" velco- Blue""",42
R-110011,"""INACTIVE"" 1.5 ""ONE-WRAP"" velco- Black""",42
R-110012,"""INACTIVE"" 1.5 ""ONE-WRAP"" velco Green""",42
R-110013,"""INACTIVE"" 1.5 H830 Hook Velcro""",42
R-110014,"""INACTIVE"" 1 Black Loop w/Adhesive""",35
R-110015,"""INACTIVE"" 7/8 White Velcoins w/adhesive""",42
R-110016,"""INACTIVE"" 3/4 x 1 5/8"" White Hook Tabs""",0
R-110017,White Velcro Hook HTH-848 5.0 IN 124962,60
R-110018,"""INACTIVE"" 2 MSX-5869F White Hook 3M""",35
R-110019,"""INACTIVE"" 1.0 SJ3530 WHITE Hook w/PSA""",35
R-110020,"""INACTIVE"" 2.0 SJ3531 WHITE 3M Loop PSA""",35
R-110021,"White Velcro Hook - .625"" # 185469",60
R-110022,"""INACTIVE"" 2.25 MSX-5869F White Hook 3M""",35
R-110023,"""INACTIVE"" 26.0 7331 Loop w/ PSA""",35
R-110024,"""INACTIVE"" 26.0 7333 Hook w/ PSA""",35
R-110025,"""INACTIVE"" 2.25 7331 Loop w/PSA""",35
R-110026,"""INACTIVE"" 1.0 7333 Hook w/ PSA""",35
R-110027,"""INACTIVE"" 2.25 7332 White Hook 3M""",35
R-110028,White Velcro Loop 3905 4.125 IN,60
R-110029,"**INACTIVE**4.75 White Velcro Loop 3905""",42
R-120001,"""INACTIVE"" Leg Bag Buttons",35
R-120002,"""INACTIVE"" B211  Leadwire  344-0103-0002",0
R-120003,NO157-PA-O Plastic Eyelete #S-9001/M,35
R-120004,"""INACTIVE"" N-157-PC-O Snaps",0
R-120005,NO161-SF-P Stud 316L Stainless,56
R-120006,"""INACTIVE"" S-9000 Stainless Steel",0
R-120007,"""INACTIVE"" S-9001 Silver Chloride",0
R-120008,"""INACTIVE"" Battery 61268-040",0
R-120009,"""INACTIVE"" Battery 61269-080",0
R-120010,"""INACTIVE"" Battery 61270-120",0
R-120011,NO157-PA-S3 .0001 Silver Eyele,35
R-120012,NO159-BA-N Brass/Nickel Stud,35
R-120013,"""INACTIVE"" 60 AMP Flexible Battery",0
R-120014,"""INACTIVE"" 90 AMP Flexible Battery",0
R-120015,"""INACTIVE"" 120 AMP Flexible Battery",0
R-120016,"""INACTIVE"" 40 amp Flexible Battery",0
R-120017,"""INACTIVE"" CS 80 amp Flexible Battery - BPM",0
R-120018,NO157-PA-S1 Plastic electrode,56
R-120019,"""INACTIVE"" Ink Array Electrode Sheet",35
R-120020,"""INACTIVE"" 17 Tin/Copper Wire Set""",35
R-120021,"""INACTIVE"" 17 Carbon Fiber Wire (3) Set""",35
R-120022,"""INACTIVE"" NO153-SF-P Sensor Stud",35
R-120023,"""INACTIVE"" CS 1 Volt Butterfly Battery-40mA",35
R-120024,"""INACTIVE"" 1.185 x 1.185"" Metal Shim""",0
R-120025,"""INACTIVE"" CS Galvanized Shim 1.185X.9 IN",0
R-120026,"""INACTIVE"" 18 Yellow T/C Leadwire.42AgCl""",0
R-120027,"""INACTIVE"" 18 Green T/C Leadwire.42 AgCL""",0
R-120028,"**INACTIVE**18.75 Red Tin/Cu Leadwire""",35
R-120029,"""INACTIVE"" Phoenix Battery Pt# 0067-080",0
R-120030,"""INACTIVE"" 24 Black Small Socket Ldwire""",0
R-120031,"""INACTIVE"" 24 White Small Socket LdWire""",0
R-120032,"""INACTIVE"" 24 Green Small Socket LDwire""",0
R-120033,"""INACTIVE"" 24 White Large Socket LDWire""",0
R-120034,"""INACTIVE"" 24 Black Large Socket LDWire""",0
R-120035,"""INACTIVE"" Bone Chip COllector",0
R-120036,"""INACTIVE"" B211 12.5 .080 Molded Socket""",35
R-120037,"""INACTIVE"" DW102 2MM SKT TO DISC 158MM",35
R-120038,**INACTIVE**DW126 2MM SKT To Strip 320MM,35
R-120039,"""INACTIVE"" PhoenixII/STAT Flex Battery",0
R-120040,"""INACTIVE"" PhoenixII/STAT Lithium Battery",0
R-120041,"""INACTIVE"" Newmark Eyelet - NO202-PA-S3",35
R-120042,"""INACTIVE"" Newmark Stud - NO214-SB-P",35
R-120043,"""INACTIVE"" Cosmetic Patch Battery Pt#",0
R-120044,"""INACTIVE"" Cosmetic(9907W) Patch Battery",0
R-120045,"""INACTIVE"" NO157-PA-S7 Ag/Ag/cl Eyelet",35
R-120046,"""INACTIVE"" STAT Flex Battery",0
R-120047,"""INACTIVE"" CS Cosmetic Patch Battery sheet",0
R-120048,"""INACTIVE"" CS Corventis Lead Wire",0
R-130001,"""INACTIVE"" Blood Spike",0
R-130002,"""INACTIVE"" Dual Check Valve",0
R-130003,"""INACTIVE"" Female Adaptor",0
R-130004,"""INACTIVE"" Male Vented Cover",0
R-130005,"""INACTIVE"" Plastic Chamber",0
R-130006,"""INACTIVE"" Vented Cover",0
R-130007,"""INACTIVE"" Vented Spike",0
R-130008,"""INACTIVE"" Pinch Clamp",0
R-130009,"""INACTIVE"" Hydro Repellent",0
R-130010,"""INACTIVE"" Finger Extenders",0
R-130011,"""INACTIVE"" 12cc Syringes",0
R-130012,"""INACTIVE"" 72 .210 ID x .029 OD Tubing""",0
R-130013,"""INACTIVE"" Clear Plastic Tube",0
R-130014,Alcohol Prep Pad P-1005-8S,35
R-130015,"""INACTIVE"" Nitril Gloves - 4 mil",0
R-130016,"""INACTIVE"" 1624WNS Tegaderm w/window out",35
R-130017,Clean Room wipe (poly),21
R-140001,"**INACTIVE**White Laser Label -  .5"" × 1.75""",2
R-140002,"Cath-Strip Ctn Label - 8.5"" × 5.5""",0
R-140003,"""INACTIVE""  Laser Label S-3196  -  3 1/3"" × 4""",2
R-140004,"""INACTIVE"" +/- Label",0
R-140005,"""INACTIVE"" Nikomed USA- 2121E pouch label",0
R-140006,"""INACTIVE"" AEP-4004 Pouch Labels",0
R-140007,"""INACTIVE"" Drape Sheet Pouch Insert",0
R-140008,"""INACTIVE"" Drape Sheet Box Label",0
R-140009,"""INACTIVE"" EAP Gel Insert",0
R-140010,"""INACTIVE"" Technical Overview Insert- BP",35
R-140011,"""INACTIVE"" Patient Info Card - Birch Pt.",35
R-140012,"""INACTIVE"" HUMONITOR, Humidity Indicator",35
R-140013,"""INACTIVE"" MINIPAX, silica gel bag",35
R-140014,"""INACTIVE"" NATRASORB, silica gel bag",35
R-140015,"""INACTIVE"" Temp - Plate recorder",35
R-140016,"""INACTIVE"" Nikomed- 2121 Pouch Label",0
R-140017,"""INACTIVE"" Security Seal - Lamotte",35
R-140018,"""INACTIVE"" Patient Feedback Card -",35
R-140019,"""INACTIVE"" Transderm Pouch Label - TBD",0
R-140020,"""INACTIVE"" Important Note - Birch Point M",35
R-140021,"""INACTIVE"" Technical Overview",35
R-140022,"""INACTIVE"" Patient Info Card - P/N P0032",35
R-140023,"""INACTIVE"" Technical Overview P-0051 Rev1",35
R-140024,"""INACTIVE"" Patient Info Card - Int'l",35
R-140025,"""INACTIVE"" Application Guide - Int'l",35
R-140026,"""INACTIVE"" Feedback Card - SP version",35
R-140027,"""INACTIVE"" Patient Info Card- SP Version",35
R-140028,"""INACTIVE"" Carpal Solution-Right Hand Crd",0
R-140029,"""INACTIVE"" Case Labels W/ Bar Code CC Med",0
R-140030,"""INACTIVE"" Carpal Solution-Left Hand",0
R-140031,"""INACTIVE"" CS Lobe Wonder Bag Seal",42
R-140032,"""INACTIVE"" Laser-Aid Insert - Directions",0
R-140033,"""INACTIVE"" 1 Circle Label/White  S-2235""",2
R-140035,"""INACTIVE"" Patient Info Card- SP Version",35
R-140036,"""INACTIVE"" Reorder Tag - 85349800017",0
R-140037,"""INACTIVE"" Reorder Tag - 85349800018",0
R-140038,"""INACTIVE"" 80 amp Patient Info/App. Guide",35
R-140039,"""INACTIVE"" SP-40 Patient Info/App. Guide",35
R-140040,"""INACTIVE"" Patient Info Card 80 AMP",35
R-140041,"""INACTIVE"" Application Guide - Int'l",35
R-140042,**INACTIVE**Technical Overview P-0051 Rev2,35
R-140043,"""INACTIVE"" Application Guide IontoPatchSP",35
R-140044,"""INACTIVE"" Rid-A-Tic Package Insert",14
R-140045,"""INACTIVE"" 1.125 x 2 Avery Label""",2
R-140046,"""INACTIVE"" SP Patient/Application Guide",35
R-140047,"""INACTIVE"" SP & 80 Technical Overview",35
R-140048,"""INACTIVE"" 80 AMP Patient Info/App. Guide",35
R-140049,**INACTIVE**Derm-Aid 50pr & 10pr direction,35
R-140050,"""INACTIVE"" Derm-Aid 10pr direction insert",0
R-140051,"""INACTIVE"" Laser-Aid 24pr & 5pr direction",35
R-140052,IPL-Aid 50pr & 10pr directions,35
R-140053,"""INACTIVE"" CS Hollywood 1.875x7"" insert""",0
R-140054,"""INACTIVE"" CS  White Label-PRNT 1.75 x .875 IN",0
R-140055,"Clear Acetate 1"" Circle w/Horizonal Perf S-6138",2
R-140056,"**INACTIVE**Circle Label/Clear  S-5504 -2""",2
R-140058,"""INACTIVE"" Minipax, silica gel bag",7
R-140066,"""INACTIVE"" SP Patient/Application Guide",35
R-140067,"""INACTIVE"" SP & 80 Technical Overview",35
R-140068,"""INACTIVE"" 80 AMP Patient Info/App. Guide",35
R-140069,"""INACTIVE"" Carpal Control-Right Hand",0
R-140070,"""INACTIVE"" Carpal Control-Left Hand",0
R-140071,"""INACTIVE"" Phoenix/STA Patient/App. Guide",35
R-140072,"""INACTIVE"" 80amp/INT. Patient Info/App.",35
R-140073,"""INACTIVE"" Label for pouch ( F-76045 )",0
R-140074,"""INACTIVE"" Label for Box Top ( F-76045 )",0
R-140075,"""INACTIVE"" Label for Box Side ( F-76045 )",0
R-140076,"""INACTIVE"" Label for pouch ( F-76046 )",0
R-140077,"""INACTIVE"" Label for Box Top ( F-76046 )",0
R-140078,"""INACTIVE"" Label for Box Side ( F-76046 )",0
R-140079,"""INACTIVE"" 80 AMP Patient Info/App. Guide",35
R-140080,"""INACTIVE"" SP Patient/Application Guide",35
R-140081,"""INACTIVE"" CS Label Keep your close on",0
R-140082,"""INACTIVE"" CS Label-Bar Code for QVC",0
R-140083,"""INACTIVE"" SP & 80 Technical Overview",35
R-140084,"""INACTIVE"" Label for pouch ( F-730002 )",0
R-140085,"""INACTIVE"" Label for shelf box (F-73002)",0
R-140086,"""INACTIVE"" IFU ( F-730002 )",0
R-140087,"""INACTIVE"" Insert , ValuStrip",35
R-140088,"""INACTIVE"" Label for Valustrip Vial",35
R-140089,"""INACTIVE"" 1 1/2 x 1"" Label S-6247""",2
R-140090,**INACTIVE**Carpal Solution-Right 6-week,0
R-140091,**INACTIVE**Carpal Solution-Left 6-week,0
R-140092,"Insert , Trivarion Rev B",35
R-140093,LED-Aid 50pr & 10pr directions,35
R-140094,"""INACTIVE"" CS Insert Card for QVC Red Carpet",0
R-140095,**INACTIVE**STAT Patient Info/App. Guide,35
R-140096,"""INACTIVE"" 80amp/INT. Patient Info/App.",35
R-140097,"""INACTIVE"" Technical Overview P-0051 Rev",35
R-140098,"""INACTIVE"" Technical Overview P-0095 Rev1",35
R-140099,**INACTIVE**Application Guide - Int'l,35
R-140100,"Label,pouch Canica Dynastretch",0
R-140101,"""INACTIVE"" Label, box Canica Dynastretch",0
R-140102,"""INACTIVE"" Label for Canica Dynastretch",0
R-140103,"""INACTIVE"" CS Label Keep your close on"" rv2""",0
R-140104,CS Hollywood Tissue Paper - Pink,14
R-140105,"CS Label, pouch Canica Billateral",28
R-140106,"""INACTIVE"" CS Label, pouch Canica Unilateral",0
R-140107,"""INACTIVE"" Label - STR-19",2
R-140108,"""INACTIVE"" Label - STR-20",2
R-140109,"""INACTIVE"" Tube Insert A5447",35
R-140110,CS Circle Label/Printed 1IN,28
R-140111,CS Label 'Allure Award Winner',28
R-140112,"1"" CIRCLE LABEL/PRINTED LARGE (GANG OF 3)",35
R-140113,"1"" CIRCLE LABEL/PRINTED SMALL (GANG OF 3)",35
R-150001,"2.5""W x .10"" x 3""ID Poly core",21
R-150002,"""INACTIVE""  Plastic Cores 3""W X 3""D",0
R-150003,"7W X 3""D Plastic Cores""",21
R-150004,Plastic 6 X 3 IN ID core X .100,14
R-150005,"""INACTIVE"" Cardboard Cores - 2.125"" 1"" I.D.",35
R-150006,"4.5 Plastic Core 3"" I.D""",21
R-150007,".625 Plastic Core 3"" ID""",14
R-150008,"Plastic Core 0.5"" × 3"" I.D.",21
R-150009,Plastic Core ID 1.5 X 3 IN,21
R-150010,"""INACTIVE"" 2 3/8 cardboard core  3"" ID""",35
R-150011,"""INACTIVE"" 2 cardboard core  3"" ID""",35
R-150012,"""INACTIVE"" 2.5W X 3""ID Cardboard cores""",35
R-150013,"Plastic - .75"" × .100"" × 3"" ID",21
R-150014,"Plastic 1"" x .100"" x 3"" ID",35
R-150015,"2"" x .100"" x 3"" ID Plastic Core",21
R-150016,"""INACTIVE"" 4 x .125"" x 6"" ID Cardboard""",35
R-150017,"""INACTIVE"" 3.625  6"" ID Plastic Core""",35
R-150018,"""INACTIVE"" Plastic Cores - 2.5"" x 6"" I.D.",0
R-150019,"""INACTIVE"" 3.5 Plastic Core 3"" I.D.""",0
R-15002,"""INACTIVE"" 4.5 Plastic Core 3"" I.D""",0
R-150020,"""INACTIVE"" 10.0 Plastic Core 1.50"" OD""",0
R-150021,".75"" X .200"" X 3"" ID PLASTIC CORES",21
R-150022,"Plastic Core 5.0"" × 3"" I.D",21
R-150023,"6.5 Plastic Core 3"" I.D"" X .100",21
R-150024,"""INACTIVE"" 3.25 Plastic Core 3"" I.D.""",21
R-150025,"""INACTIVE"" 4.0 x .125"" x 3"" ID Cardboard""",35
R-150026,"""KINACTIVE"" 0.25 Plastic Core 3"" I.D.""",21
R-150027,"6.75 Plastic Core 3"" I.D.""",21
R-150028,"5.0 x 6"" I.D. Plastic Cores""",35
R-150029,"""INACTIVE"" .375 x .100"" x 3"" ID Plastic""",21
R-150030,"""INACTIVE"" 6 x .25"" x 6"" ID Cardboard""",35
R-150031,"""INACTIVE"" .25  Achrylic / Plastic reel""",0
R-150032,CS Reels / Cores for 3M Unitek,0
R-150033,ID Poly core 1 x .20 x 3 IN,21
R-150034,Poly core 2.50 X .20 X  3 ID,21
R-150035,Poly Cores 8.0x.135x 6.IN  I.D.,14
R-150036,"4.0 x .200"" x 3"" ID Plastic""",21
R-150037,"""INACTIVE"" 60 x .20"" x 3"" ID Poly core""",35
R-150038,"""INACTIVE"" 60 x .10"" x 3"" ID Poly core""",0
R-150039,"""INACTIVE"" Cores for 3M Unitek",0
R-150040,"5.0 x .200"" x 3"" ID Plastic""",21
R-150041,"3.75 x .20 x 3"" ID Plastic""",21
R-160001,"""INACTIVE"" 2.3 X .002 Poly bag""",0
R-160002,"""INCTIVE"" 2.75 X 3.875 Foil Pouch""",0
R-160003,"""INACTIVE"" 5.875 X 6.5"" Foil Pouch""",0
R-160004,"""INACTIVE"" 3 x 5"" Polybag (Roll)""",2
R-160005,"2 mil Reclosable Poly bag - 4"" × 4"" #S-1693",2
R-160006,"""INACTIVE"" HerbaPharm pouches",0
R-160007,"""PURGE"" .004 Poly Bag w/perf 4"" × 6""",35
R-160008,"4 x 20"" 4 mil Poly Bag""",2
R-160009,"4 x 24"" 4 mil poly bag""",2
R-160010,"5x3""x15""  3 mil poly bag""",3
R-160011,"""INACTIVE"" 5 x 5""  4 mil Poly bag-ziploc""",0
R-160012,"10"" × 12"" 2 Mil Zip Poly bag -  #S-1701",2
R-160013,4 mil Poly Bag 14 X 20 IN,3
R-160014,"""INACTIVE"" 11 x 24"" 2 mil poly bag""",35
R-160015,"""INACTIVE"" 3 x 4"" Poly Bag Zipper pouch""",35
R-160016,"""INACTIVE"" 3.75 x 6.5""  Foil Pouch""",35
R-160017,"""INACTIVE"" 7 x 8"" 3 pt. Header Bag""",0
R-160018,"""INACTIVE"" 4 x 5"" Paper/foil Pouch""",0
R-160019,"""INACTIVE"" 5 x 8"" Paper/Foil Pouch""",35
R-160020,"""INACTIVE"" CS "" Chevron Pouch"" 8 x 12",0
R-160021,"""INACTIVE"" 5 x 3"" x 8"" 3 mil poly bag""",0
R-160022,"""INACTIVE"" 4 X 6.375"" barrier bag""",0
R-160023,"""INACTIVE"" 5 x 8"" 4 mil Poly bag-ziplock""",35
R-160024,"""INACTIVE"" Foil Pouch w/ tear 4"" × 6.75""",35
R-160025,"6"" x 8 "" 2 mil ZipLock Bag",3
R-160026,"""INACTIVE"" 3 x 3"" 2 mil Poly Bag""",0
R-160027,"""INACTIVE"" 2 mil non-zip Poly Bag - 4"" × 5""",0
R-160028,"3"" × 3"" 2 Mil Poly bag-Ziplock - #S-1692",2
R-160029,"4"" x 6"" 2 mil Ziplock Bag -  #S-1294",3
R-160030,"""INACTIVE"" White Foil Pouch 5"" × 7.75""",35
R-160031,"10"" × 12"" 2 mil Poly Bag",2
R-160032,"4"" × 6"" 4 mil Zip Poly bag",2
R-160033,"""INACTIVE"" 3.5 x 6"" Paper-Poly-Foil-Poly""",35
R-160034,"""INACTIVE"" 20 X 20"" 3.5 mil foil / poly""",35
R-160035,"""INACTIVE"" Pouch - Conductive Tech.",0
R-160036,"""INACTIVE"" 3 x 5"" 4 Mil Poly bag-ziplock""",35
R-160037,"""INACTIVE"" FOIL POUCH - 3.75"" × 6.5""",35
R-160038,"4"" x 5"" 2 Mil Poly Ziplock Bag - #S-3460",2
R-160039,"""INACTIVE"" White S & N  Foil 5"" × 7.69""",35
R-160040,"""INACTIVE"" 3.25 x 6.8125"" pouch""",35
R-160041,"""INACTIVE"" 2.875 x 4.8125"" pouch""",35
R-160042,"""INACTIVE"" 4.875 x 9.375"" Foil Pouch -""",35
R-160043,"""INACTIVE"" 2.875 x 4.1875"" Foil Pouch""",35
R-160044,"""INACTIVE"" Foil Pouch - 5.027"" × 9.375""",35
R-160045,**PURGE**Paper/Foil RevG 2.25 X 2.375 IN,35
R-160046,"""INACTIVE"" 5 x 12"" 4 mil Ziplock Bag""",2
R-160047,"10"" x 13"" 4 mil Ziplock Bag",2
R-160048,"""INACTIVE"" Delta Hang Tag",2
R-160049,"13"" x 15"" 4 mil Ziplock Bag  S-3124",3
R-160050,"""INACTIVE"" 3 x 4"" 2 mil Poly Bag""",2
R-160051,"3 x 4"" 4 mil Poly Bag S-1582""",2
R-160052,"""INACTIVE"" 13 x 18"" 4 mil Ziplock S-1715""",2
R-160053,"5.375 x 12"" Tamper w/Hang Tag""",35
R-160054,"""INACTIVE"" QKR Quicker Clip Strip",35
R-160055,"""INACTIVE"" Large Poly Bag # ???",35
R-160056,"8"" x 10"" 2 mil Poly Ziplock - #S-1700",3
R-160057,"""INACTIVE"" 3 x 4"" Metalized polyester""",35
R-160058,"Clear Pouch PM-320AS 5"" × 7.75""",35
R-160059,"""INACTIVE"" SP Clear Pouch 5.027"" × 9.375""",35
R-160060,"""INACTIVE"" 3 x 5.75"" 1.5 mil bag""",35
R-160061,"""INACTIVE"" 3.5 x 6"" OD Chevron Style""",35
R-160062,"""INACTIVE"" 3 x 5.55"" OD Chevron Style""",35
R-160063,"""INACTIVE"" 4 x 5"" 2 mil bag on a roll""",2
R-160064,"""INACTIVE"" 7 x 5"" 2 mil Poly ziplock"" #S-6932",2
R-160065,"""INACTIVE"" 5 x 7"" 4 mil Poly ziplock""",2
R-160066,"""INACTIVE"" 3M Estee Lauder Ziplock bag",35
R-160067,"""INACTIVE"" 4 x 5"" 2 mil bag on a roll""",35
R-160068,"""INACTIVE"" 5 x 28"" 4 mil poly bag  S3143""",2
R-160069,"""INACTIVE"" Chevron Style - 3.25""  × 6"" OD",35
R-160070,"""INACTIVE"" Chevron Style - 3.25"" × 6"" OD",35
R-160071,"8"" × 8"" 2 mil Ziplock Bag",3
R-160072,"6"" x 6"" 2mil ZiplockBag S-1697",3
R-160073,"""INACTIVE"" 4 x 6"" 2 mil bag on a roll""",2
R-160074,2 mil Poly Bag 8X9 IN,2
R-160075,2 mil Poly Bag 20 x 24 IN  S-1454,3
R-160076,"""INACTIVE"" 3.92 x 6.13"" OD #192.5 Pouch""",35
R-160077,"""INACTIVE"" 4 x 6.125"" OD #192.7 Pouch""",35
R-160078,"""INACTIVE"" 4 x 9"" 1073B Chevron Pouch""",96
R-160079,"""INACTIVE"" 6 x 10"" 1073B Chevron Pouch""",96
R-160080,"3 x 4"" 2 mil Ziplock S-1292""",3
R-160081,"""INACTIVE"" 8x4""x15"" 3mil Gusseted Poly""",2
R-160082,"""INACTIVE"" 4x6""x15"" 3mil Gusseted Poly""",2
R-160083,"""INACTIVE"" F-239004 Vasamed Pouch",0
R-160084,"""INACTIVE"" 6 x 7.75"" #15 Steriking Pouch""",35
R-160085,"""INACTIVE"" 4 x 6"" #25 Steriking Pouch""",35
R-160086,"2 x 5"" 2mil Poly Bag""",2
R-160087,"""INACTIVE"" 6 x 10.5"" #6 Steriking Pouch""",35
R-160088,"3.5 x 8.0"" SS1 Pouch""",35
R-160089,"5.0 x 10.5"" SS1 Pouch""",35
R-160090,"""INACTIVE"" 8 x 10"" Dri-Shield foil pouch""",2
R-160091,"""INACTIVE"" 10 x 12"" Dri-Shield foil pouc""",2
R-160092,"""INACTIVE"" 8 x 5"" 2 mil poly bag  S-1709""",2
R-160093,"""INACTIVE"" 6 x 6"" 2mil Bag S-951""",2
R-160094,"4 x 6"" PPFP Pouch - unprinted""",35
R-160095,"4 x 7"" 2mil poly bag  S-2380""",1
R-160096,"5 x 10"" Padded mailer  S-1281""",2
R-160097,"""INACTIVE"" Ziplock pouch/Cosmetic 3"" × 3""",0
R-160098,"""INACTIVE"" 5 x 7"" 2mil poly bag Tamper E""",2
R-160099,"2 x 2"" 2 mil zip bag  S-1690""",2
R-160100,"3"" × 3"" 4 Mil Poly Ziplock Bag -  #S-2610",3
R-160101,"**INACTIVE**11 x 12.5"" + 1.25"" TT x .006""",35
R-160102,"""INACTIVE"" 12 x 12"" 6 Mil Poly-Ziplock""",2
R-160103,"10"" x 12"" 6 Mil Poly-Ziplock S-1666",2
R-160104,"Foil/Poly Pouch - 5"" × 6""",35
R-160105,"""INACTIVE"" 13 x 18"" 6 mil Ziplock""",2
R-160106,"""INACTIVE"" CS Hollywood clear vinyl pouch",0
R-160107,"6"" x 8"" 2 mil Poly Ziplock S-1698",2
R-160108,"7"" x 10"" 1mil Poly Bag -  #S-3640",2
R-160109,"4"" x 8"" 2 mil Poly Ziplock Bag",2
R-160110,"1mil Gusset Poly Bag - 4"" × 2"" × 10"" #S-11070",2
R-160111,"11.375x3.50"" OD Chevron Pouch""",35
R-160112,"1.5 mil bag on a roll 4"" × 8""",35
R-160113,"3.0 x 6.50"" OD Chevron Pouch""",35
R-160114,"2"" x 3"" 2 mil Poly Ziplock Bag - #S-1291",2
R-160115,"12 x 12"" 2 mil Poly bag""",2
R-160116,"10"" x 18""  2 mil Poly Bag - #S-1341",2
R-160117,"12"" x 14"" 2 mil Poly Bag",2
R-160118,"""INACTIVE"" 14 x 16"" 1mil Poly Bag""",0
R-160119,"""INACTIVE"" OD Foil Pouch Rev A 2.0"" × 3.14""",35
R-160120,"""INACTIVE"" 8 x 10.5"" #7 Paper/Poly chevr""",35
R-160121,"**INACTIVE**8 x 10.5"" #7 Steriking Pouch""",35
R-160122,"""INACTIVE"" 15 x 18"" 2 mil Poly bagS-1735""",2
R-160123,"12"" x 16"" 2 mil Poly Bag",2
R-160124,44 x 48 1Mil Polybag (S-10922),1
R-16093,"6"" x 6"" 2mil Poly Bag - #S-951",2
R-170001,"""INACTIVE"" 20.51 x 15.22"" Black Tray""",35
R-170002,"""INACTIVE"" 10.2 X 4.1 X 4 TQE Box Trays",0
R-170003,150# Corrugated Pads 10 x 10 IN #S-2438,2
R-170004,"""INACTIVE"" 20.50 X 15.25 Inserts",35
R-170005,"""INACTIVE"" 4 X 4 X 4 White chipboard box",0
R-170006,"""INACTIVE"" White Chipbaord Box 7 X 2 X 4",63
R-170007,"""INACTIVE"" 8.25 X 4.25 X 4 Boxes",0
R-170008,"""INACTIVE"" CS-47 - 11.125"" × 8.625"" × 4""",0
R-170009,"""INACTIVE""  Box 13"" × 7.87"" × 9.125""",35
R-170010,BOX 17.25 X 11.25 X 6 #S-4173,1
R-170011,20 X 10 X 10 Box #S-4458,3
R-170012,Box 21.25 X 10 X 13.5,7
R-170013,"""INACTIVE"" 8.5 X 8.5 X 5 Box CS-150",35
R-170014,"Box - 20.75"" × 15.5"" × 6.625""",7
R-170015,"""PURGE"" Box - 4.5"" × 6.5"" × 3.5""",35
R-170016,"White CTN - 9.5"" × 7.5"" × 6.5""",42
R-170017,"""INACTIVE"" 20 x 16"" x 14.5"" Shipper Box""",35
R-170018,"""INACTIVE"" 8.5 x 5.25"" x 4.25"" Primary""",0
R-170019,**DO NOT USE THIS**!!!Shipper TBD,0
R-170020,"""INACTIVE"" 8.5 x 5.25"" x 4.25""""",0
R-170021,"20.75 x 14.25"" cardboard pad""",21
R-170022,"18"" x 18"" x 18"" Box #S-4185",1
R-170023,"""INACTIVE"" Ionto Box 7.875"" × 1.625"" × 5""",35
R-170024,"""INACTIVE"" 25.96 X 17.88"" Black Tray""",35
R-170025,"""INACTIVE"" 26.25 X 18.125"" X 6.625"" Box""",35
R-170026,"""INACTIVE"" 26.125 x 18"" Insert""",35
R-170028,"200# Corrugated BOX 12"" × 12"" × 12""",1
R-170029,"""INACTIVE"" 13 x 13"" x 13"" Shipper box""",2
R-170030,"""INACTIVE"" .3125 Bubble wrap  375' roll""",2
R-170031,"""INACTIVE"" 12 X 13"" Inserts with 1/2""""",35
R-170033,"**PURGE**Box 16"" × 13.75"" × 15.625""",7
R-170034,"""INACTIVE"" Drum - Small/Paper",35
R-170035,"""INACTIVE"" Drum - Blue Plastic",35
R-170036,"""INACTIVE""  Ionto Box 7.875"" × 1.625"" × 5""",35
R-170037,"""INACTIVE"" white 6"" × 4 1/2"" × 4 1/2""",35
R-170038,"""INACTIVE"" 10 x 4"" x 5"" white chipboard""",35
R-170039,"""INACTIVE"" INT'L Box 7.875"" × 1.625"" × 5""",35
R-170040,"""INACTIVE"" 9.438 x 1.625"" x 5"" Carton""",35
R-170041,"""INACTIVE"" 4 7/16 x 3 15/16 x 1 1/2   488",35
R-170042,"TX3421 - 3 15/16"" × 4 1/2"" × 3/4""",35
R-170043,"13 x 10"" x 5""  Box"" S-4854",1
R-170044,"Shipper Box 20"" × 16"" × 16"" S-4645",2
R-170045,"Shipper Box 14"" × 14"" × 9""",2
R-170046,"13 x 10"" x 8"" Shipper Box""",1
R-170047,"""INACTIVE"" 13 x 6"" x 6"" Shipper S-5862""",2
R-170048,"""INACTIVE"" 36 x 6"" x 6"" Shipper S-4367""",2
R-170049,"""INACTIVE"" Carton 9.438"" × 1.625"" × 5""",35
R-170050,"R587ML - 5.4375"" × 3.25"" × 1.25""",35
R-170051,20 X 10 X 5 Box,35
R-170052,"200#  20"" × 10"" × 6"" #-4640",1
R-170053,"**INACTIVE**20 x 10"" x 10"" Test box""",35
R-170054,"Box 20.75"" × 15.5"" × 6.625""",7
R-170055,"""INACTIVE"" IontoPatch 80 Amp 24 PK Box",35
R-170056,"""INACTIVE"" IontoPatch SP 6Pk Box D-0046",35
R-170057,"""INACTIVE"" 18x10""x10"" Shipper S-4496""",2
R-170058,"R332 - 3.375"" × 2.375"" ×.625""",35
R-170059,"""INACTIVE"" 16 x 14.25"" x 15.25 Box""",35
R-170060,"""INACTIVE"" IontoPatch SP 24 PK Box",35
R-170061,Box S-4345 8 X 8 X 5,3
R-170062,Shipper S-4857 17 x 17 x 12,2
R-170063,"16 x 16"" x 16"" Shipper S-4166""",2
R-170064,"""INACTIVE"" Estee Lauder WhiteLight EX CTN",0
R-170065,"12"" x 9"" x 5""  Shipper""  S-4487",1
R-170066,"""INACTIVE"" 8.938 x 15 x 5.813  shipper",35
R-170067,"Shipper S-4318 - 15"" x 15"" x 15""",2
R-170068,"""INACTIVE"" Brown Folding Ctn - 7"" × 7"" × 7""",2
R-170069,"""INACTIVE"" SP 6 Pack Primary Box D-0074",35
R-170070,"""INACTIVE"" 80 AMP 6 Pack Primary US",35
R-170071,"""INACTIVE"" Insert Pad - 8.5"" × 11""",2
R-170072,CS Primary-Hollywood F-11000,28
R-170073,"""INACTIVE"" 12 x 12 x 10 200# RSC",2
R-170074,"""INACTIVE"" 14x7""x7"" 200# RSC""",2
R-170075,"""INACTIVE"" 7 x7""x7"" Gloss White Gift Box""",2
R-170076,"""INACTIVE"" CS Hollywood Bunhead"" Primary""",0
R-170077,CS Hollywood Tins (50pk),28
R-170078,Box 20' x 14' x 18',1
R-170079,CS Tag Tamer Box 1002-01,28
R-170080,12 x 12 x 12 275# RSC Double #S-4712,3
R-170081,"""INACTIVE"" 48 Bubble wrap  250' roll""",2
R-170082,"""INACTIVE"" Vial, Flip-Top  M-3004-46",0
R-170083,"""INACTIVE"" SP 6 Pack Primary Box D-0074",35
R-170084,"""INACTIVE"" 80 AMP 6 Pack Primary US",35
R-170085,14 x 14 x 14 275# RSC Dbl Wall,2
R-170086,"""INACTIVE"" 12 x 12 x 12 275# RSC Double",2
R-170087,"""INACTIVE"" CS Primary-Hollywood English/Fren",0
R-170088,"""INACTIVE"" Travanit Phoenix/STAT 6-pk Box",35
R-170089,"""INACTIVE"" Travanit 80amp INT'L 6-pk Box",35
R-170090,"""INACTIVE""12 x 6"" x 6""  Box""",2
R-170091,"""INACTIVE"" 5.5 x 1.5"" HDPE Pad Plug""",0
R-170092,CS Generic Double Stick Tape box,28
R-170093,"""INACTIVE"" CS Primary-Hollywood-Red Carpet",0
R-170094,CS Primary-Hollywood-Tag Tamer,28
R-170095,"Shipper 20"" × 20"" × 8""",1
R-170096,"""INACTIVE"" Incline Pill Bottle Carton",35
R-170097,"24 x 16"" x 12"" Shipper""",2
R-170098,"""INACTIVE"" CS  White SBS carton 3 x 3 x 2",0
R-170099,"""INACTIVE"" Shipper Carton 12"" × 12"" × 3""",2
R-170100,"""INACTIVE"" 24 x 18"" x 16"" Shipper""",2
R-170101,"""INACTIVE"" 80 AMP 6 Pack Primary US",35
R-170102,"""INACTIVE"" SP 6 Pack Primary Box D-0074",35
R-170103,"""INACTIVE"" CS White SBS carton 5 x 4 x 18",0
R-170104,"""INACTIVE"" CS Primary-Hollywood-Glamour Gown",0
R-170105,"""INACTIVE"" CS Primary-Hollywood-Wedding Appa",0
R-170106,"**INACTIVE**10 x 6"" x 6"" Shipper   S-4102""",2
R-170107,Trivarion carton - printed,35
R-170108,"""INACTIVE"" 27 x 14"" x 9"" Shipper""",2
R-170109,"""INACTIVE"" STAT 6 Pack Primary",35
R-170110,"""INACTIVE"" 24 x 18"" x 12"" Double Wall""",2
R-170111,"24 x 18"" Corrugated Pads""",2
R-170112,CS BTS - Box reg ( 12 shields ),28
R-170113,"""INACTIVE"" Travanit 80amp INT'L 6-pk Box",35
R-170114,"""INACTIVE"" CS Primary-Hollywood Australian",0
R-170115,"""INACTIVE"" CS Blue Cap 0.276 Diameter""",0
R-170116,"""INACTIVE"" CS Blue Cap 0.375 Diameter""",0
R-170117,"Double Wall - 27"" × 14"" × 9.5""",35
R-170118,"""INACTIVE"" Box - 7"" × 3.625"" × 2.125""",2
R-170119,"""INACTIVE"" 3M Durapore Box WH95000060-1",0
R-170126,CS Dress Shield Sampler pack,28
R-170220,"""INACTIVE"" 3M Transpore Box WH95000050-2",0
R-170221,"""INACTIVE"" 3M Micropore Box WH95000010-6",0
R-170222,"""INACTIVE"" 22 X 18"" X 6"" Box""",2
R-170223,**INACTIVE**12 x 12 x 8 200# RSC  S-4124,2
R-170224,CS HFT Sampler Pack 1001-02,28
R-170225,"**INACTIVE**Box, Plastic tray w/ lid",0
R-170226,"12 X 12"" X 6"" Box S-4122""",1
R-170227,"""INACTIVE"" CS Primary-FT Flat Pak 12CT",21
R-170228,CS Primary-FT Flat Pak 36CT,21
R-170229,CS HFT Disposable Display,21
R-170230,"""INACTIVE"" CS Tray, HIPS for F-5300",0
R-170231,"""INACTIVE"" CS Carton, printed for F-5300",0
R-170232,CS RCA 18ct Display,21
R-170233,CS RCA flat pack carton,21
R-170234,"12 x 12"" Chipboard Pad""",2
R-170235,BOX 12 x 12 x 6 275# RSC  S-4770,1
R-170236,CS RCA Flat Pak French,21
R-170237,CS BTS Flat - 10(dress shields),21
R-170238,"""INACTIVE"" CS BTS-Flat French",21
R-170239,"12 x 12"" 150# Corrugated Pad""",2
R-170240,"""INACTIVE"" CS Hollywood BCBG"" Primary-36 ct""",0
R-170241,"""INACTIVE"" 5/8 x 1"" x 4.5 RECT tube""",35
R-170242,"""INACTIVE"" 5/8 RECT plug closure colored""",35
R-170243,"**INACTIVE**1/2 x 4.5 RD tube""",35
R-170244,"""INACTIVE"" 1/2 RD plug closure colored",35
R-170245,"24"" X 14"" X 18"" Box S-4655""",1
R-170246,"""INACTIVE"" CS Tubes for VWR",35
R-180001,Blue 294 FMAP0294-47,14
R-180002,Blue 306,14
R-180003,"""INACTIVE"" Blue-SSUFR Iomed",14
R-180004,"""INACTIVE"" Blue-SSUFR 80% Iomed",14
R-180005,"""INACTIVE"" Blue - Reflex (Mixing)",14
R-180006,"""INACTIVE"" Blue-FMUFR Pantone",14
R-180007,"""INACTIVE"" Blue - Process",14
R-180008,"""INACTIVE"" Blue-400011 FR3145",14
R-180009,"""INACTIVE"" Blue-Hydrofilm 4000 PMS-2718",14
R-180010,"""INACTIVE"" Blue-FM UFR 289",14
R-180011,"""INACTIVE"" Green-SS 347 (HMFP0347)",14
R-180012,"""INACTIVE"" Green - Pantone 342 HMFP0342",0
R-180013,"""INACTIVE"" Green 348   4000 series",14
R-180014,"""INACTIVE"" Green-4000 11 FR 348",0
R-180015,"""INACTIVE"" Green-FM FR 574",14
R-180016,"""INACTIVE"" Green-FM 4000 11 UFR",0
R-180017,"""INACTIVE"" Green-3268 Strong",0
R-180018,"""INACTIVE"" Green-SS FM 361 Strong",0
R-180019,"""INACTIVE"" Yellow-Strong",0
R-180020,"""INACTIVE"" Yellow-Pantone 108",14
R-180021,"""INACTIVE"" Yellow-SSY-1",0
R-180022,"""INACTIVE"" Yellow-4000 11 Foam",0
R-180023,"""INACTIVE"" Yellow - SSA BW6 Strong",14
R-180024,"""INACTIVE"" Yellow-SS 102",0
R-180025,"""INACTIVE"" Orange-SS 151",0
R-180026,"""INACTIVE"" Orange-SS 4000",0
R-180027,"""INACTIVE"" Orange-151 Strong",0
R-180028,"""INACTIVE"" Orange-FM FR 4000 11 135",0
R-180029,"""INACTIVE"" Maroon-690",14
R-180030,"""INACTIVE"" Red-SS 200",0
R-180031,Red-FM 4000 11 PMS-485,14
R-180032,"""INACTIVE"" Red - HMF 4000 BW4",14
R-180033,"""INACTIVE"" Red-Oppenheimer",0
R-180034,"""INACTIVE"" Red-PXFR Special 179",0
R-180035,"""INACTIVE"" Red-FM 185",14
R-180036,"""INACTIVE"" Purple-SS",0
R-180037,"""INACTIVE"" Purple-PXNP Special 512",0
R-180038,Opaque White FMA BW8 Ink,14
R-180039,"""INACTIVE"" White - PH (Mixing)",14
R-180040,Grey FM-UFR PANTONE 423,14
R-180041,Black - FM Dense (Mixing),14
R-180042,Black-HMF 81102-471,14
R-180043,Brown-Fm FR 470,14
R-180044,"""INACTIVE"" Tan-SS 550 Line 9183",0
R-180045,"""INACTIVE"" Matte Writable Coating",14
R-180046,Thermal Additive SS x 1680,0
R-180047,"""INACTIVE"" Silicone - WXA00100",0
R-180048,"""INACTIVE"" Release Additive",0
R-180049,"""INACTIVE"" Slip Additive - Silicone",0
R-180050,"""INACTIVE"" OP Vinyl Primer",14
R-180051,"""INACTIVE"" Stabilizing Varnish",0
R-180052,Writable coating,14
R-180053,"""INACTIVE"" Ammonia",0
R-180054,"""INACTIVE"" Propylene Glycol",0
R-180055,"""INACTIVE"" N Propyl Acetate",0
R-180056,"""INACTIVE"" Formula 31 Cleaner",14
R-180057,"""INACTIVE"" Orange-FM FR Strong isi",0
R-180058,"""INACTIVE"" Blue-FM UFR 298",0
R-180059,"""INACTIVE"" Blue 5483",14
R-180060,"""INACTIVE"" Blue 534",14
R-180061,"""INACTIVE"" INKJET BLUE  PMS 283C",14
R-180062,"""INACTIVE"" EXTENDER (HMF00061)",14
R-180063,"""INACTIVE"" Conformal Coating",35
R-180064,"""INACTIVE"" 734 RTV Sealant - clear",35
R-180065,"""INACTIVE"" Isopropanol - 70%",35
R-180066,Blue - Pantone #283,14
R-180067,"""INACTIVE"" EZ Test Vials",0
R-180068,"""INACTIVE"" Suncoat Primer",35
R-180069,"""INACTIVE"" Echinacea Herb",0
R-180070,"""INACTIVE"" Ginkgo Biloba Herb",0
R-180071,"""INACTIVE "" St. John's Wart Herb",0
R-180072,"""INACTIVE "" GluChron Herb",0
R-180073,"""INACTIVE "" RED 032     400011fr",14
R-180074,"""INACTIVE "" Silver Ink  SS24840",0
R-180075,"""INACTIVE"" DF-H Defoamer",14
R-180076,"""INACTIVE "" Purple-Pantone #2755",14
R-180077,"""INACTIVE "" Purple # 261",0
R-180078,"""INACTIVE"" Beige # 454",0
R-180079,"""INACTIVE "" 1250 blue ink - Biolectron pou",35
R-180080,"""INACTIVE"" Yellow - Pantone (Mixing)",14
R-180081,Saline Vials - Full Normal,35
R-180082,"""INACTIVE"" Blue - 3025 (special)",14
R-180083,"""INACTIVE"" Blue - Pantone 3025",14
R-180084,"""INACTIVE"" Yellow - Pantone 156",14
R-180085,"""INACTIVE"" Green - Pantone (Mixing)",14
R-180086,"""INACTIVE"" Blue 2728  4000 series",14
R-180087,"""INACTIVE"" Green  355   4000 series",14
R-180088,"""INACTIVE"" Grey  - Cool Grey 1",14
R-180089,"""INACTIVE"" Yellow - Pantone #109",14
R-180090,"""INACTIVE"" Blue - Special Strong 322,",14
R-180091,"""INACTIVE"" Grey - T4",14
R-180092,"""INACTIVE"" Violet - Pantone (Mixing)",14
R-180093,"""INACTIVE"" Rhodamine Red (Mixing)",14
R-180094,"""INACTIVE"" Lithol Rubine",14
R-180095,"""INACTIVE"" Red - Warm (Mixing)",14
R-180096,"""INACTIVE"" Yellow - Special 109,",14
R-180097,"""INACTIVE"" 2755 ANILOX 550 STRONG PURPLE",14
R-180098,"""INACTIVE"" Grey - HMF BW8 SPECIAL GREY",14
R-180099,"""INACTIVE"" Blue - Special 322 Blue",14
R-180100,"""INACTIVE"" Blue - Special 3025 Blue",14
R-180102,"""INACTIVE"" Pliotex Overprint Varnish -",35
R-180103,"""INACTIVE"" Yellow - Special 109, solvent",35
R-180104,"""INACTIVE"" Blue - Special Strong 322,",35
R-180105,"""INACTIVE"" White - Flexomax,",35
R-180106,Silver Ink - 877,14
R-180108,"""INACTIVE"" Phospherescent glow ink",35
R-180109,"""INACTIVE"" Blue - Pantone #281",14
R-180110,"""INACTIVE"" NMP Solvent",35
R-180111,"""INACTIVE"" Yellow - Process",14
R-180112,"""INACTIVE"" Magenta - Process HMF30080",14
R-180113,"""INACTIVE"" Cyan - Process",14
R-180114,"""INACTIVE"" Black - PROCESS HMF80080-471",14
R-180115,"""INACTIVE"" Yellow - Process (Strong)",14
R-180116,"""INACTIVE"" Magenta - Process (Strong)",14
R-180117,"""INACTIVE"" Blue (Cyan) - Process (Strong)",14
R-180118,"""INACTIVE""Black - Process (Strong)",14
R-180119,"""INACTIVE"" Orange - Pantone 136",0
R-180120,"""INACTIVE"" Red - Pantone 032",0
R-180121,"""INACTIVE"" Blue - Pantone 293",0
R-180122,Grey  - Warm grey # 6,14
R-180123,"""INACTIVE"" Red -  PMS 186",14
R-180124,Purple - PMS 253,14
R-180125,"""INACTIVE"" Tan - (Fabric tape) HMF71073",14
R-180126,"""INACTIVE"" Blue - PMS 285",14
R-180127,"""INACTIVE"" Blue - Pantone 072",14
R-180128,"""INACTIVE"" Blue - Pantone 072 - STRONG",14
R-180129,"""INACTIVE"" Green - Pantone 342",0
R-180130,"""INACTIVE"" Green - Pantone 3275",14
R-180131,"""INACTIVE"" Phospherescent glow ink",35
R-180132,"""INACTIVE"" Blue - Pantone 287",14
R-180133,"""INACTIVE"" Blue - Pantone 284",14
R-180134,"""INACTIVE"" Yellow - Pantone 116",14
R-180135,"""INACTIVE"" Blue - Process",14
R-180136,"""INACTIVE"" Brown - Pantone 188",14
R-180137,"""INACTIVE"" Maroon HMF 4000 PMS 209",14
R-180138,"""INACTIVE"" Maroon HMF 4000 PMS 209",14
R-180139,"""INACTIVE"" Yellow HMF 4000 PMS 131",14
R-180140,"""INACTIVE"" Purple HMF 4000 PMS 261",14
R-180141,"""INACTIVE"" Orange HMF 4000 PMS 158",14
R-180142,"""INACTIVE"" Orchard Fragrance Ink",35
R-180143,"""INACTIVE"" Red -  PMS 201",14
R-180144,"""INACTIVE"" Orange 473U - HMF BW6",14
R-180145,"""INACTIVE"" Orange-Hydrofilm 4000 PMS-130",14
R-180146,"""INACTIVE""Blue - PMS 307",14
R-180147,"""INACTIVE"" Blue - HKF 3000 BW8 639 Blue",14
R-180148,"""INACTIVE"" OP VINYL PRIMER (WATER BASED)",14
R-180149,"""INACTIVE"" Red - PMS 217",14
R-180150,"""INACTIVE"" Orange 804 AGB BW1",14
R-180151,"""INACTIVE"" Plain 1/2 EO Chem Indicator""",35
R-180152,"""INACTIVE"" CS T-45 Iodine Beads-Cust Supply",0
R-180153,"""INACTIVE"" Orange 804 AGB STRONG AGBP2804",14
R-180154,"""INACTIVE"" Yellow 116U Super Strong BW5",14
R-180155,"""INACTIVE"" Red 1795 U Super Strong",14
R-180156,"""INACTIVE"" Blue 307U Super Strong",14
R-180157,"""INACTIVE"" Black Dense Super Strong",14
R-180158,"""INACTIVE"" Purple 222U FMA FMAP0222",14
R-180159,"""INACTIVE"" Gray 404U  FMA",14
R-180160,"""INACTIVE"" Brown 464U Super Strong",14
R-180161,"""INACTIVE"" Grey - Warm #10",14
R-180162,"""INACTIVE"" Brown - 726U Light Flesh",14
R-180163,"""INACTIVE"" Brown- 729U  Dark Flesh",14
R-180164,"""INACTIVE"" Yellow-Special HMC BW6",14
R-180165,"""INACTIVE"" Blue - Special HMC BW8",14
R-180166,"""INACTIVE"" Pink-Special Red HMF BW3",14
R-180167,"""INACTIVE"" CS T-40 Iodine Beads-Cust Supply",0
R-180168,"""INACTIVE"" FDA BARR VARN ANITSTAT 7#",14
R-180169,"""INACTIVE"" Orange - Special HMF BW5",14
R-180170,"""INACTIVE"" Grey - PMS 429",14
R-180171,"""INACTIVE"" Pink - PMS 217",14
R-180172,"""INACTIVE"" Blue-Pantone 2935, HMFP2935",14
R-180173,"""INACTIVE"" Brown-Pantone 117, HMFP0117",14
R-180174,"""INACTIVE"" Brown-Pantone 145, HMFP0145",14
R-180175,"""INACTIVE"" Red-Pantone 484, HMFP0484",14
R-180176,"""INACTIVE"" Green-Pantone 561, HMFP0561",14
R-180177,"""INACTIVE"" Brown-Pantone 174, HMFP0174",14
R-180178,"""INACTIVE"" Brown-Pantone 471, HMFP0471",14
R-180179,"""INACTIVE"" Green-Pantone 360u, HMSP0360",14
R-180180,"""INACTIVE"" Loc-Tite 4011, Medical",35
R-180181,"""INACTIVE"" Vial - 0.2 ml Twist Top(1022A)",0
R-180182,"""INACTIVE"" Orange-Hydrofilm 4000 PMS-165",14
R-180183,"""INACTIVE"" Bronze-Hydrofilm 4000 PMS-872",14
R-180184,"""INACTIVE"" Green-Hydrofilm 4000 PMS-355",14
R-180185,"""INACTIVE"" Blue - Pantone 2915",14
R-180186,"""INACTIVE"" Blue - Pantone 2945",14
R-180187,"""INACTIVE"" Blue - Pantone 2925",14
R-180188,"""INACTIVE"" Surfactant, For Coating Membra",35
R-180189,"""INACTIVE"" Green Dye, Food Grade #7710",35
R-180190,"""INACTIVE"" Pink-Hydrofilm 4000 PMS-687",14
R-180191,"""INACTIVE"" Blue-Hydrofilm 4000 PMS-541",14
R-180192,Blue-Hydrofilm 4000 PMS-544,14
R-180193,"""INACTIVE"" Brown-Hydrofilm 4000 PMS-132",14
R-180194,Purple HMF 4000 PMS 273,14
R-180195,"""INACTIVE"" Purple HMC 4000 PMS 266",14
R-180196,pH Adjuster - HMF00062,14
R-180197,Extender - WMJ00061,14
R-180198,"""INACTIVE"" Defoamer - AC2714",14
R-180199,"""INACTIVE"" Formula 189 Cleaner CLW01003",14
R-180200,"""INACTIVE"" Black HMC80080-473",14
R-180201,"""INACTIVE"" Purple - PMS 2587",14
R-180202,"""INACTIVE"" Red - PMS 1895",14
R-180203,"""INACTIVE"" Blue - PMS 277",14
R-180204,"""INACTIVE"" Green - PMS 8281 c",14
R-180205,"""INACTIVE"" Purple - PMS 2567 c",14
R-180206,"""INACTIVE"" Brown - PMS 4685",14
R-180207,LASER-AID 24PR & 5 PR DIRECTIONS,35
R-180208,"10.25"" DM8669 25# COLD SEAL PAPER",35
R-20001,"1.625 9781 Foam Medical Tape""",35
R-20002,"""PURGE"" 9781 Foam medical Tape 6.625 IN",35
R-20002D,"""INACTIVE"" 6.625 9781 Foam medical Tape""",35
R-20003,"""INACTIVE"" 9777L Foam Medical Tape - 3.688""",0
R-20004,"""INACTIVE"" 6.625 9777L Foam Medical Tape""",35
R-20005,"""INACTIVE"" 1.375 RX232V-42 1/32"" Foam""",35
R-20006,"""INACTIVE"" 1 x 3.78"" x 3.78"" foam pads""",0
R-20007,"""INACTIVE"" 2 FIT-16-FO  Faom""",0
R-20008,"""INACTIVE"" 1773 PE Foam - 2.28125""",0
R-20009,"""INACTIVE"" 4 1/32"" White PE Foam""",35
R-20010,"""INACTIVE"" 2 1/32 PE Foam""",35
R-20011,"""INACTIVE"" 11 1/32 White PE Foam""",35
R-20012,"""INACTIVE"" .5 1/16th"" foam w/ V98""",35
R-20013,"""INACTIVE"" .5 1/16th Double Sided Foam""",0
R-20014,"""INACTIVE"" 4.5 1/32"" White PE Foam""",35
R-20015,"""INACTIVE"" 3.75 1773 3M Medical Foam""",35
R-20016,"9781 Foam Medical Tape - 4.25""",35
R-20017,"""INACTIVE"" 8.75 9781 Foam medical Tape""",35
R-20018,"""INACTIVE"" 3 1773 3M Medical Foam""",35
R-20019,"""INACTIVE"" 1.375 4016 3M DBL Foam""",35
R-20020,"""INACTIVE"" 3M 1773 Medical Foam 4""",0
R-20021,"6.844"" 3M 1773 Medical Foam",35
R-20022,"""INACTIVE"" .75 Foam Tape (Black)""",35
R-20023,"""INACTIVE"" 1.5 1/32nd Scapa PE Foam""",35
R-20024,"""INACTIVE"" 7.5 MED5620 Avery PVC Foam""",56
R-20025,"""INACTIVE"" 2.4375 1773 3M Medical Foam""",35
R-20026,"""INACTIVE"" MED5620 Avery PVC Foam - 10""",56
R-20027,"9781 Foam medical Tape - 6""",35
R-20028,"2.125"" TM-9409 1/8"" Foam",35
R-20029,2132 DS Foam Avery 1.25 IN,35
R-20030,"""INACTIVE"" 1773 3M Medical Foam 2.515625""",0
R-20031,"""INACTIVE"" 2.75 9781 3M Medical Foam""",35
R-20032,"""INACTIVE"" 1.25 9781 3M Medical Foam""",35
R-20033,"""INACTIVE"" MED5620 Avery Foam - 6""",56
R-20034,"""INACTIVE"" 12 9781 Foam Medical Tape""",35
R-20035,"""INACTIVE"" 4.5 MED5634 .125"" PE Foam""",56
R-20036,"2.625 9781 Foam medical Tape""",35
R-20037,"""INACTIVE"" CS 5634 Avery 1/8"" Foam 1.5 IN",35
R-20038,"2.25"" 1773 3M Medical Foam",35
R-20038D,"""INACTIVE"" 2.25 3M 1773 Foam""",35
R-20039,"9781 Foam medical Tape 7""",35
R-20040,9781 Foam medical Tape 7.5 IN,35
R-20040A,**INACTIVE**9781 Foam medical Tape 7.75 IN,35
R-20041,"""INACTIVE"" 48 9781 Foam medical Tape""",35
R-20042,"""INACTIVE"" 54 5634 Avery 1/8"" Foam""",35
R-20043,"""INACTIVE"" MED5620 Avery PVC Foam 9.5""",56
R-20044,9781 Foam medical Tape 5 IN,35
R-20045,"""INACTIVE"" 6 1772 3M Foam Tape""",35
R-20046,"""INACTIVE"" 1772 3M White Foam Tape - 2.5""",0
R-20047,"""INACTIVE"" 2.75 5621 Tan Foam (Avery)""",56
R-20048,"""INACTIVE"" 2.25 5621 Tan Foam (Avery)""",56
R-20049,"""INACTIVE"" 3 9781 3M Med Foam Tape""",35
R-20050,"8.0 9700 Cotran""",35
R-20051,"""INACTIVE"" 2.75 9785 Tan PVC Foam""",35
R-20052,"""INACTIVE"" 4.5 9785 Tan PVC Foam""",35
R-20053,"""INACTIVE"" 3.0 9785 Tan PVC Foam""",35
R-20054,"""INACTIVE"" 2.75 1774W 3M Medical Foam""",35
R-20055,"""INACTIVE"" 2.0 1774W 3M Medical Foam""",35
R-20056,"""INACTIVE""  1774W 3M Medical Foam 3.0""",0
R-20057,"3.0"" 1/8"" PE Foam w/ adh Dermaflex PEF08 White H520 w/50k-8",21
R-20058,"""INACTIVE"" 0.75 9781 Foam medical Tape""",35
R-20059,"9781 Foam medical Tape - 4.0""",35
R-20060,"5.50 3M 1773 Medical Foam""",35
R-20061,"""INACTIVE"" 2.625 1772 3M White Foam Tape""",35
R-20062,"1773 3M Medical Foam 0.625""",35
R-20063,"6.444 1/16"" DC PE Foam w/1.6""",35
R-20064,3M 1773 Medical Foam 4.5 IN,45
R-20065,"1772 3M White Foam Tape 3.125""",35
R-20066,"""INACTIVE"" 9781 Foam medical Tape - 4.50""",35
R-20067,"**INACTIVE**2.00 9781 Foam medical Tape""",35
R-20068,"3.75"" 1/8"" PE Foam w/ adh Dermaflex PEF08 White H520 w 50k-8",35
R-20069,"DM-5082 7.625"" 1/16"" DC PE Foam w/1.6""/ 78# LNR",126
R-20070,"DM-5082 5.0"" 1/16"" DC PE Foam w/1.6"" / 78# LNR",35
R-20071,"9.0"" MED5634 .125"" PE Foam",56
R-20072,"""INACTIVE"" CS RX810p Foam medical Tape 5.0  IN",0
R-20073,"""INACTIVE"" 3.90 SC",0
R-20074,"""INACTIVE"" 2.125 Volara Type AR .25"" foa""",35
R-20075,"""INACTIVE"" 2.50 1774W 3M Medical Foam""",35
R-20076,Minicel foam skived sheet .030,35
R-20077,"""INACTIVE"" Minicel foam buns, 3"",R""",0
R-20078,"""INACTIVE"" 4.25 1774W 3M Medical Foam""",35
R-20079,"""INACTIVE"" MediSponge 50P 4 x4""""",35
R-20080,"""INACTIVE"" 1773 3M Medical Foam 2.50""",0
R-20081,"""INACTIVE"" 3.625 1772 3M White Foam Tape""",35
R-20082,"""INACTIVE"" 4.0 1774W 3M Medical Foam""",35
R-20083,"""INACTIVE"" 1.375 1774W 3M Medical Foam""",35
R-20084,**INACTIVE**3M 1774W FOAM 8.0 IN,35
R-30001,"""INACTIVE"" 1.5 1526 Plastic Medical Tape""",35
R-30002,"1526 Plastic Medical Tape 3""",35
R-30003,"""INACTIVE"" 4.5 1526 Plastic Medical Tape""",35
R-30004,"""INACTIVE"" 1526 Plastic Med. Tape 6.4375 IN",35
R-30005,"""INACTIVE"" 6.5 1526 Plastic Medical Tape""",35
R-30006,"""INACTIVE"" 1526 Plastic Med. Tape - 7.25""",0
R-30007,"""INACTIVE"" 8.25 1526 Plastic Med. Tape""",35
R-30008,"2"" 1530L Nonwoven Med. Tape",30
R-30010,"""INACTIVE"" .563 #1443 SuperArcoFlex""",0
R-30011,"""INACTIVE"" .594 #1442 SuperArcoFlex""",0
R-30012,"""INACTIVE"" .75 #1443 SuperArcoFlex""",0
R-30013,"""INACTIVE"" 3.75 Tap-240 White""",0
R-30014,"Dermaflex PE 350 Tape 1.0""",35
R-30015,"""INACTIVE"" 4 100 White""",0
R-30016,"""INACTIVE"" 1 PE 350 Clear Matte""",0
R-30017,"""INACTIVE"" 3.5 Dermaflex V800 White Tape""",0
R-30018,"""INACTIVE"" 3.5 Dermaflex dv800f Tape""",0
R-30019,"""INACTIVE"" 4.75 Neck Tape #790508""",0
R-30020,"""INACTIVE"" 6 eye tape #790508""",0
R-30021,"""INACTIVE"" 1.5 Scantape Tan""",0
R-30022,"""INACTIVE"" 1.5 Scantape White""",0
R-30023,"""INACTIVE"" 1.75 Tan Spunlace Tape""",35
R-30024,"""INACTIVE"" 2.5 RX699P Tan Spunlace""",0
R-30025,"3.5 NWP-240 Tan Spunlace Tape""",35
R-30026,"""INACTIVE"" 3.5 RX232V-42 Foam tape""",35
R-30027,"""INACTIVE"" 7.25 RX598PX Tan Tape""",0
R-30028,"""INACTIVE"" 3.25 5 mil Clear PET""",28
R-30029,#211 Clear PE Overlamin 1.375 IN,35
R-30030,"Double Sided Tape - 2.625"" Polyken 9256M",75
R-30031,"""INACTIVE"" 1526 Plastic Med Tape 3.1875""",0
R-30032,"""INACTIVE"" 9.8 788 Adhesive""",0
R-30033,"""INACTIVE"" 9.8 2655 Adhesive""",0
R-30034,"""INACTIVE"" 9.8 2424 Adhesive""",0
R-30035,"""INACTIVE"" 2.625 Flexmark pm200 Clear""",35
R-30036,"""INACTIVE"" 5.65625 1533L Tan Tape""",35
R-30037,"""INACTIVE"" 2.75 1533L Tan Tape""",35
R-30038,"""INACTIVE"" 3 NWP-240 White Poly H566""",0
R-30039,"""INACTIVE"" 3.5 NWP-240 White Poly H566""",35
R-30040,"""INACTIVE"" 10.25 1 mil Polyester overlam""",35
R-30041,"""INACTIVE"" 7.25 Tan Tape - Genetic Labs""",0
R-30042,"""INACTIVE"" 1526 Tape 3.75""",0
R-30043,"""INACTIVE"" 3.5 1526 Plastic Medical Tape""",35
R-30044,"""INACTIVE"" 4.5 Tricot Fabric Flesh Tone""",56
R-30045,"""INACTIVE"" 8.5 Tricot Fabric Flesh Tone""",56
R-30046,"""INACTIVE"" 4.5 3.5 mil Flesh Polyethylen""",0
R-30047,"""INACTIVE"" 8.5 3.5 mil Flesh Polyethylen""",0
R-30048,"""INACTIVE"" 3 3.5 mil Flesh Polyethylene""",35
R-30049,"""INACTIVE"" 2.75 NMP-240 White Poly Tape""",35
R-30050,"""INACTIVE"" 2.375 Tricot Flesh Fabric""",56
R-30051,"""INACTIVE"" 3.375 Tricot Flesh Fabric""",56
R-30052,"2.375 1523 Tape""",35
R-30053,"3.375"" 3M1523 Tape",35
R-30054,"1524 Transfer Adhesive .5""",35
R-30055,"2.375 1 mil PET w/ REP-4 adsv""",28
R-30056,"3.375 1 mil CLEAR PET/REP4/40#""",28
R-30057,"""INACTIVE"" 1 mil PET/REP4/40# LNR - 6.625""",28
R-30058,"""INACTIVE"" 2.625 3mil White TC245 V-95""",35
R-30059,"""INACTIVE"" .5625 Emtech Tape""",0
R-30060,"""INACTIVE"" 3M 9907 Tan Tape 3.75""",0
R-30061,"""INACTIVE"" 4 40# Liner /A-106/40# Liner""",28
R-30062,"""INACTIVE"" 3 9907 3M Tape""",35
R-30063,"""INACTIVE"" Thermfilm Select 21050 - 6.5 """,35
R-30064,"""INACTIVE"" 1.625 Gold Mylar""",35
R-30065,"""INACTIVE"" 7.875 1526 PE Medical Tape""",35
R-30066,"""INACTIVE"" "" 7.5 1526 PE Medical Tape""",35
R-30067,"""INACTIVE"" 4.50 3M 9907 Tan Tape""",35
R-30068,"**INACTIVE**2.25 3M 9907 Tan Tape""",35
R-30069,"""INACTIVE"" 4 3M 415 Double Sided Tape""",0
R-30070,"""INACTIVE"" 6.75 3M 1526 tape""",35
R-30071,"""INACTIVE"" 6 Medco face tape""",0
R-30072,"""INACTIVE"" 1.75 NWP-240 White Poly tape""",0
R-30073,"""INACTIVE"" 1.25 NWP-240 White Poly tape""",0
R-30074,"""INACTIVE"" 6.625 Clear PE Overlaminate""",35
R-30075,"""INACTIVE"" 8.6875 3M 9671LE Tape""",35
R-30076,"""INACTIVE"" Matte PE Overlaminate - 6.75""",35
R-30077,"""INACTIVE"" Plasto Material Master Rolls",0
R-30078,"""INACTIVE"" 5.75 60# /REP4/40# liner""",28
R-30079,"""INACTIVE"" 3.375 A106 Transfer Tape""",28
R-30080,"""INACTIVE"" .50 Conductive Tape # 8859""",35
R-30081,"""INACTIVE"" 7.1875 3M 9874 Polyethylene""",35
R-30082,"""INACTIVE"" 4.875 3M 9874 Polyethylene""",35
R-30083,"""INACTIVE"" 5 Fasson R-130 Adhesive/Kraft""",35
R-30084,"**INACTIVE**1524 Transfer Adhesive - 2.5""",35
R-30085,"""INACTIVE"" 4 1524 Transfer Adhesive""",35
R-30086,"""INACTIVE""  3.5 Matte PE Overlaminate""",35
R-30087,"**INACTIVE**7.25 PE-3 Transfer Adhesive""",28
R-30088,"""INACTIVE""  19.75 PE-3 Transfer Adhesive""",28
R-30089,"""INACTIVE"" 39.37 Paper Tape""",56
R-30090,"""INACTIVE"" 2.5 Avery 4750 U Paper Tape""",56
R-30091,"""INACTIVE"" 4 Avery 4750 U Paper Tape""",56
R-30092,"""INACTIVE"" .375 3M F9752PC Transfer Tape""",35
R-30093,".5"" 3M F9752PC Transfer Tape",35
R-30094,"6.84375 3M 615EG Thermo-Bond""",35
R-30095,"5.25"" 3M 1526 Tape",35
R-30096,"6.4375"" 3M 9907T Tan Tape",35
R-30097,"""INACTIVE"" 4.4375 3M 9907 Tan Tape""",35
R-30099,"""INACTIVE"" 1.55 40#/A106/40# Trans. Tape""",28
R-30100,"""INACTIVE"" 34 1 Mil Urethane tape""",35
R-30101,"""INACTIVE"" 4.5 1 Mil Urethane tape""",35
R-30102,"""INACTIVE"" 7.25 Tan Tape""",35
R-30103,"""INACTIVE"" 4.6253M 9500 PC Tape""",35
R-30104,"""INACTIVE"" 2 Gold Mylar""",35
R-30105,"""INACTIVE"" .375 3M 467MP Tape""",35
R-30107,"""INACTIVE"" 3M 1318 Polyester Tape .375""",35
R-30108,"""INACTIVE"" 3M #75 Tape w/Liner 1""",35
R-30109,"""INACTIVE"" 1 FT 8345 Adhesive""",56
R-30110,"""INACTIVE"" 2.2 FT 8345 Adhesive""",56
R-30111,"""INACTIVE"" 2.5 Plasto Tan P-1035 Tape""",35
R-30112,"""INACTIVE"" 4 P-1035 Plasto Tan Tape""",35
R-30113,".75 MED 3044 Tape""",35
R-30114,"Clear PE Overlaminate - .50""",35
R-30115,"""INACTIVE"" 2.75 Avery 4750 U Paper Tape""",56
R-30116,"""INACTIVE"" 4.75 Avery 4750 U Paper Tape""",56
R-30117,"""INACTIVE"" 2.75 Plasto Tan P-1035 Tape""",35
R-30118,"""INACTIVE"" 4.75 Plasto Tan P-1035 Tape""",35
R-30119,"""INACTIVE"" .75   3M 1522 Clear Tape""",35
R-30120,"6 Tyvek #81628/8M WH/S730/50#""",56
R-30121,"""INACTIVE"" 2.75 1524 Transfer Adhesive""",35
R-30122,"""INACTIVE"" 4.75 1524 Transfer Adhesive""",35
R-30123,"""INACTIVE"" 3M 1524 Tape 1""",0
R-30124,"""INACTIVE"" 48 1524 Transfer Adhesive""",35
R-30125,"""INACTIVE"" 1.75 9874 Double coated tape""",35
R-30126,"""INACTIVE"" 27 9874 Double Coated Tape""",35
R-30127,"""INACTIVE"" 2.25 1 mil PET W/ REP4""",28
R-30128,"4.375"" 1 Mil PET/REP4/40# LNR",182
R-30129,"3.0"" 1 mil PET/REP4/40# Liner",28
R-30130,"""INACTIVE"" 6 9877 3M Tape""",35
R-30131,"1526 Single coated PE tape 2""",35
R-30132,"""INACTIVE"" 1.375 3M 1345 Copper Tape""",35
R-30133,"""INACTIVE"" .875 3M 9415PC""",35
R-30134,"""INACTIVE"" 6.5 Matte PE Overlaminate""",35
R-30135,"""INACTIVE"" Clear PE Overlaminate - 7.5""",35
R-30136,"""INACTIVE"" 3 8951 Blue tape""",35
R-30138,"""INACTIVE"" 3.25 1 mil PET/REP4/40# Liner""",28
R-30139,"""INACTIVE"" 3.25 3M 1526 Tape""",35
R-30141,"""INACTIVE"" CS 3M 1526 Tape 2.25 IN",0
R-30142,"""INACTIVE"" CS 3M 9907 Tape 1.5 IN",0
R-30143,"""INACTIVE"" CS 3M 9907 Tan Tape 2.9375 IN",0
R-30144,"""INACTIVE"" 9.9375 Matte PE Overlaminate""",35
R-30145,"""INACTIVE"" 1 3M 7740 Tape""",0
R-30146,"""INACTIVE"" 5 65001WA2P1 Tape""",0
R-30147,"""INACTIVE"" 4.75 DermaMed  transfer tape""",35
R-30148,"""INACTIVE"" 4 1509 Double coated tape""",35
R-30149,"""INACTIVE"" 1.875 3M 431 Aluminum Tape""",35
R-30150,"""INACTIVE"" Clear Overlam 1.875""",35
R-30151,"""INACTIVE"" 1 PE-3 Transfer Tape""",28
R-30152,"2.5""  3M 1526 Tape",35
R-30153,"""INACTIVE"" 2.8125  9842 w/Extended Liner""",35
R-30154,"""INACTIVE"" 5.625 Clear PE Overlaminate""",35
R-30155,"""INACTIVE"" 2 Alpharma White Tape""",0
R-30156,"1 Mil CLR PET/REP 4/40# 1.5""",42
R-30157,"""INACTIVE"" 3.25 3M KN-1755 Tape""",35
R-30158,"""INACTIVE"" 1.375 1mil PET w/ REP-4""",28
R-30159,"**INACTIVE**3M KN-1721 Tape 3.25""",35
R-30160,"""INACTIVE"" 2.671875 3M 467MP Tape""",35
R-30161,"""INACTIVE"" 3M 9907 Tan Tape 3.4375""",0
R-30162,"**INACTIVE**3M 1526 Tape 2.281""",0
R-30163,"**INACTIVE**3M 9907 Tan Tape 2""",35
R-30164,"""INACTIVE"" 2.75 1 mil PET/REP4/40# Liner""",28
R-30165,"""INACTIVE"" 5.75 3M 1527L Tape""",35
R-30166,"""INACTIVE"" 2 3M 1527L Tape""",35
R-30167,3M 9472LE 1 IN,7
R-30168,"""INACTIVE"" 2.75 Tyvek 18B/1073B""",35
R-30169,"""INACTIVE"" 1.625 Tyvek 18B/1073B""",35
R-30170,"""INACTIVE"" 4 3M 9874 Double Sided Tape""",35
R-30171,"""INACTIVE"" 2.5 3M 467MP Tape""",35
R-30172,"""INACTIVE"" .3125 Overlaminate""",35
R-30173,"""INACTIVE"" 3.25  3M 1776 Tape""",35
R-30174,"""INACTIVE"" 9 3M 1527L Tape""",35
R-30175,"""INACTIVE"" 3 3M 1527L Tape""",35
R-30176,"""INACTIVE"" 2.5  3M 1776 Tape""",35
R-30177,"""INACTIVE"" 3.875  .002 3M 467MP DS Tape""",0
R-30178,"**INACTIVE**10.125"" 3M 1527L Tape",35
R-30178S,"""INACTIVE"" 10.125 3M 1527L Tape / Sample""",35
R-30179,"""INACTIVE"" 7.5 3M 1527L Tape""",35
R-30180,"**INACTIVE**1""  1 mil PET/REP4/40# Liner",28
R-30181,"""INACTIVE"" Matte PE Overlaminate - 7.1875""",35
R-30182,"""INACTIVE"" 3.875  3M 1776 White Spunlace""",35
R-30183,"""INACTIVE"" 1.5 3M 9874 DS Tape""",35
R-30184,"""INACTIVE"" 2.5 Clear PE Overlaminate""",35
R-30185,"""INACTIVE"" 2 1 mil Herb Coated Film""",42
R-30186,"""INACTIVE"" 39.37 Plasto Tan P-1035 Tape""",35
R-30187,"""INACTIVE"" 7.25  4 oz. Ivory Tape""",35
R-30188,"""INACTIVE"" 54 1 mil Matte PET Overlam""",56
R-30189,"""INACTIVE"" 1.875 1 Mil Matte Overlam""",56
R-30190,"3.546875"" 3M 1530L Tape",35
R-30191,"1524 Transfer Adhesive 5.0""",35
R-30192,"""INACTIVE"" 3 1524 Transfer Adhesive""",35
R-30194,3M 7323 .002 Mylar 1.5 IN,35
R-30195,"""INACTIVE"" 3M 1522 DBL sided Tape - 1.25""",0
R-30196,"""INACTIVE"" 4  3M 1776 White Spunlace""",35
R-30197,"3M 439 Aluminum Tape 1.625""",35
R-30198,"""INACTIVE"" 2 3M 8951 BLUE TAPE""",35
R-30199,"""INACTIVE"" 7.25 3M 9874 DS Tape""",35
R-30200,"""INACTIVE"" 4.5 3M 9874 Dbl Sided Tape""",35
R-30201,"""INACTIVE"" 2 3M 630 MEtalized polyester""",35
R-30202,"""INACTIVE"" 3.5 MED 5322P Avery Spunlace""",56
R-30203,"5717P MED Avery Tape - 4.5""",56
R-30204,"""INACTIVE"" 4.5 single coated .0005"" PET""",35
R-30205,"**INACTIVE**1.0"" 1522 Double coat PE tape",35
R-30206,"3.421875"" 3M 9907T Tan Tape",35
R-30207,"Single Coated .001"" PET - 5.0"" DM-7005",35
R-30208,"""INACTIVE"" .75 3M 1522 Tape 24 yard/roll""",35
R-30209,"""INACTIVE"" 5 Scantape  5008 Skin 85 gr.""",0
R-30210,"""INACTIVE"" 2.75 Alpharma Scantape Tan""",0
R-30211,"""INACTIVE"" 2.5 Alpharma Scantape""",0
R-30212,"""INACTIVE"" 4 Scantape 5008 Skin 85gr""",0
R-30213,"""INACTIVE"" 2 3M 467MP Double Sided Test""",0
R-30214,"""INACTIVE"" 2.5 Standard Adhesive""",0
R-30215,"""INACTIVE"" 2.5 Reformulated Adhesive""",0
R-30216,3M 1526 Tape 5 IN,35
R-30217,"""INACTIVE"" PE-3 Trasfer Tape 1.5 IN",28
R-30218,"2.5"" 3M 1526 Tape",35
R-30219,"""INACTIVE"" 4.75 2.5 mil Skin Adhesive""",0
R-30220,"""INACTIVE"" 1.875 3M 1526L Tape""",35
R-30221,"""INACTIVE"" 1.4375 3M 1526L Tape""",35
R-30222,"""INACTIVE"" 6 9907 3M White Sample Roll""",35
R-30223,"""INACTIVE"" .470 3M F9469PC Tape""",35
R-30224,"""INACTIVE"" 2 3M 1512 Tape""",35
R-30225,"""INACTIVE"" 2 3M 1523 Tape""",35
R-30226,"1526 3M Tape - 6""",35
R-30227,"""INACTIVE"" 6 MSX-6010A Urethane Tape""",35
R-30228,"""INACTIVE"" 48 3M 1527L Tape""",35
R-30229,"""INACTIVE"" 48 1530L Nonwoven Med. Tape""",35
R-30230,"""INACTIVE"" 3.25 PVP/PEG lnr w/adhesive""",35
R-30231,"""INACTIVE"" 1.41 Box sealing tape""",35
R-30232,"""INACTIVE"" 47 Avery MED 5707P Tape""",35
R-30233,"""INACTIVE"" 3.75 8951 Blue Tape""",35
R-30234,"""INACTIVE"" 1.5 3M 9907 White""",35
R-30235,"""INACTIVE"" .25 3M 9877 Tape""",35
R-30236,"""INACTIVE"" 6.5 Dermamed 147/2951 Tape""",35
R-30237,"""INACTIVE"" 6.625 Repositionable Tape""",0
R-30238,"""INACTIVE"" 1.375 DermaFlex NWP-240 White""",35
R-30239,"""INACTIVE"" 6.5 Dermamed 4098/2951 Tape""",35
R-30240,"""INACTIVE"" 6.5 Dermamed 147A 2 mil tape""",35
R-30241,"""INACTIVE"" 6.5 2951 Transfer Tape""",35
R-30242,"""INACTIVE"" 8 1526 PE Medical Tape""",35
R-30243,"""INACTIVE"" .375 #211 Overlaminate""",35
R-30244,"""INACTIVE"" 48 Avery FT 8345 tape""",56
R-30245,Avery FT 8345 tape 4.0 IN,56
R-30246,"1.25"" Avery FT 8345 tape",56
R-30247,"""INACTIVE"" 3.5 1533L Tan Tape""",35
R-30248,"""INACTIVE"" 3 966 Transfer tape""",35
R-30249,"""INACTIVE"" 3 Kapton w/966 adhesive""",0
R-30250,"""INACTIVE"" 3.75 7741 PET Tape""",35
R-30251,"""INACTIVE"" 2.25 9889 Double Coated Tape""",35
R-30252,1 mil PET/REP4/40# Liner 5 IN,56
R-30253,Matte PE Overlaminate 5.5625 IN,35
R-30254,Heavy PE Overlaminate .50 IN Clear Polypro 1.1 Mil,21
R-30255,"""INACTIVE"" 4.0 3M 1512 Polyethylene Tape""",35
R-30256,"""INACTIVE"" 3.0 3112B Polyethylene Tape""",35
R-30257,"""INACTIVE"" 1.0 231 Masking Tape""",35
R-30258,"**INACTIVE**4.75"" 3M 1513 Polyester Tape",35
R-30259,"""INACTIVE"" 33 1524 3M Tape""",35
R-30260,"**INACTIVE**3.25 3M 9916 Tan Tape""",35
R-30261,"3.5 9877 Polyester Tape""",35
R-30262,"""INACTIVE"" 2.5 9877 3M Polyester Tape""",35
R-30263,3M F9469PC Clear Tape 1 IN,21
R-30264,**INACTIVE**3M 7741 PET Gloss Clear PET 6 IN,35
R-30265,3M 1522 DC Polyethylene Tape 3 IN,35
R-30266,"""INACTIVE"" 2 1509 DC Polyethylene Tape""",35
R-30267,".5 x 60yd 3M 200 Masking Tape"" S-6537",1
R-30268,"""INACTIVE"" 10 1025 Tyvek Black Face Coat""",56
R-30269,"""INACTIVE"" 2.25 1025 Tyvek BlackFaceCoat""",56
R-30270,"""INACTIVE"" 4.5 80-2951 Duro-tak Adhesive""",35
R-30271,"""INACTIVE"" 2.5 80-2951 Duro-tak Adhesive""",35
R-30273,"""INACTIVE"" 3.25 60#/REP4/40# liner""",28
R-30274,"""INACTIVE"" 6 7323 3M Bright (Silver/300)""",35
R-30275,"""INACTIVE"" 3.5 Avery 4750 U Paper Tape""",56
R-30276,"""INACTIVE"" 52 Avery FT 8345 tape""",56
R-30277,"""INACTIVE"" 2.8125 1776 White Spunlace 3M""",35
R-30278,"""INACTIVE"" 1 9415PC 3M DS Removable Tape""",2
R-30279,"""INACTIVE"" 6 1776 3M Spunlace Tape/White""",35
R-30280,"2.375"" 3.2 mil White Vinyl",35
R-30281,"""INACTIVE"" 6 9915 Spunlace Nonwoven Tape""",35
R-30282,"""INACTIVE"" 6 1524 Transfer Adhesive 3M""",35
R-30283,"""INACTIVE"" 6 9842W Polyurethane Tape 3M""",35
R-30284,"""INACTIVE"" 7.5  4 oz. Ivory Tape""",35
R-30285,"""INACTIVE"" 1.5 465 3M ADHESIVE 60yd roll""",35
R-30286,"""INACTIVE"" 4 1 mil PET/REP4/40# Liner""",28
R-30287,"""INACTIVE"" 9.625 1776 3M Spunlace/White""",35
R-30288,"""INACTIVE"" 9.875 1776 3M Spunlace/White""",35
R-30289,"""INACTIVE"" 9 1025 Tyvek Black Face Coat""",56
R-30290,"""INACTIVE"" 8.50 1025 Tyvek Blk Facecoat""",56
R-30291,"9"" 1 mil Clear PET/REP4/40#",28
R-30292,"""INACTIVE"" 8.75 1 mil Clear PET/REP4/40#""",28
R-30293,"""INACTIVE"" 9.25 1776 3M Spunlace/White""",35
R-30294,"""INACTIVE"" 8.75 1776 3M Spunlace/White""",35
R-30295,"""INACTIVE"" 9 2 mil Clear PET/REP4/40#""",28
R-30296,"""INACTIVE"" 8.75 2 mil Clear PET/REP4/40#""",28
R-30297,"""INACTIVE"" 3.5 2 mil Clear PET/REP4/40#""",28
R-30298,"""INACTIVE"" 1.75 9877 EL (with .25"" EL)""",35
R-30299,"""INACTIVE"" 6 9916 Tan Spunlace Nonwoven""",35
R-30300,"""INACTIVE"" 3.125 1milPET/REP4/40#""",28
R-30301,"""INACTIVE"" 2.25 1509 DC PE Tape""",35
R-30302,"""INACTIVE"" 9865 Polyethylene Tape 6IN",0
R-30303,"""INACTIVE"" 2.0 Avery 4750 U Paper Tape""",56
R-30304,"""INACTIVE"" 4 9842W Polyurethane Tape 3M""",35
R-30305,"""INACTIVE"" 3.5 80-2951 Duro-tak Adhesive""",35
R-30306,"**INACTIVE**9.46875 1776 Spunlace/White""",35
R-30307,"**INACTIVE**9.71875 1776 Spunlace/White""",35
R-30308,"""INACTIVE"" 8.50 600-60B Blk Nonwoven""",56
R-30309,"""INACTIVE"" 10.0 600-60B Blk Nonwoven""",56
R-30310,"""INACTIVE"" 8.50 2 mil Clear PET/REP4/40#""",28
R-30311,"10.0"" 2 mil Clear PET/REP4/40#",28
R-30312,"4.5"" 2 mil Clear PET/REP4/40#",28
R-30313,"""INACTIVE"" 6 1510 High Tack Tape""",35
R-30314,"""INACTIVE"" 3 1510 High Tack Tape""",35
R-30315,"""INACTIVE"" 1.25 3M #75 Tape w/Liner""",35
R-30316,"""INACTIVE"" 1.0 Clear PE Overlaminate""",35
R-30317,"1 MIL PET/REP4/40# LINER 6.0""",28
R-30318,"""INACTIVE"" 7.75 1 mil PET/REP4/40# Liner""",28
R-30319,"""INACTIVE"" 2.375 465 3M ADH.""",35
R-30320,"""INACTIVE"" 1.5 3M 1538L Tape""",35
R-30321,"3.50 3M 9916 Tan Tape""",35
R-30322,"""INACTIVE"" 3.5 S/C .5 mil PET w/ Adh""",35
R-30323,"""INACTIVE"" 3.125 Avery FT 8345 tape""",56
R-30324,"2.625 Arclad 9032 Conductive""",105
R-30325,"""INACTIVE"" 6.0 3M 9457 Tape""",35
R-30326,"""INACTIVE"" 5.0 9916 Tan Spunlace Nonwove""",35
R-30327,"""INACTIVE"" 3.0 9916 Tan Spunlace Nonwove""",35
R-30328,"1.5 3M 1524 Tape""",35
R-30329,"""INACTIVE"" 4.0 1530 Nonwoven Med. Tape""",35
R-30330,"""INACTIVE"" 6.50 1523 Tape""",35
R-30331,"""INACTIVE"" 6.50 9889 Double Coated Tape""",35
R-30332,"""INACTIVE"" 2.50 1523 Tape""",35
R-30333,"""INACTIVE"" 2.50 9889 Double Coated Tape""",35
R-30334,"""INACTIVE"" 2.75 3M 9916 Tan Tape""",35
R-30335,"""INACTIVE"" 1.75 5717P MED Avery Tape""",56
R-30336,"1 Mil CLR PET/REP 4/40# - 1.75""",28
R-30337,"""INACTIVE"" 2.0 9916 3M tape""",35
R-30338,"""INACTIVE"" 5.75 9842W Polyurethane Tape""",35
R-30339,"""INACTIVE"" 4.0 1523 Tape""",35
R-30340,"""INACTIVE"" 4.0 Aveva / Zars material""",0
R-30341,"1.75 Arcare 8881 Conductive""",105
R-30342,"1.0 2380 Masking Tape""",35
R-30343,"""INACTIVE"" .50 3M 9907W (White) Tape""",35
R-30344,"2.25 3M 9907W (White) Tape""",35
R-30345,"1.0 2 mil Clear PET/REP4/40#""",28
R-30346,"2 mil Clear PET/REP4/40#"" 4.75 IN",98
R-30347,"4.0"" 3M 9907 Tan Tape",35
R-30348,"""INACTIVE"" 9.59375 1522 DC Polyethylene""",35
R-30349,"""INACTIVE"" 5.625 9842W tape""",35
R-30350,"""INACTIVE"" 2.50 3M 9907W (White) Tape""",35
R-30351,"""INACTIVE"" 2.50 3M 9907T (Tan) Tape""",35
R-30352,"""INACTIVE"" 6.50 5 mil Clear PET REP4/40#""",28
R-30353,"6.0 single coated DM 4001""",35
R-30354,"""INACTIVE"" 4.25 single coated DM 9010""",35
R-30355,"""INACTIVE"" 3.25 single coated DM 9005""",35
R-30356,"""INACTIVE"" 6.125 single coated Tricot""",35
R-30357,"2.875 single coated Tricot""",35
R-30358,"2.75 3M  XMF 99104""",35
R-30359,"""INACTIVE"" 6.0 1523 Tape""",35
R-30360,"""INACTIVE"" 4.50 1523 Tape""",35
R-30361,"""INACTIVE"" 5.00 1523 Tape""",35
R-30362,"""INACTIVE"" 4.0 9889 Double Coated Tape""",35
R-30363,"""INACTIVE"" 4.50 9889 Double Coated Tape""",35
R-30364,"""INACTIVE"" 5.0 9889 Double Coated Tape""",35
R-30365,"""INACTIVE"" .625 single coated DM 9005""",35
R-30366,"""INACTIVE"" 1.375 single coated DM 9005""",35
R-30367,"""INACTIVE"" .25 single coated DM 9010""",35
R-30368,"""INACTIVE"" 9.5 1510 High Tack Tape""",35
R-30369,"8.0 1510 High Tack Tape""",35
R-30370,"""INACTIVE"" 6.0 9889 Double Coated Tape""",35
R-30371,"""INACTIVE"" .625 single coated DM 9010""",35
R-30372,"""INACTIVE"" 1.375 single coated DM 9010""",35
R-30373,"""INACTIVE"" 2.375 3M 9907T (Tan) Tape""",35
R-30374,"""INACTIVE"" 2.375 3M 9907W (White) Tape""",35
R-30375,"""INACTIVE"" 6.0 PE-3 Transfer Adhesive""",28
R-30376,"""INACTIVE"" 2.0 3M 850 Red Splicing Tape""",35
R-30377,"1.75 Avery FT 8345 tape""",56
R-30378,"""INACTIVE"" Clear PE Overlaminate 1.25""",35
R-30379,"""INACTIVE"" 2.0 1522 DC Polyethylene Tape""",35
R-30380,"""INACTIVE"" 1.0 3M 5480 Teflon Tape""",35
R-30381,"""INACTIVE"" 2.0 3M 5480 Teflon Tape""",35
R-30382,"""INACTIVE"" 6.0 1503 Tape""",35
R-30383,"""INACTIVE"" 3M 1526 Tape 1.875 IN",0
R-30384,"""INACTIVE"" 3M 1526 Tape 1.438 IN",0
R-30385,"""INACTIVE"" 1.9685 Arcare 8259 Tape""",105
R-30386,"""INACTIVE"" 1.9685 Arcare 7860 Tape""",105
R-30387,"5.12"" (130 mm) P-1035 Plasto Tan Tape",70
R-30388,"3M 1504 2.875""Tape x 3.0"" Carrier 1/16"" EL Liner each side",35
R-30389,"2 mil PET W/ REP4 - 2.0""",28
R-30390,"""INACTIVE"" 3.0 P-1035 Plasto Tan Tape""",35
R-30391,"""INACTIVE"" 6.44 single coated Tricot""",35
R-30392,"""INACTIVE"" 5.50 1526 Tape""",35
R-30393,"""INACTIVE"" 2.75 2 mil Clear PET/REP4/40#""",28
R-30394,"""INACTIVE"" 3.0 ARcare 8259 tape""",105
R-30395,"""INACTIVE"" 2.0 Milipore Nitrocellulose""",0
R-30396,"""INACTIVE"" 1.96 ARcare 8259 tape""",105
R-30397,"60# /REP4/40# liner - 5.0""",28
R-30398,"""INACTIVE"" 0.625 3M 9877 Tape""",35
R-30399,"1526 Plastic Medical Tape 1.0""",35
R-30400,"Clear PE Overlaminate .25""",35
R-30401,"""INACTIVE"" 1.50 Clear PE Overlaminate""",35
R-30402,"""INACTIVE"" 1.75 Avery FT 8397 tape""",56
R-30403,"""INACTIVE"" 3.0 PB-60PC Tape""",35
R-30404,"""INACTIVE"" 6.0 PB-60PC Tape""",0
R-30405,"""INACTIVE"" 9.50 1785 Tape""",35
R-30406,"""INACTIVE"" 6.0 1785 Tape""",35
R-30407,"""INACTIVE"" 3.0 2 mil Clear PET/REP4/40#""",28
R-30408,Avery FT 8345 tape 4.125 IN,5
R-30409,"""INACTIVE"" 2.0 1503 Tape""",35
R-30410,"3.50 Clear PE Overlaminate""",35
R-30411,"4 oz. Ivory Tape - 7.25""",35
R-30412,"""INACTIVE"" 9.0 465 3M ADH.""",35
R-30413,"""INACTIVE"" 9457 3M Adhesive 4.0""",35
R-30414,"""INACTIVE"" 1 1538-1 3M Durapore""",35
R-30415,"""INACTIVE"" 2 1538-2 3M Durapore""",35
R-30416,"""INACTIVE"" 3 1538-3 3M Durapore""",35
R-30417,"""INACTIVE"" 4 1538-4 3M Durapore""",35
R-30418,"""INACTIVE"" 1 1527-1 3M Transpore""",35
R-30419,"""INACTIVE"" 2 1527-2 3M Transpore""",35
R-30420,"""INACTIVE"" 3 1527-3 3M Transpore""",35
R-30421,"""INACTIVE"" 4 1527-4 3M Transpore""",35
R-30422,"""INACTIVE"" 1 1530-1 3M Micropore""",35
R-30423,"""INACTIVE"" 2 1530-2 3M Micropore""",35
R-30424,"""INACTIVE"" 3 1530-3 3M Micropore""",35
R-30425,"3M 9877 Tape 2.625""",35
R-30426,"2 mil Clear PET/REP4/40# - 2.25""",28
R-30427,"""INACTIVE"" 4.75 PGI Nonwoven Tape VAP40""",0
R-30428,"""INACTIVE"" 2.50 3M 9967 Tape""",35
R-30429,"""INACTIVE"" .625 3M 9967 Tape""",35
R-30430,"""INACTIVE"" 5.25 2.5 mil Skin Adhesive""",0
R-30431,"""INACTIVE"" 7.0 single coated Tricot""",35
R-30432,"""INACTIVE"" 11.75 0.5mil polyester film""",35
R-30433,"""INACTIVE"" 12.00 0.5mil polyester film""",35
R-30434,"""INACTIVE"" 6.25 single coated Tricot""",35
R-30435,Avery FT 8397 tape 2.0 IN,56
R-30436,"""INACTIVE"" 5.0 1785 Tape w/ pre-slit lin""",35
R-30437,"""INACTIVE"" 1.063 3M 9967 Tape""",35
R-30438,"""INACTIVE"" .75 3M 9967 Tape""",35
R-30439,"""INACTIVE"" .4375 3M 9967 Tape""",35
R-30440,"""INACTIVE"" 3.0 1785 Tape""",35
R-30441,"""INACTIVE"" 2.875 single coated Tricot""",35
R-30442,"4.0 1785 Tape w/ pre-slit lin""",35
R-30443,"CS 2 mil PU w/ PSA ALOE, B1 8.0 IN",35
R-30444,"7.50"" DLC 503-78GA Tape",35
R-30445,"9.50 1529 Tape w/pre-slit lin"" (RMS)",35
R-30446,"2.50 DLC 503-78GA Tape""",35
R-30447,"""INACTIVE"" 48 1522 DC Polyethylene Tape""",35
R-30448,"""INACTIVE"" 1516 Tape 1.0""",0
R-30449,NW 2089 K Tape 4.72 IN,42
R-30450,"""INACTIVE"" 2.75 0.5mil polyester film""",0
R-30451,"**INACTIVE**6 9832W Polyurethane Tape 3M""",35
R-30452,"**INACTIVE**4 9832W Polyurethane Tape 3M""",35
R-30453,"""INACTIVE"" 4.35 T-2906 Slug puller""",35
R-30454,"""INACTIVE"" 4.25 501 FL Tape""",35
R-30455,"""INACTIVE"" 9.0 ARcare 8982 tape""",0
R-30456,"4.0 ARcare 90765 tape""",105
R-30457,3.50 DFM050,35
R-30458,"""INACTIVE"" THERM Film PM200 Clear 5.4375 IN",0
R-30459,"4.75 1529 Tape w/pre-slit lin"" (RMS)",35
R-30460,"**INACTIVE**2.0"" DLC 503-78GA Tape",35
R-30461,3M 810 1 IN,35
R-30462,#708 Blue splice tape 1.0 IN,21
R-30463,"2.25 9917 3M tape""",35
R-30464,"""INACTIVE"" 6.33"" DLC 503-78GA Tape",35
R-30465,"""INACTIVE"" 2.125 9425 3M DC tape""",35
R-30466,"2.125 2104 3M Polymask tape""",35
R-30467,"""INACTIVE"" 2.0  3M 1776 White Spunlace""",35
R-30468,"""INACTIVE"" 2.0 3M 9952 Tape""",35
R-30469,"""INACTIVE"" 1.75 3M 1522 DBL sided Tape""",35
R-30470,"""INACTIVE"" .375 3M 1522 Tape""",35
R-30471,"6.75 9133 Tape""",35
R-30472,"""INACTIVE"" 2.75 465 Tape""",35
R-30473,"""INACTIVE"" 2.0 465 Tape""",35
R-30474,"4.50"" 9759-2c tape",35
R-30475,"3.375"" T-2906 Slug puller",35
R-30476,3175 tape 0.75 +/- .030 IN,35
R-30477,CS ARcare 92150 tape 3.79 IN,105
R-30478,"""INACTIVE"" 1.125 DLC 503-78GA Tape""",35
R-30479,"1.75 DLC 503-78GA Tape""",35
R-30480,"4.0 1529 Tape w/ pre-slit lin""",35
R-30481,"5.0 1529 Tape w/ pre-slit lin""",35
R-30482,"""INACTIVE"" 4.50 9926T Tricot Knit Tape""",35
R-30483,"""INACTIVE"" 2.375 1510 High Tack Tape""",35
R-30484,"""INACTIVE"" 0.75 60#/REP4/40# liner""",28
R-30485,"""INACTIVE"" 2.50 9926T Tricot Knit Tape""",35
R-30486,ARcare 92104 tape 9.0 IN (RMS),35
R-30487,"4.0 PT-1587 Tape""",35
R-30488,"""INACTIVE"" 1.25 DLC 503-78GA Tape""",0
R-30489,"""INACTIVE"" 3.875 501 FL Tape""",35
R-30490,"""INACTIVE"" 3M 9907 Tan Tape 2.50""",0
R-30491,"""INACTIVE"" 1522 DC Polyethylene Tape .25""",0
R-30492,"""INACTIVE"" 1522 DC Polyethylene Tape 2.50""",0
R-30493,"""INACTIVE"" 4.0 MSX-6502A Tan Tricot Tape""",35
R-30494,CS ARcare 8890 tape 4.0 IN,105
R-30495,"""INACTIVE"" 0.75 Clear PE Overlaminate""",35
R-30496,"""INACTIVE"" 3.5 1524 Transfer Adhesive""",35
R-30497,"""INACTIVE"" 2.526 9877 3M Polyester Tape""",35
R-30498,"""INACTIVE"" CS 4.5 mil Skin Adhesive 5.25 IN",105
R-30499,"""INACTIVE"" 4.0 Clear PE Overlaminate""",35
R-30500,"""PURGE""DM-2041 7.25"" BEIGE TRICOT SINGLE COATED",64
R-30501,"""INACTIVE"" CS ARcare 91069 tape (MA-78) 4.0 IN",105
R-30502,"""INACTIVE"" 5.875 3M 242F02""",35
R-30505,"""INACTIVE"" 11.75 DC Tape DM 8018""",35
R-30506,"""INACTIVE"" 6.7 T-2906 Slug puller""",35
R-30507,"""INACTIVE"" CS ARcare 90870 3.79 IN",105
R-30513,"4.0"" JDC PT1812-A1 TAPE PT -2CLR-NSL/MD14",35
R-30514,"""INACTIVE"" 4.0"" JDC PT1813-A1 TAPE 1.5PT-155/NSL",0
R-30517,3.5 IN 3M 1510 HIGH TACK,28
R-30518,CS AVERY R4477 CLOSURE TAPE 3.125 IN,28
R-40001,"""INACTIVE"" 2.75 Magnet""",0
R-40002,"""INACTIVE"" 4.5 20 mil Magnet""",0
R-40003,"""INACTIVE"" 4.813 15 mil Magnet""",0
R-40004,"""INACTIVE"" 4.5 17mil Magnet Rolls""",0
R-40005,"""INACTIVE"" 3.75 15 mil White Polystyrene""",0
R-40006,"""INACTIVE"" 3.54 15 mil White Poly-""",0
R-40007,"""INACTIVE"" 2.75 15 mil Polystyrene""",0
R-40008,"""INACTIVE"" 5 6mil Polystyrene""",0
R-40009,"""INACTIVE"" 6 6mil Polystyrene""",0
R-40010,"""INACTIVE"" 15.50 6mil Polystyrene""",35
R-40011,"""INACTIVE"" 25 15 mil Polystyrene""",35
R-40012,"""INACTIVE"" 7.75 6mil Polystyrene""",35
R-40013,"""INACTIVE"" 10.0"" Cellophane film",0
R-40014,"3.375 Cellophane film""",35
R-40015,"""INACTIVE"" 3.25 Cellophane film""",0
R-40016,"""INACTIVE"" 2.875 .010 White Rigid Vinyl""",35
R-40017,"4.30 .005"" 454 Melinex PET""",35
R-40018,"""INACTIVE"" 4.40 .003"" Scotchpar 581291""",0
R-40019,"2.563"" Cellophane film",35
R-40019A,"""INACTIVE"" 2.00 Cellophane film""",0
R-40020,"""INACTIVE"" 23.0 .005"" 454 Melinex PET""",0
R-40021,"6.25"" 10 mil Acetate film",35
R-40022,"""INACTIVE"" 3.125 ..15"" PETG film""",35
R-40023,"""INACTIVE"" CS 14.0 .003"" Scotchpar 581291",0
R-40024,"""INACTIVE"" 4.0 .002"" 455 Melinex PET""",35
R-40025,"""INACTIVE"" 4.0 .003"" Scotchpar 581291""",0
R-50001,"""INACTIVE"" 1.75 3.5 mil white flex vinyl""",0
R-50002,"""INACTIVE"" 2 3.5 mil white flex. vinyl""",0
R-50003,"""INACTIVE"" 3.625 3.5 mil white flx vinyl""",35
R-50004,"""INACTIVE"" 4.75 3.2 mil white flex vinyl""",35
R-50005,"""INACTIVE"" 5.25 3.5 mil white flex vinyl""",0
R-50006,"""INACTIVE"" 5.75 3.2 mil white flex vinyl""",35
R-50007,"7.75"" 3.2 mil white flexible vinyl #31185SL",35
R-50008,"""INACTIVE"" 2.875 3.5 mil white flx.vinyl""",35
R-50009,"""INACTIVE"" 4.5 3.2 mil white flex. vinyl""",35
R-50010,"""INACTIVE"" 7.5 8 mil clear double vinyl""",0
R-50011,"""INACTIVE"" Stamp Vinyl washers",35
R-50012,"""INACTIVE"" 3.25 4 mil white flex vinyl""",0
R-50013,"3.75"" 3.5 mil white flex vinyl #31185SL",35
R-50014,"""INACTIVE"" 3.5 mil white flex. vinyl 4 IN",35
R-50015,"""INACTIVE"" 3 8mil white flex. vinyl""",0
R-50016,"""INACTIVE"" 2.125 3.5 mil flex.white viny""",0
R-50017,"""INACTIVE"" 2.75 8 mil White Flex Vinyl""",35
R-50018,"""INACTIVE"" 2.5 3.5 mil White Flex Vinyl""",0
R-50019,"""INACTIVE"" 3.25 White Flexible Vinyl""",0
R-50020,"10""  3.2 mil white flexible vinyl #31185SL",35
R-50021,"""INACTIVE"" 2.2 #339 Melinex""",0
R-50022,"""INACTIVE"" 8 35 Mil HDPE""",0
R-50023,"15 Mil Virgin PTFE 2.0""",45
R-50024,"""INACTIVE"" 54 Double polished vinyl 8mil""",35
R-50026,"""INACTIVE"" 7.3125 8 mil Double Polished""",35
R-50027,"""INACTIVE"" 5 x 9"" 35Mil HDPE White w/""",35
R-50028,"""INACTIVE"" 4 mil Black Flex Vinyl - 6.625""",35
R-50029,"""INACTIVE"" CS 6 mil Black Polyethelyne 8.25 IN",0
R-50030,"4 mil black flex vinyl - 5""",35
R-50031,"""INACTIVE"" 4.25 3.2 mil white flex vinyl""",35
R-50032,"8 x 11.0"" 35Mil White HDPE""",35
R-50033,"""INACTIVE"" 6.25 x 8.5"" 35Mil White HDPE""",35
R-50034,"""INACTIVE"" 2.625 3.5 mil white flx.vinyl""",35
R-50035,"""INACTIVE"" 9.5 .015 Makrofol DE1-1D PC""",35
R-50036,"9.5 .010 Light Latex Sheeting""",35
R-50037,"8 mil black flex vinyl - 5.0""",35
R-50038,"""INACTIVE"" 9.25  .007 Lexan 8010""",35
R-50039,"3.125  3.2 mil white flexible""",35
R-50040,"14.00  .007"" MIL Silicone Sheeting""",35
R-50041,CS 1152P 1mil Conductive Vinyl 3 IN,35
R-50042,"""INACTIVE"" 1.875 .007"" Silicone Sheeting""",35
R-50043,"1.25 .003"" Silicone Sheeting""",35
R-50044,"**INACTIVE**14.00""  .003""  MIL Silicone Sheeting""",35
R-50045,"""INACTIVE"" 14.00 .005"" Silicone Sheeting""",35
R-50046,"""INACTIVE"" 2.125 .005"" Silicone Sheeting""",35
R-50047,"1.50 .005"" Silicone Sheeting""",35
R-50048,"""INACTIVE"" 2.625 4 mil clear/matte vinyl""",35
R-50049,"""INACTIVE"" 2.50 2 mil vinyl adhesive""",0
R-50050,"""INACTIVE"" 54.0 4 mil clear/matte vinyl""",35
R-50051,"""INACTIVE"" 6.0 FV122 3.5 mil white vinyl""",35
R-50052,"**INACTIVE**8.0 IN .007"" MIL SILICONE SHEETING",35
R-50053,"**INACTIVE**6.0 IN .007"" MIL SILICONE SHEETING",35
R-5037,"""INACTIVE"" 5 4 mil black flex vinyl""",35
R-60001,"""INACTIVE"" 2.875 92# liner""",35
R-60002,"""INACTIVE"" 3 92# liner""",35
R-60003,"""INACTIVE"" 96# liner - 4""",35
R-60004,"""INACTIVE"" 4.438 92# liner""",0
R-60005,"""INACTIVE"" 6.5 96# liner""",35
R-60006,"""INACTIVE"" 6.625 92# liner""",35
R-60007,"""INACTIVE"" 7.25 92# liner""",35
R-60008,"**INACTIVE**8.25 96# liner   DHSPEC#7197""",35
R-60009,"""INACTIVE"" 1.438  5 mil clear PET""",0
R-60010,"""INACTIVE"" 2  5 mil clear uncoated PET""",0
R-60011,"""INACTIVE"" 6.25  3 mil PET liner""",0
R-60012,"""INACTIVE"" 3.125 3 mil white PET liner""",0
R-60013,"""INACTIVE"" 3.375 4 mil PET liner""",0
R-60014,42# SCK C1S S-20    EASY 1.75 IN,28
R-60015,"""INACTIVE"" 1.438 53# CLS liner""",0
R-60016,78# Liner CLS SC1 S70 Tight  2 IN,28
R-60017,"""INACTIVE"" 2.25 78# Clay CLS liner""",0
R-60018,"""INACTIVE"" 2.625 78# Clay CLS liner""",0
R-60019,"2.75 78# Clay CLS liner""",35
R-60020,"78# Liner CLS SC1 Tight 4""",35
R-60021,"""INACTIVE"" 1.1875 90# liner""",0
R-60022,"""INACTIVE"" 1.094 90# CLS Liner""",35
R-60023,"""INACTIVE"" 92# C1S Liner 2.375""",35
R-60024,"""INACTIVE"" 3.125 5 mil Clear PET liner""",0
R-60026,"""INACTIVE"" 2.875 2.5 mil MDPE clear line""",0
R-60027,"""INACTIVE"" 6.375 36 micron clear PET lin""",0
R-60028,"""INACTIVE"" 7.1875 36 micron clear PET""",0
R-60029,"""INACTIVE"" 7.1875 1.5Mil Blue PET liner""",56
R-60030,"""INACTIVE"" Anti-Static Sheets",0
R-60031,"78# liner SC1 - Tight Rel - 6.5""",35
R-60032,"4.375 LDPE blue liner""",35
R-60033,"""INACTIVE"" 2 3 mil clear PET liner""",0
R-60034,"""INACTIVE"" 26 5 mil PET clear liner""",0
R-60035,"""INACTIVE"" 4.25 60# High Gloss""",0
R-60036,"""INACTIVE"" 10 1 mil Polyester non-coated""",0
R-60037,"""INACTIVE"" 50# Easy-Release Line - 1.34375""",35
R-60038,"""INACTIVE"" 60# Semi-Gloss 6""",0
R-60039,"""INACTIVE"" 3.675 5 Mil PET Clear Liner""",0
R-60040,"""INACTIVE"" 6.25 5 mil PET Liner""",0
R-60041,"""INACTIVE"" 3 78# Tight Release Liner""",35
R-60042,"""INACTIVE"" 5.25 1.5 mil PET""",56
R-60043,"""INACTIVE"" Drape Sheet Raw Material",0
R-60044,"""INACTIVE"" 3.25 50# Liner""",35
R-60045,"50# Liner - 4.25""",35
R-60046,"""INACTIVE"" 4.375 1.5 mil Lt.Blue PET""",56
R-60047,"""INACTIVE"" 18 5 Mil PET/Lectec""",35
R-60048,"""INACTIVE"" 50# Liner - 6.625""",35
R-60049,"7.1875"" 5 Mil Clear PET Liner",35
R-60050,"""INACTIVE"" 1.625 5 mil PET Liner""",0
R-60051,"""INACTIVE"" .75 42# liner - Easy Release""",35
R-60052,"""INACTIVE"" .75 Brown liner""",0
R-60053,"""INACTIVE"" 3.75  4 mil PET SC2 liner""",35
R-60054,"""INACTIVE"" Parchment Paper",35
R-60055,**INACTIVE**96# Liner   DHSPEC# 7197 7.25 IN,35
R-60056,"""INACTIVE"" 5 mil Clear PET 2.25""",35
R-60057,"""INACTIVE"" 1.5 mil Blue PET - 2.25""",56
R-60058,"**INACTIVE**6.625 78# Med Release Liner""",35
R-60059,"""INACTIVE"" 3.25 5 Mil clear PET SC1""",35
R-60060,"4.5 2.5 mil Blue HDPE SC1""",35
R-60061,".625 2.5 mil Blue HDPE SC1""",35
R-60062,**INACTIVE**96# liner   DHSPEC#7197 6.625 IN,35
R-60063,"""INACTIVE"" 96# Liner DHSPEC#7197  -  7.875""",35
R-60064,5 mil Clear PET REP4/40# 3.25 IN,28
R-60065,"""INACTIVE"" 1.375 White Non-Woven P572""",35
R-60066,"""INACTIVE 4 LDPE Blue (offcut)""",35
R-60067,"""INACTIVE"" 2.5 78# Clay CLS Liner -Tight""",35
R-60068,"""INACTIVE"" 3.50 5 Mil PET SC1""",35
R-60069,"""INACTIVE"" 4 53# Liner""",35
R-60070,"""INACTIVE"" 2.75 5 mil Pet Liner""",35
R-60071,"""INACTIVE"" 1.75 4 mil PET liner""",35
R-60072,"""INACTIVE"" 3 96# Tight Release Liner""",35
R-60073,"""INACTIVE"" White Non-Woven P572",35
R-60074,"""INACTIVE"" 5 mil PET SC1 1.5""",35
R-60075,"""INACTIVE"" 3.5 1.5 mil LDPE Blue Liner""",35
R-60076,"""INACTIVE"" 3.5 5 Mil PET Liner""",35
R-60077,"2.375 5 Mil PET Liner""",35
R-60078,"""INACTIVE"" 10.75 3 mil Clear PET SC1""",0
R-60079,"""INACTIVE"" 5.312 3 mil PET SC1""",35
R-60080,"""INACTIVE"" 6.125 42# Two side silicone""",35
R-60081,"""INACTIVE"" 3.875 142 gauge ""D"" PET""",35
R-60082,"""INACTIVE"" 6 1 mil Clear PET/REP4/40#""",28
R-60083,"5 mil PET Liner 1.75""",35
R-60084,"""INACTIVE"" 3.5 7 mil Anti-static PET""",35
R-60085,"""INACTIVE"" 4.75 85 # Liner- 2 side poly""",35
R-60086,"""INACTIVE"" 1.25 1 mil PET- two-side""",35
R-60087,"""INACTIVE"" 3.5 1.5mil Clear PET""",56
R-60088,"""INACTIVE"" 306U Blue Paper .625""",35
R-60089,"""INACTIVE"" 2.25 83# Liner""",35
R-60090,"""INACTIVE"" 4 2 mil PET SC1 (1803 (Easy))""",35
R-60091,"""INACTIVE"" 6 2 mil PET Liner""",35
R-60092,"""INACTIVE"" 9.25 50# Liner - Uncoated""",35
R-60093,"""INACTIVE"" 1.625 50# Paper Uncoated""",35
R-60094,"1.5 mil CLR PET SC1 Easy - 7.25""",35
R-60095,"Polypropylene - Clear - 2.625""",35
R-60096,"""INACTIVE"" 3 mil PET E-5156 Tight - 5.25""",35
R-60097,"""INACTIVE"" 2 1.5 mil Clear PET""",56
R-60098,"42# SCK SC2 Liner - Easy 3""",35
R-60099,"""INACTIVE"" 4 92# Liner""",35
R-60100,"""INACTIVE"" 5.125 5 mil PET""",35
R-60101,"""INACTIVE"" 4.75 78# Clay CLS Liner""",35
R-60102,"""INACTIVE"" 17.25  3 mil PET liner""",35
R-60103,"""INACTIVE"" 4.375"" 5 Mil PET SC1",35
R-60104,"3  3 mil PET liner""",35
R-60105,"""INACTIVE"" 11.25 3 Mil PET Liner""",35
R-60106,"""INACTIVE"" 7.3125 50# Liner Uncoated""",35
R-60107,"4.0"" 78# Med. S-60 Release Liner",35
R-60108,"""INACTIVE"" 2.5 78# Medium Release Liner""",35
R-60109,"""INACTIVE"" 1 3 mil PET liner 4166 (Easy)""",35
R-60110,"""INACTIVE"" 1.25 92# Liner""",35
R-60111,"""INACTIVE"" 4.5  3 mil SC2 PET liner""",35
R-60112,"""INACTIVE"" 3.25 96# Liner""",35
R-60113,"""INACTIVE"" 4.5 78# Clay CLS Liner""",35
R-60114,"""INACTIVE"" 2.5 90# SC1 Polycoated paper""",56
R-60115,"""INACTIVE"" 2.75 90# SC1 Liner""",56
R-60116,"""INACTIVE"" 4 90# SC1 Liner (Printed)""",56
R-60117,"""INACTIVE"" 4.75 90# SC1 Liner""",56
R-60118,"""INACTIVE"" 2.5 96# Liner""",35
R-60119,"""INACTIVE"" 4.75 1 mil Polyurethane Film""",35
R-60120,"""INACTIVE"" 5.25 1.5Mil Blue PET liner""",56
R-60121,"1.5 mil Blue Liner 1.25""",56
R-60122,"""INACTIVE"" 2 42# SC2 Liner""",0
R-60123,"""INACTIVE"" 4.125  4 mil Easy Release""",0
R-60124,"3.25 53# Liner SCK L-3 Medium""",42
R-60125,.5 AET B523 BOPP Film 75g.,14
R-60126,"""INACTIVE"" CS 60# Daubert 165KG4015 1.5 IN",0
R-60127,1.5 mil Blue PET .875 IN,56
R-60128,"""INACTIVE"" 92# Liner 1.25""",35
R-60130,"""INACTIVE"" 4 53# SCK Liner (Top Liner)""",42
R-60131,"""INACTIVE"" 4 53# SCK Liner(Bottom Liner)""",42
R-60132,"""INACTIVE"" 2.671875 142 gauge ""D"" PET""",35
R-60133,"""INACTIVE"" 2.5 .002 Clear Type D PET""",0
R-60134,"""INACTIVE"" 2.5 53# Stay Flat Liner 5 mil""",0
R-60135,"""INACTIVE"" 2.671875 53# Liner""",35
R-60136,"""INACTIVE"" 2.875 78# Tight Release Liner""",35
R-60137,"""INACTIVE"" 5.375 90# Printed Sterion LNR""",56
R-60138,"""INACTIVE"" 6.125 90# Printed Sterion LNR""",56
R-60139,"""INACTIVE"" 4.125 90# Printed Sterion LNR""",56
R-60140,"""INACTIVE"" 3.875 90# Printed Sterion LNR""",56
R-60141,"""INACTIVE"" 2.5 90# Printed Sterion LNR""",56
R-60142,"""INACTIVE"" 2.75 90# Sterion Printed LNR""",56
R-60143,"""INACTIVE"" 4 90# Sterion Printed LNR""",56
R-60144,"""INACTIVE"" 4.75 90# Sterion Printed LNR""",56
R-60145,"""INACTIVE"" 20 90# liner Easy Release""",35
R-60146,"""INACTIVE"" 5 mil PET SC1 2""",35
R-60147,"""INACTIVE"" 53# C1S L-3 Liner - 7.1875""",42
R-60148,"3.875 90# Liner""",56
R-60149,"""INACTIVE"" 4.125 90# Liner""",56
R-60150,"""INACTIVE"" 5.375 90# Liner""",56
R-60151,"""INACTIVE"" 6.125 90# Liner""",56
R-60152,"4.125 142 gauge Mylar Type J""",35
R-60153,"""INACTIVE"" .75 50# Liner""",0
R-60155,"3.25""  42# SCK S-20 EASY",35
R-60156,"""INACTIVE"" 78# SC1 Liner - Medium - 1.25""",35
R-60157,"7.25 53# SCK L-3 SC1 Liner""",42
R-60158,"""INACTIVE"" 7.25 50# SCK L-30 SC1 Liner""",42
R-60159,"""INACTIVE"" 4.75 53# SCK L-3 SC1 Liner""",42
R-60160,"""INACTIVE"" 4.75 50# SCK L-30 SC1 Liner""",42
R-60161,"""INACTIVE"" 2.75 78# Medium Release Liner""",35
R-60162,"""INACTIVE"" 4.75 78# Liner Medium Release""",35
R-60163,"""INACTIVE"" 2.25 78# Medium Release Liner""",35
R-60164,"""INACTIVE"" 7.25 92# C1S Liner""",35
R-60165,"""INACTIVE"" 7 7.1 mil Tag Stock - White""",35
R-60166,"""INACTIVE"" 5 1.5 mil Blue PET SC1""",56
R-60167,"11.75 53# SCK L-3 SC1 Liner""",21
R-60168,"""INACTIVE"" 11.75 50# SCK L-30 SC1 Liner""",42
R-60169,"""INACTIVE"" 2.5 3 mil PET SC1""",35
R-60170,"""INACTIVE"" .75 306U Blue Paper""",35
R-60171,"5 78# Liner S-60 Release""",35
R-60172,".75"" 78# Med S-60 Release Liner",35
R-60173,"""INACTIVE"" 1.25 3 mil PET SC2""",42
R-60174,"""INACTIVE"" 5 78# Tight Release Liner""",0
R-60175,"""INACTIVE"" .6875  78# Medium Release""",0
R-60176,"""INACTIVE"" 5.25 78# liner SC1""",35
R-60177,"""INACTIVE"" 2.25 96# SC1 Polycoated paper""",35
R-60178,"""INACTIVE"" 14 3 mil PET SC2 E-3176""",35
R-60179,"""INACTIVE"" 5 Vistex 275 Fog-Free Film""",0
R-60181,"""INACTIVE"" 5.375 78# Med. Release Liner""",35
R-60182,"""INACTIVE"" 2 Melinex Translucent Film""",35
R-60183,"""INACTIVE"" 4.5 Textured Product Liner""",0
R-60184,"""INACTIVE"" 4 4 milBacking Coated/Carrier""",0
R-60185,"**INACTIVE**7.5 96# Liner    DHSPEC# 7197""",35
R-60186,"""INACTIVE"" 7.5 84 # Liner- 2 side poly""",35
R-60187,"""INACTIVE"" 5.25 3 mil Polyester SC1""",0
R-60188,"""INACTIVE"" 5.25 2 mil PET SC1""",42
R-60189,"""INACTIVE"" 11.5 5078 Membrane Biodyne""",0
R-60190,"""INACTIVE"" 5.5 5078 Membrane Biodyne""",0
R-60191,"3.0"" 5 mil PET SC1",35
R-60192,"4"" 5 mil PET SC1",35
R-60193,"""INACTIVE"" 1.4375 42# SCK SC2 Liner-Easy""",35
R-60194,"""INACTIVE"" 4.125 78# Liner Medium Releas""",35
R-60195,"2.5 1 mil Clear PET/REP4/40#""",28
R-60196,"""INACTIVE"" 3.75 7 mil Blue film""",21
R-60197,"""INACTIVE"" 1.75 96# liner""",35
R-60198,"78# Med. (S-60) Release Lnr 3""",21
R-60199,Grafix 7 mil Blue film 4.75 IN,21
R-60200,"""INACTIVE"" 3.25 PVA/Glycerine w/HDPE lnr""",35
R-60201,"""INACTIVE"" 5 Polypropylene Textured Linr""",35
R-60202,"""INACTIVE"" 7 2 MIL CL PET 7300/000""",0
R-60203,"""INACTIVE"" 8.1875 6 mil Polystyrene Line""",35
R-60204,"""INACTIVE"" 4.75 2 mil PET W-2921-16""",0
R-60205,"**INACTIVE**7.0"" 96# Liner DHSPEC#7197",35
R-60206,"""INACTIVE"" 6.625 Release Liner/Ethicon""",0
R-60207,"""INACTIVE"" 5.6875 Loperax 1.7 mil LDPE""",0
R-60208,"""INACTIVE"" 6.625 Mylan Medifilm 390""",0
R-60209,"""INACTIVE"" .50 78# Medium Release Liner""",35
R-60210,"""INACTIVE"" 3.0 1.7 mil LDPE / Ethicon""",0
R-60211,"""INACTIVE"" 6.25 1.7 mil LDPE / Ethicon""",0
R-60212,"""INACTIVE"" 5 9.3 C2S GW Matte Finish""",56
R-60213,"**INACTIVE**6.0"" 96# Liner  DHSPEC#7197",35
R-60214,"""INACTIVE"" 2 printer ribbon""",35
R-60215,"""INACTIVE"" 3.5 50# SCK L-30 SC1 Liner""",42
R-60216,"""INACTIVE"" 3 53# SCK L-3 SC1 Liner""",42
R-60217,"""INACTIVE"" 3 Mesh PET film""",0
R-60218,"""INACTIVE"" .75 1.5 mil Lt.Blue PET""",56
R-60219,"5.5625 53# SCK C1S L-3 Liner""",42
R-60220,"""INACTIVE"" 3.125 Mesh PET film""",0
R-60221,"""INACTIVE"" 50# SCK L-30 SC1 Liner - 1.25""",42
R-60222,42# SC Easy Release 4.25 IN,21
R-60223,"""INACTIVE"" 7.1875 54# C1S Liner""",35
R-60224,"""INACTIVE"" 5.5625 54# C1S Liner""",35
R-60225,"6.25 70# paper liner""",35
R-60226,"""INACTIVE"" .50 1.5 mil Clear PET""",56
R-60227,"4.50"" 5 mil PET SC1",35
R-60228,"3.75 1.4 mil PET SC1 - 4996""",35
R-60229,"2 78# Easy Release Liner""",35
R-60230,"""INACTIVE"" 6 78# C1S Liner S20  (EASY)""",35
R-60231,"""INACTIVE"" .725 306U Blue 50# Uncoated""",35
R-60232,"""INACTIVE"" 6.0 90# Medline Printed LNR""",56
R-60233,"""INACTIVE"" .687 639U Blue 50# Uncoated""",35
R-60234,"""INACTIVE"" 5 54# C1S-S-70 Tight Liner""",35
R-60235,"""INACTIVE"" 8 54# Uncoated Liner""",35
R-60236,"""INACTIVE"" 7 .003 Polyester Easy Release""",0
R-60237,"""INACTIVE"" 3.75 90# SC1 Polycoated paper""",56
R-60238,"3.625 1.5 mil Blue C1S PET""",56
R-60239,"""INACTIVE"" LDPE Blue Liner - 2.75""",35
R-60240,"""INACTIVE"" 8.25 78# SCK S-60 Release LNR""",21
R-60241,"""INACTIVE"" 3.875 Vistex 275 FogFree Film""",0
R-60242,"""INACTIVE"" 2.5 2 mil PET SC1 1803 (Easy)""",35
R-60243,"""INACTIVE"" 11.875 1.5mil PET SC1 (P rel)""",56
R-60244,"10.0"" 42# SCK SC1 S-20 EASY",28
R-60245,"""INACTIVE"" 4.5 42# SCK SC1 S-20     EASY""",21
R-60246,"""INACTIVE"" 2.5 42# SCK SC1 S-20     EASY""",21
R-60247,96# Liner  DHSPEC# 7197  -  4.5 IN,35
R-60248,"""INACTIVE"" 3.625 1.5mil Clear PET L-3""",42
R-60249,"""INACTIVE"" 10 1.5mil Clear PET L-3""",42
R-60250,"""INACTIVE"" 16.875 1.5mil Clear PET L-3""",42
R-60251,"""INACTIVE"" 10 1 mil Clear PET/REP4/40#""",28
R-60252,"""INACTIVE"" 2 42# SCK SC1 S-20    EASY""",21
R-60253,"""INACTIVE"" 3.5 4 mil Clear PET SC2 EASY""",35
R-60254,"""INACTIVE"" 2.375 3 mil LDPE Blue liner""",35
R-60255,"""INACTIVE"" 10 1.5Mil Blue PET SC1 Easy""",56
R-60256,"""INACTIVE"" 2.75 78# SCK S-70 Release LNR""",21
R-60257,"""INACTIVE"" 26 5mil CL PET - Lorarex Inc""",35
R-60258,53# SCK C1S L-3 Liner 6.5 IN,42
R-60259,"""INACTIVE"" 5 mil CL PET Lorarex Inc 4.0""",35
R-60260,"""INACTIVE"" 10 53# SCK BASE (UNCOATED)""",42
R-60261,"""INACTIVE"" 1.75 42# SCK C1S S-0 XTRAEASY""",35
R-60262,"""INACTIVE"" 78# C1S Liner S20  (EASY) 1.5""",35
R-60263,"""INACTIVE"" 4 mil Clear PET SC2 EASY 3""",35
R-60264,"""INACTIVE"" 6 1361 3M 83# Release liner""",35
R-60265,"""INACTIVE"" Master    42# SCK S-0 (1 side)",21
R-60266,"""INACTIVE"" .220 Coated Membrane""",0
R-60267,"""INACTIVE"" .750 Spreading Layer""",0
R-60268,"""INACTIVE"" 10mil POLY",0
R-60269,"""INACTIVE"" 1.875 42# SCK SC1 S-20 Easy""",21
R-60270,"""INACTIVE"" 2.625 42# SCK SC1 S-20 Easy""",21
R-60271,"""INACTIVE"" 1.6875 42# SCK SC1 S-20 Easy""",21
R-60272,"""INACTIVE"" 2.75 42# SCK SC1 S-20 Easy""",21
R-60273,"""INACTIVE"" 8.25 78# SCK S-0 Release LNR""",21
R-60274,"""INACTIVE"" 3.5 15mil Makrofol PCVM""",35
R-60275,"""INACTIVE"" 10 15mil Makrofol PCVM""",35
R-60276,"78# SCK S-0 Release LNR - 4.0""",21
R-60277,"""INACTIVE"" 6 9956 Polyester Liner 6""x25y""",35
R-60278,"""INACTIVE"" 3.5 42# SCK SC1 S-20     EASY""",21
R-60279,"1.25"" 4 mil Clear PET SC2 EASY",35
R-60280,78# Liner CLS SC1 Tight 3.5 IN,21
R-60281,"""INACTIVE"" 9.0 Hydrogen Peroxide""",0
R-60282,"""INACTIVE"" 1.0 78# Medium Release Liner""",35
R-60283,"78# Liner S-60 Release - 6""",21
R-60284,"""INACTIVE"" 2.50 4 mil Clear PET SC2 EASY""",35
R-60285,"4.5 4 mil Clear PET SC2 EASY""",35
R-60286,"""INACTIVE"" 6.0 .005 PET / Melinex 561""",35
R-60287,"""INACTIVE"" 6.0 .007 PET / Melinex 561""",35
R-60288,"""INACTIVE"" 6.0 .010 PET / Melinex 561""",35
R-60289,"""INACTIVE"" 6.0 .014 PET / Mylar A""",35
R-60290,"""INACTIVE"" 6.0 90# Liner""",56
R-60291,7.0 3 mil PET SC1,35
R-60292,7.0 3 mil PET SC1,35
R-60293,"""INACTIVE"" 9.0 Hydrogen Peroxide-Walmart""",0
R-60294,78# SCK S-0 Release LNR 9.0 IN,21
R-60295,"""INACTIVE"" 2.5 mil Blue HDPE SC1 - 4.625""",35
R-60296,"""INACTIVE"" 2.0 4 mil Clear PET SC2 EASY""",35
R-60297,"13.5 3 mil PET lnr 4166(Easy)""",35
R-60298,"""INACTIVE"" 3.625 5 mil CL PET Lorarex""",35
R-60299,"78# SCK S-0 Release LNR - 4.50""",21
R-60300,"""INACTIVE"" 6.50 54# Uncoated Liner""",35
R-60301,"3.375 78# SCK S-0 Release LNR""",21
R-60302,"""INACTIVE"" 6.0 Coated Accurrex Membrane""",0
R-60303,"""INACTIVE"" CS Coated Spread Layer MMM20 3.0 IN",0
R-60304,"""INACTIVE"" .50 Spreading Layer""",0
R-60305,"""INACTIVE"" CS Un-Coated Spread Layer 6.0 IN",0
R-60306,"""INACTIVE"" CS Un-Coated Spread Layer 3.0 IN",0
R-60307,"""INACTIVE"" 78# C1S Liner S20(EASY) 1.75 """,35
R-60308,"""INACTIVE"" 1.625 4 mil ClearPET SC2 EASY""",35
R-60309,"""INACTIVE"" 4.50 1 mil Blue PET-Uncoated""",35
R-60310,"""INACTIVE"" 4.50 3 mil Red PET / SC1-T10""",35
R-60311,"""INACTIVE"" 4.50 2 mil Clear PET/SC1-T10""",35
R-60312,"""INACTIVE"" 6.0 42# SCK S-0 (1 side)""",21
R-60316,"4.0 3 mil PET lnr 4166(Easy)""",35
R-60317,"""INACTIVE"" 1.50 2 mil Clear PET/SC1-T10""",35
R-60318,"""INACTIVE"" 2.50 2 mil Clear PET/SC1-T10""",35
R-60319,"""INACTIVE"" 3.25 2 mil Clear PET/SC1-T10""",35
R-60320,"""INACTIVE"" .5625 3 mil Red PET / SC1-T10""",35
R-60321,"""INACTIVE"" .625 1 mil Blue PET-Uncoated""",35
R-60365,"""INACTIVE"" .625 single coated DM 9005""",35
R-60366,"""INACTIVE"" 1.375 single coated DM 9005""",35
R-60367,"""INACTIVE"" .25 single coated DM 9010""",35
R-60368,54# Uncoated Liner 9.0 IN,21
R-60369,"2.50 1.5 mil Blue C1S PET""",56
R-60370,"""INACTIVE"" 1.50 4 mil Clear PET SC2 EASY""",35
R-60371,"""INACTIVEA"" .687 309U Blue 50# Uncoated""",35
R-60372,"""INACTIVE"" 10.0 Polyurethane film""",0
R-60373,"3.50 78# SCK S-0 Release LNR""",21
R-60374,"""INACTIVE"" 42# SCK C1S S-20    EASY 1.50 IN",35
R-60375,"""INACTIVE"" 1.9685 Nitrocellulose Membran""",0
R-60376,"""INACTIVE"" 1.9685 Nitrocellulose Membran""",0
R-60377,"""INACTIVE"" 4 78# Liner CLS SC1 S-75""",35
R-60378,"1.875"" 60# Poly-Coated SC1 Lnr",35
R-60379,"""INACTIVE"" 6.0 60# SBK SC1 Lnr S-0 easy""",21
R-60380,"6.75"" 78# SCK S-0 Release LNR",21
R-60381,"78# Liner S-60 Release 4.25""",21
R-60382,"""INACTIVE"" Printer ribbon, Black R4307",35
R-60383,"4.375 4 mil Clear PET SC2 EAS""",35
R-60384,"Printer ribbon, Blue R4502-BL",35
R-60385,"""INACTIVE"" Printer ribbon, Green R4502-GR",35
R-60386,"Printer ribbon, Red R4502-RD",35
R-60387,"2.375 96# liner   DHSPEC#7197""",35
R-60388,"""INACTIVE"" 6.0 1 mil PET-Uncoated""",35
R-60389,Urethane film  ST-1183 5.33 IN,35
R-60390,"""INACTIVE"" 8.75 G2706 8 mil film",35
R-60391,"""INACTIVE"" 4 78# Med. S-0 Release Liner""",35
R-60392,"78# Liner S-0 Release - 4.25""",35
R-60393,"""INACTIVE"" 0.625 1 mil PET-Uncoated""",35
R-60394,"""INACTIVE"" 9.5 54# Uncoated Liner""",35
R-60395,"""INACTIVE"" 8.50 78# SCK S-60 Release LNR""",21
R-60396,"""INACTIVE"" 4.25 1.5 mil Blue PET SC1""",56
R-60397,"""INACTIVE"" 14 mil PET - Mylar A 4.0""",35
R-60398,"1 mil PET-Uncoated 2.625""",35
R-60399,1.75 G2706 8 mil film,35
R-60400,"""INACTIVE"" .005 PET / Melinex 561 - 4.0""",35
R-60401,"""INACTIVE"" 6.5 96# liner   DHSPEC#7197""",35
R-60402,CS DM8669 25# cold seal 9.25 IN,28
R-60403,"10.0 DM8669 25# cold seal""",35
R-60404,"""INACTIVE"" 9.88 DM8669 25# cold seal""",0
R-60405,CS DM8669 25# cold seal 9.25 IN Prtd,28
R-60406,"""INACTIVE"" 5.25 W-2921 2mil Clear PET""",105
R-60407,"""INACTIVE"" 4.50 UV12 .003"" Easy release""",35
R-60408,"4.0 ARcare 8890 liner""",105
R-60409,1.5 mil 5033SL PET lnr 6.375 IN,35
R-60410,"3.50 2 mil PET lnr""",35
R-60411,"6.0 DM8669 25# cold seal""",35
R-60412,"""INACTIVE"" 4.0 DM8669 25# cold seal""",0
R-60413,"""INACTIVE"" 2.50 3 mil PET SC1 lnr E-5156""",35
R-60414,"""INACTIVE"" 3.75 DM8669 25# cold seal""",0
R-60415,"""INACTIVE"" 2.625 2 mil PET lnr - White""",35
R-60416,"""INACTIVE"" 12.0 70# cream vellum paper""",35
R-60417,"""INACTIVE"" 2.50 70# cream vellum paper""",35
R-60418,"3.50"" 3 mil DPTA PET / SC1-T10",48
R-60419,"""INACTIVE"" 3.241 R10579 release liner",105
R-60420,"""INACTIVE"" CS Urethane Medifilm 426 8.0 IN",0
R-60421,".002"" (2 mil) PET lnr 8.0 IN",35
R-60422,"""INACTIVE"" 5.0 50K-8 Liner SC1""",35
R-60423,"""INACTIVE"" 3.0 50K-8 Liner SC1""",35
R-60424,50# SCK L-30 SC1 Liner 6.50 IN,42
R-60425,"""INACTIVE"" 68.5 96# Liner  DHSPEC#7197""",35
R-60426,"""INACTIVE"" 6.0 3 mil PET SC1",35
R-60427,"""INACTIVE"" 16pt SBS 10.0""",35
R-60428,"""INACTIVE"" 1.50 50K-8 Liner SC1""",35
R-60429,"""INACTIVE"" 1.75 78# Liner S-60 Release""",21
R-60430,"""INACTIVE"" 6.0 4 mil C2S PET Liner""",35
R-60431,"""INACTIVE"" 1.5 4 mil C2S PET Liner""",35
R-60432,"""INACTIVE"" 2.625 78# C1S Liner S20 easy""",35
R-60433,"""INACTIVE"" 1.375 78# C1S Liner S20 easy""",35
R-60434,CS 3 mil PET SC1 5.25 IN,28
R-60435,CS 2 mil PET SC1 5.25 IN,28
R-60436,"""INACTIVE"" CS Frestyle release liner 5.25 IN",105
R-60437,"""INACTIVE"" 2.875 96# Liner""",35
R-60438,"""INACTIVE"" 6.875 96# Liner DHSPEC#7197""",35
R-60439,"""INACTIVE"" 7.3125 96# Liner DHSPEC#7197""",35
R-60440,CS POUCH FILM DUREFLEX #101003001 9.25 IN,21
R-60441,"""INACTIVE"" CS POUCH FILM WHITE #100885001 10.0 IN",21
R-60442,SIL-TECH 3 MIL 6 IN,35
R-60443,"24"" AET B525 BOPP FILM 75G",35
R-70001,"""INACTIVE"" 4.5 60# Semi-gloss""",0
R-70002,"""INACTIVE"" 6 60# label stock""",0
R-70003,"""INACTIVE"" 5 40# Semi-Gloss""",35
R-70004,"""INACTIVE"" 4.25 60# High Gloss""",0
R-70005,"""INACTIVE"" 4.5 High Gloss Label Stock""",0
R-70006,2 mil Silver Mylar 1.625 IN,35
R-70007,"""INACTIVE"" Label-Avery#5196",35
R-70008,"""INACTIVE"" 4.5 Silver Foil w/ Adhesive""",35
R-70009,"""INACTIVE"" High Gloss Label - 5.25""",35
R-70010,"""INACTIVE"" 1.25 50# or 60# label stock""",35
R-70011,"""INACTIVE"" 6.5 Semi-Gloss label stock""",35
R-70012,"""INACTIVE"" High Gloss Label Stock 4""",35
R-70013,"""INACTIVE"" 5.5 High Gloss Label Stock w/""",35
R-70014,"""INACTIVE"" 60# Cast Gloss/S246/40# - 5.5""",56
R-70015,"""INACTIVE"" 5.0 2 mil Silver Mylar""",35
R-70016,"""INACTIVE"" 2.25 60# Cast Gloss/S246/40#""",56
R-70017,"""INACTIVE"" 3.0 3M 7323 .002 Mylar""",35
R-70018,"""INACTIVE"" 2.50 60# Cast Gloss/S246/40#""",56
R-70019,"6.0 3M 7323 .002 Mylar""",35
R-70020,"60# Cast Gloss/S246/40# - 7.625""",56
R-70021,"Labels- Roll Stock - 4"" × 2"" #S-5035",35
R-70022,"""INACTIVE"" 1 3M Scotchlite White""",35
R-70023,"""INACTIVE"" 2.375 HG+/HMR/50#""",56
R-70024,"""INACTIVE"" 0.375 Custom Label Y82728""",35
R-70025,"0.276 Custom Label Y80964""",35
R-70026,"4 x 2"" Thermal Transfer Label""",2
R-70027,"""INACTIVE"" 3.75 3M 7323 .002 Mylar""",35
R-70028,"""INACTIVE"" 9.0 Semi-Gloss Paper Label""",35
R-70029,"""INACTIVE"" 6.0 3M Scotchlite White""",35
R-70031,"""INACTIVE"" 2.25"" 3M 7323 .002 MYLAR SILVER/PET",0
R-77005,FTS Laser-Aid 5 pr label-Frnt&Back CE,35
R-77006,**INACTIVE**FTS Laser-Aid 5 pr label-Frnt&Back,35
R-77007,**INACTIVE**FTS IPL-Aid 50 pr label  Frnt&Back,35
R-77008,IPL-Aid 5 pr label - Frnt&Back CE,35
R-77009,**INACTIVE**FTS Derm Aid 50pr label-Frnt&Back,35
R-77010,Derm-Aid 5pr Front-Back Label CE,35
R-77011,Laser-Aid 24pk label-Frnt&Back CE,28
R-77012,FTS IPL-Aid 50 pr label  Frnt&Back CE,35
R-77013,LED-Aid 50 pr label  Frnt&Back CE,28
R-77014,FTS Derm Aid 50pr label-Frnt&Back CE,35
R-77015A,FTS LED-Aid 5pr label - Frnt&Back CE,35
R-77016,**INACTIVE**Derm-Aid PN 3199-7300AP 50 pr Front-Back Label CE,21
R-77017,Anesthesia-Aid 50pr Front-Back Label CE,21
R-77018,Anesthesia-Aid 5pr Front-Back Label CE,21
R-80002,"""INACTIVE"" ADS supplied AEP-2Cx carbon",0
R-80003,"""INACTIVE"" 2.35 mil carbon/vinyl - 2.25""",35
R-80004,"""INACTIVE"" 2.5 2.35 mil carbon/vinyl""",35
R-80005,"2.35 mil carbon/vinyl - 7.75""",35
R-80006,"""INACTIVE"" 2.35 mil carbon/vinyl - 4.5""",35
R-80007,"""INACTIVE"" 1.75 4 mil carbon""",35
R-80008,"""INACTIVE"" 2.25 4 mil carbon""",0
R-80009,"""INACTIVE"" 3.5 4 mil carbon""",35
R-80010,"""INACTIVE"" 4.25 4 mil carbon""",35
R-80011,"""INACTIVE"" 4.75 4 mil carbon""",35
R-80012,"""INACTIVE"" .75 extruded carbon PT# 1703""",35
R-80013,"""INACTIVE"" 2 extruded carbon - VC3600""",35
R-80014,"""INACTIVE"" 8.5 2 mil Carbon""",35
R-80015,"""INACTIVE"" .875 2.35 mil Carbon/Vinyl""",35
R-80016,"""INACTIVE"" 4 mil Carbon 2.375""",35
R-80017,"3.375"" 4 mil Carbon",60
R-80018,"""INACTIVE"" 2 Extruded Carbon - VC-1851""",35
R-80019,"""INACTIVE"" 10  2 mil carbon""",35
R-80020,"""INACTIVE"" 14.25  4 mil carbon""",35
R-80021,"""INACTIVE"" 5.25  2.35 mil Carbon/Vinyl""",35
R-80022,"""INACTIVE"" 3 2.35 mil Carbon/Vinyl""",35
R-80023,"""INACTIVE"" 2 40 Durometer Silicone Rubbe""",0
R-80024,"""INACTIVE"" 9.4 4 mil carbon""",35
R-80025,"""INACTIVE"" 3 2 mil Carbon     2264SC""",35
R-80026,4 mil Carbon  2252,35
R-80027,"""INACTIVE"" 3.25 4 mil carbon""",35
R-80028,"""INACTIVE"" 2.375 AG Coated 2 mil Carbon""",35
R-80029,"""INACTIVE"" 45 AG Coated 2 mil Carbon""",35
R-80030,"""INACTIVE"" Master-AG Coated 2 mil Carbon",35
R-80031,"""INACTIVE"" 2.125 AG Coated 2 mil Carbon""",35
R-80032,"2.35 mil Carbon/Vinyl - 1.875"" Medium",35
R-80033,"2.35 mil Carbon/Vinyl - 1.625"" Small",35
R-80034,"""INACTIVE"" 20.25 2.35 mil Carbon/Vinyl""",35
R-80035,"""INACTIVE"" 2.35 mil Carbon/Vinyl - 1.875"" Large",35
R-80036,CS 4 mil carbon/Silver/Paper 4.0 IN,35
R-80037,"""INACTIVE"" CS MH-90966-993 conductive 4.0 IN",105
R-80038,CS MH-92115-991 conductive 3.97 IN,105
R-80039,CS MH-92116-991 conductive 4.0 IN,105
R-80040,6355 AG/AGcl 2 mil 3.75 IN,60
R-80041,"4.0 92086 Conductive film""",105
R-80042,CS IC 69114 Conductive film 4.0 IN,35
R-80043,"""INACTIVE"" 4.5 4 mil Carbon""",35
R-80044,"""INACTIVE"" 2.75 4 mil Carbon""",35
R-80045,"4.0"" IC 68767 Conductive film",35
R-90001,"""INACTIVE"" 10.875 .0006 Pure Tin Foil""",84
R-90002,"""INACTIVE"" 2.9375 .0006 pure tin foil""",84
R-90003,"""INACTIVE"" 4.625 1.55 PET Copper Ripstop""",0
R-90004,Foil/Bag Liner,35
R-90005,"""INACTIVE"" 5 1.55 PET Copper Ripstop""",0
R-90006,"""INACTIVE"" 2.375 Flexmark Silver""",0
R-90007,"""INACTIVE"" 2.375 PrismCal""",0
R-90008,"""INACTIVE"" 10.25 2 mil Pure Grade A Tin""",0
R-90009,"""INACTIVE"" 24 Foil/Bag Liner""",0
R-90010,"**INACTIVE**3 220 grit sandpaper""",35
R-90011,"""INACTIVE"" 10.125  .0006 Pure Tin""",84
R-90012,"""INACTIVE"" 3.625 .0006 Pure Tin Foil""",84
R-90013,"""INACTIVE"" 11.0625 .0006 99.9% Pure Tin""",84
R-90014,"""INACTIVE"" 3.6875 .0006 Pure Tin Foil""",84
R-90015,"""INACTIVE"" 3 .0006 pure tin foil""",0
R-90016,"""INACTIVE"" 3.375 Kapton 2 Mil""",35
R-90017,"""INACTIVE"" 4.125 1 oz. JTC Flex Copper""",35
R-90018,.0006 Pure Tin Foil  -  4.0625 IN,84
R-90019,"""INACTIVE"" 21 1 oz. Grade 2 HTE Flex CU",35
R-90020,"""INACTIVE"" 1.55 1 oz. JTC Copper""",35
R-90021,"""INACTIVE"" 1.55 2 mil Kapton""",35
R-90022,"""INACTIVE"" 2 mil Copper Foil 1""",0
R-90023,"""INACTIVE"" 4.125 2 mil Kapton""",35
R-90024,"""INACTIVE"" 3.31 .0006 Pure Tin Foil""",84
R-90025,"""INACTIVE"" 7 1oz JTC Copper""",35
R-90026,"""INACTIVE"" 7 2 mil Kapton""",35
R-90027,"""INACTIVE"" 5.75 1oz JTC Copper""",35
R-90028,"""INACTIVE"" 18 .0015 1145 Alum Foil""",35
R-90029,"""INACTIVE"" 6 .0015 1145 Alum Foil""",35
R-90030,"""INACTIVE"" 7 .9 mil Foil""",84
R-90031,"""INACTIVE"" .0015"" 1145 Alum Foil - 6.625""",35
R-90032,"""INACTIVE"" 4.75 .0015"" 1145 Al Foil""",35
R-90033,CS 3M Red 180 Grit Util Cloth 1 IN,7
R-90034,"3M 468L Sandpaper - .55""",35
R-90035,"""INACTIVE"" 6 Pechiney Desiccant Pkg.Mtrl""",0
R-90036,"""INACTIVE"" 6 Pechiney Weld Seal Foil""",0
R-90037,"""INACTIVE"" 6.25 Printed heat seal foil""",35
R-90038,"""INACTIVE"" 6.25 Unprinted Heat Seal Foil""",35
R-90039,CS Printed Silver BOPP Film - 6.0 IN,28
R-90040,"""INACTIVE"" Silver Printed BOPP Film .375""",28
R-90041,1145-O Alum Foil .0015   5.0 IN,35
R-90042,"""INACTIVE"" 12 x 12"" Alum Foil sheets""",21
R-90043,"""INACTIVE"" 9.25 Heat Seal Foil Packaging""",0
R-90044,"""INACTIVE"" CS NIKOMED 3"" 180 grit sandpaper",35
R-90045,"""INACTIVE"" 3.5 .0015"" 1145 Alum Foil""",35
R-90046,"""INACTIVE"" 1.0 .012 Aluminum""",21
R-90047,"""INACTIVE"" 1.0 .008 Aluminum""",21
R-90048,"""INACTIVE"" 18 .0015 1235 Alum Foil""",35
R-90049,1181 Tape Copper Foil 1 IN,35
R-90050,"""INACTIVE"" .002 1145/1235-0 Alum foil 4.0""",35
R-90051,"7 .0014 Grade III copper""",35
R-90052,"4.70 .004 1100-0 Alum foi""",21
R-90053,"""INACTIVE"" 7.50 IF BRT SILV 08192 / psa""",0
R-90054,CS Printed Silver BOPP Film - 2.5 IN,28
R-90055,"""INACTIVE"" Printed Silver BOPP Film - 7.0""",28
R-90056,"""INACTIVE"" OptiFLEX 2.3 mil Labels - 7.50""",56
R-90057,"2 MIL POLYBAGS 8"" X 10""  S-955",1
R-90058,IPL-AID 50PR & 10 PR DIRECTIONS,28
R-90059,LED-AID 50 PR & 10 PR DIRECTIONS,28
R-90060,DERM-AID 50 PR & 10 PR DIRECTIONS,28
R-90061,**INACTIVE**1.6 MIL SILVER MYLAR 1.625 IN,28
R-90062,78# SCK S-0 RELEASE LNR 4.5 IN,28
R-90063,".002"" (2 MIL) PET LNR 9.25 IN",35
R-90064,CLEAR VINYL POUCH 3.75X3.75 W/ADH STRIP,35
R-90065,ANESTHESIA-AID 50PR & 5 PR DIRECTIONS,28
R-90066,".0011 PURE TIN FOIL 4.0625"" #3099990011",35
R-90067,NO161-SB-P Stud 304 Stainless,56
R-90068,"3M 1504 5.875""Tape x 6.0"" Carrier 1/16"" EL Liner each side",35
R-90069,"4.72"" (120 mm) P-1035 Plasto Tan Tape",70
R-9994,"""INACTIVE"" Shipper",0
R-9995,"""INACTIVE"" Connector (Electrode)",0
R-9996,"""INACTIVE"" Top Liner",0
R-9997,"""INACTIVE"" Foil Pouch",0
R-9998,"""INACTIVE"" AgAgCl Ink Array",0
R-9999,"""INACTIVE"" AmGel 703 Gel",0
SH-56-4R,Sheeter - 56 tooth / 4 around,0
SP-246,"3ac 3ar 74T  10 Vinyl/Carbon""",21
SP-247,"4 Blade Lineal 72T  10"",R""",0
SP-248,1ac 3ar 74T Final Die Cut,21
SP-249,"2 AC 4 AR, 7 Trivirix die""",21
SP-250,"2 AC Lineal, 7 Trivirix die""",21
SP-252,"16 Blade buttcut, 7 48 Tooth""",21
SP-271,"Slitter Knife, 2 AC 1 AR, 56 Tooth",21
SP-799,TOOL-EMPI IOMED TRICOT,21
SP-820,"TOOL - 10"" Adjustable Scoring Blade - 72 tooth",0
ST-1000,STERILIZATION ETHYLENE OXIDE,0
ST-2000,PROTOCOL DEVELOPMENT FOR EO STERILIZATION,0
STM3520,"4” X 4” BORDER GAUZE ADHESIVE ISLAND WOUND DRESSING, 150 Ct",0
STM6012,"0.25"" X 3"" STERILE REINFORCED WOUND CLOSURE STRIPS, 200 Ct",0
STM6038,"2.37” x 2.75” IV SITE THIN FILM DRESSING STERILE, 100 Ct",0
Supplied Water,Mesquite Supplied Water,0
T-2000,"Tool - 3 x 3.25 (4 x 5) 128 Tooth 16""",14
T-2001,"Tool - 3 x 3.25 (4 x 5) 128 Tooth 16"" 3 x 3 SQ W/Radius Corners",14
T-2002,Tool - 4 x 3 (1 x 1) 102 Tooth,0
T-2003,Tool  - Sheeter 16 x 12.75 (1 x 1) 102 Tooth,0
T-2004,Tool - 2.75 x 4  (2 x 2) 64 Tooth,0
T-2005,"Tool - 7"" Delta Rotary Score Blade (2 x 1) 64 Tooth",0
T-2006,"Tool - 7"" Delta Rotary Score Blades off-center (2 x 1) 64 Tooth",0
T-2007,"Tool - 4 x 4.25"" (3 x 4) 136 Tooth 16"" Pace Special",14
T-2008,"Tool - 4 x 5.375"" (3 x 3)  128 Tooth 16"" Pace Rotary Special",14
T-2009,"Tool - 2 x 2.125"" (5 x 7) 119 Tooth 16"" Pace Special",14
T-2010,"TOOL-2 LEVEL DIE  96T, 8.75x6 (1X2) 10"" PACE OR DELTA 13",0
T-2011,"Tool - 4 x 4.25"" (3 x 4) 136 Tooth 16"" Pace Special",14
T-2012,"Tool  60 Tooth 1"" x 5"" (1 x 6)",14
T-2013,"Tool - 7"" 3.625 X 3.625 80T",28
T-2014,Tool - 2 x 1 64 Teeth,14
T-2015,Tool - 4 x 1  64 Teeth,14
T-2016,"Tool - 7"" Kiss Cut 63 Teeth (2 x 2)",14
T-2017,Tool,14
T-2018,Tool -  88 Tooth 4 x 4 Kiss Cut Poly Die,14
T-2019,Tool - RCR Metal/Metal 1 x 2 136 Teeth,14
T-2020,Tool - Kiss Cut Oval - 68 Tooth,14
T-2021,Tool - Metal to Metal Perimeter Cut - 68 Tooth,14
T-2022,"Tool - Kiss Cut 1.75"" Diameter 60 Teeth",14
T-2023,Tool - M/M Perimeter Cut 60 Tooth,14
T-2024,Tool - 2 x 1  2-Level 56 Teeth,14
T-2025,Tool - 3 x 1 2-Level 56 Teeth,14
T-2026,Tool - 2 x 1 2-Level 56 Teeth,14
T-2027,TOOL - CROSS KISS CUT 0.317 1 x 26 66 Teeth,14
T-2028,TOOL - LINEAL KISS 2.75 1 x 1 66 Teeth,14
T-2029,Tool - Underscore Kiss Cut 1 x 1 60 Teeth,14
T-2030,Tool - Top Kiss Cut 1 x 1 60 Teeth,14
T-2031,TOOL - Score Arglas 4X5 64 Tooth,14
T-2032,"7” SHEETER 56TH 1AC 2AR, 3.5” REPEAT",0
T-2035,KISSCUT 72T 1AC 6AR,14
T-2036,Tool - 72 Teeth 8 x 3,14
T-2037,SCORE (6.375) EXOPACK FOAM,14
T-2038,SCORE (4.375) EXOPACK FOAM,14
T-2039,TOOL-PRECEPT SHIELD,14
T-2039-2,TOOL - PRECEPT SHIELD,14
T-2040,TOOL-GROOVED IDLER ROLLER W/ 97T GEAR,14
T-2041,Tool - 6 x 6 (2 x 2),14
T-2042,"Tool - 7"" DELTA 2x2, 1 acr, 4 ar, 64 TG",14
T-2043,"Tool - 7"" DELTA 4x4, 1 acr, 2 ar, 64 TG",14
T-2044,TOOL-10 EMPI CUTTING TOOL 94 TG,14
T-2045,Tool - 1 x 1 64-Tooth,14
T-2046,TOOL SIMIO INNER PATTERN-70T,14
T-2047,TOOL SIMIO LOOP KISS CUT-70T,14
T-2048,TOOL SIMIO PERIMETER - 70T,14
T-2049,TOOL-LINEAL SCORE 64T,14
T-2050,TOOL-4X6 RCR PERIMETER 64T,14
T-2051,TOOL-PRECEPT SHIELD,14
T-2052,TOOL-PRECEPT CREASE DIE,14
T-2053,"TOOL- 10"" EMPI SHEETER TOOL 94 TG",14
T-2054,USE FOR NEXT TOOL,14
T-2055,"Tool - 1 x 3 63 Teeth Kiss Cut 7""",14
T-2056,"Tool - 7.0"" Perimeter Cut 63 teeth 1 x 3",14
T-2056-1,"Tool - 7.0"" Perimeter Cut 63 teeth 1 x 3",14
T-2057,Tool-m/m Spenco,14
T-2058,Tool-kiss cut-Spenco,14
T-2059,"TOOL-7"" LINEAL SCORE 64 TG 4.75""",14
T-2060,"TOOL-10"" LINEAL SCORE 64 TG 4.75""",14
T-2061,"TOOL-10"" LINEAL SCORE 64 TG 2.75""",14
T-2062,"TOOL-7"" LINEAL SCORE 64 TG 2.75""",14
T-2063,"TOOL-7"" DIAMETER TOOL KISS CUT, 80T",14
T-2064,Tool - 80 around,14
T-2065,Tool - 80 around,14
T-2066,Tool - 114 Teeth,14
T-2067,Tool - 80 Teeth,14
T-2068,Tool - 80 around,14
T-2069,"Tool - 7"" Special 80T",14
T-2070,Tool - 80 around,14
T-2071,Tool - 114 Teeth Metal to Metal Sheeter,14
T-2072,Tool - 88 Tooth Metal to Metal,14
T-2073,Tool - 88 Tooth Kiss Cut 2-Level,14
T-2074,Tool - 88 Tooth Kiss Cut,14
T-2075,Tool -  88 Tooth 4 x 4 Kiss Cut Poly Die,14
T-2076,"TOOL-7"" LINEAL SCORE 64 TG 1.22""",14
T-2077,"Tool-148T-10.0"" Perim. tool",14
T-2078,"Tool-148T-10.0""Score m/m",14
T-2079,"Tool-148T-10.0"" Kiss Cut",14
T-2080,"Tool -  7.0"" PERIMETER CUT 63 TOOTH",14
T-2080-1,"Tool - 7"" Kiss Cut 63 teeth (4 x 2.375)",14
T-2081,"Tool - 7"" 1 X 3 63 Teeth Kiss Cut",14
T-2082,"TOOL - 7"" LINEAL SCORE 64 TG 2.75""",14
T-2083,"TOOL - 7.0"" LINEAR SCORE 64T 2.75""",14
T-2084,"TOOL - 7"" LINEAL SCORE 64 TG 2.75""",14
T-2085,"TOOL-10"" LINEAL SCORE 64 TG 2.75""",14
T-2086,"TOOL - 10"" LINEAL 64T 2.75"" 2x1 Perimeter",14
T-2087,"TOOL 10.0"" LINEAL SCORE 64 TOOTH",14
T-2088,TOOL-FILTRX POUCH SHEETER,14
T-2089,TOOL-FILTRX LINEAL SCORE,14
T-2090,TOOL-FILTRX PERIMETER,14
T-2091,TOOL-BASTOS VIEGAS CREASE TOOL,14
T-2092,TOOL-BASTOS VIEGAS SHIELD,14
T-2093,TOOL-FILTRX WINDOW,14
T-2094,TOOL-FILTRX K/C NONWOVEN,14
T-2095,"TOOL-7"" SHEETER 1"" 64TG 8 AROUND",0
T-2096,"TOOL - 3.62"" DIA KISS CUT 7"" TOOL, 90T",14
T-2097,"TOOL - 2.38X2.38"" KISS CUT 7"" TOOL, 90T",14
T-2098,"TOOL - 2.13""X2.13"" METAL TO METAL 7"" DIE 90TG",14
T-2099,"TOOL - 3.75""X3.75"" METAL TO METAL 7"" DIE 90TG",14
T-2100,TOOL-ACTIVATEK 0.625 CIRCLE DIE,14
T-2101,Tool - 1 X 2 68 Teeth,14
T-2102,TOOL-Medline Carrington DIE,14
T-2103,TOOL-Medline Carrington DIE,14
T-2104,"Tool - 7"" 4 x 4 80 Teeth",14
T-2105,Tool - ADROIT Kiss Cut 76 Teeth,14
T-2106,Tool - ADROIT SLITTER 76 Teeth,14
T-2107,Tool - .375 SLITTER 76T,14
T-2108,TOOL-SMALL TULIP PERIMETER,14
T-2109,TOOL-SMALL TULIP PAD,14
T-2110,TOOL-MEDIUM TULIP PERIMETER,14
T-2111,TOOL-MEDIUM TULIP PAD,14
T-2112,TOOL-LARGE TULIP PERIMETER,14
T-2113,TOOL-LARGE TULIP PAD,14
T-2114,TOOL-HYDROCOLLOID SCORE DIE,14
T-2115,TOOL-6.25X8 RCR PERIMETER 64T,14
T-2116,TOOL-MEDTECH SUCTION PORT DIE,14
T-2117,TOOL-4X5 DRY EDGE SCORE DIE,14
T-2118,"TOOL 7.0"" KISS CUT  63 TOOTH (2 x 2)",14
T-2119,"TOOL 7.0"" KISS CUT 63 TOOTH Front Slit",14
T-2119-1,"TOOL 7.0"" KISS CUT 63 TOOTH Front Slit",14
T-2119-2,KISSCUT W/FRONT SLIT T-63 AC-1 AR-3,0
T-2120,TOOL-1X3 PERIMETER 63TEETH,14
T-2121,"Tool - 63T 7"" Perimeter 4""x2.375""",28
T-2122,"TOOL - 7"" LINEAL SCORE 64 TG 2.75""",14
T-2123,"TOOL-7"" LINEAL SCORE 64 TG 2.75""",0
T-2124,"Tool - 7"" LINEAL SCORE 64T 2.75""",14
T-2125,2.75 T-64 AC-2 AR-1,0
T-2126,"TOOL-10"" WINDOW KISSCUT 63T 1X3 PERIMETER",0
T-2127,"Tool - 10"" WINDOW FRONT SLIT 63T 1x3 Perimeter",0
T-2128,"TOOL -  10"" 63 TOOTH SHAPE DIE",28
T-2129,"TOOL 10.0"" PERIMETER CUT 63 TOOTH",14
T-2130,"TOOL-10"" LINEAL SCORE 64T 2.75""",28
T-2131,"TOOL -10"" LINEAL SCORE 64T 2.75"" OFFCENTER",0
T-2132,7” MEDLINE 2X3 WINDOW KISSCUT 63TH 1AC 3AR,0
T-2133,7” MEDLINE 2X3 WINDOW KISSCUT 63TH 1AC 3AR,0
T-2134,WINDOW KISSCUT 63T 1AC 1AR,14
T-2135,"2X2 ThinFlim Window(Medline) 10"" Tool 63TG",14
T-2136,TOOL-4X5 KISS CUT WINDOW,14
T-2137,Tool - 2 X 1 64 Teeth,14
T-2138,Tool - 2 X 1 64 Teeth,14
T-2139,Tool - 1 X 2 68 Teeth,14
T-2140,Tool - 1 X 2 68 Teeth,0
T-2141,Tool - 1 X 2 68 Teeth,14
T-2142,6X8 THIN FILM PERIMETER 68TH 1AC 2 AR,0
T-2143,Tool - 2 X 1 64 Teeth,14
T-2144,Tool - 2 X 1 64 Teeth,14
T-2145,Tool - 1 X 2 68 Teeth,0
T-2146,Tool - 1 X 2 68 Teeth,14
T-2147,Tool - 1 X 2 68 Teeth,14
T-2148,Tool - 1 X 2 68 Teeth,14
T-2149,Tool - 1 x 2 68T Perimeter,14
T-2150,Tool - Score 72T,14
T-2150-1,Tool - 12 X 1 x 72 Teeth,14
T-2151,Tool - 1 X 18 X 63 Teeth,14
T-2151P,Tool - WHATMAN COMPRESSION DIE,14
T-2152,Tool - 12 X 1 X 72 Teeth,14
T-2153,TOOL- 1/4X3 MEDISTRIP PERIMETER DIE,14
T-2154,TOOL- 1/4X3 MEDISTRIP LINEAL SCORE DIE,14
T-2155,TOOL- 1/4X3 MEDISTRIP UNDER SCORE DIE,14
T-2156,TOOL-NICOSPAN SCORE 1.0 IN,14
T-2158,"TOOL-10"" SHEETER TOOL 81T, 2.531""",14
T-2159,TOOL-NICOSPAN SHEETER 1.25 IN,14
T-2160,3x1.5 72T 2AC 3AR,14
T-2161,Metal to Metal 72T 2AC 3AR,14
T-2163,Metal to Metal 3X3 72T 1AC 3AR,0
T-2164,Tool - LINIEAL SLIT 72 TOOTH,14
T-2165,Tool - Lineal Score 72 Tooth,14
T-2166,"Tool  - 1"" Removable Blade Sheeter 12 AR",0
T-2167,"TOOL - 7"" MEDLINE TUBE HOLDER M/M DIE-SHAPE",14
T-2168,"TOOL - 7"" MEDLINE TUBE HOLDER K/C DIE-SHAPE",14
T-2169,Tool - Scoring,28
T-2172,2.0x4.0 M/M 64T 2AC 2AR,0
T-2173,Tool - COMUNDIAL LNR SCORE,28
T-2174,"7"" WINDOW TOOL KISSCUT 63T 1AC 3AR",0
T-2175,Tool  - PNEUMATIC SLITTER,0
T-2176,Tool  - KISS CUT ANCHOR TEMPLATE,0
T-2178,TOOL-4X5 DRY EDGE MACHINE SHARPENED DIE,14
T-2178B,TOOL-4X5 DRY EDGE MACHINE SHARPENED DIE (ALT),14
T-2179,TOOL-4X5 DRY EDGE WAVY MACHINE SHARPENED DIE,14
T-2180,Tool - 21mg Nicoderm Wavy Score  60T,14
T-2181,"TOOL-3"" CIRCLE DIE 106T",14
T-2182,"TOOL-SHEETER 13.25"" 106T Pace",14
T-2183,"Tool - Perimeter 1 x 1 (105 CAVITY) 16"" Pace 102 Tooth",0
T-2184,"TOOL-SHEETER 12.75"" 102T 1 x 1 16"" Pace",0
T-2185,TOOL-KISS CUT ADH CENTER,14
T-2186,TOOL-KISS CUT OVERLAPPED LINER,14
T-2187,TOOL- M/M 0.60 DIA,14
T-2188,4.625 DIA 80T 1AC 2AR,14
T-2189,KISSCUT 64T 1AC 1AR,14
T-2190,"TOOL-7"" M/M TOOL - SPECIAL - 64 TG",14
T-2191,"TOOL-7"" M/M TOOL - MICRO PERF SPECIAL - 64 TG",14
T-2192,"TOOL-7"" M/M TOOL - SPECIAL - 64 TG",14
T-2193,"TOOL-7"" K/C LINEAL SCORING TOOL - 64 TG",14
T-2194,"TOOL - 10"" ANVIL 1.989"" diam 50T Medtech",0
T-2196,4X4.75 RCR METAL TO METAL 96 T 1AC 1AR,0
T-2198,"TOOL-7"" 4 x 4.75 RCR TOOL - 96 TG",14
T-2199,TOOL-NICOSPAN SCORE 0.875 IN,14
T-2200,TOOL-LARGE/HOLE KISS CUT 86T,14
T-2201,TOOL- MILLIPORE CIRCLE DIE 0.472 DIA,14
T-2202,TOOL- MILLIPORE PERIMETER DIE,14
T-2203,TOOL-FLEX MEDICAL KISS CUT WINDOW,14
T-2203-1,"T-68 AC-1 AR-2 7""",14
T-2203-2,"T-68 AC-1 AR-2    7""",14
T-2204,TOOL-FLEX MED KISS CUT ADH CENTER,14
T-2205,TOOL-FLEX MED KISS CUT OVERLAPPED LNR,14
T-2205B,2.25 X 2.75 68T 1AC 2AR,0
T-2206,TOOL- FLEX MED PERIMETER,14
T-2207,TOOL-FLEX MED KISS CUT ADH CENTER (RCR),14
T-2208,Tool- Lineal Score(Adjustable) 72 Tooth,14
T-2209,"TOOL-7"" 2.375 x 3.25 RCR TOOL - 76 TG",14
T-2210,"Lineal Score 64 TG, 2Ac, 8 Ar 7"" Tool",14
T-2211,Tool - 7mg Nicoderm Wavy Score  64T,14
T-2212,"TOOL-7"" M/M-MEASUREMENT SPLTY SHAPE 69 TG",14
T-2213,"TOOL - 10"" M/M TOOL - 4X3 RCR 102 TG",14
T-2214,"TOOL - 10"" M/M TOOL - 4.75X6 RCR 100 TG",14
T-2215,KISSCUT 4.5X5 120T 1AC 3AR,14
T-2216,METAL TO METAL 4X4.75 120T 1AC 1AR,14
T-2217,KISSCUT UNDERCUT 120T1AC 3AR,14
T-2218,"TOOL - 7"" M/M TOOL - SPECIAL 87 TG",14
T-2219,"TOOL - 7"" K/C TOOL - SPECIAL 87 TG",14
T-2220,"TOOL - 7"" M/M TOOL - SPECIAL PERIMETER 87 TG",14
T-2221,"Tool - 7"" Special 87T",28
T-2222,"Tool - 7"" Special 87T",28
T-2223,"TOOL - SPENCO T-Shaped Adh Knit Scoring Die, 84 TG",14
T-2224,"TOOL - SPENCO T-Shaped Adh Knit Perimeter Die, 84 TG",14
T-2225,"Tool - 7"" Lineal Score 56T",0
T-2226,"Tool - 13"" 0.75 X 2.25 80T",14
T-2227,"Tool - 13"" 0.2 X 2 80T",14
T-2228,TOOL - K/C TOOL - SPECIAL,14
T-2229,TOOL - M/M TOOL - SPECIAL,14
T-2230,"TOOL - 13"" K/C MegaLift Nasal Strip Cavity Cut",14
T-2231,"TOOL - 13"" K/C MegaLift Nasal Strip Spring Cut",14
T-2232,"TOOL - 13"" M/M MegaLift Nasal Strip Slit Cut",14
T-2233,"TOOL - 13"" M/M MegaLift Nasal Strip Perim Cut",14
T-2234,"TOOL - 13"" M/M MegaLift Nasal Strip Liner Cut",14
T-2235,"TOOL - 13"" M/M MegaLift Nasal Strip Pouch Cut",14
T-2236,TOOL - K/C TOOL - SPECIAL PERIMETER,14
T-2237,TOOL - M/M TOOL - SPECIAL SLITTING,14
T-2238,MML Whatman Omni Swab Pad Thickness Measuring Gauge,14
T-2239,TOOL - Lineal Score 64 TG - Plasto,14
T-2240,Tool - 2 LEVEL SCORES/ 1 SLITTER 72 Teeth Adj,14
T-2241,"Tool - 10"" K/C Lineal Score 64TG 4 x 1",14
T-2242,"Tool - 10"" M/M 2x2 RCR Perimeter 64TG 4 acr x 4 ar",14
T-2244,"Tool - 13"" K/C Spenco Hydrogel Island Cut",14
T-2245,"Tool - 13"" M/M RJR Soluable Strip Perimeter Die, 77 TG",14
T-2246,"Tool - 13"" M/M RJR Crease Die, Male, 100 TG",14
T-2247,"Tool - 13"" M/M RJR Crease Die, female, 100 TG",14
T-2248,"Tool - 10"" Delta 2 Level Inner Foam Die, 62 TG",14
T-2249,"Tool - 10"" Delta K/C Outer Foam Die, 62 TG",14
T-2250,"Tool - 10"" Delta 2 Level Tan Patch Die, 62 TG",14
T-2251,"Tool - 10"" Delta M/M Card Perimeter Die, 62 TG",14
T-2252,"Tool - 10"" Delta M/M Liner Score Die, 62 TG",14
T-2253,"Tool - 7"" Delta M/M Large Dot Perf/Sheeter Die, 96 TG",14
T-2254,"Tool - 18"" Delta M/M Pouch Die, 150 TG",14
T-2255,"Tool - 13"" M/M RJR Pouch Perimeter Die, 100 TG",14
T-2256,"TOOL- 7"" K/C Harmac 0.39"" circles, 72 TG",14
T-2257,"TOOL- 7"" K/C Harmac 0.63"" circles, 72TG",14
T-2258,"TOOL- 7"" M/M Harmac Slitter, 72TG",14
T-2259,"Tool - 7"" Delta K/C Large Dot Die, 96 TG",14
T-2261,"10"" Adjustable Slitter 72T",28
T-2261-1,"10"" Adjustable slitter 72T",0
T-2262,"Tool- 7"" M/M Medline Special 1.75x2.25 cutout",28
T-2263,"Tool - 10"" Delta, Liner Score Die, 81TG",14
T-2264,"Tool - 10"" Delta, Foam Inner Die, 81TG",14
T-2265,"Tool - 10"" Delta, D/C Liner Die, 81TG",14
T-2266,"Tool - 10"" Delta, Battery Hole Die, 81TG",14
T-2267,"Tool - 10"" Delta, Foam Outer Die, 81TG",14
T-2268,"Tool - 10"" Delta, Tan Liner Die, 81TG",14
T-2269,"Tool - 10"" Delta, Tan Perimeter Die, 81TG",14
T-2270,"Tool - 10"" Delta, Final Card Die, 81TG",14
T-2271,"Tool - 18"" Delta M/M Pouch Die, 120 TG",14
T-2272,"Tool - 7"" Delta M/M Absorbent Pad Die, 80 TG",14
T-2273,"Tool - 7"" M/M CCI PHARMA  2.76"" x 0.70""",14
T-2274,"Tool- 7"" K/C CCI PHARMA 0.24"" CIRCLE",14
T-2275,Inner Cut Special Shape  114T  SAM Medical,14
T-2276,Male Heated Special Shape 114T SAM Medical,14
T-2277,Female Anvil Special Shape 114T SAM Medical,14
T-2278,4.25 x 4.25  68T,14
T-2279,"5.0"" x 10.0""   81T",14
T-2280,".875"" 2 Level-Score/Slitter",14
T-2281,"TOOL - 7.0"" DELTA .85"" SHEETER 68T",14
T-2282,"TOOL - 7.0"" 2 LEVEL AIR EJECT 68T",14
T-2283,Special Shape EMPI Insulator Foam,14
T-2284,Special Shape EMPI Insulator Foam,14
T-2285,"1.25"" x 1.25""   60T Outer Cut  Red River",14
T-2286,"1.0"" x 1.0"" 60T Inner Cut Red River",14
T-2288,TOOL 3.75X3.75 RCR  K/C MPM 124T,14
T-2289,TOOL 6X8 RCR K/C MPM 130T,14
T-2290,TOOL-8.5 X 17.31 GENERAL ECONOPAK SHIELD,14
T-2291,"Tool - 10""  0.75"" Diameter Circle 54T",28
T-2295,Tool - KISS CUT ADHESIVE PATCH  68T,28
T-2296,"Medline - 2 Level (2.125""Slit & .125"" Score)",28
T-2297,"Medline - 2 Level (0.875"" Slit & .125"" Score)",28
T-2298,"TOOL - 7"" SHEETER TOOL 80T, 2.5""",14
T-2299,"TOOL - 7"" M/M 4X5 RCR, 1 ACR X 2 AR, 80 TG",14
T-2300,"TOOL - 7"" M/M 6X7.5 RCR, 1 ACR X 2 AR, 120 TG",14
T-2301,"TOOL - 7"" SHEETER TOOL 96T, 6""",14
T-2302,"TOOL - 7"" M/M 4X8 RCR, 1 ACR X 1 AR, 64 TG",14
T-2303,"TOOL - 7"" SHEETER TOOL 68T, 4.25""",14
T-2304,"TOOL - 7"" M/M 6x6 RCR, 1 ACR X 2 AR, 96 TG",14
T-2305,TOOL-4X5 DRY EDGE HAND SHARPENED DIE,14
T-2305-C,4.75 T-68 AR-1 AC-1,0
T-2305B,TOOL-4X5 DRY EDGE HAND SHARPENED DIE,14
T-2305C,"TOOL - 7"" LINEAL SCORE 4.75"" 68T (1x1 Perimeter)HARMAC",0
T-2306,TOOL- 4x10 perimeter 80T,0
T-2307,"TOOL-8"" Sheeter 64T",0
T-2308,4 X 4 64T 1AC 2AR,14
T-2310,"TOOL-1.0"" LNR CUT LRG  92T",14
T-2311,TOOL- 2.2X.25 POLY  LRG  92T,14
T-2312,TOOL-  2.7 X .813 PERIM LRG  92T,14
T-2313,TOOL- 2.5X3.5625 PCH LRG.  114T,14
T-2314,TOOL- .963 LNR CUT  SM/MD  78T,14
T-2315,"TOOL- .2"" X 1.82""  POLY SMALL  78T",14
T-2316,"TOOL- .713"" X  2.26"" PERIM SMALL  78T",14
T-2317,"TOOL- 2.5"" X 3.5"" PCH SM/MD  114T",14
T-2318,"TOOL- 6.125"" x 7"" 112T 10""",0
T-2319,"TOOL -16"" K/C 1.75"" Dia, 6 ACR X 6 AR, 98 TG",0
T-2320,"TOOL- 1.0"" LNR CUT LRG  92T",0
T-2321,TOOL- 2.2X.25 POLY  LRG  92T,0
T-2322,TOOL- 2.7 X .813 PERIM LRG  92T,0
T-2323,TOOL- 2.5X3.5625 PCH LRG  114T,0
T-2324,TOOL- .963 LNR CUT SM/MD  78T,0
T-2325,"TOOL- .2"" X 1.82"" POLY SMALL  78T",0
T-2326,"TOOL- .713"" X 2.26""  PERIM SMALL 78T",0
T-2327,"TOOL- 2.5"" X 3.5""  PCH SM/MD  114T",0
T-2328,TOOL- 4.155 (2 LVL)  71T,0
T-2329,TOOL- MALE SLUG PUSHER  71T,0
T-2330,TOOL- FEMALE CHANNEL  71T,0
T-2331,"TOOL- 8.875"" SHEETER  71T",0
T-2332,"Covidien 2"" Repeat full width blade",0
T-2333,"Covidien 4"" Repeat full width blade",0
T-2334,"Covidien 2.625"" Repeat full width balde",0
T-2334-1,"Covidien 2.625""  Sheeter 63T  2"" x 3"" Perimeter",14
T-2335,"Covidien 4.5625"" Repeat full width blade",0
T-2336,"Covidien 1.25"" Repeat full width blade",0
T-2337,Covidien Telfa pad 2x3.75,0
T-2338,"Covidien 2.5"" Repeat full width blade",0
T-2339,"Covidien 2"" Repeat full width blade",0
T-2339-1,"10"" DELTA T-64 AC-1 AR-4",0
T-2340,"TOOL- 2.0"" 2 LVL PSS  80T",0
T-2341,"TOOL- 2.0"" PERF PSS  80T",0
T-2342,TOOL- 2 LVL SCORE/SLIT PSS  80T,0
T-2343,"TOOL- 2.0"" PERF PSS  80T",0
T-2344,TOOL- 2 LVL SCORE/SLIT PSS  80T,0
T-2345,M/M Perim 4x3.5,0
T-2346,TOOL- Millipore Alignment hole/slot M/M 102T,0
T-2346-1,"TOOL- Millipore Alignment hole/slot M/M 102T 7""",0
T-2347,TOOL- Millipore Cards 2 LVL 102T,0
T-2348,"10” ADJ SLITTER, 72TH, 1 BLADE",14
T-2349,TOOL - Millipore KC Channels 102T,0
T-2349-1,TOOL - Millipore KC Channels 102T,0
T-2350,TOOL - Millipore Mesh hole 102T,0
T-2351,TOOL - Millipore KC Alignment Hole/Slot 102T,0
T-2352,TOOL - Millipore 2 LVL Cards 102T,0
T-2353,TOOL- MEASURMENT SPEC. HEART W/PERF 69T,0
T-2354,TOOL - DERMA CATH STRIP PATCH  66T,0
T-2355,"TOOL - DERMA LINER SLITTER 1.3438""  60T",0
T-2356,TOOL - HARMAC ADH. WINDOW 68T,0
T-2356-1,TOOL - HARMAC ADH. WINDOW,0
T-2356-2,TOOL - HARMAC ADH. WINDOW,0
T-2357,TOOL - HARMAC CIRCLE  68T,0
T-2359,TOOL - S.EAGLE NV SMALL PERIM  76T,0
T-2360,TOOL - S.EAGLE NV SMALL SCORE 76T,0
T-2361,TOOL - DB NASAL SMALL POLT SLITTER 76T,0
T-2362,TOOL - DB NASAL SMALL POLY GUIDE,0
T-2363,TOOL - S.EAGLE NV LRG PERIM  92T,0
T-2364,TOOL - S.EAGLE NV LRG SCORE  92T,0
T-2365,TOOL -  DB NASAL LRG POLY SLITTER 92T,0
T-2366,TOOL - DB NASAL LRG POLY GUIDE,0
T-2367,TOOL - S.EAGLE NV MEGA PERIM  84T,0
T-2368,TOOL - S.EAGLE NV MEGA SCORE  84T,0
T-2369,TOOL - S.EAGLE NV MEGA POLY SLITTER  84T,0
T-2370,TOOL - S.EAGLE MEGA POLY GUIDE,0
T-2371,TOOL - Millipore Channels,0
T-2371-1,TOOL - Millipore Channels,0
T-2372,"TOOL - COVIDIEN 4.75"" Sheeter",0
T-2372-1,"4.75"" 76 2 2 COVIDIEN",0
T-2372-3,"COVIDIEN 4.75"" Sheeter 76T",0
T-2373,".775 T-76 AC-4 AR-4 S.EAGLE 7""",0
T-2374,".74 T-92 AC-4 AR-1 S.EAGLE 7""",0
T-2375,".90 T-84 AC-4 AR-4 S.EAGLE 7""",0
T-2376,"TOOL - GWM 16"" PACE 4""X4"" DEEP CAVITY",0
T-2377,"TOOL - GWM 16"" PACE 4""X5"" DEEP CAVITY",0
T-2378,"TOOL - Covidien 2.75"" Repeat full width balde",0
t-2379,"TOOL - Covidien 2.75"" Repeat full width blade and Slit",0
T-2379-1,"TOOL- Covidien 2.75""  Sheeter 10"" 88T (2x4 Perimeter)",0
T-2382,GAME FACE - Super Fan Face 2 LVL-AIR EJECT 120T,0
T-2383,"T-120 AC-1 AR-1 GAME FACE 10""",0
T-2384,GAME FACE - LINER SCORE  120T,0
T-2385,"TOOL - S.EAGLE NBE LARGE PERIM  88T  10.0""",0
T-2385-7,"TOOL - DB NASAL LARGE PERIM  88T  7.0""",0
T-2386,"TOOL - S.EAGLE NBE LARGE P/S SCORE  88T   10.0""",0
T-2386-7,"TOOL - DB NASAL LARGE P/S SCORE  88T   7.0""",0
T-2387,GAME FACE - 3 TAB PERIM.  120T,0
T-2388,GAME FACE - FULL Face 2 LVL-AIR EJECT 120T,0
T-2389,"TOOL - GWM 16"" PACE 2""X2.125"" DEEP CAVITY",0
T-2390,2x2 Silicone Window cut out tool,0
T-2391,2x2 Foam Cut out tool,0
T-2392,4x4 Final Perimeter die,0
T-2393,4x4 Silicone Window cut out tool,0
T-2394,4x4 Foam Cut out tool,0
T-2395,6x6 Final Perimeter die,0
T-2396,TOOL - S.EAGLE NBE SM/MD PERIM.  74T,0
T-2397,TOOL - DB NASAL SM/MD CROSS SCORE  74T,0
T-2398,TOOL - S.EAGLE NBE MEGA PERIM,0
T-2399,TOOL - S.EAGLE NBE MEGA CROSS SCORE,0
T-2400,"13"" Across, 9.875"" Repeat Sheeter Tool",0
T-2401,"P/S SCORE LINEAR 1.88""",0
T-2402,"P/S CROSS BLADE 1""",0
T-2403,TOOL - PHARMCHEM PERIM W/HOLE,0
T-2403SC,TOOL - PHARMCHEM PU FILM SCORE MACHINE SHARPEN,0
T-2404,"4""x4"" Stratasorb Gentle Silicone Window cut out",0
T-2405,"6""x6"" Stratasorb Gentle Silicone Window cut out",0
T-2406,"4""x10"" Stratasorb Gentle Silicone Window cut out",0
T-2407,"4""x14"" Stratasorb Gentle Silicone Window cut out",0
T-2408,"3""x3"" Stratasorb Gentle Silicone Window cut out",0
T-2409,"3""x3"" Stratasorb Gentle Sheeter",0
T-2410,"3""x3"" Stratasorb Gentle Perimeter",0
T-2411,"4""x8"" Stratasorb Gentle Silicone Window cut out",0
T-2412,"4""x8"" Stratasorb Gentle Sheeter",0
T-2413,"4""x8"" Stratasorb Gentle Perimeter",0
T-2414,TOOL - SM. TRIANGLES IV SITE  74T,0
T-2415,TOOL - LONG RECTANGLES SONT  IV SITE  74T,0
T-2415-S,TOOL -  LONG TRIANGLES IV SITE SILC  74T,0
T-2416,TOOL -  TRIANGLE PAD IV SITE  74T,0
T-2417,TOOL -  SM TRIANGLE PAD IV SITE  74T,0
T-2418,TOOL - PERIMETER IV SITE 2LVL  74T,0
T-2419,TOOL - SCORE FOR PERIMETER  74T,0
T-2420,"Tool - 7"" Delta, 63 TG, Kiss cut, 0.03"" holes",14
T-2420-1,"Tool - 7"" Delta, 63 TG, Kiss cut, 0.03"" holes",14
T-2421,"Tool Kiss Cut- 7"" Delta, 87 TG,  3 Across, 6 Around",14
T-2422,"Tool - 7"" Delta, 87 TG, 3 Across, 6 Around",14
T-2423,KISSCUT 63T 1AC 3AR,14
T-2424,T-64 AC-1 AR-1 LINEAR HEATED SCORE KISS CUT,0
T-2426,Precision Medical T-Strip Perimeter Die,14
T-2427,"TOOL - MILLIKEN 16"" PACE 4""X5"" DEEP CAVITY M/M",0
T-2430,"TOOL - 14"" sheeter with alignment holes.",0
T-2431,TOOL - MEDLINE 2.8 x.75 RCR  70T,0
T-2432,TOOL - MEDLINE HYDROCOLLOID LINER SCORE TOOL,0
T-2433,TOOL - MEDLINE 2.7 X 1.1  70T,0
T-2434,TOOL - MEDLINE 3X3 HYDROCOLLOID DRESSING TOOL,0
T-2435,TOOL - MEDLINE 1.65X0.83 HYDROCOLLOID DRESSING TOOL,0
T-2436,TOOL - MEDLINE 2.2 X 1.2 RCR   77T,0
T-2437,TOOL - MEDLINE 3X3 HYDROCOLLOID POUCH SHEETER,0
T-2438,TOOL - MEDLINE 1.65X0.83 HYDROCOLLOID POUCH SHEETER TOOL,0
T-2439,TOOL - MPM 1.75x1.75 Cool Magic,0
T-2440,SCORE (3.3838) EXOPACK FOAM,0
T-2441,"TOOL - MEDLINE 2.375"" SHEETER  76T",0
T-2442,TOOL - 3x3 Perimeter Die R1/4 Corners,0
T-2443,TOOL - 7x7 Perimerter Die R 3/8 Corners,0
T-2444,"TOOL - 5"" SHEETER",0
T-2445,TOOL -  PACE 6x6 Foam Die,0
T-2446,"TOOL - 2.375"" X 2.054"" P/S WINDOW  63T",0
T-2447,SCORE (7.3996) EXOPACK FOAM,0
T-2448,TOOL - DB NASAL PERIMETER SM/MD  74T,0
T-2449,TOOL - DB NASAL PERIMETER LRG 88T,0
T-2450,"TOOL - 2.8125"" X 2.375"" M/M  76T",0
T-2451,TOOL - 2.8125  PU SCORE  63T,0
T-2452,TOOL - 2 LVL WINDOW  63T,0
T-2453,TOOL - P/S WINDOW 2.18 X 1.94  63T,0
T-2454,TOOL - M/M PERIM 3.91X2.41  63T,0
T-2455,TOOL - 1.69 X 1.0  M/M  64T,0
T-2456,TOOL - 2.30 X 1.5 P/S WINDOW  72T,0
T-2457,TOOL -  3.88 X 2.0  M/M  PERIM 72T,0
T-2458,TOOL - PU FILM SCORE  66T,0
T-2459,TOOL - WINDOW TOOL SPECIAL  66T,0
T-2460,TOOL - LINEAR P/S SCORE  66T,0
T-2461,TOOL - PERIMETER SPECIAL  66T,0
T-2462,"TOOL - 13"" - 0.75x0.313 Window Diecut",0
T-2463,"TOOL - 13"" X 0.5"" Removable Blade Sheeter",0
T-2464,"TOOL - 13"" - 3""x0.75"" Perimeter Diecut",0
T-2465,"TOOL - 13"" - 4.5""x1.5"" Package die",0
T-2466,"TOOL - 13"" - 1.75x.875 Window die cut",0
T-2467,"TOOL - 13"" x 1.125"" Removable Blade Sheeter",0
T-2468,"TOOL - 13"" - 4""x1.625"" Perimeter Diecut",0
T-2469,"TOOL - 13"" - 5.5""x2.625"" Package Die",0
T-2470,"TOOL - 10"" - WINDOW DIE",0
T-2471,"TOOL - 10"" - PAD DIE",0
T-2472,"TOOL - 10"" - PERIMETER DIE",0
T-2473,"TOOL - 10"" - PACKAGING DIE",0
T-2474,"TOOL - 13"" - WINDOW DIE",0
T-2475,"TOOL - 13"" - PAD DIE",0
T-2476,"TOOL - 13"" - PERIMETER DIE",0
T-2477,"TOOL - 13"" - PACKAGING DIE",0
T-2478,"TOOL - 13"" - WINDOW DIE",0
T-2479,"TOOL - 13"" - PAD DIE",0
T-2480,"TOOL - 13"" - PERIMETER DIE",0
T-2481,"TOOL - 13"" - PACKAGING DIE",0
T-2482,"TOOL - 10"" - .75"" x .75"" R.125 WINDOW DIE",0
T-2483,"TOOL - 10"" - 1"" PAD DIE",0
T-2484,"TOOL - 10"" - KNEE/ELBOW PERIMETER DIE",0
T-2485,"TOOL - 10"" - 4""X3.375"" PACKAGING DIE",0
T-2486,"TOOL - 13"" - WINDOW DIE",0
T-2487,"TOOL - 13"" - PAD DIE",0
T-2488,"TOOL - 13"" - FINGER/KNUCKLE PERIMETER DIE",0
T-2489,"TOOL - 13"" - PACKAGING DIE",0
T-2490,"Tool - ROTARY HOUSE SLITTER 7.0""",0
T-2491,"Tool - 4.0"" SHEETER    DELTA 10.0""",0
T-2492,"TOOL - 13"" - WINDOW DIE",0
T-2493,"TOOL - 13"" - PAD DIE",0
T-2494,"TOOL - 13"" - PERIMETER DIE",0
T-2495,"TOOL - 13"" - PACKAGING DIE",0
T-2496,"TOOL - 13' X 4""  ARGENTUM PERIM  105T",0
T-2497,TOOL - .75 X 7 INNER RCR  105T,0
T-2498,"TOOL - 10"" SHEETER  80T",0
T-2499,TOOL - SPECIAL SHAPE  89T,0
T-2500,"TOOL - .5"" X .75"" RCR  89T",0
T-2501,"TOOL - 8.0"" SHEETER   80T",0
T-2502,"TOOL - 3.0"" X 1.0""  72 TOOTH BAND AID",0
T-2503,"TOOL - IP13"" Removable blade sheeter @.5""",0
T-2504,"TOOL - IP13"" 1X1 R.125",0
T-2505,"TOOL - IP13"" .5X.5 R.625",0
T-2506,"TOOL - 13"" FINGER & KNUCKLE PAD DIE",0
T-2507,"TOOL - IP ANVIL 13"" FINGER AND KNUCKLE",0
T-2508,"TOOL - 1.5"" SHEETER  72 TOOTH",0
T-2509,"TOOL - IP ANVIL 13"" - 1/2""x1/2"" Pad Vacuum Anvil",0
T-2510,TOOL - Lg Oval Perim 90T,0
T-2511,TOOL - LINER SCORE  90T,0
T-2512,TOOL - POUCH SHEETER  80T,0
T-2513,"TOOL  - 10"" - 1.75"" x .875"" Window die cut",0
T-2513-C,"TOOL  - 10"" - 1.75"" x .875"" Window die cut",0
T-2514,"TOOL  - 10"" - 1.125"" Sheeter Die",0
T-2514-B,"TOOL  - 10"" - 1.125"" Sheeter Die",0
T-2515,"TOOL  - 10"" - 4"" x 1.625"" Part Die",0
T-2515-B,"TOOL  - 10"" - 4"" x 1.625"" Part Die",0
T-2515-C,"TOOL  - 10"" - 4"" x 1.625"" Part Die",0
T-2516,"TOOL  - 10"" - 5.0"" x 2.625"" Package Die",0
T-2516-B,"TOOL  - 10"" - 5.0"" x 2.625"" Package Die",0
T-2517,TOOL - TEAR DROP P/S  64T,0
T-2518,TOOL - LINEAR SCORE  64T,0
T-2519,TOOL - LINEAR SLITTER  64T,0
T-2520,"TOOL  - 10"" - 2.5""x2.5"" RCR Window Die",0
T-2521,"TOOL  - 10"" - 3""x3"" RCR Pad Die",0
T-2522,"TOOL  - 10"" - 4""x4"" RCR Part Die",0
T-2523,"TOOL  - 10"" - 5.0""x4.625"" Package Die",0
T-2524,"TOOL - IP ANVIL 13"" - ORIGINAL Vacuum Anvil",0
T-2525,WINDOW,0
T-2526,ADHESIVE PATCH,0
T-2527,LINER COVER,0
T-2528,PERIMETER,0
T-2529,TOOL - ADHESIVE CUT OUT,0
T-2530,"1.5""X1.5"" PERIMETER",0
T-2531,"0.75"" SHEETER",0
T-2533,"TOOL - 2X3 EMBOSSING - DELTA 10.0""",0
T-2534,TOOL - 4X5 EMBOSSING,0
T-2535,TOOL - EMBOSSING ANVIL - DELTA 3,0
T-2536,TOOL - 1.75 X 1.0 SPECIAL SHAPE  75T,0
T-2537,TOOL - 2.0 X 2.19 SPECIAL SHAPE  75T,0
T-2538,"TOOL - P/S SCORE  13""   75T",0
T-2538-10,"TOOL - P/S SCORE  10.0""   75T",0
T-2539,TOOL - SPECIAL SHAPE 2LVL  75T,0
T-2540,TOOL - 4.9 X 2.875 SPECIAL SHAPE  75T,0
T-2541,TOOL - VIDEO JET GEAR   75T,0
T-2542,"TOOL - 4"" Sheeter",0
T-2543,"TOOL - EMBOSSING ANVIL - DELTA 1, 2, 4",0
T-2544,TOOL - P/S SCORE  1AC 1AR  70T,0
T-2545,"TOOL - .39"" X .59"" RCR  70T",0
T-2546,"TOOL - 2.64"" X 1.57"" PERIMETER  70T",0
T-2547,"TOOL - 1"" OD CIRCLES, 2 Across x 6 Around",0
T-2548,"DELTA 10.0"" FLATBED SEALER",0
T-2549,TOOL - P/S SONTARA SCORE - SPECIFIC ENGRAVED,0
T-2550,TOOL - 70T INKJET GEAR 5AR,0
T-2551,MEDLINE P/S SCORE 60T,0
T-2552,"FOIL/LDPE 6""X18"" POUCH OPENER",0
T-2553,"2.5"" X 2.5"" M/M",0
T-2556,"Tool - 4"" x 5"" Thin Film Dressing Perimeter",0
T-2557,"Tool -   13.0"" ADJUSTABLE SCORE UNIT-THIN FILM LINER",0
T-2558,TOOL - ADJUSTABLE SCORE  96T  PU FILM LNR,0
T-2559,"1.125""x8.875"" Window Cut Out",0
T-2560,"2.125""x10"" Drawtex Cut",0
T-2561,"3.5""x12"" Perimeter Cut",0
T-2562,TOOL - ADJUSTABLE SCORE  96T,0
T-2563,"TOOL - 10"" WINDOW DIE",0
T-2564,"TOOL - 10"" PAD DIE",0
T-2565,"TOOL - 10"" PART DIE (4x4, 2x2)",0
T-2566,"TOOL - 10"" PACKAGE DIE",0
T-2567,"TOOL - .5"" CIRCLE  84T",0
T-2568,"TOOL - .75"" CIRCLE  84T",0
T-2569,TOOL - PU FILM WINDOW  96T,0
T-2570,TOOL - SMALL WINDOW  96T,0
T-2571,TOOL - SPECIAL SHAPE  96T,0
T-2572,TOOL - PERIMETER  96T,0
T-2573,TOOL - MPM ANCHOR PERIMETER  64T,0
T-2574,TOOL - MPM ANCHOR CARD  64T,0
T-2575,"TOOL - 10"", 11.625"" REPEAT SHEETER DIE",0
T-2576,TOOL - .75 X 3.75 RCR   72T,0
T-2577,"TOOL - 6.0"" SHTR  96T",0
T-2578,TOOL - 4.0 X 9.0 RCR   72T,0
T-2579,TOOL - 6.25X4 RCR PERIMETER 64T,14
T-2580,"TOOL - 13"" - 0.75x0.313 Window Diecut",0
T-2580-B,"TOOL - 13"" - 0.75x0.313 Window Diecut",0
T-2581,"TOOL - 13"" - 3""x0.75"" Perimeter Diecut",0
T-2581-B,"TOOL - 13"" - 3""x0.75"" Perimeter Diecut",0
T-2582,"TOOL - IP ANVIL 13"" - 1""x0.5"" pads",0
T-2587,TOOL -  3.91 X 17.52  PU WINDOW 152T,0
T-2588,TOOL - 2.47 X 14.8 ADH PATCH  152T,0
T-2589,TOOL - 2.08 X 13.8 ADH PATCH LINER  152T,0
T-2590,TOOL - 3.42 X 15.8 ADH WINDOW  152T,0
T-2591,TOOL - 5.24 X 19.00  PERIMETER  152T,0
T-2592,TOOL - STAND OFF (X4) PREVENA LRG,0
T-2593,TOOL - PU Film Score Pressure Wheel,0
T-2594,TOOL - Silicone Window cut out tool for 6x6 Dressing,0
T-2595,"TOOL - 4""x4.313"" FOAM DIE",0
T-2596,TOOL - ENGRAVED SCORE / PU FILM-MS  2AC,0
T-2597,TOOL - ENGRAVED SCORE PU FILM -MS,0
T-2598,TOOL - PREVENA FOLDERS / LEFT & RIGHT,0
T-2599,"TOOL - HARMAC FILTER DISC 0.39"" CIRCLE W/PIN",0
T-2601,"TOOL - IP13"" Machined Sheeter 1/2""",0
T-2602,"TOOL - 3.875"" SHEETER  93T",0
T-2603,TOOL - PRESSURE ROLLER  67T,0
T-2605,"TOOL - .5"" CIRCLE  70T",0
T-2606,"TOOL - .6875"" CIRCLE  70T",0
T-2607,"ENRAVED SLITTER 1.0""",0
T-2608,"6.625"" X 1.125"" WINDOW",0
T-2609,"7.75"" x 2.125"" PAD",0
T-2610,"9.75"" X 3.5"" PERIMETER",0
T-2611,"2.875"" X 1.125"" WINDOW",0
T-2612,"4"" X 2.125"" PAD",0
T-2613,"6"" X 3.5"" PERIMETER",0
T-2614,"MEDTRONIC 0.75"" SHEETER",0
T-2615,"MEDTRONIC 1.5""X1.5"" PERIMETER",0
T-2616,"TOOL - 3.625"" LINEAR SCORE  76T",0
T-2617,"TOOL - 3.875"" LINEAR SCORE  76T",0
T-2618,"TOOL - 3.375"" LINEAR SCORE  76T",0
T-2620,"TOOL - 4.02""x5"" Package Die",0
T-2623,"TOOL - LINEAR SCORE  PU FILM 4X5 (13"" CENTERED TO 7"")",0
T-2624,TOOL - 3.875 X 3.25 SPECIAL SHAPE  96T,0
T-2625,"TOOL - 1.25"" SLITTER  60T",0
T-2629,TOOL - GEL DRESSING RCR SONTARA,0
T-2630,TOOL - GEL DRESSING  GEL PAD,0
T-2631,"TOOL - 2.95"" PU FILM SCORE  63T",0
T-2632,"TOOL  6"" X 8"" DEEP CAVITY GEL",0
T-2633,TOOL P/S SLITTER 2AC 1AR 60T,0
T-2634,TOOL - P/S 2.125  PU FILM WINDOW 1AC 5AR 80T,0
T-2635,TOOL - P/S  PERIMETER #1 1AC 5AR  80T,0
T-2636,TOOL - M/M PERIMETER#2  1AC 5AR  80T,0
T-2637,TOOL - CIRCLE LINER CUT 92T,0
T-2638,TOOL - PU FILM WINDOW 92T,0
T-2639,TOOL - OCCLUSIVE WINDOW 92T,0
T-2640,TOOL - PAD RCR 92T,0
T-2641,TOOL - PERIMETER CUT 92T,0
T-2642,TOOL - M/M  PERIMETER 1AC 3AR  81T,0
T-2643,TOOL - M/M  SPLINT PERIMETER 1AC 4AR 76T,0
T-2644,TOOL - P/S  7 MG PATCH 2AC 6AR  54T,0
T-2645,TOOL - M/M  7 MG LINER 2AC 6AR  54T,0
T-2646,TOOL - P/S  21 MG PATCH 2AC 4AR  66T,0
T-2647,TOOL - M/M 14 MG LINER 2AC 5AR  76T,0
T-2648,TOOL - P/S  14 MG PATCH 2AC 5AR  76T,0
T-2649,TOOL - ADJUSTABLE SCORE 4AC 76T,0
T-2650,TOOL - Precision Med Liner Score,0
T-2651,"TOOL - Precision Med Strips, Part Die",0
T-2652,"TOOL - .25"" CIRCLE P/S 96T",0
T-2653,"TOOL - 2.0"" X 3.0"" SPECIAL SHAPE  96T",0
T-2654,"TOOL - 3.0"" X 4.0"" M/M 96T",0
T-2655,"TOOL - 2.13"" X 1.1""  P/S  80T",0
T-2656,TOOL - 2.32 X 1.29 RCR 80T,0
T-2657,TOOL - SCORE / SLIT 2 LVL 60T,0
T-2658,TOOL - 1.94X1.94  SPECIAL SHAPE 90T,0
T-2659,TOOL - 3.18 X 2.31 SPECIAL SHAPE  90T,0
T-2660,TOOL -  SPECIAL SHAPE 90T,0
T-2661,TOOL - UNDER SCORE 90T,0
T-2662,TOOL -  PERIMETER 90T,0
T-2663,"TOOL - 4.75"" HARMAC MACHINE SHARPEN SCORE",0
T-2664,"TOOL - 3"" Sheeter",0
T-2665,TOOL - OXYBAND RCR 2LVL  92T,0
T-2668,QUALITEL MULTI LEVEL BOTTOM DIE,0
T-2669,QUALITEL CREASE BLADE W ANVIL,0
T-2670,QUALITEL MESH KC,0
T-2671,QUALITEL PERIMETER,0
T-2672,QUALITEL TRIM CUT,0
T-2673,"1/8"" HOLE PATTERN 7"" 80 TG",0
T-2674,"TOOL - 1.5""x1.5"" Silicone Window cut out tool",0
T-2675,"TOOL - 2""x2.333"" Foam Tool",0
T-2676,"18.5"" Sheeter 16"" Die",0
T-2677,Rubber Nip/Sealing Roller,0
T-2678,"TOOL - 4.375"" SHEETER  7.0"" DELTA   70T",0
T-2679,"TOOL - 3"" X 4""  W/.375"" CIRCLE 2LVL  70T",0
T-2680,TOOL - PREVENA KNEE MED ADH FILM CUTOUT M/M,0
T-2681,TOOL - PREVENA KNEE MED TOP ADH K/C,0
T-2682,TOOL - PREVENA KNEE MED TOP ADH LNR K/C,0
T-2683,TOOL - PREVENA KNEE MED WINDOW K/C,0
T-2684,TOOL - PREVENA KNEE MED PERIMETER M/M,0
T-2685,"TOOL - .125"" CIRCLE PIN PUNCH",0
T-2686,"TOOL - 10"", 1.5""x3"" (12 Gang)",0
T-2687,"TOOL - 10"", 3""x5"" (4 Gang)",0
T-2688,TOOL - HIGH HEAT NIP ROLLER (BLUE),0
T-2689,"TOOL - 16"" Pace, 4X4 RCR, 3 AC 3 AR, 96 TG",0
T-2690,"TOOL - 16"" Pace, LINER SCORE, 3 AC, 80 TG",0
T-2691,"TOOL - 16"" Pace, 3x2 RCR, 4 AC 5 AR, 80 TG",0
T-2692,"TOOL - 16"" Pace, LINER SCORE, 4 AC, 80 TG",0
T-2693,TOOL - LINEAR SCORE  70T,0
T-2694,"TOOL - 2"" X 1""  RCR  P/S  70T",0
T-2695,"TOOL - 2.875"" X 1.75""  M/M  RCR  70T",0
T-2696,TOOL - 7.5 X 2.625 SPECIAL SHAPE  69T,0
T-2697,TOOL - 1.876 X 1.625 SPECIAL SHAPE  60T,0
T-2698,TOOL - 5.8125 X 2.875 SPECIAL SHAPE  69T,0
T-2699,"TOOL - 12.0"" M/M SHEETER  96T",0
T-2700,"TOOL - .75"" X 9.75"" M/M RCR  122T",0
T-2701,TOOL - M/M PERIMETER 1AC 1AR  122T,0
T-2702,S&N HEATED SCORE TOOL,0
T-2703,"TOOL - 16"" PACE, 8""x20"", R0.25""",0
T-2704,"TOOL - 10.0"" ADJUSTABLE P/S SCORE  72T",0
T-2705,"TOOL - 10.0"" X 8.25""  P/S RCR 132T",0
T-2707,"TOOL - 16"" PACE 5""X4.219"" DEEP CAVITY",0
T-2708,"TOOL - .5"" x .91"" 2 LVL SCORE & SLITTER  60T",0
T-2709,TOOL - 3.67 X 2.37 SPECIAL SHAPE WINDOW  102T,0
T-2710,TOOL - P/S 2LVL 1.79 X 2.8 PU WINDOW  102T,0
T-2711,TOOL - P/S SCORE BOTTOM CUTTER  70T,0
T-2712,TOOL - 7.9 X 3.75 M/M PERIMETER  102T,0
T-2713,TOOL - LINEAR SLITTER / LABEL  66T,0
T-2714,TOOL - PIGGY BACK LABEL  2LVL  66T,0
T-2715,"TOOL - 10.0"" PU FILM SCORE 68T",0
T-2716,"TOOL - 10.0"" PU FILM WINDOW  68T",0
T-2717,"TOOL -  10.0"" ADH. PATCH  68T",0
T-2718,"TOOL - 10.0"" ADHESIVE LINER  68T",0
T-2719,"TOOL - 10.0"" PERIMETER  68T",0
T-2720,TOOL - SPECIAL SHAPE 3.83 X 3.0 72T,0
T-2721,TOOL - LINEAR SCORE 72T,0
T-2722,TOOL - LINEAR SCORE 72T,0
T-2723,"TOOL - HARMAC  .5"" PLOW FOLDER",0
T-2724,TOOL - 3 x 3 PERIMETER 75T,0
T-2725,TOOL -  2 IN SHEETER 96T,0
T-2726,TOOL -  4 x 4 PERIMETER 99T,0
T-2727,TOOL - 2.75 IN SHEETER 110T,0
t-2727-2,tool,0
T-2728,TOOL - 6 X 6 PERIMETER TOOL 98T,0
T-2729,"TOOL - 4.75"" SHEETER 76T",0
T-2730,TOOL - 4 X 10 OVIK HEALTH PERIMETER TOOL 81T,0
T-2731,"TOOL - 8.5"" OVIK HEALTH SHEETER TOOL 68T",0
T-2732,TOOL - 1.5 x 1.5 OVIK HEALTH WINDOW CUT TOOL 75T,0
T-2733,TOOL - 2.25 x 2.25 WINDOW CUT MILLIKEN 99T,0
T-2734,TOOL - 4.25 x 4.25 WINDOW CUT OVIK HEALTH 98T,0
T-2735,TOOL - 8.25 x 2.25 WINDOW CUT OVIK HEALTH 81T,0
T-2736,TOOL - 3.0 X 9.123  P/S WINDOW  81T,0
T-2737,TOOL -  .75 X 6.75 INNER RCR M/M  98T,0
T-2738,"TOOL - 9.0"" PAD SHEETER  72T",0
T-2739,TOOL - 4.5 X 12 PERIMETER  M/M  98T,0
T-2740,TOOL - PRECO BASE ROLL - LAMINATOR,0
T-2741,TOOL - P/S SCORE  HYDROGEL DRESSING 75T,0
T-2742,TOOL - P/S RCR 2.1 X 1.1625  75T,0
T-2743,TOOL - P/S 1.75 X .75  RCR  75T,0
T-2744,TOOL - M/M  2.875 X 1.5625  SPECIAL SHAPE  75T,0
T-2745,TOOL-WAVY SCORE 112T,0
T-2746,TOOL - 4.5 X 3.5 RCR P/S 80T,0
T-2747,TOOL - 6 X 5  M/M  80T,0
T-2748,"TOOL - 13.125"" SHEETER 105TG GELOK",0
T-2749,TOOL - M/M  RCR 13.875X2.56  114TG PILLOW PERIMETER,0
T-2750,"TOOL - P/S  13.""X2"" RCR 141TG SIGMA WINDOW",0
T-2751,TOOL - P/S  13.295X3.01 RCR 141TG PERF FILM,0
T-2752,TOOL - M/M  SPECIAL SHAPE 141TG DRSG PERIMETER,0
T-2754,TOOL - P/S SPECIAL SHAPE  141TG FRAME WINDOW,0
T-2755,TOOL - HEATED TOOL SPECIAL SHAPE  114TG,0
T-2756,TOOL - KCI REGISTRATION CUT OUT,0
T-2757,TOOL - ADJUSTABLE LINEAR SCORE   60T,0
T-2758,TOOL - P/S  .473 X 7.559  126T,0
T-2759,TOOL - ADJUSTABLE SCORE 6 BLADES,28
T-2761,TOOL - 5.25 X 4.2487  P/S 80T  1AC  1AR,28
T-2762,TOOL - 2.11 X .86  M/M  84T  4AC 12AR,28
T-2763,Millipore KC Geometric Features 102T,0
T-2764,TOOL - 1.375 X 2.5 2 LVL  84T,0
T-2765,TOOL -  P/S UNDERSCORE 4 BLADES,0
T-2766,TOOL - P/S UNDER SCORE  PU FILM  84T,0
T-2767,TOOL -  2.312 X 2.0   P/S WINDOW  63T,0
T-2768,"TOOL - 1.5"" M/M SHEETER 60T",0
T-2769,TOOL - 4.0 X 2.375 M/M PERIM. 63T,0
T-2770,TOOL HEATED RUBBER ANVIL 79T,0
T-2771,"TOOL - 3.75"" SCORE 68T",0
T-2772,"TOOL - 3.0"" X 3.25"" P/S WINDOW  96T",0
T-2773,"TOOL - 2.5""  M/M PAD SHEETER 60T",0
T-2774,"TOOL - 4.5"" X 3.75"" M/M PERIMETER 96T",0
T-2775,"TOOL - 3.75"" P/S SCORE 65T",0
T-2776,"TOOL - 4.0625"" M/M SHEETER  65T",0
T-2777,"TOOL - 3.25"" X 5.125"" P/S WINDOW  82T",0
T-2778,"TOOL - 4.5"" X 4.75"" M/M 82T",0
T-2782,"TOOL - 1.5748"" X 1.9685"" OVAL SHAPE",0
T-2783,"TOOL - 4.1752"" X 6.1426"" SPECIAL SHAPE",0
T-2784,TOOL - ADJUSTABLE P/S SCORE  66T,0
T-2785,TOOL - .7874 X .5906 HYDROCOLLOID 66T,0
T-2786,TOOL - 1.9637 X 1.19 M/M  66T,0
T-2787,TOOL - .7874 X .5906 HYDROGEL 66T,0
T-2788,"TOOL - 4""X4"" PERIMETER M/M 2 AC 2 AR",0
T-2789,"TOOL - 4""X10"" PERIMETER M/M 2 AC 2 AR",0
T-2790,"TOOL - 10"" DELTA ADHESIVE SCORING TOOL, 75 TG",0
T-2791,"TOOL - 10"" DELTA 1.625"" PERIMETER TOOL (2-LVL), 75 TG",0
T-2792,"TOOL VIDEOJET GEAR 114T   14.25"" REPEAT",14
T-2793,"TOOL - 2.0"" SHEETER  64T",0
T-2794,TOOL -  2.75 X 2.75 M/M RCR 88T,0
T-2795,"TOOL - 3.75"" SHEETER  90T",0
T-2796,"TOOL - 3.25"" SHEETER  78T",0
T-2797,TOOL - 2.75 X 4.0 M/M RCR  96T,0
T-2798,"TOOL - 5.0"" SHEETER  80T",0
T-2799,"TOOL -10"" LINEAL SCORE 64T 2.75""",0
T-2800,"TOOL - 7"" LINEAL SCORE 64T 2.75""",0
T-2806,TOOL - SPECIAL SHAPE 3.94 X 3.125  M/M  78T,0
T-2807,TOOL - THIN FILM WINDOW SLUG SHOOT,0
T-2808,TOOL - SPECIAL SHAPE KC WHITE PSA,0
T-2809,TOOL - SPECIAL SHAPE KC MESH,0
T-2810,TOOL - SPECIAL SHAPE KC MELINEX,0
T-2811,TOOL - PERIMETER KC,0
T-2812,TOOL - SPECIAL SHAPE KC,0
T-2813,TOOL - PERIMETER KC,0
T-2814,TOOL - SPECIAL SHAPES KC,0
T-2815,TOOL - SPECIAL SHAPES KC MESH,0
T-2816,TOOL - SPECIAL SHAPES KC PERIMETER,0
T-2817,TOOL - SPECIAL SHAPES KC,0
T-2818,TOOL - SPECIAL SHAPES KC TOPAS COC,0
T-2819,TOOL - PERIMETER KC,0
T-2820,"TOOL - 1.5"" X 1.5"" RCR M/M 72T",0
T-2821,TOOL - WAVY SCORE P/S 60T,0
T-2822,"TOOL - 2.375"" M/M ENGRAVED SLITTER  60T",0
T-2823,TOOL - SPECIAL SHAPE 3.0 X 2.0  69T,0
T-2824,TOOL - SPECIAL SHAPE 3.625 X 3.8438  69T,0
T-2825,"TOOL - UNDERSCORE 4.5""   69T",0
T-2826,"TOOL - 5.875"" X 4.0""  M/M 69T",0
T-2827,TOOL - 2.0 X 1.13  M/M 86T,0
T-2828,TOOL - 2.19 X 2.35 86T,0
T-2829,"TOOL - 2.63"" UNDER SCORE 70T",0
T-2830,TOOL - 3.875 X 2.375  PERIM M/M 86T,0
T-2831,"TOOL - 2.375"" SHEETER 76T",0
T-2832,TOOL - 4.75 X 4.0  M/M  96T,0
T-2833,TOOL - AIR WAND,0
T-2834,TOOL - D13 PRINT CYLINDER  80T,0
T-2835,TOOL - MEDLINE SPECIAL SHAPE KISSCUT 76T,0
T-2836,TOOL - MEDLINE OVAL M/M 76T,0
T-2837,TOOL - P/S WAVY SCORE 75T,0
T-2838,"TOOL - 1.25"" PAD SHEETER 60T",0
T-2839,TOOL - 2.75 X 2.375 M/M  PERIM. 76T,0
T-2840,TOOL - 4X4 FENESTRATED P/S 2AC 2AR 66T,0
T-2841,TOOL - 2X2 PS 4 AC 4 AR 64T,0
T-2842,TOOL - WAVY SCORE  4 AC P/S 66T,0
T-2843,TOOL - WAVY SCORE/SLIT 6 AC M/L 66T,0
T-2844,TOOL - WAVY SCORE 2 AC P/S 66T,0
T-2845,TOOL - WAVY SCORE/SLIT 4 AC M/L 66T,0
T-2846,TOOL - HARMAC MODIFIED WINDOW,0
T-2847,TOOL - ANCHOR PERIMETER M/M 80T,0
T-2848,TOOL - ANCHOR SCORE  70T,0
T-2849,TOOL - ANCHOR SCORE  80T,0
T-2850,"TOOL - 2"" SHEETER",0
T-2851,"TOOL - PERIMETER, M/M, 1 ACR 2 AR, 68T",0
T-2852,"TOOL - PERIMETER, M/M, 1 ACR 2 AR, 100T",0
T-2853,"TOOL - P/S SCORE .5""  60T",0
T-2854,"TOOL - M/M SLITTER  .5"" 60T",0
T-2855,"TOOL - P/S  .5"" SCORE  60T",0
T-2856,"TOOL - M/M .5"" SLITTER",0
T-2857,"TOOL - 4"" SHEETER 96T 1AC 3 AR",0
T-2859,"TOOL - 1.5"" M/M SHEETER  13"" 72T",0
T-2860,"TOOL - P/S WAVY SCORE 13""  72T",0
T-2861,"TOOL - 9.75"" X 3.5"" M/M PERIM 13""  84T",0
T-2862,TOOL - LINEAR SLITTER  M/M  60T,0
T-2863,TOOL - P/S WAVY SCORE  60T,0
T-2865,"TOOL - 8.0"" SHEETER  128T",0
T-2870,"T - WAVY SCORE P/S 10.0""  60T",0
T-2871,"TOOL - 8.0"" X 6.0"" M/M PERIM  96T",0
T-2872,TOOL -  3.2 X 2.5 P/S RCR PHARMCHEM MOD 68T,0
T-2873,"TOOL - 5.0"" LINEAR SCORE P/S 75T",0
T-2874,TOOL - 3.0 X 4.25  102T,0
T-2875,TOOL - 3.25 X 3.25 RCR 102T,0
T-2876,"TOOL - 2.0"" SHEETER  96T",0
T-2877,TOOL - 4.875 X 4.0  102T,0
T-2878,TOOL - SPECIAL SHAPE PERIMETER P/S 64T,0
T-2879,TOOL - SPECIAL SHAPE / PIN EJECT  P/S 64T,0
T-2880,"TOOL - 1.51"" X 2.0"" RCR  P/S   64T",0
T-2881,"TOOL - 3.0"" SHEETER  72T",0
T-2882,TOOL - VIDEOJET GEAR  72T,0
T-2883,TOOL - 1.13 X 1.5 SPECIAL SHAPE  P/S  64T,0
T-2884,TOOL - 1.13 X 1.5 SPECIAL SHAPE P/S SMALL  80T,0
T-2885,TOOL - 1.5 X 2.0 RCR M/M SMALL 80T,0
T-2886,TOOL - SLITTER /SHEETER SMALL M/M 81T,0
T-2887,TOOL - SPECIAL SHAPE MEDIUM P/S 76T,0
T-2888,TOOL - 1.75 X 2.375 MEDIUM RCR M/M 76T,0
T-2889,"TOOL - 3.375"" MEDIUM SHEETER/SLITTER 81T",0
T-2890,TOOL -  SPECIAL SHAPE P/S  LARGE 84T,0
T-2891,TOOL - RCR M/M LARGE  84T,0
T-2892,TOOL - SLITTER/SHEETER LARGE  M/M  87T,0
T-2894,TOOL - 2.0 X 2.625 SPECIAL SHAPE XLRG 72T,0
T-2895,TOOL - 2.375 X 3.0 RCR M/M XLRG  72T,0
T-2896,TOOL - SLITTER/SHEETER M/M XLRG  90T,0
T-2897,TOOL - 3 AROUND 81T VIDEO JET GEAR,0
T-2898,TOOL - VIDEO JET GEAR LRG 4AR  87T,0
T-2899,TOOL - VIDEO JET GEAR XLRG 3AR 90T,0
T-2900,TOOL - VIDEOJET GEAR 96T,0
T-2902,"TOOL - .6"" X .6"" SQUARE P/S  102T",0
T-2903,"TOOL - 6.375"" SHEETER  M/M    102T",0
T-2904,TOOL - LINEAR SCORE P/S  6 BLADE REM  64T,0
T-2905,TOOL - M/M LINEAR SLITTER  4 BLADE  64T,0
T-2906,TOOL - ADJUSTABLE SCORE 4 BLADE  64T,0
T-2907,TOOL - ADJUSTABLE SCORE 4 BLADE 64T,0
T-2908,"TOOL - ENGRAVED SCORE 3.125"" SPREAD",0
T-2909,"TOOL - 2.0"" SHEETER",0
T-2910,"TOOL - 2.0"" X 3.0"" P/S RCR  NEXGEL",0
T-2912,TOOL - .75 X .75 RCR  M/M 60T,0
T-2913,"TOOL- 0.153"" 2 BLADE LINEAR SCORE P/S 78T",0
T-2914,"TOOL - 1.784"" 2 BLADE LINEAR SCORE P/S 78T",0
T-2915,"TOOL - 0.733"" 2 BLADE LINEAR SCORE P/S 78T",0
T-2916,"TOOL- 3.25"" x 2.625"" CARD 3AR M/M 78T",0
T-2917,"TOOL - 1.625"" x 2.625"" CARD 6AR M/M 78T",0
T-2918,"TOOL - 2.413"" x 3.056"" PERIM 3AR P/S 78T",0
T-2919,"TOOL - 2.253"" x  2.887"" PERIM 6AR P/S 78T",0
T-2920,"TOOL - 2.253"" x 1.231"" PERIM 3AR P/S 78T",0
T-2921,"TOOL - 1.5"" X 1.25"" CARD M/M  100T",0
T-2922,"TOOL - .75"" X .75"" SQUARE M/M  100T",0
T-2923,"TOOL - 1.5"" X 6.25"" CARD M/M  100T",0
T-2924,"TOOL - .6"" X .6"" SQUARE M/M 100T",0
T-2925,"TOOL - 1.784"" 2 BLADE LINEAR SCORE",0
T-2926,"TOOL - 0.733"" 2 BLADE LINEAR SCORE",0
T-2927,TOOL - CENTER LINEAR SCORE 78T,0
T-2928,ALUMI-HAND SPLIT FINGER KITAY DIE,0
T-2929,"TOOL - 0.153"" 2 BLADE LINEAR SCORE",0
T-2930,TOOL - CENTER LINEAR SCORE 78T,0
T-2931,"TOOL - 7.875"" SHEETER 16"" DIE",0
T-2932,"TOOL - 0.39"" Square 2AC 8 AR K/C 64T",0
T-2933,"TOOL - 10"" Kiss Cut Lineal Score Knife 2AC 8 AR K/C 64T",0
T-2934,"TOOL - HARMAC FILTER DISC 0.47"" CIRCLE W/PIN",0
T-2935,PharmChem Slit 5.75 IN M/M and Slit 4.5 IN K/C,0
T-2936,PharmChem Score Liner Tool 64T,0
T-2937,PharmChem Window and Perm Cut Tool 4 IN Repeat 64T,0
T-2938,TOOL - WINDOW 2 LVL 54T,0
T-2939,TOOL - SLOT M/M 54T,0
T-2940,TOOL - SMALL SHAPES P/S 54T,0
T-2941,TOOL - PERIMETER M/M 54T,0
T-2942,TOOL - RECTANGULAR COVER P/S 54T,0
T-2943,Tool - K/S cut 60T Detekt Tool #1,0
T-2944,Tool - Perimeter cut 60T Detekt,0
T-2945,"Tool- 0.63"" circles M/M Harmac Disc",0
T-2946,"TOOL-Therabond Sontara Window 2.5""X7""",0
T-2948,"4""X8"" Therabond SilverPad 1.5""X6""",0
T-2949,"TOOL-4""X8"" THERABOND PERIMETER 4""X8.5""",0
T-2950,"TOOL-4""X5"" THERABOND SONTARA WINDOW 2.5""X3.5""",0
T-2951,"TOOL-4""X5"" THERABOND SILVERPAD 1.5""X2.5""",0
T-2952,"TOOL-4""X5"" THERABOND PERIMETER 4""X5""",0
T-2953,"TOOL- 4""X12"" THERABOND SONTARA WINDOW 2.5""X11""",0
T-2954,"TOOL- 4""X12"" THERABOND SILVERPAD 1.5""X10""",0
T-2955,"TOOL- 4""X12"" THERABOND PERIMETER 4""X12.5""",0
T-2956,"TOOL-2""X2"" THERABOND SILVERPAD 1.25"" Sheeter",0
T-2957,"TOOL-2""X2"" THERABOND PERIMETER 2.25""X2.25""",0
T-335-B,2.5X2.5  66T 1AC 3AR,0
T-733,"T-144 AC-1 AR-1   16""      ETHICON",0
T-B-119,Tool - Butt Cut 129 Tooth,14
T-B-152,Tool - Kiss Cut - 56 Teeth,14
T-B-173,"Tool - .875"" 1 x 10 - 70 Tooth",14
T-B-174,"Tool - .875"" 1 x 7 - 56 Tooth",14
T-B-768,7 x 4.0 64T 1AC 4AR,0
T-B-771,Tool - Perimeter 64 Tooth,14
T-B-791,Tool - Score 72 Teeth,14
T-B-792,Tool - Score 72 Tooth,14
T-B-812,SHEETER M/M 72T 1AC 3AR,14
T-B-815,"1/2"" X 4 64T 1AC 6AR",14
T-B-818,"7"" x 4"" 72T 1AC 4AR",0
T-B-820,SHEETER 1' APART BOTTOM 72T,14
T-B174,"TOOL - 7""  56 Tooth 1"" Kiss Cut",28
T-C-002,Tool - Circle,14
T-C-005,Tool - Chevron,14
T-C-006,Tool -,14
T-C-102,Tool - Circle,14
T-C-120,2.5 96T 1AC 2AR,14
T-C-228,"1"" x 1"" 45T 3AC 5AR",0
T-C-476,"1.375"" 72T 1AC 6AR",0
T-C-659,Tool - Kiss Cut 60 Tooth,14
T-C-661,"Tool - 66 Teeth 1.25"" 1 x 6",14
T-C-663,"Tool - 66 Teeth 1.25"" 1 x 6",14
T-C-665,"Tool - Circle 1.5"" 52 Tooth 1 x 4",14
T-C-710,.625 X .625 65T 4AC 5AR,14
T-C-862,Tool - Circle 91 Tooth,14
T-C22,Tool - CIRCLE  CHEVRON SEAL,14
T-C223,Tool - CIRCLE   CHEVRON SEAL,14
T-C290008,"DELTA ADJUSTABLE NIP 10.0""",0
T-CR-885,Tool - Crease Die,14
T-CR-886,TOOL - Crease die,14
T-CS-010,Tool - Cross Seal,14
T-CS-013,Tool -,14
T-DIS-100,"Tool - 7"" 1 x 2 50 Tooth",14
T-DIS-101,Tool - 1 x 2,14
T-F100,Covidien Folding Tool  Novonette,0
T-F101,"Covidien Folding Tool 4"" Mylar",0
T-F102,Covidien Folding System (Telfa Pad),0
T-F103,"Covidien Folding Tool 9.5"" to 9.0"" (0.25"")",0
T-F104,"Covidien Folding Tool 9.0"" to 8.5"" (0.25"")",0
T-F105,"Covidien Folding Tool 9.5"" to 9.0"" (TOP)",0
T-F106,"Covidien Folding Tool 9.0"" to 8.5"" (TOP)",0
T-FF1,"TOOL-""C"" FOLDER  0.25",14
T-FF2,"TOOL-""C"" FOLDER 0.50",14
T-FF3,"TOOL-""Z"" FOLDER",14
T-FF7A,"Tool - 3.75"" to 2.5"" Right Side",14
T-FF7B,"Tool - 3.75"" to 2.5"" Left Side",14
T-G2604-1,GO-NO-GO GAUGE (LARGE),0
T-G2604-2,GO-NO-GO GAUGE (SMALL),0
T-H-004,"Tool - Flatbed 3"" Circle 3 cavity",0
T-H-005,Tool - Flatbed 6 x 12,0
T-H-008,"Tool - Flatbed 1.5"" x 2"" (6 x 3)",14
T-H-023,Tool - Hudson Mueller 12 x 12,14
T-H-027,Tool - Flat Bed 2 x 1,14
T-H-030,Tool - Flatbed 2 x 2,14
T-H-031,TOOL-FLATBED 4x4 1 UP,14
T-H-044,"Tool - Flatbed 3.75"" x 3.75"" (3 x 3)",0
T-H-045,TOOL-FLATBED 4X4 (3 x 3),0
T-H-047,Tool - Flatbed 4 x 5,14
T-H-515,"Tool - Flatbed 3"" Circle (3x4)",0
T-H-516,"Tool - Flatbed 1"" x 1"" (6 x 12)",0
T-H-517,"Tool - Flatbed 1.75"" circle (8 x 1)",0
T-H-518,TOOL-FLATBED 6X6.5 SACRAL,0
T-H-519,TOOL-FLATBED 3X6.5,0
T-H-520,Tool - Flatbed 2 x 2,14
T-H-522,Tool - Flatbed Bag Perforator,14
T-H-527,Tool - Flatbed 2 x 2,14
T-H-528,Tool - Flatbed 8 x 10,14
T-H-530,Tool - Flatbed 4x4,0
T-H-531,Tool - Flatbed 4 x 4,0
T-H-531B,Tool - Flatbed 4 x 4,0
T-H-535,Tool - Sheeter (1 x 1),14
T-H-539,Tool - Flatbed 6 x 6,0
T-H-543,TOOL-FLATBED 3X3,0
T-H-543b,Tool - Flatbed 3x3 (w/ fennel.. 12 cavities),14
T-H-544,TOOL-FLATBED 3X3,0
T-H-552,Tool - Flatbed 4 x 8,14
T-H-556,TOOL-FLATBED 2X3,21
T-H-559,TOOL-FLATBED 3 X 6.5 (2 x 4),0
T-H-562,TOOL-FLATBED 3X4,21
T-H-573,TOOL-FLATBED MERIT 1.6 IN DIA,14
T-H-574,TOOL-FLATBED MERIT 2.7 IN DIA,14
T-H-575,TOOL-FLATBED MERIT 2.7 IN DIA W/ TAB,14
T-H-576,TOOL-FLATBED MERIT PERIMETER,14
T-H-581,TOOL-FLATBED MERIT SLUG/PERIMETER,14
T-H-603,Tool - Flatbed 3x3,14
T-H-603B,Tool - Flatbed 3x3,14
T-H-604,"TOOL FLATBED 4.0"" X 5.0""   6 UP",14
T-H-605,"Tool - Flatbed MLMP Donut cut (2.625"" & 2.375"")",0
T-H-606,TOOL-FLATBED 4.75 x 6,28
T-H-608,"TOOL - STEEL RULE DIE, SPENCO 3X4, 6 GANG",0
T-H-609,TOOL-FLATBED 4x4 2UP,14
T-H-610,TOOL-FLATBED 4x4 4UP,14
T-H-611,"Tool - Flatbed MLMP Donut cut (2.625"" & 2.125"")",0
T-H-612,Tool - Flatbed 3x3 (w/ fennel.. 6 cavities),14
T-H-613,Tool - Flatbed 1 x 8 DERMA SCIENCE,0
T-H-614,"Tool - Flatbed 2""x2""",14
T-H-615,"TOOL - Flatbed 8""x10""",28
T-H-619,"Tool - Flatbed 2"" DIA FENESTRATION, 5 ACR X 2 DOWN",0
T-H-622,"Tool - Flatbed 11.75"" OD w/ 3.0"" ID",0
T-H-648,"Tool - Flatbed 2"" DIA FENESTRATION, 8 ACR X 1 DOWN",0
T-H-657,"Tool - Flatbed 0.305"" Dia Spiracur Reset Felted foam tool",14
T-H-658,"**INACTIVE**Tool - 0.250"" Dia Spiracur Reset Felted foam tool",14
T-H-685,"Tool - Flatbed 2x2 Die (6 across, 2 Down)",14
T-H-686,"Tool - Flatbed 0.50"" Dia Spiracur Filter Foam 150CC Tool",14
T-H-688,"Tool - Flatbed 0.250"" Dia Spiracur Reset Felted foam tool",14
T-H-692,"Tool - Flatbed 2X2 COLLAGEN PAD, 15 GANG",14
T-H-693,"Tool - Flatbed 1X1 COLLAGEN PAD, 35 GANG",14
T-H-694,"Tool - Flatbed 0.5X12 COLLAGEN PAD, 10 GANG",14
T-H-695,"Tool - Flatbed Spiracur18 cmx18 cm Blue Foam, 3 GANG",14
T-H-696,"Tool - Flatbed Spiracur13 cmx13 cm Blue Foam, 4 GANG",14
T-H-697,"Tool - Flatbed Spiracur 8 cm x 8 cm Blue Foam, 6 GANG",14
T-H-739,"TOOL - Flatbed Die 2 gang 10""x 16""",14
T-H-756,"TOOL - Flatbed Die 2 gang 10""x 16""",14
T-H-762,"TOOL - Flatbed Die 1 gang 20""x 16""",14
T-H-789,"TOOL - Flatbed Die 1 gang 8""x 12""",14
T-H-808,"TOOL - Flatbed Die 2 gang 1.5""X20""",14
T-H-809,"TOOL - Flatbed Die 1 gang 14.25""X8""",14
T-H-810,TOOL - Flatbed Die 1 gang 0.875 Diameter,14
T-H-811,"TOOL - Flatbed Die 12 gang Pattern of 2"" Circles",14
T-H-812,TOOL - Flatbed Die 8 x 8 1 gang,14
T-H-813,"TOOL - Flatbed Die 8"" x 20"" - 1 Gang",14
T-H-814,"TOOL - Flatbed Die 7.5"" x 6.5"" - 1 Gang",14
T-H-815,"TOOL - Flatbed Die 5"" x 4"" - 1 Gang",14
T-H-816,"TOOL - Flatbed Die 4.5"" x 3.5"" - 1 Gang",14
T-H-820,"TOOL - Flatbed Die 6.25"" x 3"" - 12 Gang",14
T-H-822,"TOOL - Flatbed Die 7""x7"" - 2 Gang",14
T-H-824,"TOOL - Flatbed SS Die 7""x7"" - 2 Gang",14
T-H-827,"TOOL - Flatbed SS Die 1""x1"" - 88 Gang",14
T-H-828,"TOOL - Flatbed SS Die 2""x2"" - 40 Gang",14
T-H-840,"TOOL - Flatbed SS Die 2""x2"" - 20 Gang",14
T-H-841,Tool - ADHESIVE PAD RING KCI,14
T-H-844,"TOOL- 4"" X 5"" FLATBED DIE 8 GANG",14
T-H-846,"TOOL - Flatbed SS Die 3""x3"" - 15 Gang",14
T-H-847,"TOOL - Flatbed SS Die 0.5""x12"" - 10 Gang",14
T-H-848,"Tool-Flatbed 21"" cross blades 16"" apart",14
T-H-857,"Hydrocolloid ""C"" Drsg - Perimeter",0
T-H-858,"Hydrocolloid ""C"" Drsg - Oval",0
T-H-859,"Hydrocolloid ""C"" Drsg - Quarter Circle",0
T-H-860,TOOL - GEMINIBIO CASSETTE DIE,0
T-H-866,"TOOL - Flatbed SS Die 1 gang 8""x 12""",0
T-H-867,"TOOL - 4"" X 4"" - 8 GANG DIE",0
T-HAT001,TOOL - HEAT ANVIL ROLL,14
T-HAT002,TOOL - HEAT ANVIL ROLL,14
T-HeatNip,Heated Nip Roller Model#: MD101205B,0
T-HF-029,Tool - 4 x 4Tracheo,14
T-HF-031,"Tool - Flatbed 4"" x 4"" (2 x 1)",0
T-IOM -121,Tool - 1 X 1 76 Teeth,0
T-IOM-121,T-76 AC-1 AR-1,0
T-IOM-126,7 X 12.25 98T 1AC 1AR,14
T-Kit-1000,Tin Sleeves (4x) Lee Hefty,14
T-LBL-24865,"Tool - Label Dispenser - 6"" roll max",14
T-LBL-24868,"Tool - Label Dispenser - 6"" roll max",14
T-Lee-100,Tool - Lee 92 Teeth,14
T-Lee-101,Tool - Lee 92 Teeth,14
T-Lee-102,TOOL - PERIMETER KISS CUT 92T,14
T-LIF-102,Tool - 1 x 4 70 Tooth,14
T-LIF-103,Tool - Notched Anvil,14
T-LIF-104,Tool - LIFE TECH 3 x4 KC CARBON 67T,14
T-LIF-105,Tool - LIFE TECH POCKETED ANVIL,14
T-LIF-106,T - Undercutter / Gel,14
T-LIF-107,Tool - LIFE TECH 3 x4,14
T-LIF-108,Tool - 1 x 4 70 Tooth,14
T-LIF-109,Tool - LIFE TECH 3 x4 50# LINER 67T,14
T-LP-369,"7” ADJ PERF SLITTER, 48TH, 2 BLADES",14
T-LS-118,"Tool - Slitter (8 x .25"") 48 Tooth",14
T-LS-154,0.46 64T 15AC 1AR,14
T-LS-163,Tool - Slitter - (4 x 1) 48 Tooth,14
T-LS-185,Tool - Lineal Score 63 Teeth,14
T-LS-210,Tool - Lineal Score 55 Teeth,14
T-LS-259,"3"" 48T 2AC 1AR",14
T-LS-375,"Tool - 2"" 1 x 1 - 48 Tooth",14
T-LS-444,TOOL - LINEAL SCORE 1AROUND,0
T-LS-449,Tool - Slitter 64 Tooth,14
T-LS-459,Tool - Slitter,14
T-LS-601,Tool - Linear Score 72 Tooth,14
T-LS-639,.67 SLITTER 60T 5AC 1AR,14
T-LS-643,"Tool - 2"" 60 Tooth",14
T-LS-645,"Tool - 3"" 64 Tooth",14
T-LS-695,"7” ADJ SLITTER, 72TH, 4 BLADES",0
T-LS-696,Tool - Linear Score 72 Tooth,14
T-LS-698,shoe score 64T 2AC 1AR,14
T-LS-769,Tool - Top Score 64 Tooth,14
T-LS-775,Tool - Score,14
T-LS-790,WAVY SCORE 63T,0
T-LS-793,Tool - Top Score 72 Teeth,14
T-LS-794,Tool - Perimeter 72 Teeth,14
T-LS-816,Tool - Slitter (12 x 1) 64 Tooth,14
T-LS-816-1,0.5 T-64 AC-6 AR-1,0
t-ls-819,SPECIAL 72t 1ac 2ar,0
T-LS-821,Slitter 72T 20AC 1AR,0
T-LS-827,"TOOL - LINEAR KISS CUT, 0.25",14
T-LS-827-1,.25 T-64 AC-10 AR-1,0
T-LS-830,Tool - Score 80 Tooth,14
T-LS-831,Tool - LINEAL SCORE 80 Tooth,14
T-LS-842,Tool Kiss Cut,14
T-LS-853,TOOL-LINEAR 1 x 1 64 Tooth,0
T-LS-854,Tool - Sheeter 4 x 1,14
T-LS-857,Tool - Kiss Cut 1 x 5,14
T-LS816-1,"TOOL - 7"" LINEAR 0.5"" 64T (6 x 1 Perimeter)",14
T-LS827-1,"TOOL - 7"" M/M LNR .25"" 64T 10"" x 1"" Perimeter",14
T-MM-56-1A,"ADJUSTABLE SLITTER 7"" 56T",0
T-MM-56-2A,"ADJUSTABLE SLITTER 7"" 56T",0
T-MM-60-1A,"ADJUSTABLE SLITTER 7"" 60T",0
T-MM-72-1A,"ADJUSTABLE SLITTER 10"" 72T",0
T-MM-72-1B,"ADJUSTABLE SLITTER 10"" 72T",0
T-MM-72-1C,"ADJUSTABLE SLITTER 10"" 72T",0
T-MM-72-1D,"ADJUSTABLE SLITTER 10"" 72T",0
T-MM-72-1E,"10” ADJ PERF SLITTER, 72TH, 2 BLADES",0
T-MM-72-1F,ADJUSTABLE PURF SLITTER 72T,0
T-MM-72-1G,"ADJUSTABLE SLITTER 10"" 72T",0
T-MM-72-2A,"ADJUSTABLE SLITTER 7"" 72T",0
T-MM-72-2B,"ADJUSTABLE SLITTER 7"" 72T",0
T-MM-72-2C,"ADJUSTABLE SLITTER 7"" 72T",0
T-MM-72-3A,"ADJUSTABLE SLITTER 13"" 72T",0
T-O-225,Tool - 1.732 x .866 4 x 7 - 98 Tooth,7
T-O-226,Tool - 2.362 x 1.493 4 x 7 - 98 Tooth,7
T-O-656,Tool - Genesis Clear Patch 72T Oval,0
T-O-666,Tool - 52 Tooth,14
T-O-667,"Tool - 2.25"" x 2""  68 Tooth 1 x 4",14
T-O-849,Tool - 88 Tooth Kiss Cut,14
T-O-876,1.63 X 1.13 84T 2AC 6AR,0
T-O-877,1.38x.88 84T 2AC 6AR,0
T-O-879,2.63x1.63 90T 2AC 5AR,0
T-O-880,2.35x1.38 90T 2AC 5AR,0
T-O-881,3.0x2.0 90T 2AC 5AR,0
T-O230,"Tool - 13"" 108 Tooth Circle Cavity K/C 3.375"" repeat",14
T-P-0001-7,"7"" WIDE ""SWIRL"" PRINT SLEEVE",14
T-P-0001-7.5,"7.5"" WIDE ""SWIRL"" PRINT SLEEVE",14
T-P-0001-9,"9"" WIDE ""SWIRL"" PRINT SLEEVE",14
T-P-0001-M,100TG PRINT CYLINDER MANDREL,14
T-PP-IOM-247,TOOL- ADJ BLADE SLITTER,0
T-R-115,".5 X 3 "" 50T 2AC 2AR",0
T-R-155,"1.75"" x 4.43"" 72T 2AC 2AR",0
T-R-175,"Tool - 4.5"" x 2"" 1 x 5 - 80 Tooth",14
T-R-186,"3""x 1.5"" 52T 1AC 4AR",14
T-R-204,5x6 98T 1AC 2AR,0
T-R-221,Tool - RCR 64 Teeth,14
T-R-334,Tool - 102T,28
T-R-368,4 X 3 50T 1AC 2AR,0
T-R-467,"Tool - 2.375"" x 2.5"" 66 Tooth 2 x 3",14
T-R-471,"Tool - 7"" 5.5 X 5.25 88T",28
T-R-482,"Tool - 10"" M/M 4.25"" x 4.0"" - 66 Tooth",14
T-R-538,3.032 x4.625 78T 2AC 2AR,0
T-R-549,5CM X 5CM 68T 2AC 4AR,0
T-R-564,1.5 x 1.5 60T 1AC 5AR,0
T-R-638,"Tool - 3.5"" x .25"" 60 Tooth",14
T-R-644,"Tool - 3.5"" x .25"" - 60 Tooth",14
T-R-646,"Tool - 1.73 x .866"" (1 x 12) 64 Tooth",14
T-R-683,"Tool - 80 Tooth Pace, 4 x 5, 2 acr, 2 ar",14
T-R-713,"Tool - 7"" 3.625 X 1.625 78T",28
T-R-722,"Tool - 96 Tooth Pace, 4 x 4, 3 acr, 3 ar",14
T-R-795,Tool - Perimeter 74 Tooth,14
T-R-796,Tool - Perimeter 74 Tooth,14
T-R-797,BUSSE 72T 1AC 2AR,0
T-R-829,"Tool -3.25"" x 14 112-Tooth",14
T-R-855,"Tool - 4.75"" x 10"" 1 x 1 80-Tooth",14
T-R-886,"TOOL - 3.125X3.125 75TG METAL TO METAL 7""",14
T-S-101,"Tool - 4"" Sheeter 96 Tooth",14
T-S-101-B,"7” SHEETER 96TH 1AC 3AR, 4.0” REPEAT",14
T-S-106,"10.125"" 64t 1AC 8AR",14
T-S-108,"10” SHEETER 96TH 1AC 2AR, 0.75” REPEAT",14
T-S-113,"TOOL-8"" Sheeter 64T",0
T-S-114,Tool -,14
T-S-116,0.5 48T 4AC 1AR,0
T-S-117,"Tool - Sheeter 1 x 18 72T .5""",0
T-S-121,"Tool - 7"" Sheeter tool, 96TG, 1 acr, 4 ar",14
T-S-126,"Tool - 5"" 1 x 2 - 80 Tooth",14
T-S-127,"7” REM SHEETER, 60 TH, 1AC, 2 AR, 3.75” REPEAT",0
T-S-135,"Tool - 4"" Sheeter 64 Tooth",14
T-S-138,Tool - Sheeter 60 Teeth,14
T-S-141,Tool - Sheeter 80 Teeth,14
T-S-143,Tool - 96 Tooth (2 x 1),0
T-S-145,"6.5"" Sheeter 104TG, 13"" Tool",14
T-S-151,TOOL-SHEETER 120 Tooth,0
T-S-157,"7” SHEETER 48TH 1AC 2AR, 3” REPEAT",14
T-S-163,SHEETER,14
T-S-178,SHEETER 60T 1AC 10AR,0
T-S-187,Tool - Sheeter 64 Tooth,14
T-S-187-B,"2"" T-64 AC-1 AR-4",0
T-S-187B,Tool - 1 X 4 64 Teeth,14
T-S-191,"4.875"" 78T 1AC 2AR",14
T-S-195,Tool - Sheeter 63 Teeth,14
T-S-196,Tool - Sheeter 76 Teeth,14
T-S-197,Tool - Sheeter 92 Teeth,14
T-S-201,"7” Rem Sheeter 68TH 1 AC, 2AR, 2.25” Repeat",0
T-S-231,SHEETER,0
T-S-232,Tool - 96 Tooth (2 x 1),0
T-S-242,1.75 56T 1AC 4AR,14
T-S-250,TOOL,0
T-S-254,Tool - Sheeter 96 Tooth,14
T-S-258,Tool - Sheeter 96 Tooth,14
T-S-288,Tool - Sheeter 64 Tooth,14
T-S-304,"7” SHEETER 54TH 1AC 3AR, 2.25” REPEAT",14
T-S-304B,"7” SHEETER 54TH 1AC 3AR, 2.25” REPEAT",0
T-S-305,"TOOL-7"" SHEETER TOOL 60T, 1.5""",14
T-S-325,Tool - 47 Teeth 4 x 1,14
T-S-337,"7” REM PERF SLITTER, 78TH, 1AC 6AR 1.625” REPEAT",14
T-S-399,"Tool -  4"" 1x2 64 Tooth",14
T-S-464,Tool - Sheeter 60 Teeth,14
T-S-465,Tool - Slit/Knick 48 Tooth,14
T-S-466,"1.0"" 48T 1AC 6AR",14
T-S-500,1.75 x 1.75 56T 2AC 4AR,0
T-S-512,Tool - 21mg Nicoderm Slitter/Sheeter 66T,14
T-S-522,"2.875"" 69T 1AC 3AR",14
T-S-526,"7” SHEETER 51TH 1AC 3AR, 2.125” REPEAT",14
T-S-530,TOOL - SCORE 68 TOOTH,14
T-S-543,4.0 T-64 AC-1 AR-2,0
T-S-563,"TOOL - 2"" Sheeter 64T",14
T-S-571,TOOL-SHEETER w/ .375 HOLE,14
T-S-575,Tool - 64 Tooth 1.25 Ratio,0
T-S-577,Tool - 80 Tooth,14
T-S-579,Tool - Sheeter 96 Teeth,14
T-S-581,"2.5"" 60T 1AC 3AR",14
T-S-582,1.25 60T 1AC 6AR,14
T-S-583,Tool - Sheeter 64T,14
T-S-584,"TOOL - 2"" Sheeter 64T",14
T-S-586,Tool - Sheeter - 60 Tooth - 0.5,14
T-S-591,"Tool - Sheeter 2.375"" x 2.75"" (1x3) 57 Tooth",14
T-S-592,"Tool - 7"" Sheeter 86T",28
T-S-603,Tool - Metal to Metal Sheeter 100 Tooth,14
T-S-607,"7” SHEETER 64TH 1AC 2AR, 4.0” REPEAT",14
T-S-620,"TOOL-7"" SHEETER TOOL 48T, 1.5""",14
T-S-623,"TOOL-7"" SHEETER TOOL 80T, 2.5""",14
T-S-626,"TOOL-7"" SHEETER TOOL 80T, 2.5""",14
T-S-628,"7” SHEETER 64TH 1AC 2AR, 4.0” REPEAT",0
T-S-680,"4.25"" 68T 1AC 2AR",0
T-S-697,"Tool - 7"" Sheeter 80T",28
T-S-706,"Tool - 7"" 2.5 80T",28
T-S-725,"7” REMOVABLE SHEETER 2.125” REPT, 1AC, 4AR, 74TG",0
T-S-729,Tool - Sheeter 88 Tooth,14
T-S-731,Tool - Score - 144 Tooth - 15.0 x .50,14
T-S-731-B,15 X .50 144T 1AC 1AR,14
T-S-736,"7” Rem Sheeter 74TH 1 AC, 4AR, 2.3125” Repeat",14
T-S-761,2.0 x 6.0 48T 3AC 1AR,14
T-S-763,2.0 X 6.0 48T 1AC 3AR,14
T-S-785,"10"" Tool 1.75"" Removable Blade Sheeter 112 TG, 1Ac, 8Ar",0
T-S-806,Tool - Sheeter - Argentum,14
T-S-865,"Tool - Argentum 1.5"" Repeat  80GT",0
T-S-868,Tool - 80 Teeth,14
T-S-872,3.0 72T 1AC 3AR,14
T-S-890,SHEETER 10.25,0
T-S-894,"Tool - 7"" 2.5"" Sheeter 80T",28
T-S-896,"TOOL-SHEETER 12.75"" 102T 1 x 1 16"" Pace",0
T-S-902,TOOL-(BOTTOM SCORE) 64T,0
T-S-903,TOOL-(TOP SCORE) 64T,0
T-S151,"Tool - 1"" Sheeter 120T, 16"" PACE",0
T-S231,"Tool - 13"" 108 Tooth Sheeter M/M 3.375"" repeat",14
T-S543,"Tool - 4"" Sheeter 64T",14
T-S761,TOOL- SHEETER 48 TOOTH,14
T-S763,TOOL- SHEETER 48 TOOTH,14
T-SC-511,2.0625 66T 2AC 1AR,0
T-SC-514,"1.625"" 64T 2AC 1AR",0
T-SC-516,Tool- 7 mg Nicoderm Score 50T,14
T-SC-555,105 52T 1AC 1AR,0
T-SC-560,Nic. Score 56T 2AC 1AR,0
T-SC-565,SCORE 60T 1AC 1AR,14
T-SC-570,SCORE UNIT 64T 1AC 1AR,14
T-SC-592,SCORE,0
T-SC-616,"Tool - 7"" 4"" 76 Tooth",14
T-SC-629,Tool - 60T Score,14
T-SC-631,"2.0"" 60T 1AC 1AR",0
T-SC-633,80T 2AC 1AR,0
T-SC-669,Tool - Score 72T,14
T-SC-853,TOOL-SCORE 64 Tooth,0
T-SC-891,Tool - 1 x 1 82 Teeth,14
T-SH-100-4RD,Tool - Sheeter 1 x 2,14
T-SH-254,Tool - 1 x 3 96-Tooth,14
T-SH-292,"Tool - Sheeter 7"" 75 Teeth 1 x 3",14
T-SH-395,"7” SHEETER 80TH 1AC 1AR, 10” REPEAT",0
T-SH-396,"10"" SHEETER 80T 1AC 1AR 10"" REPEAT",0
T-SH-45-5R,Tool - Sheeter,14
T-SH-455-R,"LEE HEFTY T-45 AC-1 AR-5      F-3002 7""",14
T-SH-48-8RD,"Tool - 48T .75 R Sheeter 8"" blade",14
T-SH-50-1R,"7” REM SHEETER, 50 TH, 1AC, 1 AR, 6.25” REPEAT",0
T-SH-52-2F,Tool - 1 X 2 52 Teeth,0
T-SH-522-F,"T-52 AC-1 AR-2 7""",0
T-SH-55-5R,Tool - Sheeter,14
T-SH-555-R,"SHEETER T-79 AC-1 AR-1 7"" / F3002",0
T-SH-56-4R,"Tool - 7"" Sheeter 56T",14
T-SH-56-7R,"7” REM PERF SHEETER, 56TH, 1AC 7AR 1” REPEAT",0
T-SH-57-3R,"10” Rem Sheeter 57TH 1 AC, 3AR, 2.375” Repeat",14
T-SH-60-1F,"7"" Tool, 7.5"" Sheeter 60TG, 1Around",14
T-SH-60-4R,"7” SHEETER 60TH 1AC 4AR, 1.875” REPEAT",14
T-SH-60-5F,"7” SHEETER 60TH 5AC 1AR, 1.5” REPEAT",14
T-SH-64-8R,"7” REM SHEETER, 64TH, 1AC, 8 AR, 1” REPEAT",0
T-SH-67-2FD,Tool - LIFE TECH 3 x4 SHEETER,14
T-SH-67-2R,Tool - 1 X 2 67 Teeth,14
T-SH-68-10F,"7” SHEETER 0.85” REPT, 1AC, 10AR, 68TG",0
T-SH-68-2F,Tool - Sheeter 1 x 2,14
T-SH-682-F,SHEETER 4.25 T-68 AC-1 AR-2/ F-33002,0
T-SH-70-4DF,"7” SHEETER 70TH 1AC 4AR, 2.1875” REPEAT",14
T-SH-70-4FDR,Tool - Sheeter for Life Tech,14
T-SH-70-7R,"7” REMOVALBE SHEETER 1.25 Repeat, 1AC, 7AR, 70TG",0
T-SH-72-4R,SHEETER 74T 1AC 3AR,14
T-SH-724-4R,"7” Rem Sheeter 72TH 1 AC, 4AR, 2.25” Repeat",0
T-SH-76-4R,"2.375"" 4.75"" 76T 1AC 4AR",14
T-SH-78-2DF,Tool - 1 X 2 78 Teeth,0
T-SH-80-4R,Tool - Sheeter 80 Tooth 2 Blades,14
T-SH-80-8R,"Tool - Sheeter 1 x 8 80 T 1.25"" repeat",14
T-SH-804-R,"SHEETER T-79 AC-1 AR-1 7"" / F-260002",0
T-SH-82-2R,Tool - Sheeter 82 Tooth / 2 Round,14
T-SH-92-4R,Tool - 4 Blade 92T Sheeter,14
T-SH-96-3F,SHEETER 96T 1AC 3AR,0
T-SL-72-8A,TOOL-ADJUSTABLE SLITTER,14
T-SP-1000,MEDTRONIC SPACERS,0
T-SP-117,Tool - Sheeter,0
T-SP-205,Tool - 1 x 5  55 Teeth,14
T-SP-233,"Tool - Metal to Metal Air Jet 1 x 1 104T 13""",14
T-SP-259,"7” SHEETER 3.125” REPT, 1AC, 3AR, 70TG",0
T-SP-266,"4"" Sheeter 96TG, 1 Across, 2 Around",0
T-SP-267,Tool - WAGONNER RING DIE 104T,14
T-SP-268,Tool - WAGONNER UNDER SCORE DIE 52T,14
T-SP-269,Tool - SHEETER 6.50 104T,14
T-SP-291,Tool - 75 Teeth 1 x 3,14
T-SP-323,Tool,14
T-SP-339,"1.5"" x 1.5"" Square Kisscut 48T 2AC 4AR",0
T-SP-361,"Tool - 7"" (1 x 5) K/C 56T",14
T-SP-364,TOOL-.317X3.0,0
T-SP-365,TOOL-.317X3.0 ADDITIONAL,0
T-SP-366,Tool - 1 x 6 60 Teeth,0
T-SP-368,Tool - 1 x 6 60 Teeth,14
T-SP-381,"Tool - 7"" M/M Absorbant Pad Die, 1 x 5 54 TG",0
T-SP-405,Tool - 6 Blade Lineal,14
T-SP-551,"Tool - Medlogic 2 x 3 86 Teeth 3.583"" repeat",14
T-SP-552,Tool - Medlogic 1 x 3 86 Teeth Tape Strip,14
T-SP-553,Tool - Medlogic 1 x 3 86Teeth Cross Score,14
T-SP-554,Tool - Medlogic 1 x 3 86Teeth Poly Strip,14
T-SP-555,Tool - Medlogic 1 x 3 86Teeth Card Die,14
T-SP-557,Tool - Clinical Research Labs,14
T-SP-557-A,NEW,0
T-SP-575,MEDLOGIC HOLE DIE,0
T-SP-575-A,MEDLOGIC HOLE DIE,0
T-SP-576,**INACTIVE**MEDLOGIC TAPE STRIP DIE - DESTROYED,0
T-SP-577,MEDLOGIC CROSS SCORE DIE,0
T-SP-577-A,MEDLOGIC CROSS SCORE DIE,0
T-SP-578,MEDLOGIC POLY STRIP DIE,0
T-SP-579,MEDLOGIC CARD DIE,0
T-SP-580,Tool - IOMED TQES Foam Die,14
T-SP-581,Tool - Iomed 1800102,14
T-SP-583,Tool - Iomed,14
T-SP-584,Tool - Iomed 1800105 Liner,14
T-SP-585,Tool - Iomed 1800106 Liner,14
T-SP-605,Tool - 1 x 12 60 Tooth Battery Pull,14
T-SP-606,TOOL,28
T-SP-609,Tool -,14
T-SP-610,Tool -,14
T-SP-611,Tool,14
T-SP-612,Tool-Outer Ring,14
T-SP-613,Tool-Perimeter Cut,14
T-SP-614,Tool-Score,14
T-SP-615,"Tool - 7"" 1 x 6 57 Tooth - Holes",14
T-SP-616,"Tool - 7"" 2 x1 57 Tooth - Lineal",14
T-SP-625,Tool - VERMED 0.50 DIA 79T,14
T-SP-626,Tool - VERMED 0.1718 DIA 79T,14
T-SP-627,Tool - SHEETER 79T,14
T-SP-641,"Tool - Lineal Score 10"" 4 x 1 72 Tooth",0
T-SP-647,Tool -,0
T-SP-655,Tool,14
T-SP-656,Tool - 69T 6 x 2,14
T-SP-671,Tool - RH950 with holes,14
T-SP-676,"10"" Adjustable Score, 2 Blades",0
T-SP-689,SPECIAL SHAPE,14
T-SP-690,SHEETER,14
T-SP-692,4.125 66T 1AC 2AR,0
T-SP-693,2.6875 DIA 66T 1AC 2AR,14
T-SP-695,TOOL FOLDER,14
T-SP-705,Tool -,0
T-SP-707,Tool - Iomed Pinfeed die w/trim blds,14
T-SP-710,Tool - Score Liner,14
T-SP-732,Tool - TQES Liner die,14
T-SP-733,Tool - Trans Q flex Liner w/air ejec,14
T-SP-744,TOOL- Iomed Tricot Card Die,0
T-SP-745,"Removable Blade Sheeter 11.875” Repeat, 95TG",0
T-SP-749,FOLDING TOOL,14
T-SP-750,FOLDING TOOL,14
T-SP-754,78T 1AC 3AR,14
T-SP-755,"Tool - 2.625"" x 2.375"" 1 x 3 - 63 Tooth",14
T-SP-757,Tool - Folding Tool,14
T-SP-758,Tool - Folding Tool,14
T-SP-762,Tool - YSI Die #1,14
T-SP-763,Tool -,14
T-SP-766,"Tool - 5"" x 4"" 1x2 - 68 Tooth",14
T-SP-767,70T 2AC 1AR,0
T-SP-769A,"Tool- PRTD VINYL/CARBON 2""x3"" Return",14
T-SP-770A,"Tool- Activatek 2""x3"" Return",14
T-SP-772,Tool - 1 X 3 84 Teeth,14
T-SP-774,Tool - 1.5cc Die #4,0
T-SP-775,Tool,0
T-SP-776,Tool,0
T-SP-788,Tool - Pyng Target Die #1 Inner Circle,14
T-SP-789,Tool - Pyng Target Die #2 Inner Perimeter,14
T-SP-790,Tool - Pyng Target Die #3 Outer Perimeter,14
T-SP-801,"Tool - 7"" die TQEM Liner w/air eject",14
T-SP-802,"Tool - 10"" PVEM/OVEM Med. Foam",14
T-SP-815,FOLDING TOOL,14
T-SP-816,TOOL-ADH LAYER W/ TAB,14
T-SP-817,"TOOL- HYDROCOLOID 2.7"" CIRCLE",14
T-SP-817-A,"T-71 AC-1 AR-2 MERIT 10""",0
T-SP-817A,"T-71 AC-1 AR-2 10"" MERIT F-56007",0
T-SP-818,"TOOL-1.6"" DIA SLUG",14
T-SP-819,TOOL-PERIMETER SHAPE,14
T-SP-820,"TOOL - 10"" Adjustable Scoring Blade - 72 tooth",0
T-SP-821,"10"" ADJUSTABLE LINEAL 72T 2AC 1AR",14
T-SP-823,Tool - Hutchinson Die 1.5 repeat,14
T-SP-825,"TOOL- PYNG 1"" FOLDER #2 LINER",0
T-SP-831,"Tool - 10 64T M/M Activa die 1""",0
T-SP-834,"Tool - 10 64T Activatek M/M die 4""",0
T-SP-836,Tool -,0
T-SP-838,TOOL,0
T-SP-840,"TOOL - YSI TEMPHEART SHAPE, 2 ACR, 6 AR, 78 TG",0
T-SP-841,Tool - SHAPE 1 x 3 - 78 Tooth,14
T-SP-844,"TOOL-GT-94 10"" EMPI Score",0
T-SP-845,"TOOL-GT-94 10"" EMPI Holes",0
T-SP-846,"TOOL-GT-94 10"" EMPI Perimeter",0
T-SP-847,"TOOL-M/M 1 x 4 10"" 94 T with cross blade",0
T-SP-848,Tool -,14
T-SP-849,"Tool - Sheeter 10"" 75T",14
T-SP-861,Tool - Score Die,14
T-SP-862,Tool - Edge Folder,0
T-SP-863,TOOL - Center Folder,0
T-SP-864,TOOL - SCORE 5/8 X 8.5 Adjustable Blades - 72 Teeth 2 Blades,0
T-SP-865,TOOL - PERIMETER 5/8 X 8.5 70 Teeth 1 x 14,0
T-SP-866,TOOL - PERF 5/8 X 8.5 66 Teeth 1 x 6,0
T-SP-867,Tool -,0
T-SP-869,TOOL,0
T-SP-872,Tool -,0
T-SP-874,TOOL-KISS CUT,0
T-SP-875,TOOL-SHEETER,0
T-SP-897,TOOL-SCORE 1/2X4,0
T-SP-898,TOOL-PERIMETER 1/2 X 4,0
T-SP-899,TOOL- PERF 1/2 X 4,0
T-SP-900,Tool - Multi Blade Score,0
T-SP-901,Tool - 2 Level  Foam/Pin hole,0
T-SP-916,TOOL- Folder 1/2 X 4 BOTTOM FOLD,0
T-SP-917,TOOL- EDGE FOLDER 1/2 X 4 TOP FOLD,0
T-SP-918,TOOL- (Z) FOLDER 1/2X4 - 2 PCS,0
T-SP-919,96T 2AC 2AR,0
T-SP-925,"Lineal Score 10"" 72 Teeth",28
T-SP-928,"Tool - 90T 5.625"" 2 x 1",14
t-sp-934,SPECIAL 94t 4ac 2ar,0
T-SP-935,SPECIAL 94T 2AC 2AR,28
T-SP-961,CROSS BLADE 66T 1AC 22AC,14
T-SP-962,Tool -,0
T-SP-963,Tool - Foam/circle (2 level),0
T-SP-964,TOOL-SHEETER,0
T-SP-965,TOOL-KISS CUT FULLFACE NO GLARE,0
T-SP-966,TOOL-SHEETER FULLFACE NO GLARE,0
T-SP-977,"TOOL-M/M 10"" 94 T 1 x 4 w/perf",0
T-SP-978,ALUMI-HAND LARGE CLASS A,0
T-SP-979,ALUMI-HAND EXTRA LARGE CLASS A,0
T-SP-980,ALUMI-HAND SMALL CLASS A,0
T-SP772,Tool - 3 X 1 84 Teeth,14
T-SRD-3233,"TOOL - STEEL RULE DIE, SPENCO 4.75X6, 4 GANG",14
T-T-2010,"TOOL-2 LEVEL DIE  96T, 8.75x6 (1X2) 10"" PACE OR DELTA 13",0
T-W-F100,Female Shear Slitting Blades 16 pc,0
T-W-M100,Male Shear Slitting Blades 16 pc,0
T-X-100,Tool - 6 x 6 96 Tooth,14
T-X-109,Tool - 105 Tooth,14
T-X-110,0.5 64T 1AC 1AR,14
T-X-112,"1"" 120T 1AC 15AR",14
T-X-122,63T 1AC 3AR,14
T-X-125,Tool - Perimeter 64 Tooth,14
T-X-132,"Tool - 5"" 1 x 2 - 90 Tooth",14
T-X-137,Tool - 72 Tooth,14
T-X-140,"Tool - 3.5"" x 1"" 1 x 9 - 72 Tooth",14
T-X-142,"Tool - 6 x 8""  64 Tooth",0
T-X-149,Tool - Kiss Cut 76 Teeth,14
T-X-168,Tool - 2 Level 63 Teeth,14
T-X-177,"Tool - 7"" 5x5 RCR Tool, 80TG, 1 acr, 2 ar",14
T-X-181,SHEETER 88T 1AC 1AR,0
T-X-192,Tool - Perimeter 63 Teeth,14
T-X-192-B,1.5 x 3.7 63T 2AC 2AR,14
T-X-193,Tool - 76 Teeth,14
T-X-194,Tool - Kiss Cut 92 Teeth,14
T-X-2076,"TOOL-7"" LINEAL SCORE 64 TG 1.22",28
T-X-220,Tool - Perimeter 64 Teeth,14
T-X-236,Tool - MUELLER 2X5 RCR 82T,0
T-X-237,Tool - 65 Tooth,0
T-X-248,2 X 3 64T 1AC 4AR,14
T-X-253,"Tool - 7"" 6x6 RCR Tool, 96TG, 1 acr, 2 ar",14
T-X-287,Tool - Perimeter 64 Teeth,14
T-X-299,13.312x9.437 152T 1AC 2AR,0
T-X-321,1.5625 80T 1AC 6AR,0
T-X-322,0.75 72T 1AC 72AR,0
T-X-324-B,1.25 BRAZABRA 66T 1AC 6AR,14
T-X-328,CONCENTRIC 51T 1AC 2AR,0
T-X-335,Tool - 66 Teeth,14
T-X-336,Tool - 66 Teeth,14
T-X-336B,"TOOL - 1.25"" CIRCLE   66T",0
T-X-355,"Tool - 1.5 x 2.36"" (4 x 2) 48 Tooth",14
T-X-359,"Tool - 3"" x 1.5"" 1 x 4 - 48 Tooth",14
T-X-360,"4.125"" x 1"" 60T 1AC 6AR",0
T-X-362,"4.125"" x .25"" 48T 1AC 15AR",14
T-X-364,"Tool - 3.125"" x 1.25"" 1 x 18 - 69 Tooth",14
T-X-365,"Tool - 3"" x 1.4375"" 1 x 6 - 69 Tooth",14
T-X-370,Tool - Score 48 Tooth,14
T-X-371,"Tool - 2"" 1 x 1 - 48 Tooth",14
T-X-372,"1"" 48t 1ac 1ar",0
T-X-385,5 X 3 72T 1AC 2AR,0
T-X-398,Tool - 6 x 6 96 Tooth,0
T-X-400,TOOL-PERIMETER 64T 1 x 2,0
T-X-404,Tool - 6 x 6 96 Tooth,0
T-X-407,Tool - 47 Teeth 4 x 1,14
T-X-424,"Tool - 3"" x 1.5"" 1 x 5 - 60 Tooth",14
T-X-427,"4.5"" repeat 72T 1AC 4AR",0
T-X-430,"2.5"" Petal 66T 1AC 3AR",0
T-X-434,6.25 x 6.1875 99T 1AC 2AR,28
T-X-436,"1.25"" CIRCLE SHAPE",14
T-X-438,Tool - 64 Tooth,14
T-X-438A,Tool - 64 Tooth 4 X 4,14
T-X-438B,Tool - 64 tooth,14
T-X-439,Tool - 64 Tooth,14
T-X-441,Tool - 1 X 5 60 Teeth,14
T-X-447,"Tool - 96 Tooth 6"" x 6"" (1 x 2)",0
T-X-447-B,PERIMETER 6X6 T-96 AC-1 AR-2,0
T-X-448,Tool - 96 Tooth,14
T-X-448-2,TOOL,0
T-X-449,Tool - 96 Tooth 4 x 4,14
T-X-450,Tool - 96 Tooth 4 x 4,14
T-X-453,"Tool - 66 TG, 2.375X2.5, 1 ACR, 3 AROUND",14
T-X-455,Tool - Kiss Cut/2 Level 51 Tooth,14
T-X-456,"Tool - 2 Level Cut 48 Teeth Repeat 2""",14
T-X-457,Tool - MUELLER DONUT 2 LEVEL 40T,14
T-X-458,Tool - Circle 40 Tooth 1 x 1,14
T-X-462,5.75 x 4.0 67T 1AC 2AR,0
T-X-473,5.75 x 4.0 67T 1AC 2AR,0
T-X-475,"2.93"" 72T 1AC 3AR",0
T-X-484,"Tool - 10"" 90T",28
T-X-489,Tool - 68 Tooth,14
T-X-490,Tool - 68 Tooth,14
T-X-497,Tool - 129 Tooth,14
T-X-510,Tool - 21mg Nicoderm K/C 66T,14
T-X-512,Tool - 21mg Nicoderm Slitter/Sheeter 66T,14
T-X-513,TOOL - 14MG  RCR  64T,14
T-X-515,Tool- 7 mg Nicoderm K/C 50T,14
T-X-517,TOOL - 14MG SQUARE CARD  64T,14
T-X-518,Tool- 7 mg Nicoderm Perimeter 50T,14
T-X-519,"Tool - 10"" 10 X 10 80T",28
T-X-520,"Tool - 88 Tooth 5"" x 5.25"" (1 x 2)",14
T-X-520B,"Tool - 7"" 5 X 5.25 88T",28
T-X-527,"Tool - 4.0"" W/FEN 68 TOOTH",14
T-X-528,Tool - Pad Sheeter 68 Tooth,14
T-X-529,Tool - OVAL 90 TG 2 ACR X 4 AR,14
T-X-533,7.3125 x 9.25 75T 1AC 1AR,0
T-X-534,Tool - Sheeter 64 Tooth,14
T-X-535,4 X 4 FEN 64T 1AC 2AR,14
T-X-536,"4.0"" W/FEN  68TOOTH",14
T-X-537,"2.0"" CIRCLE 68 TOOTH MPM",14
T-X-537-B,"2.0"" CIRCLE T68 1AC 1AR",0
T-X-538,"Tool - 7"" 3.032 X 4.625 78T",28
T-X-542,Tool - 54 Teeth Perimeter/2Level,14
T-X-544,Tool - Perimeter 64 Teeth,14
T-X-545,TOOL-PAD SHRT 64T,0
T-X-546,"1.877"" OVAL 50T 1AC 5AR",14
T-X-550,Tool - Metal to Metal 6 x 6.25 (1x2) 100 Teeth,0
T-X-550-1,MPM 6.0 x 6.25 Teeth 100 Across 1 Around 2,0
T-X-551,"Tool - Perimeter 3.625"" x 3.625"" 1 x 2 - 58 Tooth",35
T-X-554,1.5 x 1.5 52T 4AC 4AR,14
T-X-555,Tool - 2 X 3 68 Teeth,14
T-X-560,SHEETER,14
T-X-562-B,64T 1AC 4AR,14
T-X-566,"Tool - 7"" 1.875 X 1.125 80T",28
T-X-567,1.375 X 1 72T 2AC 8AR,14
T-X-568,"Tool - 7"" 2.125 X 1.25 88T",28
T-X-569,SHEETER 12S 96T 1AC 1AR,14
T-X-573,Tool - 96 tooth,14
T-X-574,Tool - 80 Tooth,0
T-X-576,Tool - 96 tooth,14
T-X-578,Tool - Perimeter 112 Teeth,14
T-X-578-B,4X14 T-112 AC-1 AR-1 ARGENTUM 7',0
T-X-580,"Tool - 4"" 2 x 3 96Teeth",14
T-X-585,"Tool - 3.25"" x 1.25"" 1 x 20 - 60 Tooth",14
T-X-587,Tool - Perimeter 4.0 x 2.375    63 Tooth,0
T-X-588,Tool - Precept Shield  129T,14
T-X-588-2,kiss cut 63 tooth,14
T-X-592,Tool - Perimeter Cut 63 Teeth 1 x 3,0
T-X-593,"Tool - Kiss Cut 63 Teeth 4"" x 2.375"" (1 x 3)",0
T-X-594,Tool - 66 Tooth,0
T-X-595,"TOOL-2 LEVEL DIE 96T, (1X2) 8.75x6 ,(SIZE 16"" PACE ONLY)",0
T-X-602,Tool - 2 Level Die 100 Tooth,14
T-X-603,Tool - 68 Tooth Perimeter,0
T-X-604,Tool - 68 Tooth Perim,0
T-X-608,Tool - Kiss Cut 88 Teeth,14
T-X-609,Tool - Sheeter 88 Teeth,14
T-X-610,CARD PERF 76T 1AC 2AR,14
T-X-615,"Tool - 7"" 2.375 X 5  76T",14
T-X-617,"Tool - 7"" 5.5 x 1 76T",14
T-X-650,TOOL,0
T-X-657,Tool - Genesis Clear Patch 72T Oval w/Tab,0
T-X-658,"Tool - Genesis Clear Patch 72T 5""x1.5"" Perimeter",0
T-X-660,Tool - Perimeter 60 Tooth,14
T-X-662,Tool - Petal Perimeter,14
T-X-664,Tool - Petal Perimeter,14
T-X-668,Tool - Sheeter 68 Tooth 1 x 4,14
T-X-670,3.5 x 2.625 84T 1AC 4AR,0
T-X-671,Tool - Perimeter - 72 Tooth,14
T-X-671-2,Tool - Perimeter - 72 Tooth,14
T-X-672,3x3 72T 1AC 3AR,14
T-X-673,TOOL-6x6,14
T-X-674,Tool - Kiss Cut/Window 63 Teeth,0
T-X-675,SPECIAL SHAPE 96T 1AC 2AR,0
T-X-676,"0.3225"" x 2.6875"" 86T 4AC 1AR",0
T-X-682,3X3 W/F 72T 3AC 3AR,14
T-X-684,1.625 X 1.5 60T 1AC 5AR,0
T-X-685,Tool - Special 96 Tooth 1 x 2 - KISS CUT,14
T-X-686,Tool - Special 96 Tooth 1 x 2 - PERIMETER CUT,14
T-X-687,Tool - Special 96 Tooth 1 x 2 - KISS CUT UNDERSCORE,14
T-X-688,2.0 X 2.0 T-63 AC-1 AR-3,0
T-X-689,"Tool - 7"" 4X2.375 63T",0
T-X-691,Tool - Pad Sheeter 60 Tooth,14
T-X-692,Tool - 129 Tooth,14
T-X-693,"Tool - 96 Tooth 6"" x 6"" (1 x 2)",0
T-X-694,"Tool - 96 Tooth 6"" x 6"" (1 x 2)",0
T-X-697,TOOL,28
T-X-705,Tool - Argentum 3x4 4R 96GT,0
T-X-707,Tool - Perimeter 64 Tooth,14
T-X-720,SPECIAL SHAPE 60T 3AC 4AR,14
T-X-721,"NEW SHIELD T-148 AC-1 AR-1 ETHICON 16""",0
T-X-727,Tool - Poly Die 86T,14
T-X-728,Tool - Prim/2 Lvl 86 Tooth,14
T-X-730,Tool - Shtr/ Perf 88Tooth,14
T-X-732,Tool - Kiss Cut - 144 Tooth - 6.75 x 18,14
T-X-732-B,6.75 x 18 144T 1AC 1AR,0
T-X-733,Tool - Perimiter - 144 Tooth - 7.25 x 18,14
T-X-733-B,Tool - Perimiter - 144 Tooth - 7.25 x 18,0
T-X-740,"7” Rem Sheeter, 88 TH, 1AC, 4 AR, 2.75” Repeat",14
T-X-743,"7” Rem Sheeter 74TH 1 AC, 4AR, 2.3125” Repeat",14
T-X-747,Tool - KISSCUT - 120 Tooth - LINEAR SPECIAL,14
T-X-748,Tool - M/M - 120 Tooth - PERIMETER DIE,14
T-X-749,Tool - KISSCUT - 120 Tooth - UNDERSCORE SPECIAL,14
T-X-751,Tool - Anvil 83 Teeth,28
T-X-752,ANVIL,14
T-X-754,2.375 X 4.0 T-63 AC-1 AR-3,0
T-X-760,1.084 x 1.790 48T 4AC 3AR,14
T-X-762,.866 x 2.5 48T 4AC 2AR,0
T-X-764,1.757 x 1.152 48T 2AC 4AR,0
T-X-765,1.75 x 1.063 48T 2AC 6AR,0
T-X-766,Tool - 68Tooth Kiss Cut Backup Die,0
T-X-767,"Tool - 7"" 1 x 2 68 Tooth",14
T-X-770,Tool - 64 Tooth Kiss Cut 2.5 x 4,14
T-X-773,2.5 x 4 72T 1AC 3AR,14
T-X-774,sunberst 48T 4AC 2AR,0
T-X-776,2.11 x 1.42 48T 2AC 4AR,0
T-X-777,2.110 x 1.420 48T 2AC 4AR,0
T-X-778,1.748 x .735 48T 2AC 6AR,14
T-X-780,1.9 x.90 48T 2AC 6AR,0
T-X-782,"Tool - 7"" 6.96 X 10.75 88T",28
T-X-783,Tool - 129 Tooth,14
T-X-784,BRENNAN TOOL,14
T-X-787,"Tool - 7"" 3.06 X 2.6 88T",28
T-X-788,1.68 x 2.25 48T 2AC 4AR,0
T-X-794,"Tool - Perimeter 1.5""X3"" 72T",14
T-X-798,"Tool - 7"" 1 x 2 68 Tooth Kisscut",14
T-X-799,"Tool - 7"" 1 x 2 68 Tooth Perimeter",14
T-X-800,"Tool - 7"" 3.875 X 1 80T",28
T-X-807,4.25x9.0 72T 1AC 1AR,0
T-X-811,"Tool - Perimeter 96T 4""x4""",28
T-X-817,"Tool - 64T 2""x 4"" Perimeter",14
T-X-823,"Tool - 7"" 3.42 X 2.35 78T",14
T-X-824,"Tool - 7"" 4.440 X 3.125 78T",14
T-X-825,6.0 100T 1AC 2AR,0
T-X-826,Tool - 64T Cross Slit,14
T-X-826-2,1.0X4.375 T-64 AC-2 AR-2,0
T-X-827,Tool - Kiss Cut,14
T-X-828,"Tool - 64T 2""x 4"" Perimeter",14
T-X-828-2,TOOL 2X4  64T  2ACROSS 2 AROUND,14
T-X-832,"Tool - 1 x 6   72Tooth 7"" Cross Cut",14
T-X-833,"Tool - 1 x 6 72 Tooth 7""",14
T-X-833-1,1X3.375 T-72 AC-2 AR-3,0
T-X-834,"Tool - 12 x 1  72Tooth 7"" Lineal",14
T-X-834-1,LINEAR SPLIT .25 T-72 AC-2 AR-3,0
T-X-835,"Tool - 1 x 3 72T 7""",14
T-X-835-1,"TOOL - 7"" CARD 1.5"" x 3"" 72T (2""x2"" Perimeter)",0
T-X-835-2,"TOOL - 7"" CARD 1.5"" x 3"" 72T (2""x3"" Perimeter)",0
T-X-836,Tool - Bottom Score 72 Teeth,14
T-X-836-1,Tool - Bottom Score 72 Teeth,14
T-X-837,Tool - Bottom Score 72T,14
T-X-837-1,Tool - Bottom Score 72T,14
T-X-838,Tool - Kiss Cut,14
T-X-838-1,.125X3 T-72 AC-20 AR-3,0
T-X-839,"Tool - Perimeter 1.5""X3"" 72T",14
T-X-839-1,1.5 X 3 72T 2AC 3AR,0
T-X-840,Tool - Metal to Metal,14
T-X-841,Tool - Metal to Metal,14
T-X-843,Tool Metal to Metal Card,14
T-X-850,Tool - 88 Tooth Kiss Cut 2-Level,14
T-X-851,Tool - 88 Tooth Metal to Metal,14
T-X-852,Tool - 114 Teeth Metal to Metal Sheeter,14
T-X-856,Tool - Metal to Metal 1 x 5,14
T-X-858,Tool - Metal to Metal 1 x 5,14
T-X-859,"Tool - 92 Tooth 1 x 2 7""",14
T-X-863,Tool - 91 Tooth,14
T-X-864,"Tool - Argentum 2.5""x3""  80GT",0
T-X-864-B,ARGENTUM 80T 1AC 4AR,0
T-X-866,Tool - 80 around,14
T-X-867,Tool - 80 around,14
T-X-868,Tool - 75 Tooth 1 x 1,14
T-X-869,Tool - 114 Teeth,14
T-X-870,"TOOL - 3.125X3.125 METAL TO METAL, 7"" 80TG",14
T-X-871,"TOOL - 2.625""X2.625 METAL TO METAL 7"" DIE",14
T-X-874,"TOOL - 5.0""X5.0"" METAL TO METAL 7"" DIE",14
T-X-875,2.625 X 2.625 63T 1AC 3AR,14
T-X-887,Tool - 82 Teeth,14
T-X-888,Tool - 82 Teeth Sheet Cut,14
T-X-889,TOOL- CONDUCTIVE K/C DIE,0
T-X-893,.713X2.25 80T 4AC 4AR,14
T-X-895,Tool - 4 x 4 114 Teeth,14
T-X-897,"Tool - Perimeter 1 x 1 (7 x 15) 16"" Pace 102 Tooth",0
T-X-898,"Tool - 2x3 (5 x 4) 16"" Pace",0
T-X-899,"TOOL - 1.5 X 2 102 TOOTH (7 X 6) 16"" PACE",0
T-X-901,"TOOL - 3.125""X3.125"" KISS CUT 7"" DIE",14
T-X-904,TOOL-PERIMETER CUT 64T,0
T-X-905,"Tool - 76 Teeth 1.1875"" repeat",14
T-X335B,"TOOL - 7"" SHAPE 2.5"" X 2.5"" 66T  (1X3 PERIMETER)",0
T-X336B,"TOOL - 7"" SHAPE 1.25"" x 1.25"" circle 75T (1 x 6 perimeter)",0
T-X447,"TOOL - 7""  6 x 6 96T 1 x 2 Perimeter",0
T-X537,"2.0"" CIRCLE 68 TOOTH",14
T-X537B,"2.0"" CIRCLE 68TOOTH",14
T-X688,"TOOL 7""  63T  2.0"" x 2.045""",0
T-X754,"TOOL - 7"" Shape 63T 2.375"" x 4.0""  1X3 Perimeter",0
T-X760,TOOL- KC 48 Tooth Mueller NG Double Claw,14
T-X762,TOOL- KC 48 Tooth Mueller  NG Lightning,14
T-X764,TOOL- KC 48 Tooth Mueller NG Double X,14
T-X765,TOOL- KC 48 Tooth Mueller NG Crescent,14
T-X774,TOOL- KC 48 Tooth Mueller NG Sunburst,14
T-X776,TOOL- KC 48 Tooth Mueller NG Inverted Triangle,14
T-X777,TOOL- KC 48 Tooth Mueller NG Rounded Triangle,14
T-X778,TOOL- KC 48 Tooth Mueller NG Squares,14
T-X779,TOOL- KC 48 Tooth Mueller NG Wavy Squares,14
T-X780,TOOL- KC 48 Tooth Mueller NG Paint Brush,14
T-X786,"Tool - 7"" 2.42 X 1.781 88T",28
T-X788,TOOL- KC 48 Tooth Mueller NG Bats,14
T-X826-2,"TOOL- 7"" M/M LNR 64T 1.0""x 4.375"" (2x2 Perimeter)",14
T-X828-2,"TOOL - 7"" M/M CARD 2"" x 4"" 64T (2x2 perimeter)",0
T-X833-1,"TOOL - 7"" M/M LNR 1""x 3.375"" 72T (2x3 perimeter)",14
T-X834-1,"TOOL - 7"" LINEAR SLIT .25"" 72T 2""x 3"" Perimeter",0
T-X838-1,"TOOL - 7"" LINEAR SLIT .125"" x 3""  72T (20""x3"" Perimeter)",0
T-X868,Tool - 1 X 1 75 Teeth,14
T-XIT-100,"T-52 AC-1 AR-2  7""/ F-31001",0
T-XIT-101,"T-52 AC-1 AR-2 7"" /F-31001",0
TEST - 1670,LAVIPHARM  BI OVERLAY #1 PKG,0
TEST - 1671,LAVIPHARM  BI OVERLAY #2 PKG,0
TEST - 1769,"TKL .75"" X .75"" AHLSTROM PAD",0
TEST - 2038,5TE SEMI OCLUSIVE  DM-2038,0
TEST - 2976,MEDLINE BLUE PARTICULATE,0
TEST - 2980,TKL SEMI OCCL. SINGLE AHLSTROM,0
TEST - 2981,TKL SEMI OCCLUSIVE STRIP AHLSTROM,0
TEST - 2982,TKL OCCLUSIVE STRIP AHLSTROM,0
TEST - 4589,BAYER JAPAN PPG-30 UDI BARCODE,0
TEST - 4750U,5 SITE OCCLUSIVE - MED4750U,0
TEST - 5202,HARMAC DRAPE  3M9833 PU,0
TEST - 55159,MEDLINE CATHETER SITE DRESSING 55159,0
TEST - 56007,MERIT ADH PATCH  NINGBO HYDROCOLLOID,0
TEST - 6097,1.5 X 1.5 THIN FILM MSC2701,0
TEST - 6929,NEXGEL ADOPTION SAMPLES,0
TEST 000156,MPM 6 x 6 Repel EO Sterilization,0
TEST 001042,Foam Dressing Non-Bordered 2x2 Pad,0
TEST 001076,DERMA SCIENCE 4X4 AMS FOAM,0
TEST 001099,"MPM CoolMagic Gel Sheet 6"" x 8"" MP00208 EO Validation",0
TEST 001453,MEDLINE 2X3 THIN FILM - 3M EXP FILM LOT 15211,0
Test 001454,Medline 4 x 4.75 3M EXP FILM,0
TEST 001503,MPM NON BORDERED FOAM DRESSING 6X6,0
TEST 001670,BI OVERLAY #1 USA (ARTWORK# 10003925/02),14
TEST 001735,4x5 Foam Dressing Rotary Capability,0
TEST 001735-10,MEDLINE 4 X 5 FOAM DRESSING TEST,0
test 001744,POUCH ONLY - MPM COOL MAGIC 1 3/4 GEL PAD,0
TEST 001965,MPM Excel Foam Non-Bordered 8x10 Drsg,0
TEST 002109,PSS 6 X 6 COMP DRSG EO Validation,14
TEST 002397,"Strl Spt Drsg  2.375""x2.75"" Overall 1"" x 1.25"" Pad",14
TEST 002486,MEDLINE DRSG 2X4.5 W /1.5X2 PAD MSC2424,0
TEST 002711,Medline Gentac 2 x 5 LY Silicone w/ 1/8” Ext Liner,14
TEST 002714,Medline Gentac 0.75 x 3.3 LY Silicone w/ 1/8” Ext Liner,14
TEST 002962,"MPM Isolate Hydrophilic Foam Drsg 3"" x 3"" MP00552C",0
TEST 002964,MPM Isolate Hydrophilic Foam Drsg 7x8 MP00555C,0
TEST 002976,STANDARD WORK/SET UP,14
TEST 003170,CARING ADHESIVE FOAM DRSG,0
TEST 003334,INCLINE THERAPEUTICS AG FOIL CATHODE,14
TEST 003335,"HARMAC FILTER DISK, 1"" x 350 LF",14
TEST 003336,"MILLIKEN 4.25"" X 4.25"" DRSG",14
TEST 003337,"SPIRACUR BLUE FOAM  – 5.12""x5.12""x0.75""",14
TEST 003338,"SPIRACUR CHARCOAL FOAM  – 5.12""x5.12""x0.75""",14
TEST 003339,TRAVANTI IONTO SP 40 mA D-0078-040 TEST,14
TEST 003340,Medline Medifix Gentle - 2 x 5 LY Mid Score,14
TEST 003341,Medline Stratasorb 4 x 4 w/ 2 x 2.5 pad,14
TEST 003342,"CCI PHARMA - 6mm  Patch (2.76"" x 0.70"")",14
TEST 003343,CCI Pharma (Pouch Validation),14
TEST 003357,TRAVANTI IONTO EXTRA STRENGTH 120 mA,14
TEST 003424,"MPM Cool Magic 6.0"" x 8.0"" Gel Sheet OL MP00208 EO Validation",0
TEST 003433,EMPI INSULATOR FOAM,14
TEST 003437,"NEW PSS REPARA 4789 THIN FILM DRSG 6"" x 8"" EO Sterilization",0
TEST 003570,Covidien Test Run for 4022,0
TEST 003571,Covidien Test Run for 7539LF,0
TEST 003572,Covidien Non-Adherent Pad Test Run,0
TEST 003574,Covidien Test Run for 7643,0
TEST 003575,Covidien Test Run for 6017,0
TEST 003576,MEDTRONIC 2132 SAMPLES WITH ALT LATEX COLD SEAL,0
TEST 003707,Covidien Test run for 003707 (SUB),0
TEST 003709,Covidien Test Run for 003709 (SUB),0
TEST 003713,Webril/Phoenix Slitter Test Order,0
TEST 003726,Mylar/Phoenix Slitter Test Order,0
TEST 003889,Millipore Tape L1 w/mesh,0
TEST 003900,Foam Pad 4x5 Samples,0
TEST 003903,"Foam Circular Fenestrated 4"" Diameter MP00501",0
TEST 003958,Harmac Filter Disc P3113305,0
TEST 003958B,HARMAC FILTER DISC VERSAPORE 450RC (VRC45R7X3M),0
TEST 003958C,HARMAC FILTER DISC VERSAPOR 800RC,0
TEST 003958D,HARMAC FILTER DISC VERSAPORE 450RC / 3M1510,0
TEST 003958E,HARMAC FILTER DISC VERSAPORE 450RC / MACTAC TM8710A,0
TEST 003958F,HARMAC FILTER DISC VERSAPORE 450RC / MACTAC TM8520,0
TEST 003958G,HARMAC FILTER DISC VERSAPORE 800RC / MACTAC TM8710A,0
TEST 003958H,HARMAC FILTER DISC VERSAPORE 800RC / MACTAC TM8520,0
TEST 003963,Millipore 40 µm Scepter Tips,0
TEST 004008,PENSAR MEDICAL DRAPE,0
TEST 004030,60 µm GSI card incoming inspection,0
TEST 004038,MPM No Trauma Dressing 4x4 w/2x2 Pad MP00451,0
TEST 004082,"KCI 2x3 Thin Film Dressing with 0.03"" Holes",14
TEST 004134,Milliken 4x5 Dressing Packaging Validation,14
TEST 004192,"MEDLINE 2""x2"" SAMPLES",0
TEST 004193,"MEDLINE 4""x4"" SAMPLES",0
TEST 004194,"MEDLINE 3/4""x3"" SAMPLES",0
TEST 004195,"MEDLINE CURAD BZK 1.625""X4"" 8CT, 24CS",0
TEST 004197,Medline Knee/Elbow Samples,0
TEST 004198,Medline Finger/Knuckle Samples,0
TEST 004232,Medline 3x3 Hydrocolloid Bandage,0
TEST 004253,MEDLINE - KNEE & ELBOW HYDROCOLLOID DRSG,0
TEST 004258,MEDLINE - BLISTER CARE BANDAGE-STRL   RAO353818,0
TEST 004259,THIN FILM LINER TESTING MEDLINE DRSG SURESITE 2.375 X 2.75 FRAME,0
TEST 004260,THIN FILM LINER TEST-MEDLINE DRSG SURESITE 4.75 X 4 FRAME,0
TEST 004357,MediPlast Wart Remover,0
TEST 004402,"MPM 1""X1"" COLLAGEN PAD POUCHED",0
TEST 004403,"MPM 2""X2"" COLLAGEN PAD POUCHED",0
TEST 004404,MPM 1 GRAM COLLAGEN POWDER POUCHED,0
TEST 004405,"Triple Helix 12"" COLLAGEN ROPE POUCHED",0
TEST 004406,MPM 5 ML COLLAGEN VIAL,0
TEST 004407,MPM 10 GM COLLAGEN BOTTLE,0
TEST 004408,MEDLINE BORDER GAUZE PKG ENG STUDY ON CIRCLE 2,14
TEST 004409,MEDLINE FOAM PAD 4x5 MSC1145,0
TEST 004411,MEDLINE 2 X2 BORDERED GAUZE MSC3222,14
TEST 004412,THIN FILM LINER TESTING MEDLINE DRSG SURESITE 2.375 X 2.75 FRAME,0
TEST 004413,THIN FILM LINER TEST-MEDLINE DRSG SURESITE 4.75 X 4 FRAME,0
TEST 004457,"KCI - PREVEENA 416129 1""X5.5"" TEST PCS",0
TEST 004621,Foil/HDPE pouch sealing,0
TEST 004666,"MEDLINE PLASTIC 3/4""x3"" BANDAGE",0
TEST 004685,500ml Sterile Water Bottle,0
TEST 004686,250 ml Sterile Water Bottle,0
TEST 004687,100 ml Sterile Water Bottle,0
TEST 004688,120 ml Sterile Water Cup,0
TEST 004689,500 ml Sterile 0.9% Saline Bottle,0
TEST 004690,250 ml Sterile 0.9% Saline Bottle,0
TEST 004691,100 ml Sterile 0.9% Saline Bottle,0
TEST 004692,120 ml Sterile 0.9% Saline Cup,0
TEST 004766,"3.5""X12"" SURGICAL COVER DRESSING",0
test 004779,Medline Print Test on 004779,0
TEST 004785,Medline Instrument Drape Test,0
TEST 004793,TATU-DERM 6 IN X 8 IN SHEET TD6X8,0
TEST 004795,"TATU-DERM 11.5 IN X 180 IN ROLLS, TD11.5X180",0
TEST 004804,KCI PEEL AND PLACE PREVENA LONG,0
TEST 004908,KCI Blue Foam 18x18,0
TEST 004914,1000 mL Sterile Water Bottle,0
TEST 004915,1000 mL Sterile 0.9% Sodium Chloride Bottle,0
TEST 004944,Compound - Pad like Powder Collagen Pad 11.88 x17.88 (SUB),0
TEST 004951,Ekstan Trache Harness - Test,0
TEST 004957,Ekstan Trache Harness - Head Band (SUB),0
TEST 004962,MPM 1 gram Triple Helix Collagen Powder MP00311,0
TEST 004985,Precision Medical T Strips Test Run,0
TEST 005016,MPM DryMax Blue Super Absorbent Drsg Strl 6X6 Bordered MP00706B,0
TEST 005045,Freudenberg Samples,0
TEST 005055,MPM 10 gram Triple Helix Collagen Powder MP313,0
TEST 005056,MPM 7x7 Triple Helix Collagen Dressing Sterile MP00377,0
TEST 005075,"TELFA ADHESIVE DRESSING 2""X3""",0
TEST 005076,"TEST RUN - TELFA NON-ADHERENT DRESSING 3""x4""",0
TEST 005077,CARDINAL HEALTH TELFA NON-ADHERENT DRSG 2X3,0
TEST 005084,KCI PREVENA KNEE DRESSING MEDIUM,0
TEST 005116,MEDLINE OPTIFOAM THIN 2X3 MSC1523EP,0
TEST 005117,MEDLINE OPTIFOAM THIN 4x4 MSC1544EP,0
TEST 005220,VENTRIS 1 GM COLLAGEN POWDER - DOSE MAPPING,0
TEST 005223,VENTRIS 0.5 GM COLLAGEN POWDER DOSE MAPPING,0
TEST 005237,Surgical CRX 1 gram Collagen powder,0
TEST 005238,Surgical CRX 5 gram Collagen Powder,0
TEST 005240,Surgical CRX 6 gram Collagen Gel,0
TEST 005241,Wound Care 28 gram Collagen gel,0
TEST 005244,Wound Care 2 gram Collagen Powder,0
TEST 005254,MPM 1 gram Triple Helix Collagen Powder MP00311C (500ea/cs),0
TEST 005315,MILLIKEN ULTRA BORDER 4X10 DRESSING,0
TEST 005323,UDI CODE PRINT TEST,0
TEST 005341,ISI EXTRA LARGE ALUMI-HAND 761,0
TEST 005342,ISI LARGE ALUMI-HANDS 760,0
TEST 005371,"Physically Cross-Linked Collagen Sheet 11.88 x17.88, Thin (SUB)",0
TEST 005372,MPM 5 GRAM COLLAGEN POWDER IN VIAL MP00355,0
TEST 005373,MPM TRIPLE HELIX 1 GR COLLAGEN POWDER IN VIAL MP00315,0
TEST 005378,KCI CYNCH DRSG 419777 CINPWT 40CM,0
TEST 005379,LIBELTEX SEALING,0
TEST 005380,KCI ABSORBENT DRSG 419777 Rev. A,0
TEST 005389,"ACM SURGICAL 2""X2"" COLLAGEN DRSG MP00332",0
TEST 005390,J&J Project Emerald City Small Hydrocolloid Drsg Phase 1,0
TEST 005390PH2,J&J Project Emerald City Small Hydrocolloid Drsg Phase PH2,0
TEST 005391,J&J Project Emerald City Small Hyaluronic Acid Hydrogel Drsg,0
TEST 005418,OraMagic Rx Powder Compounding (F180730A),0
TEST 005419,OraMagic Plus Powder Compounding (F180906A),0
TEST 005427,J&J Project Emerald City Small Regular Hydrogel Drsg,0
TEST 005435,MPM Lidotrex Lidocaine 2% Gel 1 oz MP00930,0
TEST 005440,MPM Regenecare HA Gel 0.5oz. MP00112,0
TEST 005453,Marlinz Pharma Tolcylen Antifungal/Renewal Solution 7.5mL,0
TEST 005454,Tolcylen Antifungal Renewal Solution Compounding,0
TEST 005468,Marlinz Pharma Tolcylen AntiFungal Skin Cream - 20gm,0
TEST 005469,"Skincential Clearista Retexturing Gel, 90mL - 3oz",0
TEST 005470,"Skincential Clearista Gel, 30mL - 1oz",0
TEST 005471,Tolcylen AntiFungal Skin Cream Compounding,0
TEST 005484,Clearista Gel Batch,0
TEST 005506,"Biofilm Astroglide Gel, 4oz.,24/3, P/N: 99803101",0
TEST 005513,Therabreath Plus Fresh Breath Toothpaste w/Fluoride Compounding,0
TEST 005534,"Vella Bioscience, Women's Pleasure Serum Bulk Compounding",0
TEST 005535,"Vella Bioscience, Vella - Women's Pleasure Serum 24mL",0
TEST 005545,Therabreath Mild Mint Toothpaste NON-Fluoride Compounding,0
TEST 005546,Therabreath MildMint NON-Fluoride Toothpaste 4 oz #1501424,0
TEST 005563,Better for Her Personal Lubricant (Vanilla) Compounding,0
TEST 005564,Microbiomelabs Better for Her Personal Lubricant 18060476,0
TEST 005596,Sliquid H2O Compounding,0
TEST 005597,Sliquid Sassy Compounding,0
TEST 005598,Sliquid Sea with Carrageenan Compounding,0
TEST 005648,TEST Wound Wash Compounding (F190415B),0
TEST 005654,"MPM Normlshield Skin Protectant 4 oz, MP00022",0
TEST 005655,MPM Anti-Fungal Cream 4 oz. MP00023,0
TEST 005656,MPM Excel Gel Hydrogel Dressing 3 oz. MP00006,0
TEST 005657,MPM Excel Gel Hydrogel Dressing 1 oz. MP00026,0
TEST 005658,MPM Wound & Skin Cleanser 16 fl.oz. MP00030,0
TEST 005659,MPM Wound & Skin Cleanser 8 fl.oz. MP00031,0
TEST 005660,MPM Antiseptic Wound & Skin Cleanser 8 fl.oz. MP00032,0
TEST 005661,"MPM Regenecare Wound Gel 3 oz, MP00100",0
TEST 005662,"MPM Regenecare Wound Gel 0.5 oz, MP00101",0
TEST 005663,"MPM Regenecare Wound Gel 4mL, MP00110",0
TEST 005665,MPM RadiaPlex Rx Gel 0.5oz. MP00105,0
TEST 005666,MPM RadiaPlex Rx Gel 6oz. MP00106,0
TEST 005667,MPM RadiaPlex Rx Gel 4mL MP00109,0
TEST 005668,MPM Regenecare HA Gel 3oz. MP00107,0
TEST 005669,MPM Regenecare HA Gel 4mL MP00108,0
TEST 005670,MPM Regenecare HA Spray 4 fl.oz. MP00117,0
TEST 005671,MPM Oramagic Rx 12OZ MP00213,0
TEST 005672,MPM OraMagic Rx 2oz MP00222,0
TEST 005673,MPM OraMagic Plus 2oz MP00223,0
TEST 005674,MPM OraMagic Plus 8oz MP00224,0
TEST 005680,VENTRIS CONNEXT CNX-015 PiggyBack Labels,0
TEST 005681,VENTRIS CONNEXT CNX-030 PiggyBack Labels,0
TEST 005767,Antiseptic Wound & Skin Cleanser Compounding (F180829A),0
TEST 005768,Regencare HA Spray Compounding,0
TEST 005809,Regenecare HA Gel Compounding (F190218A),0
TEST 005810,Regencare Wound Gel Compounding (F190219A),0
TEST 005814,Excel Gel Hydrogel Compounding (F190219B),0
TEST 005819,Anti-Fungal Cream Compounding,0
TEST 005820,Normlshield Moisture Barrier Compounding (F190118A),0
TEST 005821,Radiaplex RX Gel Compounding (F190220A),0
TEST 005843,"MEDLINE 6.14"" X 4.17"" HYDROCOLLOID W/PRINTED LINER",0
TEST 005860,"4""X4"" MILLIKEN AGILE FIBRIL DRESSING",0
TEST 005861,"4""X10"" MILLIKEN AGILE FIBRIL DRESSING",0
TEST 005939,MPM COM10 CoMatryx Surgical Collagen 2.5 mL,0
TEST 005951,GEMBIO MOXI Z CASSETTE TYPE S MXC002,0
TEST 005955,GEMBIO MOXI GO CASSETTE TYPE S+ MXC030,0
TEST 005970,GEMBIO TOP FILM LAMINATE CASSETTE MOXI Z,0
TEST 005971,GEMBIO MOXI Z BOTTOM LAMINATE,0
TEST 005972,GEMBIO MOXI FLOW TOP LAMINATE,0
TEST 005973,GEMBIO BOTTOM FILM LAMINATE CASSETTE MOXI FLOW,0
TEST 005975,"MEDLINE SUREFILM 2"" X 11 YARDS",0
TEST 005979,"MEDLINE SUREFILM 4"" X 11 YARDS",0
TEST 006022,"ACM SURGICAL 4""X5"" COLLAGEN DRSG MP00334",0
TEST 006023,"ACM SURGICAL 3""x3"" COLLAGEN DRSG MP00333",0
TEST 006024,"ACM SURGICAL 7""x7"" COLLAGEN DRSG MP00337",0
TEST 006039,MEDLINE SURESITE 4 X 4.75 MSC2304,0
TEST 006041,KCI PILLOW ASSEMBLY OQ,0
TEST 006051,HARMAC DRAPE LABEL TESTING,0
TEST 006052,PHARMCHEM UDI PACKAGING PRINT TEST,0
TEST 006053,HARMAC PU FILM RELEASE,0
TEST 006055,PHARMCHEM OVERLAY MODIFICATION,14
TEST 006073,MEDLINE SURESITE MATRIX 4 X 4.5 MSC2204,0
TEST 006074,MEDLINE SURESITE MATRIX 6X8 MSC2206,0
TEST 006075,MEDLINE SURESITE TRANSPARENT FILM DRSG 2X3 MSC2002,0
TEST 006076,MEDLINE SURESITE TRANSPARENT FILM DRSG 4X5 MSC2104,0
TEST 006107,Collagen Pellet 4.4mm Dia x 11mm long - Male (SUB),0
TEST 006114,3.5mm Dia x 7mm Long Collagen Pellet (SUB),0
TEST 006143,3.5mm Dia x 7mm Long Collagen Pellet,0
TEST 006161,VENTRIS 0.5 GRAM COLLAGEN POWDER IN A BELLOW BOTTLE SAMPLES,0
TEST 006163,VENTRIS 1.3 GRAM COLLAGEN POWDER IN A BELLOW BOTTLE SAMPLES,0
TEST 006165,"8""x12"" COLLAGEN DRSG",0
TEST 006230,"IMPACT MEDICAL 2"" X 2"" COLLAGEN PAD",0
TEST 006231,"IMPACT MEDICAL 4"" X 4"" COLLAGEN PAD",0
TEST 006247,FREUDENBERG MASK / EO ADOPTION,0
TEST 006261,3.5mm Dia x 7mm Long Collagen Pellet (1 PER VIAL),0
TEST 006275,ADAPTIVE 3D,0
TEST 006342,THERABREATH PLUS RINSE COMPOUNDING,0
TEST 006483,TB MM 0.75oz TOOTHPASTE,0
TEST 006855,"Terrain LidoPro Ointment, 4.0 wt. oz.",0
TEST 006892,TerrainRx LidoPro Ointment Compounding,0
TEST 006954,"AMYRIS VAG OF HONOR, 50mL",0
TEST 006955,"AMYRIS VAG OF HONOR, 15mL",0
TEST 006956,"AMYRIS VAG OF HONOR, 5mL",0
TEST 006957,"AMYRIS OH MY GLIDE, 100mL",0
TEST 006958,"AMYRIS OH MY GLIDE, 15mL",0
TEST 006992,PHARMCHEM DRUGS OF ABUSE PATCH / UDI 50CT,0
TEST 006993,PHARMCHEM PATCH/OVERLAY NEW DESIGN,0
TEST 007063,NEXT SCIENCE 1.0 oz WOUND GEL BLASTX,0
TEST 007064,NEXT SCIENCE 0.25 oz WOUND GEL BLASTX,0
TEST 007072,NEXT SCIENCE ANTIMICROBIAL WOUND GEL,0
TEST 007092,ASP FORMULA CX DETERGENT 1 GALLON R&D,0
TEST 007093,THERABREATH PLUS RINSE HIGHER SODIUM CHLORITE 16 OZ,0
TEST 007094,THERABREATH PLUS RINSE WITH HIGHER SODIUM CHLORITE BULK,0
TEST 007206,ISI DURAHAND PEDI -DH103,0
TEST 007217,DERMACLIP EXT 3 CLIP PAD NS -31005,0
TEST 007228,4X5 COLLAGEN PAD WITH HYALURONIC ACID,0
TEST 007229,METAGRAFT PAD 4X5,0
TEST 007230,METAGRAFT PAD 2X2,0
TEST 007231,METAGRAFT PAD 8X12,0
TEST 007232,METAGRAFT SHEET 11.88 X 17.88,0
TEST 007247,MPM TRIPLE HELIX 7X7 POUCH,0
TEST 007253,DERMACLIP STD 2 CLIP PAD NS -31001,0
TEST 007254,DERMACLIP STD 5 CLIP PAD NS -31002,0
TEST 007347,Good Clean Love Almost Naked Hint of Mint 1.69oz,0
TEST 007349,ISI LARGE ALUMI-HAND PLUS KH-860,0
TEST 007463,Periovance Oral Rinse 8 oz,0
TEST 007556,DERMACLIP TRN 3 CLIP PAD NS -,0
TEST 007560,ioTech ioRinse Ultra 1 liter,0
TEST 007561,ioTech ioRinse Ultra 16oz,0
TEST 007562,HA Collagen 11.88x17.88 Thin Sheet,0
TEST 007563,HA Collagen 11.88x17.88 Thin Sheet Depyrogenated,0
TEST 1000,BRADY BLISTER PAD,28
TEST 1001,Thermotek Patch,28
TEST 1002,SAM Medical,28
TEST 1003,"**INACTIVE**4"" x 5"" THIN FILM  3M984",28
TEST 1004,MYLAN 5 CARD WALLET,28
TEST 1005,"Medicore 4.0"" x 4.0"" Copper Drsng.",28
TEST 1006,"PSS .875"" Silicone Roll",28
TEST 1007,"MLMP 2.75"" Protegodome Assembly",14
TEST 1007B,MLMP SUB: Laminated Adhesive,14
TEST 1009,Miraculin Foam Pad,14
TEST 1010,Delnet Bandage,14
TEST 1011,St.Jude Prototype,14
TEST 1012,ROTARY NOTCH/PACKAGE,14
TEST 1013,"Glenroy Foil EFS 135 3.0"" x 1.5"" Pouch",14
TEST 1014,S. E Nicospan Pouch: DoBoy Validation,14
TEST 1015V,Foam Island Dressing#1(E Beam Valid.),14
TEST 1016V,Foam Island Dressing#2(E Beam Valid.),14
TEST 1017V,Foam Island Dressing#3(E Beam Valid.),14
TEST 1018,"TATU YOU 6.0"" X 5YDS CORELESS ROLL",14
TEST 1019,"TATU YOU ROLLS 6.0""X 5LYDS (SUB)",14
TEST 1020,Circle Validation: 3” x 1.5” Nicospan Pouch (EFS 182),14
TEST 1021,"Doboy Validation: 3""x1.5"" Nicospan Pouch (EFS 182)",14
TEST 1022,MPM EXCEL FOAM NB 8X10 DRSNG MP00528,14
TEST 1023,S.EAGLE MEGA TAN ECONOMY NASAL STRIP,14
TEST 1024,S.EAGLE MEGA CLR. ECONOMY NASAL STRIP,14
TEST 1025,S.EAGLE LG. TAN ECONOMY NASAL STRIP-91200,14
TEST 1026,S.EAGLE LG. CLR. ECONOMY NASAL STRIP-92200,14
TEST 1027,S.EAGLE SM/MD TAN ECONOMY NASAL STRIP-91100,14
TEST 1028,S.EAGLE SM/MD CLR ECONOMY NASAL STRIP-92100,14
TEST 1029,R&D COVIDIEN TEST MATERIALS,0
TEST 1030,Covidien Telfa Pad Roll Clear (SUB),14
Test 1031,"Non-Printed LF 9.5"" Packaging",0
TEST 1033,Covidien 7539LF Test Run (Folding Test),14
TEST 1034,"R&D 8.75"" Blank Latex Free Packaging",0
TEST 1035,Cold Seal Folding Test,0
TEST 1036,"Alcon 1"" wide 3M 1510, 1577 tape",0
TEST 1037,"KC film tape 3M 821 1"" x 72 LY",0
TEST 1038,Millipore Tape L1 with Mesh,0
TEST 1039,BERRY MATERIALS,0
TEST 1040,Millipore Tape L2 Mylar Top,0
TEST 1041,"GLOBAL BIOMED 4""X4"" MEDICAL DRESSING",0
TEST 1042,"GLOBAL BIOMED 4""X4.75"" IV FIXATION DRESSING",0
TEST 1043,"GLOBAL BIOMED 2""X5 LY MEDICAL TAPE",0
TEST 1044,Pet Innovations Soluble Pet Strips,0
TEST 1045,"002109 TEST RUN, PSS 6""x6""",0
TEST 1046,"003437 TEST RUN PSS REPARA 6""X8""",0
TEST 1047,Paper to Paper Package testing,0
TEST 1048,"AMCOR PPG-30 to AMCOR PPG-30 Small Pouch 4.5""x 5.969""",0
TEST 1049,AMCOR PPG-30 to AMCOR PPG-30 OPERATIONAL QUALIFICATION TEST,0
TEST 1050,GLOBAL BIOMED 4X4 W/ 2.5X2.5 PAD,0
TEST 1051,GLOBAL BIOMED IV FIXATION,0
TEST 1052,GLOBAL BIOMED TAPE ROLLS,0
TEST 1053,"Global Biomed Tape 2""X5 LY MEDICAL TAPEConversion",0
TEST 1054,Circle/Medline Foam Paper to Paper Settings Trial,0
TEST 1055,4X4 BORDER GAUZE W/CHINESE SONTARA,14
TEST 1056,"KCI 2x3 Thin Film Dressing with 0.03"" Holes",14
TEST 1057,"MILLIKEN 4"" X 5"" FOAM DRESSING TEST RUN",14
TEST 1058,Game Face Pirate Design,14
TEST 1059,SUPERABSORBENT DRESSINGS,0
TEST 1060,"MILLIKEN 4"" X 5"" FOAM DRESSING TEST RUN",14
TEST 1061,PAPER/PET POUCH DOBOY OQ QAR-14-01,0
TEST 1062,Stratasorb Gentle Samples,0
TEST 1063,PRECISION MEDICAL T-STRIPS TEST ORDER,0
TEST 1064,AMS Foam Slitting Trial,0
TEST 1065,Thin film in Amcor Cold Seal Paper/Film Pouch,0
TEST 1066,CARDINAL 4X5 THIN FILM WITH MACTAC,0
TEST 1067,2x3 Thin Film Test Run with Heated Score Tool,0
TEST 1068,Medline Cold Seal Paper Printing,0
TEST 1069,MEDLINE Curad Truly Ouchless Printing,0
Test 1070,Medline Curad Truly Ouchless,0
TEST 1071,MEDLINE PAD SAMPLES DIE CUTTING,0
TEST 1072,MEDLINE TRULY OUCHLESS SAMPLES,0
TEST 1073,DERMA SCIENCE SORBACELL FM DRSG 4 X 4 WITH AMS FOAM,0
TEST 1074,ARGOTEC 2X3 THIN FILM-DM4201,0
TEST 1075,ARGOTEC 4X5 THIN FILM-DM4201,0
TEST 1076,McKesson Repara Test,0
TEST 1077,MEDLINE PRINT TESTING,0
TEST 1078,Dr Zalcoff Test Run (Pouching),0
TEST 1079,CARDINAL TD-24W,0
TEST 1080,CARDINAL TD-20,0
TEST 1081,CARDINAL TD-3582,0
TEST 1082,CARDINAL TD-14,0
TEST 1083,CARDINAL TD-10,0
TEST 1084,MEDLINE MATERIAL PRINTING,0
Test 1085,Medline Ouchless Samples,0
TEST 1086,CURAD Mediplast Wart Remover,0
TEST 1087,Medline Bandage Custom Printing,0
Test 1088,"Medline 4""x1.625"" BZK Samples",0
TEST 1089,EO Sterilization Validation Dunnage 16 lb/Cu Ft.,0
TEST 1090,Covidien Consolidation,0
TEST 1091,Drawtex Samples,0
TEST 1092,"Medline Gentac 0.75"" & 2.0"" Rolls W/Novesill Silicone",0
TEST 1093,TYVEK/PET Pouch Seal Validation,0
TEST 1094,MEDLINE BORDER GAUZE PKG ENG STUDY ON DELTA PKGR,14
TEST 1095,TATUDERM ROLLS 11.5 IN X 5 LY,0
TEST 1096,EO STERILIZATION BI SAMPLE,0
TEST 1097,EO STERILIZATION BI SAMPLE,0
TEST 1098,"PFIZER 2.0"" DISC   SUOMINENS 90GSM BE 149807",0
TEST 1099,HARMAC FILTER DISC - NEW PROCESS,0
TEST 1100,"ARGENTUM 4"" X 8"" ROGERS FOAM DRESSING",0
TEST 1101,Silicone Border Double Pad,0
TEST 1102,HARMAC CODMAN FILTER PUNCH,0
TEST 1103,Nellcor F.C. Shield (Multi Layer),0
TEST 1104,"McKESSON 2.0"" RETENTION TAPE",0
TEST 1105,"McKESSON 4.0"" RETENTION TAPE",0
TEST 1106,"McKESSON 6.0"" RETENTION TAPE",0
TEST 1107,ABSORBEST 6X6 DRESSEING,0
TEST 1108,"1/2"" x 4"" SUTURE STRIP / VARIOUS",0
TEST 1109,4x4 Show Samples For Linda,0
TEST 1110,4 x 15  Hydrogel Sterilization Validation,0
TEST 1111,"6"" x 8"" Hydrogel for Sterilization Validation",0
TEST 1112,"4"" x 4"" Hydrogel for Sterilization Validation",0
TEST 1113,Medline Gentac Silicone Rolls,0
TEST 1115,OPERATIONAL QUALIFICATION TATUDERM POUCHES,0
TEST 1116,"2"" x 2"" ESSENTRA SILVER FORM 4.5MM",0
TEST 1117,OQ QAR-16-71 Cup Filler,0
TEST 1118,Crawford Debramitt Packaging,0
TEST 1119,HYDROGEL DRESSING 5X5,0
TEST 1120,QAR 17-7 PACKAGING VALIDATION ON PACKWORLD SEALER,14
TEST 1121,"OXYBAND 4.5"" X 5.5""",0
TEST 1122,"OXYBAND 3.0"" x 4.0""",0
TEST 1123,COLLAGEN WITH ANTIMICROBIAL (POWDER),0
TEST 1124,MEDLINE 4.5 X 3.5 THIN FILM,0
TEST 1125,MEDLINE 4.0 X 5.92 THIN FILM,0
TEST 1126,Strukmyer Pill Gel 500 ML,0
TEST 1127,Qualitel materials,0
TEST 1128,"4"" x 6"" DRESSING W/TUBING",0
TEST 1129,Milliken 8x20 Dressing Packaging Validation Samples,0
TEST 1130,Milliken 8x8 Dressing Packaging Validation Samples,0
TEST 1131,BLACKTOP PROTOTYPES,0
TEST 1132,THIN FILM GEL DRESSING,0
TEST 1133,WMT Comatryx Surgical Collagen Powder Samples,0
TEST 1134,FREUDENBERG M 1589 CORONA TREATMENT,0
TEST 1135,MEDLINE ANTIFUNGAL POWDER,0
TEST 1136,AREZA COLLAGEN POWDER & 2 X 2 OVERLABEL,0
TEST 1137,GLORY SUN,0
TEST 1138,Astroglide GPFree,0
TEST 1139,Astroglide 2.0,0
TEST 1140,Astroglide 1.0,0
TEST 1141,GPFree Filling,0
TEST 1142,Astroglide 3.1,0
TEST 1143,Vial Labeling OQ,0
TEST 1144,"GCL BioNude, Rev 1",0
TEST 1145,GCL Restore,0
TEST 1146,"GCL Restore, 1oz tubes",0
TEST 1147,GCL Bio Genesis Rev 1,0
TEST 1148,GCL Bio Nourish Rev 1,0
TEST 1149,"GCL Bionude, 1oz tubes",0
TEST 1150,Biofilm AG 2.0 Filling,0
TEST 1151,SLIQUID H2O BOTTLE FILLING,0
TEST 1152,"TKL  .75"" X .75"" PAD",0
TEST 1153,SLIQUID 8.5oz BOTTLE FILLING,0
TEST 1154,MPM Collagen w/Benzothonium Chloride & HA,0
TEST 1155,SLIQUID 2.0oz BOTTLE FILLING,0
TEST 1156,COLLAGEN SLURRY WITH HYALURONIC ACID,0
TEST 1735,"Medline Taikone Foam 4.0"" x 5.0""",14
TEST 1735-2,"MEDLINE 4.0"" X 5.0"" FILTRONA FOAM",14
TEST 1735-3,"MEDLINE 4.0"" X 5.0"" AMS FOAM DRESSING #MCF 03R",14
TEST 1735-4,"MEDLINE 4.0"" X 5.0"" UNITED FOAM DRESSING  #SAQ",14
TEST 1735-5,"MEDLINE 4.0"" X 5.0"" FILTRONA 70P FOAM DRESSING",14
TEST 1735-6,"MEDLINE 4.0"" X 5.0"" RYNEL FOAM DRESSING #562-6",14
TEST 1735-7V,"4.0""x5.0"" Medline Foam EBeam Validation Filtrona 50P",14
TEST 1735-8V,"4.0""x5.0"" Medline EBeam Validation Filtrona 50P",14
TEST 1735-9V,"4.0""x5.0"" Medline EBeam Validation Filtrona 50P",14
TEST 1736,"MEDIDYNE SKIN ON SKIN GEL PAD 3"" X 1.75""",14
TEST 1737,HARMAC DRAPE S&N PU FILM,14
TEST 1738,BLISTER PAD TEST / CH-HYDROCOLLOID,0
TEST 1739 L-0,S&N DRAPE L-0,0
TEST 1740 L-1,S&N DRAPE L-1,0
TEST 1741 L-2,S&N DRAPE L-2,0
TEST 1742 L-3,S&N DRAPE L-3,0
TEST 1743,MEDLINE LRG MONKEY HEAD,0
TEST 1746,LOW PH THIN FILM 3M9833,0
TEST 1747,REPEL DRESSING,0
TEST 1748,6X6 BORDERED GAUSE REVALIDATION,0
TEST 1749,PREVENA LONG MODIFIED,0
TEST 1750,BAYER UDI JAPAN - PKG DN-243353 REV. A,0
TEST 1751,BAYER UDI ROW PKG DN-229962 REV. C,0
TEST 1752,KCI BATTERY GASKET,0
TEST 1753,BAYER ROW1 UDI PQ PKG. APPROVAL,0
TEST 1754,BAYER ROW2 UDI PQ PKG. APPROVAL,0
TEST 1755,BAYER JAPAN UDI PQ PKG. APPROVAL,0
TEST 1756,R&D HYDROGEL SAMPLES 6X5,0
TEST 1757,KCI ULTA BATTERY DOOR GASKET,0
TEST 1758,KCI 3M 1567 Double Sided 1.62 in Adh. Ring,0
TEST 1759,ATTO MATRIX Miscellaneous Project,0
TEST 1760,SUREFILM MATERIALS TEST,0
TEST 1761,PREVENA LINER PRINTING D13,0
TEST 1762,Ventris Bellows Bottle Samples,0
TEST 1763,Collagen Sheet w/HA,0
TEST 1764,TURN THERAPEUTICS HEXAGEN COLLAGEN,0
TEST 1765,COLLAGEN LYOPHILIZATION RECIPE CHANGE,0
TEST 1766,ASO 1/4 x 4 SUTURE STRIP PRINTED (SUB),0
TEST 1767,ASO 1/4 x 4 SUTURE STRIP,0
TEST 1768,NEXT SCIENCE ANTIMICROBIAL WOUND GEL REV FORMULA,0
TEST 1769,"Turn Therapeutics Collagen/Hexagen ""control"" units",0
TEST 1770,Petrolatum,0
TEST 1771,Hexagen GM05,0
TEST 1772,ENLISENSE ADHESIVE PATCH,0
TEST 1773,OBELIX BULK SOLUTION,0
TEST 1774,HYDROCHLORIC ACID 10% CAS# 7647-01-0,0
TEST 1775,POTASSIUM ACETATE PH. EUR. CAS# 127-08-2,0
TEST 22004,TKL OCCLUSIVE STRIP,0
TEST 22005,TKL  5 SITE STRIP,0
TEST 22006,TKL TEST PAD,0
TEST 2399,JBF FACE SHIELD,0
TEST 3036,4x4 Dressing Setup Procedure,14
TEST 3695,EMPI INSULATOR PSA,14
TEST 3710,Cutec 4x4 dressings,0
TEST 375-375,"CarraVet Gel Sheet 3.75""x3.75""",28
TEST 3M 003574,COVIDIEN TELFA PAD 3x4 WITH 3M,0
TEST 4410,MEDLINE 4 X 4 BORDERED GAUZE MSC3244,14
TEST 4411,MEDLINE DID 1510,14
TEST 4412,MEDLINE DID 1510,14
TEST 5173,MEDLINE CHEVRON POUCH SEAL VALIDATION,0
TEST 5174,MEDLINE PRINTED SUB (CORONA TREAT/NEW INK),0
TEST 5202,HARMAC DRAPE NEW WINDOW,0
TEST 5202-2,HARMAC DRAPE ASSERMBLY (DE HUM),0
TEST 5379,LIBELTEX SEALING,0
TEST 6039,MEDLINE CHEVRON POUCH VALIDATION,0
TEST 6041,KCI PRINTED 40CM CYNCH,0
TEST 6042,CLOZEX 2.75 X 4 TAN DRSNG / COLD SEAL,0
TEST 6043,CLOZEX 2.75X2.75 TAN DRSNG / COLD SEAL,0
TEST 6052,PHARMCHEM UDI PACKAGER PRINT,0
TEST 6053,MILLIKEN UDI TYVEK PRINT,0
TEST 6054,HARMAC PALL VERSAPOR 200RC,0
TEST 6055,MEDLINE 4X5 CHINESE THIN FILM,0
TEST 6056,MEDLINE 2X3 CHINESE THIN FILM,0
TEST 6065,MEDLINE SUREVIEW TRANS FILM 123   2x3,0
TEST 6066,MEDLINE SUREVIEW TRANS DRESSING 123,0
TEST 6089,MEDLINE SAMPLE MSC2603 2.75 X 2.375,0
TEST 6090,MEDLINE 123 TRANS DRSNG MSC2605,0
TEST 6091,MEDLINE 123 TRANS. DRESSING  MSC2610,0
TEST 6092,SURESITE 123 TRANS. DRESSING MSC2703,0
TEST 6094,MEDLINE 123 TRANS DRSNG MSC2706,0
TEST 6184,"TEST - AFTER INKED 11.5' X 72"" ROLL W/ESP LINER",0
TEST 6247,FREUDENBERG STERILE MASK,0
TEST 6248,NELDERM 4X4 w/2X2 DUAL BORDER DRESSING,0
TEST 6249,PHARMCHEM 9833 OVERLAY  STERILE / NS,0
TEST 6250,NUTRI TUBE - SMALL TUBI,0
TEST 6472,PHARMCHEM UDI PRINT,0
TEST 6473,TKL SINGLE PADS,0
TEST 6474,TKL OCCLUSIVE STRIP,0
TEST 6475,TKL SEMI OCCLUSIVE,0
TEST 6476,LINKS MEDICAL HONEY HYDROGEL 1.5 OZ,21
TEST 6477,LINKS MEDICAL HYDROGEL BULK,21
TEST 6478,LINKS MEDICAL EMPTY 1.5 OZ TUBE,60
TEST 7217,DermaClip Vet Large 3 Clip Adhesive Pad,0
TEST F-241001,1.55 X 0.6 U/C FOAM PAD,28
TEST F-4064SM,TRICOT SAMPLE MATERIAL TEST(BRADY B-232),28
TEST MP00377,MPM TRIPLE HELIX PRTD TYVEK MP00377,0
TEST PH00015,"Testosterone, USP with Stearic Acid Granulation",0
TEST PH00016,"Estradiol, USP with Stearic Acid Granulation",0
TEST PH00017,"Testosterone Pellet, 25mg",0
TEST PH00021,"Biote Testosterone Pellet, 100mg",0
TEST PH00022,"Testosterone Pellet, 200mg",0
TEST PH00023,"Estradiol Pellet, 6mg",0
TEST PH00026,"Estradiol Pellet, 15mg",0
TEST PH00027,"Testosterone, USP and Anastrazole, USP 75/4mg with Stearic Acid",0
TEST PH00028,Testosterone and Anastrozole Pellet 75/4mg,0
TEST PH00029,Testosterone and Anastrozole Pellet 100/4mg,0
TEST PH00030,"Testosterone, USP and Anastrazole, USP 100/4mg with Stearic Acid",0
TEST V-000100,S.EAGLE NICOSPAN DISSOLVABLE STRIPS,14
TEST V-000114,RJR DISSOLVABLE TOBACCO STRIP,14
TEST Y-1449154,COPET W/PRMR 3.25 IN,28
TEST- 4064,EMPI TRICOT ADH (NEW MATERIAL),0
TEST- 4557,KCI PREVENA SHORT   #416-129,0
TEST- 6929,NEXGEL SEALING PARAMETERS,0
TEST-001453,MEDLINE SURESITE 2.375 X 2.75  MACTAC  PU FILM,0
TEST-006145,GLORY SUN,0
TEST-1117,EVANS MED. 2X3 NEW VERSION,0
TEST-1120,2X3 THIN FILM  CHINESE PU FILM,0
TEST-1135,FREUDENBERG 2X4 SPOT DRSNG,0
TEST-1136,FREUDENBERG 7X8 FOAM DRSNG,0
TEST-1137,"HYDROGEL ISLAND DRESSING  6""x5""",0
TEST-1454,4X5 THIN FILM BULK SAMPLES UNPRINTED,0
TEST-1744,PERFORATED FOAM DRESSING,0
TEST-1745,DELTA PACKAGER PAPER/PET CURLING,0
TEST-2976,2X3 THIN FILM BULK SAMPLES UNPRINTED,0
TEST-2977,4X5 THIN FILK BULK SAMPLES UNPRINTED,0
TEST-2978,DERMAMED SAMPLE DRESSING,0
TEST-2979,"CUDERM BLACK FOAM  W/ ADH - .875"" CIRCLE",0
TEST2397,"MPM Strl Spt Drsg  2.375""x2.75"" Overall 1"" x 1.25"" Pad MP00499",0
TEST3170,MEDLINE CARING FOAM SPOT 2X4 CRG1124,0
TEST4480,MPM MICROLAYERED DRSG 2X4 MP00599,0
TEST5371,"Physically Cross-Linked Collagen Sheet 11.88 x17.88, Thin (SUB)",0
TEST5815,"Hydrophilic PU Foam 3mm 18.11""",0
TEST6165,"8""x12"" COLLAGEN DRSG NET TESTINg",0
TEST6932,Hydrophilic PU Foam Slit,0
V-000100,S. EAGLE NICOSPAN SAMPLE,14
V-000101,S.E. NICOSPAN POUCH LCP-456 UNPRINTED,21
V-000102,S.E. NICOSPAN SILVER POUCH LCP-456 UNPRINTED 3.0 x 3.0,21
V-000103,SILVER EAGLE NICOSPAN POUCH LABEL,21
V-000104,CS SILVER EAGLE NICOSPAN FILM 6.0 IN,28
V-000105,SILVER EAGLE NICOSPAN POUCH LABEL ACTIVE/PLACEBO,21
V-000106,"S. EAGLE NICOTINE DISVBL STRIP, PACK (10)",14
V-000107,CS S.EAGLE NICOTINE DISSOLVABLE STRIP SBS BOX - PACK,28
V-000108,CS S.EAGLE NICOTINE DISVBL STRIP SBS BOX-10 PK CARTON,28
V-000109,CS S.EAGLE NICOTINE DISVBL STRIP SBS BOX - 6 PK CARTON,28
V-000110,CS S.EAGLE NICOTINE DISVBL  STRIP IN POUCH,28
V-000111,CS SILVER EAGLE NICOTINE DISSOLVABLE STRIP INSERT,28
V-000112,"S. EAGLE NICOTINE DISSOLVABLE STRIP, 10 PK CARTON",14
V-000113,"S. EAGLE NICOTINE DISSOLVABLE STRIP, 6 PK CARTON",14
V-000114,RJR DISSOLVABLE TOBACCO STRIP,14
V-000115,CS RJR TOBACCO SOLUABLE FILM 5.5 IN,28
V-000116,CS S.Eagle RFID Tag,28
V-000117,PUBLIX S.EAGLE NICOTINE DIS.STRIP 36 PK/CASE,28
V-000118,"0.875"" SE004 NICOTINE FILM 55mg, soluble",28
V-000119,"PUBLIX S. EAGLE NICOTINE DISSOLVABLE STRIP, 6 PK CARTON",14
V-000200,S. EAGLE SLEEP-AID STRIPS MELATONIN 30-COUNT CARTON,14
V-000201,"S. EAGLE NICOTINE DISSOLVABLE STRIP, 12 PK CARTON",14
WIP,wip - multiple items no P/N ye,0
XIT-100,Facecut 52 tooth,0
XIT-101,card die  52 tooth,0
XXX,**INACTIVE**Misc. items,0
Z1SA,Samples,0
Z2RD,Research & Development,0
Z3ME,Plant Meetings & Functions,0
Z401,Maintenance- Delta 98,0
Z402,Maintenance- Delta 2001,0
Z403,Maintenance- MA4110,0
Z404,Maintenance- MA Scout,0
Z405,Maintenance- Other Equipment,0
Z406,Maintenance- Plant,0
Z407,Maintenance- Office,0
Z408,Maintenance - Delta 2003,0
Z409,Maintenance - Delta 2006,0
