SONumber,LineNumber,ItemCode,ItemDescription,CustomerCode,CustomerName,ItemSalesClassCode,OrderQuantity,UnitPrice,ExtendedLineAmount,Order date,Requested Ship date,lead_time_days,mfg_start_date,earliest_ship_date,feasibility,days_margin,Profit,gp_pct_cost_sheet,profit_estimated,ship_month
64684,1,3843,DeRoyal Episeal Tan 3 Inch Non-Reinforced Material,DEROYAL   ,DeRoyal Accounts Payable Dept,MEDICAL   ,28000.0,0.396,11088.0,2025-10-14,2026-01-12,0,2026-02-25,2026-02-25,LATE,-44.0,7710.752,0.6954141414141414,7710.7519999999995,2026-02
64757,2,6370,TB DRY MOUTH TINGLING RINSE 16 OZ BULK 40101908,ORORA     ,Orora Business Service Center,Filling OP,20000.0,1.7789,35578.0,2025-11-13,2025-12-05,0,2026-02-25,2026-02-25,LATE,-82.0,13112.86,0.3685665298780145,13112.86,2026-02
64846,1,5121,IMPLUS CANADA BLISTER PADS 4740700,IMPLUS CAN,Implus Canada,MEDICAL   ,15600.0,2.9,45240.0,2025-12-29,2026-03-08,14,2026-02-25,2026-03-11,LATE,-3.0,19753.2504,0.4366324137931034,19753.250399999997,2026-03
64923,1,N-4001,"1,000 L Obelix Bulk Wound Wash Solution",URGO      ,URGO Medical,MEDICAL   ,1.0,2912.0,2912.0,2026-01-20,,0,2026-02-25,2026-02-25,NO_DEADLINE,,,,,2026-02
64956,1,7217,DERMACLIP EXT 3 CLIP PAD NS -31005,Dermaclip ,"DermaClip US, LLC",MEDICAL   ,300.0,6.7991,2039.73,2026-02-04,,0,2026-02-25,2026-02-25,NO_DEADLINE,,125.9112,0.6006927150422212,1225.25095165307,2026-02
64985,1,N-4001,Cleaning validation for Delight production,Bloomi    ,The Bloomi Inc,MEDICAL   ,1.0,3000.0,3000.0,2026-02-11,,0,2026-02-25,2026-02-25,NO_DEADLINE,,,,,2026-02
64986,1,7991,Bloomi Delight 3oz,Bloomi    ,The Bloomi Inc,Default   ,5000.0,3.45,17250.0,2026-02-11,,0,2026-02-25,2026-02-25,NO_DEADLINE,,17250.0,1.0,17250.0,2026-02
64990,1,7993,200 RC Filter,HARM IRE  ,Harmac Medical Products,MEDICAL   ,10000.0,1.675,16750.0,2026-02-11,2026-03-27,0,2026-02-25,2026-02-25,ON_TIME,30.0,16750.0,1.0,16750.0,2026-02
64990,2,7992,Port Drape,HARM IRE  ,Harmac Medical Products,MEDICAL   ,10000.0,0.625,6250.0,2026-02-11,2026-03-27,0,2026-02-25,2026-02-25,ON_TIME,30.0,5600.000000000001,1.0,6250.0,2026-02
64992,1,8012,Bloomi Delight 3oz (1K Use Only),Bloomi    ,The Bloomi Inc,Filling OP,1.0,1000.0,1000.0,2026-02-13,,0,2026-02-25,2026-02-25,NO_DEADLINE,,999.26485,0.99926485,999.26485,2026-02
65007,1,N-4001,1 of 3 Bulk Validations,TURN      ,Turn Therapeutics,MEDICAL   ,1.0,1910.0,1910.0,2026-02-18,,0,2026-02-25,2026-02-25,NO_DEADLINE,,,,,2026-02
65007,2,7997,Turn Therapeutics Hexagen Bulk - 55 Gallon Drum,TURN      ,Turn Therapeutics,Filling OP,8.0,1910.0,15280.0,2026-02-18,,0,2026-02-25,2026-02-25,NO_DEADLINE,,15280.0,1.0,15280.0,2026-02
65007,3,N-4001,Cleaning Validation,TURN      ,Turn Therapeutics,MEDICAL   ,1.0,10000.0,10000.0,2026-02-18,,0,2026-02-25,2026-02-25,NO_DEADLINE,,,,,2026-02
65010,1,7488,"CARDINAL HEALTH TELFA NON-ADHERENT DRESSING 3""x4"" 2132",COVIDMA   ,Patient Recovery,MEDICAL   ,1080.0,170.4,184032.0,2026-02-23,2026-06-18,0,2026-02-25,2026-02-25,ON_TIME,113.0,21385.04004,0.1162028345070422,21385.040039999993,2026-02
65011,1,609,MEDISTRIP 1/4 IN X 3 IN BULK,CENTURION ,Centurion Medical Products Corp,MEDICAL   ,17.0,119.0,2023.0,2026-02-24,2026-07-22,14,2026-02-25,2026-03-11,ON_TIME,133.0,844.0477900000001,0.4172257983193277,844.04779,2026-03
65011,2,610,MEDISTRIP 1 IN X 4 IN BULK,CENTURION ,Centurion Medical Products Corp,MEDICAL   ,55.0,196.5,10807.5,2026-02-24,2026-07-22,14,2026-02-25,2026-03-11,ON_TIME,133.0,4062.22905,0.3758712977099236,4062.2290499999995,2026-03
65012,1,2977,MEDLINE DRSG SURESITE 4.75 X 4 FRAME/LABL (MSC52281),CENTURION ,Centurion Medical Products Corp,MEDICAL   ,63.0,340.0,21420.0,2026-02-24,2026-06-03,14,2026-02-25,2026-03-11,ON_TIME,84.0,5391.365049,0.2556069982078853,5475.101901612903,2026-03
65013,1,7861,ViaCLYR Flip Top 8oz,CLYRA     ,"Clyra Medical Technologies, Inc.",Filling OP,5000.0,2.7,13500.0,2026-02-24,2026-03-24,0,2026-02-25,2026-02-25,ON_TIME,27.0,9291.675,0.6882722222222223,9291.675000000001,2026-02
65013,2,7862,ViaCLYR Flip Top 16oz,CLYRA     ,"Clyra Medical Technologies, Inc.",Filling OP,5000.0,3.5,17500.0,2026-02-24,2026-03-24,0,2026-02-25,2026-02-25,ON_TIME,27.0,11076.47,0.6329411428571429,11076.47,2026-02
65013,3,7863,ViaCLYR Flip Top 32oz,CLYRA     ,"Clyra Medical Technologies, Inc.",Filling OP,1000.0,7.52,7520.0,2026-02-24,2026-03-24,0,2026-02-25,2026-02-25,ON_TIME,27.0,5463.174,0.7264859042553191,5463.174,2026-02
65014,1,5045,FREUDENBERG 30cm X 47cm Nonwoven Sheets 122P0463,FREUD     ,Freudenberg Performance Materials LP,MEDICAL   ,25000.0,1.63,40750.0,2026-02-24,2026-08-03,0,2026-02-25,2026-02-25,ON_TIME,159.0,14909.999999999996,0.3658895705521471,14909.999999999995,2026-02
64540,1,7898,"MPM DryMax/DrySAP Extra Super Absorbent Drsg, Sterile, 8X8;",MPM       ,"MPM Medical, Inc.",MEDICAL   ,10000.0,0.99,9900.0,2025-09-03,,0,2026-02-25,2026-02-25,NO_DEADLINE,,9900.0,1.0,9900.0,2026-02
64784,2,7153,URGO - VASHE 250 ml Flip Top 00313,URGO      ,URGO Medical,Filling OP,50004.0,1.88,94007.52,2025-11-26,2026-03-23,0,2026-02-25,2026-02-25,ON_TIME,26.0,38025.84182399999,0.4044978723404254,38025.84182399999,2026-02
64786,1,7153,URGO - VASHE 250 ml Flip Top 00313,URGO      ,URGO Medical,Filling OP,45000.0,1.88,84600.0,2025-11-26,2026-04-06,0,2026-02-25,2026-02-25,ON_TIME,40.0,34220.51999999999,0.4044978723404254,34220.51999999999,2026-02
64787,1,7153,URGO - VASHE 250 ml Flip Top 00313,URGO      ,URGO Medical,Filling OP,50004.0,1.88,94007.52,2025-11-26,2026-04-13,0,2026-02-25,2026-02-25,ON_TIME,47.0,38025.84182399999,0.4044978723404254,38025.84182399999,2026-02
64757,1,6370,TB DRY MOUTH TINGLING RINSE 16 OZ BULK 40101908,ORORA     ,Orora Business Service Center,Filling OP,17475.0,1.7789,31086.28,2025-11-13,2025-12-05,0,2026-02-25,2026-02-25,LATE,-82.0,11457.361425,0.3685665298780145,11457.362346416325,2026-02
64788,1,7154,URGO - VASHE 475 ml Flip Top 00314,URGO      ,URGO Medical,Filling OP,30000.0,2.59,77700.0,2025-11-26,2026-03-16,0,2026-02-25,2026-02-25,ON_TIME,19.0,36058.83,0.4640776061776061,36058.829999999994,2026-02
63455,30,6011,MEDLINE CURAD MEDISTRIP 1/4 X 4 IN STERILE NON250414,MEDL      ,"Medline Industries, Inc.",MEDICAL   ,182.0,127.14,23139.48,2024-10-29,2025-01-28,14,2026-02-25,2026-03-11,LATE,-407.0,10556.158522000002,0.4561968774579204,10556.158522,2026-03
63558,10,6011,MEDLINE CURAD MEDISTRIP 1/4 X 4 IN STERILE NON250414,MEDL      ,"Medline Industries, Inc.",MEDICAL   ,26.0,127.14,3305.64,2024-11-22,2025-02-21,14,2026-02-25,2026-03-11,LATE,-383.0,1508.022646,0.4561968774579204,1508.0226460000001,2026-03
63559,30,6011,MEDLINE CURAD MEDISTRIP 1/4 X 4 IN STERILE NON250414,MEDL      ,"Medline Industries, Inc.",MEDICAL   ,8.0,127.14,1017.12,2024-11-22,2025-02-21,14,2026-02-25,2026-03-11,LATE,-383.0,464.006968,0.4561968774579204,464.00696800000003,2026-03
63612,60,6011,MEDLINE CURAD MEDISTRIP 1/4 X 4 IN STERILE NON250414,MEDL      ,"Medline Industries, Inc.",MEDICAL   ,104.0,127.14,13222.56,2024-12-10,2025-03-10,14,2026-02-25,2026-03-11,LATE,-366.0,6032.0905840000005,0.4561968774579204,6032.0905840000005,2026-03
63836,10,6013,MEDLINE CURAD MEDI STRIP 1 X 5 NON250501,MEDL      ,"Medline Industries, Inc.",MEDICAL   ,3.0,123.0,369.0,2025-02-18,2025-05-13,14,2026-02-25,2026-03-11,LATE,-302.0,180.164301,0.4882501382113821,180.164301,2026-03
63843,20,6013,MEDLINE CURAD MEDI STRIP 1 X 5 NON250501,MEDL      ,"Medline Industries, Inc.",MEDICAL   ,1.0,123.0,123.0,2025-02-18,2025-05-13,14,2026-02-25,2026-03-11,LATE,-302.0,60.054767,0.4882501382113821,60.054767,2026-03
63854,20,6013,MEDLINE CURAD MEDI STRIP 1 X 5 NON250501,MEDL      ,"Medline Industries, Inc.",MEDICAL   ,5.0,123.0,615.0,2025-02-18,2025-05-13,14,2026-02-25,2026-03-11,LATE,-302.0,300.273835,0.4882501382113821,300.27383499999996,2026-03
63855,10,6013,MEDLINE CURAD MEDI STRIP 1 X 5 NON250501,MEDL      ,"Medline Industries, Inc.",MEDICAL   ,37.0,123.0,4551.0,2025-02-18,2025-05-13,14,2026-02-25,2026-03-11,LATE,-302.0,2222.026379,0.4882501382113821,2222.026379,2026-03
63882,20,6013,MEDLINE CURAD MEDI STRIP 1 X 5 NON250501,MEDL      ,"Medline Industries, Inc.",MEDICAL   ,5.0,123.0,615.0,2025-03-04,2025-05-28,14,2026-02-25,2026-03-11,LATE,-287.0,300.273835,0.4882501382113821,300.27383499999996,2026-03
63883,30,6013,MEDLINE CURAD MEDI STRIP 1 X 5 NON250501,MEDL      ,"Medline Industries, Inc.",MEDICAL   ,9.0,123.0,1107.0,2025-03-04,2025-05-28,14,2026-02-25,2026-03-11,LATE,-287.0,540.492903,0.4882501382113821,540.492903,2026-03
63885,10,6013,MEDLINE CURAD MEDI STRIP 1 X 5 NON250501,MEDL      ,"Medline Industries, Inc.",MEDICAL   ,3.0,123.0,369.0,2025-03-04,2025-05-28,14,2026-02-25,2026-03-11,LATE,-287.0,180.164301,0.4882501382113821,180.164301,2026-03
63886,30,6013,MEDLINE CURAD MEDI STRIP 1 X 5 NON250501,MEDL      ,"Medline Industries, Inc.",MEDICAL   ,2.0,123.0,246.0,2025-03-04,2025-05-28,14,2026-02-25,2026-03-11,LATE,-287.0,120.109534,0.4882501382113821,120.109534,2026-03
63887,30,6013,MEDLINE CURAD MEDI STRIP 1 X 5 NON250501,MEDL      ,"Medline Industries, Inc.",MEDICAL   ,9.0,123.0,1107.0,2025-03-04,2025-05-28,14,2026-02-25,2026-03-11,LATE,-287.0,540.492903,0.4882501382113821,540.492903,2026-03
63888,40,6013,MEDLINE CURAD MEDI STRIP 1 X 5 NON250501,MEDL      ,"Medline Industries, Inc.",MEDICAL   ,4.0,123.0,492.0,2025-03-04,2025-05-28,14,2026-02-25,2026-03-11,LATE,-287.0,240.219068,0.4882501382113821,240.219068,2026-03
63890,10,6013,MEDLINE CURAD MEDI STRIP 1 X 5 NON250501,MEDL      ,"Medline Industries, Inc.",MEDICAL   ,1.0,123.0,123.0,2025-03-04,2025-05-28,14,2026-02-25,2026-03-11,LATE,-287.0,60.054767,0.4882501382113821,60.054767,2026-03
63891,30,6013,MEDLINE CURAD MEDI STRIP 1 X 5 NON250501,MEDL      ,"Medline Industries, Inc.",MEDICAL   ,8.0,123.0,984.0,2025-03-04,2025-05-28,14,2026-02-25,2026-03-11,LATE,-287.0,480.438136,0.4882501382113821,480.438136,2026-03
63892,20,6013,MEDLINE CURAD MEDI STRIP 1 X 5 NON250501,MEDL      ,"Medline Industries, Inc.",MEDICAL   ,4.0,123.0,492.0,2025-03-04,2025-05-28,14,2026-02-25,2026-03-11,LATE,-287.0,240.219068,0.4882501382113821,240.219068,2026-03
63897,20,6013,MEDLINE CURAD MEDI STRIP 1 X 5 NON250501,MEDL      ,"Medline Industries, Inc.",MEDICAL   ,2.0,123.0,246.0,2025-03-04,2025-05-28,14,2026-02-25,2026-03-11,LATE,-287.0,120.109534,0.4882501382113821,120.109534,2026-03
63899,10,6013,MEDLINE CURAD MEDI STRIP 1 X 5 NON250501,MEDL      ,"Medline Industries, Inc.",MEDICAL   ,6.0,123.0,738.0,2025-03-04,2025-05-28,14,2026-02-25,2026-03-11,LATE,-287.0,360.328602,0.4882501382113821,360.328602,2026-03
63901,20,6013,MEDLINE CURAD MEDI STRIP 1 X 5 NON250501,MEDL      ,"Medline Industries, Inc.",MEDICAL   ,8.0,123.0,984.0,2025-03-04,2025-05-28,14,2026-02-25,2026-03-11,LATE,-287.0,480.438136,0.4882501382113821,480.438136,2026-03
63902,20,6013,MEDLINE CURAD MEDI STRIP 1 X 5 NON250501,MEDL      ,"Medline Industries, Inc.",MEDICAL   ,1.0,123.0,123.0,2025-03-04,2025-05-28,14,2026-02-25,2026-03-11,LATE,-287.0,60.054767,0.4882501382113821,60.054767,2026-03
63917,1,5342,ISI LARGE ALUMI-HAND 760,ISI       ,Instrument Specialists Inc,MEDICAL   ,6900.0,7.7,53130.0,2025-03-10,2025-12-15,0,2026-02-25,2026-02-25,LATE,-72.0,21331.598400000003,0.4014981818181818,21331.5984,2026-02
63941,30,6013,MEDLINE CURAD MEDI STRIP 1 X 5 NON250501,MEDL      ,"Medline Industries, Inc.",MEDICAL   ,4.0,123.0,492.0,2025-03-18,2025-06-11,14,2026-02-25,2026-03-11,LATE,-273.0,240.219068,0.4882501382113821,240.219068,2026-03
63942,10,6013,MEDLINE CURAD MEDI STRIP 1 X 5 NON250501,MEDL      ,"Medline Industries, Inc.",MEDICAL   ,1.0,123.0,123.0,2025-03-18,2025-06-11,14,2026-02-25,2026-03-11,LATE,-273.0,60.054767,0.4882501382113821,60.054767,2026-03
63943,30,6013,MEDLINE CURAD MEDI STRIP 1 X 5 NON250501,MEDL      ,"Medline Industries, Inc.",MEDICAL   ,3.0,123.0,369.0,2025-03-18,2025-06-11,14,2026-02-25,2026-03-11,LATE,-273.0,180.164301,0.4882501382113821,180.164301,2026-03
63945,10,6013,MEDLINE CURAD MEDI STRIP 1 X 5 NON250501,MEDL      ,"Medline Industries, Inc.",MEDICAL   ,3.0,123.0,369.0,2025-03-18,2025-06-11,14,2026-02-25,2026-03-11,LATE,-273.0,180.164301,0.4882501382113821,180.164301,2026-03
63947,40,6013,MEDLINE CURAD MEDI STRIP 1 X 5 NON250501,MEDL      ,"Medline Industries, Inc.",MEDICAL   ,4.0,123.0,492.0,2025-03-18,2025-06-11,14,2026-02-25,2026-03-11,LATE,-273.0,240.219068,0.4882501382113821,240.219068,2026-03
63948,10,6013,MEDLINE CURAD MEDI STRIP 1 X 5 NON250501,MEDL      ,"Medline Industries, Inc.",MEDICAL   ,4.0,123.0,492.0,2025-03-18,2025-06-11,14,2026-02-25,2026-03-11,LATE,-273.0,240.219068,0.4882501382113821,240.219068,2026-03
63949,10,6013,MEDLINE CURAD MEDI STRIP 1 X 5 NON250501,MEDL      ,"Medline Industries, Inc.",MEDICAL   ,2.0,123.0,246.0,2025-03-18,2025-06-11,14,2026-02-25,2026-03-11,LATE,-273.0,120.109534,0.4882501382113821,120.109534,2026-03
63951,10,6013,MEDLINE CURAD MEDI STRIP 1 X 5 NON250501,MEDL      ,"Medline Industries, Inc.",MEDICAL   ,4.0,123.0,492.0,2025-03-18,2025-06-11,14,2026-02-25,2026-03-11,LATE,-273.0,240.219068,0.4882501382113821,240.219068,2026-03
63955,10,6013,MEDLINE CURAD MEDI STRIP 1 X 5 NON250501,MEDL      ,"Medline Industries, Inc.",MEDICAL   ,6.0,123.0,738.0,2025-03-18,2025-06-11,14,2026-02-25,2026-03-11,LATE,-273.0,360.328602,0.4882501382113821,360.328602,2026-03
63957,10,6013,MEDLINE CURAD MEDI STRIP 1 X 5 NON250501,MEDL      ,"Medline Industries, Inc.",MEDICAL   ,1.0,123.0,123.0,2025-03-18,2025-06-11,14,2026-02-25,2026-03-11,LATE,-273.0,60.054767,0.4882501382113821,60.054767,2026-03
63960,10,6013,MEDLINE CURAD MEDI STRIP 1 X 5 NON250501,MEDL      ,"Medline Industries, Inc.",MEDICAL   ,1.0,123.0,123.0,2025-03-18,2025-06-11,14,2026-02-25,2026-03-11,LATE,-273.0,60.054767,0.4882501382113821,60.054767,2026-03
63961,20,6013,MEDLINE CURAD MEDI STRIP 1 X 5 NON250501,MEDL      ,"Medline Industries, Inc.",MEDICAL   ,4.0,123.0,492.0,2025-03-18,2025-06-11,14,2026-02-25,2026-03-11,LATE,-273.0,240.219068,0.4882501382113821,240.219068,2026-03
63962,30,6013,MEDLINE CURAD MEDI STRIP 1 X 5 NON250501,MEDL      ,"Medline Industries, Inc.",MEDICAL   ,4.0,123.0,492.0,2025-03-18,2025-06-11,14,2026-02-25,2026-03-11,LATE,-273.0,240.219068,0.4882501382113821,240.219068,2026-03
63963,30,6013,MEDLINE CURAD MEDI STRIP 1 X 5 NON250501,MEDL      ,"Medline Industries, Inc.",MEDICAL   ,2.0,123.0,246.0,2025-03-18,2025-06-11,14,2026-02-25,2026-03-11,LATE,-273.0,120.109534,0.4882501382113821,120.109534,2026-03
63964,30,6013,MEDLINE CURAD MEDI STRIP 1 X 5 NON250501,MEDL      ,"Medline Industries, Inc.",MEDICAL   ,6.0,123.0,738.0,2025-03-18,2025-06-11,14,2026-02-25,2026-03-11,LATE,-273.0,360.328602,0.4882501382113821,360.328602,2026-03
64057,1,5045,FREUDENBERG 30cm X 47cm Nonwoven Sheets 122P0463,FREUD     ,Freudenberg Performance Materials LP,MEDICAL   ,25000.0,1.63,40750.0,2025-04-10,2025-10-31,0,2026-02-25,2026-02-25,LATE,-117.0,14909.999999999996,0.3658895705521471,14909.999999999995,2026-02
64069,10,6013,MEDLINE CURAD MEDI STRIP 1 X 5 NON250501,MEDL      ,"Medline Industries, Inc.",MEDICAL   ,13.0,123.0,1599.0,2025-04-14,2025-07-09,14,2026-02-25,2026-03-11,LATE,-245.0,780.711971,0.4882501382113821,780.711971,2026-03
64070,30,6013,MEDLINE CURAD MEDI STRIP 1 X 5 NON250501,MEDL      ,"Medline Industries, Inc.",MEDICAL   ,4.0,123.0,492.0,2025-04-14,2025-07-09,14,2026-02-25,2026-03-11,LATE,-245.0,240.219068,0.4882501382113821,240.219068,2026-03
64075,10,6013,MEDLINE CURAD MEDI STRIP 1 X 5 NON250501,MEDL      ,"Medline Industries, Inc.",MEDICAL   ,3.0,123.0,369.0,2025-04-14,2025-07-09,14,2026-02-25,2026-03-11,LATE,-245.0,180.164301,0.4882501382113821,180.164301,2026-03
64076,60,6013,MEDLINE CURAD MEDI STRIP 1 X 5 NON250501,MEDL      ,"Medline Industries, Inc.",MEDICAL   ,10.0,123.0,1230.0,2025-04-14,2025-07-09,14,2026-02-25,2026-03-11,LATE,-245.0,600.5476699999999,0.4882501382113821,600.5476699999999,2026-03
64077,40,6013,MEDLINE CURAD MEDI STRIP 1 X 5 NON250501,MEDL      ,"Medline Industries, Inc.",MEDICAL   ,7.0,123.0,861.0,2025-04-14,2025-07-09,14,2026-02-25,2026-03-11,LATE,-245.0,420.383369,0.4882501382113821,420.38336899999996,2026-03
64080,20,6013,MEDLINE CURAD MEDI STRIP 1 X 5 NON250501,MEDL      ,"Medline Industries, Inc.",MEDICAL   ,19.0,123.0,2337.0,2025-04-14,2025-07-09,14,2026-02-25,2026-03-11,LATE,-245.0,1141.040573,0.4882501382113821,1141.040573,2026-03
64548,1,7235,HARMAC PRTD DRAPE ASSEMBLY P3113231 REV.A  (ROW),HARM IRE  ,Harmac Medical Products,Drape&Mask,60000.0,0.5211,31266.0,2025-09-09,2026-01-03,0,2026-02-25,2026-02-25,LATE,-53.0,19164.960000000003,0.6129648819804261,19164.960000000003,2026-02
64559,1,3958,Harmac Filter Disc P3113306 Rev E,HARM IRE  ,Harmac Medical Products,MEDICAL   ,202500.0,0.27,54675.0,2025-09-12,2026-03-06,0,2026-02-25,2026-02-25,ON_TIME,9.0,28557.1575,0.5223074074074074,28557.1575,2026-02
64562,1,7235,HARMAC PRTD DRAPE ASSEMBLY P3113231 REV.A  (ROW),HARM IRE  ,Harmac Medical Products,Drape&Mask,60000.0,0.5211,31266.0,2025-09-15,2026-02-03,0,2026-02-25,2026-02-25,LATE,-22.0,19164.960000000003,0.6129648819804261,19164.960000000003,2026-02
64618,5,7487,"CARDINAL HEALTH TELFA ADHESIVE DRESSING 2""x3"" 6017",COVIDMA   ,Patient Recovery,MEDICAL   ,300.0,269.76,80928.0,2025-09-25,2026-01-21,0,2026-02-25,2026-02-25,LATE,-35.0,41660.9334,0.5147901023131672,41660.9334,2026-02
64787,2,7155,URGO - VASHE 250 ml Instill 00316,URGO      ,URGO Medical,Filling OP,6000.0,4.34,26040.0,2025-11-26,2026-04-13,0,2026-02-25,2026-02-25,ON_TIME,47.0,17492.801999999996,0.6717665898617511,17492.802,2026-02
64787,3,7159,URGO - VASHE 250 ml OTC Flip Top 00405,URGO      ,URGO Medical,Filling OP,5004.0,1.95,9757.8,2025-11-26,2026-04-13,0,2026-02-25,2026-02-25,ON_TIME,47.0,4113.418103999999,0.4215517948717948,4113.4181039999985,2026-02
65008,1,F-22004,5 SITE SEMI-OCCLUSIVE STRIP,MONADERM  ,Monaderm,MEDICAL   ,16000.0,0.41,6560.0,2026-02-19,,14,2026-02-25,2026-03-11,NO_DEADLINE,,2378.112,0.3911368421052631,2565.8576842105263,2026-03
63804,1,6008,"MEDLINE CURAD MEDISTRIP 1/4 X 1.5 IN, STERILE NON250114",MEDL      ,"Medline Industries, Inc.",MEDICAL   ,1.0,71.94,71.94,2025-02-04,2025-05-18,14,2026-02-25,2026-03-11,LATE,-297.0,36.229519,0.5036074367528496,36.229518999999996,2026-03
63833,10,6008,"MEDLINE CURAD MEDISTRIP 1/4 X 1.5 IN, STERILE NON250114",MEDL      ,"Medline Industries, Inc.",MEDICAL   ,20.0,71.94,1438.8,2025-02-18,2025-05-13,14,2026-02-25,2026-03-11,LATE,-302.0,724.5903799999999,0.5036074367528496,724.59038,2026-03
63874,1,6008,"MEDLINE CURAD MEDISTRIP 1/4 X 1.5 IN, STERILE NON250114",MEDL      ,"Medline Industries, Inc.",MEDICAL   ,2.0,71.94,143.88,2025-02-25,2025-06-10,14,2026-02-25,2026-03-11,LATE,-274.0,72.45903799999999,0.5036074367528496,72.45903799999999,2026-03
63886,10,6008,"MEDLINE CURAD MEDISTRIP 1/4 X 1.5 IN, STERILE NON250114",MEDL      ,"Medline Industries, Inc.",MEDICAL   ,7.0,71.94,503.58,2025-03-04,2025-05-28,14,2026-02-25,2026-03-11,LATE,-287.0,253.606633,0.5036074367528496,253.606633,2026-03
63889,20,6008,"MEDLINE CURAD MEDISTRIP 1/4 X 1.5 IN, STERILE NON250114",MEDL      ,"Medline Industries, Inc.",MEDICAL   ,6.0,71.94,431.64,2025-03-04,2025-05-28,14,2026-02-25,2026-03-11,LATE,-287.0,217.377114,0.5036074367528496,217.37711399999998,2026-03
63891,10,6008,"MEDLINE CURAD MEDISTRIP 1/4 X 1.5 IN, STERILE NON250114",MEDL      ,"Medline Industries, Inc.",MEDICAL   ,3.0,71.94,215.82,2025-03-04,2025-05-28,14,2026-02-25,2026-03-11,LATE,-287.0,108.688557,0.5036074367528496,108.68855699999999,2026-03
63900,10,6008,"MEDLINE CURAD MEDISTRIP 1/4 X 1.5 IN, STERILE NON250114",MEDL      ,"Medline Industries, Inc.",MEDICAL   ,30.0,71.94,2158.2,2025-03-04,2025-05-28,14,2026-02-25,2026-03-11,LATE,-287.0,1086.88557,0.5036074367528496,1086.88557,2026-03
63903,10,6008,"MEDLINE CURAD MEDISTRIP 1/4 X 1.5 IN, STERILE NON250114",MEDL      ,"Medline Industries, Inc.",MEDICAL   ,4.0,71.94,287.76,2025-03-04,2025-05-28,14,2026-02-25,2026-03-11,LATE,-287.0,144.918076,0.5036074367528496,144.91807599999999,2026-03
63908,1,6008,"MEDLINE CURAD MEDISTRIP 1/4 X 1.5 IN, STERILE NON250114",MEDL      ,"Medline Industries, Inc.",MEDICAL   ,4.0,71.94,287.76,2025-03-05,2025-06-17,14,2026-02-25,2026-03-11,LATE,-267.0,144.918076,0.5036074367528496,144.91807599999999,2026-03
63910,1,6008,"MEDLINE CURAD MEDISTRIP 1/4 X 1.5 IN, STERILE NON250114",MEDL      ,"Medline Industries, Inc.",MEDICAL   ,4.0,71.94,287.76,2025-03-05,2025-05-14,14,2026-02-25,2026-03-11,LATE,-301.0,144.918076,0.5036074367528496,144.91807599999999,2026-03
63941,20,6008,"MEDLINE CURAD MEDISTRIP 1/4 X 1.5 IN, STERILE NON250114",MEDL      ,"Medline Industries, Inc.",MEDICAL   ,6.0,71.94,431.64,2025-03-18,2025-06-11,14,2026-02-25,2026-03-11,LATE,-273.0,217.377114,0.5036074367528496,217.37711399999998,2026-03
63943,20,6008,"MEDLINE CURAD MEDISTRIP 1/4 X 1.5 IN, STERILE NON250114",MEDL      ,"Medline Industries, Inc.",MEDICAL   ,2.0,71.94,143.88,2025-03-18,2025-06-11,14,2026-02-25,2026-03-11,LATE,-273.0,72.45903799999999,0.5036074367528496,72.45903799999999,2026-03
63950,30,6008,"MEDLINE CURAD MEDISTRIP 1/4 X 1.5 IN, STERILE NON250114",MEDL      ,"Medline Industries, Inc.",MEDICAL   ,3.0,71.94,215.82,2025-03-18,2025-06-11,14,2026-02-25,2026-03-11,LATE,-273.0,108.688557,0.5036074367528496,108.68855699999999,2026-03
63956,10,6008,"MEDLINE CURAD MEDISTRIP 1/4 X 1.5 IN, STERILE NON250114",MEDL      ,"Medline Industries, Inc.",MEDICAL   ,1.0,71.94,71.94,2025-03-18,2025-06-11,14,2026-02-25,2026-03-11,LATE,-273.0,36.229519,0.5036074367528496,36.229518999999996,2026-03
63958,10,6008,"MEDLINE CURAD MEDISTRIP 1/4 X 1.5 IN, STERILE NON250114",MEDL      ,"Medline Industries, Inc.",MEDICAL   ,1.0,71.94,71.94,2025-03-18,2025-06-11,14,2026-02-25,2026-03-11,LATE,-273.0,36.229519,0.5036074367528496,36.229518999999996,2026-03
63964,10,6008,"MEDLINE CURAD MEDISTRIP 1/4 X 1.5 IN, STERILE NON250114",MEDL      ,"Medline Industries, Inc.",MEDICAL   ,4.0,71.94,287.76,2025-03-18,2025-06-11,14,2026-02-25,2026-03-11,LATE,-273.0,144.918076,0.5036074367528496,144.91807599999999,2026-03
63967,1,6008,"MEDLINE CURAD MEDISTRIP 1/4 X 1.5 IN, STERILE NON250114",MEDL      ,"Medline Industries, Inc.",MEDICAL   ,3.0,71.94,215.82,2025-03-18,2025-06-30,14,2026-02-25,2026-03-11,LATE,-254.0,108.688557,0.5036074367528496,108.68855699999999,2026-03
64035,1,6008,"MEDLINE CURAD MEDISTRIP 1/4 X 1.5 IN, STERILE NON250114",MEDL      ,"Medline Industries, Inc.",MEDICAL   ,2.0,71.94,143.88,2025-04-02,2025-07-14,14,2026-02-25,2026-03-11,LATE,-240.0,72.45903799999999,0.5036074367528496,72.45903799999999,2026-03
64070,10,6008,"MEDLINE CURAD MEDISTRIP 1/4 X 1.5 IN, STERILE NON250114",MEDL      ,"Medline Industries, Inc.",MEDICAL   ,2.0,71.94,143.88,2025-04-14,2025-07-09,14,2026-02-25,2026-03-11,LATE,-245.0,72.45903799999999,0.5036074367528496,72.45903799999999,2026-03
64071,10,6008,"MEDLINE CURAD MEDISTRIP 1/4 X 1.5 IN, STERILE NON250114",MEDL      ,"Medline Industries, Inc.",MEDICAL   ,9.0,71.94,647.46,2025-04-14,2025-07-09,14,2026-02-25,2026-03-11,LATE,-245.0,326.06567099999995,0.5036074367528496,326.065671,2026-03
64073,10,6008,"MEDLINE CURAD MEDISTRIP 1/4 X 1.5 IN, STERILE NON250114",MEDL      ,"Medline Industries, Inc.",MEDICAL   ,1.0,71.94,71.94,2025-04-14,2025-07-09,14,2026-02-25,2026-03-11,LATE,-245.0,36.229519,0.5036074367528496,36.229518999999996,2026-03
64076,20,6008,"MEDLINE CURAD MEDISTRIP 1/4 X 1.5 IN, STERILE NON250114",MEDL      ,"Medline Industries, Inc.",MEDICAL   ,6.0,71.94,431.64,2025-04-14,2025-07-09,14,2026-02-25,2026-03-11,LATE,-245.0,217.377114,0.5036074367528496,217.37711399999998,2026-03
64079,20,6008,"MEDLINE CURAD MEDISTRIP 1/4 X 1.5 IN, STERILE NON250114",MEDL      ,"Medline Industries, Inc.",MEDICAL   ,7.0,71.94,503.58,2025-04-14,2025-07-09,14,2026-02-25,2026-03-11,LATE,-245.0,253.606633,0.5036074367528496,253.606633,2026-03
64826,1,F-22008,"ADVANCED 2"" × 200' ROLL OCCLUSIVE",ADV SL    ,Advanced Science Laboratories Inc,MEDICAL   ,40.0,103.36,4134.4,2025-12-17,,14,2026-02-25,2026-03-11,NO_DEADLINE,,1782.17168,0.431059326625387,1782.1716799999997,2026-03
64826,2,F-22007,"ADVANCED 2"" × 200' ROLL SEMI-OCCLUSIVE",ADV SL    ,Advanced Science Laboratories Inc,MEDICAL   ,40.0,214.98,8599.2,2025-12-17,,14,2026-02-25,2026-03-11,NO_DEADLINE,,5045.37148,0.6453862413016783,5549.805366201393,2026-03
63613,10,6011,MEDLINE CURAD MEDISTRIP 1/4 X 4 IN STERILE NON250414,MEDL      ,"Medline Industries, Inc.",MEDICAL   ,17.0,127.14,2161.38,2024-12-10,2025-03-10,14,2026-02-25,2026-03-11,LATE,-366.0,986.014807,0.4561968774579204,986.0148070000001,2026-03
63627,10,6011,MEDLINE CURAD MEDISTRIP 1/4 X 4 IN STERILE NON250414,MEDL      ,"Medline Industries, Inc.",MEDICAL   ,3.0,127.14,381.42,2024-12-10,2025-03-10,14,2026-02-25,2026-03-11,LATE,-366.0,174.002613,0.4561968774579204,174.00261300000003,2026-03
64089,20,6008,"MEDLINE CURAD MEDISTRIP 1/4 X 1.5 IN, STERILE NON250114",MEDL      ,"Medline Industries, Inc.",MEDICAL   ,8.0,71.94,575.52,2025-04-14,2025-07-09,14,2026-02-25,2026-03-11,LATE,-245.0,289.836152,0.5036074367528496,289.83615199999997,2026-03
64131,1,6008,"MEDLINE CURAD MEDISTRIP 1/4 X 1.5 IN, STERILE NON250114",MEDL      ,"Medline Industries, Inc.",MEDICAL   ,5.0,71.94,359.7,2025-04-29,2025-07-28,14,2026-02-25,2026-03-11,LATE,-226.0,181.147595,0.5036074367528496,181.147595,2026-03
64178,1,7832,SkinCentry Premium Silicone Cream 2oz,REMEDIUM  ,"Remedium Healthcare Products, LLC",Filling OP,15000.0,1.4,21000.0,2025-05-12,,0,2026-02-25,2026-02-25,NO_DEADLINE,,3294.4349999999977,0.156877857142857,3294.434999999997,2026-02
64299,1,6008,"MEDLINE CURAD MEDISTRIP 1/4 X 1.5 IN, STERILE NON250114",MEDL      ,"Medline Industries, Inc.",MEDICAL   ,1.0,71.94,71.94,2025-06-17,2025-09-16,14,2026-02-25,2026-03-11,LATE,-176.0,36.229519,0.5036074367528496,36.229518999999996,2026-03
64322,2,6039,MEDLINE SURESITE 4 X 4.75 MSC2304,MEDL      ,"Medline Industries, Inc.",MEDICAL   ,51.0,20.6,1050.6,2025-06-24,2025-09-30,0,2026-02-25,2026-02-25,LATE,-148.0,504.2091540000001,0.4799249514563107,504.20915399999996,2026-02
64372,1,6039,MEDLINE SURESITE 4 X 4.75 MSC2304,MEDL      ,"Medline Industries, Inc.",MEDICAL   ,76.0,20.6,1565.6,2025-07-15,2025-10-21,0,2026-02-25,2026-02-25,LATE,-127.0,751.3705040000002,0.4799249514563107,751.370504,2026-02
64415,1,6039,MEDLINE SURESITE 4 X 4.75 MSC2304,MEDL      ,"Medline Industries, Inc.",MEDICAL   ,5.0,20.6,103.0,2025-07-22,2025-10-25,0,2026-02-25,2026-02-25,LATE,-123.0,49.43227000000001,0.4799249514563107,49.43227,2026-02
64416,1,6039,MEDLINE SURESITE 4 X 4.75 MSC2304,MEDL      ,"Medline Industries, Inc.",MEDICAL   ,177.0,20.6,3646.2,2025-07-22,2025-10-07,0,2026-02-25,2026-02-25,LATE,-141.0,1749.9023580000005,0.4799249514563107,1749.902358,2026-02
64426,1,6039,MEDLINE SURESITE 4 X 4.75 MSC2304,MEDL      ,"Medline Industries, Inc.",MEDICAL   ,80.0,20.6,1648.0,2025-07-29,2025-11-05,0,2026-02-25,2026-02-25,LATE,-112.0,790.9163200000002,0.4799249514563107,790.91632,2026-02
64454,1,6039,MEDLINE SURESITE 4 X 4.75 MSC2304,MEDL      ,"Medline Industries, Inc.",MEDICAL   ,6.0,20.6,123.6,2025-08-14,2025-10-25,0,2026-02-25,2026-02-25,LATE,-123.0,59.31872400000002,0.4799249514563107,59.318724,2026-02
64455,2,6039,MEDLINE SURESITE 4 X 4.75 MSC2304,MEDL      ,"Medline Industries, Inc.",MEDICAL   ,92.0,20.61,1896.12,2025-08-14,2025-11-12,0,2026-02-25,2026-02-25,LATE,-105.0,909.5537680000002,0.4799249514563107,909.9952989553398,2026-02
64550,1,6039,MEDLINE SURESITE 4 X 4.75 MSC2304,MEDL      ,"Medline Industries, Inc.",MEDICAL   ,48.0,20.61,989.28,2025-09-09,2025-11-27,0,2026-02-25,2026-02-25,LATE,-90.0,474.54979200000014,0.4799249514563107,474.78015597669906,2026-02
64553,1,6039,MEDLINE SURESITE 4 X 4.75 MSC2304,MEDL      ,"Medline Industries, Inc.",MEDICAL   ,16.0,20.61,329.76,2025-09-10,2025-12-20,0,2026-02-25,2026-02-25,LATE,-67.0,158.18326400000004,0.4799249514563107,158.260051992233,2026-02
64579,1,6039,MEDLINE SURESITE 4 X 4.75 MSC2304,MEDL      ,"Medline Industries, Inc.",MEDICAL   ,12.0,20.61,247.32,2025-09-17,2025-11-29,0,2026-02-25,2026-02-25,LATE,-88.0,118.63744800000003,0.4799249514563107,118.69503899417477,2026-02
64605,1,6039,MEDLINE SURESITE 4 X 4.75 MSC2304,MEDL      ,"Medline Industries, Inc.",MEDICAL   ,104.0,20.61,2143.44,2025-09-23,2026-01-03,0,2026-02-25,2026-02-25,LATE,-53.0,1028.1912160000002,0.4799249514563107,1028.6903379495147,2026-02
64623,2,6039,MEDLINE SURESITE 4 X 4.75 MSC2304,MEDL      ,"Medline Industries, Inc.",MEDICAL   ,84.0,20.61,1731.24,2025-09-30,2026-01-10,0,2026-02-25,2026-02-25,LATE,-46.0,830.4621360000002,0.4799249514563107,830.8652729592234,2026-02
64665,1,5666,MPM RadiaPlex Rx Gel 6oz. MP00106,MPM       ,"MPM Medical, Inc.",Filling OP,2284.0,4.1,9364.4,2025-10-13,,0,2026-02-25,2026-02-25,NO_DEADLINE,,3877.960204,0.4141173170731707,3877.9602039999995,2026-02
64666,2,5660,MPM Antiseptic Wound & Skin Cleanser 8 fl.oz. MP00032,MPM       ,"MPM Medical, Inc.",Filling OP,3981.0,2.2,8758.2,2025-10-13,2026-01-12,0,2026-02-25,2026-02-25,LATE,-44.0,3238.256868000001,0.36974,3238.2568680000004,2026-02
64771,2,1674,BI OVERLAY #2 - ITALY,LAVIPHARM ,Lavipharm SA,MEDICAL   ,500000.0,0.237,118500.0,2025-11-21,2026-02-02,14,2026-02-25,2026-03-11,LATE,-37.0,11165.00000000001,0.1326797385620916,15722.549019607854,2026-03
64771,3,N-4001,Art & Print Plate Charges,LAVIPHARM ,Lavipharm SA,MEDICAL   ,1.0,549.0,549.0,2025-11-21,2026-02-02,0,2026-02-25,2026-02-25,LATE,-23.0,,,,2026-02
64786,2,7156,URGO - VASHE 475 ml Instill 00317,URGO      ,URGO Medical,Filling OP,12504.0,5.08,63520.32,2025-11-26,2026-04-06,0,2026-02-25,2026-02-25,ON_TIME,40.0,40150.143936,0.6320834645669291,40150.143936,2026-02
64788,2,7156,URGO - VASHE 475 ml Instill 00317,URGO      ,URGO Medical,Filling OP,18000.0,5.08,91440.0,2025-11-26,2026-03-16,0,2026-02-25,2026-02-25,ON_TIME,19.0,57797.712,0.6320834645669291,57797.712,2026-02
64937,1,N-4008,Expedite Fee for 15ml Bottles,PERIO     ,PerioSciences,MEDICAL   ,1.0,2556.79,2556.79,2026-01-29,2026-02-27,0,2026-02-25,2026-02-25,ON_TIME,2.0,,,,2026-02
64955,1,N-4009,Artwork Prep/Plate Fee(s),URGO      ,URGO Medical,MEDICAL   ,1.0,1200.0,1200.0,2026-02-03,,0,2026-02-25,2026-02-25,NO_DEADLINE,,,,,2026-02
64955,2,N-4001,Set Up Charges,URGO      ,URGO Medical,MEDICAL   ,1.0,450.0,450.0,2026-02-03,,0,2026-02-25,2026-02-25,NO_DEADLINE,,,,,2026-02
64984,1,5639,"D* Sorbitol Crystalline Powder NF, CAS# 50-70-4 KOSHER",ORORA     ,Orora Business Service Center,MEDICAL   ,214127.05,0.005678,1215.81,2026-02-11,,49,2026-02-25,2026-04-15,NO_DEADLINE,,,,,2026-04
64984,2,5515,D* Dentsil DS 60 HYDRATED SILICA - CAS#112926-00-8 KOSHER,ORORA     ,Orora Business Service Center,MEDICAL   ,467602.0,0.005164,2414.7,2026-02-11,,112,2026-02-25,2026-06-17,NO_DEADLINE,,,,,2026-06
64984,3,5703,D* Glycerin 99.7% CAS# 56-81-5  KOSHER,ORORA     ,Orora Business Service Center,MEDICAL   ,2013600.0,0.000825,1661.22,2026-02-11,,28,2026-02-25,2026-03-25,NO_DEADLINE,,-310.0944000000001,-0.117557251908397,-195.28845801526725,2026-03
64984,4,5517,D* Cooling Type Flavor Natural 113.90468 KOSHER,ORORA     ,Orora Business Service Center,MEDICAL   ,48563.98,0.016268,790.04,2026-02-11,,14,2026-02-25,2026-03-11,NO_DEADLINE,,,,,2026-03
64984,5,5518,"D* Mint Flavor WONF OS, Natural 113.19228 CAS# 68917-18-0 KOSHER",ORORA     ,Orora Business Service Center,MEDICAL   ,16562.0,0.05818,963.58,2026-02-11,,14,2026-02-25,2026-03-11,NO_DEADLINE,,,,,2026-03
64984,6,7525,D* BLANOSE™ CMC 7MF CAS#9004-32-4  KOSHER,ORORA     ,Orora Business Service Center,MEDICAL   ,37639.0,0.0074,278.53,2026-02-11,,100,2026-02-25,2026-06-05,NO_DEADLINE,,,,,2026-06
64984,7,5520,D* Tetrapotassium Pyrophosphate CAS#7320-34-5 1614086,ORORA     ,Orora Business Service Center,MEDICAL   ,7446.0,1.11887,8331.11,2026-02-11,,45,2026-02-25,2026-04-11,NO_DEADLINE,,,,,2026-04
64984,8,5521,D* Tetrasodium Pyrophosphate CAS#7722-88-5 KOSHER,ORORA     ,Orora Business Service Center,MEDICAL   ,13337.0,0.286859,3825.84,2026-02-11,,90,2026-02-25,2026-05-26,NO_DEADLINE,,,,,2026-05
64984,9,5522,D* Aloe Barbadensis Leaf JuiceCAS#85507-69-3 KOSHER,ORORA     ,Orora Business Service Center,MEDICAL   ,45978.01,0.005609,257.89,2026-02-11,,35,2026-02-25,2026-04-01,NO_DEADLINE,,,,,2026-04
64984,10,5686,D* Citric Acid CAS# 77-92-9,ORORA     ,Orora Business Service Center,MEDICAL   ,25563.08,0.00335,85.64,2026-02-11,,28,2026-02-25,2026-03-25,NO_DEADLINE,,,,,2026-03
64984,11,5525,D* AmmoniumGlycyrrhizate Magnasweet 110-2X CAS#53956-04-0 KOSHER,ORORA     ,Orora Business Service Center,MEDICAL   ,81438.0,0.012686,1033.12,2026-02-11,,14,2026-02-25,2026-03-11,NO_DEADLINE,,,,,2026-03
64984,12,6901,D* ASCORBIC ACID CAS# 50-81-7  KOSHER,ORORA     ,Orora Business Service Center,CONSUMER  ,24696.47,0.003078,76.02,2026-02-11,,28,2026-02-25,2026-03-25,NO_DEADLINE,,,,,2026-03
64984,13,5527,D* Mentha Arvensis (Cornmint) Leaf Oil CAS# 68917-18-0 KOSHER,ORORA     ,Orora Business Service Center,MEDICAL   ,671.63,0.201718,135.48,2026-02-11,,64,2026-02-25,2026-04-30,NO_DEADLINE,,,,,2026-04
64984,14,5528,D* Mentha Viridis (Spearmint) Leaf Oil CAS# 8008-79-5 KOSHER,ORORA     ,Orora Business Service Center,MEDICAL   ,890.55,0.412206,367.09,2026-02-11,,42,2026-02-25,2026-04-08,NO_DEADLINE,,,,,2026-04
64984,15,5530,D* Sodium Fluoride CAS#7681-49-4  KOSHER,ORORA     ,Orora Business Service Center,MEDICAL   ,22656.0,0.005479,124.13,2026-02-11,,42,2026-02-25,2026-04-08,NO_DEADLINE,,,,,2026-04
64984,16,5590,"BAG, AP2390.11 Arena ""Air-Evac"" Vertex, 3Ply Liquid Liner Bag",ORORA     ,Orora Business Service Center,MEDICAL   ,14.0,133.080714,1863.13,2026-02-11,,35,2026-02-25,2026-04-01,NO_DEADLINE,,,,,2026-04
65009,1,6323,MINERALIZ GU/Zn CAS# 4468-02-4 KOSHER,ORORA     ,Orora Business Service Center,MEDICAL   ,66959.0,0.074096,4961.39,2026-02-20,,56,2026-02-25,2026-04-22,NO_DEADLINE,,,,,2026-04
65009,2,7224,GREEN TEA PHYTOBASIC IN PG (3345L) KOSHER,ORORA     ,Orora Business Service Center,Default   ,15375.0,0.055522,853.65,2026-02-20,,30,2026-02-25,2026-03-27,NO_DEADLINE,,-28.88962499999998,-0.0460200832721038,-39.28504408523141,2026-03
65009,3,6327,ALOE VERA LEAF GEL DECOLORIZED 10X # AG014 CAS#94349-62-9,ORORA     ,Orora Business Service Center,MEDICAL   ,21783.07,0.012741,277.54,2026-02-20,,28,2026-02-25,2026-03-25,NO_DEADLINE,,,,,2026-03
65009,4,6328,CARBOX WAX SENTRY POLYETHYLENE GLYCOL 600 NF CAS#25322-68-3,ORORA     ,Orora Business Service Center,MEDICAL   ,716188.0,0.009742,6977.1,2026-02-20,,25,2026-02-25,2026-03-22,NO_DEADLINE,,,,,2026-03
65009,5,6330,MENTHOL CAS#2216-51-5   KOSHER,ORORA     ,Orora Business Service Center,MEDICAL   ,9524.0,0.091107,867.7,2026-02-20,,42,2026-02-25,2026-04-08,NO_DEADLINE,,,,,2026-04
65009,6,5713,Polysorbate 20 CAS# 9005-64-5,ORORA     ,Orora Business Service Center,MEDICAL   ,112638.0,0.008159,919.01,2026-02-20,,25,2026-02-25,2026-03-22,NO_DEADLINE,,,,,2026-03
65009,7,7573,AUSTRALIAN TEA TREE OIL #50-6270-01,ORORA     ,Orora Business Service Center,MEDICAL   ,571.53,0.117212,66.99,2026-02-20,,28,2026-02-25,2026-03-25,NO_DEADLINE,,,,,2026-03
64771,1,1673,BI OVERLAY #1 - ITALY,LAVIPHARM ,Lavipharm SA,MEDICAL   ,400000.0,0.235,94000.0,2025-11-21,2026-02-02,14,2026-02-25,2026-03-11,LATE,-37.0,22146.0,0.3343297101449275,31426.992753623188,2026-03
64687,1,5662,"MPM Regenecare Wound Gel 0.5 oz, MP00101",MPM       ,"MPM Medical, Inc.",Filling OP,5000.0,0.98,4900.0,2025-10-16,,0,2026-02-25,2026-02-25,NO_DEADLINE,,1159.3049999999998,0.2365928571428571,1159.3049999999998,2026-02
64688,1,5005,IMPLUS SKIN BLISTER PADS 4742300,IMPLUS    ,Implus LLC,MEDICAL   ,15600.0,3.0,46800.0,2025-10-20,2025-12-29,14,2026-02-25,2026-03-11,LATE,-72.0,24278.3424,0.518768,24278.3424,2026-03
64795,1,4557,PREVENA PEEL AND PLACE TEGADERM SHORT (13Cm)  # 416129 Rev E,KCI IRE   ,KCII-IRE-IRM,MEDICAL   ,40000.0,1.247,49880.0,2025-12-05,2026-03-22,0,2026-02-25,2026-02-25,ON_TIME,25.0,19807.000000000007,0.397093023255814,19807.000000000004,2026-02
64560,1,7235,HARMAC PRTD DRAPE ASSEMBLY P3113231 REV.A  (ROW),HARM IRE  ,Harmac Medical Products,Drape&Mask,120000.0,0.5211,62532.0,2025-09-12,2026-02-16,0,2026-02-25,2026-02-25,LATE,-9.0,38329.920000000006,0.6129648819804261,38329.920000000006,2026-02
64718,1,5440,MPM Regenecare HA Gel 0.5oz. MP00112,MPM       ,"MPM Medical, Inc.",Filling OP,5000.0,1.54,7700.0,2025-10-29,,0,2026-02-25,2026-02-25,NO_DEADLINE,,4408.87,0.5725805194805195,4408.87,2026-02
64789,1,N-4001,Large Filter Discs Samples,HARM IRE  ,Harmac Medical Products,MEDICAL   ,4000.0,1.675,6700.0,2025-12-01,2026-01-05,0,2026-02-25,2026-02-25,LATE,-51.0,,,,2026-02
64498,1,4978,EMED SOFT-SITE TEGADERM DRESSING 112X51MM  MS-0010201,EMED      ,EMED Technologies Corp,MEDICAL   ,180000.0,0.1507,27126.0,2025-08-25,2026-03-16,0,2026-02-25,2026-02-25,ON_TIME,19.0,7341.12,0.2706303915063039,7341.12,2026-02
64769,1,4152,"McKESSON 61-82044 DRESSING, HYDROGEL SHEET STR LF 4X4",MCKESSON  ,McKesson Medical Surgical,MEDICAL   ,1200.0,87.07,104484.0,2025-11-20,2025-12-05,0,2026-02-25,2026-02-25,LATE,-82.0,18490.645199999988,0.1769710692546226,18490.645199999988,2026-02
64847,1,5859,"MPM MP00990 DRY VEIL CONTACT LAYER 36""X36"" (48ea/CS)",MPM       ,"MPM Medical, Inc.",MEDICAL   ,10000.0,2.0,20000.0,2025-12-30,,90,2026-02-25,2026-05-26,NO_DEADLINE,,8474.79,0.4237395,8474.789999999999,2026-05
64682,1,3424,"MPM Cool Magic Gel Sheet 6.0""x8.0"" OL MP00208",MPM       ,"MPM Medical, Inc.",MEDICAL   ,10000.0,6.3,63000.0,2025-10-14,,14,2026-02-25,2026-03-11,NO_DEADLINE,,14266.97,0.2264598412698412,14266.969999999996,2026-03
64882,1,7153,URGO - VASHE 250 ml Flip Top 00313,URGO      ,URGO Medical,Filling OP,146004.0,1.88,274487.52,2026-01-08,2026-04-27,0,2026-02-25,2026-02-25,ON_TIME,61.0,111029.61782399996,0.4044978723404254,111029.61782399997,2026-02
64883,1,7155,URGO - VASHE 250 ml Instill 00316,URGO      ,URGO Medical,Filling OP,3996.0,4.34,17342.64,2026-01-08,2026-04-20,0,2026-02-25,2026-02-25,ON_TIME,54.0,11650.206131999998,0.6717665898617511,11650.206132,2026-02
64717,2,7486,"CARDINAL HEALTH TELFA ADHESIVE DRESSING 3""x4"" 7643",COVIDMA   ,Patient Recovery,MEDICAL   ,504.0,259.272,130673.09,2025-10-29,2026-02-13,0,2026-02-25,2026-02-25,LATE,-12.0,68384.418984,0.523324427628128,68384.42003064886,2026-02
64792,1,3752,MPM 4 x 5 THIN FILM DRESSING STERILE MP00470,MPM       ,"MPM Medical, Inc.",MEDICAL   ,400.0,149.15,59660.0,2025-12-04,,0,2026-02-25,2026-02-25,NO_DEADLINE,,13688.842,0.2294475695608447,13688.841999999995,2026-02
64822,1,6039,MEDLINE SURESITE 4 X 4.75 MSC2304,MEDL      ,"Medline Industries, Inc.",MEDICAL   ,148.0,20.61,3050.28,2025-12-10,2026-02-28,0,2026-02-25,2026-02-25,ON_TIME,3.0,1463.1951920000004,0.4799249514563107,1463.9054809281554,2026-02
64827,1,6039,MEDLINE SURESITE 4 X 4.75 MSC2304,MEDL      ,"Medline Industries, Inc.",MEDICAL   ,4.0,20.61,82.44,2025-12-17,2026-03-24,0,2026-02-25,2026-02-25,ON_TIME,27.0,39.54581600000001,0.4799249514563107,39.56501299805825,2026-02
64828,1,6039,MEDLINE SURESITE 4 X 4.75 MSC2304,MEDL      ,"Medline Industries, Inc.",MEDICAL   ,320.0,20.61,6595.2,2025-12-17,2026-03-08,0,2026-02-25,2026-02-25,ON_TIME,11.0,3163.6652800000006,0.4799249514563107,3165.20103984466,2026-02
64839,1,6039,MEDLINE SURESITE 4 X 4.75 MSC2304,MEDL      ,"Medline Industries, Inc.",MEDICAL   ,84.0,20.61,1731.24,2025-12-29,2026-04-08,0,2026-02-25,2026-02-25,ON_TIME,42.0,830.4621360000002,0.4799249514563107,830.8652729592234,2026-02
64843,1,6039,MEDLINE SURESITE 4 X 4.75 MSC2304,MEDL      ,"Medline Industries, Inc.",MEDICAL   ,132.0,20.61,2720.52,2025-12-29,2026-03-15,0,2026-02-25,2026-02-25,ON_TIME,18.0,1305.0119280000004,0.4799249514563107,1305.6454289359224,2026-02
64850,1,6039,MEDLINE SURESITE 4 X 4.75 MSC2304,MEDL      ,"Medline Industries, Inc.",MEDICAL   ,4.0,20.61,82.44,2025-12-30,2026-04-06,0,2026-02-25,2026-02-25,ON_TIME,40.0,39.54581600000001,0.4799249514563107,39.56501299805825,2026-02
64921,1,6039,MEDLINE SURESITE 4 X 4.75 MSC2304,MEDL      ,"Medline Industries, Inc.",MEDICAL   ,428.0,20.61,8821.08,2026-01-20,2026-04-13,0,2026-02-25,2026-02-25,ON_TIME,47.0,4231.402312000001,0.4799249514563107,4233.456390792233,2026-02
64658,1,5674,MPM OraMagic Plus 8oz MP00224,MPM       ,"MPM Medical, Inc.",Filling OP,2000.0,2.45,4900.0,2025-10-08,,0,2026-02-25,2026-02-25,NO_DEADLINE,,1261.3700000000003,0.2574224489795919,1261.3700000000001,2026-02
64578,1,5671,MPM OraMagic Rx 12oz MP00213,MPM       ,"MPM Medical, Inc.",Filling OP,1800.0,3.56,6408.0,2025-09-17,,0,2026-02-25,2026-02-25,NO_DEADLINE,,2833.7004,0.4422129213483146,2833.7003999999997,2026-02
64717,1,7488,"CARDINAL HEALTH TELFA NON-ADHERENT DRESSING 3""x4"" 2132",COVIDMA   ,Patient Recovery,MEDICAL   ,882.0,170.4,150292.8,2025-10-29,2026-02-13,0,2026-02-25,2026-02-25,LATE,-12.0,17464.449365999997,0.1162028345070422,17464.44936599999,2026-02
64938,1,5668,MPM Regenecare HA Gel 3oz. MP00107,MPM       ,"MPM Medical, Inc.",Filling OP,10000.0,2.34,23400.0,2026-01-29,2026-03-31,0,2026-02-25,2026-02-25,ON_TIME,34.0,7417.689999999999,0.3169952991452991,7417.69,2026-02
64976,1,5660,MPM Antiseptic Wound & Skin Cleanser 8 fl.oz. MP00032,MPM       ,"MPM Medical, Inc.",Filling OP,5800.0,2.2,12760.0,2026-02-09,,0,2026-02-25,2026-02-25,NO_DEADLINE,,4717.882400000001,0.36974,4717.8824,2026-02
64501,1,1917,EMED  2.375 X 2.75 PRTD DRESS,EMED      ,EMED Technologies Corp,MEDICAL   ,360000.0,0.12,43200.0,2025-08-25,2026-03-31,14,2026-02-25,2026-03-11,ON_TIME,20.0,18559.439999999995,0.4433036673975664,19150.718431574867,2026-03
64731,1,7940,Pause life vulva moisturizer 15mL with Xylitol,PAUSE     ,"The Pause Life Supplements, LLC",Filling OP,25000.0,3.01,75250.0,2025-11-07,2026-01-19,0,2026-02-25,2026-02-25,LATE,-37.0,53751.47499999999,0.7143053156146179,53751.47499999999,2026-02
64731,2,7941,Pause life vulva moisturizer 50mL with Xylitol,PAUSE     ,"The Pause Life Supplements, LLC",Filling OP,25000.0,5.53,138250.0,2025-11-07,2026-01-19,0,2026-02-25,2026-02-25,LATE,-37.0,65448.45,0.4734065099457504,65448.44999999999,2026-02
64782,1,6319,EUROFINS SEMI-OCCLUSIVE STRIP,EUROFINS  ,"Eurofins CRL Cosmetics, Inc",MEDICAL   ,85000.0,0.33,28050.0,2025-11-25,2026-03-31,14,2026-02-25,2026-03-11,ON_TIME,20.0,11118.255000000005,0.3928018018018018,11018.090540540541,2026-03
64782,2,6320,EUROFINS  OCCLUSIVE TEST STRIP,EUROFINS  ,"Eurofins CRL Cosmetics, Inc",MEDICAL   ,70000.0,0.6,42000.0,2025-11-25,2026-03-31,14,2026-02-25,2026-03-11,ON_TIME,20.0,18413.29,0.4384116666666666,18413.289999999997,2026-03
64881,1,7152,URGO - VASHE 118 ml Flip Top 00312,URGO      ,URGO Medical,Filling OP,244992.0,1.71,418936.32,2026-01-08,2026-05-04,0,2026-02-25,2026-02-25,ON_TIME,68.0,171028.670208,0.4082450292397661,171028.670208,2026-02
64885,1,104,"K-C AVENT TAPE  0.5"" ON MASK #ROSU00588 Rev 3",KC        ,"O&M Halyard, Inc",MEDICAL   ,150000.0,0.291,43650.0,2026-01-09,2026-02-23,14,2026-02-25,2026-03-11,LATE,-16.0,16747.35,0.4594609053497942,20055.46851851852,2026-03
64967,1,7156,URGO - VASHE 475 ml Instill 00317,URGO      ,URGO Medical,Filling OP,24996.0,5.08,126979.68,2026-02-05,2026-06-01,0,2026-02-25,2026-02-25,ON_TIME,96.0,80261.756064,0.6320834645669291,80261.75606399999,2026-02
64139,1,7751,PERIOSCIENCES AO PROVANTAGE GEL 30 mL,PERIO     ,PerioSciences,Filling OP,35000.0,4.15,145250.0,2025-05-06,2025-07-18,0,2026-02-25,2026-02-25,LATE,-222.0,57469.125000000015,0.3956566265060242,57469.125000000015,2026-02
64139,2,7738,PERIOSCIENCES AO PROVANTAGE GEL 15ml,PERIO     ,PerioSciences,Filling OP,20000.0,2.58,51600.0,2025-05-06,2025-07-18,0,2026-02-25,2026-02-25,LATE,-222.0,28537.74,0.5530569767441861,28537.74,2026-02
64155,1,5045,FREUDENBERG 30cm X 47cm Nonwoven Sheets 122P0463,FREUD     ,Freudenberg Performance Materials LP,MEDICAL   ,25000.0,1.63,40750.0,2025-05-12,2026-01-12,0,2026-02-25,2026-02-25,LATE,-44.0,14909.999999999996,0.3658895705521471,14909.999999999995,2026-02
64191,1,5341,ISI EXTRA LARGE ALUMI-HAND 761,ISI       ,Instrument Specialists Inc,MEDICAL   ,5245.0,11.6,60842.0,2025-05-16,2026-03-01,0,2026-02-25,2026-02-25,ON_TIME,4.0,25118.362695,0.4517934905660377,27488.019553018865,2026-02
64719,1,N-4001,Urgo Rework Item 603070 Lot # 49874,URGO      ,URGO Medical,MEDICAL   ,23160.0,0.7,16212.0,2025-10-29,2025-12-15,0,2026-02-25,2026-02-25,LATE,-72.0,,,,2026-02
64719,2,N-4001,Urgo Rework Item 603071 Lot # 49875,URGO      ,URGO Medical,MEDICAL   ,49960.0,0.7,34972.0,2025-10-29,2025-12-15,0,2026-02-25,2026-02-25,LATE,-72.0,,,,2026-02
64719,3,N-4001,Urgo Rework Item 603073 Lot # 47954,URGO      ,URGO Medical,MEDICAL   ,2760.0,0.7,1932.0,2025-10-29,2025-12-15,0,2026-02-25,2026-02-25,LATE,-72.0,,,,2026-02
64719,4,N-4001,Urgo Rework Item 603073 Lot # 50921,URGO      ,URGO Medical,MEDICAL   ,2250.0,0.7,1575.0,2025-10-29,2025-12-15,0,2026-02-25,2026-02-25,LATE,-72.0,,,,2026-02
64833,1,2977,MEDLINE DRSG SURESITE 4.75 X 4 FRAME/LABL (MSC52281),CENTURION ,Centurion Medical Products Corp,MEDICAL   ,45.0,340.0,15300.0,2025-12-18,2026-04-01,14,2026-02-25,2026-03-11,ON_TIME,21.0,3850.975035,0.2556069982078853,3910.787072580645,2026-03
64597,1,7903,"NAWA ""Spritz"" cleanser",NAWA      ,"NAWA, Inc",Filling OP,15000.0,2.0,30000.0,2025-09-22,,0,2026-02-25,2026-02-25,NO_DEADLINE,,1006.8599999999994,0.0335619999999999,1006.859999999997,2026-02
64925,1,4191,"ARGENTUM 4 X 8 PRTD ISLAND DRESSING, NS, ID-48",ARGENTUM  ,"Argentum Medical, LLC",MEDICAL   ,25000.0,0.68,17000.0,2026-01-21,2026-03-27,0,2026-02-25,2026-02-25,ON_TIME,30.0,8115.725,0.4161910256410256,7075.247435897435,2026-02
64925,2,3069,ARGENTUM 4 X 4 PRTD ISLAND DRSG NS; BULK,ARGENTUM  ,"Argentum Medical, LLC",MEDICAL   ,35000.0,0.81,28350.0,2026-01-21,2026-03-27,14,2026-02-25,2026-03-11,ON_TIME,16.0,23017.505000000005,0.811904938271605,23017.505,2026-03
64926,1,3693,ARGENTUM 3x4 PRTD ISLAND DRSG BULK,ARGENTUM  ,"Argentum Medical, LLC",MEDICAL   ,35000.0,0.62,21700.0,2026-01-22,2026-02-27,14,2026-02-25,2026-03-11,LATE,-12.0,14746.97,0.679583870967742,14746.970000000001,2026-03
64966,1,7153,URGO - VASHE 250 ml Flip Top 00313,URGO      ,URGO Medical,Filling OP,174996.0,1.88,328992.48,2026-02-05,2026-06-01,0,2026-02-25,2026-02-25,ON_TIME,96.0,133076.75817599997,0.4044978723404254,133076.75817599994,2026-02
64420,1,7236,HARMAC PRTD DRAPE ASSEMBLY W/LABEL - P3113251 Rev B.,HARMAC    ,"Harmac Medical Products, Inc",Drape&Mask,50000.0,0.5322,26610.0,2025-07-24,2026-04-10,0,2026-02-25,2026-02-25,ON_TIME,44.0,14690.350000000002,0.5520612551672305,14690.350000000002,2026-02
64884,1,104,"K-C AVENT TAPE  0.5"" ON MASK #ROSU00588 Rev 3",KC        ,"O&M Halyard, Inc",MEDICAL   ,150000.0,0.291,43650.0,2026-01-09,2026-03-09,14,2026-02-25,2026-03-11,LATE,-2.0,16747.35,0.4594609053497942,20055.46851851852,2026-03
64824,1,3917,KOB MEDICAL WC STRIPS 1/2 X 4 BULK NS 3/CD 46070945,KOB       ,KOB Medical Devices (Deutschland)GmbH,MEDICAL   ,10.0,1925.0,19250.0,2025-12-11,2026-04-15,14,2026-02-25,2026-03-11,ON_TIME,35.0,8028.055830000001,0.4170418612987013,8028.05583,2026-03
64965,1,7152,URGO - VASHE 118 ml Flip Top 00312,URGO      ,URGO Medical,Filling OP,49992.0,1.71,85486.32,2026-02-05,2026-06-15,0,2026-02-25,2026-02-25,ON_TIME,110.0,34899.365208,0.4082450292397661,34899.365208,2026-02
64968,2,7561,ioTech ioRinse Ultra 16 oz,IOTECH    ,Iotech International,Filling OP,15000.0,1.57,23550.0,2026-02-05,2026-03-31,0,2026-02-25,2026-02-25,ON_TIME,34.0,18308.985,0.7774515923566878,18308.984999999997,2026-02
64717,3,7488,"CARDINAL HEALTH TELFA NON-ADHERENT DRESSING 3""x4"" 2132",COVIDMA   ,Patient Recovery,MEDICAL   ,198.0,170.4,33739.2,2025-10-29,2026-02-13,0,2026-02-25,2026-02-25,LATE,-12.0,3920.590673999999,0.1162028345070422,3920.590673999998,2026-02
64618,4,7482,"CARDINAL HEALTH TELFA MINI ISLAND DRESSING 2""x3.75"" 7539LF",COVIDMA   ,Patient Recovery,MEDICAL   ,1985.0,32.88,65266.8,2025-09-25,2026-01-21,0,2026-02-25,2026-02-25,LATE,-35.0,8205.670415000004,0.1257250304136253,8205.670414999999,2026-02
64968,1,7560,ioTech ioRinse Ultra 1 liter,IOTECH    ,Iotech International,Filling OP,22500.0,1.7,38250.0,2026-02-05,2026-03-31,0,2026-02-25,2026-02-25,ON_TIME,34.0,30483.1125,0.7969441176470589,30483.112500000003,2026-02
64802,10,3132,MEDLINE CURAD NASAL TUBE HOLDER CURNASTUB50,MEDL      ,"Medline Industries, Inc.",MEDICAL   ,140.0,5.5,770.0,2025-12-08,2026-03-06,14,2026-02-25,2026-03-11,LATE,-5.0,186.76392,0.2425505454545454,186.76391999999996,2026-03
64803,10,3132,MEDLINE CURAD NASAL TUBE HOLDER CURNASTUB50,MEDL      ,"Medline Industries, Inc.",MEDICAL   ,350.0,5.5,1925.0,2025-12-08,2026-03-06,14,2026-02-25,2026-03-11,LATE,-5.0,466.9098,0.2425505454545454,466.9097999999999,2026-03
64804,10,3132,MEDLINE CURAD NASAL TUBE HOLDER CURNASTUB50,MEDL      ,"Medline Industries, Inc.",MEDICAL   ,10.0,5.5,55.0,2025-12-08,2026-03-06,14,2026-02-25,2026-03-11,LATE,-5.0,13.34028,0.2425505454545454,13.340279999999998,2026-03
64806,10,3132,MEDLINE CURAD NASAL TUBE HOLDER CURNASTUB50,MEDL      ,"Medline Industries, Inc.",MEDICAL   ,20.0,5.5,110.0,2025-12-08,2026-03-06,14,2026-02-25,2026-03-11,LATE,-5.0,26.68056,0.2425505454545454,26.680559999999996,2026-03
64807,10,3132,MEDLINE CURAD NASAL TUBE HOLDER CURNASTUB50,MEDL      ,"Medline Industries, Inc.",MEDICAL   ,20.0,5.5,110.0,2025-12-08,2026-03-06,14,2026-02-25,2026-03-11,LATE,-5.0,26.68056,0.2425505454545454,26.680559999999996,2026-03
64808,10,3132,MEDLINE CURAD NASAL TUBE HOLDER CURNASTUB50,MEDL      ,"Medline Industries, Inc.",MEDICAL   ,40.0,5.5,220.0,2025-12-08,2026-03-06,14,2026-02-25,2026-03-11,LATE,-5.0,53.36112,0.2425505454545454,53.36111999999999,2026-03
64810,10,3132,MEDLINE CURAD NASAL TUBE HOLDER CURNASTUB50,MEDL      ,"Medline Industries, Inc.",MEDICAL   ,60.0,5.5,330.0,2025-12-08,2026-03-06,14,2026-02-25,2026-03-11,LATE,-5.0,80.04168,0.2425505454545454,80.04167999999999,2026-03
64811,10,3132,MEDLINE CURAD NASAL TUBE HOLDER CURNASTUB50,MEDL      ,"Medline Industries, Inc.",MEDICAL   ,60.0,5.5,330.0,2025-12-08,2026-03-06,14,2026-02-25,2026-03-11,LATE,-5.0,80.04168,0.2425505454545454,80.04167999999999,2026-03
64812,10,3132,MEDLINE CURAD NASAL TUBE HOLDER CURNASTUB50,MEDL      ,"Medline Industries, Inc.",MEDICAL   ,100.0,5.5,550.0,2025-12-08,2026-03-06,14,2026-02-25,2026-03-11,LATE,-5.0,133.4028,0.2425505454545454,133.40279999999998,2026-03
64813,10,3132,MEDLINE CURAD NASAL TUBE HOLDER CURNASTUB50,MEDL      ,"Medline Industries, Inc.",MEDICAL   ,40.0,5.5,220.0,2025-12-08,2026-03-06,14,2026-02-25,2026-03-11,LATE,-5.0,53.36112,0.2425505454545454,53.36111999999999,2026-03
64814,10,3132,MEDLINE CURAD NASAL TUBE HOLDER CURNASTUB50,MEDL      ,"Medline Industries, Inc.",MEDICAL   ,30.0,5.5,165.0,2025-12-08,2026-03-06,14,2026-02-25,2026-03-11,LATE,-5.0,40.02084,0.2425505454545454,40.02083999999999,2026-03
64815,10,3132,MEDLINE CURAD NASAL TUBE HOLDER CURNASTUB50,MEDL      ,"Medline Industries, Inc.",MEDICAL   ,20.0,5.5,110.0,2025-12-08,2026-03-06,14,2026-02-25,2026-03-11,LATE,-5.0,26.68056,0.2425505454545454,26.680559999999996,2026-03
64853,10,3132,MEDLINE CURAD NASAL TUBE HOLDER CURNASTUB50,MEDL      ,"Medline Industries, Inc.",MEDICAL   ,30.0,5.5,165.0,2026-01-02,2026-03-31,14,2026-02-25,2026-03-11,ON_TIME,20.0,40.02084,0.2425505454545454,40.02083999999999,2026-03
64854,10,3132,MEDLINE CURAD NASAL TUBE HOLDER CURNASTUB50,MEDL      ,"Medline Industries, Inc.",MEDICAL   ,90.0,5.5,495.0,2026-01-02,2026-03-31,14,2026-02-25,2026-03-11,ON_TIME,20.0,120.06252,0.2425505454545454,120.06251999999998,2026-03
64858,10,3132,MEDLINE CURAD NASAL TUBE HOLDER CURNASTUB50,MEDL      ,"Medline Industries, Inc.",MEDICAL   ,30.0,5.5,165.0,2026-01-05,2026-04-01,14,2026-02-25,2026-03-11,ON_TIME,21.0,40.02084,0.2425505454545454,40.02083999999999,2026-03
64860,10,3132,MEDLINE CURAD NASAL TUBE HOLDER CURNASTUB50,MEDL      ,"Medline Industries, Inc.",MEDICAL   ,60.0,5.5,330.0,2026-01-05,2026-04-01,14,2026-02-25,2026-03-11,ON_TIME,21.0,80.04168,0.2425505454545454,80.04167999999999,2026-03
64861,10,3132,MEDLINE CURAD NASAL TUBE HOLDER CURNASTUB50,MEDL      ,"Medline Industries, Inc.",MEDICAL   ,90.0,5.5,495.0,2026-01-05,2026-04-01,14,2026-02-25,2026-03-11,ON_TIME,21.0,120.06252,0.2425505454545454,120.06251999999998,2026-03
64862,10,3132,MEDLINE CURAD NASAL TUBE HOLDER CURNASTUB50,MEDL      ,"Medline Industries, Inc.",MEDICAL   ,10.0,5.5,55.0,2026-01-05,2026-04-01,14,2026-02-25,2026-03-11,ON_TIME,21.0,13.34028,0.2425505454545454,13.340279999999998,2026-03
64863,10,3132,MEDLINE CURAD NASAL TUBE HOLDER CURNASTUB50,MEDL      ,"Medline Industries, Inc.",MEDICAL   ,180.0,5.5,990.0,2026-01-05,2026-04-01,14,2026-02-25,2026-03-11,ON_TIME,21.0,240.12504,0.2425505454545454,240.12503999999996,2026-03
64864,10,3132,MEDLINE CURAD NASAL TUBE HOLDER CURNASTUB50,MEDL      ,"Medline Industries, Inc.",MEDICAL   ,50.0,5.5,275.0,2026-01-05,2026-04-01,14,2026-02-25,2026-03-11,ON_TIME,21.0,66.7014,0.2425505454545454,66.70139999999999,2026-03
64865,10,3132,MEDLINE CURAD NASAL TUBE HOLDER CURNASTUB50,MEDL      ,"Medline Industries, Inc.",MEDICAL   ,20.0,5.5,110.0,2026-01-05,2026-04-01,14,2026-02-25,2026-03-11,ON_TIME,21.0,26.68056,0.2425505454545454,26.680559999999996,2026-03
64866,10,3132,MEDLINE CURAD NASAL TUBE HOLDER CURNASTUB50,MEDL      ,"Medline Industries, Inc.",MEDICAL   ,40.0,5.5,220.0,2026-01-05,2026-04-01,14,2026-02-25,2026-03-11,ON_TIME,21.0,53.36112,0.2425505454545454,53.36111999999999,2026-03
64867,10,3132,MEDLINE CURAD NASAL TUBE HOLDER CURNASTUB50,MEDL      ,"Medline Industries, Inc.",MEDICAL   ,50.0,5.5,275.0,2026-01-05,2026-04-01,14,2026-02-25,2026-03-11,ON_TIME,21.0,66.7014,0.2425505454545454,66.70139999999999,2026-03
64868,10,3132,MEDLINE CURAD NASAL TUBE HOLDER CURNASTUB50,MEDL      ,"Medline Industries, Inc.",MEDICAL   ,10.0,5.5,55.0,2026-01-05,2026-04-01,14,2026-02-25,2026-03-11,ON_TIME,21.0,13.34028,0.2425505454545454,13.340279999999998,2026-03
64869,10,3132,MEDLINE CURAD NASAL TUBE HOLDER CURNASTUB50,MEDL      ,"Medline Industries, Inc.",MEDICAL   ,70.0,5.5,385.0,2026-01-05,2026-04-01,14,2026-02-25,2026-03-11,ON_TIME,21.0,93.38196,0.2425505454545454,93.38195999999998,2026-03
64870,10,3132,MEDLINE CURAD NASAL TUBE HOLDER CURNASTUB50,MEDL      ,"Medline Industries, Inc.",MEDICAL   ,170.0,5.5,935.0,2026-01-05,2026-04-01,14,2026-02-25,2026-03-11,ON_TIME,21.0,226.78476,0.2425505454545454,226.78475999999995,2026-03
64904,10,3132,MEDLINE CURAD NASAL TUBE HOLDER CURNASTUB50,MEDL      ,"Medline Industries, Inc.",MEDICAL   ,20.0,5.5,110.0,2026-01-19,2026-04-14,14,2026-02-25,2026-03-11,ON_TIME,34.0,26.68056,0.2425505454545454,26.680559999999996,2026-03
64905,10,3132,MEDLINE CURAD NASAL TUBE HOLDER CURNASTUB50,MEDL      ,"Medline Industries, Inc.",MEDICAL   ,10.0,5.5,55.0,2026-01-19,2026-04-14,14,2026-02-25,2026-03-11,ON_TIME,34.0,13.34028,0.2425505454545454,13.340279999999998,2026-03
64906,10,3132,MEDLINE CURAD NASAL TUBE HOLDER CURNASTUB50,MEDL      ,"Medline Industries, Inc.",MEDICAL   ,10.0,5.5,55.0,2026-01-19,2026-04-14,14,2026-02-25,2026-03-11,ON_TIME,34.0,13.34028,0.2425505454545454,13.340279999999998,2026-03
64907,10,3132,MEDLINE CURAD NASAL TUBE HOLDER CURNASTUB50,MEDL      ,"Medline Industries, Inc.",MEDICAL   ,30.0,5.5,165.0,2026-01-19,2026-04-14,14,2026-02-25,2026-03-11,ON_TIME,34.0,40.02084,0.2425505454545454,40.02083999999999,2026-03
64909,10,3132,MEDLINE CURAD NASAL TUBE HOLDER CURNASTUB50,MEDL      ,"Medline Industries, Inc.",MEDICAL   ,10.0,5.5,55.0,2026-01-19,2026-04-14,14,2026-02-25,2026-03-11,ON_TIME,34.0,13.34028,0.2425505454545454,13.340279999999998,2026-03
64912,10,3132,MEDLINE CURAD NASAL TUBE HOLDER CURNASTUB50,MEDL      ,"Medline Industries, Inc.",MEDICAL   ,10.0,5.5,55.0,2026-01-19,2026-04-14,14,2026-02-25,2026-03-11,ON_TIME,34.0,13.34028,0.2425505454545454,13.340279999999998,2026-03
64913,10,3132,MEDLINE CURAD NASAL TUBE HOLDER CURNASTUB50,MEDL      ,"Medline Industries, Inc.",MEDICAL   ,10.0,5.5,55.0,2026-01-19,2026-04-14,14,2026-02-25,2026-03-11,ON_TIME,34.0,13.34028,0.2425505454545454,13.340279999999998,2026-03
64915,10,3132,MEDLINE CURAD NASAL TUBE HOLDER CURNASTUB50,MEDL      ,"Medline Industries, Inc.",MEDICAL   ,10.0,5.5,55.0,2026-01-19,2026-04-14,14,2026-02-25,2026-03-11,ON_TIME,34.0,13.34028,0.2425505454545454,13.340279999999998,2026-03
64940,10,3132,MEDLINE CURAD NASAL TUBE HOLDER CURNASTUB50,MEDL      ,"Medline Industries, Inc.",MEDICAL   ,40.0,5.5,220.0,2026-02-02,2026-04-28,14,2026-02-25,2026-03-11,ON_TIME,48.0,53.36112,0.2425505454545454,53.36111999999999,2026-03
64942,10,3132,MEDLINE CURAD NASAL TUBE HOLDER CURNASTUB50,MEDL      ,"Medline Industries, Inc.",MEDICAL   ,40.0,5.5,220.0,2026-02-02,2026-04-28,14,2026-02-25,2026-03-11,ON_TIME,48.0,53.36112,0.2425505454545454,53.36111999999999,2026-03
64944,10,3132,MEDLINE CURAD NASAL TUBE HOLDER CURNASTUB50,MEDL      ,"Medline Industries, Inc.",MEDICAL   ,70.0,5.5,385.0,2026-02-02,2026-04-28,14,2026-02-25,2026-03-11,ON_TIME,48.0,93.38196,0.2425505454545454,93.38195999999998,2026-03
64945,10,3132,MEDLINE CURAD NASAL TUBE HOLDER CURNASTUB50,MEDL      ,"Medline Industries, Inc.",MEDICAL   ,80.0,5.5,440.0,2026-02-02,2026-04-28,14,2026-02-25,2026-03-11,ON_TIME,48.0,106.72224,0.2425505454545454,106.72223999999999,2026-03
64946,10,3132,MEDLINE CURAD NASAL TUBE HOLDER CURNASTUB50,MEDL      ,"Medline Industries, Inc.",MEDICAL   ,60.0,5.5,330.0,2026-02-02,2026-04-28,14,2026-02-25,2026-03-11,ON_TIME,48.0,80.04168,0.2425505454545454,80.04167999999999,2026-03
64947,10,3132,MEDLINE CURAD NASAL TUBE HOLDER CURNASTUB50,MEDL      ,"Medline Industries, Inc.",MEDICAL   ,30.0,5.5,165.0,2026-02-02,2026-04-28,14,2026-02-25,2026-03-11,ON_TIME,48.0,40.02084,0.2425505454545454,40.02083999999999,2026-03
64951,10,3132,MEDLINE CURAD NASAL TUBE HOLDER CURNASTUB50,MEDL      ,"Medline Industries, Inc.",MEDICAL   ,100.0,5.5,550.0,2026-02-02,2026-04-28,14,2026-02-25,2026-03-11,ON_TIME,48.0,133.4028,0.2425505454545454,133.40279999999998,2026-03
64952,10,3132,MEDLINE CURAD NASAL TUBE HOLDER CURNASTUB50,MEDL      ,"Medline Industries, Inc.",MEDICAL   ,20.0,5.5,110.0,2026-02-02,2026-04-28,14,2026-02-25,2026-03-11,ON_TIME,48.0,26.68056,0.2425505454545454,26.680559999999996,2026-03
64953,10,3132,MEDLINE CURAD NASAL TUBE HOLDER CURNASTUB50,MEDL      ,"Medline Industries, Inc.",MEDICAL   ,40.0,5.5,220.0,2026-02-02,2026-04-28,14,2026-02-25,2026-03-11,ON_TIME,48.0,53.36112,0.2425505454545454,53.36111999999999,2026-03
64781,1,3958,Harmac Filter Disc P3113306 Rev E,HARMAC    ,"Harmac Medical Products, Inc",MEDICAL   ,108000.0,0.27,29160.0,2025-11-24,2026-02-23,0,2026-02-25,2026-02-25,LATE,-2.0,15230.484,0.5223074074074074,15230.484,2026-02
64816,1,3958,Harmac Filter Disc P3113306 Rev E,HARM IRE  ,Harmac Medical Products,MEDICAL   ,202500.0,0.27,54675.0,2025-12-09,2026-04-05,0,2026-02-25,2026-02-25,ON_TIME,39.0,28557.1575,0.5223074074074074,28557.1575,2026-02
64717,4,7486,"CARDINAL HEALTH TELFA ADHESIVE DRESSING 3""x4"" 7643",COVIDMA   ,Patient Recovery,MEDICAL   ,396.0,259.272,102671.71,2025-10-29,2026-02-13,0,2026-02-25,2026-02-25,LATE,-12.0,53730.614916,0.523324427628128,53730.61386935115,2026-02
64760,1,5670,MPM Regenecare HA Spray 4 fl.oz. MP00117,MPM       ,"MPM Medical, Inc.",Filling OP,7655.0,2.34,17912.7,2025-11-18,2025-11-18,0,2026-02-25,2026-02-25,LATE,-99.0,6002.285499999998,0.33508547008547,6002.285499999999,2026-02
64760,2,N-4009,Artwork Prep/Plate Fee(s),MPM       ,"MPM Medical, Inc.",MEDICAL   ,1.0,250.0,250.0,2025-11-18,2025-11-18,0,2026-02-25,2026-02-25,LATE,-99.0,,,,2026-02
64763,1,7489,"CARDINAL HEALTH TELFA NON-ADHERENT DRESSING 2""x3"" 1961",COVIDMA   ,Patient Recovery,MEDICAL   ,900.0,108.0,97200.0,2025-11-18,2026-03-12,0,2026-02-25,2026-02-25,ON_TIME,15.0,21212.9325,0.2182400462962963,21212.9325,2026-02
64856,20,5979,"MEDLINE SUREFILM 4"" X 11 YARDS MSC2404",MEDL      ,"Medline Industries, Inc.",MEDICAL   ,240.0,133.84,32121.6,2026-01-02,2026-03-31,0,2026-02-25,2026-02-25,ON_TIME,34.0,15156.725280000002,0.4718546174536761,15156.72528,2026-02
64967,2,7158,URGO - VASHE 1 L Flip Top 00322,URGO      ,URGO Medical,Filling OP,10002.0,5.28,52810.56,2026-02-05,2026-06-01,0,2026-02-25,2026-02-25,ON_TIME,96.0,27105.900096000005,0.5132666666666668,27105.900096000005,2026-02
64967,3,7157,URGO - VASHE 1 L Instill 00323,URGO      ,URGO Medical,Filling OP,10002.0,6.84,68413.68,2026-02-05,2026-06-01,0,2026-02-25,2026-02-25,ON_TIME,96.0,37737.16592399999,0.5516026315789473,37737.16592399999,2026-02
64499,1,4978,EMED SOFT-SITE TEGADERM DRESSING 112X51MM  MS-0010201,EMED      ,EMED Technologies Corp,MEDICAL   ,180000.0,0.1507,27126.0,2025-08-25,2026-05-01,0,2026-02-25,2026-02-25,ON_TIME,65.0,7341.12,0.2706303915063039,7341.12,2026-02
64927,1,7981,"4"" x 5"" Therabond 3D Island Dressing 3DAI-45",ARGENTUM  ,"Argentum Medical, LLC",MEDICAL   ,9000.0,1.27,11430.0,2026-01-23,2026-05-01,0,2026-02-25,2026-02-25,ON_TIME,65.0,11430.0,1.0,11430.0,2026-02
64927,2,7982,"2"" x 2"" Therabond 3D Island Dressing 3DAI-410",ARGENTUM  ,"Argentum Medical, LLC",MEDICAL   ,3000.0,0.56,1680.0,2026-01-23,2026-05-01,0,2026-02-25,2026-02-25,ON_TIME,65.0,1680.0000000000002,1.0,1680.0,2026-02
64927,3,7976,"4"" x 8"" Therabond 3D Island Dressing 3DAI-48",ARGENTUM  ,"Argentum Medical, LLC",MEDICAL   ,2300.0,1.75,4025.0,2026-01-23,2026-05-01,0,2026-02-25,2026-02-25,ON_TIME,65.0,4025.0,1.0,4025.0,2026-02
64927,4,7978,"4"" x 12"" Therabond 3D Island Dressing 3DAI-412",ARGENTUM  ,"Argentum Medical, LLC",MEDICAL   ,1890.0,2.13,4025.7,2026-01-23,2026-05-01,0,2026-02-25,2026-02-25,ON_TIME,65.0,4025.7,1.0,4025.7,2026-02
64880,1,3958,Harmac Filter Disc P3113306 Rev E,HARMAC    ,"Harmac Medical Products, Inc",MEDICAL   ,108000.0,0.27,29160.0,2026-01-08,2026-05-08,0,2026-02-25,2026-02-25,ON_TIME,72.0,15230.484,0.5223074074074074,15230.484,2026-02
64932,1,7795,PERIO AO ProRinse HYDRATING 10 oz,PERIO     ,PerioSciences,Filling OP,5000.0,3.0,15000.0,2026-01-28,2026-03-06,0,2026-02-25,2026-02-25,ON_TIME,9.0,5804.820000000001,0.386988,5804.82,2026-02
64995,10,5975,"MEDLINE SUREFILM 2"" X 11 YARDS MSC2402",MEDL      ,"Medline Industries, Inc.",MEDICAL   ,4.0,79.89,319.56,2026-02-16,2026-05-11,0,2026-02-25,2026-02-25,ON_TIME,75.0,173.612568,0.543286293653774,173.612568,2026-02
64996,10,3132,MEDLINE CURAD NASAL TUBE HOLDER CURNASTUB50,MEDL      ,"Medline Industries, Inc.",MEDICAL   ,20.0,5.5,110.0,2026-02-16,2026-05-11,14,2026-02-25,2026-03-11,ON_TIME,61.0,26.68056,0.2425505454545454,26.680559999999996,2026-03
64997,10,3132,MEDLINE CURAD NASAL TUBE HOLDER CURNASTUB50,MEDL      ,"Medline Industries, Inc.",MEDICAL   ,10.0,5.5,55.0,2026-02-16,2026-05-11,14,2026-02-25,2026-03-11,ON_TIME,61.0,13.34028,0.2425505454545454,13.340279999999998,2026-03
64998,10,3132,MEDLINE CURAD NASAL TUBE HOLDER CURNASTUB50,MEDL      ,"Medline Industries, Inc.",MEDICAL   ,20.0,5.5,110.0,2026-02-16,2026-05-11,14,2026-02-25,2026-03-11,ON_TIME,61.0,26.68056,0.2425505454545454,26.680559999999996,2026-03
65000,10,3132,MEDLINE CURAD NASAL TUBE HOLDER CURNASTUB50,MEDL      ,"Medline Industries, Inc.",MEDICAL   ,20.0,5.5,110.0,2026-02-16,2026-05-11,14,2026-02-25,2026-03-11,ON_TIME,61.0,26.68056,0.2425505454545454,26.680559999999996,2026-03
65002,10,3132,MEDLINE CURAD NASAL TUBE HOLDER CURNASTUB50,MEDL      ,"Medline Industries, Inc.",MEDICAL   ,20.0,5.5,110.0,2026-02-16,2026-05-11,14,2026-02-25,2026-03-11,ON_TIME,61.0,26.68056,0.2425505454545454,26.680559999999996,2026-03
64502,1,1917,EMED  2.375 X 2.75 PRTD DRESS,EMED      ,EMED Technologies Corp,MEDICAL   ,360000.0,0.12,43200.0,2025-08-25,2026-05-15,14,2026-02-25,2026-03-11,ON_TIME,65.0,18559.439999999995,0.4433036673975664,19150.718431574867,2026-03
64825,1,3917,KOB MEDICAL WC STRIPS 1/2 X 4 BULK NS 3/CD 46070945,KOB       ,KOB Medical Devices (Deutschland)GmbH,MEDICAL   ,10.0,1925.0,19250.0,2025-12-11,2026-05-15,14,2026-02-25,2026-03-11,ON_TIME,65.0,8028.055830000001,0.4170418612987013,8028.05583,2026-03
64933,1,7803,PERIO AO ProRinse NATURAL 10 oz,PERIO     ,PerioSciences,Filling OP,5000.0,2.54,12700.0,2026-01-28,2026-04-24,0,2026-02-25,2026-02-25,ON_TIME,58.0,-566.0299999999996,-0.0445692913385826,-566.0299999999991,2026-02
64970,1,7905,Iotech MR-HA- US 1L,IOTECH    ,Iotech International,Filling OP,15000.0,1.7,25500.0,2026-02-05,2026-05-15,0,2026-02-25,2026-02-25,ON_TIME,79.0,3520.155,0.138045294117647,3520.1549999999984,2026-02
64970,2,7906,Iotech STR-HA 16oz,IOTECH    ,Iotech International,Filling OP,15000.0,1.57,23550.0,2026-02-05,2026-05-15,0,2026-02-25,2026-02-25,ON_TIME,79.0,8342.355,0.354240127388535,8342.355,2026-02
64977,1,4557,PREVENA PEEL AND PLACE TEGADERM SHORT (13Cm)  # 416129 Rev E,KCI IRE   ,KCII-IRE-IRM,MEDICAL   ,40000.0,1.247,49880.0,2026-02-09,2026-06-01,0,2026-02-25,2026-02-25,ON_TIME,96.0,19807.000000000007,0.397093023255814,19807.000000000004,2026-02
64925,3,6007,ARGENTUM SILVERLON DRESSING 4.5X12  ID-512,ARGENTUM  ,"Argentum Medical, LLC",MEDICAL   ,4000.0,2.47,9880.0,2026-01-21,2026-03-27,15,2026-02-25,2026-03-12,ON_TIME,15.0,5743.512000000001,0.4033365168539326,3984.9647865168545,2026-03
64973,1,7983,Osteoremedies Branded 1.0oz BlastX 12 assembly Turnkey,Next Sci  ,OSARTIS GmbH,Default   ,43008.0,6.5,279552.0,2026-02-06,2026-03-15,0,2026-02-25,2026-02-25,ON_TIME,18.0,238151.424,0.8519038461538462,238151.424,2026-02
64973,2,7984,"Osteoremedies Branded Gel 0.25 oz, 40 assembly Turnkey",Next Sci  ,OSARTIS GmbH,Default   ,18500.0,2.57,47545.0,2026-02-06,2026-03-15,0,2026-02-25,2026-02-25,ON_TIME,18.0,30970.1655,0.6513863813229572,30970.165500000003,2026-02
64980,1,3424,"MPM Cool Magic Gel Sheet 6.0""x8.0"" OL MP00208",MPM       ,"MPM Medical, Inc.",MEDICAL   ,10000.0,6.3,63000.0,2026-02-09,,14,2026-02-25,2026-03-11,NO_DEADLINE,,14266.97,0.2264598412698412,14266.969999999996,2026-03
64983,1,3423,"MPM Cool Magic Gel Sheet 3.75""x3.75"" OL MP00206",MPM       ,"MPM Medical, Inc.",MEDICAL   ,24000.0,2.07,49680.0,2026-02-11,2026-05-11,14,2026-02-25,2026-03-11,ON_TIME,61.0,13616.375999999997,0.2740816425120773,13616.376,2026-03
64857,1,6145,MEDLINE/GLORY SUN SAFE SECURE FOAM BASE,GlorySun  ,"Mingguang Glory Sun Precision Technology Co., Ltd.",MEDICAL   ,130000.0,0.36,46800.0,2026-01-05,2026-03-02,0,2026-02-25,2026-02-25,ON_TIME,5.0,21851.18,0.4669055555555555,21851.179999999997,2026-02
64976,2,5660,MPM Antiseptic Wound & Skin Cleanser 8 fl.oz. MP00032,MPM       ,"MPM Medical, Inc.",Filling OP,9200.0,2.2,20240.0,2026-02-09,,0,2026-02-25,2026-02-25,NO_DEADLINE,,7483.537600000002,0.36974,7483.537600000001,2026-02
64421,1,7236,HARMAC PRTD DRAPE ASSEMBLY W/LABEL - P3113251 Rev B.,HARMAC    ,"Harmac Medical Products, Inc",Drape&Mask,40000.0,0.5322,21288.0,2025-07-24,2026-05-29,0,2026-02-25,2026-02-25,ON_TIME,93.0,11752.280000000002,0.5520612551672305,11752.280000000002,2026-02
64834,1,7488,"CARDINAL HEALTH TELFA NON-ADHERENT DRESSING 3""x4"" 2132",COVIDMA   ,Patient Recovery,MEDICAL   ,1080.0,170.4,184032.0,2025-12-22,2026-04-16,0,2026-02-25,2026-02-25,ON_TIME,50.0,21385.04004,0.1162028345070422,21385.040039999993,2026-02
64969,1,7558,ioTech ioRinse AC 1 liter,IOTECH    ,Iotech International,Filling OP,15000.0,1.7,25500.0,2026-02-05,2026-05-31,0,2026-02-25,2026-02-25,ON_TIME,95.0,19670.865,0.7714064705882353,19670.865,2026-02
64969,2,7559,ioTech ioRinse AC 16oz,IOTECH    ,Iotech International,Filling OP,15000.0,1.57,23550.0,2026-02-05,2026-05-31,0,2026-02-25,2026-02-25,ON_TIME,95.0,17667.930000000004,0.7502305732484077,17667.93,2026-02
64142,1,7769,PERIOSCIENCES AO ProRinse SENSITIVE 10 oz,PERIO     ,PerioSciences,Filling OP,5250.0,2.61,13702.5,2025-05-06,2026-01-15,0,2026-02-25,2026-02-25,LATE,-41.0,6865.724249999999,0.5010563218390804,6865.72425,2026-02
64142,2,7794,PERIOSCIENCES AO ProRinse SENSITIVE 32 oz,PERIO     ,PerioSciences,Filling OP,300.0,6.75,2025.0,2025-05-06,2026-01-15,0,2026-02-25,2026-02-25,LATE,-41.0,850.9122000000001,0.4202035555555556,850.9122000000001,2026-02
64879,1,5045,FREUDENBERG 30cm X 47cm Nonwoven Sheets 122P0463,FREUD     ,Freudenberg Performance Materials LP,MEDICAL   ,25000.0,1.63,40750.0,2026-01-07,2026-06-05,0,2026-02-25,2026-02-25,ON_TIME,100.0,14909.999999999996,0.3658895705521471,14909.999999999995,2026-02
64893,1,3958,Harmac Filter Disc P3113306 Rev E,HARM IRE  ,Harmac Medical Products,MEDICAL   ,202500.0,0.27,54675.0,2026-01-13,2026-06-06,0,2026-02-25,2026-02-25,ON_TIME,101.0,28557.1575,0.5223074074074074,28557.1575,2026-02
64972,1,7811,PERIO AO ProRinse WHITE CARE 10 oz,PERIO     ,PerioSciences,Filling OP,5250.0,2.65,13912.5,2026-02-05,,0,2026-02-25,2026-02-25,NO_DEADLINE,,13912.5,1.0,13912.5,2026-02
64972,2,7812,PERIO AO ProRinse WHITE CARE 32 oz,PERIO     ,PerioSciences,Filling OP,200.0,6.95,1390.0,2026-02-05,,0,2026-02-25,2026-02-25,NO_DEADLINE,,1390.0,1.0,1390.0,2026-02
64192,1,5341,ISI EXTRA LARGE ALUMI-HAND 761,ISI       ,Instrument Specialists Inc,MEDICAL   ,5245.0,11.6,60842.0,2025-05-16,2026-05-15,0,2026-02-25,2026-02-25,ON_TIME,79.0,25118.362695,0.4517934905660377,27488.019553018865,2026-02
64503,1,1917,EMED  2.375 X 2.75 PRTD DRESS,EMED      ,EMED Technologies Corp,MEDICAL   ,360000.0,0.12,43200.0,2025-08-25,2026-06-30,14,2026-02-25,2026-03-11,ON_TIME,111.0,18559.439999999995,0.4433036673975664,19150.718431574867,2026-03
64187,1,5342,ISI LARGE ALUMI-HAND 760,ISI       ,Instrument Specialists Inc,MEDICAL   ,6900.0,8.47,58443.0,2025-05-16,2026-04-15,0,2026-02-25,2026-02-25,ON_TIME,49.0,21331.598400000003,0.4014981818181818,23464.75824,2026-02
64978,1,4804,"KCI PEEL AND PLACE PREVENA LONG (35Cm)-416697, Rev D",KCI IRE   ,KCII-IRE-IRM,MEDICAL   ,20000.0,3.4189,68378.0,2026-02-09,2026-07-22,0,2026-02-25,2026-02-25,ON_TIME,147.0,37319.49999999999,0.5457822691508964,37319.5,2026-02
64917,1,7236,HARMAC PRTD DRAPE ASSEMBLY W/LABEL - P3113251 Rev C.,HARMAC    ,"Harmac Medical Products, Inc",Drape&Mask,50000.0,0.5322,26610.0,2026-01-20,2026-05-26,0,2026-02-25,2026-02-25,ON_TIME,90.0,14690.350000000002,0.5520612551672305,14690.350000000002,2026-02
64918,1,7236,HARMAC PRTD DRAPE ASSEMBLY W/LABEL - P3113251 Rev C.,HARMAC    ,"Harmac Medical Products, Inc",Drape&Mask,50000.0,0.5322,26610.0,2026-01-20,2026-06-22,0,2026-02-25,2026-02-25,ON_TIME,117.0,14690.350000000002,0.5520612551672305,14690.350000000002,2026-02
64140,1,7751,PERIOSCIENCES AO PROVANTAGE GEL 30 mL,PERIO     ,PerioSciences,Filling OP,35000.0,4.15,145250.0,2025-05-06,2026-02-20,0,2026-02-25,2026-02-25,LATE,-5.0,57469.125000000015,0.3956566265060242,57469.125000000015,2026-02
64140,2,7738,PERIOSCIENCES AO PROVANTAGE GEL 15ml,PERIO     ,PerioSciences,Filling OP,20000.0,2.58,51600.0,2025-05-06,2026-02-20,0,2026-02-25,2026-02-25,LATE,-5.0,28537.74,0.5530569767441861,28537.74,2026-02
64919,1,7236,HARMAC PRTD DRAPE ASSEMBLY W/LABEL - P3113251 Rev C.,HARMAC    ,"Harmac Medical Products, Inc",Drape&Mask,50000.0,0.5322,26610.0,2026-01-20,2026-08-03,0,2026-02-25,2026-02-25,ON_TIME,159.0,14690.350000000002,0.5520612551672305,14690.350000000002,2026-02
64680,1,3850,MEDISTRIP 1/2 IN X 4 IN BULK NONSTERILE 3/CD,MEDL SLOV ,Medline Assembly Slovakia S.R.O,MEDICAL   ,2.0,1943.0,3886.0,2025-10-14,,14,2026-02-25,2026-03-11,NO_DEADLINE,,1509.4444560000002,0.3884314091610911,1509.444456,2026-03
64680,2,3853,MEDISTRIP 1 IN X 4 IN BULK NON-STERILE,MEDL SLOV ,Medline Assembly Slovakia S.R.O,MEDICAL   ,3.0,196.5,589.5,2025-10-14,,14,2026-02-25,2026-03-11,NO_DEADLINE,,187.528545,0.3181145801526717,187.52854499999995,2026-03
64680,3,3849,MEDISTRIP 1/4 IN X 1.5 IN BULK NON-STERILE,MEDL SLOV ,Medline Assembly Slovakia S.R.O,MEDICAL   ,1.0,165.0,165.0,2025-10-14,,14,2026-02-25,2026-03-11,NO_DEADLINE,,4.008499999999998,0.0242939393939393,4.008499999999985,2026-03
64689,1,3850,MEDISTRIP 1/2 IN X 4 IN BULK NONSTERILE 3/CD,MEDL EURO ,Medline Assembly France SAS,MEDICAL   ,3.0,1943.0,5829.0,2025-10-20,2025-12-28,14,2026-02-25,2026-03-11,LATE,-73.0,2264.1666840000003,0.3884314091610911,2264.166684,2026-03
64689,2,3851,MEDISTRIP 1/4 IN X 4 IN BULK NON-STERILE 5/CD,MEDL EURO ,Medline Assembly France SAS,MEDICAL   ,2.0,195.0,390.0,2025-10-20,2025-12-28,14,2026-02-25,2026-03-11,LATE,-73.0,-11.602495999999974,-0.0297499897435896,-11.602495999999944,2026-03
64689,3,3852,MEDISTRIP 1/4 IN X 3 IN BULK NON-STERILE,MEDL EURO ,Medline Assembly France SAS,MEDICAL   ,1.0,119.0,119.0,2025-10-20,2025-12-28,14,2026-02-25,2026-03-11,LATE,-73.0,50.6335,0.4254915966386554,50.63349999999999,2026-03
64690,1,610,MEDISTRIP 1 IN X 4 IN BULK,MEDL      ,"Medline Industries, Inc.",MEDICAL   ,1.0,196.5,196.5,2025-10-21,2026-01-04,14,2026-02-25,2026-03-11,LATE,-66.0,73.85871,0.3758712977099236,73.85870999999999,2026-03
64692,1,610,MEDISTRIP 1 IN X 4 IN BULK,MEDL      ,"Medline Industries, Inc.",MEDICAL   ,2.0,196.5,393.0,2025-10-21,2025-12-27,14,2026-02-25,2026-03-11,LATE,-74.0,147.71742,0.3758712977099236,147.71741999999998,2026-03
64692,2,606,MEDISTRIP 1/8 IN X 3 IN BULK,MEDL      ,"Medline Industries, Inc.",MEDICAL   ,1.0,193.8,193.8,2025-10-21,2025-12-27,14,2026-02-25,2026-03-11,LATE,-74.0,59.89146500000001,0.3090374871001032,59.891465000000004,2026-03
64694,1,609,MEDISTRIP 1/4 IN X 3 IN BULK,MEDL      ,"Medline Industries, Inc.",MEDICAL   ,18.0,119.0,2142.0,2025-10-21,2026-01-23,14,2026-02-25,2026-03-11,LATE,-47.0,893.6976600000002,0.4172257983193277,893.6976599999999,2026-03
64712,1,3850,MEDISTRIP 1/2 IN X 4 IN BULK NONSTERILE 3/CD,MEDL SLOV ,Medline Assembly Slovakia S.R.O,MEDICAL   ,1.0,1943.0,1943.0,2025-10-27,2026-01-04,14,2026-02-25,2026-03-11,LATE,-66.0,754.7222280000001,0.3884314091610911,754.722228,2026-03
64712,2,3851,MEDISTRIP 1/4 IN X 4 IN BULK NON-STERILE 5/CD,MEDL SLOV ,Medline Assembly Slovakia S.R.O,MEDICAL   ,3.0,195.0,585.0,2025-10-27,2026-01-04,14,2026-02-25,2026-03-11,LATE,-66.0,-17.40374399999996,-0.0297499897435896,-17.403743999999918,2026-03
64712,3,3852,MEDISTRIP 1/4 IN X 3 IN BULK NON-STERILE,MEDL SLOV ,Medline Assembly Slovakia S.R.O,MEDICAL   ,1.0,119.0,119.0,2025-10-27,2026-01-04,14,2026-02-25,2026-03-11,LATE,-66.0,50.6335,0.4254915966386554,50.63349999999999,2026-03
64712,4,3853,MEDISTRIP 1 IN X 4 IN BULK NON-STERILE,MEDL SLOV ,Medline Assembly Slovakia S.R.O,MEDICAL   ,4.0,196.5,786.0,2025-10-27,2026-01-04,14,2026-02-25,2026-03-11,LATE,-66.0,250.03806,0.3181145801526717,250.03805999999994,2026-03
64715,1,609,MEDISTRIP 1/4 IN X 3 IN BULK,MEDL      ,"Medline Industries, Inc.",MEDICAL   ,8.0,119.0,952.0,2025-10-28,2025-12-06,14,2026-02-25,2026-03-11,LATE,-95.0,397.19896000000006,0.4172257983193277,397.19896,2026-03
64725,1,610,MEDISTRIP 1 IN X 4 IN BULK,MEDL      ,"Medline Industries, Inc.",MEDICAL   ,2.0,196.5,393.0,2025-11-05,2026-01-11,14,2026-02-25,2026-03-11,LATE,-59.0,147.71742,0.3758712977099236,147.71741999999998,2026-03
64726,1,610,MEDISTRIP 1 IN X 4 IN BULK,MEDL      ,"Medline Industries, Inc.",MEDICAL   ,3.0,196.5,589.5,2025-11-05,2026-01-09,14,2026-02-25,2026-03-11,LATE,-61.0,221.57613,0.3758712977099236,221.57612999999998,2026-03
64744,1,609,MEDISTRIP 1/4 IN X 3 IN BULK,CENTURION ,Centurion Medical Products Corp,MEDICAL   ,4.0,119.0,476.0,2025-11-11,2026-04-20,14,2026-02-25,2026-03-11,ON_TIME,40.0,198.59948000000003,0.4172257983193277,198.59948,2026-03
64744,2,610,MEDISTRIP 1 IN X 4 IN BULK,CENTURION ,Centurion Medical Products Corp,MEDICAL   ,18.0,196.5,3537.0,2025-11-11,2026-04-20,14,2026-02-25,2026-03-11,ON_TIME,40.0,1329.45678,0.3758712977099236,1329.4567799999998,2026-03
64747,1,609,MEDISTRIP 1/4 IN X 3 IN BULK,MEDL      ,"Medline Industries, Inc.",MEDICAL   ,8.0,119.0,952.0,2025-11-12,2025-12-20,14,2026-02-25,2026-03-11,LATE,-81.0,397.19896000000006,0.4172257983193277,397.19896,2026-03
64748,1,610,MEDISTRIP 1 IN X 4 IN BULK,MEDL      ,"Medline Industries, Inc.",MEDICAL   ,2.0,196.5,393.0,2025-11-12,2026-01-18,14,2026-02-25,2026-03-11,LATE,-52.0,147.71742,0.3758712977099236,147.71741999999998,2026-03
64750,1,610,MEDISTRIP 1 IN X 4 IN BULK,MEDL      ,"Medline Industries, Inc.",MEDICAL   ,3.0,196.5,589.5,2025-11-12,2026-01-16,14,2026-02-25,2026-03-11,LATE,-54.0,221.57613,0.3758712977099236,221.57612999999998,2026-03
64761,1,3850,MEDISTRIP 1/2 IN X 4 IN BULK NONSTERILE 3/CD,MEDL EURO ,Medline Assembly France SAS,MEDICAL   ,4.0,1943.0,7772.0,2025-11-18,2026-01-26,14,2026-02-25,2026-03-11,LATE,-44.0,3018.8889120000003,0.3884314091610911,3018.888912,2026-03
64761,2,3851,MEDISTRIP 1/4 IN X 4 IN BULK NON-STERILE 5/CD,MEDL EURO ,Medline Assembly France SAS,MEDICAL   ,3.0,195.0,585.0,2025-11-18,2026-01-26,14,2026-02-25,2026-03-11,LATE,-44.0,-17.40374399999996,-0.0297499897435896,-17.403743999999918,2026-03
64761,3,3852,MEDISTRIP 1/4 IN X 3 IN BULK NON-STERILE,MEDL EURO ,Medline Assembly France SAS,MEDICAL   ,1.0,119.0,119.0,2025-11-18,2026-01-26,14,2026-02-25,2026-03-11,LATE,-44.0,50.6335,0.4254915966386554,50.63349999999999,2026-03
64761,4,3853,MEDISTRIP 1 IN X 4 IN BULK NON-STERILE,MEDL EURO ,Medline Assembly France SAS,MEDICAL   ,1.0,196.5,196.5,2025-11-18,2026-01-26,14,2026-02-25,2026-03-11,LATE,-44.0,62.50951499999999,0.3181145801526717,62.509514999999986,2026-03
64791,1,610,MEDISTRIP 1 IN X 4 IN BULK,MEDL      ,"Medline Industries, Inc.",MEDICAL   ,1.0,196.5,196.5,2025-12-03,2026-01-19,14,2026-02-25,2026-03-11,LATE,-51.0,73.85871,0.3758712977099236,73.85870999999999,2026-03
64798,1,3849,MEDISTRIP 1/4 IN X 1.5 IN BULK NON-STERILE,MEDL SLOV ,Medline Assembly Slovakia S.R.O,MEDICAL   ,2.0,165.0,330.0,2025-12-08,2026-02-18,14,2026-02-25,2026-03-11,LATE,-21.0,8.016999999999996,0.0242939393939393,8.01699999999997,2026-03
64798,2,3850,MEDISTRIP 1/2 IN X 4 IN BULK NONSTERILE 3/CD,MEDL SLOV ,Medline Assembly Slovakia S.R.O,MEDICAL   ,2.0,1943.0,3886.0,2025-12-08,2026-02-18,14,2026-02-25,2026-03-11,LATE,-21.0,1509.4444560000002,0.3884314091610911,1509.444456,2026-03
64798,3,3851,MEDISTRIP 1/4 IN X 4 IN BULK NON-STERILE 5/CD,MEDL SLOV ,Medline Assembly Slovakia S.R.O,MEDICAL   ,3.0,195.0,585.0,2025-12-08,2026-02-18,14,2026-02-25,2026-03-11,LATE,-21.0,-17.40374399999996,-0.0297499897435896,-17.403743999999918,2026-03
64798,4,3853,MEDISTRIP 1 IN X 4 IN BULK NON-STERILE,MEDL SLOV ,Medline Assembly Slovakia S.R.O,MEDICAL   ,6.0,196.5,1179.0,2025-12-08,2026-02-18,14,2026-02-25,2026-03-11,LATE,-21.0,375.05709,0.3181145801526717,375.0570899999999,2026-03
64817,1,610,MEDISTRIP 1 IN X 4 IN BULK,MEDL      ,"Medline Industries, Inc.",MEDICAL   ,1.0,196.5,196.5,2025-12-10,2026-02-23,14,2026-02-25,2026-03-11,LATE,-16.0,73.85871,0.3758712977099236,73.85870999999999,2026-03
64819,1,610,MEDISTRIP 1 IN X 4 IN BULK,MEDL      ,"Medline Industries, Inc.",MEDICAL   ,6.0,196.5,1179.0,2025-12-10,2026-02-18,14,2026-02-25,2026-03-11,LATE,-21.0,443.15226,0.3758712977099236,443.15225999999996,2026-03
64819,2,606,MEDISTRIP 1/8 IN X 3 IN BULK,MEDL      ,"Medline Industries, Inc.",MEDICAL   ,1.0,193.8,193.8,2025-12-10,2026-02-18,14,2026-02-25,2026-03-11,LATE,-21.0,59.89146500000001,0.3090374871001032,59.891465000000004,2026-03
64821,2,609,MEDISTRIP 1/4 IN X 3 IN BULK,MEDL      ,"Medline Industries, Inc.",MEDICAL   ,16.0,119.0,1904.0,2025-12-10,2026-03-14,14,2026-02-25,2026-03-11,ON_TIME,3.0,794.3979200000001,0.4172257983193277,794.39792,2026-03
64821,3,606,MEDISTRIP 1/8 IN X 3 IN BULK,MEDL      ,"Medline Industries, Inc.",MEDICAL   ,1.0,193.8,193.8,2025-12-10,2026-03-14,14,2026-02-25,2026-03-11,ON_TIME,3.0,59.89146500000001,0.3090374871001032,59.891465000000004,2026-03
64823,1,610,MEDISTRIP 1 IN X 4 IN BULK,MEDL      ,"Medline Industries, Inc.",MEDICAL   ,4.0,196.5,786.0,2025-12-10,2026-02-13,14,2026-02-25,2026-03-11,LATE,-26.0,295.43484,0.3758712977099236,295.43483999999995,2026-03
64829,1,610,MEDISTRIP 1 IN X 4 IN BULK,MEDL      ,"Medline Industries, Inc.",MEDICAL   ,4.0,196.5,786.0,2025-12-17,2026-02-23,14,2026-02-25,2026-03-11,LATE,-16.0,295.43484,0.3758712977099236,295.43483999999995,2026-03
64835,1,3850,MEDISTRIP 1/2 IN X 4 IN BULK NONSTERILE 3/CD,MEDL EURO ,Medline Assembly France SAS,MEDICAL   ,1.0,1943.0,1943.0,2025-12-23,2026-03-01,14,2026-02-25,2026-03-11,LATE,-10.0,754.7222280000001,0.3884314091610911,754.722228,2026-03
64835,2,3851,MEDISTRIP 1/4 IN X 4 IN BULK NON-STERILE 5/CD,MEDL EURO ,Medline Assembly France SAS,MEDICAL   ,1.0,195.0,195.0,2025-12-23,2026-03-01,14,2026-02-25,2026-03-11,LATE,-10.0,-5.801247999999987,-0.0297499897435896,-5.801247999999972,2026-03
64835,3,3853,MEDISTRIP 1 IN X 4 IN BULK NON-STERILE,MEDL EURO ,Medline Assembly France SAS,MEDICAL   ,1.0,196.5,196.5,2025-12-23,2026-03-01,14,2026-02-25,2026-03-11,LATE,-10.0,62.50951499999999,0.3181145801526717,62.509514999999986,2026-03
64837,1,609,MEDISTRIP 1/4 IN X 3 IN BULK,MEDL      ,"Medline Industries, Inc.",MEDICAL   ,1.0,119.0,119.0,2025-12-23,2026-03-06,14,2026-02-25,2026-03-11,LATE,-5.0,49.64987000000001,0.4172257983193277,49.64987,2026-03
64840,1,609,MEDISTRIP 1/4 IN X 3 IN BULK,MEDL      ,"Medline Industries, Inc.",MEDICAL   ,10.0,119.0,1190.0,2025-12-29,2026-02-03,14,2026-02-25,2026-03-11,LATE,-36.0,496.4987000000001,0.4172257983193277,496.4987,2026-03
64841,1,610,MEDISTRIP 1 IN X 4 IN BULK,MEDL      ,"Medline Industries, Inc.",MEDICAL   ,3.0,196.5,589.5,2025-12-29,2026-03-01,14,2026-02-25,2026-03-11,LATE,-10.0,221.57613,0.3758712977099236,221.57612999999998,2026-03
64845,1,3849,MEDISTRIP 1/4 IN X 1.5 IN BULK NON-STERILE,MEDL SLOV ,Medline Assembly Slovakia S.R.O,MEDICAL   ,5.0,165.0,825.0,2025-12-29,2026-01-25,14,2026-02-25,2026-03-11,LATE,-45.0,20.04249999999999,0.0242939393939393,20.042499999999922,2026-03
64845,2,3850,MEDISTRIP 1/2 IN X 4 IN BULK NONSTERILE 3/CD,MEDL SLOV ,Medline Assembly Slovakia S.R.O,MEDICAL   ,2.0,1943.0,3886.0,2025-12-29,2026-01-25,14,2026-02-25,2026-03-11,LATE,-45.0,1509.4444560000002,0.3884314091610911,1509.444456,2026-03
64845,3,3851,MEDISTRIP 1/4 IN X 4 IN BULK NON-STERILE 5/CD,MEDL SLOV ,Medline Assembly Slovakia S.R.O,MEDICAL   ,2.0,195.0,390.0,2025-12-29,2026-01-25,14,2026-02-25,2026-03-11,LATE,-45.0,-11.602495999999974,-0.0297499897435896,-11.602495999999944,2026-03
64845,4,3853,MEDISTRIP 1 IN X 4 IN BULK NON-STERILE,MEDL SLOV ,Medline Assembly Slovakia S.R.O,MEDICAL   ,2.0,196.5,393.0,2025-12-29,2026-01-25,14,2026-02-25,2026-03-11,LATE,-45.0,125.01903,0.3181145801526717,125.01902999999997,2026-03
64850,2,609,MEDISTRIP 1/4 IN X 3 IN BULK,MEDL      ,"Medline Industries, Inc.",MEDICAL   ,1.0,119.0,119.0,2025-12-30,2026-04-06,14,2026-02-25,2026-03-11,ON_TIME,26.0,49.64987000000001,0.4172257983193277,49.64987,2026-03
64872,1,609,MEDISTRIP 1/4 IN X 3 IN BULK,MEDL      ,"Medline Industries, Inc.",MEDICAL   ,8.0,119.0,952.0,2026-01-06,2026-02-13,14,2026-02-25,2026-03-11,LATE,-26.0,397.19896000000006,0.4172257983193277,397.19896,2026-03
64890,1,3850,MEDISTRIP 1/2 IN X 4 IN BULK NONSTERILE 3/CD,MEDL EURO ,Medline Assembly France SAS,MEDICAL   ,2.0,1943.0,3886.0,2026-01-13,2026-03-22,14,2026-02-25,2026-03-11,ON_TIME,11.0,1509.4444560000002,0.3884314091610911,1509.444456,2026-03
64890,2,3851,MEDISTRIP 1/4 IN X 4 IN BULK NON-STERILE 5/CD,MEDL EURO ,Medline Assembly France SAS,MEDICAL   ,4.0,195.0,780.0,2026-01-13,2026-03-22,14,2026-02-25,2026-03-11,ON_TIME,11.0,-23.204991999999947,-0.0297499897435896,-23.204991999999887,2026-03
64890,3,3852,MEDISTRIP 1/4 IN X 3 IN BULK NON-STERILE,MEDL EURO ,Medline Assembly France SAS,MEDICAL   ,1.0,119.0,119.0,2026-01-13,2026-03-22,14,2026-02-25,2026-03-11,ON_TIME,11.0,50.6335,0.4254915966386554,50.63349999999999,2026-03
64896,1,606,MEDISTRIP 1/8 IN X 3 IN BULK,MEDL      ,"Medline Industries, Inc.",MEDICAL   ,1.0,193.8,193.8,2026-01-13,2026-03-21,14,2026-02-25,2026-03-11,ON_TIME,10.0,59.89146500000001,0.3090374871001032,59.891465000000004,2026-03
64902,1,3849,MEDISTRIP 1/4 IN X 1.5 IN BULK NON-STERILE,MEDL SLOV ,Medline Assembly Slovakia S.R.O,MEDICAL   ,2.0,165.0,330.0,2026-01-19,2026-03-29,14,2026-02-25,2026-03-11,ON_TIME,18.0,8.016999999999996,0.0242939393939393,8.01699999999997,2026-03
64902,2,3850,MEDISTRIP 1/2 IN X 4 IN BULK NONSTERILE 3/CD,MEDL SLOV ,Medline Assembly Slovakia S.R.O,MEDICAL   ,4.0,1943.0,7772.0,2026-01-19,2026-03-29,14,2026-02-25,2026-03-11,ON_TIME,18.0,3018.8889120000003,0.3884314091610911,3018.888912,2026-03
64902,3,3851,MEDISTRIP 1/4 IN X 4 IN BULK NON-STERILE 5/CD,MEDL SLOV ,Medline Assembly Slovakia S.R.O,MEDICAL   ,2.0,195.0,390.0,2026-01-19,2026-03-29,14,2026-02-25,2026-03-11,ON_TIME,18.0,-11.602495999999974,-0.0297499897435896,-11.602495999999944,2026-03
64902,4,3852,MEDISTRIP 1/4 IN X 3 IN BULK NON-STERILE,MEDL SLOV ,Medline Assembly Slovakia S.R.O,MEDICAL   ,4.0,119.0,476.0,2026-01-19,2026-03-29,14,2026-02-25,2026-03-11,ON_TIME,18.0,202.534,0.4254915966386554,202.53399999999996,2026-03
64902,5,3853,MEDISTRIP 1 IN X 4 IN BULK NON-STERILE,MEDL SLOV ,Medline Assembly Slovakia S.R.O,MEDICAL   ,6.0,196.5,1179.0,2026-01-19,2026-03-29,14,2026-02-25,2026-03-11,ON_TIME,18.0,375.05709,0.3181145801526717,375.0570899999999,2026-03
64916,1,609,MEDISTRIP 1/4 IN X 3 IN BULK,MEDL      ,"Medline Industries, Inc.",MEDICAL   ,10.0,119.0,1190.0,2026-01-20,2026-02-28,14,2026-02-25,2026-03-11,LATE,-11.0,496.4987000000001,0.4172257983193277,496.4987,2026-03
64922,1,609,MEDISTRIP 1/4 IN X 3 IN BULK,MEDL      ,"Medline Industries, Inc.",MEDICAL   ,13.0,119.0,1547.0,2026-01-20,2026-04-26,14,2026-02-25,2026-03-11,ON_TIME,46.0,645.4483100000001,0.4172257983193277,645.44831,2026-03
64929,1,609,MEDISTRIP 1/4 IN X 3 IN BULK,MEDL      ,"Medline Industries, Inc.",MEDICAL   ,8.0,119.0,952.0,2026-01-27,2026-03-07,14,2026-02-25,2026-03-11,LATE,-4.0,397.19896000000006,0.4172257983193277,397.19896,2026-03
64930,1,609,MEDISTRIP 1/4 IN X 3 IN BULK,MEDL      ,"Medline Industries, Inc.",MEDICAL   ,74.0,119.0,8806.0,2026-01-27,2026-05-02,14,2026-02-25,2026-03-11,ON_TIME,52.0,3674.090380000001,0.4172257983193277,3674.0903799999996,2026-03
64960,1,610,MEDISTRIP 1 IN X 4 IN BULK,MEDL      ,"Medline Industries, Inc.",MEDICAL   ,3.0,196.5,589.5,2026-02-04,2026-04-13,14,2026-02-25,2026-03-11,ON_TIME,33.0,221.57613,0.3758712977099236,221.57612999999998,2026-03
64971,1,3849,MEDISTRIP 1/4 IN X 1.5 IN BULK NON-STERILE,MEDL SLOV ,Medline Assembly Slovakia S.R.O,MEDICAL   ,1.0,165.0,165.0,2026-02-05,2026-04-12,14,2026-02-25,2026-03-11,ON_TIME,32.0,4.008499999999998,0.0242939393939393,4.008499999999985,2026-03
64971,2,3850,MEDISTRIP 1/2 IN X 4 IN BULK NONSTERILE 3/CD,MEDL SLOV ,Medline Assembly Slovakia S.R.O,MEDICAL   ,3.0,1943.0,5829.0,2026-02-05,2026-04-12,14,2026-02-25,2026-03-11,ON_TIME,32.0,2264.1666840000003,0.3884314091610911,2264.166684,2026-03
64971,3,3851,MEDISTRIP 1/4 IN X 4 IN BULK NON-STERILE 5/CD,MEDL SLOV ,Medline Assembly Slovakia S.R.O,MEDICAL   ,1.0,195.0,195.0,2026-02-05,2026-04-12,14,2026-02-25,2026-03-11,ON_TIME,32.0,-5.801247999999987,-0.0297499897435896,-5.801247999999972,2026-03
64971,4,3852,MEDISTRIP 1/4 IN X 3 IN BULK NON-STERILE,MEDL SLOV ,Medline Assembly Slovakia S.R.O,MEDICAL   ,3.0,119.0,357.0,2026-02-05,2026-04-12,14,2026-02-25,2026-03-11,ON_TIME,32.0,151.9005,0.4254915966386554,151.90049999999997,2026-03
64971,5,3853,MEDISTRIP 1 IN X 4 IN BULK NON-STERILE,MEDL SLOV ,Medline Assembly Slovakia S.R.O,MEDICAL   ,5.0,196.5,982.5,2026-02-05,2026-04-12,14,2026-02-25,2026-03-11,ON_TIME,32.0,312.54757499999994,0.3181145801526717,312.54757499999994,2026-03
64974,1,3849,MEDISTRIP 1/4 IN X 1.5 IN BULK NON-STERILE,MEDL EURO ,Medline Assembly France SAS,MEDICAL   ,1.0,165.0,165.0,2026-02-06,2026-04-13,14,2026-02-25,2026-03-11,ON_TIME,33.0,4.008499999999998,0.0242939393939393,4.008499999999985,2026-03
64974,2,3850,MEDISTRIP 1/2 IN X 4 IN BULK NONSTERILE 3/CD,MEDL EURO ,Medline Assembly France SAS,MEDICAL   ,4.0,1943.0,7772.0,2026-02-06,2026-04-13,14,2026-02-25,2026-03-11,ON_TIME,33.0,3018.8889120000003,0.3884314091610911,3018.888912,2026-03
64974,3,3851,MEDISTRIP 1/4 IN X 4 IN BULK NON-STERILE 5/CD,MEDL EURO ,Medline Assembly France SAS,MEDICAL   ,5.0,195.0,975.0,2026-02-06,2026-04-13,14,2026-02-25,2026-03-11,ON_TIME,33.0,-29.00623999999993,-0.0297499897435896,-29.00623999999986,2026-03
64974,4,3852,MEDISTRIP 1/4 IN X 3 IN BULK NON-STERILE,MEDL EURO ,Medline Assembly France SAS,MEDICAL   ,1.0,119.0,119.0,2026-02-06,2026-04-13,14,2026-02-25,2026-03-11,ON_TIME,33.0,50.6335,0.4254915966386554,50.63349999999999,2026-03
64974,5,3853,MEDISTRIP 1 IN X 4 IN BULK NON-STERILE,MEDL EURO ,Medline Assembly France SAS,MEDICAL   ,2.0,196.5,393.0,2026-02-06,2026-04-13,14,2026-02-25,2026-03-11,ON_TIME,33.0,125.01903,0.3181145801526717,125.01902999999997,2026-03
64982,1,606,MEDISTRIP 1/8 IN X 3 IN BULK,MEDL      ,"Medline Industries, Inc.",MEDICAL   ,1.0,193.8,193.8,2026-02-10,2026-05-26,14,2026-02-25,2026-03-11,ON_TIME,76.0,59.89146500000001,0.3090374871001032,59.891465000000004,2026-03
64728,1,7235,HARMAC PRTD DRAPE ASSEMBLY P3113231 REV.C  (ROW),HARM IRE  ,Harmac Medical Products,Drape&Mask,120000.0,0.5211,62532.0,2025-11-06,2026-03-07,0,2026-02-25,2026-02-25,ON_TIME,10.0,38329.920000000006,0.6129648819804261,38329.920000000006,2026-02
64729,1,7235,HARMAC PRTD DRAPE ASSEMBLY P3113231 REV.C  (ROW),HARM IRE  ,Harmac Medical Products,Drape&Mask,120000.0,0.5211,62532.0,2025-11-06,2026-04-05,0,2026-02-25,2026-02-25,ON_TIME,39.0,38329.920000000006,0.6129648819804261,38329.920000000006,2026-02
64193,1,5341,ISI EXTRA LARGE ALUMI-HAND 761,ISI       ,Instrument Specialists Inc,MEDICAL   ,5245.0,11.6,60842.0,2025-05-16,2026-08-01,0,2026-02-25,2026-02-25,ON_TIME,157.0,25118.362695,0.4517934905660377,27488.019553018865,2026-02
64920,1,7236,HARMAC PRTD DRAPE ASSEMBLY W/LABEL - P3113251 Rev C.,HARMAC    ,"Harmac Medical Products, Inc",Drape&Mask,90000.0,0.5322,47898.0,2026-01-20,2026-09-08,0,2026-02-25,2026-02-25,ON_TIME,195.0,26442.630000000005,0.5520612551672305,26442.630000000005,2026-02
64934,1,4978,EMED SOFT-SITE TEGADERM DRESSING 112X51MM  MS-0010201,EMED      ,EMED Technologies Corp,MEDICAL   ,140000.0,0.1507,21098.0,2026-01-29,2026-09-14,0,2026-02-25,2026-02-25,ON_TIME,201.0,5709.76,0.2706303915063039,5709.76,2026-02
64178,2,7833,O&M Basic Zinc Paste 4oz,REMEDIUM  ,"Remedium Healthcare Products, LLC",Filling OP,15000.0,1.52,22800.0,2025-05-12,,0,2026-02-25,2026-02-25,NO_DEADLINE,,22800.0,1.0,22800.0,2026-02
64928,1,7981,"4"" x 5"" Therabond 3D Island Dressing 3DAI-45",ARGENTUM  ,"Argentum Medical, LLC",MEDICAL   ,6750.0,1.27,8572.5,2026-01-23,2026-10-01,0,2026-02-25,2026-02-25,ON_TIME,218.0,8572.5,1.0,8572.5,2026-02
64928,2,7982,"2"" x 2"" Therabond 3D Island Dressing 3DAI-22",ARGENTUM  ,"Argentum Medical, LLC",MEDICAL   ,9000.0,0.56,5040.0,2026-01-23,2026-10-01,0,2026-02-25,2026-02-25,ON_TIME,218.0,5040.000000000001,1.0,5040.0,2026-02
64928,3,7976,"4"" x 8"" Therabond 3D Island Dressing 3DAI-48",ARGENTUM  ,"Argentum Medical, LLC",MEDICAL   ,2300.0,1.75,4025.0,2026-01-23,2026-10-01,0,2026-02-25,2026-02-25,ON_TIME,218.0,4025.0,1.0,4025.0,2026-02
64928,4,7978,"4"" x 12"" Therabond 3D Island Dressing 3DAI-412",ARGENTUM  ,"Argentum Medical, LLC",MEDICAL   ,1890.0,3.78,7144.2,2026-01-23,2026-10-01,0,2026-02-25,2026-02-25,ON_TIME,218.0,4025.7,1.0,7144.2,2026-02
64928,5,7980,"4"" x 10"" Therabond 3D Island Dressing 3DAI-410",ARGENTUM  ,"Argentum Medical, LLC",MEDICAL   ,2000.0,2.7,5400.0,2026-01-23,2026-10-01,0,2026-02-25,2026-02-25,ON_TIME,218.0,5400.0,1.0,5400.0,2026-02
64928,6,7975,"4"" x 6"" Therabond 3D Island Dressing 3DAI-46",ARGENTUM  ,"Argentum Medical, LLC",MEDICAL   ,6065.0,1.32,8005.8,2026-01-23,2026-10-01,0,2026-02-25,2026-02-25,ON_TIME,218.0,8005.8,1.0,8005.8,2026-02
64928,8,7979,"4"" x 14"" Therabond 3D Island Dressing 3DAIXS-412",ARGENTUM  ,"Argentum Medical, LLC",MEDICAL   ,1000.0,2.2,2200.0,2026-01-23,2026-10-01,0,2026-02-25,2026-02-25,ON_TIME,218.0,2200.0,1.0,2200.0,2026-02
64928,9,N-4001,Excess Material Charges DM-2002 & DM-4009,ARGENTUM  ,"Argentum Medical, LLC",MEDICAL   ,1.0,13339.02,13339.02,2026-01-23,2026-10-01,0,2026-02-25,2026-02-25,ON_TIME,218.0,,,,2026-02
64928,10,7987,"4"" x 10"" Therabond 3D Island Dressing 3DAIXS-410",ARGENTUM  ,"Argentum Medical, LLC",MEDICAL   ,1000.0,2.7,2700.0,2026-01-23,2026-10-01,0,2026-02-25,2026-02-25,ON_TIME,218.0,2700.0,1.0,2700.0,2026-02
64935,1,4978,EMED SOFT-SITE TEGADERM DRESSING 112X51MM  MS-0010201,EMED      ,EMED Technologies Corp,MEDICAL   ,140000.0,0.1507,21098.0,2026-01-29,2026-10-14,0,2026-02-25,2026-02-25,ON_TIME,231.0,5709.76,0.2706303915063039,5709.76,2026-02
64892,1,7235,HARMAC PRTD DRAPE ASSEMBLY P3113231 REV.C  (ROW),HARM IRE  ,Harmac Medical Products,Drape&Mask,240000.0,0.5211,125064.0,2026-01-13,2026-06-20,0,2026-02-25,2026-02-25,ON_TIME,115.0,76659.84000000001,0.6129648819804261,76659.84000000001,2026-02
64189,1,5342,ISI LARGE ALUMI-HAND 760,ISI       ,Instrument Specialists Inc,MEDICAL   ,6900.0,8.47,58443.0,2025-05-16,2026-08-15,0,2026-02-25,2026-02-25,ON_TIME,171.0,21331.598400000003,0.4014981818181818,23464.75824,2026-02
64194,1,5341,ISI EXTRA LARGE ALUMI-HAND 761,ISI       ,Instrument Specialists Inc,MEDICAL   ,5245.0,11.6,60842.0,2025-05-16,2026-10-15,0,2026-02-25,2026-02-25,ON_TIME,232.0,25118.362695,0.4517934905660377,27488.019553018865,2026-02
64936,1,4978,EMED SOFT-SITE TEGADERM DRESSING 112X51MM  MS-0010201,EMED      ,EMED Technologies Corp,MEDICAL   ,120000.0,0.1507,18084.0,2026-01-29,2026-11-17,0,2026-02-25,2026-02-25,ON_TIME,265.0,4894.08,0.2706303915063039,4894.08,2026-02
63545,50,6010,MEDLINE CURAD MEDISTRIP 1/2 X 4 IN STERILE NON250412,MEDL      ,"Medline Industries, Inc.",MEDICAL   ,300.0,102.0,30600.0,2024-11-22,2025-02-21,14,2026-02-25,2026-03-11,LATE,-383.0,9958.8996,0.3254542352941176,9958.899599999999,2026-03
63551,10,6010,MEDLINE CURAD MEDISTRIP 1/2 X 4 IN STERILE NON250412,MEDL      ,"Medline Industries, Inc.",MEDICAL   ,50.0,102.0,5100.0,2024-11-22,2025-02-21,14,2026-02-25,2026-03-11,LATE,-383.0,1659.8166,0.3254542352941176,1659.8165999999997,2026-03
63564,30,6010,MEDLINE CURAD MEDISTRIP 1/2 X 4 IN STERILE NON250412,MEDL      ,"Medline Industries, Inc.",MEDICAL   ,75.0,102.0,7650.0,2024-11-22,2025-02-21,14,2026-02-25,2026-03-11,LATE,-383.0,2489.7249,0.3254542352941176,2489.7248999999997,2026-03
63614,10,6011,MEDLINE CURAD MEDISTRIP 1/4 X 4 IN STERILE NON250414,MEDL      ,"Medline Industries, Inc.",MEDICAL   ,5.0,127.14,635.7,2024-12-10,2025-03-10,14,2026-02-25,2026-03-11,LATE,-366.0,290.00435500000003,0.4561968774579204,290.00435500000003,2026-03
63616,60,6010,MEDLINE CURAD MEDISTRIP 1/2 X 4 IN STERILE NON250412,MEDL      ,"Medline Industries, Inc.",MEDICAL   ,25.0,102.0,2550.0,2024-12-10,2025-03-10,14,2026-02-25,2026-03-11,LATE,-366.0,829.9082999999999,0.3254542352941176,829.9082999999998,2026-03
63619,40,6010,MEDLINE CURAD MEDISTRIP 1/2 X 4 IN STERILE NON250412,MEDL      ,"Medline Industries, Inc.",MEDICAL   ,50.0,102.0,5100.0,2024-12-10,2025-03-10,14,2026-02-25,2026-03-11,LATE,-366.0,1659.8166,0.3254542352941176,1659.8165999999997,2026-03
63622,40,6011,MEDLINE CURAD MEDISTRIP 1/4 X 4 IN STERILE NON250414,MEDL      ,"Medline Industries, Inc.",MEDICAL   ,17.0,127.14,2161.38,2024-12-10,2025-03-10,14,2026-02-25,2026-03-11,LATE,-366.0,986.014807,0.4561968774579204,986.0148070000001,2026-03
63659,10,6011,MEDLINE CURAD MEDISTRIP 1/4 X 4 IN STERILE NON250414,MEDL      ,"Medline Industries, Inc.",MEDICAL   ,26.0,127.14,3305.64,2024-12-19,2025-03-19,14,2026-02-25,2026-03-11,LATE,-357.0,1508.022646,0.4561968774579204,1508.0226460000001,2026-03
63661,30,6011,MEDLINE CURAD MEDISTRIP 1/4 X 4 IN STERILE NON250414,MEDL      ,"Medline Industries, Inc.",MEDICAL   ,16.0,127.14,2034.24,2024-12-19,2025-03-19,14,2026-02-25,2026-03-11,LATE,-357.0,928.013936,0.4561968774579204,928.0139360000001,2026-03
63670,20,6010,MEDLINE CURAD MEDISTRIP 1/2 X 4 IN STERILE NON250412,MEDL      ,"Medline Industries, Inc.",MEDICAL   ,25.0,102.0,2550.0,2024-12-19,2025-03-19,14,2026-02-25,2026-03-11,LATE,-357.0,829.9082999999999,0.3254542352941176,829.9082999999998,2026-03
63671,10,6011,MEDLINE CURAD MEDISTRIP 1/4 X 4 IN STERILE NON250414,MEDL      ,"Medline Industries, Inc.",MEDICAL   ,2.0,127.14,254.28,2024-12-19,2025-03-19,14,2026-02-25,2026-03-11,LATE,-357.0,116.001742,0.4561968774579204,116.00174200000001,2026-03
63685,1,6010,MEDLINE CURAD MEDISTRIP 1/2 X 4 IN STERILE NON250412,MEDL      ,"Medline Industries, Inc.",MEDICAL   ,20.0,102.0,2040.0,2024-12-30,2025-04-08,14,2026-02-25,2026-03-11,LATE,-337.0,663.9266399999999,0.3254542352941176,663.9266399999999,2026-03
63687,1,6010,MEDLINE CURAD MEDISTRIP 1/2 X 4 IN STERILE NON250412,MEDL      ,"Medline Industries, Inc.",MEDICAL   ,19.0,102.0,1938.0,2024-12-30,2025-03-28,14,2026-02-25,2026-03-11,LATE,-348.0,630.7303079999999,0.3254542352941176,630.7303079999999,2026-03
63693,1,6010,MEDLINE CURAD MEDISTRIP 1/2 X 4 IN STERILE NON250412,MEDL      ,"Medline Industries, Inc.",MEDICAL   ,8.0,102.0,816.0,2025-01-02,2025-04-05,14,2026-02-25,2026-03-11,LATE,-340.0,265.570656,0.3254542352941176,265.570656,2026-03
63703,10,6011,MEDLINE CURAD MEDISTRIP 1/4 X 4 IN STERILE NON250414,MEDL      ,"Medline Industries, Inc.",MEDICAL   ,1.0,127.14,127.14,2025-01-07,2025-04-03,14,2026-02-25,2026-03-11,LATE,-342.0,58.000871,0.4561968774579204,58.000871000000004,2026-03
63712,20,6010,MEDLINE CURAD MEDISTRIP 1/2 X 4 IN STERILE NON250412,MEDL      ,"Medline Industries, Inc.",MEDICAL   ,25.0,102.0,2550.0,2025-01-07,2025-04-03,14,2026-02-25,2026-03-11,LATE,-342.0,829.9082999999999,0.3254542352941176,829.9082999999998,2026-03
63762,10,6011,MEDLINE CURAD MEDISTRIP 1/4 X 4 IN STERILE NON250414,MEDL      ,"Medline Industries, Inc.",MEDICAL   ,2.0,127.14,254.28,2025-01-21,2025-04-16,14,2026-02-25,2026-03-11,LATE,-329.0,116.001742,0.4561968774579204,116.00174200000001,2026-03
63763,30,6010,MEDLINE CURAD MEDISTRIP 1/2 X 4 IN STERILE NON250412,MEDL      ,"Medline Industries, Inc.",MEDICAL   ,25.0,102.0,2550.0,2025-01-21,2025-04-16,14,2026-02-25,2026-03-11,LATE,-329.0,829.9082999999999,0.3254542352941176,829.9082999999998,2026-03
63766,1,6010,MEDLINE CURAD MEDISTRIP 1/2 X 4 IN STERILE NON250412,MEDL      ,"Medline Industries, Inc.",MEDICAL   ,20.0,102.0,2040.0,2025-01-22,2025-05-04,14,2026-02-25,2026-03-11,LATE,-311.0,663.9266399999999,0.3254542352941176,663.9266399999999,2026-03
63801,20,6010,MEDLINE CURAD MEDISTRIP 1/2 X 4 IN STERILE NON250412,MEDL      ,"Medline Industries, Inc.",MEDICAL   ,23.0,102.0,2346.0,2025-02-04,2025-04-30,14,2026-02-25,2026-03-11,LATE,-315.0,763.515636,0.3254542352941176,763.5156359999999,2026-03
63806,1,6011,MEDLINE CURAD MEDISTRIP 1/4 X 4 IN STERILE NON250414,MEDL      ,"Medline Industries, Inc.",MEDICAL   ,1.0,127.14,127.14,2025-02-04,2025-05-09,14,2026-02-25,2026-03-11,LATE,-306.0,58.000871,0.4561968774579204,58.000871000000004,2026-03
63808,1,6010,MEDLINE CURAD MEDISTRIP 1/2 X 4 IN STERILE NON250412,MEDL      ,"Medline Industries, Inc.",MEDICAL   ,9.0,102.0,918.0,2025-02-04,2025-05-06,14,2026-02-25,2026-03-11,LATE,-309.0,298.766988,0.3254542352941176,298.76698799999997,2026-03
63839,10,6010,MEDLINE CURAD MEDISTRIP 1/2 X 4 IN STERILE NON250412,MEDL      ,"Medline Industries, Inc.",MEDICAL   ,1.0,102.0,102.0,2025-02-18,2025-05-13,14,2026-02-25,2026-03-11,LATE,-302.0,33.196332,0.3254542352941176,33.196332,2026-03
63842,30,6010,MEDLINE CURAD MEDISTRIP 1/2 X 4 IN STERILE NON250412,MEDL      ,"Medline Industries, Inc.",MEDICAL   ,25.0,102.0,2550.0,2025-02-18,2025-05-13,14,2026-02-25,2026-03-11,LATE,-302.0,829.9082999999999,0.3254542352941176,829.9082999999998,2026-03
63893,10,6010,MEDLINE CURAD MEDISTRIP 1/2 X 4 IN STERILE NON250412,MEDL      ,"Medline Industries, Inc.",MEDICAL   ,2.0,102.0,204.0,2025-03-04,2025-05-28,14,2026-02-25,2026-03-11,LATE,-287.0,66.392664,0.3254542352941176,66.392664,2026-03
63898,10,6013,MEDLINE CURAD MEDI STRIP 1 X 5 NON250501,MEDL      ,"Medline Industries, Inc.",MEDICAL   ,7.0,123.0,861.0,2025-03-04,2025-05-28,14,2026-02-25,2026-03-11,LATE,-287.0,420.383369,0.4882501382113821,420.38336899999996,2026-03
63900,30,6010,MEDLINE CURAD MEDISTRIP 1/2 X 4 IN STERILE NON250412,MEDL      ,"Medline Industries, Inc.",MEDICAL   ,25.0,102.0,2550.0,2025-03-04,2025-05-28,14,2026-02-25,2026-03-11,LATE,-287.0,829.9082999999999,0.3254542352941176,829.9082999999998,2026-03
63900,40,6013,MEDLINE CURAD MEDI STRIP 1 X 5 NON250501,MEDL      ,"Medline Industries, Inc.",MEDICAL   ,14.0,123.0,1722.0,2025-03-04,2025-05-28,14,2026-02-25,2026-03-11,LATE,-287.0,840.766738,0.4882501382113821,840.7667379999999,2026-03
63903,20,6010,MEDLINE CURAD MEDISTRIP 1/2 X 4 IN STERILE NON250412,MEDL      ,"Medline Industries, Inc.",MEDICAL   ,25.0,102.0,2550.0,2025-03-04,2025-05-28,14,2026-02-25,2026-03-11,LATE,-287.0,829.9082999999999,0.3254542352941176,829.9082999999998,2026-03
63944,20,6010,MEDLINE CURAD MEDISTRIP 1/2 X 4 IN STERILE NON250412,MEDL      ,"Medline Industries, Inc.",MEDICAL   ,25.0,102.0,2550.0,2025-03-18,2025-06-11,14,2026-02-25,2026-03-11,LATE,-273.0,829.9082999999999,0.3254542352941176,829.9082999999998,2026-03
63946,30,6010,MEDLINE CURAD MEDISTRIP 1/2 X 4 IN STERILE NON250412,MEDL      ,"Medline Industries, Inc.",MEDICAL   ,25.0,102.0,2550.0,2025-03-18,2025-06-11,14,2026-02-25,2026-03-11,LATE,-273.0,829.9082999999999,0.3254542352941176,829.9082999999998,2026-03
63970,1,6011,MEDLINE CURAD MEDISTRIP 1/4 X 4 IN STERILE NON250414,MEDL      ,"Medline Industries, Inc.",MEDICAL   ,1.0,127.14,127.14,2025-03-18,2025-06-17,14,2026-02-25,2026-03-11,LATE,-267.0,58.000871,0.4561968774579204,58.000871000000004,2026-03
64004,1,6011,MEDLINE CURAD MEDISTRIP 1/4 X 4 IN STERILE NON250414,MEDL      ,"Medline Industries, Inc.",MEDICAL   ,2.0,127.14,254.28,2025-04-01,2025-07-04,14,2026-02-25,2026-03-11,LATE,-250.0,116.001742,0.4561968774579204,116.00174200000001,2026-03
64051,1,6010,MEDLINE CURAD MEDISTRIP 1/2 X 4 IN STERILE NON250412,MEDL      ,"Medline Industries, Inc.",MEDICAL   ,20.0,102.0,2040.0,2025-04-10,2025-07-21,14,2026-02-25,2026-03-11,LATE,-233.0,663.9266399999999,0.3254542352941176,663.9266399999999,2026-03
64072,10,6010,MEDLINE CURAD MEDISTRIP 1/2 X 4 IN STERILE NON250412,MEDL      ,"Medline Industries, Inc.",MEDICAL   ,1.0,102.0,102.0,2025-04-14,2025-07-09,14,2026-02-25,2026-03-11,LATE,-245.0,33.196332,0.3254542352941176,33.196332,2026-03
64074,30,6010,MEDLINE CURAD MEDISTRIP 1/2 X 4 IN STERILE NON250412,MEDL      ,"Medline Industries, Inc.",MEDICAL   ,4.0,102.0,408.0,2025-04-14,2025-07-09,14,2026-02-25,2026-03-11,LATE,-245.0,132.785328,0.3254542352941176,132.785328,2026-03
64076,30,6012,MEDLINE CURAD MEDISTRIP 1/4 X 3 IN STERILE NON250314,MEDL      ,"Medline Industries, Inc.",MEDICAL   ,7.0,66.77,467.39,2025-04-14,2025-07-09,14,2026-02-25,2026-03-11,LATE,-245.0,333.153625,0.7127957915231391,333.153625,2026-03
64076,40,6009,MEDLINE CURAD MEDISTRIP 1/8 X 3 IN STERILE NON250318,MEDL      ,"Medline Industries, Inc.",MEDICAL   ,2.0,63.44,126.88,2025-04-14,2025-07-09,14,2026-02-25,2026-03-11,LATE,-245.0,5.827585999999997,0.0459299022698612,5.827585999999989,2026-03
64076,50,6010,MEDLINE CURAD MEDISTRIP 1/2 X 4 IN STERILE NON250412,MEDL      ,"Medline Industries, Inc.",MEDICAL   ,25.0,102.0,2550.0,2025-04-14,2025-07-09,14,2026-02-25,2026-03-11,LATE,-245.0,829.9082999999999,0.3254542352941176,829.9082999999998,2026-03
64078,10,6010,MEDLINE CURAD MEDISTRIP 1/2 X 4 IN STERILE NON250412,MEDL      ,"Medline Industries, Inc.",MEDICAL   ,1.0,102.0,102.0,2025-04-14,2025-07-09,14,2026-02-25,2026-03-11,LATE,-245.0,33.196332,0.3254542352941176,33.196332,2026-03
64079,30,6012,MEDLINE CURAD MEDISTRIP 1/4 X 3 IN STERILE NON250314,MEDL      ,"Medline Industries, Inc.",MEDICAL   ,356.0,66.77,23770.12,2025-04-14,2025-07-09,14,2026-02-25,2026-03-11,LATE,-245.0,16943.241499999996,0.7127957915231391,16943.2415,2026-03
64079,40,6010,MEDLINE CURAD MEDISTRIP 1/2 X 4 IN STERILE NON250412,MEDL      ,"Medline Industries, Inc.",MEDICAL   ,25.0,102.0,2550.0,2025-04-14,2025-07-09,14,2026-02-25,2026-03-11,LATE,-245.0,829.9082999999999,0.3254542352941176,829.9082999999998,2026-03
64081,30,6013,MEDLINE CURAD MEDI STRIP 1 X 5 NON250501,MEDL      ,"Medline Industries, Inc.",MEDICAL   ,14.0,123.0,1722.0,2025-04-14,2025-07-09,14,2026-02-25,2026-03-11,LATE,-245.0,840.766738,0.4882501382113821,840.7667379999999,2026-03
64082,20,6013,MEDLINE CURAD MEDI STRIP 1 X 5 NON250501,MEDL      ,"Medline Industries, Inc.",MEDICAL   ,11.0,123.0,1353.0,2025-04-14,2025-07-09,14,2026-02-25,2026-03-11,LATE,-245.0,660.602437,0.4882501382113821,660.602437,2026-03
64083,10,6013,MEDLINE CURAD MEDI STRIP 1 X 5 NON250501,MEDL      ,"Medline Industries, Inc.",MEDICAL   ,11.0,123.0,1353.0,2025-04-14,2025-07-09,14,2026-02-25,2026-03-11,LATE,-245.0,660.602437,0.4882501382113821,660.602437,2026-03
64085,10,6013,MEDLINE CURAD MEDI STRIP 1 X 5 NON250501,MEDL      ,"Medline Industries, Inc.",MEDICAL   ,10.0,123.0,1230.0,2025-04-14,2025-07-09,14,2026-02-25,2026-03-11,LATE,-245.0,600.5476699999999,0.4882501382113821,600.5476699999999,2026-03
64087,50,6013,MEDLINE CURAD MEDI STRIP 1 X 5 NON250501,MEDL      ,"Medline Industries, Inc.",MEDICAL   ,11.0,123.0,1353.0,2025-04-14,2025-07-09,14,2026-02-25,2026-03-11,LATE,-245.0,660.602437,0.4882501382113821,660.602437,2026-03
64088,10,6012,MEDLINE CURAD MEDISTRIP 1/4 X 3 IN STERILE NON250314,MEDL      ,"Medline Industries, Inc.",MEDICAL   ,9.0,66.77,600.93,2025-04-14,2025-07-09,14,2026-02-25,2026-03-11,LATE,-245.0,428.340375,0.7127957915231391,428.34037499999994,2026-03
64089,30,6012,MEDLINE CURAD MEDISTRIP 1/4 X 3 IN STERILE NON250314,MEDL      ,"Medline Industries, Inc.",MEDICAL   ,4.0,66.77,267.08,2025-04-14,2025-07-09,14,2026-02-25,2026-03-11,LATE,-245.0,190.3735,0.7127957915231391,190.37349999999998,2026-03
64089,50,6013,MEDLINE CURAD MEDI STRIP 1 X 5 NON250501,MEDL      ,"Medline Industries, Inc.",MEDICAL   ,2.0,123.0,246.0,2025-04-14,2025-07-09,14,2026-02-25,2026-03-11,LATE,-245.0,120.109534,0.4882501382113821,120.109534,2026-03
64090,20,6012,MEDLINE CURAD MEDISTRIP 1/4 X 3 IN STERILE NON250314,MEDL      ,"Medline Industries, Inc.",MEDICAL   ,5.0,66.77,333.85,2025-04-14,2025-07-09,14,2026-02-25,2026-03-11,LATE,-245.0,237.966875,0.7127957915231391,237.96687500000002,2026-03
64090,30,6013,MEDLINE CURAD MEDI STRIP 1 X 5 NON250501,MEDL      ,"Medline Industries, Inc.",MEDICAL   ,3.0,123.0,369.0,2025-04-14,2025-07-09,14,2026-02-25,2026-03-11,LATE,-245.0,180.164301,0.4882501382113821,180.164301,2026-03
64093,30,6008,"MEDLINE CURAD MEDISTRIP 1/4 X 1.5 IN, STERILE NON250114",MEDL      ,"Medline Industries, Inc.",MEDICAL   ,7.0,71.94,503.58,2025-04-14,2025-07-09,14,2026-02-25,2026-03-11,LATE,-245.0,253.606633,0.5036074367528496,253.606633,2026-03
64093,40,6009,MEDLINE CURAD MEDISTRIP 1/8 X 3 IN STERILE NON250318,MEDL      ,"Medline Industries, Inc.",MEDICAL   ,5.0,63.44,317.2,2025-04-14,2025-07-09,14,2026-02-25,2026-03-11,LATE,-245.0,14.568964999999992,0.0459299022698612,14.568964999999972,2026-03
64093,50,6013,MEDLINE CURAD MEDI STRIP 1 X 5 NON250501,MEDL      ,"Medline Industries, Inc.",MEDICAL   ,30.0,123.0,3690.0,2025-04-14,2025-07-09,14,2026-02-25,2026-03-11,LATE,-245.0,1801.64301,0.4882501382113821,1801.6430099999998,2026-03
64094,10,6013,MEDLINE CURAD MEDI STRIP 1 X 5 NON250501,MEDL      ,"Medline Industries, Inc.",MEDICAL   ,13.0,123.0,1599.0,2025-04-14,2025-07-09,14,2026-02-25,2026-03-11,LATE,-245.0,780.711971,0.4882501382113821,780.711971,2026-03
64095,20,6010,MEDLINE CURAD MEDISTRIP 1/2 X 4 IN STERILE NON250412,MEDL      ,"Medline Industries, Inc.",MEDICAL   ,50.0,102.0,5100.0,2025-04-14,2025-07-09,14,2026-02-25,2026-03-11,LATE,-245.0,1659.8166,0.3254542352941176,1659.8165999999997,2026-03
64095,30,6013,MEDLINE CURAD MEDI STRIP 1 X 5 NON250501,MEDL      ,"Medline Industries, Inc.",MEDICAL   ,4.0,123.0,492.0,2025-04-14,2025-07-09,14,2026-02-25,2026-03-11,LATE,-245.0,240.219068,0.4882501382113821,240.219068,2026-03
64096,20,6013,MEDLINE CURAD MEDI STRIP 1 X 5 NON250501,MEDL      ,"Medline Industries, Inc.",MEDICAL   ,11.0,123.0,1353.0,2025-04-14,2025-07-09,14,2026-02-25,2026-03-11,LATE,-245.0,660.602437,0.4882501382113821,660.602437,2026-03
64132,1,6010,MEDLINE CURAD MEDISTRIP 1/2 X 4 IN STERILE NON250412,MEDL      ,"Medline Industries, Inc.",MEDICAL   ,1.0,102.0,102.0,2025-04-29,2025-08-04,14,2026-02-25,2026-03-11,LATE,-219.0,33.196332,0.3254542352941176,33.196332,2026-03
64180,1,6010,MEDLINE CURAD MEDISTRIP 1/2 X 4 IN STERILE NON250412,MEDL      ,"Medline Industries, Inc.",MEDICAL   ,20.0,102.0,2040.0,2025-05-13,2025-08-19,14,2026-02-25,2026-03-11,LATE,-204.0,663.9266399999999,0.3254542352941176,663.9266399999999,2026-03
64209,1,6010,MEDLINE CURAD MEDISTRIP 1/2 X 4 IN STERILE NON250412,MEDL      ,"Medline Industries, Inc.",MEDICAL   ,1.0,102.0,102.0,2025-05-21,2025-08-25,14,2026-02-25,2026-03-11,LATE,-198.0,33.196332,0.3254542352941176,33.196332,2026-03
64243,1,6012,MEDLINE CURAD MEDISTRIP 1/4 X 3 IN STERILE NON250314,MEDL      ,"Medline Industries, Inc.",MEDICAL   ,1.0,66.77,66.77,2025-06-03,2025-09-02,14,2026-02-25,2026-03-11,LATE,-190.0,47.593375,0.7127957915231391,47.593374999999995,2026-03
64322,1,6010,MEDLINE CURAD MEDISTRIP 1/2 X 4 IN STERILE NON250412,MEDL      ,"Medline Industries, Inc.",MEDICAL   ,20.0,102.0,2040.0,2025-06-24,2025-09-30,14,2026-02-25,2026-03-11,LATE,-162.0,663.9266399999999,0.3254542352941176,663.9266399999999,2026-03
64324,1,6010,MEDLINE CURAD MEDISTRIP 1/2 X 4 IN STERILE NON250412,MEDL      ,"Medline Industries, Inc.",MEDICAL   ,25.0,102.0,2550.0,2025-06-24,2025-09-23,14,2026-02-25,2026-03-11,LATE,-169.0,829.9082999999999,0.3254542352941176,829.9082999999998,2026-03
64332,1,6013,MEDLINE CURAD MEDI STRIP 1 X 5 NON250501,MEDL      ,"Medline Industries, Inc.",MEDICAL   ,21.0,123.0,2583.0,2025-07-01,,14,2026-02-25,2026-03-11,NO_DEADLINE,,1261.150107,0.4882501382113821,1261.150107,2026-03
64333,1,6010,MEDLINE CURAD MEDISTRIP 1/2 X 4 IN STERILE NON250412,MEDL      ,"Medline Industries, Inc.",MEDICAL   ,8.0,102.0,816.0,2025-07-01,2025-09-30,14,2026-02-25,2026-03-11,LATE,-162.0,265.570656,0.3254542352941176,265.570656,2026-03
64334,1,6013,MEDLINE CURAD MEDI STRIP 1 X 5 NON250501,MEDL      ,"Medline Industries, Inc.",MEDICAL   ,14.0,123.0,1722.0,2025-07-01,2025-10-12,14,2026-02-25,2026-03-11,LATE,-150.0,840.766738,0.4882501382113821,840.7667379999999,2026-03
64355,1,6013,MEDLINE CURAD MEDI STRIP 1 X 5 NON250501,MEDL      ,"Medline Industries, Inc.",MEDICAL   ,19.0,123.0,2337.0,2025-07-08,2025-10-19,14,2026-02-25,2026-03-11,LATE,-143.0,1141.040573,0.4882501382113821,1141.040573,2026-03
64371,2,6010,MEDLINE CURAD MEDISTRIP 1/2 X 4 IN STERILE NON250412,MEDL      ,"Medline Industries, Inc.",MEDICAL   ,1.0,102.0,102.0,2025-07-15,2025-10-18,14,2026-02-25,2026-03-11,LATE,-144.0,33.196332,0.3254542352941176,33.196332,2026-03
64375,1,6013,MEDLINE CURAD MEDI STRIP 1 X 5 NON250501,MEDL      ,"Medline Industries, Inc.",MEDICAL   ,5.0,123.0,615.0,2025-07-15,2025-10-27,14,2026-02-25,2026-03-11,LATE,-135.0,300.273835,0.4882501382113821,300.27383499999996,2026-03
64161,10,5116,MEDLINE OPTIFOAM THIN 2X3 MSC1523EP,MEDL      ,"Medline Industries, Inc.",MEDICAL   ,1.0,63.42,63.42,2025-05-12,2025-08-06,0,2026-02-25,2026-02-25,LATE,-203.0,22.052907000000005,0.3477279564806055,22.052907,2026-02
64162,10,5116,MEDLINE OPTIFOAM THIN 2X3 MSC1523EP,MEDL      ,"Medline Industries, Inc.",MEDICAL   ,3.0,63.42,190.26,2025-05-12,2025-08-06,0,2026-02-25,2026-02-25,LATE,-203.0,66.15872100000001,0.3477279564806055,66.158721,2026-02
64168,20,5116,MEDLINE OPTIFOAM THIN 2X3 MSC1523EP,MEDL      ,"Medline Industries, Inc.",MEDICAL   ,7.0,63.42,443.94,2025-05-12,2025-08-06,0,2026-02-25,2026-02-25,LATE,-203.0,154.37034900000003,0.3477279564806055,154.370349,2026-02
64175,20,5116,MEDLINE OPTIFOAM THIN 2X3 MSC1523EP,MEDL      ,"Medline Industries, Inc.",MEDICAL   ,12.0,63.42,761.04,2025-05-12,2025-08-06,0,2026-02-25,2026-02-25,LATE,-203.0,264.63488400000006,0.3477279564806055,264.634884,2026-02
64226,10,5116,MEDLINE OPTIFOAM THIN 2X3 MSC1523EP,MEDL      ,"Medline Industries, Inc.",MEDICAL   ,2.0,63.42,126.84,2025-05-27,2025-08-20,0,2026-02-25,2026-02-25,LATE,-189.0,44.10581400000001,0.3477279564806055,44.105814,2026-02
64254,20,5116,MEDLINE OPTIFOAM THIN 2X3 MSC1523EP,MEDL      ,"Medline Industries, Inc.",MEDICAL   ,2.0,63.42,126.84,2025-06-09,2025-09-03,0,2026-02-25,2026-02-25,LATE,-175.0,44.10581400000001,0.3477279564806055,44.105814,2026-02
64315,30,5116,MEDLINE OPTIFOAM THIN 2X3 MSC1523EP,MEDL      ,"Medline Industries, Inc.",MEDICAL   ,1.0,63.42,63.42,2025-06-23,2025-09-17,0,2026-02-25,2026-02-25,LATE,-161.0,22.052907000000005,0.3477279564806055,22.052907,2026-02
64349,10,5116,MEDLINE OPTIFOAM THIN 2X3 MSC1523EP,MEDL      ,"Medline Industries, Inc.",MEDICAL   ,4.0,63.42,253.68,2025-07-07,2025-09-30,0,2026-02-25,2026-02-25,LATE,-148.0,88.21162800000002,0.3477279564806055,88.211628,2026-02
64390,10,5116,MEDLINE OPTIFOAM THIN 2X3 MSC1523EP,MEDL      ,"Medline Industries, Inc.",MEDICAL   ,3.0,63.42,190.26,2025-07-21,2025-10-15,0,2026-02-25,2026-02-25,LATE,-133.0,66.15872100000001,0.3477279564806055,66.158721,2026-02
64393,10,5116,MEDLINE OPTIFOAM THIN 2X3 MSC1523EP,MEDL      ,"Medline Industries, Inc.",MEDICAL   ,2.0,63.42,126.84,2025-07-21,2025-10-15,0,2026-02-25,2026-02-25,LATE,-133.0,44.10581400000001,0.3477279564806055,44.105814,2026-02
64397,20,5116,MEDLINE OPTIFOAM THIN 2X3 MSC1523EP,MEDL      ,"Medline Industries, Inc.",MEDICAL   ,2.0,63.42,126.84,2025-07-21,2025-10-15,0,2026-02-25,2026-02-25,LATE,-133.0,44.10581400000001,0.3477279564806055,44.105814,2026-02
64401,10,5116,MEDLINE OPTIFOAM THIN 2X3 MSC1523EP,MEDL      ,"Medline Industries, Inc.",MEDICAL   ,1.0,63.42,63.42,2025-07-21,2025-10-15,0,2026-02-25,2026-02-25,LATE,-133.0,22.052907000000005,0.3477279564806055,22.052907,2026-02
64402,20,5116,MEDLINE OPTIFOAM THIN 2X3 MSC1523EP,MEDL      ,"Medline Industries, Inc.",MEDICAL   ,1.0,63.42,63.42,2025-07-21,2025-10-15,0,2026-02-25,2026-02-25,LATE,-133.0,22.052907000000005,0.3477279564806055,22.052907,2026-02
64455,1,6010,MEDLINE CURAD MEDISTRIP 1/2 X 4 IN STERILE NON250412,MEDL      ,"Medline Industries, Inc.",MEDICAL   ,20.0,102.0,2040.0,2025-08-14,2025-11-12,14,2026-02-25,2026-03-11,LATE,-119.0,663.9266399999999,0.3254542352941176,663.9266399999999,2026-03
64457,1,6008,"MEDLINE CURAD MEDISTRIP 1/4 X 1.5 IN, STERILE NON250114",MEDL      ,"Medline Industries, Inc.",MEDICAL   ,3.0,71.94,215.82,2025-08-14,2025-11-04,14,2026-02-25,2026-03-11,LATE,-127.0,108.688557,0.5036074367528496,108.68855699999999,2026-03
64457,2,6011,MEDLINE CURAD MEDISTRIP 1/4 X 4 IN STERILE NON250414,MEDL      ,"Medline Industries, Inc.",MEDICAL   ,1.0,127.14,127.14,2025-08-14,2025-11-04,14,2026-02-25,2026-03-11,LATE,-127.0,58.000871,0.4561968774579204,58.000871000000004,2026-03
64460,1,6008,"MEDLINE CURAD MEDISTRIP 1/4 X 1.5 IN, STERILE NON250114",MEDL      ,"Medline Industries, Inc.",MEDICAL   ,3.0,71.94,215.82,2025-08-14,2025-11-11,14,2026-02-25,2026-03-11,LATE,-120.0,108.688557,0.5036074367528496,108.68855699999999,2026-03
64461,1,6013,MEDLINE CURAD MEDI STRIP 1 X 5 NON250501,MEDL      ,"Medline Industries, Inc.",MEDICAL   ,17.0,123.0,2091.0,2025-08-14,2025-11-24,14,2026-02-25,2026-03-11,LATE,-107.0,1020.931039,0.4882501382113821,1020.9310389999999,2026-03
64465,1,6008,"MEDLINE CURAD MEDISTRIP 1/4 X 1.5 IN, STERILE NON250114",MEDL      ,"Medline Industries, Inc.",MEDICAL   ,1.0,71.94,71.94,2025-08-14,2025-11-12,14,2026-02-25,2026-03-11,LATE,-119.0,36.229519,0.5036074367528496,36.229518999999996,2026-03
64473,20,5116,MEDLINE OPTIFOAM THIN 2X3 MSC1523EP,MEDL      ,"Medline Industries, Inc.",MEDICAL   ,1.0,63.42,63.42,2025-08-18,2025-11-13,0,2026-02-25,2026-02-25,LATE,-104.0,22.052907000000005,0.3477279564806055,22.052907,2026-02
64491,1,6010,MEDLINE CURAD MEDISTRIP 1/2 X 4 IN STERILE NON250412,MEDL      ,"Medline Industries, Inc.",MEDICAL   ,20.0,102.0,2040.0,2025-08-19,2025-11-29,14,2026-02-25,2026-03-11,LATE,-102.0,663.9266399999999,0.3254542352941176,663.9266399999999,2026-03
64537,20,5117,MEDLINE OPTIFOAM THIN 4x4 MSC1544EP,MEDL      ,"Medline Industries, Inc.",MEDICAL   ,12.0,94.6,1135.2,2025-09-02,2025-11-28,0,2026-02-25,2026-02-25,LATE,-89.0,220.2223679999999,0.1939943340380548,220.22236799999982,2026-02
64566,10,5117,MEDLINE OPTIFOAM THIN 4x4 MSC1544EP,MEDL      ,"Medline Industries, Inc.",MEDICAL   ,1.0,94.6,94.6,2025-09-15,2025-12-11,0,2026-02-25,2026-02-25,LATE,-76.0,18.351863999999992,0.1939943340380548,18.35186399999998,2026-02
64571,20,5117,MEDLINE OPTIFOAM THIN 4x4 MSC1544EP,MEDL      ,"Medline Industries, Inc.",MEDICAL   ,5.0,94.6,473.0,2025-09-15,2025-12-11,0,2026-02-25,2026-02-25,LATE,-76.0,91.75931999999996,0.1939943340380548,91.75931999999992,2026-02
64572,20,5116,MEDLINE OPTIFOAM THIN 2X3 MSC1523EP,MEDL      ,"Medline Industries, Inc.",MEDICAL   ,33.0,63.42,2092.86,2025-09-15,2025-12-11,0,2026-02-25,2026-02-25,LATE,-76.0,727.7459310000002,0.3477279564806055,727.745931,2026-02
64574,10,5116,MEDLINE OPTIFOAM THIN 2X3 MSC1523EP,MEDL      ,"Medline Industries, Inc.",MEDICAL   ,2.0,63.42,126.84,2025-09-15,2025-12-11,0,2026-02-25,2026-02-25,LATE,-76.0,44.10581400000001,0.3477279564806055,44.105814,2026-02
64580,1,6013,MEDLINE CURAD MEDI STRIP 1 X 5 NON250501,MEDL      ,"Medline Industries, Inc.",MEDICAL   ,9.0,123.0,1107.0,2025-09-17,2025-12-30,14,2026-02-25,2026-03-11,LATE,-71.0,540.492903,0.4882501382113821,540.492903,2026-03
64582,2,6008,"MEDLINE CURAD MEDISTRIP 1/4 X 1.5 IN, STERILE NON250114",MEDL      ,"Medline Industries, Inc.",MEDICAL   ,1.0,71.94,71.94,2025-09-17,2025-12-20,14,2026-02-25,2026-03-11,LATE,-81.0,36.229519,0.5036074367528496,36.229518999999996,2026-03
64583,1,6013,MEDLINE CURAD MEDI STRIP 1 X 5 NON250501,MEDL      ,"Medline Industries, Inc.",MEDICAL   ,4.0,123.0,492.0,2025-09-17,2026-01-03,14,2026-02-25,2026-03-11,LATE,-67.0,240.219068,0.4882501382113821,240.219068,2026-03
64602,1,6010,MEDLINE CURAD MEDISTRIP 1/2 X 4 IN STERILE NON250412,CENTURION ,Centurion Medical Products Corp,MEDICAL   ,50.0,102.0,5100.0,2025-09-23,2025-12-31,14,2026-02-25,2026-03-11,LATE,-70.0,1659.8166,0.3254542352941176,1659.8165999999997,2026-03
64608,1,6010,MEDLINE CURAD MEDISTRIP 1/2 X 4 IN STERILE NON250412,MEDL      ,"Medline Industries, Inc.",MEDICAL   ,6.0,102.0,612.0,2025-09-23,2025-12-26,14,2026-02-25,2026-03-11,LATE,-75.0,199.177992,0.3254542352941176,199.17799199999996,2026-03
64609,1,6013,MEDLINE CURAD MEDI STRIP 1 X 5 NON250501,MEDL      ,"Medline Industries, Inc.",MEDICAL   ,5.0,123.0,615.0,2025-09-23,2026-01-09,14,2026-02-25,2026-03-11,LATE,-61.0,300.273835,0.4882501382113821,300.27383499999996,2026-03
64623,1,6010,MEDLINE CURAD MEDISTRIP 1/2 X 4 IN STERILE NON250412,MEDL      ,"Medline Industries, Inc.",MEDICAL   ,20.0,102.0,2040.0,2025-09-30,2026-01-10,14,2026-02-25,2026-03-11,LATE,-60.0,663.9266399999999,0.3254542352941176,663.9266399999999,2026-03
64629,20,5117,MEDLINE OPTIFOAM THIN 4x4 MSC1544EP,MEDL      ,"Medline Industries, Inc.",MEDICAL   ,5.0,94.6,473.0,2025-09-30,2025-12-29,0,2026-02-25,2026-02-25,LATE,-58.0,91.75931999999996,0.1939943340380548,91.75931999999992,2026-02
64632,30,5116,MEDLINE OPTIFOAM THIN 2X3 MSC1523EP,MEDL      ,"Medline Industries, Inc.",MEDICAL   ,7.0,63.42,443.94,2025-09-30,2025-12-29,0,2026-02-25,2026-02-25,LATE,-58.0,154.37034900000003,0.3477279564806055,154.370349,2026-02
64632,40,5117,MEDLINE OPTIFOAM THIN 4x4 MSC1544EP,MEDL      ,"Medline Industries, Inc.",MEDICAL   ,5.0,94.6,473.0,2025-09-30,2025-12-29,0,2026-02-25,2026-02-25,LATE,-58.0,91.75931999999996,0.1939943340380548,91.75931999999992,2026-02
64636,20,5117,MEDLINE OPTIFOAM THIN 4x4 MSC1544EP,MEDL      ,"Medline Industries, Inc.",MEDICAL   ,1.0,94.6,94.6,2025-09-29,2025-12-26,0,2026-02-25,2026-02-25,LATE,-61.0,18.351863999999992,0.1939943340380548,18.35186399999998,2026-02
64638,10,5117,MEDLINE OPTIFOAM THIN 4x4 MSC1544EP,MEDL      ,"Medline Industries, Inc.",MEDICAL   ,1.0,94.6,94.6,2025-09-30,2025-12-29,0,2026-02-25,2026-02-25,LATE,-58.0,18.351863999999992,0.1939943340380548,18.35186399999998,2026-02
64640,10,5116,MEDLINE OPTIFOAM THIN 2X3 MSC1523EP,MEDL      ,"Medline Industries, Inc.",MEDICAL   ,1.0,63.42,63.42,2025-09-30,2025-12-29,0,2026-02-25,2026-02-25,LATE,-58.0,22.052907000000005,0.3477279564806055,22.052907,2026-02
64640,20,5117,MEDLINE OPTIFOAM THIN 4x4 MSC1544EP,MEDL      ,"Medline Industries, Inc.",MEDICAL   ,4.0,94.6,378.4,2025-09-30,2025-12-29,0,2026-02-25,2026-02-25,LATE,-58.0,73.40745599999997,0.1939943340380548,73.40745599999993,2026-02
64641,30,5117,MEDLINE OPTIFOAM THIN 4x4 MSC1544EP,MEDL      ,"Medline Industries, Inc.",MEDICAL   ,8.0,94.6,756.8,2025-09-29,2025-12-26,0,2026-02-25,2026-02-25,LATE,-61.0,146.81491199999994,0.1939943340380548,146.81491199999985,2026-02
64655,1,5117,MEDLINE OPTIFOAM THIN 4x4 MSC1544EP,MEDL      ,"Medline Industries, Inc.",MEDICAL   ,2.0,94.6,189.2,2025-10-07,2026-01-20,0,2026-02-25,2026-02-25,LATE,-36.0,36.703727999999984,0.1939943340380548,36.70372799999996,2026-02
64667,20,5117,MEDLINE OPTIFOAM THIN 4x4 MSC1544EP,MEDL      ,"Medline Industries, Inc.",MEDICAL   ,1.0,94.6,94.6,2025-10-13,2026-01-09,0,2026-02-25,2026-02-25,LATE,-47.0,18.351863999999992,0.1939943340380548,18.35186399999998,2026-02
64674,30,5117,MEDLINE OPTIFOAM THIN 4x4 MSC1544EP,MEDL      ,"Medline Industries, Inc.",MEDICAL   ,4.0,94.6,378.4,2025-10-13,2026-01-09,0,2026-02-25,2026-02-25,LATE,-47.0,73.40745599999997,0.1939943340380548,73.40745599999993,2026-02
64677,20,5117,MEDLINE OPTIFOAM THIN 4x4 MSC1544EP,MEDL      ,"Medline Industries, Inc.",MEDICAL   ,2.0,94.6,189.2,2025-10-13,2026-01-09,0,2026-02-25,2026-02-25,LATE,-47.0,36.703727999999984,0.1939943340380548,36.70372799999996,2026-02
64691,1,5117,MEDLINE OPTIFOAM THIN 4x4 MSC1544EP,MEDL      ,"Medline Industries, Inc.",MEDICAL   ,2.0,94.6,189.2,2025-10-21,2026-02-06,0,2026-02-25,2026-02-25,LATE,-19.0,36.703727999999984,0.1939943340380548,36.70372799999996,2026-02
64700,10,5116,MEDLINE OPTIFOAM THIN 2X3 MSC1523EP,MEDL      ,"Medline Industries, Inc.",MEDICAL   ,10.0,63.42,634.2,2025-10-27,2026-01-26,0,2026-02-25,2026-02-25,LATE,-30.0,220.52907000000005,0.3477279564806055,220.52907000000002,2026-02
64702,20,5116,MEDLINE OPTIFOAM THIN 2X3 MSC1523EP,MEDL      ,"Medline Industries, Inc.",MEDICAL   ,19.0,63.42,1204.98,2025-10-27,2026-01-26,0,2026-02-25,2026-02-25,LATE,-30.0,419.0052330000001,0.3477279564806055,419.00523300000003,2026-02
64711,10,5116,MEDLINE OPTIFOAM THIN 2X3 MSC1523EP,MEDL      ,"Medline Industries, Inc.",MEDICAL   ,6.0,63.42,380.52,2025-10-27,2026-01-26,0,2026-02-25,2026-02-25,LATE,-30.0,132.31744200000003,0.3477279564806055,132.317442,2026-02
64716,1,6012,MEDLINE CURAD MEDISTRIP 1/4 X 3 IN STERILE NON250314,MEDL      ,"Medline Industries, Inc.",MEDICAL   ,3.0,66.77,200.31,2025-10-28,2026-02-02,14,2026-02-25,2026-03-11,LATE,-37.0,142.780125,0.7127957915231391,142.780125,2026-03
64716,2,6011,MEDLINE CURAD MEDISTRIP 1/4 X 4 IN STERILE NON250414,MEDL      ,"Medline Industries, Inc.",MEDICAL   ,1.0,127.14,127.14,2025-10-28,2026-02-02,14,2026-02-25,2026-03-11,LATE,-37.0,58.000871,0.4561968774579204,58.000871000000004,2026-03
64724,1,5117,MEDLINE OPTIFOAM THIN 4x4 MSC1544EP,MEDL      ,"Medline Industries, Inc.",MEDICAL   ,2.0,94.6,189.2,2025-11-05,2026-02-23,0,2026-02-25,2026-02-25,LATE,-2.0,36.703727999999984,0.1939943340380548,36.70372799999996,2026-02
64724,2,6013,MEDLINE CURAD MEDI STRIP 1 X 5 NON250501,MEDL      ,"Medline Industries, Inc.",MEDICAL   ,9.0,123.0,1107.0,2025-11-05,2026-02-23,14,2026-02-25,2026-03-11,LATE,-16.0,540.492903,0.4882501382113821,540.492903,2026-03
64739,20,5117,MEDLINE OPTIFOAM THIN 4x4 MSC1544EP,MEDL      ,"Medline Industries, Inc.",MEDICAL   ,2.0,94.6,189.2,2025-11-10,2026-02-09,0,2026-02-25,2026-02-25,LATE,-16.0,36.703727999999984,0.1939943340380548,36.70372799999996,2026-02
64746,1,5117,MEDLINE OPTIFOAM THIN 4x4 MSC1544EP,MEDL      ,"Medline Industries, Inc.",MEDICAL   ,2.0,94.6,189.2,2025-11-12,2026-02-28,0,2026-02-25,2026-02-25,ON_TIME,3.0,36.703727999999984,0.1939943340380548,36.70372799999996,2026-02
64749,1,6012,MEDLINE CURAD MEDISTRIP 1/4 X 3 IN STERILE NON250314,MEDL      ,"Medline Industries, Inc.",MEDICAL   ,11.0,66.77,734.47,2025-11-12,2026-02-17,14,2026-02-25,2026-03-11,LATE,-22.0,523.527125,0.7127957915231391,523.527125,2026-03
64751,1,6013,MEDLINE CURAD MEDI STRIP 1 X 5 NON250501,MEDL      ,"Medline Industries, Inc.",MEDICAL   ,5.0,123.0,615.0,2025-11-12,2026-02-28,14,2026-02-25,2026-03-11,LATE,-11.0,300.273835,0.4882501382113821,300.27383499999996,2026-03
64765,1,6010,MEDLINE CURAD MEDISTRIP 1/2 X 4 IN STERILE NON250412,MEDL      ,"Medline Industries, Inc.",MEDICAL   ,21.0,102.0,2142.0,2025-11-19,2026-02-28,14,2026-02-25,2026-03-11,LATE,-11.0,697.122972,0.3254542352941176,697.1229719999999,2026-03
64766,1,6013,MEDLINE CURAD MEDI STRIP 1 X 5 NON250501,MEDL      ,"Medline Industries, Inc.",MEDICAL   ,9.0,123.0,1107.0,2025-11-19,2026-03-06,14,2026-02-25,2026-03-11,LATE,-5.0,540.492903,0.4882501382113821,540.492903,2026-03
64767,1,6013,MEDLINE CURAD MEDI STRIP 1 X 5 NON250501,MEDL      ,"Medline Industries, Inc.",MEDICAL   ,5.0,123.0,615.0,2025-11-19,2026-03-06,14,2026-02-25,2026-03-11,LATE,-5.0,300.273835,0.4882501382113821,300.27383499999996,2026-03
64772,10,5116,MEDLINE OPTIFOAM THIN 2X3 MSC1523EP,MEDL      ,"Medline Industries, Inc.",MEDICAL   ,7.0,63.42,443.94,2025-11-21,2026-02-20,0,2026-02-25,2026-02-25,LATE,-5.0,154.37034900000003,0.3477279564806055,154.370349,2026-02
64773,10,5116,MEDLINE OPTIFOAM THIN 2X3 MSC1523EP,MEDL      ,"Medline Industries, Inc.",MEDICAL   ,4.0,63.42,253.68,2025-11-21,2026-02-20,0,2026-02-25,2026-02-25,LATE,-5.0,88.21162800000002,0.3477279564806055,88.211628,2026-02
64776,10,5116,MEDLINE OPTIFOAM THIN 2X3 MSC1523EP,MEDL      ,"Medline Industries, Inc.",MEDICAL   ,1.0,63.42,63.42,2025-11-21,2026-02-20,0,2026-02-25,2026-02-25,LATE,-5.0,22.052907000000005,0.3477279564806055,22.052907,2026-02
64799,20,5116,MEDLINE OPTIFOAM THIN 2X3 MSC1523EP,MEDL      ,"Medline Industries, Inc.",MEDICAL   ,10.0,63.42,634.2,2025-12-08,2026-03-06,0,2026-02-25,2026-02-25,ON_TIME,9.0,220.52907000000005,0.3477279564806055,220.52907000000002,2026-02
64803,20,5116,MEDLINE OPTIFOAM THIN 2X3 MSC1523EP,MEDL      ,"Medline Industries, Inc.",MEDICAL   ,3.0,63.42,190.26,2025-12-08,2026-03-06,0,2026-02-25,2026-02-25,ON_TIME,9.0,66.15872100000001,0.3477279564806055,66.158721,2026-02
64805,10,5116,MEDLINE OPTIFOAM THIN 2X3 MSC1523EP,MEDL      ,"Medline Industries, Inc.",MEDICAL   ,3.0,63.42,190.26,2025-12-08,2026-03-06,0,2026-02-25,2026-02-25,ON_TIME,9.0,66.15872100000001,0.3477279564806055,66.158721,2026-02
64809,10,5116,MEDLINE OPTIFOAM THIN 2X3 MSC1523EP,MEDL      ,"Medline Industries, Inc.",MEDICAL   ,4.0,63.42,253.68,2025-12-08,2026-03-06,0,2026-02-25,2026-02-25,ON_TIME,9.0,88.21162800000002,0.3477279564806055,88.211628,2026-02
64818,1,4785,"MEDLINE 119883 10""x16"" Instrument Drape",MEDL      ,"Medline Industries, Inc.",MEDICAL   ,9.0,160.0,1440.0,2025-12-10,2025-12-16,0,2026-02-25,2026-02-25,LATE,-71.0,1003.089636,0.696590025,1003.089636,2026-02
64820,1,6010,MEDLINE CURAD MEDISTRIP 1/2 X 4 IN STERILE NON250412,MEDL      ,"Medline Industries, Inc.",MEDICAL   ,1.0,102.0,102.0,2025-12-10,2026-03-17,14,2026-02-25,2026-03-11,ON_TIME,6.0,33.196332,0.3254542352941176,33.196332,2026-03
64821,1,6010,MEDLINE CURAD MEDISTRIP 1/2 X 4 IN STERILE NON250412,MEDL      ,"Medline Industries, Inc.",MEDICAL   ,9.0,102.0,918.0,2025-12-10,2026-03-14,14,2026-02-25,2026-03-11,ON_TIME,3.0,298.766988,0.3254542352941176,298.76698799999997,2026-03
64821,5,6013,MEDLINE CURAD MEDI STRIP 1 X 5 NON250501,MEDL      ,"Medline Industries, Inc.",MEDICAL   ,5.0,123.0,615.0,2025-12-10,2026-03-14,14,2026-02-25,2026-03-11,ON_TIME,3.0,300.273835,0.4882501382113821,300.27383499999996,2026-03
64830,1,6013,MEDLINE CURAD MEDI STRIP 1 X 5 NON250501,MEDL      ,"Medline Industries, Inc.",MEDICAL   ,6.0,123.0,738.0,2025-12-17,2026-04-06,14,2026-02-25,2026-03-11,ON_TIME,26.0,360.328602,0.4882501382113821,360.328602,2026-03
64836,1,4785,"MEDLINE 119883 10""x16"" Instrument Drape",MEDL      ,"Medline Industries, Inc.",MEDICAL   ,2.0,160.0,320.0,2025-12-23,,0,2026-02-25,2026-02-25,NO_DEADLINE,,222.908808,0.696590025,222.908808,2026-02
64838,1,5117,MEDLINE OPTIFOAM THIN 4x4 MSC1544EP,MEDL      ,"Medline Industries, Inc.",MEDICAL   ,2.0,94.6,189.2,2025-12-29,2026-04-13,0,2026-02-25,2026-02-25,ON_TIME,47.0,36.703727999999984,0.1939943340380548,36.70372799999996,2026-02
64842,1,4785,"MEDLINE 119883 10""x16"" Instrument Drape",MEDL      ,"Medline Industries, Inc.",MEDICAL   ,1.0,160.0,160.0,2025-12-29,2026-01-05,0,2026-02-25,2026-02-25,LATE,-51.0,111.454404,0.696590025,111.454404,2026-02
64844,1,6013,MEDLINE CURAD MEDI STRIP 1 X 5 NON250501,MEDL      ,"Medline Industries, Inc.",MEDICAL   ,6.0,123.0,738.0,2025-12-29,2026-04-13,14,2026-02-25,2026-03-11,ON_TIME,33.0,360.328602,0.4882501382113821,360.328602,2026-03
64848,1,4785,"MEDLINE 119883 10""x16"" Instrument Drape",MEDL      ,"Medline Industries, Inc.",MEDICAL   ,10.0,160.0,1600.0,2025-12-30,2026-01-07,0,2026-02-25,2026-02-25,LATE,-49.0,1114.54404,0.696590025,1114.54404,2026-02
64849,1,5117,MEDLINE OPTIFOAM THIN 4x4 MSC1544EP,MEDL      ,"Medline Industries, Inc.",MEDICAL   ,3.0,94.6,283.8,2025-12-30,2026-04-19,0,2026-02-25,2026-02-25,ON_TIME,53.0,55.055591999999976,0.1939943340380548,55.055591999999955,2026-02
64849,2,6013,MEDLINE CURAD MEDI STRIP 1 X 5 NON250501,MEDL      ,"Medline Industries, Inc.",MEDICAL   ,11.0,123.0,1353.0,2025-12-30,2026-04-19,14,2026-02-25,2026-03-11,ON_TIME,39.0,660.602437,0.4882501382113821,660.602437,2026-03
64851,1,4785,"MEDLINE 119883 10""x16"" Instrument Drape",MEDL      ,"Medline Industries, Inc.",MEDICAL   ,46.0,160.0,7360.0,2025-12-30,2026-01-07,0,2026-02-25,2026-02-25,LATE,-49.0,5126.902584,0.696590025,5126.902584,2026-02
64855,10,5116,MEDLINE OPTIFOAM THIN 2X3 MSC1523EP,MEDL      ,"Medline Industries, Inc.",MEDICAL   ,1.0,63.42,63.42,2026-01-02,2026-03-31,0,2026-02-25,2026-02-25,ON_TIME,34.0,22.052907000000005,0.3477279564806055,22.052907,2026-02
64856,10,5116,MEDLINE OPTIFOAM THIN 2X3 MSC1523EP,MEDL      ,"Medline Industries, Inc.",MEDICAL   ,2.0,63.42,126.84,2026-01-02,2026-03-31,0,2026-02-25,2026-02-25,ON_TIME,34.0,44.10581400000001,0.3477279564806055,44.105814,2026-02
64859,10,5116,MEDLINE OPTIFOAM THIN 2X3 MSC1523EP,MEDL      ,"Medline Industries, Inc.",MEDICAL   ,3.0,63.42,190.26,2026-01-05,2026-04-01,0,2026-02-25,2026-02-25,ON_TIME,35.0,66.15872100000001,0.3477279564806055,66.158721,2026-02
64859,20,5117,MEDLINE OPTIFOAM THIN 4x4 MSC1544EP,MEDL      ,"Medline Industries, Inc.",MEDICAL   ,1.0,94.6,94.6,2026-01-05,2026-04-01,0,2026-02-25,2026-02-25,ON_TIME,35.0,18.351863999999992,0.1939943340380548,18.35186399999998,2026-02
64861,20,5117,MEDLINE OPTIFOAM THIN 4x4 MSC1544EP,MEDL      ,"Medline Industries, Inc.",MEDICAL   ,8.0,94.6,756.8,2026-01-05,2026-04-01,0,2026-02-25,2026-02-25,ON_TIME,35.0,146.81491199999994,0.1939943340380548,146.81491199999985,2026-02
64862,20,5117,MEDLINE OPTIFOAM THIN 4x4 MSC1544EP,MEDL      ,"Medline Industries, Inc.",MEDICAL   ,6.0,94.6,567.6,2026-01-05,2026-04-01,0,2026-02-25,2026-02-25,ON_TIME,35.0,110.11118399999997,0.1939943340380548,110.11118399999991,2026-02
64863,20,5117,MEDLINE OPTIFOAM THIN 4x4 MSC1544EP,MEDL      ,"Medline Industries, Inc.",MEDICAL   ,9.0,94.6,851.4,2026-01-05,2026-04-01,0,2026-02-25,2026-02-25,ON_TIME,35.0,165.1667759999999,0.1939943340380548,165.16677599999986,2026-02
64864,20,5116,MEDLINE OPTIFOAM THIN 2X3 MSC1523EP,MEDL      ,"Medline Industries, Inc.",MEDICAL   ,5.0,63.42,317.1,2026-01-05,2026-04-01,0,2026-02-25,2026-02-25,ON_TIME,35.0,110.26453500000002,0.3477279564806055,110.26453500000001,2026-02
64867,20,5117,MEDLINE OPTIFOAM THIN 4x4 MSC1544EP,MEDL      ,"Medline Industries, Inc.",MEDICAL   ,10.0,94.6,946.0,2026-01-05,2026-04-01,0,2026-02-25,2026-02-25,ON_TIME,35.0,183.51863999999992,0.1939943340380548,183.51863999999983,2026-02
64868,20,5117,MEDLINE OPTIFOAM THIN 4x4 MSC1544EP,MEDL      ,"Medline Industries, Inc.",MEDICAL   ,7.0,94.6,662.2,2026-01-05,2026-04-01,0,2026-02-25,2026-02-25,ON_TIME,35.0,128.46304799999996,0.1939943340380548,128.4630479999999,2026-02
64871,1,5117,MEDLINE OPTIFOAM THIN 4x4 MSC1544EP,MEDL      ,"Medline Industries, Inc.",MEDICAL   ,3.0,94.6,283.8,2026-01-06,2026-04-25,0,2026-02-25,2026-02-25,ON_TIME,59.0,55.055591999999976,0.1939943340380548,55.055591999999955,2026-02
64873,1,6011,MEDLINE CURAD MEDISTRIP 1/4 X 4 IN STERILE NON250414,MEDL      ,"Medline Industries, Inc.",MEDICAL   ,1.0,127.14,127.14,2026-01-06,2026-04-11,14,2026-02-25,2026-03-11,ON_TIME,31.0,58.000871,0.4561968774579204,58.000871000000004,2026-03
64895,1,5117,MEDLINE OPTIFOAM THIN 4x4 MSC1544EP,MEDL      ,"Medline Industries, Inc.",MEDICAL   ,3.0,94.6,283.8,2026-01-13,2026-05-01,0,2026-02-25,2026-02-25,ON_TIME,65.0,55.055591999999976,0.1939943340380548,55.055591999999955,2026-02
64897,1,4785,"MEDLINE 119883 10""x16"" Instrument Drape",MEDL      ,"Medline Industries, Inc.",MEDICAL   ,1.0,160.0,160.0,2026-01-13,2026-01-20,0,2026-02-25,2026-02-25,LATE,-36.0,111.454404,0.696590025,111.454404,2026-02
64903,10,5117,MEDLINE OPTIFOAM THIN 4x4 MSC1544EP,MEDL      ,"Medline Industries, Inc.",MEDICAL   ,2.0,94.6,189.2,2026-01-19,2026-04-14,0,2026-02-25,2026-02-25,ON_TIME,48.0,36.703727999999984,0.1939943340380548,36.70372799999996,2026-02
64905,20,5116,MEDLINE OPTIFOAM THIN 2X3 MSC1523EP,MEDL      ,"Medline Industries, Inc.",MEDICAL   ,3.0,63.42,190.26,2026-01-19,2026-04-14,0,2026-02-25,2026-02-25,ON_TIME,48.0,66.15872100000001,0.3477279564806055,66.158721,2026-02
64905,30,5117,MEDLINE OPTIFOAM THIN 4x4 MSC1544EP,MEDL      ,"Medline Industries, Inc.",MEDICAL   ,6.0,94.6,567.6,2026-01-19,2026-04-14,0,2026-02-25,2026-02-25,ON_TIME,48.0,110.11118399999997,0.1939943340380548,110.11118399999991,2026-02
64906,20,5117,MEDLINE OPTIFOAM THIN 4x4 MSC1544EP,MEDL      ,"Medline Industries, Inc.",MEDICAL   ,12.0,94.6,1135.2,2026-01-19,2026-04-14,0,2026-02-25,2026-02-25,ON_TIME,48.0,220.2223679999999,0.1939943340380548,220.22236799999982,2026-02
64907,20,5117,MEDLINE OPTIFOAM THIN 4x4 MSC1544EP,MEDL      ,"Medline Industries, Inc.",MEDICAL   ,2.0,94.6,189.2,2026-01-19,2026-04-14,0,2026-02-25,2026-02-25,ON_TIME,48.0,36.703727999999984,0.1939943340380548,36.70372799999996,2026-02
64908,10,5116,MEDLINE OPTIFOAM THIN 2X3 MSC1523EP,MEDL      ,"Medline Industries, Inc.",MEDICAL   ,38.0,63.42,2409.96,2026-01-19,2026-04-14,0,2026-02-25,2026-02-25,ON_TIME,48.0,838.0104660000002,0.3477279564806055,838.0104660000001,2026-02
64908,20,5117,MEDLINE OPTIFOAM THIN 4x4 MSC1544EP,MEDL      ,"Medline Industries, Inc.",MEDICAL   ,3.0,94.6,283.8,2026-01-19,2026-04-14,0,2026-02-25,2026-02-25,ON_TIME,48.0,55.055591999999976,0.1939943340380548,55.055591999999955,2026-02
64910,10,5116,MEDLINE OPTIFOAM THIN 2X3 MSC1523EP,MEDL      ,"Medline Industries, Inc.",MEDICAL   ,4.0,63.42,253.68,2026-01-19,2026-04-14,0,2026-02-25,2026-02-25,ON_TIME,48.0,88.21162800000002,0.3477279564806055,88.211628,2026-02
64911,10,5116,MEDLINE OPTIFOAM THIN 2X3 MSC1523EP,MEDL      ,"Medline Industries, Inc.",MEDICAL   ,27.0,63.42,1712.34,2026-01-19,2026-04-14,0,2026-02-25,2026-02-25,ON_TIME,48.0,595.4284890000001,0.3477279564806055,595.428489,2026-02
64914,10,5117,MEDLINE OPTIFOAM THIN 4x4 MSC1544EP,MEDL      ,"Medline Industries, Inc.",MEDICAL   ,1.0,94.6,94.6,2026-01-19,2026-04-14,0,2026-02-25,2026-02-25,ON_TIME,48.0,18.351863999999992,0.1939943340380548,18.35186399999998,2026-02
64930,2,6008,"MEDLINE CURAD MEDISTRIP 1/4 X 1.5 IN, STERILE NON250114",MEDL      ,"Medline Industries, Inc.",MEDICAL   ,1.0,71.94,71.94,2026-01-27,2026-05-02,14,2026-02-25,2026-03-11,ON_TIME,52.0,36.229519,0.5036074367528496,36.229518999999996,2026-03
64941,10,5116,MEDLINE OPTIFOAM THIN 2X3 MSC1523EP,MEDL      ,"Medline Industries, Inc.",MEDICAL   ,24.0,63.42,1522.08,2026-02-02,2026-04-28,0,2026-02-25,2026-02-25,ON_TIME,62.0,529.2697680000001,0.3477279564806055,529.269768,2026-02
64943,10,5117,MEDLINE OPTIFOAM THIN 4x4 MSC1544EP,MEDL      ,"Medline Industries, Inc.",MEDICAL   ,3.0,94.6,283.8,2026-02-02,2026-04-28,0,2026-02-25,2026-02-25,ON_TIME,62.0,55.055591999999976,0.1939943340380548,55.055591999999955,2026-02
64946,20,5116,MEDLINE OPTIFOAM THIN 2X3 MSC1523EP,MEDL      ,"Medline Industries, Inc.",MEDICAL   ,15.0,63.42,951.3,2026-02-02,2026-04-28,0,2026-02-25,2026-02-25,ON_TIME,62.0,330.79360500000007,0.3477279564806055,330.793605,2026-02
64948,10,5117,MEDLINE OPTIFOAM THIN 4x4 MSC1544EP,MEDL      ,"Medline Industries, Inc.",MEDICAL   ,1.0,94.6,94.6,2026-02-02,2026-04-28,0,2026-02-25,2026-02-25,ON_TIME,62.0,18.351863999999992,0.1939943340380548,18.35186399999998,2026-02
64949,10,5116,MEDLINE OPTIFOAM THIN 2X3 MSC1523EP,MEDL      ,"Medline Industries, Inc.",MEDICAL   ,4.0,63.42,253.68,2026-02-02,2026-04-28,0,2026-02-25,2026-02-25,ON_TIME,62.0,88.21162800000002,0.3477279564806055,88.211628,2026-02
64949,20,5117,MEDLINE OPTIFOAM THIN 4x4 MSC1544EP,MEDL      ,"Medline Industries, Inc.",MEDICAL   ,18.0,94.6,1702.8,2026-02-02,2026-04-28,0,2026-02-25,2026-02-25,ON_TIME,62.0,330.3335519999998,0.1939943340380548,330.3335519999997,2026-02
64950,10,5116,MEDLINE OPTIFOAM THIN 2X3 MSC1523EP,MEDL      ,"Medline Industries, Inc.",MEDICAL   ,10.0,63.42,634.2,2026-02-02,2026-04-28,0,2026-02-25,2026-02-25,ON_TIME,62.0,220.52907000000005,0.3477279564806055,220.52907000000002,2026-02
64951,20,5116,MEDLINE OPTIFOAM THIN 2X3 MSC1523EP,MEDL      ,"Medline Industries, Inc.",MEDICAL   ,10.0,63.42,634.2,2026-02-02,2026-04-28,0,2026-02-25,2026-02-25,ON_TIME,62.0,220.52907000000005,0.3477279564806055,220.52907000000002,2026-02
64951,30,5117,MEDLINE OPTIFOAM THIN 4x4 MSC1544EP,MEDL      ,"Medline Industries, Inc.",MEDICAL   ,11.0,94.6,1040.6,2026-02-02,2026-04-28,0,2026-02-25,2026-02-25,ON_TIME,62.0,201.87050399999995,0.1939943340380548,201.8705039999998,2026-02
64953,20,5116,MEDLINE OPTIFOAM THIN 2X3 MSC1523EP,MEDL      ,"Medline Industries, Inc.",MEDICAL   ,4.0,63.42,253.68,2026-02-02,2026-04-28,0,2026-02-25,2026-02-25,ON_TIME,62.0,88.21162800000002,0.3477279564806055,88.211628,2026-02
64957,1,4785,"MEDLINE 119883 10""x16"" Instrument Drape",MEDL      ,"Medline Industries, Inc.",MEDICAL   ,9.0,160.0,1440.0,2026-02-04,2026-02-10,0,2026-02-25,2026-02-25,LATE,-15.0,1003.089636,0.696590025,1003.089636,2026-02
64964,1,6010,MEDLINE CURAD MEDISTRIP 1/2 X 4 IN STERILE NON250412,MEDL      ,"Medline Industries, Inc.",MEDICAL   ,20.0,102.0,2040.0,2026-02-04,2026-05-10,14,2026-02-25,2026-03-11,ON_TIME,60.0,663.9266399999999,0.3254542352941176,663.9266399999999,2026-03
64981,1,4785,"MEDLINE 119883 10""x16"" Instrument Drape",MEDL      ,"Medline Industries, Inc.",MEDICAL   ,2.0,160.0,320.0,2026-02-10,2026-02-17,0,2026-02-25,2026-02-25,LATE,-8.0,222.908808,0.696590025,222.908808,2026-02
64998,20,5116,MEDLINE OPTIFOAM THIN 2X3 MSC1523EP,MEDL      ,"Medline Industries, Inc.",MEDICAL   ,17.0,63.42,1078.14,2026-02-16,2026-05-11,0,2026-02-25,2026-02-25,ON_TIME,75.0,374.8994190000001,0.3477279564806055,374.8994190000001,2026-02
64999,10,5117,MEDLINE OPTIFOAM THIN 4x4 MSC1544EP,MEDL      ,"Medline Industries, Inc.",MEDICAL   ,7.0,94.6,662.2,2026-02-16,2026-05-11,0,2026-02-25,2026-02-25,ON_TIME,75.0,128.46304799999996,0.1939943340380548,128.4630479999999,2026-02
65001,10,5117,MEDLINE OPTIFOAM THIN 4x4 MSC1544EP,MEDL      ,"Medline Industries, Inc.",MEDICAL   ,1.0,94.6,94.6,2026-02-16,2026-05-11,0,2026-02-25,2026-02-25,ON_TIME,75.0,18.351863999999992,0.1939943340380548,18.35186399999998,2026-02
65002,20,5116,MEDLINE OPTIFOAM THIN 2X3 MSC1523EP,MEDL      ,"Medline Industries, Inc.",MEDICAL   ,10.0,63.42,634.2,2026-02-16,2026-05-11,0,2026-02-25,2026-02-25,ON_TIME,75.0,220.52907000000005,0.3477279564806055,220.52907000000002,2026-02
65003,10,5117,MEDLINE OPTIFOAM THIN 4x4 MSC1544EP,MEDL      ,"Medline Industries, Inc.",MEDICAL   ,2.0,94.6,189.2,2026-02-16,2026-05-11,0,2026-02-25,2026-02-25,ON_TIME,75.0,36.703727999999984,0.1939943340380548,36.70372799999996,2026-02
65004,1,4785,"MEDLINE 119883 10""x16"" Instrument Drape",MEDL      ,"Medline Industries, Inc.",MEDICAL   ,1.0,160.0,160.0,2026-02-17,2026-02-24,0,2026-02-25,2026-02-25,LATE,-1.0,111.454404,0.696590025,111.454404,2026-02
65005,1,6039,MEDLINE SURESITE 4 X 4.75 MSC2304,MEDL      ,"Medline Industries, Inc.",MEDICAL   ,144.0,20.61,2967.84,2026-02-17,2026-05-09,0,2026-02-25,2026-02-25,ON_TIME,73.0,1423.6493760000003,0.4799249514563107,1424.3404679300972,2026-02
65006,1,6039,MEDLINE SURESITE 4 X 4.75 MSC2304,MEDL      ,"Medline Industries, Inc.",MEDICAL   ,140.0,20.61,2885.4,2026-02-17,2026-05-30,0,2026-02-25,2026-02-25,ON_TIME,94.0,1384.1035600000002,0.4799249514563107,1384.7754549320389,2026-02
59978,2,6929,NEXGEL SILVER SEAL 2X3 HYDROGEL DRESSING,Nexgel    ,Nexgel,MEDICAL   ,31.0,44.364,1375.28,2022-07-29,2023-02-15,0,2026-02-25,2026-02-25,LATE,-1106.0,950.440594,0.6910867820755568,950.4378296528718,2026-02
59978,3,6930,NEXGEL TURF GUARD 2X3 HYDROGEL DRESSING,Nexgel    ,Nexgel,MEDICAL   ,118.0,44.364,5234.95,2022-07-29,2023-02-15,0,2026-02-25,2026-02-25,LATE,-1106.0,3599.398132,0.6875704174555947,3599.396756859165,2026-02
59978,4,6929,NEXGEL SILVER SEAL 2X3 HYDROGEL DRESSING,Nexgel    ,Nexgel,MEDICAL   ,150.0,44.364,6654.6,2022-07-29,2023-02-15,0,2026-02-25,2026-02-25,LATE,-1106.0,4598.9061,0.6910867820755568,4598.906100000001,2026-02
63869,1,7489,"CARDINAL HEALTH TELFA NON-ADHERENT DRESSING 2""x3"" 1961",COVIDMA   ,Patient Recovery,MEDICAL   ,900.0,108.0,97200.0,2025-02-24,2026-06-30,0,2026-02-25,2026-02-25,ON_TIME,125.0,21212.9325,0.2182400462962963,21212.9325,2026-02
63869,3,7487,"CARDINAL HEALTH TELFA ADHESIVE DRESSING 2""x3"" 6017",COVIDMA   ,Patient Recovery,MEDICAL   ,900.0,269.76,242784.0,2025-02-24,2026-06-30,0,2026-02-25,2026-02-25,ON_TIME,125.0,124982.8002,0.5147901023131672,124982.8002,2026-02
63869,4,7482,"CARDINAL HEALTH TELFA MINI ISLAND DRESSING 2""x3.75"" 7539LF",COVIDMA   ,Patient Recovery,MEDICAL   ,7500.0,32.88,246600.0,2025-02-24,2026-06-30,0,2026-02-25,2026-02-25,ON_TIME,125.0,31003.79250000001,0.1257250304136253,31003.792499999996,2026-02
63869,5,7486,"CARDINAL HEALTH TELFA ADHESIVE DRESSING 3""x4"" 7643",COVIDMA   ,Patient Recovery,MEDICAL   ,900.0,259.272,233344.8,2025-02-24,2026-06-30,0,2026-02-25,2026-02-25,ON_TIME,125.0,122115.0339,0.523324427628128,122115.03390000001,2026-02
64484,10,4357,CURAD MEDIPLAST WART REMOVER CUR01496,MEDL      ,"Medline Industries, Inc.",MEDICAL   ,56.0,57.96,3245.76,2025-08-18,2025-11-13,0,2026-02-25,2026-02-25,LATE,-104.0,1277.989664,0.3937412698412698,1277.989664,2026-02
64485,10,4357,CURAD MEDIPLAST WART REMOVER CUR01496,MEDL      ,"Medline Industries, Inc.",MEDICAL   ,140.0,57.96,8114.4,2025-08-18,2025-11-13,0,2026-02-25,2026-02-25,LATE,-104.0,3194.97416,0.3937412698412698,3194.9741599999993,2026-02
64486,10,4357,CURAD MEDIPLAST WART REMOVER CUR01496,MEDL      ,"Medline Industries, Inc.",MEDICAL   ,56.0,57.96,3245.76,2025-08-18,2025-11-13,0,2026-02-25,2026-02-25,LATE,-104.0,1277.989664,0.3937412698412698,1277.989664,2026-02
64522,10,4357,CURAD MEDIPLAST WART REMOVER CUR01496,MEDL      ,"Medline Industries, Inc.",MEDICAL   ,182.0,57.96,10548.72,2025-09-02,2025-11-28,0,2026-02-25,2026-02-25,LATE,-89.0,4153.466408,0.3937412698412698,4153.466407999999,2026-02
64523,10,4357,CURAD MEDIPLAST WART REMOVER CUR01496,MEDL      ,"Medline Industries, Inc.",MEDICAL   ,70.0,57.96,4057.2,2025-09-02,2025-11-28,0,2026-02-25,2026-02-25,LATE,-89.0,1597.48708,0.3937412698412698,1597.4870799999997,2026-02
64524,10,4357,CURAD MEDIPLAST WART REMOVER CUR01496,MEDL      ,"Medline Industries, Inc.",MEDICAL   ,14.0,57.96,811.44,2025-09-02,2025-11-28,0,2026-02-25,2026-02-25,LATE,-89.0,319.497416,0.3937412698412698,319.497416,2026-02
64526,10,4357,CURAD MEDIPLAST WART REMOVER CUR01496,MEDL      ,"Medline Industries, Inc.",MEDICAL   ,28.0,57.96,1622.88,2025-09-02,2025-11-28,0,2026-02-25,2026-02-25,LATE,-89.0,638.994832,0.3937412698412698,638.994832,2026-02
64527,10,4357,CURAD MEDIPLAST WART REMOVER CUR01496,MEDL      ,"Medline Industries, Inc.",MEDICAL   ,294.0,57.96,17040.24,2025-09-02,2025-11-28,0,2026-02-25,2026-02-25,LATE,-89.0,6709.445736,0.3937412698412698,6709.445736,2026-02
64531,10,4357,CURAD MEDIPLAST WART REMOVER CUR01496,MEDL      ,"Medline Industries, Inc.",MEDICAL   ,14.0,57.96,811.44,2025-09-02,2025-11-28,0,2026-02-25,2026-02-25,LATE,-89.0,319.497416,0.3937412698412698,319.497416,2026-02
64532,10,4357,CURAD MEDIPLAST WART REMOVER CUR01496,MEDL      ,"Medline Industries, Inc.",MEDICAL   ,28.0,57.96,1622.88,2025-09-02,2025-11-28,0,2026-02-25,2026-02-25,LATE,-89.0,638.994832,0.3937412698412698,638.994832,2026-02
64533,10,4357,CURAD MEDIPLAST WART REMOVER CUR01496,MEDL      ,"Medline Industries, Inc.",MEDICAL   ,210.0,57.96,12171.6,2025-09-02,2025-11-28,0,2026-02-25,2026-02-25,LATE,-89.0,4792.46124,0.3937412698412698,4792.46124,2026-02
64534,10,4357,CURAD MEDIPLAST WART REMOVER CUR01496,MEDL      ,"Medline Industries, Inc.",MEDICAL   ,14.0,57.96,811.44,2025-09-02,2025-11-28,0,2026-02-25,2026-02-25,LATE,-89.0,319.497416,0.3937412698412698,319.497416,2026-02
64535,10,4357,CURAD MEDIPLAST WART REMOVER CUR01496,MEDL      ,"Medline Industries, Inc.",MEDICAL   ,14.0,57.96,811.44,2025-09-02,2025-11-28,0,2026-02-25,2026-02-25,LATE,-89.0,319.497416,0.3937412698412698,319.497416,2026-02
64536,10,4357,CURAD MEDIPLAST WART REMOVER CUR01496,MEDL      ,"Medline Industries, Inc.",MEDICAL   ,28.0,57.96,1622.88,2025-09-02,2025-11-28,0,2026-02-25,2026-02-25,LATE,-89.0,638.994832,0.3937412698412698,638.994832,2026-02
64538,10,4357,CURAD MEDIPLAST WART REMOVER CUR01496,MEDL      ,"Medline Industries, Inc.",MEDICAL   ,14.0,57.96,811.44,2025-09-02,2025-11-28,0,2026-02-25,2026-02-25,LATE,-89.0,319.497416,0.3937412698412698,319.497416,2026-02
64539,10,4357,CURAD MEDIPLAST WART REMOVER CUR01496,MEDL      ,"Medline Industries, Inc.",MEDICAL   ,42.0,57.96,2434.32,2025-09-02,2025-11-28,0,2026-02-25,2026-02-25,LATE,-89.0,958.492248,0.3937412698412698,958.4922479999999,2026-02
64565,10,4357,CURAD MEDIPLAST WART REMOVER CUR01496,MEDL      ,"Medline Industries, Inc.",MEDICAL   ,112.0,57.96,6491.52,2025-09-15,2025-12-11,0,2026-02-25,2026-02-25,LATE,-76.0,2555.979328,0.3937412698412698,2555.979328,2026-02
64567,10,4357,CURAD MEDIPLAST WART REMOVER CUR01496,MEDL      ,"Medline Industries, Inc.",MEDICAL   ,126.0,57.96,7302.96,2025-09-15,2025-12-11,0,2026-02-25,2026-02-25,LATE,-76.0,2875.476744,0.3937412698412698,2875.4767439999996,2026-02
64570,10,4357,CURAD MEDIPLAST WART REMOVER CUR01496,MEDL      ,"Medline Industries, Inc.",MEDICAL   ,14.0,57.96,811.44,2025-09-15,2025-12-11,0,2026-02-25,2026-02-25,LATE,-76.0,319.497416,0.3937412698412698,319.497416,2026-02
64572,10,4357,CURAD MEDIPLAST WART REMOVER CUR01496,MEDL      ,"Medline Industries, Inc.",MEDICAL   ,28.0,57.96,1622.88,2025-09-15,2025-12-11,0,2026-02-25,2026-02-25,LATE,-76.0,638.994832,0.3937412698412698,638.994832,2026-02
64573,10,4357,CURAD MEDIPLAST WART REMOVER CUR01496,MEDL      ,"Medline Industries, Inc.",MEDICAL   ,98.0,57.96,5680.08,2025-09-15,2025-12-11,0,2026-02-25,2026-02-25,LATE,-76.0,2236.481912,0.3937412698412698,2236.4819119999997,2026-02
64625,10,4357,CURAD MEDIPLAST WART REMOVER CUR01496,MEDL      ,"Medline Industries, Inc.",MEDICAL   ,56.0,57.96,3245.76,2025-09-29,2025-12-26,0,2026-02-25,2026-02-25,LATE,-61.0,1277.989664,0.3937412698412698,1277.989664,2026-02
64626,10,4357,CURAD MEDIPLAST WART REMOVER CUR01496,MEDL      ,"Medline Industries, Inc.",MEDICAL   ,28.0,57.96,1622.88,2025-09-30,2025-12-29,0,2026-02-25,2026-02-25,LATE,-58.0,638.994832,0.3937412698412698,638.994832,2026-02
64627,10,4357,CURAD MEDIPLAST WART REMOVER CUR01496,MEDL      ,"Medline Industries, Inc.",MEDICAL   ,182.0,57.96,10548.72,2025-09-29,2025-12-26,0,2026-02-25,2026-02-25,LATE,-61.0,4153.466408,0.3937412698412698,4153.466407999999,2026-02
64628,10,4357,CURAD MEDIPLAST WART REMOVER CUR01496,MEDL      ,"Medline Industries, Inc.",MEDICAL   ,42.0,57.96,2434.32,2025-09-30,2025-12-29,0,2026-02-25,2026-02-25,LATE,-58.0,958.492248,0.3937412698412698,958.4922479999999,2026-02
64629,10,4357,CURAD MEDIPLAST WART REMOVER CUR01496,MEDL      ,"Medline Industries, Inc.",MEDICAL   ,28.0,57.96,1622.88,2025-09-30,2025-12-29,0,2026-02-25,2026-02-25,LATE,-58.0,638.994832,0.3937412698412698,638.994832,2026-02
64630,10,4357,CURAD MEDIPLAST WART REMOVER CUR01496,MEDL      ,"Medline Industries, Inc.",MEDICAL   ,14.0,57.96,811.44,2025-09-29,2025-12-26,0,2026-02-25,2026-02-25,LATE,-61.0,319.497416,0.3937412698412698,319.497416,2026-02
64631,10,4357,CURAD MEDIPLAST WART REMOVER CUR01496,MEDL      ,"Medline Industries, Inc.",MEDICAL   ,14.0,57.96,811.44,2025-09-30,2025-12-29,0,2026-02-25,2026-02-25,LATE,-58.0,319.497416,0.3937412698412698,319.497416,2026-02
64632,10,4357,CURAD MEDIPLAST WART REMOVER CUR01496,MEDL      ,"Medline Industries, Inc.",MEDICAL   ,182.0,57.96,10548.72,2025-09-30,2025-12-29,0,2026-02-25,2026-02-25,LATE,-58.0,4153.466408,0.3937412698412698,4153.466407999999,2026-02
64633,10,4357,CURAD MEDIPLAST WART REMOVER CUR01496,MEDL      ,"Medline Industries, Inc.",MEDICAL   ,28.0,57.96,1622.88,2025-09-30,2025-12-29,0,2026-02-25,2026-02-25,LATE,-58.0,638.994832,0.3937412698412698,638.994832,2026-02
64635,10,4357,CURAD MEDIPLAST WART REMOVER CUR01496,MEDL      ,"Medline Industries, Inc.",MEDICAL   ,28.0,57.96,1622.88,2025-09-29,2025-12-26,0,2026-02-25,2026-02-25,LATE,-61.0,638.994832,0.3937412698412698,638.994832,2026-02
64636,10,4357,CURAD MEDIPLAST WART REMOVER CUR01496,MEDL      ,"Medline Industries, Inc.",MEDICAL   ,14.0,57.96,811.44,2025-09-29,2025-12-26,0,2026-02-25,2026-02-25,LATE,-61.0,319.497416,0.3937412698412698,319.497416,2026-02
64639,10,4357,CURAD MEDIPLAST WART REMOVER CUR01496,MEDL      ,"Medline Industries, Inc.",MEDICAL   ,14.0,57.96,811.44,2025-09-30,2025-12-29,0,2026-02-25,2026-02-25,LATE,-58.0,319.497416,0.3937412698412698,319.497416,2026-02
64641,10,4357,CURAD MEDIPLAST WART REMOVER CUR01496,MEDL      ,"Medline Industries, Inc.",MEDICAL   ,182.0,57.96,10548.72,2025-09-29,2025-12-26,0,2026-02-25,2026-02-25,LATE,-61.0,4153.466408,0.3937412698412698,4153.466407999999,2026-02
64642,10,4357,CURAD MEDIPLAST WART REMOVER CUR01496,MEDL      ,"Medline Industries, Inc.",MEDICAL   ,14.0,57.96,811.44,2025-09-29,2025-12-26,0,2026-02-25,2026-02-25,LATE,-61.0,319.497416,0.3937412698412698,319.497416,2026-02
64643,10,4357,CURAD MEDIPLAST WART REMOVER CUR01496,MEDL      ,"Medline Industries, Inc.",MEDICAL   ,28.0,57.96,1622.88,2025-09-29,2025-12-26,0,2026-02-25,2026-02-25,LATE,-61.0,638.994832,0.3937412698412698,638.994832,2026-02
64667,10,4357,CURAD MEDIPLAST WART REMOVER CUR01496,MEDL      ,"Medline Industries, Inc.",MEDICAL   ,28.0,57.96,1622.88,2025-10-13,2026-01-09,0,2026-02-25,2026-02-25,LATE,-47.0,638.994832,0.3937412698412698,638.994832,2026-02
64669,10,4357,CURAD MEDIPLAST WART REMOVER CUR01496,MEDL      ,"Medline Industries, Inc.",MEDICAL   ,140.0,57.96,8114.4,2025-10-13,2026-01-09,0,2026-02-25,2026-02-25,LATE,-47.0,3194.97416,0.3937412698412698,3194.9741599999993,2026-02
64670,10,4357,CURAD MEDIPLAST WART REMOVER CUR01496,MEDL      ,"Medline Industries, Inc.",MEDICAL   ,28.0,57.96,1622.88,2025-10-13,2026-01-09,0,2026-02-25,2026-02-25,LATE,-47.0,638.994832,0.3937412698412698,638.994832,2026-02
64672,10,4357,CURAD MEDIPLAST WART REMOVER CUR01496,MEDL      ,"Medline Industries, Inc.",MEDICAL   ,14.0,57.96,811.44,2025-10-13,2026-01-09,0,2026-02-25,2026-02-25,LATE,-47.0,319.497416,0.3937412698412698,319.497416,2026-02
64673,10,4357,CURAD MEDIPLAST WART REMOVER CUR01496,MEDL      ,"Medline Industries, Inc.",MEDICAL   ,84.0,57.96,4868.64,2025-10-13,2026-01-09,0,2026-02-25,2026-02-25,LATE,-47.0,1916.984496,0.3937412698412698,1916.9844959999998,2026-02
64674,10,4357,CURAD MEDIPLAST WART REMOVER CUR01496,MEDL      ,"Medline Industries, Inc.",MEDICAL   ,56.0,57.96,3245.76,2025-10-13,2026-01-09,0,2026-02-25,2026-02-25,LATE,-47.0,1277.989664,0.3937412698412698,1277.989664,2026-02
64675,10,4357,CURAD MEDIPLAST WART REMOVER CUR01496,MEDL      ,"Medline Industries, Inc.",MEDICAL   ,70.0,57.96,4057.2,2025-10-13,2026-01-09,0,2026-02-25,2026-02-25,LATE,-47.0,1597.48708,0.3937412698412698,1597.4870799999997,2026-02
64676,10,4357,CURAD MEDIPLAST WART REMOVER CUR01496,MEDL      ,"Medline Industries, Inc.",MEDICAL   ,14.0,57.96,811.44,2025-10-13,2026-01-09,0,2026-02-25,2026-02-25,LATE,-47.0,319.497416,0.3937412698412698,319.497416,2026-02
64678,10,4357,CURAD MEDIPLAST WART REMOVER CUR01496,MEDL      ,"Medline Industries, Inc.",MEDICAL   ,112.0,57.96,6491.52,2025-10-13,2026-01-09,0,2026-02-25,2026-02-25,LATE,-47.0,2555.979328,0.3937412698412698,2555.979328,2026-02
64190,1,5342,ISI LARGE ALUMI-HAND 760,ISI       ,Instrument Specialists Inc,MEDICAL   ,6900.0,8.47,58443.0,2025-05-16,2026-12-12,0,2026-02-25,2026-02-25,ON_TIME,290.0,21331.598400000003,0.4014981818181818,23464.75824,2026-02
