Week,Day,Date,Dept,Line/Machine,Finished Goods,Sterile / Non-Sterile,Part Number,Lot Numbers,ABW Hours,Plan Hours,Wo Qty,Planned Qty,UOM,Planned Revenue,Planned Profit,Grand T,Actual Man Hours,Act Qty,Actual Revenue,Actual Profit,Can Make?,Reason,Comments,HC Required,Actual
1,Thu,2026-01-01 00:00:00,Converting ,Delta 1,,,,,,,,,,0,0,Grand Total,,,0,0,,,,,
1,Fri,2026-01-02 00:00:00,Converting ,Delta 1,,,,,,,,,,0,0,Grand Total,,,0,0,,,,,
1,Sat,2026-01-03 00:00:00,Converting ,Delta 1,,,,,,,,,,0,0,Grand Total,,,0,0,,,,,
1,Sun,2026-01-04 00:00:00,Converting ,Delta 1,,,,,,,,,,0,0,Grand Total,,,0,0,,,,,
2,Mon,2026-01-05 00:00:00,Converting ,Delta 1,No,Non-Sterile,3709,53930,,7,120000,31500,LF,0,0,Grand Total,,,0,0,,,,,
2,Tue,2026-01-06 00:00:00,Converting ,Delta 1,No,Non-Sterile,3709,53930,,7,120000,31500,LF,0,0,Grand Total,,,0,0,,,,,
2,Wed,2026-01-07 00:00:00,Converting ,Delta 1,No,Non-Sterile,3707,53927,,7,920000,23800,LF,0,0,Grand Total,3,7800,0,0,,,,,
2,Thu,2026-01-08 00:00:00,Converting ,Delta 1,No,Non-Sterile,3707,53927,,7,920000,23800,LF,0,0,Grand Total,14,54600,0,0,,,,,
2,Fri,2026-01-09 00:00:00,Converting ,Delta 1,No,Non-Sterile,3707,53927,,7,920000,23800,LF,0,0,Grand Total,14,48800,0,0,, ,,,
2,Sat,2026-01-10 00:00:00,Converting ,Delta 1,,,,,,,,,,0,0,Grand Total,,,0,0,,,,,
2,Sun,2026-01-11 00:00:00,Converting ,Delta 1,,,,,,,,,,0,0,Grand Total,,,0,0,,,,,
3,Mon,2026-01-12 00:00:00,Converting ,Delta 1,No,Non-Sterile,3707,53927,,7,920000,23800,LF,0,0,Grand Total,14,52000,0,0,,,,,
3,Tue,2026-01-13 00:00:00,Converting ,Delta 1,No,Non-Sterile,3707,53927,,7,920000,23800,LF,0,0,Grand Total,16,58200,0,0,,,,,
3,Wed,2026-01-14 00:00:00,Converting ,Delta 1,No,Non-Sterile,3707,53927,,14,920000,47600,LF,0,0,Grand Total,13,44200,0,0,,,,,
3,Thu,2026-01-15 00:00:00,Converting ,Delta 1,No,Non-Sterile,3707,53927,,14,920000,47600,LF,0,0,Grand Total,13,65000,0,0,,,,,
3,Fri,2026-01-16 00:00:00,Converting ,Delta 1,No,Non-Sterile,3707,53927,,14,920000,47600,LF,0,0,Grand Total,,,0,0,,,,,
3,Sat,2026-01-17 00:00:00,Converting ,Delta 1,,,,,,,,,,0,0,Grand Total,,,0,0,,,,,
3,Sun,2026-01-18 00:00:00,Converting ,Delta 1,,,,,,,,,,0,0,Grand Total,,,0,0,,,,,
4,Mon,2026-01-19 00:00:00,Converting ,Delta 1,No,Non-Sterile,3707,53927,,14,920000,47600,LF,0,0,Grand Total,9,26000,0,0,,,,,
4,Tue,2026-01-20 00:00:00,Converting ,Delta 1,No,Non-Sterile,3707,53927,,14,920000,47600,LF,0,0,Grand Total,,,0,0,,,,,
4,Wed,2026-01-21 00:00:00,Converting ,Delta 1,No,Non-Sterile,3707,53927,,14,920000,47600,LF,0,0,Grand Total,,,0,0,,,,,
4,Thu,2026-01-22 00:00:00,Converting ,Delta 1,No,Non-Sterile,3707,53927,,14,920000,47600,LF,0,0,Grand Total,,,0,0,,,,,
4,Fri,2026-01-23 00:00:00,Converting ,Delta 1,,,,,,,,,,0,0,Grand Total,,,0,0,,,,,
4,Sat,2026-01-24 00:00:00,Converting ,Delta 1,,,,,,,,,,0,0,Grand Total,,,0,0,,,,,
4,Sun,2026-01-25 00:00:00,Converting ,Delta 1,,,,,,,,,,0,0,Grand Total,,,0,0,,,,,
5,Mon,2026-01-26 00:00:00,Converting ,Delta 1,,,,,,,,,,0,0,Grand Total,,,0,0,,,,,
5,Tue,2026-01-27 00:00:00,Converting ,Delta 1,,,,,,,,,,0,0,Grand Total,,,0,0,,,,,
5,Wed,2026-01-28 00:00:00,Converting ,Delta 1,,,,,,,,,,0,0,Grand Total,,,0,0,,,,,
5,Thu,2026-01-29 00:00:00,Converting ,Delta 1,,,,,,,,,,0,0,Grand Total,,,0,0,,,,,
5,Fri,2026-01-30 00:00:00,Converting ,Delta 1,,,,,,,,,,0,0,Grand Total,,,0,0,,,,,
5,Sat,2026-01-31 00:00:00,Converting ,Delta 1,,,,,,,,,,0,0,Grand Total,,,0,0,,,,,
5,Sun,2026-02-01 00:00:00,Converting ,Delta 1,,,,,,,,,,0,0,Grand Total,,,0,0,,,,,
6,Mon,2026-02-02 00:00:00,Converting ,Delta 1,,,,,,,,,,0,0,Grand Total,,,0,0,,,,,
6,Tue,2026-02-03 00:00:00,Converting ,Delta 1,,,,,,,,,,0,0,Grand Total,,,0,0,,,,,
6,Wed,2026-02-04 00:00:00,Converting ,Delta 1,,,,,,,,,,0,0,Grand Total,,,0,0,,,,,
6,Thu,2026-02-05 00:00:00,Converting ,Delta 1,,,,,,,,,,0,0,Grand Total,,,0,0,,,,,
6,Fri,2026-02-06 00:00:00,Converting ,Delta 1,,,,,,,,,,0,0,Grand Total,,,0,0,,,,,
6,Sat,2026-02-07 00:00:00,Converting ,Delta 1,,,,,,,,,,0,0,Grand Total,,,0,0,,,,,
6,Sun,2026-02-08 00:00:00,Converting ,Delta 1,,,,,,,,,,0,0,Grand Total,,,0,0,,,,,
7,Mon,2026-02-09 00:00:00,Converting ,Delta 1,,,,PM,,,,,,0,0,Grand Total,,,0,0,,,,,
7,Tue,2026-02-10 00:00:00,Converting ,Delta 1,,,,,,,,,,0,0,Grand Total,,,0,0,,,,,
7,Wed,2026-02-11 00:00:00,Converting ,Delta 1,,,,,,,,,,0,0,Grand Total,,,0,0,,,,,
7,Thu,2026-02-12 00:00:00,Converting ,Delta 1,,,,,,,,,,0,0,Grand Total,,,0,0,,,,,
7,Fri,2026-02-13 00:00:00,Converting ,Delta 1,,,,,,,,,,0,0,Grand Total,,,0,0,,,,,
7,Sat,2026-02-14 00:00:00,Converting ,Delta 1,,,,,,,,,,0,0,Grand Total,,,0,0,,,,,
7,Sun,2026-02-15 00:00:00,Converting ,Delta 1,,,,,,,,,,0,0,Grand Total,,,0,0,,,,,
8,Mon,2026-02-16 00:00:00,Converting ,Delta 1,,,,,,,,,,0,0,Grand Total,,,0,0,,,,,
8,Tue,2026-02-17 00:00:00,Converting ,Delta 1,,,,,,,,,,0,0,Grand Total,,,0,0,,,,,
8,Wed,2026-02-18 00:00:00,Converting ,Delta 1,,,,,,,,,,0,0,Grand Total,,,0,0,,,,,
8,Thu,2026-02-19 00:00:00,Converting ,Delta 1,,,,,,,,,,0,0,Grand Total,,,0,0,,,,,
8,Fri,2026-02-20 00:00:00,Converting ,Delta 1,,,,,,,,,,0,0,Grand Total,,,0,0,,,,,
8,Sat,2026-02-21 00:00:00,Converting ,Delta 1,,,,,,,,,,0,0,Grand Total,,,0,0,,,,,
8,Sun,2026-02-22 00:00:00,Converting ,Delta 1,,,,,,,,,,0,0,Grand Total,,,0,0,,,,,
9,Mon,2026-02-23 00:00:00,Converting ,Delta 1,No,Non-Sterile,3707,54643,,14,360000,30600,LF,0,0,Grand Total,7,28800,0,0,No ,Material not available,"007532 Cohesive Paper Unprinted Latex Free 9.5"" ETA 13-Feb.",,
9,Tue,2026-02-24 00:00:00,Converting ,Delta 1,No,Non-Sterile,3707,54643,,14,360000,47600,LF,0,0,Grand Total,9,28800,0,0,No ,,,,
9,Wed,2026-02-25 00:00:00,Converting ,Delta 1,No,Non-Sterile,3707,54643,,14,360000,47600,LF,0,0,Grand Total,14,60000,0,0,No ,,,,
9,Thu,2026-02-26 00:00:00,Converting ,Delta 1,No,Non-Sterile,3707,54643,,14,360000,47600,LF,0,0,Grand Total,19,79200,0,0,No ,,,,
9,Fri,2026-02-27 00:00:00,Converting ,Delta 1,No,Non-Sterile,3707,54643,,14,360000,47600,LF,0,0,Grand Total,10,38000,0,0,No ,,,,
9,Sat,2026-02-28 00:00:00,Converting ,Delta 1,,,,,,,,,,0,0,Grand Total,,,0,0,,,,,
9,Sun,2026-03-01 00:00:00,Converting ,Delta 1,,,,,,,,,,0,0,Grand Total,,,0,0,,,,,
10,Mon,2026-03-02 00:00:00,Converting ,Delta 1,No,Non-Sterile,3707,54643,,14,360000,47600,LF,0,0,Grand Total,,,0,0,,,,,
10,Tue,2026-03-03 00:00:00,Converting ,Delta 1,No,Non-Sterile,3707,54643,,14,360000,47600,LF,0,0,Grand Total,,,0,0,,,,,
10,Wed,2026-03-04 00:00:00,Converting ,Delta 1,No,Non-Sterile,3707,54643,,13,360000,43800,LF,0,0,Grand Total,,,0,0,,,,,
10,Thu,2026-03-05 00:00:00,Converting ,Delta 1,,,,,,,,,,0,0,Grand Total,,,0,0,,,,,
10,Fri,2026-03-06 00:00:00,Converting ,Delta 1,,,,,,,,,,0,0,Grand Total,,,0,0,,,,,
10,Sat,2026-03-07 00:00:00,Converting ,Delta 1,,,,,,,,,,0,0,Grand Total,,,0,0,,,,,
10,Sun,2026-03-08 00:00:00,Converting ,Delta 1,,,,,,,,,,0,0,Grand Total,,,0,0,,,,,
11,Mon,2026-03-09 00:00:00,Converting ,Delta 1,,,,,,,,,,0,0,Grand Total,,,0,0,,,,,
11,Tue,2026-03-10 00:00:00,Converting ,Delta 1,,,,,,,,,,0,0,Grand Total,,,0,0,,,,,
11,Wed,2026-03-11 00:00:00,Converting ,Delta 1,,,,,,,,,,0,0,Grand Total,,,0,0,,,,,
11,Thu,2026-03-12 00:00:00,Converting ,Delta 1,,,,,,,,,,0,0,Grand Total,,,0,0,,,,,
11,Fri,2026-03-13 00:00:00,Converting ,Delta 1,,,,,,,,,,0,0,Grand Total,,,0,0,,,,,
11,Sat,2026-03-14 00:00:00,Converting ,Delta 1,,,,,,,,,,0,0,Grand Total,,,0,0,,,,,
11,Sun,2026-03-15 00:00:00,Converting ,Delta 1,,,,,,,,,,0,0,Grand Total,,,0,0,,,,,
12,Mon,2026-03-16 00:00:00,Converting ,Delta 1,,,,,,,,,,0,0,Grand Total,,,0,0,,,,,
12,Tue,2026-03-17 00:00:00,Converting ,Delta 1,,,,,,,,,,0,0,Grand Total,,,0,0,,,,,
12,Wed,2026-03-18 00:00:00,Converting ,Delta 1,,,,,,,,,,0,0,Grand Total,,,0,0,,,,,
12,Thu,2026-03-19 00:00:00,Converting ,Delta 1,,,,,,,,,,0,0,Grand Total,,,0,0,,,,,
12,Fri,2026-03-20 00:00:00,Converting ,Delta 1,,,,,,,,,,0,0,Grand Total,,,0,0,,,,,
12,Sat,2026-03-21 00:00:00,Converting ,Delta 1,,,,,,,,,,0,0,Grand Total,,,0,0,,,,,
12,Sun,2026-03-22 00:00:00,Converting ,Delta 1,,,,,,,,,,0,0,Grand Total,,,0,0,,,,,
13,Mon,2026-03-23 00:00:00,Converting ,Delta 1,,,,,,,,,,0,0,Grand Total,,,0,0,,,,,
13,Tue,2026-03-24 00:00:00,Converting ,Delta 1,,,,,,,,,,0,0,Grand Total,,,0,0,,,,,
13,Wed,2026-03-25 00:00:00,Converting ,Delta 1,,,,,,,,,,0,0,Grand Total,,,0,0,,,,,
13,Thu,2026-03-26 00:00:00,Converting ,Delta 1,,,,,,,,,,0,0,Grand Total,,,0,0,,,,,
13,Fri,2026-03-27 00:00:00,Converting ,Delta 1,,,,,,,,,,0,0,Grand Total,,,0,0,,,,,
13,Sat,2026-03-28 00:00:00,Converting ,Delta 1,,,,,,,,,,0,0,Grand Total,,,0,0,,,,,
13,Sun,2026-03-29 00:00:00,Converting ,Delta 1,,,,,,,,,,0,0,Grand Total,,,0,0,,,,,
14,Mon,2026-03-30 00:00:00,Converting ,Delta 1,,,,,,,,,,0,0,Grand Total,,,0,0,,,,,
14,Tue,2026-03-31 00:00:00,Converting ,Delta 1,,,,,,,,,,0,0,Grand Total,,,0,0,,,,,
14,Wed,2026-04-01 00:00:00,Converting ,Delta 1,,,,,,,,,,0,0,Grand Total,,,0,0,,,,,
14,Thu,2026-04-02 00:00:00,Converting ,Delta 1,,,,,,,,,,0,0,Grand Total,,,0,0,,,,,
14,Fri,2026-04-03 00:00:00,Converting ,Delta 1,,,,,,,,,,0,0,Grand Total,,,0,0,,,,,
14,Sat,2026-04-04 00:00:00,Converting ,Delta 1,,,,,,,,,,0,0,Grand Total,,,0,0,,,,,
14,Sun,2026-04-05 00:00:00,Converting ,Delta 1,,,,,,,,,,0,0,Grand Total,,,0,0,,,,,
15,Mon,2026-04-06 00:00:00,Converting ,Delta 1,,,,,,,,,,0,0,Grand Total,,,0,0,,,,,
15,Tue,2026-04-07 00:00:00,Converting ,Delta 1,,,,,,,,,,0,0,Grand Total,,,0,0,,,,,
15,Wed,2026-04-08 00:00:00,Converting ,Delta 1,,,,,,,,,,0,0,Grand Total,,,0,0,,,,,
15,Thu,2026-04-09 00:00:00,Converting ,Delta 1,,,,,,,,,,0,0,Grand Total,,,0,0,,,,,
15,Fri,2026-04-10 00:00:00,Converting ,Delta 1,,,,,,,,,,0,0,Grand Total,,,0,0,,,,,
15,Sat,2026-04-11 00:00:00,Converting ,Delta 1,,,,,,,,,,0,0,Grand Total,,,0,0,,,,,
15,Sun,2026-04-12 00:00:00,Converting ,Delta 1,,,,,,,,,,0,0,Grand Total,,,0,0,,,,,
16,Mon,2026-04-13 00:00:00,Converting ,Delta 1,,,,,,,,,,0,0,Grand Total,,,0,0,,,,,
16,Tue,2026-04-14 00:00:00,Converting ,Delta 1,,,,,,,,,,0,0,Grand Total,,,0,0,,,,,
16,Wed,2026-04-15 00:00:00,Converting ,Delta 1,,,,,,,,,,0,0,Grand Total,,,0,0,,,,,
16,Thu,2026-04-16 00:00:00,Converting ,Delta 1,,,,,,,,,,0,0,Grand Total,,,0,0,,,,,
16,Fri,2026-04-17 00:00:00,Converting ,Delta 1,,,,,,,,,,0,0,Grand Total,,,0,0,,,,,
16,Sat,2026-04-18 00:00:00,Converting ,Delta 1,,,,,,,,,,0,0,Grand Total,,,0,0,,,,,
16,Sun,2026-04-19 00:00:00,Converting ,Delta 1,,,,,,,,,,0,0,Grand Total,,,0,0,,,,,
17,Mon,2026-04-20 00:00:00,Converting ,Delta 1,,,,,,,,,,0,0,Grand Total,,,0,0,,,,,
17,Tue,2026-04-21 00:00:00,Converting ,Delta 1,,,,,,,,,,0,0,Grand Total,,,0,0,,,,,
17,Wed,2026-04-22 00:00:00,Converting ,Delta 1,,,,,,,,,,0,0,Grand Total,,,0,0,,,,,
17,Thu,2026-04-23 00:00:00,Converting ,Delta 1,,,,,,,,,,0,0,Grand Total,,,0,0,,,,,
17,Fri,2026-04-24 00:00:00,Converting ,Delta 1,,,,,,,,,,0,0,Grand Total,,,0,0,,,,,
17,Sat,2026-04-25 00:00:00,Converting ,Delta 1,,,,,,,,,,0,0,Grand Total,,,0,0,,,,,
17,Sun,2026-04-26 00:00:00,Converting ,Delta 1,,,,,,,,,,0,0,Grand Total,,,0,0,,,,,
18,Mon,2026-04-27 00:00:00,Converting ,Delta 1,,,,,,,,,,0,0,Grand Total,,,0,0,,,,,
18,Tue,2026-04-28 00:00:00,Converting ,Delta 1,,,,,,,,,,0,0,Grand Total,,,0,0,,,,,
18,Wed,2026-04-29 00:00:00,Converting ,Delta 1,,,,,,,,,,0,0,Grand Total,,,0,0,,,,,
18,Thu,2026-04-30 00:00:00,Converting ,Delta 1,,,,,,,,,,0,0,Grand Total,,,0,0,,,,,
18,Fri,2026-05-01 00:00:00,Converting ,Delta 1,,,,,,,,,,0,0,Grand Total,,,0,0,,,,,
18,Sat,2026-05-02 00:00:00,Converting ,Delta 1,,,,,,,,,,0,0,Grand Total,,,0,0,,,,,
18,Sun,2026-05-03 00:00:00,Converting ,Delta 1,,,,,,,,,,0,0,Grand Total,,,0,0,,,,,
19,Mon,2026-05-04 00:00:00,Converting ,Delta 1,,,,,,,,,,0,0,Grand Total,,,0,0,,,,,
19,Tue,2026-05-05 00:00:00,Converting ,Delta 1,,,,,,,,,,0,0,Grand Total,,,0,0,,,,,
19,Wed,2026-05-06 00:00:00,Converting ,Delta 1,,,,,,,,,,0,0,Grand Total,,,0,0,,,,,
19,Thu,2026-05-07 00:00:00,Converting ,Delta 1,,,,,,,,,,0,0,Grand Total,,,0,0,,,,,
19,Fri,2026-05-08 00:00:00,Converting ,Delta 1,,,,,,,,,,0,0,Grand Total,,,0,0,,,,,
19,Sat,2026-05-09 00:00:00,Converting ,Delta 1,,,,,,,,,,0,0,Grand Total,,,0,0,,,,,
19,Sun,2026-05-10 00:00:00,Converting ,Delta 1,,,,,,,,,,0,0,Grand Total,,,0,0,,,,,
20,Mon,2026-05-11 00:00:00,Converting ,Delta 1,,,,,,,,,,0,0,Grand Total,,,0,0,,,,,
20,Tue,2026-05-12 00:00:00,Converting ,Delta 1,,,,,,,,,,0,0,Grand Total,,,0,0,,,,,
20,Wed,2026-05-13 00:00:00,Converting ,Delta 1,,,,,,,,,,0,0,Grand Total,,,0,0,,,,,
20,Thu,2026-05-14 00:00:00,Converting ,Delta 1,,,,,,,,,,0,0,Grand Total,,,0,0,,,,,
20,Fri,2026-05-15 00:00:00,Converting ,Delta 1,,,,,,,,,,0,0,Grand Total,,,0,0,,,,,
20,Sat,2026-05-16 00:00:00,Converting ,Delta 1,,,,,,,,,,0,0,Grand Total,,,0,0,,,,,
20,Sun,2026-05-17 00:00:00,Converting ,Delta 1,,,,,,,,,,0,0,Grand Total,,,0,0,,,,,
21,Mon,2026-05-18 00:00:00,Converting ,Delta 1,,,,,,,,,,0,0,Grand Total,,,0,0,,,,,
21,Tue,2026-05-19 00:00:00,Converting ,Delta 1,,,,,,,,,,0,0,Grand Total,,,0,0,,,,,
21,Wed,2026-05-20 00:00:00,Converting ,Delta 1,,,,,,,,,,0,0,Grand Total,,,0,0,,,,,
21,Thu,2026-05-21 00:00:00,Converting ,Delta 1,,,,,,,,,,0,0,Grand Total,,,0,0,,,,,
21,Fri,2026-05-22 00:00:00,Converting ,Delta 1,,,,,,,,,,0,0,Grand Total,,,0,0,,,,,
21,Sat,2026-05-23 00:00:00,Converting ,Delta 1,,,,,,,,,,0,0,Grand Total,,,0,0,,,,,
21,Sun,2026-05-24 00:00:00,Converting ,Delta 1,,,,,,,,,,0,0,Grand Total,,,0,0,,,,,
22,Mon,2026-05-25 00:00:00,Converting ,Delta 1,,,,,,,,,,0,0,Grand Total,,,0,0,,,,,
22,Tue,2026-05-26 00:00:00,Converting ,Delta 1,,,,,,,,,,0,0,Grand Total,,,0,0,,,,,
22,Wed,2026-05-27 00:00:00,Converting ,Delta 1,,,,,,,,,,0,0,Grand Total,,,0,0,,,,,
22,Thu,2026-05-28 00:00:00,Converting ,Delta 1,,,,,,,,,,0,0,Grand Total,,,0,0,,,,,
22,Fri,2026-05-29 00:00:00,Converting ,Delta 1,,,,,,,,,,0,0,Grand Total,,,0,0,,,,,
22,Sat,2026-05-30 00:00:00,Converting ,Delta 1,,,,,,,,,,0,0,Grand Total,,,0,0,,,,,
22,Sun,2026-05-31 00:00:00,Converting ,Delta 1,,,,,,,,,,0,0,Grand Total,,,0,0,,,,,
23,Mon,2026-06-01 00:00:00,Converting ,Delta 1,,,,,,,,,,0,0,Grand Total,,,0,0,,,,,
23,Tue,2026-06-02 00:00:00,Converting ,Delta 1,,,,,,,,,,0,0,Grand Total,,,0,0,,,,,
23,Wed,2026-06-03 00:00:00,Converting ,Delta 1,,,,,,,,,,0,0,Grand Total,,,0,0,,,,,
23,Thu,2026-06-04 00:00:00,Converting ,Delta 1,,,,,,,,,,0,0,Grand Total,,,0,0,,,,,
23,Fri,2026-06-05 00:00:00,Converting ,Delta 1,,,,,,,,,,0,0,Grand Total,,,0,0,,,,,
23,Sat,2026-06-06 00:00:00,Converting ,Delta 1,,,,,,,,,,0,0,Grand Total,,,0,0,,,,,
23,Sun,2026-06-07 00:00:00,Converting ,Delta 1,,,,,,,,,,0,0,Grand Total,,,0,0,,,,,
24,Mon,2026-06-08 00:00:00,Converting ,Delta 1,,,,,,,,,,0,0,Grand Total,,,0,0,,,,,
24,Tue,2026-06-09 00:00:00,Converting ,Delta 1,,,,,,,,,,0,0,Grand Total,,,0,0,,,,,
24,Wed,2026-06-10 00:00:00,Converting ,Delta 1,,,,,,,,,,0,0,Grand Total,,,0,0,,,,,
24,Thu,2026-06-11 00:00:00,Converting ,Delta 1,,,,,,,,,,0,0,Grand Total,,,0,0,,,,,
24,Fri,2026-06-12 00:00:00,Converting ,Delta 1,,,,,,,,,,0,0,Grand Total,,,0,0,,,,,
24,Sat,2026-06-13 00:00:00,Converting ,Delta 1,,,,,,,,,,0,0,Grand Total,,,0,0,,,,,
24,Sun,2026-06-14 00:00:00,Converting ,Delta 1,,,,,,,,,,0,0,Grand Total,,,0,0,,,,,
25,Mon,2026-06-15 00:00:00,Converting ,Delta 1,,,,,,,,,,0,0,Grand Total,,,0,0,,,,,
25,Tue,2026-06-16 00:00:00,Converting ,Delta 1,,,,,,,,,,0,0,Grand Total,,,0,0,,,,,
25,Wed,2026-06-17 00:00:00,Converting ,Delta 1,,,,,,,,,,0,0,Grand Total,,,0,0,,,,,
25,Thu,2026-06-18 00:00:00,Converting ,Delta 1,,,,,,,,,,0,0,Grand Total,,,0,0,,,,,
25,Fri,2026-06-19 00:00:00,Converting ,Delta 1,,,,,,,,,,0,0,Grand Total,,,0,0,,,,,
25,Sat,2026-06-20 00:00:00,Converting ,Delta 1,,,,,,,,,,0,0,Grand Total,,,0,0,,,,,
25,Sun,2026-06-21 00:00:00,Converting ,Delta 1,,,,,,,,,,0,0,Grand Total,,,0,0,,,,,
26,Mon,2026-06-22 00:00:00,Converting ,Delta 1,,,,,,,,,,0,0,Grand Total,,,0,0,,,,,
26,Tue,2026-06-23 00:00:00,Converting ,Delta 1,,,,,,,,,,0,0,Grand Total,,,0,0,,,,,
26,Wed,2026-06-24 00:00:00,Converting ,Delta 1,,,,,,,,,,0,0,Grand Total,,,0,0,,,,,
26,Thu,2026-06-25 00:00:00,Converting ,Delta 1,,,,,,,,,,0,0,Grand Total,,,0,0,,,,,
26,Fri,2026-06-26 00:00:00,Converting ,Delta 1,,,,,,,,,,0,0,Grand Total,,,0,0,,,,,
26,Sat,2026-06-27 00:00:00,Converting ,Delta 1,,,,,,,,,,0,0,Grand Total,,,0,0,,,,,
26,Sun,2026-06-28 00:00:00,Converting ,Delta 1,,,,,,,,,,0,0,Grand Total,,,0,0,,,,,
27,Mon,2026-06-29 00:00:00,Converting ,Delta 1,,,,,,,,,,0,0,Grand Total,,,0,0,,,,,
27,Tue,2026-06-30 00:00:00,Converting ,Delta 1,,,,,,,,,,0,0,Grand Total,,,0,0,,,,,
27,Wed,2026-07-01 00:00:00,Converting ,Delta 1,,,,,,,,,,0,0,Grand Total,,,0,0,,,,,
27,Thu,2026-07-02 00:00:00,Converting ,Delta 1,,,,,,,,,,0,0,Grand Total,,,0,0,,,,,
27,Fri,2026-07-03 00:00:00,Converting ,Delta 1,,,,,,,,,,0,0,Grand Total,,,0,0,,,,,
27,Sat,2026-07-04 00:00:00,Converting ,Delta 1,,,,,,,,,,0,0,Grand Total,,,0,0,,,,,
27,Sun,2026-07-05 00:00:00,Converting ,Delta 1,,,,,,,,,,0,0,Grand Total,,,0,0,,,,,
28,Mon,2026-07-06 00:00:00,Converting ,Delta 1,,,,,,,,,,0,0,Grand Total,,,0,0,,,,,
28,Tue,2026-07-07 00:00:00,Converting ,Delta 1,,,,,,,,,,0,0,Grand Total,,,0,0,,,,,
28,Wed,2026-07-08 00:00:00,Converting ,Delta 1,,,,,,,,,,0,0,Grand Total,,,0,0,,,,,
28,Thu,2026-07-09 00:00:00,Converting ,Delta 1,,,,,,,,,,0,0,Grand Total,,,0,0,,,,,
28,Fri,2026-07-10 00:00:00,Converting ,Delta 1,,,,,,,,,,0,0,Grand Total,,,0,0,,,,,
28,Sat,2026-07-11 00:00:00,Converting ,Delta 1,,,,,,,,,,0,0,Grand Total,,,0,0,,,,,
28,Sun,2026-07-12 00:00:00,Converting ,Delta 1,,,,,,,,,,0,0,Grand Total,,,0,0,,,,,
29,Mon,2026-07-13 00:00:00,Converting ,Delta 1,,,,,,,,,,0,0,Grand Total,,,0,0,,,,,
29,Tue,2026-07-14 00:00:00,Converting ,Delta 1,,,,,,,,,,0,0,Grand Total,,,0,0,,,,,
29,Wed,2026-07-15 00:00:00,Converting ,Delta 1,,,,,,,,,,0,0,Grand Total,,,0,0,,,,,
29,Thu,2026-07-16 00:00:00,Converting ,Delta 1,,,,,,,,,,0,0,Grand Total,,,0,0,,,,,
29,Fri,2026-07-17 00:00:00,Converting ,Delta 1,,,,,,,,,,0,0,Grand Total,,,0,0,,,,,
29,Sat,2026-07-18 00:00:00,Converting ,Delta 1,,,,,,,,,,0,0,Grand Total,,,0,0,,,,,
29,Sun,2026-07-19 00:00:00,Converting ,Delta 1,,,,,,,,,,0,0,Grand Total,,,0,0,,,,,
30,Mon,2026-07-20 00:00:00,Converting ,Delta 1,,,,,,,,,,0,0,Grand Total,,,0,0,,,,,
30,Tue,2026-07-21 00:00:00,Converting ,Delta 1,,,,,,,,,,0,0,Grand Total,,,0,0,,,,,
30,Wed,2026-07-22 00:00:00,Converting ,Delta 1,,,,,,,,,,0,0,Grand Total,,,0,0,,,,,
30,Thu,2026-07-23 00:00:00,Converting ,Delta 1,,,,,,,,,,0,0,Grand Total,,,0,0,,,,,
30,Fri,2026-07-24 00:00:00,Converting ,Delta 1,,,,,,,,,,0,0,Grand Total,,,0,0,,,,,
30,Sat,2026-07-25 00:00:00,Converting ,Delta 1,,,,,,,,,,0,0,Grand Total,,,0,0,,,,,
30,Sun,2026-07-26 00:00:00,Converting ,Delta 1,,,,,,,,,,0,0,Grand Total,,,0,0,,,,,
31,Mon,2026-07-27 00:00:00,Converting ,Delta 1,,,,,,,,,,0,0,Grand Total,,,0,0,,,,,
31,Tue,2026-07-28 00:00:00,Converting ,Delta 1,,,,,,,,,,0,0,Grand Total,,,0,0,,,,,
31,Wed,2026-07-29 00:00:00,Converting ,Delta 1,,,,,,,,,,0,0,Grand Total,,,0,0,,,,,
31,Thu,2026-07-30 00:00:00,Converting ,Delta 1,,,,,,,,,,0,0,Grand Total,,,0,0,,,,,
31,Fri,2026-07-31 00:00:00,Converting ,Delta 1,,,,,,,,,,0,0,Grand Total,,,0,0,,,,,
31,Sat,2026-08-01 00:00:00,Converting ,Delta 1,,,,,,,,,,0,0,Grand Total,,,0,0,,,,,
31,Sun,2026-08-02 00:00:00,Converting ,Delta 1,,,,,,,,,,0,0,Grand Total,,,0,0,,,,,
32,Mon,2026-08-03 00:00:00,Converting ,Delta 1,,,,,,,,,,0,0,Grand Total,,,0,0,,,,,
32,Tue,2026-08-04 00:00:00,Converting ,Delta 1,,,,,,,,,,0,0,Grand Total,,,0,0,,,,,
32,Wed,2026-08-05 00:00:00,Converting ,Delta 1,,,,,,,,,,0,0,Grand Total,,,0,0,,,,,
32,Thu,2026-08-06 00:00:00,Converting ,Delta 1,,,,,,,,,,0,0,Grand Total,,,0,0,,,,,
32,Fri,2026-08-07 00:00:00,Converting ,Delta 1,,,,,,,,,,0,0,Grand Total,,,0,0,,,,,
32,Sat,2026-08-08 00:00:00,Converting ,Delta 1,,,,,,,,,,0,0,Grand Total,,,0,0,,,,,
32,Sun,2026-08-09 00:00:00,Converting ,Delta 1,,,,,,,,,,0,0,Grand Total,,,0,0,,,,,
33,Mon,2026-08-10 00:00:00,Converting ,Delta 1,,,,,,,,,,0,0,Grand Total,,,0,0,,,,,
33,Tue,2026-08-11 00:00:00,Converting ,Delta 1,,,,,,,,,,0,0,Grand Total,,,0,0,,,,,
33,Wed,2026-08-12 00:00:00,Converting ,Delta 1,,,,,,,,,,0,0,Grand Total,,,0,0,,,,,
33,Thu,2026-08-13 00:00:00,Converting ,Delta 1,,,,,,,,,,0,0,Grand Total,,,0,0,,,,,
33,Fri,2026-08-14 00:00:00,Converting ,Delta 1,,,,,,,,,,0,0,Grand Total,,,0,0,,,,,
33,Sat,2026-08-15 00:00:00,Converting ,Delta 1,,,,,,,,,,0,0,Grand Total,,,0,0,,,,,
33,Sun,2026-08-16 00:00:00,Converting ,Delta 1,,,,,,,,,,0,0,Grand Total,,,0,0,,,,,
34,Mon,2026-08-17 00:00:00,Converting ,Delta 1,,,,,,,,,,0,0,Grand Total,,,0,0,,,,,
34,Tue,2026-08-18 00:00:00,Converting ,Delta 1,,,,,,,,,,0,0,Grand Total,,,0,0,,,,,
34,Wed,2026-08-19 00:00:00,Converting ,Delta 1,,,,,,,,,,0,0,Grand Total,,,0,0,,,,,
34,Thu,2026-08-20 00:00:00,Converting ,Delta 1,,,,,,,,,,0,0,Grand Total,,,0,0,,,,,
34,Fri,2026-08-21 00:00:00,Converting ,Delta 1,,,,,,,,,,0,0,Grand Total,,,0,0,,,,,
34,Sat,2026-08-22 00:00:00,Converting ,Delta 1,,,,,,,,,,0,0,Grand Total,,,0,0,,,,,
34,Sun,2026-08-23 00:00:00,Converting ,Delta 1,,,,,,,,,,0,0,Grand Total,,,0,0,,,,,
35,Mon,2026-08-24 00:00:00,Converting ,Delta 1,,,,,,,,,,0,0,Grand Total,,,0,0,,,,,
35,Tue,2026-08-25 00:00:00,Converting ,Delta 1,,,,,,,,,,0,0,Grand Total,,,0,0,,,,,
35,Wed,2026-08-26 00:00:00,Converting ,Delta 1,,,,,,,,,,0,0,Grand Total,,,0,0,,,,,
35,Thu,2026-08-27 00:00:00,Converting ,Delta 1,,,,,,,,,,0,0,Grand Total,,,0,0,,,,,
35,Fri,2026-08-28 00:00:00,Converting ,Delta 1,,,,,,,,,,0,0,Grand Total,,,0,0,,,,,
35,Sat,2026-08-29 00:00:00,Converting ,Delta 1,,,,,,,,,,0,0,Grand Total,,,0,0,,,,,
35,Sun,2026-08-30 00:00:00,Converting ,Delta 1,,,,,,,,,,0,0,Grand Total,,,0,0,,,,,
36,Mon,2026-08-31 00:00:00,Converting ,Delta 1,,,,,,,,,,0,0,Grand Total,,,0,0,,,,,
36,Tue,2026-09-01 00:00:00,Converting ,Delta 1,,,,,,,,,,0,0,Grand Total,,,0,0,,,,,
36,Wed,2026-09-02 00:00:00,Converting ,Delta 1,,,,,,,,,,0,0,Grand Total,,,0,0,,,,,
36,Thu,2026-09-03 00:00:00,Converting ,Delta 1,,,,,,,,,,0,0,Grand Total,,,0,0,,,,,
36,Fri,2026-09-04 00:00:00,Converting ,Delta 1,,,,,,,,,,0,0,Grand Total,,,0,0,,,,,
36,Sat,2026-09-05 00:00:00,Converting ,Delta 1,,,,,,,,,,0,0,Grand Total,,,0,0,,,,,
36,Sun,2026-09-06 00:00:00,Converting ,Delta 1,,,,,,,,,,0,0,Grand Total,,,0,0,,,,,
37,Mon,2026-09-07 00:00:00,Converting ,Delta 1,,,,,,,,,,0,0,Grand Total,,,0,0,,,,,
37,Tue,2026-09-08 00:00:00,Converting ,Delta 1,,,,,,,,,,0,0,Grand Total,,,0,0,,,,,
37,Wed,2026-09-09 00:00:00,Converting ,Delta 1,,,,,,,,,,0,0,Grand Total,,,0,0,,,,,
37,Thu,2026-09-10 00:00:00,Converting ,Delta 1,,,,,,,,,,0,0,Grand Total,,,0,0,,,,,
37,Fri,2026-09-11 00:00:00,Converting ,Delta 1,,,,,,,,,,0,0,Grand Total,,,0,0,,,,,
37,Sat,2026-09-12 00:00:00,Converting ,Delta 1,,,,,,,,,,0,0,Grand Total,,,0,0,,,,,
37,Sun,2026-09-13 00:00:00,Converting ,Delta 1,,,,,,,,,,0,0,Grand Total,,,0,0,,,,,
38,Mon,2026-09-14 00:00:00,Converting ,Delta 1,,,,,,,,,,0,0,Grand Total,,,0,0,,,,,
38,Tue,2026-09-15 00:00:00,Converting ,Delta 1,,,,,,,,,,0,0,Grand Total,,,0,0,,,,,
38,Wed,2026-09-16 00:00:00,Converting ,Delta 1,,,,,,,,,,0,0,Grand Total,,,0,0,,,,,
38,Thu,2026-09-17 00:00:00,Converting ,Delta 1,,,,,,,,,,0,0,Grand Total,,,0,0,,,,,
38,Fri,2026-09-18 00:00:00,Converting ,Delta 1,,,,,,,,,,0,0,Grand Total,,,0,0,,,,,
38,Sat,2026-09-19 00:00:00,Converting ,Delta 1,,,,,,,,,,0,0,Grand Total,,,0,0,,,,,
38,Sun,2026-09-20 00:00:00,Converting ,Delta 1,,,,,,,,,,0,0,Grand Total,,,0,0,,,,,
39,Mon,2026-09-21 00:00:00,Converting ,Delta 1,,,,,,,,,,0,0,Grand Total,,,0,0,,,,,
39,Tue,2026-09-22 00:00:00,Converting ,Delta 1,,,,,,,,,,0,0,Grand Total,,,0,0,,,,,
39,Thu,2026-09-24 00:00:00,Converting ,Delta 1,,,,,,,,,,0,0,Grand Total,,,0,0,,,,,
39,Fri,2026-09-25 00:00:00,Converting ,Delta 1,,,,,,,,,,0,0,Grand Total,,,0,0,,,,,
39,Sat,2026-09-26 00:00:00,Converting ,Delta 1,,,,,,,,,,0,0,Grand Total,,,0,0,,,,,
39,Sun,2026-09-27 00:00:00,Converting ,Delta 1,,,,,,,,,,0,0,Grand Total,,,0,0,,,,,
40,Mon,2026-09-28 00:00:00,Converting ,Delta 1,,,,,,,,,,0,0,Grand Total,,,0,0,,,,,
40,Tue,2026-09-29 00:00:00,Converting ,Delta 1,,,,,,,,,,0,0,Grand Total,,,0,0,,,,,
40,Wed,2026-09-30 00:00:00,Converting ,Delta 1,,,,,,,,,,0,0,Grand Total,,,0,0,,,,,
40,Thu,2026-10-01 00:00:00,Converting ,Delta 1,,,,,,,,,,0,0,Grand Total,,,0,0,,,,,
40,Fri,2026-10-02 00:00:00,Converting ,Delta 1,,,,,,,,,,0,0,Grand Total,,,0,0,,,,,
40,Sat,2026-10-03 00:00:00,Converting ,Delta 1,,,,,,,,,,0,0,Grand Total,,,0,0,,,,,
40,Sun,2026-10-04 00:00:00,Converting ,Delta 1,,,,,,,,,,0,0,Grand Total,,,0,0,,,,,
41,Mon,2026-10-05 00:00:00,Converting ,Delta 1,,,,,,,,,,0,0,Grand Total,,,0,0,,,,,
41,Tue,2026-10-06 00:00:00,Converting ,Delta 1,,,,,,,,,,0,0,Grand Total,,,0,0,,,,,
41,Wed,2026-10-07 00:00:00,Converting ,Delta 1,,,,,,,,,,0,0,Grand Total,,,0,0,,,,,
41,Thu,2026-10-08 00:00:00,Converting ,Delta 1,,,,,,,,,,0,0,Grand Total,,,0,0,,,,,
41,Fri,2026-10-09 00:00:00,Converting ,Delta 1,,,,,,,,,,0,0,Grand Total,,,0,0,,,,,
41,Sat,2026-10-10 00:00:00,Converting ,Delta 1,,,,,,,,,,0,0,Grand Total,,,0,0,,,,,
41,Sun,2026-10-11 00:00:00,Converting ,Delta 1,,,,,,,,,,0,0,Grand Total,,,0,0,,,,,
42,Mon,2026-10-12 00:00:00,Converting ,Delta 1,,,,,,,,,,0,0,Grand Total,,,0,0,,,,,
42,Tue,2026-10-13 00:00:00,Converting ,Delta 1,,,,,,,,,,0,0,Grand Total,,,0,0,,,,,
42,Wed,2026-10-14 00:00:00,Converting ,Delta 1,,,,,,,,,,0,0,Grand Total,,,0,0,,,,,
42,Thu,2026-10-15 00:00:00,Converting ,Delta 1,,,,,,,,,,0,0,Grand Total,,,0,0,,,,,
42,Fri,2026-10-16 00:00:00,Converting ,Delta 1,,,,,,,,,,0,0,Grand Total,,,0,0,,,,,
42,Sat,2026-10-17 00:00:00,Converting ,Delta 1,,,,,,,,,,0,0,Grand Total,,,0,0,,,,,
42,Sun,2026-10-18 00:00:00,Converting ,Delta 1,,,,,,,,,,0,0,Grand Total,,,0,0,,,,,
43,Mon,2026-10-19 00:00:00,Converting ,Delta 1,,,,,,,,,,0,0,Grand Total,,,0,0,,,,,
43,Tue,2026-10-20 00:00:00,Converting ,Delta 1,,,,,,,,,,0,0,Grand Total,,,0,0,,,,,
43,Wed,2026-10-21 00:00:00,Converting ,Delta 1,,,,,,,,,,0,0,Grand Total,,,0,0,,,,,
43,Thu,2026-10-22 00:00:00,Converting ,Delta 1,,,,,,,,,,0,0,Grand Total,,,0,0,,,,,
43,Fri,2026-10-23 00:00:00,Converting ,Delta 1,,,,,,,,,,0,0,Grand Total,,,0,0,,,,,
43,Sat,2026-10-24 00:00:00,Converting ,Delta 1,,,,,,,,,,0,0,Grand Total,,,0,0,,,,,
43,Sun,2026-10-25 00:00:00,Converting ,Delta 1,,,,,,,,,,0,0,Grand Total,,,0,0,,,,,
44,Mon,2026-10-26 00:00:00,Converting ,Delta 1,,,,,,,,,,0,0,Grand Total,,,0,0,,,,,
44,Tue,2026-10-27 00:00:00,Converting ,Delta 1,,,,,,,,,,0,0,Grand Total,,,0,0,,,,,
44,Wed,2026-10-28 00:00:00,Converting ,Delta 1,,,,,,,,,,0,0,Grand Total,,,0,0,,,,,
44,Thu,2026-10-29 00:00:00,Converting ,Delta 1,,,,,,,,,,0,0,Grand Total,,,0,0,,,,,
44,Fri,2026-10-30 00:00:00,Converting ,Delta 1,,,,,,,,,,0,0,Grand Total,,,0,0,,,,,
44,Sat,2026-10-31 00:00:00,Converting ,Delta 1,,,,,,,,,,0,0,Grand Total,,,0,0,,,,,
44,Sun,2026-11-01 00:00:00,Converting ,Delta 1,,,,,,,,,,0,0,Grand Total,,,0,0,,,,,
45,Mon,2026-11-02 00:00:00,Converting ,Delta 1,,,,,,,,,,0,0,Grand Total,,,0,0,,,,,
45,Tue,2026-11-03 00:00:00,Converting ,Delta 1,,,,,,,,,,0,0,Grand Total,,,0,0,,,,,
45,Wed,2026-11-04 00:00:00,Converting ,Delta 1,,,,,,,,,,0,0,Grand Total,,,0,0,,,,,
45,Thu,2026-11-05 00:00:00,Converting ,Delta 1,,,,,,,,,,0,0,Grand Total,,,0,0,,,,,
45,Fri,2026-11-06 00:00:00,Converting ,Delta 1,,,,,,,,,,0,0,Grand Total,,,0,0,,,,,
45,Sat,2026-11-07 00:00:00,Converting ,Delta 1,,,,,,,,,,0,0,Grand Total,,,0,0,,,,,
45,Sun,2026-11-08 00:00:00,Converting ,Delta 1,,,,,,,,,,0,0,Grand Total,,,0,0,,,,,
46,Mon,2026-11-09 00:00:00,Converting ,Delta 1,,,,,,,,,,0,0,Grand Total,,,0,0,,,,,
46,Tue,2026-11-10 00:00:00,Converting ,Delta 1,,,,,,,,,,0,0,Grand Total,,,0,0,,,,,
46,Wed,2026-11-11 00:00:00,Converting ,Delta 1,,,,,,,,,,0,0,Grand Total,,,0,0,,,,,
46,Thu,2026-11-12 00:00:00,Converting ,Delta 1,,,,,,,,,,0,0,Grand Total,,,0,0,,,,,
46,Fri,2026-11-13 00:00:00,Converting ,Delta 1,,,,,,,,,,0,0,Grand Total,,,0,0,,,,,
46,Sat,2026-11-14 00:00:00,Converting ,Delta 1,,,,,,,,,,0,0,Grand Total,,,0,0,,,,,
46,Sun,2026-11-15 00:00:00,Converting ,Delta 1,,,,,,,,,,0,0,Grand Total,,,0,0,,,,,
47,Mon,2026-11-16 00:00:00,Converting ,Delta 1,,,,,,,,,,0,0,Grand Total,,,0,0,,,,,
47,Tue,2026-11-17 00:00:00,Converting ,Delta 1,,,,,,,,,,0,0,Grand Total,,,0,0,,,,,
47,Wed,2026-11-18 00:00:00,Converting ,Delta 1,,,,,,,,,,0,0,Grand Total,,,0,0,,,,,
47,Thu,2026-11-19 00:00:00,Converting ,Delta 1,,,,,,,,,,0,0,Grand Total,,,0,0,,,,,
47,Fri,2026-11-20 00:00:00,Converting ,Delta 1,,,,,,,,,,0,0,Grand Total,,,0,0,,,,,
47,Sat,2026-11-21 00:00:00,Converting ,Delta 1,,,,,,,,,,0,0,Grand Total,,,0,0,,,,,
47,Sun,2026-11-22 00:00:00,Converting ,Delta 1,,,,,,,,,,0,0,Grand Total,,,0,0,,,,,
48,Mon,2026-11-23 00:00:00,Converting ,Delta 1,,,,,,,,,,0,0,Grand Total,,,0,0,,,,,
48,Tue,2026-11-24 00:00:00,Converting ,Delta 1,,,,,,,,,,0,0,Grand Total,,,0,0,,,,,
48,Wed,2026-11-25 00:00:00,Converting ,Delta 1,,,,,,,,,,0,0,Grand Total,,,$,0,,,,,
48,Thu,2026-11-26 00:00:00,Converting ,Delta 1,,,,,,,,,,0,0,Grand Total,,,0,0,,,,,
48,Fri,2026-11-27 00:00:00,Converting ,Delta 1,,,,,,,,,,0,0,Grand Total,,,0,0,,,,,
48,Sat,2026-11-28 00:00:00,Converting ,Delta 1,,,,,,,,,,0,0,Grand Total,,,0,0,,,,,
48,Sun,2026-11-29 00:00:00,Converting ,Delta 1,,,,,,,,,,0,0,Grand Total,,,0,0,,,,,
49,Mon,2026-11-30 00:00:00,Converting ,Delta 1,,,,,,,,,,0,0,Grand Total,,,0,0,,,,,
49,Tue,2026-12-01 00:00:00,Converting ,Delta 1,,,,,,,,,,0,0,Grand Total,,,0,0,,,,,
49,Wed,2026-12-02 00:00:00,Converting ,Delta 1,,,,,,,,,,0,0,Grand Total,,,0,0,,,,,
49,Thu,2026-12-03 00:00:00,Converting ,Delta 1,,,,,,,,,,0,0,Grand Total,,,0,0,,,,,
49,Fri,2026-12-04 00:00:00,Converting ,Delta 1,,,,,,,,,,0,0,Grand Total,,,0,0,,,,,
49,Sat,2026-12-05 00:00:00,Converting ,Delta 1,,,,,,,,,,0,0,Grand Total,,,0,0,,,,,
49,Sun,2026-12-06 00:00:00,Converting ,Delta 1,,,,,,,,,,0,0,Grand Total,,,0,0,,,,,
50,Mon,2026-12-07 00:00:00,Converting ,Delta 1,,,,,,,,,,0,0,Grand Total,,,0,0,,,,,
50,Tue,2026-12-08 00:00:00,Converting ,Delta 1,,,,,,,,,,0,0,Grand Total,,,0,0,,,,,
50,Wed,2026-12-09 00:00:00,Converting ,Delta 1,,,,,,,,,,0,0,Grand Total,,,0,0,,,,,
50,Thu,2026-12-10 00:00:00,Converting ,Delta 1,,,,,,,,,,0,0,Grand Total,,,0,0,,,,,
50,Fri,2026-12-11 00:00:00,Converting ,Delta 1,,,,,,,,,,0,0,Grand Total,,,0,0,,,,,
50,Sat,2026-12-12 00:00:00,Converting ,Delta 1,,,,,,,,,,0,0,Grand Total,,,0,0,,,,,
50,Sun,2026-12-13 00:00:00,Converting ,Delta 1,,,,,,,,,,0,0,Grand Total,,,0,0,,,,,
51,Mon,2026-12-14 00:00:00,Converting ,Delta 1,,,,,,,,,,0,0,Grand Total,,,0,0,,,,,
51,Tue,2026-12-15 00:00:00,Converting ,Delta 1,,,,,,,,,,0,0,Grand Total,,,0,0,,,,,
51,Wed,2026-12-16 00:00:00,Converting ,Delta 1,,,,,,,,,,0,0,Grand Total,,,0,0,,,,,
51,Thu,2026-12-17 00:00:00,Converting ,Delta 1,,,,,,,,,,0,0,Grand Total,,,0,0,,,,,
51,Fri,2026-12-18 00:00:00,Converting ,Delta 1,,,,,,,,,,0,0,Grand Total,,,0,0,,,,,
51,Sat,2026-12-19 00:00:00,Converting ,Delta 1,,,,,,,,,,0,0,Grand Total,,,0,0,,,,,
51,Sun,2026-12-20 00:00:00,Converting ,Delta 1,,,,,,,,,,0,0,Grand Total,,,0,0,,,,,
52,Mon,2026-12-21 00:00:00,Converting ,Delta 1,,,,,,,,,,0,0,Grand Total,,,0,0,,,,,
52,Tue,2026-12-22 00:00:00,Converting ,Delta 1,,,,,,,,,,0,0,Grand Total,,,0,0,,,,,
52,Wed,2026-12-23 00:00:00,Converting ,Delta 1,,,,,,,,,,0,0,Grand Total,,,0,0,,,,,
52,Thu,2026-12-24 00:00:00,Converting ,Delta 1,,,,,,,,,,0,0,Grand Total,,,0,0,,,,,
52,Fri,2026-12-25 00:00:00,Converting ,Delta 1,,,,,,,,,,0,0,Grand Total,,,0,0,,,,,
52,Sat,2026-12-26 00:00:00,Converting ,Delta 1,,,,,,,,,,0,0,Grand Total,,,0,0,,,,,
52,Sun,2026-12-27 00:00:00,Converting ,Delta 1,,,,,,,,,,0,0,Grand Total,,,0,0,,,,,
53,Mon,2026-12-28 00:00:00,Converting ,Delta 1,,,,,,,,,,0,0,Grand Total,,,0,0,,,,,
53,Tue,2026-12-29 00:00:00,Converting ,Delta 1,,,,,,,,,,0,0,Grand Total,,,0,0,,,,,
53,Wed,2026-12-30 00:00:00,Converting ,Delta 1,,,,,,,,,,0,0,Grand Total,,,0,0,,,,,
53,Thu,2026-12-31 00:00:00,Converting ,Delta 1,,,,,,,,,,0,0,Grand Total,,,0,0,,,,,
1,Thu,2026-01-01 00:00:00,Converting ,Delta 2,,,,,,,,,,0,0,Grand Total,,,0,0,,,,,
1,Fri,2026-01-02 00:00:00,Converting ,Delta 2,,,,,,,,,,0,0,Grand Total,,,0,0,,,,,
1,Sat,2026-01-03 00:00:00,Converting ,Delta 2,,,,,,,,,,0,0,Grand Total,,,0,0,,,,,
1,Sun,2026-01-04 00:00:00,Converting ,Delta 2,,,,,,,,,,0,0,Grand Total,,,0,0,,,,,
2,Mon,2026-01-05 00:00:00,Converting ,Delta 2,Yes,Pre-Sterile ,7482,53931,,14,2631,324,CS,10653.12,2277.040572000001,Grand Total,42,555,18248.4,3900.486165000001,,,,,
2,Tue,2026-01-06 00:00:00,Converting ,Delta 2,Yes,Pre-Sterile ,7482,53931,,14,2631,504,CS,16571.52,3542.063112000001,Grand Total,10,90,2959.2000000000003,632.5112700000002,,,,,
2,Wed,2026-01-07 00:00:00,Converting ,Delta 2,Yes,Pre-Sterile ,7482,53931,,14,2631,504,CS,16571.52,3542.063112000001,Grand Total,,,0,0,,,,,
2,Thu,2026-01-08 00:00:00,Converting ,Delta 2,Yes,Pre-Sterile ,7482,53931,,14,2631,504,CS,16571.52,3542.063112000001,Grand Total,,,0,0,,,,,
2,Fri,2026-01-09 00:00:00,Converting ,Delta 2,Yes,Pre-Sterile ,7482,53931,,14,2631,504,CS,16571.52,3542.063112000001,Grand Total,,,0,0,,,,,
2,Sat,2026-01-10 00:00:00,Converting ,Delta 2,,,,,,,,,,0,0,Grand Total,,,0,0,,,,,
2,Sun,2026-01-11 00:00:00,Converting ,Delta 2,,,,,,,,,,0,0,Grand Total,,,0,0,,,,,
3,Mon,2026-01-12 00:00:00,Converting ,Delta 2,Yes,Pre-Sterile ,7482,53931,,9,2631,291,CS,9568.08,2045.1197730000006,Grand Total,,,0,0,,,,,
3,Tue,2026-01-13 00:00:00,Converting ,Delta 2,Yes,Pre-Sterile ,7487,53929,,14,900,80,CS,21580.8,12088.98752,Grand Total,6,16,4316.16,2417.797504,,,,,
3,Wed,2026-01-14 00:00:00,Converting ,Delta 2,Yes,Pre-Sterile ,7487,53929,,14,900,120,CS,32371.199999999997,18133.48128,Grand Total,36,102,27515.52,15413.459088000001,,,,,
3,Thu,2026-01-15 00:00:00,Converting ,Delta 2,Yes,Pre-Sterile ,7487,53929,,14,900,120,CS,32371.199999999997,18133.48128,Grand Total,35,106,28594.559999999998,16017.908464,,,,,
3,Fri,2026-01-16 00:00:00,Converting ,Delta 2,Yes,Pre-Sterile ,7487,53929,,14,900,120,CS,32371.199999999997,18133.48128,Grand Total,57,191,51524.159999999996,28862.457704,,,,,
3,Sat,2026-01-17 00:00:00,Converting ,Delta 2,,,,,,,,,,0,0,Grand Total,,,0,0,,,,,
3,Sun,2026-01-18 00:00:00,Converting ,Delta 2,Yes,Pre-Sterile ,7487,53929,,14,900,120,CS,32371.199999999997,18133.48128,Grand Total,42,139,37496.64,21004.615816,,,,,
4,Mon,2026-01-19 00:00:00,Converting ,Delta 2,Yes,Pre-Sterile ,7487,53929,,14,900,120,CS,32371.199999999997,18133.48128,Grand Total,72,190,51254.4,28711.345360000003,,,,,
4,Tue,2026-01-20 00:00:00,Converting ,Delta 2,Yes,Pre-Sterile ,7487,53929,,14,900,120,CS,32371.199999999997,18133.48128,Grand Total,36,129,34799.04,19493.492376000002,,,,,
4,Wed,2026-01-21 00:00:00,Converting ,Delta 2,Yes,Pre-Sterile ,7487,53929,,13,900,100,CS,26976,15111.234400000001,Grand Total,21,43,11599.68,6497.830792000001,,,,,
4,Thu,2026-01-22 00:00:00,Converting ,Delta 2,Yes,Pre-Sterile ,7488,54636,,14,1080,45,CS,7668,2592.93726,Grand Total,,,0,0,No ,Material not available,007531 Paper Unprinted ETA 16-Feb.,,
4,Fri,2026-01-23 00:00:00,Converting ,Delta 2,Yes,Pre-Sterile ,7488,54636,,14,1080,70,CS,11928,4033.45796,Grand Total,,,0,0,No ,,,,
4,Sat,2026-01-24 00:00:00,Converting ,Delta 2,,,,,,,,,,0,0,Grand Total,,,0,0,,,,,
4,Sun,2026-01-25 00:00:00,Converting ,Delta 2,,,,,,,,,,0,0,Grand Total,,,0,0,,,,,
5,Mon,2026-01-26 00:00:00,Converting ,Delta 2,Yes,Pre-Sterile ,7488,54636,,14,1080,70,CS,11928,4033.45796,Grand Total,,,0,0,No ,,,,
5,Tue,2026-01-27 00:00:00,Converting ,Delta 2,Yes,Pre-Sterile ,7488,54636,,14,1080,70,CS,11928,4033.45796,Grand Total,,,0,0,No ,,,,
5,Wed,2026-01-28 00:00:00,Converting ,Delta 2,Yes,Pre-Sterile ,7488,54636,,14,1080,70,CS,11928,4033.45796,Grand Total,,,0,0,No ,,,,
5,Thu,2026-01-29 00:00:00,Converting ,Delta 2,Yes,Pre-Sterile ,7488,54636,,14,1080,70,CS,11928,4033.45796,Grand Total,,,0,0,No ,,,,
5,Fri,2026-01-30 00:00:00,Converting ,Delta 2,Yes,Pre-Sterile ,7488,54636,,14,1080,70,CS,11928,4033.45796,Grand Total,,,0,0,No ,,,,
5,Sat,2026-01-31 00:00:00,Converting ,Delta 2,,,,,,,,,,0,0,Grand Total,,,0,0,,,,,
5,Sun,2026-02-01 00:00:00,Converting ,Delta 2,,,,,,,,,,0,0,Grand Total,,,0,0,,,,,
6,Mon,2026-02-02 00:00:00,Converting ,Delta 2,,,,,,,,,,0,0,Grand Total,,,0,0,,,,,
6,Tue,2026-02-03 00:00:00,Converting ,Delta 2,,,,,,,,,,0,0,Grand Total,,,0,0,,,,,
6,Wed,2026-02-04 00:00:00,Converting ,Delta 2,,,,,,,,,,0,0,Grand Total,,,0,0,,,,,
6,Thu,2026-02-05 00:00:00,Converting ,Delta 2,,,,,,,,,,0,0,Grand Total,,,0,0,,,,,
6,Fri,2026-02-06 00:00:00,Converting ,Delta 2,,,,,,,,,,0,0,Grand Total,,,0,0,,,,,
6,Sat,2026-02-07 00:00:00,Converting ,Delta 2,,,,,,,,,,0,0,Grand Total,,,0,0,,,,,
6,Sun,2026-02-08 00:00:00,Converting ,Delta 2,,,,,,,,,,0,0,Grand Total,,,0,0,,,,,
7,Mon,2026-02-09 00:00:00,Converting ,Delta 2,,,,,,,,,,0,0,Grand Total,,,0,0,,,,,
7,Tue,2026-02-10 00:00:00,Converting ,Delta 2,,,,,,,,,,0,0,Grand Total,,,0,0,,,,,
7,Wed,2026-02-11 00:00:00,Converting ,Delta 2,,,,,,,,,,0,0,Grand Total,,,0,0,,,,,
7,Thu,2026-02-12 00:00:00,Converting ,Delta 2,,,,,,,,,,0,0,Grand Total,,,0,0,,,,,
7,Fri,2026-02-13 00:00:00,Converting ,Delta 2,,,,,,,,,,0,0,Grand Total,,,0,0,,,,,
7,Sat,2026-02-14 00:00:00,Converting ,Delta 2,,,,,,,,,,0,0,Grand Total,,,0,0,,,,,
7,Sun,2026-02-15 00:00:00,Converting ,Delta 2,,,,,,,,,,0,0,Grand Total,,,0,0,,,,,
8,Mon,2026-02-16 00:00:00,Converting ,Delta 2,,,,,,,,,,0,0,Grand Total,,,0,0,,,,,
8,Tue,2026-02-17 00:00:00,Converting ,Delta 2,,,,,,,,,,0,0,Grand Total,,,0,0,,,,,
8,Wed,2026-02-18 00:00:00,Converting ,Delta 2,,,,,,,,,,0,0,Grand Total,,,0,0,,,,,
8,Thu,2026-02-19 00:00:00,Converting ,Delta 2,Yes,Pre-Sterile ,7486,54637,,14,900,90,CS,23334.48,12899.748329999999,Grand Total,9,21,5444.7119999999995,3009.941277,,,,,
8,Fri,2026-02-20 00:00:00,Converting ,Delta 2,Yes,Pre-Sterile ,7486,54637,,14,900,140,CS,36298.08,20066.27518,Grand Total,48,155,40187.159999999996,22216.233235,,,,,
8,Sat,2026-02-21 00:00:00,Converting ,Delta 2,,,,,,,,,,0,0,Grand Total,,,0,0,,,,,
8,Sun,2026-02-22 00:00:00,Converting ,Delta 2,,,,,,,,,,0,0,Grand Total,,,0,0,,,,,
9,Mon,2026-02-23 00:00:00,Converting ,Delta 2,Yes,Pre-Sterile ,7486,54637,,14,900,140,CS,36298.08,20066.27518,Grand Total,42,161,41742.792,23076.216457,,,,,
9,Tue,2026-02-24 00:00:00,Converting ,Delta 2,Yes,Pre-Sterile ,7486,54637,,14,900,140,CS,36298.08,20066.27518,Grand Total,21,167,43298.424,23936.199678999998,,,,,
9,Wed,2026-02-25 00:00:00,Converting ,Delta 2,Yes,Pre-Sterile ,7488,54636,,14,1080,45,CS,7668,2592.93726,Grand Total,42,67,11416.800000000001,3860.5954760000004,,,,,
9,Thu,2026-02-26 00:00:00,Converting ,Delta 2,Yes,Pre-Sterile ,7488,54636,,14,1080,70,CS,11928,4033.45796,Grand Total,21,33,5623.2,1901.4873240000002,,,,,
9,Fri,2026-02-27 00:00:00,Converting ,Delta 2,Yes,Pre-Sterile ,7488,54636,,14,1080,70,CS,11928,4033.45796,Grand Total,42,73,12439.2,4206.320444,,,,,
9,Sat,2026-02-28 00:00:00,Converting ,Delta 2,,,,,,,,,,0,0,Grand Total,,,0,0,,,,,
9,Sun,2026-03-01 00:00:00,Converting ,Delta 2,,,,,,,,,,0,0,Grand Total,,,0,0,,,,,
10,Mon,2026-03-02 00:00:00,Converting ,Delta 2,Yes,Pre-Sterile ,7488,54636,,14,1080,70,CS,11928,4033.45796,Grand Total,48,97,16528.8,5589.220316,,,,,
10,Tue,2026-03-03 00:00:00,Converting ,Delta 2,Yes,Pre-Sterile ,7488,54636,,14,1080,70,CS,11928,4033.45796,Grand Total,,,0,0,,,,,
10,Wed,2026-03-04 00:00:00,Converting ,Delta 2,Yes,Pre-Sterile ,7488,54636,,14,1080,70,CS,11928,4033.45796,Grand Total,,,0,0,,,,,
10,Thu,2026-03-05 00:00:00,Converting ,Delta 2,Yes,Pre-Sterile ,7488,54636,,14,1080,70,CS,11928,4033.45796,Grand Total,,,0,0,,,,,
10,Fri,2026-03-06 00:00:00,Converting ,Delta 2,Yes,Pre-Sterile ,7488,54636,,14,1080,70,CS,11928,4033.45796,Grand Total,,,0,0,,,,,
10,Sat,2026-03-07 00:00:00,Converting ,Delta 2,,,,,,,,,,0,0,Grand Total,,,0,0,,,,,
10,Sun,2026-03-08 00:00:00,Converting ,Delta 2,,,,,,,,,,0,0,Grand Total,,,0,0,,,,,
11,Mon,2026-03-09 00:00:00,Converting ,Delta 2,Yes,Pre-Sterile ,7488,54636,,14,1080,70,CS,11928,4033.45796,Grand Total,,,0,0,,,,,
11,Tue,2026-03-10 00:00:00,Converting ,Delta 2,Yes,Pre-Sterile ,7488,54636,,14,1080,70,CS,11928,4033.45796,Grand Total,,,0,0,,,,,
11,Wed,2026-03-11 00:00:00,Converting ,Delta 2,Yes,Pre-Sterile ,7488,54636,,14,1080,70,CS,11928,4033.45796,Grand Total,,,0,0,,,,,
11,Thu,2026-03-12 00:00:00,Converting ,Delta 2,Yes,Pre-Sterile ,7488,54636,,14,1080,70,CS,11928,4033.45796,Grand Total,,,0,0,,,,,
11,Fri,2026-03-13 00:00:00,Converting ,Delta 2,Yes,Pre-Sterile ,7488,54636,,14,1080,70,CS,11928,4033.45796,Grand Total,,,0,0,,,,,
11,Sat,2026-03-14 00:00:00,Converting ,Delta 2,,,,,,,,,,0,0,Grand Total,,,0,0,,,,,
11,Sun,2026-03-15 00:00:00,Converting ,Delta 2,,,,,,,,,,0,0,Grand Total,,,0,0,,,,,
12,Mon,2026-03-16 00:00:00,Converting ,Delta 2,Yes,Pre-Sterile ,7488,54636,,14,1080,70,CS,11928,4033.45796,Grand Total,,,0,0,,,,,
12,Tue,2026-03-17 00:00:00,Converting ,Delta 2,Yes,Pre-Sterile ,7488,54636,,14,1080,70,CS,11928,4033.45796,Grand Total,,,0,0,,,,,
12,Wed,2026-03-18 00:00:00,Converting ,Delta 2,Yes,Pre-Sterile ,7488,54636,,11,1080,55,CS,9372,3169.14554,Grand Total,,,0,0,,,,,
12,Thu,2026-03-19 00:00:00,Converting ,Delta 2,Yes,Pre-Sterile ,7489,54638,,14,900,80,CS,8640,2646.0823200000004,Grand Total,,,0,0,,,,,
12,Fri,2026-03-20 00:00:00,Converting ,Delta 2,Yes,Pre-Sterile ,7489,54638,,14,900,120,CS,12960,3969.1234800000007,Grand Total,,,0,0,,,,,
12,Sat,2026-03-21 00:00:00,Converting ,Delta 2,,,,,,,,,,0,0,Grand Total,,,0,0,,,,,
12,Sun,2026-03-22 00:00:00,Converting ,Delta 2,,,,,,,,,,0,0,Grand Total,,,0,0,,,,,
13,Mon,2026-03-23 00:00:00,Converting ,Delta 2,Yes,Pre-Sterile ,7489,54638,,14,900,120,CS,12960,3969.1234800000007,Grand Total,,,0,0,,,,,
13,Tue,2026-03-24 00:00:00,Converting ,Delta 2,Yes,Pre-Sterile ,7489,54638,,14,900,120,CS,12960,3969.1234800000007,Grand Total,,,0,0,,,,,
13,Wed,2026-03-25 00:00:00,Converting ,Delta 2,Yes,Pre-Sterile ,7489,54638,,14,900,120,CS,12960,3969.1234800000007,Grand Total,,,0,0,,,,,
13,Thu,2026-03-26 00:00:00,Converting ,Delta 2,Yes,Pre-Sterile ,7489,54638,,14,900,120,CS,12960,3969.1234800000007,Grand Total,,,0,0,,,,,
13,Fri,2026-03-27 00:00:00,Converting ,Delta 2,Yes,Pre-Sterile ,7489,54638,,14,900,120,CS,12960,3969.1234800000007,Grand Total,,,0,0,,,,,
13,Sat,2026-03-28 00:00:00,Converting ,Delta 2,,,,,,,,,,0,0,Grand Total,,,0,0,,,,,
13,Sun,2026-03-29 00:00:00,Converting ,Delta 2,,,,,,,,,,0,0,Grand Total,,,0,0,,,,,
14,Mon,2026-03-30 00:00:00,Converting ,Delta 2,Yes,Pre-Sterile ,7489,54638,,12,900,100,CS,10800,3307.602900000001,Grand Total,,,0,0,,,,,
14,Tue,2026-03-31 00:00:00,Converting ,Delta 2,Yes,Pre-Sterile ,7482,54794,,14,1985,324,CS,10653.12,2277.040572000001,Grand Total,,,0,0,No ,Material not available,"007532 Cohesive Paper Unprinted Latex Free 9.5"" ETA 13-Feb. Partial of 13124.00 LF,  date received 17-Feb the remaing balance of 78170.00 LF TBD. The next PO ETA 23-Mar.",,
14,Wed,2026-04-01 00:00:00,Converting ,Delta 2,Yes,Pre-Sterile ,7482,54794,,14,1985,504,CS,16571.52,3542.063112000001,Grand Total,,,0,0,No ,,,,
14,Thu,2026-04-02 00:00:00,Converting ,Delta 2,Yes,Pre-Sterile ,7482,54794,,14,1985,504,CS,16571.52,3542.063112000001,Grand Total,,,0,0,No ,,,,
14,Fri,2026-04-03 00:00:00,Converting ,Delta 2,Yes,Pre-Sterile ,7482,54794,,14,1985,504,CS,16571.52,3542.063112000001,Grand Total,,,0,0,No ,,,,
14,Sat,2026-04-04 00:00:00,Converting ,Delta 2,,,,,,,,,,0,0,Grand Total,,,0,0,No ,,,,
14,Sun,2026-04-05 00:00:00,Converting ,Delta 2,,,,,,,,,,0,0,Grand Total,,,0,0,,,,,
15,Mon,2026-04-06 00:00:00,Converting ,Delta 2,Yes,Pre-Sterile ,7482,54794,,5,1985,149,CS,4899.120000000001,1047.1575470000002,Grand Total,,,0,0,No ,,,,
15,Tue,2026-04-07 00:00:00,Converting ,Delta 2,Yes,Pre-Sterile ,7486,55036,,14,900,90,CS,23334.48,12899.748329999999,Grand Total,,,0,0,,,,,
15,Wed,2026-04-08 00:00:00,Converting ,Delta 2,Yes,Pre-Sterile ,7486,55036,,14,900,140,CS,36298.08,20066.27518,Grand Total,,,0,0,,,,,
15,Thu,2026-04-09 00:00:00,Converting ,Delta 2,Yes,Pre-Sterile ,7486,55036,,14,900,140,CS,36298.08,20066.27518,Grand Total,,,0,0,,,,,
15,Fri,2026-04-10 00:00:00,Converting ,Delta 2,Yes,Pre-Sterile ,7486,55036,,14,900,26,CS,6741.072,3726.593962,Grand Total,,,0,0,,,,,
15,Sat,2026-04-11 00:00:00,Converting ,Delta 2,,,,,,,,,,0,0,Grand Total,,,0,0,,,,,
15,Sun,2026-04-12 00:00:00,Converting ,Delta 2,,,,,,,,,,0,0,Grand Total,,,0,0,,,,,
16,Mon,2026-04-13 00:00:00,Converting ,Delta 2,,,,,,,,,,0,0,Grand Total,,,0,0,,,,,
16,Tue,2026-04-14 00:00:00,Converting ,Delta 2,,,,,,,,,,0,0,Grand Total,,,0,0,,,,,
16,Wed,2026-04-15 00:00:00,Converting ,Delta 2,,,,,,,,,,0,0,Grand Total,,,0,0,,,,,
16,Thu,2026-04-16 00:00:00,Converting ,Delta 2,Yes,Pre-Sterile ,7488,54639,,14,1080,45,CS,7668,2592.93726,Grand Total,,,0,0,,,,,
16,Fri,2026-04-17 00:00:00,Converting ,Delta 2,Yes,Pre-Sterile ,7488,54639,,14,1080,70,CS,11928,4033.45796,Grand Total,,,0,0,,,,,
16,Sat,2026-04-18 00:00:00,Converting ,Delta 2,,,,,,,,,,0,0,Grand Total,,,0,0,,,,,
16,Sun,2026-04-19 00:00:00,Converting ,Delta 2,,,,,,,,,,0,0,Grand Total,,,0,0,,,,,
17,Mon,2026-04-20 00:00:00,Converting ,Delta 2,Yes,Pre-Sterile ,7488,54639,,14,1080,70,CS,11928,4033.45796,Grand Total,,,0,0,,,,,
17,Tue,2026-04-21 00:00:00,Converting ,Delta 2,Yes,Pre-Sterile ,7488,54639,,14,1080,70,CS,11928,4033.45796,Grand Total,,,0,0,,,,,
17,Wed,2026-04-22 00:00:00,Converting ,Delta 2,Yes,Pre-Sterile ,7488,54639,,14,1080,70,CS,11928,4033.45796,Grand Total,,,0,0,,,,,
17,Thu,2026-04-23 00:00:00,Converting ,Delta 2,Yes,Pre-Sterile ,7488,54639,,14,1080,70,CS,11928,4033.45796,Grand Total,,,0,0,,,,,
17,Fri,2026-04-24 00:00:00,Converting ,Delta 2,Yes,Pre-Sterile ,7488,54639,,14,1080,70,CS,11928,4033.45796,Grand Total,,,0,0,,,,,
17,Sat,2026-04-25 00:00:00,Converting ,Delta 2,,,,,,,,,,0,0,Grand Total,,,0,0,,,,,
17,Sun,2026-04-26 00:00:00,Converting ,Delta 2,,,,,,,,,,0,0,Grand Total,,,0,0,,,,,
18,Mon,2026-04-27 00:00:00,Converting ,Delta 2,Yes,Pre-Sterile ,7488,54639,,14,1080,70,CS,11928,4033.45796,Grand Total,,,0,0,,,,,
18,Tue,2026-04-28 00:00:00,Converting ,Delta 2,Yes,Pre-Sterile ,7488,54639,,14,1080,70,CS,11928,4033.45796,Grand Total,,,0,0,,,,,
18,Wed,2026-04-29 00:00:00,Converting ,Delta 2,Yes,Pre-Sterile ,7488,54639,,14,1080,70,CS,11928,4033.45796,Grand Total,,,0,0,,,,,
18,Thu,2026-04-30 00:00:00,Converting ,Delta 2,Yes,Pre-Sterile ,7488,54639,,14,1080,70,CS,11928,4033.45796,Grand Total,,,0,0,,,,,
18,Fri,2026-05-01 00:00:00,Converting ,Delta 2,Yes,Pre-Sterile ,7488,54639,,14,1080,70,CS,11928,4033.45796,Grand Total,,,0,0,,,,,
18,Sat,2026-05-02 00:00:00,Converting ,Delta 2,,,,,,,,,,0,0,Grand Total,,,0,0,,,,,
18,Sun,2026-05-03 00:00:00,Converting ,Delta 2,,,,,,,,,,0,0,Grand Total,,,0,0,,,,,
19,Mon,2026-05-04 00:00:00,Converting ,Delta 2,Yes,Pre-Sterile ,7488,54639,,14,1080,70,CS,11928,4033.45796,Grand Total,,,0,0,,,,,
19,Tue,2026-05-05 00:00:00,Converting ,Delta 2,Yes,Pre-Sterile ,7488,54639,,14,1080,70,CS,11928,4033.45796,Grand Total,,,0,0,,,,,
19,Wed,2026-05-06 00:00:00,Converting ,Delta 2,Yes,Pre-Sterile ,7488,54639,,14,1080,70,CS,11928,4033.45796,Grand Total,,,0,0,,,,,
19,Thu,2026-05-07 00:00:00,Converting ,Delta 2,Yes,Pre-Sterile ,7488,54639,,11,1080,55,CS,9372,3169.14554,Grand Total,,,0,0,,,,,
19,Fri,2026-05-08 00:00:00,Converting ,Delta 2,,,,,,,,,,0,0,Grand Total,,,0,0,,,,,
19,Sat,2026-05-09 00:00:00,Converting ,Delta 2,,,,,,,,,,0,0,Grand Total,,,0,0,,,,,
19,Sun,2026-05-10 00:00:00,Converting ,Delta 2,,,,,,,,,,0,0,Grand Total,,,0,0,,,,,
20,Mon,2026-05-11 00:00:00,Converting ,Delta 2,,,,,,,,,,0,0,Grand Total,,,0,0,,,,,
20,Tue,2026-05-12 00:00:00,Converting ,Delta 2,,,,,,,,,,0,0,Grand Total,,,0,0,,,,,
20,Wed,2026-05-13 00:00:00,Converting ,Delta 2,,,,,,,,,,0,0,Grand Total,,,0,0,,,,,
20,Thu,2026-05-14 00:00:00,Converting ,Delta 2,,,,,,,,,,0,0,Grand Total,,,0,0,,,,,
20,Fri,2026-05-15 00:00:00,Converting ,Delta 2,,,,,,,,,,0,0,Grand Total,,,0,0,,,,,
20,Sat,2026-05-16 00:00:00,Converting ,Delta 2,,,,,,,,,,0,0,Grand Total,,,0,0,,,,,
20,Sun,2026-05-17 00:00:00,Converting ,Delta 2,,,,,,,,,,0,0,Grand Total,,,0,0,,,,,
21,Mon,2026-05-18 00:00:00,Converting ,Delta 2,,,,,,,,,,0,0,Grand Total,,,0,0,,,,,
21,Tue,2026-05-19 00:00:00,Converting ,Delta 2,,,,,,,,,,0,0,Grand Total,,,0,0,,,,,
21,Wed,2026-05-20 00:00:00,Converting ,Delta 2,,,,,,,,,,0,0,Grand Total,,,0,0,,,,,
21,Thu,2026-05-21 00:00:00,Converting ,Delta 2,,,,,,,,,,0,0,Grand Total,,,0,0,,,,,
21,Fri,2026-05-22 00:00:00,Converting ,Delta 2,,,,,,,,,,0,0,Grand Total,,,0,0,,,,,
21,Sat,2026-05-23 00:00:00,Converting ,Delta 2,,,,,,,,,,0,0,Grand Total,,,0,0,,,,,
21,Sun,2026-05-24 00:00:00,Converting ,Delta 2,,,,,,,,,,0,0,Grand Total,,,0,0,,,,,
22,Mon,2026-05-25 00:00:00,Converting ,Delta 2,,,,,,,,,,0,0,Grand Total,,,0,0,,,,,
22,Tue,2026-05-26 00:00:00,Converting ,Delta 2,,,,,,,,,,0,0,Grand Total,,,0,0,,,,,
22,Wed,2026-05-27 00:00:00,Converting ,Delta 2,,,,,,,,,,0,0,Grand Total,,,0,0,,,,,
22,Thu,2026-05-28 00:00:00,Converting ,Delta 2,,,,,,,,,,0,0,Grand Total,,,0,0,,,,,
22,Fri,2026-05-29 00:00:00,Converting ,Delta 2,,,,,,,,,,0,0,Grand Total,,,0,0,,,,,
22,Sat,2026-05-30 00:00:00,Converting ,Delta 2,,,,,,,,,,0,0,Grand Total,,,0,0,,,,,
22,Sun,2026-05-31 00:00:00,Converting ,Delta 2,,,,,,,,,,0,0,Grand Total,,,0,0,,,,,
23,Mon,2026-06-01 00:00:00,Converting ,Delta 2,,,,,,,,,,0,0,Grand Total,,,0,0,,,,,
23,Tue,2026-06-02 00:00:00,Converting ,Delta 2,,,,,,,,,,0,0,Grand Total,,,0,0,,,,,
23,Wed,2026-06-03 00:00:00,Converting ,Delta 2,,,,,,,,,,0,0,Grand Total,,,0,0,,,,,
23,Thu,2026-06-04 00:00:00,Converting ,Delta 2,,,,,,,,,,0,0,Grand Total,,,0,0,,,,,
23,Fri,2026-06-05 00:00:00,Converting ,Delta 2,,,,,,,,,,0,0,Grand Total,,,0,0,,,,,
23,Sat,2026-06-06 00:00:00,Converting ,Delta 2,,,,,,,,,,0,0,Grand Total,,,0,0,,,,,
23,Sun,2026-06-07 00:00:00,Converting ,Delta 2,,,,,,,,,,0,0,Grand Total,,,0,0,,,,,
24,Mon,2026-06-08 00:00:00,Converting ,Delta 2,,,,,,,,,,0,0,Grand Total,,,0,0,,,,,
24,Tue,2026-06-09 00:00:00,Converting ,Delta 2,,,,,,,,,,0,0,Grand Total,,,0,0,,,,,
24,Wed,2026-06-10 00:00:00,Converting ,Delta 2,,,,,,,,,,0,0,Grand Total,,,0,0,,,,,
24,Thu,2026-06-11 00:00:00,Converting ,Delta 2,,,,,,,,,,0,0,Grand Total,,,0,0,,,,,
24,Fri,2026-06-12 00:00:00,Converting ,Delta 2,,,,,,,,,,0,0,Grand Total,,,0,0,,,,,
24,Sat,2026-06-13 00:00:00,Converting ,Delta 2,,,,,,,,,,0,0,Grand Total,,,0,0,,,,,
24,Sun,2026-06-14 00:00:00,Converting ,Delta 2,,,,,,,,,,0,0,Grand Total,,,0,0,,,,,
25,Mon,2026-06-15 00:00:00,Converting ,Delta 2,,,,,,,,,,0,0,Grand Total,,,0,0,,,,,
25,Tue,2026-06-16 00:00:00,Converting ,Delta 2,,,,,,,,,,0,0,Grand Total,,,0,0,,,,,
25,Wed,2026-06-17 00:00:00,Converting ,Delta 2,,,,,,,,,,0,0,Grand Total,,,0,0,,,,,
25,Thu,2026-06-18 00:00:00,Converting ,Delta 2,,,,,,,,,,0,0,Grand Total,,,0,0,,,,,
25,Fri,2026-06-19 00:00:00,Converting ,Delta 2,,,,,,,,,,0,0,Grand Total,,,0,0,,,,,
25,Sat,2026-06-20 00:00:00,Converting ,Delta 2,,,,,,,,,,0,0,Grand Total,,,0,0,,,,,
25,Sun,2026-06-21 00:00:00,Converting ,Delta 2,,,,,,,,,,0,0,Grand Total,,,0,0,,,,,
26,Mon,2026-06-22 00:00:00,Converting ,Delta 2,,,,,,,,,,0,0,Grand Total,,,0,0,,,,,
26,Tue,2026-06-23 00:00:00,Converting ,Delta 2,,,,,,,,,,0,0,Grand Total,,,0,0,,,,,
26,Wed,2026-06-24 00:00:00,Converting ,Delta 2,,,,,,,,,,0,0,Grand Total,,,0,0,,,,,
26,Thu,2026-06-25 00:00:00,Converting ,Delta 2,,,,,,,,,,0,0,Grand Total,,,0,0,,,,,
26,Fri,2026-06-26 00:00:00,Converting ,Delta 2,,,,,,,,,,0,0,Grand Total,,,0,0,,,,,
26,Sat,2026-06-27 00:00:00,Converting ,Delta 2,,,,,,,,,,0,0,Grand Total,,,0,0,,,,,
26,Sun,2026-06-28 00:00:00,Converting ,Delta 2,,,,,,,,,,0,0,Grand Total,,,0,0,,,,,
27,Mon,2026-06-29 00:00:00,Converting ,Delta 2,,,,,,,,,,0,0,Grand Total,,,0,0,,,,,
27,Tue,2026-06-30 00:00:00,Converting ,Delta 2,,,,,,,,,,0,0,Grand Total,,,0,0,,,,,
27,Wed,2026-07-01 00:00:00,Converting ,Delta 2,,,,,,,,,,0,0,Grand Total,,,0,0,,,,,
27,Thu,2026-07-02 00:00:00,Converting ,Delta 2,,,,,,,,,,0,0,Grand Total,,,0,0,,,,,
27,Fri,2026-07-03 00:00:00,Converting ,Delta 2,,,,,,,,,,0,0,Grand Total,,,0,0,,,,,
27,Sat,2026-07-04 00:00:00,Converting ,Delta 2,,,,,,,,,,0,0,Grand Total,,,0,0,,,,,
27,Sun,2026-07-05 00:00:00,Converting ,Delta 2,,,,,,,,,,0,0,Grand Total,,,0,0,,,,,
28,Mon,2026-07-06 00:00:00,Converting ,Delta 2,,,,,,,,,,0,0,Grand Total,,,0,0,,,,,
28,Tue,2026-07-07 00:00:00,Converting ,Delta 2,,,,,,,,,,0,0,Grand Total,,,0,0,,,,,
28,Wed,2026-07-08 00:00:00,Converting ,Delta 2,,,,,,,,,,0,0,Grand Total,,,0,0,,,,,
28,Thu,2026-07-09 00:00:00,Converting ,Delta 2,,,,,,,,,,0,0,Grand Total,,,0,0,,,,,
28,Fri,2026-07-10 00:00:00,Converting ,Delta 2,,,,,,,,,,0,0,Grand Total,,,0,0,,,,,
28,Sat,2026-07-11 00:00:00,Converting ,Delta 2,,,,,,,,,,0,0,Grand Total,,,0,0,,,,,
28,Sun,2026-07-12 00:00:00,Converting ,Delta 2,,,,,,,,,,0,0,Grand Total,,,0,0,,,,,
29,Mon,2026-07-13 00:00:00,Converting ,Delta 2,,,,,,,,,,0,0,Grand Total,,,0,0,,,,,
29,Tue,2026-07-14 00:00:00,Converting ,Delta 2,,,,,,,,,,0,0,Grand Total,,,0,0,,,,,
29,Wed,2026-07-15 00:00:00,Converting ,Delta 2,,,,,,,,,,0,0,Grand Total,,,0,0,,,,,
29,Thu,2026-07-16 00:00:00,Converting ,Delta 2,,,,,,,,,,0,0,Grand Total,,,0,0,,,,,
29,Fri,2026-07-17 00:00:00,Converting ,Delta 2,,,,,,,,,,0,0,Grand Total,,,0,0,,,,,
29,Sat,2026-07-18 00:00:00,Converting ,Delta 2,,,,,,,,,,0,0,Grand Total,,,0,0,,,,,
29,Sun,2026-07-19 00:00:00,Converting ,Delta 2,,,,,,,,,,0,0,Grand Total,,,0,0,,,,,
30,Mon,2026-07-20 00:00:00,Converting ,Delta 2,,,,,,,,,,0,0,Grand Total,,,0,0,,,,,
30,Tue,2026-07-21 00:00:00,Converting ,Delta 2,,,,,,,,,,0,0,Grand Total,,,0,0,,,,,
30,Wed,2026-07-22 00:00:00,Converting ,Delta 2,,,,,,,,,,0,0,Grand Total,,,0,0,,,,,
30,Thu,2026-07-23 00:00:00,Converting ,Delta 2,,,,,,,,,,0,0,Grand Total,,,0,0,,,,,
30,Fri,2026-07-24 00:00:00,Converting ,Delta 2,,,,,,,,,,0,0,Grand Total,,,0,0,,,,,
30,Sat,2026-07-25 00:00:00,Converting ,Delta 2,,,,,,,,,,0,0,Grand Total,,,0,0,,,,,
30,Sun,2026-07-26 00:00:00,Converting ,Delta 2,,,,,,,,,,0,0,Grand Total,,,0,0,,,,,
31,Mon,2026-07-27 00:00:00,Converting ,Delta 2,,,,,,,,,,0,0,Grand Total,,,0,0,,,,,
31,Tue,2026-07-28 00:00:00,Converting ,Delta 2,,,,,,,,,,0,0,Grand Total,,,0,0,,,,,
31,Wed,2026-07-29 00:00:00,Converting ,Delta 2,,,,,,,,,,0,0,Grand Total,,,0,0,,,,,
31,Thu,2026-07-30 00:00:00,Converting ,Delta 2,,,,,,,,,,0,0,Grand Total,,,0,0,,,,,
31,Fri,2026-07-31 00:00:00,Converting ,Delta 2,,,,,,,,,,0,0,Grand Total,,,0,0,,,,,
31,Sat,2026-08-01 00:00:00,Converting ,Delta 2,,,,,,,,,,0,0,Grand Total,,,0,0,,,,,
31,Sun,2026-08-02 00:00:00,Converting ,Delta 2,,,,,,,,,,0,0,Grand Total,,,0,0,,,,,
32,Mon,2026-08-03 00:00:00,Converting ,Delta 2,,,,,,,,,,0,0,Grand Total,,,0,0,,,,,
32,Tue,2026-08-04 00:00:00,Converting ,Delta 2,,,,,,,,,,0,0,Grand Total,,,0,0,,,,,
32,Wed,2026-08-05 00:00:00,Converting ,Delta 2,,,,,,,,,,0,0,Grand Total,,,0,0,,,,,
32,Thu,2026-08-06 00:00:00,Converting ,Delta 2,,,,,,,,,,0,0,Grand Total,,,0,0,,,,,
32,Fri,2026-08-07 00:00:00,Converting ,Delta 2,,,,,,,,,,0,0,Grand Total,,,0,0,,,,,
32,Sat,2026-08-08 00:00:00,Converting ,Delta 2,,,,,,,,,,0,0,Grand Total,,,0,0,,,,,
32,Sun,2026-08-09 00:00:00,Converting ,Delta 2,,,,,,,,,,0,0,Grand Total,,,0,0,,,,,
33,Mon,2026-08-10 00:00:00,Converting ,Delta 2,,,,,,,,,,0,0,Grand Total,,,0,0,,,,,
33,Tue,2026-08-11 00:00:00,Converting ,Delta 2,,,,,,,,,,0,0,Grand Total,,,0,0,,,,,
33,Wed,2026-08-12 00:00:00,Converting ,Delta 2,,,,,,,,,,0,0,Grand Total,,,0,0,,,,,
33,Thu,2026-08-13 00:00:00,Converting ,Delta 2,,,,,,,,,,0,0,Grand Total,,,0,0,,,,,
33,Fri,2026-08-14 00:00:00,Converting ,Delta 2,,,,,,,,,,0,0,Grand Total,,,0,0,,,,,
33,Sat,2026-08-15 00:00:00,Converting ,Delta 2,,,,,,,,,,0,0,Grand Total,,,0,0,,,,,
33,Sun,2026-08-16 00:00:00,Converting ,Delta 2,,,,,,,,,,0,0,Grand Total,,,0,0,,,,,
34,Mon,2026-08-17 00:00:00,Converting ,Delta 2,,,,,,,,,,0,0,Grand Total,,,0,0,,,,,
34,Tue,2026-08-18 00:00:00,Converting ,Delta 2,,,,,,,,,,0,0,Grand Total,,,0,0,,,,,
34,Wed,2026-08-19 00:00:00,Converting ,Delta 2,,,,,,,,,,0,0,Grand Total,,,0,0,,,,,
34,Thu,2026-08-20 00:00:00,Converting ,Delta 2,,,,,,,,,,0,0,Grand Total,,,0,0,,,,,
34,Fri,2026-08-21 00:00:00,Converting ,Delta 2,,,,,,,,,,0,0,Grand Total,,,0,0,,,,,
34,Sat,2026-08-22 00:00:00,Converting ,Delta 2,,,,,,,,,,0,0,Grand Total,,,0,0,,,,,
34,Sun,2026-08-23 00:00:00,Converting ,Delta 2,,,,,,,,,,0,0,Grand Total,,,0,0,,,,,
35,Mon,2026-08-24 00:00:00,Converting ,Delta 2,,,,,,,,,,0,0,Grand Total,,,0,0,,,,,
35,Tue,2026-08-25 00:00:00,Converting ,Delta 2,,,,,,,,,,0,0,Grand Total,,,0,0,,,,,
35,Wed,2026-08-26 00:00:00,Converting ,Delta 2,,,,,,,,,,0,0,Grand Total,,,0,0,,,,,
35,Thu,2026-08-27 00:00:00,Converting ,Delta 2,,,,,,,,,,0,0,Grand Total,,,0,0,,,,,
35,Fri,2026-08-28 00:00:00,Converting ,Delta 2,,,,,,,,,,0,0,Grand Total,,,0,0,,,,,
35,Sat,2026-08-29 00:00:00,Converting ,Delta 2,,,,,,,,,,0,0,Grand Total,,,0,0,,,,,
35,Sun,2026-08-30 00:00:00,Converting ,Delta 2,,,,,,,,,,0,0,Grand Total,,,0,0,,,,,
36,Mon,2026-08-31 00:00:00,Converting ,Delta 2,,,,,,,,,,0,0,Grand Total,,,0,0,,,,,
36,Tue,2026-09-01 00:00:00,Converting ,Delta 2,,,,,,,,,,0,0,Grand Total,,,0,0,,,,,
36,Wed,2026-09-02 00:00:00,Converting ,Delta 2,,,,,,,,,,0,0,Grand Total,,,0,0,,,,,
36,Thu,2026-09-03 00:00:00,Converting ,Delta 2,,,,,,,,,,0,0,Grand Total,,,0,0,,,,,
36,Fri,2026-09-04 00:00:00,Converting ,Delta 2,,,,,,,,,,0,0,Grand Total,,,0,0,,,,,
36,Sat,2026-09-05 00:00:00,Converting ,Delta 2,,,,,,,,,,0,0,Grand Total,,,0,0,,,,,
36,Sun,2026-09-06 00:00:00,Converting ,Delta 2,,,,,,,,,,0,0,Grand Total,,,0,0,,,,,
37,Mon,2026-09-07 00:00:00,Converting ,Delta 2,,,,,,,,,,0,0,Grand Total,,,0,0,,,,,
37,Tue,2026-09-08 00:00:00,Converting ,Delta 2,,,,,,,,,,0,0,Grand Total,,,0,0,,,,,
37,Wed,2026-09-09 00:00:00,Converting ,Delta 2,,,,,,,,,,0,0,Grand Total,,,0,0,,,,,
37,Thu,2026-09-10 00:00:00,Converting ,Delta 2,,,,,,,,,,0,0,Grand Total,,,0,0,,,,,
37,Fri,2026-09-11 00:00:00,Converting ,Delta 2,,,,,,,,,,0,0,Grand Total,,,0,0,,,,,
37,Sat,2026-09-12 00:00:00,Converting ,Delta 2,,,,,,,,,,0,0,Grand Total,,,0,0,,,,,
37,Sun,2026-09-13 00:00:00,Converting ,Delta 2,,,,,,,,,,0,0,Grand Total,,,0,0,,,,,
38,Mon,2026-09-14 00:00:00,Converting ,Delta 2,,,,,,,,,,0,0,Grand Total,,,0,0,,,,,
38,Tue,2026-09-15 00:00:00,Converting ,Delta 2,,,,,,,,,,0,0,Grand Total,,,0,0,,,,,
38,Wed,2026-09-16 00:00:00,Converting ,Delta 2,,,,,,,,,,0,0,Grand Total,,,0,0,,,,,
38,Thu,2026-09-17 00:00:00,Converting ,Delta 2,,,,,,,,,,0,0,Grand Total,,,0,0,,,,,
38,Fri,2026-09-18 00:00:00,Converting ,Delta 2,,,,,,,,,,0,0,Grand Total,,,0,0,,,,,
38,Sat,2026-09-19 00:00:00,Converting ,Delta 2,,,,,,,,,,0,0,Grand Total,,,0,0,,,,,
38,Sun,2026-09-20 00:00:00,Converting ,Delta 2,,,,,,,,,,0,0,Grand Total,,,0,0,,,,,
39,Mon,2026-09-21 00:00:00,Converting ,Delta 2,,,,,,,,,,0,0,Grand Total,,,0,0,,,,,
39,Tue,2026-09-22 00:00:00,Converting ,Delta 2,,,,,,,,,,0,0,Grand Total,,,0,0,,,,,
39,Thu,2026-09-24 00:00:00,Converting ,Delta 2,,,,,,,,,,0,0,Grand Total,,,0,0,,,,,
39,Fri,2026-09-25 00:00:00,Converting ,Delta 2,,,,,,,,,,0,0,Grand Total,,,0,0,,,,,
39,Sat,2026-09-26 00:00:00,Converting ,Delta 2,,,,,,,,,,0,0,Grand Total,,,0,0,,,,,
39,Sun,2026-09-27 00:00:00,Converting ,Delta 2,,,,,,,,,,0,0,Grand Total,,,0,0,,,,,
40,Mon,2026-09-28 00:00:00,Converting ,Delta 2,,,,,,,,,,0,0,Grand Total,,,0,0,,,,,
40,Tue,2026-09-29 00:00:00,Converting ,Delta 2,,,,,,,,,,0,0,Grand Total,,,0,0,,,,,
40,Wed,2026-09-30 00:00:00,Converting ,Delta 2,,,,,,,,,,0,0,Grand Total,,,0,0,,,,,
40,Thu,2026-10-01 00:00:00,Converting ,Delta 2,,,,,,,,,,0,0,Grand Total,,,0,0,,,,,
40,Fri,2026-10-02 00:00:00,Converting ,Delta 2,,,,,,,,,,0,0,Grand Total,,,0,0,,,,,
40,Sat,2026-10-03 00:00:00,Converting ,Delta 2,,,,,,,,,,0,0,Grand Total,,,0,0,,,,,
40,Sun,2026-10-04 00:00:00,Converting ,Delta 2,,,,,,,,,,0,0,Grand Total,,,0,0,,,,,
41,Mon,2026-10-05 00:00:00,Converting ,Delta 2,,,,,,,,,,0,0,Grand Total,,,0,0,,,,,
41,Tue,2026-10-06 00:00:00,Converting ,Delta 2,,,,,,,,,,0,0,Grand Total,,,0,0,,,,,
41,Wed,2026-10-07 00:00:00,Converting ,Delta 2,,,,,,,,,,0,0,Grand Total,,,0,0,,,,,
41,Thu,2026-10-08 00:00:00,Converting ,Delta 2,,,,,,,,,,0,0,Grand Total,,,0,0,,,,,
41,Fri,2026-10-09 00:00:00,Converting ,Delta 2,,,,,,,,,,0,0,Grand Total,,,0,0,,,,,
41,Sat,2026-10-10 00:00:00,Converting ,Delta 2,,,,,,,,,,0,0,Grand Total,,,0,0,,,,,
41,Sun,2026-10-11 00:00:00,Converting ,Delta 2,,,,,,,,,,0,0,Grand Total,,,0,0,,,,,
42,Mon,2026-10-12 00:00:00,Converting ,Delta 2,,,,,,,,,,0,0,Grand Total,,,0,0,,,,,
42,Tue,2026-10-13 00:00:00,Converting ,Delta 2,,,,,,,,,,0,0,Grand Total,,,0,0,,,,,
42,Wed,2026-10-14 00:00:00,Converting ,Delta 2,,,,,,,,,,0,0,Grand Total,,,0,0,,,,,
42,Thu,2026-10-15 00:00:00,Converting ,Delta 2,,,,,,,,,,0,0,Grand Total,,,0,0,,,,,
42,Fri,2026-10-16 00:00:00,Converting ,Delta 2,,,,,,,,,,0,0,Grand Total,,,0,0,,,,,
42,Sat,2026-10-17 00:00:00,Converting ,Delta 2,,,,,,,,,,0,0,Grand Total,,,0,0,,,,,
42,Sun,2026-10-18 00:00:00,Converting ,Delta 2,,,,,,,,,,0,0,Grand Total,,,0,0,,,,,
43,Mon,2026-10-19 00:00:00,Converting ,Delta 2,,,,,,,,,,0,0,Grand Total,,,0,0,,,,,
43,Tue,2026-10-20 00:00:00,Converting ,Delta 2,,,,,,,,,,0,0,Grand Total,,,0,0,,,,,
43,Wed,2026-10-21 00:00:00,Converting ,Delta 2,,,,,,,,,,0,0,Grand Total,,,0,0,,,,,
43,Thu,2026-10-22 00:00:00,Converting ,Delta 2,,,,,,,,,,0,0,Grand Total,,,0,0,,,,,
43,Fri,2026-10-23 00:00:00,Converting ,Delta 2,,,,,,,,,,0,0,Grand Total,,,0,0,,,,,
43,Sat,2026-10-24 00:00:00,Converting ,Delta 2,,,,,,,,,,0,0,Grand Total,,,0,0,,,,,
43,Sun,2026-10-25 00:00:00,Converting ,Delta 2,,,,,,,,,,0,0,Grand Total,,,0,0,,,,,
44,Mon,2026-10-26 00:00:00,Converting ,Delta 2,,,,,,,,,,0,0,Grand Total,,,0,0,,,,,
44,Tue,2026-10-27 00:00:00,Converting ,Delta 2,,,,,,,,,,0,0,Grand Total,,,0,0,,,,,
44,Wed,2026-10-28 00:00:00,Converting ,Delta 2,,,,,,,,,,0,0,Grand Total,,,0,0,,,,,
44,Thu,2026-10-29 00:00:00,Converting ,Delta 2,,,,,,,,,,0,0,Grand Total,,,0,0,,,,,
44,Fri,2026-10-30 00:00:00,Converting ,Delta 2,,,,,,,,,,0,0,Grand Total,,,0,0,,,,,
44,Sat,2026-10-31 00:00:00,Converting ,Delta 2,,,,,,,,,,0,0,Grand Total,,,0,0,,,,,
44,Sun,2026-11-01 00:00:00,Converting ,Delta 2,,,,,,,,,,0,0,Grand Total,,,0,0,,,,,
45,Mon,2026-11-02 00:00:00,Converting ,Delta 2,,,,,,,,,,0,0,Grand Total,,,0,0,,,,,
45,Tue,2026-11-03 00:00:00,Converting ,Delta 2,,,,,,,,,,0,0,Grand Total,,,0,0,,,,,
45,Wed,2026-11-04 00:00:00,Converting ,Delta 2,,,,,,,,,,0,0,Grand Total,,,0,0,,,,,
45,Thu,2026-11-05 00:00:00,Converting ,Delta 2,,,,,,,,,,0,0,Grand Total,,,0,0,,,,,
45,Fri,2026-11-06 00:00:00,Converting ,Delta 2,,,,,,,,,,0,0,Grand Total,,,0,0,,,,,
45,Sat,2026-11-07 00:00:00,Converting ,Delta 2,,,,,,,,,,0,0,Grand Total,,,0,0,,,,,
45,Sun,2026-11-08 00:00:00,Converting ,Delta 2,,,,,,,,,,0,0,Grand Total,,,0,0,,,,,
46,Mon,2026-11-09 00:00:00,Converting ,Delta 2,,,,,,,,,,0,0,Grand Total,,,0,0,,,,,
46,Tue,2026-11-10 00:00:00,Converting ,Delta 2,,,,,,,,,,0,0,Grand Total,,,0,0,,,,,
46,Wed,2026-11-11 00:00:00,Converting ,Delta 2,,,,,,,,,,0,0,Grand Total,,,0,0,,,,,
46,Thu,2026-11-12 00:00:00,Converting ,Delta 2,,,,,,,,,,0,0,Grand Total,,,0,0,,,,,
46,Fri,2026-11-13 00:00:00,Converting ,Delta 2,,,,,,,,,,0,0,Grand Total,,,0,0,,,,,
46,Sat,2026-11-14 00:00:00,Converting ,Delta 2,,,,,,,,,,0,0,Grand Total,,,0,0,,,,,
46,Sun,2026-11-15 00:00:00,Converting ,Delta 2,,,,,,,,,,0,0,Grand Total,,,0,0,,,,,
47,Mon,2026-11-16 00:00:00,Converting ,Delta 2,,,,,,,,,,0,0,Grand Total,,,0,0,,,,,
47,Tue,2026-11-17 00:00:00,Converting ,Delta 2,,,,,,,,,,0,0,Grand Total,,,0,0,,,,,
47,Wed,2026-11-18 00:00:00,Converting ,Delta 2,,,,,,,,,,0,0,Grand Total,,,0,0,,,,,
47,Thu,2026-11-19 00:00:00,Converting ,Delta 2,,,,,,,,,,0,0,Grand Total,,,0,0,,,,,
47,Fri,2026-11-20 00:00:00,Converting ,Delta 2,,,,,,,,,,0,0,Grand Total,,,0,0,,,,,
47,Sat,2026-11-21 00:00:00,Converting ,Delta 2,,,,,,,,,,0,0,Grand Total,,,0,0,,,,,
47,Sun,2026-11-22 00:00:00,Converting ,Delta 2,,,,,,,,,,0,0,Grand Total,,,0,0,,,,,
48,Mon,2026-11-23 00:00:00,Converting ,Delta 2,,,,,,,,,,0,0,Grand Total,,,0,0,,,,,
48,Tue,2026-11-24 00:00:00,Converting ,Delta 2,,,,,,,,,,0,0,Grand Total,,,0,0,,,,,
48,Wed,2026-11-25 00:00:00,Converting ,Delta 2,,,,,,,,,,0,0,Grand Total,,,$,0,,,,,
48,Thu,2026-11-26 00:00:00,Converting ,Delta 2,,,,,,,,,,0,0,Grand Total,,,0,0,,,,,
48,Fri,2026-11-27 00:00:00,Converting ,Delta 2,,,,,,,,,,0,0,Grand Total,,,0,0,,,,,
48,Sat,2026-11-28 00:00:00,Converting ,Delta 2,,,,,,,,,,0,0,Grand Total,,,0,0,,,,,
48,Sun,2026-11-29 00:00:00,Converting ,Delta 2,,,,,,,,,,0,0,Grand Total,,,0,0,,,,,
49,Mon,2026-11-30 00:00:00,Converting ,Delta 2,,,,,,,,,,0,0,Grand Total,,,0,0,,,,,
49,Tue,2026-12-01 00:00:00,Converting ,Delta 2,,,,,,,,,,0,0,Grand Total,,,0,0,,,,,
49,Wed,2026-12-02 00:00:00,Converting ,Delta 2,,,,,,,,,,0,0,Grand Total,,,0,0,,,,,
49,Thu,2026-12-03 00:00:00,Converting ,Delta 2,,,,,,,,,,0,0,Grand Total,,,0,0,,,,,
49,Fri,2026-12-04 00:00:00,Converting ,Delta 2,,,,,,,,,,0,0,Grand Total,,,0,0,,,,,
49,Sat,2026-12-05 00:00:00,Converting ,Delta 2,,,,,,,,,,0,0,Grand Total,,,0,0,,,,,
49,Sun,2026-12-06 00:00:00,Converting ,Delta 2,,,,,,,,,,0,0,Grand Total,,,0,0,,,,,
50,Mon,2026-12-07 00:00:00,Converting ,Delta 2,,,,,,,,,,0,0,Grand Total,,,0,0,,,,,
50,Tue,2026-12-08 00:00:00,Converting ,Delta 2,,,,,,,,,,0,0,Grand Total,,,0,0,,,,,
50,Wed,2026-12-09 00:00:00,Converting ,Delta 2,,,,,,,,,,0,0,Grand Total,,,0,0,,,,,
50,Thu,2026-12-10 00:00:00,Converting ,Delta 2,,,,,,,,,,0,0,Grand Total,,,0,0,,,,,
50,Fri,2026-12-11 00:00:00,Converting ,Delta 2,,,,,,,,,,0,0,Grand Total,,,0,0,,,,,
50,Sat,2026-12-12 00:00:00,Converting ,Delta 2,,,,,,,,,,0,0,Grand Total,,,0,0,,,,,
50,Sun,2026-12-13 00:00:00,Converting ,Delta 2,,,,,,,,,,0,0,Grand Total,,,0,0,,,,,
51,Mon,2026-12-14 00:00:00,Converting ,Delta 2,,,,,,,,,,0,0,Grand Total,,,0,0,,,,,
51,Tue,2026-12-15 00:00:00,Converting ,Delta 2,,,,,,,,,,0,0,Grand Total,,,0,0,,,,,
51,Wed,2026-12-16 00:00:00,Converting ,Delta 2,,,,,,,,,,0,0,Grand Total,,,0,0,,,,,
51,Thu,2026-12-17 00:00:00,Converting ,Delta 2,,,,,,,,,,0,0,Grand Total,,,0,0,,,,,
51,Fri,2026-12-18 00:00:00,Converting ,Delta 2,,,,,,,,,,0,0,Grand Total,,,0,0,,,,,
51,Sat,2026-12-19 00:00:00,Converting ,Delta 2,,,,,,,,,,0,0,Grand Total,,,0,0,,,,,
51,Sun,2026-12-20 00:00:00,Converting ,Delta 2,,,,,,,,,,0,0,Grand Total,,,0,0,,,,,
52,Mon,2026-12-21 00:00:00,Converting ,Delta 2,,,,,,,,,,0,0,Grand Total,,,0,0,,,,,
52,Tue,2026-12-22 00:00:00,Converting ,Delta 2,,,,,,,,,,0,0,Grand Total,,,0,0,,,,,
52,Wed,2026-12-23 00:00:00,Converting ,Delta 2,,,,,,,,,,0,0,Grand Total,,,0,0,,,,,
52,Thu,2026-12-24 00:00:00,Converting ,Delta 2,,,,,,,,,,0,0,Grand Total,,,0,0,,,,,
52,Fri,2026-12-25 00:00:00,Converting ,Delta 2,,,,,,,,,,0,0,Grand Total,,,0,0,,,,,
52,Sat,2026-12-26 00:00:00,Converting ,Delta 2,,,,,,,,,,0,0,Grand Total,,,0,0,,,,,
52,Sun,2026-12-27 00:00:00,Converting ,Delta 2,,,,,,,,,,0,0,Grand Total,,,0,0,,,,,
53,Mon,2026-12-28 00:00:00,Converting ,Delta 2,,,,,,,,,,0,0,Grand Total,,,0,0,,,,,
53,Tue,2026-12-29 00:00:00,Converting ,Delta 2,,,,,,,,,,0,0,Grand Total,,,0,0,,,,,
53,Wed,2026-12-30 00:00:00,Converting ,Delta 2,,,,,,,,,,0,0,Grand Total,,,0,0,,,,,
53,Thu,2026-12-31 00:00:00,Converting ,Delta 2,,,,,,,,,,0,0,Grand Total,,,0,0,,,,,
1,Thu,2026-01-01 00:00:00,Converting ,Delta 3,,,,,,,,,,0,0,Grand Total,,,0,0,,,,,
1,Fri,2026-01-02 00:00:00,Converting ,Delta 3,,,,,,,,,,0,0,Grand Total,,,0,0,,,,,
1,Tue,2023-01-03 00:00:00,Converting ,Delta 3,,,,,,,,,,0,0,Grand Total,,,0,0,,,,,
1,Sun,2026-01-04 00:00:00,Converting ,Delta 3,,,,,,,,,,0,0,Grand Total,,,0,0,,,,,
2,Mon,2026-01-05 00:00:00,Converting ,Delta 3,,,,,,,,,,0,0,Grand Total,,,0,0,,,,,
2,Tue,2026-01-06 00:00:00,Converting ,Delta 3,,,,,,,,,,0,0,Grand Total,,,0,0,,,,,
2,Wed,2026-01-07 00:00:00,Converting ,Delta 3,,,,,,,,,,0,0,Grand Total,,,0,0,,,,,
2,Thu,2026-01-08 00:00:00,Converting ,Delta 3,,,,,,,,,,0,0,Grand Total,,,0,0,,,,,
2,Fri,2026-01-09 00:00:00,Converting ,Delta 3,,,,,,,,,,0,0,Grand Total,,,0,0,,,,,
2,Sat,2026-01-10 00:00:00,Converting ,Delta 3,,,,,,,,,,0,0,Grand Total,,,0,0,,,,,
2,Sun,2026-01-11 00:00:00,Converting ,Delta 3,,,,,,,,,,0,0,Grand Total,,,0,0,,,,,
3,Mon,2026-01-12 00:00:00,Converting ,Delta 3,No,Non-Sterile,6145,54351,,14,143000,45000,EA,0,0,Grand Total,16,23200,0,0,,,,,
3,Tue,2026-01-13 00:00:00,Converting ,Delta 3,No,Non-Sterile,6145,54351,,14,143000,63000,EA,0,0,Grand Total,20,34000,0,0,,,,,
3,Wed,2026-01-14 00:00:00,Converting ,Delta 3,No,Non-Sterile,6145,54351,,8,143000,35000,EA,0,0,Grand Total,6,14300,0,0,,,,,
3,Thu,2026-01-15 00:00:00,Converting ,Delta 3,Yes,Non-Sterile,2977,53990,,14,54,30,CS,10200,2710.5029400000003,Grand Total,14,14,4760,1264.901372,,,,,
3,Fri,2026-01-16 00:00:00,Converting ,Delta 3,Yes,Non-Sterile,2977,53990,,8,54,24,CS,8160,2168.402352,Grand Total,34,38,12920,3433.3037240000003,,,,,
3,Sat,2026-01-17 00:00:00,Converting ,Delta 3,,,,,,,,,,0,0,Grand Total,,,0,0,,,,,
3,Sun,2026-01-18 00:00:00,Converting ,Delta 3,,,,,,,,,,0,0,Grand Total,,,0,0,,,,,
4,Mon,2026-01-19 00:00:00,Converting ,Delta 3,Yes,Non-Sterile,1917,53766,,14,792000,80000,EA,9303.6,4151.199999999999,Grand Total,12,45000,5233.275,2335.0499999999997,,,,,
4,Tue,2026-01-20 00:00:00,Converting ,Delta 3,Yes,Non-Sterile,1917,53766,,14,792000,112000,EA,13025.039999999999,5811.679999999999,Grand Total,28,114500,13315.7775,5941.404999999999,,,,,
4,Wed,2026-01-21 00:00:00,Converting ,Delta 3,Yes,Non-Sterile,1917,53766,,14,792000,112000,EA,13025.039999999999,5811.679999999999,Grand Total,32,126000,14653.17,6538.1399999999985,,,,,
4,Thu,2026-01-22 00:00:00,Converting ,Delta 3,Yes,Non-Sterile,1917,53766,,14,792000,112000,EA,13025.039999999999,5811.679999999999,Grand Total,18,122500,14246.137499999999,6356.524999999999,,,,,
4,Fri,2026-01-23 00:00:00,Converting ,Delta 3,Yes,Non-Sterile,1917,53766,,14,792000,112000,EA,13025.039999999999,5811.679999999999,Grand Total,14,30000,3488.85,1556.6999999999998,,,,,
4,Sat,2026-01-24 00:00:00,Converting ,Delta 3,,,,,,,,,,0,0,Grand Total,,,0,0,,,,,
4,Sun,2026-01-25 00:00:00,Converting ,Delta 3,,,,,,,,,,0,0,Grand Total,,,0,0,,,,,
5,Mon,2026-01-26 00:00:00,Converting ,Delta 3,Yes,Non-Sterile,1917,53766,,14,792000,112000,EA,13025.039999999999,5811.679999999999,Grand Total,28,138000,16048.71,7160.819999999999,,,,,
5,Tue,2026-01-27 00:00:00,Converting ,Delta 3,Yes,Non-Sterile,1917,53766,,14,792000,112000,EA,13025.039999999999,5811.679999999999,Grand Total,26,204000,23724.18,10585.559999999998,,,,,
5,Wed,2026-01-28 00:00:00,Converting ,Delta 3,Yes,Non-Sterile,1917,53766,,5,792000,40000,EA,4651.8,2075.5999999999995,Grand Total,6,18000,2093.31,934.0199999999999,,,,,
5,Thu,2026-01-29 00:00:00,Converting ,Delta 3,,,,,,,,,,0,0,Grand Total,,,0,0,,,,,
5,Fri,2026-01-30 00:00:00,Converting ,Delta 3,,,,,,,,,,0,0,Grand Total,,,0,0,,,,,
5,Sat,2026-01-31 00:00:00,Converting ,Delta 3,,,,,,,,,,0,0,Grand Total,,,0,0,,,,,
5,Sun,2026-02-01 00:00:00,Converting ,Delta 3,,,,,,,,,,0,0,Grand Total,,,0,0,,,,,
6,Mon,2026-02-02 00:00:00,Converting ,Delta 3,,,,,,,,,,0,0,Grand Total,,,0,0,,,,,
6,Tue,2026-02-03 00:00:00,Converting ,Delta 3,,,,,,,,,,0,0,Grand Total,,,0,0,,,,,
6,Wed,2026-02-04 00:00:00,Converting ,Delta 3,,,,,,,,,,0,0,Grand Total,,,0,0,,,,,
6,Thu,2026-02-05 00:00:00,Converting ,Delta 3,,,,,,,,,,0,0,Grand Total,,,0,0,,,,,
6,Fri,2026-02-06 00:00:00,Converting ,Delta 3,,,,,,,,,,0,0,Grand Total,,,0,0,,,,,
6,Sat,2026-02-07 00:00:00,Converting ,Delta 3,,,,,,,,,,0,0,Grand Total,,,0,0,,,,,
6,Sun,2026-02-08 00:00:00,Converting ,Delta 3,,,,,,,,,,0,0,Grand Total,,,0,0,,,,,
7,Mon,2026-02-09 00:00:00,Converting ,Delta 3,,,,,,,,,,0,0,Grand Total,,,0,0,,,,,
7,Tue,2026-02-10 00:00:00,Converting ,Delta 3,,,,,,,,,,0,0,Grand Total,,,0,0,,,,,
7,Wed,2026-02-11 00:00:00,Converting ,Delta 3,,,,,,,,,,0,0,Grand Total,,,0,0,,,,,
7,Thu,2026-02-12 00:00:00,Converting ,Delta 3,,,,,,,,,,0,0,Grand Total,,,0,0,,,,,
7,Fri,2026-02-13 00:00:00,Converting ,Delta 3,,,,,,,,,,0,0,Grand Total,,,0,0,,,,,
7,Sat,2026-02-14 00:00:00,Converting ,Delta 3,,,,,,,,,,0,0,Grand Total,,,0,0,,,,,
7,Sun,2026-02-15 00:00:00,Converting ,Delta 3,,,,,,,,,,0,0,Grand Total,,,0,0,,,,,
8,Mon,2026-02-16 00:00:00,Converting ,Delta 3,Yes,Non-Sterile,3958,54518,,7,202500,39000,EA,10530,5370.807000000002,Grand Total,9,117000,31590.000000000004,16112.421000000004,,,,,
8,Tue,2026-02-17 00:00:00,Converting ,Delta 3,Yes,Non-Sterile,3958,54518,,7,202500,91000,EA,24570,12531.883000000003,Grand Total,7,90000,24300,12394.170000000002,,,,,
8,Wed,2026-02-18 00:00:00,Converting ,Delta 3,Yes,Non-Sterile,3958,54518,,6,202500,72500,EA,19575,9984.192500000003,Grand Total,,,0,0,,,,,
8,Thu,2026-02-19 00:00:00,Converting ,Delta 3,,,,,,,,,,0,0,Grand Total,,,0,0,,,,,
8,Fri,2026-02-20 00:00:00,Converting ,Delta 3,,,,,,,,,,0,0,Grand Total,,,0,0,,,,,
8,Sat,2026-02-21 00:00:00,Converting ,Delta 3,,,,,,,,,,0,0,Grand Total,,,0,0,,,,,
8,Sun,2026-02-22 00:00:00,Converting ,Delta 3,,,,,,,,,,0,0,Grand Total,,,0,0,,,,,
9,Mon,2026-02-23 00:00:00,Converting ,Delta 3,No,Non-Sterile,3752,54497,,14,440,120,CS,0,0,Grand Total,14,60,0,0,,,,,
9,Tue,2026-02-24 00:00:00,Converting ,Delta 3,No,Non-Sterile,3752,54497,,14,440,168,CS,0,0,Grand Total,21,124,0,0,,,,,
9,Wed,2026-02-25 00:00:00,Converting ,Delta 3,No,Non-Sterile,3752,54497,,13,440,152,CS,0,0,Grand Total,32,188,0,0,,,,,
9,Thu,2026-02-26 00:00:00,Converting ,Delta 3,,,,,,,,,,0,0,Grand Total,,,0,0,,,,,
9,Fri,2026-02-27 00:00:00,Converting ,Delta 3,,,,,,,,,,0,0,Grand Total,,,0,0,,,,,
9,Sat,2026-02-28 00:00:00,Converting ,Delta 3,,,,,,,,,,0,0,Grand Total,,,0,0,,,,,
9,Sun,2026-03-01 00:00:00,Converting ,Delta 3,,,,,,,,,,0,0,Grand Total,,,0,0,,,,,
10,Mon,2026-03-02 00:00:00,Converting ,Delta 3,,,,,,,,,,0,0,Grand Total,,,0,0,,,,,
10,Tue,2026-03-03 00:00:00,Converting ,Delta 3,,,,,,,,,,0,0,Grand Total,,,0,0,,,,,
10,Wed,2026-03-04 00:00:00,Converting ,Delta 3,,,,,,,,,,0,0,Grand Total,,,0,0,,,,,
10,Thu,2026-03-05 00:00:00,Converting ,Delta 3,,,,,,,,,,0,0,Grand Total,,,0,0,,,,,
10,Fri,2026-03-06 00:00:00,Converting ,Delta 3,,,,,,,,,,0,0,Grand Total,,,0,0,,,,,
10,Sat,2026-03-07 00:00:00,Converting ,Delta 3,,,,,,,,,,0,0,Grand Total,,,0,0,,,,,
10,Sun,2026-03-08 00:00:00,Converting ,Delta 3,,,,,,,,,,0,0,Grand Total,,,0,0,,,,,
11,Mon,2026-03-09 00:00:00,Converting ,Delta 3,Yes,Non-Sterile,3958,54644,,5,4000,4000,EA,1080,550.8520000000001,Grand Total,,,0,0,No ,Material not available,Versapor 200RC Estimated Ship Date 24-FEB-2026,,
11,Tue,2026-03-10 00:00:00,Converting ,Delta 3,No,Non-Sterile,6039,54528,,7,1180,360,BOX,0,0,Grand Total,7,480,0,0,,,,,
11,Wed,2026-03-11 00:00:00,Converting ,Delta 3,No,Non-Sterile,6039,54528,,7,1180,820,BOX,0,0,Grand Total,,,0,0,,,,,
11,Thu,2026-03-12 00:00:00,Converting ,Delta 3,Yes,Non-Sterile,2977,54529,,7,45,9,CS,3060,813.150882,Grand Total,4,3,1020,271.050294,,,,,
11,Fri,2026-03-13 00:00:00,Converting ,Delta 3,Yes,Non-Sterile,2977,54529,,7,45,21,CS,7140,1897.352058,Grand Total,14,14,4760,1264.901372,,,,,
11,Sat,2026-03-14 00:00:00,Converting ,Delta 3,,,,,,,,,,0,0,Grand Total,,,0,0,,,,,
11,Sun,2026-03-15 00:00:00,Converting ,Delta 3,,,,,,,,,,0,0,Grand Total,,,0,0,,,,,
12,Mon,2026-03-16 00:00:00,Converting ,Delta 3,Yes,Non-Sterile,2977,54529,,5,45,15,CS,5100,1355.2514700000002,Grand Total,,,0,0,,,,,
12,Tue,2026-03-17 00:00:00,Converting ,Delta 3,,,,,,,,,,0,0,Grand Total,,,0,0,,,,,
12,Wed,2026-03-18 00:00:00,Converting ,Delta 3,,,,,,,,,,0,0,Grand Total,,,0,0,,,,,
12,Thu,2026-03-19 00:00:00,Converting ,Delta 3,,,,,,,,,,0,0,Grand Total,,,0,0,,,,,
12,Fri,2026-03-20 00:00:00,Converting ,Delta 3,,,,,,,,,,0,0,Grand Total,,,0,0,,,,,
12,Sat,2026-03-21 00:00:00,Converting ,Delta 3,,,,,,,,,,0,0,Grand Total,,,0,0,,,,,
12,Sun,2026-03-22 00:00:00,Converting ,Delta 3,,,,,,,,,,0,0,Grand Total,,,0,0,,,,,
13,Mon,2026-03-23 00:00:00,Converting ,Delta 3,,,,,,,,,,0,0,Grand Total,,,0,0,,,,,
13,Tue,2026-03-24 00:00:00,Converting ,Delta 3,,,,,,,,,,0,0,Grand Total,,,0,0,,,,,
13,Wed,2026-03-25 00:00:00,Converting ,Delta 3,,,,,,,,,,0,0,Grand Total,,,0,0,,,,,
13,Thu,2026-03-26 00:00:00,Converting ,Delta 3,,,,,,,,,,0,0,Grand Total,,,0,0,,,,,
13,Fri,2026-03-27 00:00:00,Converting ,Delta 3,,,,,,,,,,0,0,Grand Total,,,0,0,,,,,
13,Sat,2026-03-28 00:00:00,Converting ,Delta 3,,,,,,,,,,0,0,Grand Total,,,0,0,,,,,
13,Sun,2026-03-29 00:00:00,Converting ,Delta 3,,,,,,,,,,0,0,Grand Total,,,0,0,,,,,
14,Mon,2026-03-30 00:00:00,Converting ,Delta 3,,,,,,,,,,0,0,Grand Total,,,0,0,,,,,
14,Tue,2026-03-31 00:00:00,Converting ,Delta 3,,,,,,,,,,0,0,Grand Total,,,0,0,,,,,
14,Wed,2026-04-01 00:00:00,Converting ,Delta 3,,,,,,,,,,0,0,Grand Total,,,0,0,,,,,
14,Thu,2026-04-02 00:00:00,Converting ,Delta 3,,,,,,,,,,0,0,Grand Total,,,0,0,,,,,
14,Fri,2026-04-03 00:00:00,Converting ,Delta 3,,,,,,,,,,0,0,Grand Total,,,0,0,,,,,
14,Sat,2026-04-04 00:00:00,Converting ,Delta 3,,,,,,,,,,0,0,Grand Total,,,0,0,,,,,
14,Sun,2026-04-05 00:00:00,Converting ,Delta 3,,,,,,,,,,0,0,Grand Total,,,0,0,,,,,
15,Mon,2026-04-06 00:00:00,Converting ,Delta 3,,,,,,,,,,0,0,Grand Total,,,0,0,,,,,
15,Tue,2026-04-07 00:00:00,Converting ,Delta 3,,,,,,,,,,0,0,Grand Total,,,0,0,,,,,
15,Wed,2026-04-08 00:00:00,Converting ,Delta 3,,,,,,,,,,0,0,Grand Total,,,0,0,,,,,
15,Thu,2026-04-09 00:00:00,Converting ,Delta 3,,,,,,,,,,0,0,Grand Total,,,0,0,,,,,
15,Fri,2026-04-10 00:00:00,Converting ,Delta 3,,,,,,,,,,0,0,Grand Total,,,0,0,,,,,
15,Sat,2026-04-11 00:00:00,Converting ,Delta 3,,,,,,,,,,0,0,Grand Total,,,0,0,,,,,
15,Sun,2026-04-12 00:00:00,Converting ,Delta 3,,,,,,,,,,0,0,Grand Total,,,0,0,,,,,
16,Mon,2026-04-13 00:00:00,Converting ,Delta 3,,,,,,,,,,0,0,Grand Total,,,0,0,,,,,
16,Tue,2026-04-14 00:00:00,Converting ,Delta 3,,,,,,,,,,0,0,Grand Total,,,0,0,,,,,
16,Wed,2026-04-15 00:00:00,Converting ,Delta 3,,,,,,,,,,0,0,Grand Total,,,0,0,,,,,
16,Thu,2026-04-16 00:00:00,Converting ,Delta 3,,,,,,,,,,0,0,Grand Total,,,0,0,,,,,
16,Fri,2026-04-17 00:00:00,Converting ,Delta 3,,,,,,,,,,0,0,Grand Total,,,0,0,,,,,
16,Sat,2026-04-18 00:00:00,Converting ,Delta 3,,,,,,,,,,0,0,Grand Total,,,0,0,,,,,
16,Sun,2026-04-19 00:00:00,Converting ,Delta 3,,,,,,,,,,0,0,Grand Total,,,0,0,,,,,
17,Mon,2026-04-20 00:00:00,Converting ,Delta 3,,,,,,,,,,0,0,Grand Total,,,0,0,,,,,
17,Tue,2026-04-21 00:00:00,Converting ,Delta 3,,,,,,,,,,0,0,Grand Total,,,0,0,,,,,
17,Wed,2026-04-22 00:00:00,Converting ,Delta 3,,,,,,,,,,0,0,Grand Total,,,0,0,,,,,
17,Thu,2026-04-23 00:00:00,Converting ,Delta 3,,,,,,,,,,0,0,Grand Total,,,0,0,,,,,
17,Fri,2026-04-24 00:00:00,Converting ,Delta 3,,,,,,,,,,0,0,Grand Total,,,0,0,,,,,
17,Sat,2026-04-25 00:00:00,Converting ,Delta 3,,,,,,,,,,0,0,Grand Total,,,0,0,,,,,
17,Sun,2026-04-26 00:00:00,Converting ,Delta 3,,,,,,,,,,0,0,Grand Total,,,0,0,,,,,
18,Mon,2026-04-27 00:00:00,Converting ,Delta 3,,,,,,,,,,0,0,Grand Total,,,0,0,,,,,
18,Tue,2026-04-28 00:00:00,Converting ,Delta 3,,,,,,,,,,0,0,Grand Total,,,0,0,,,,,
18,Wed,2026-04-29 00:00:00,Converting ,Delta 3,,,,,,,,,,0,0,Grand Total,,,0,0,,,,,
18,Thu,2026-04-30 00:00:00,Converting ,Delta 3,,,,,,,,,,0,0,Grand Total,,,0,0,,,,,
18,Fri,2026-05-01 00:00:00,Converting ,Delta 3,,,,,,,,,,0,0,Grand Total,,,0,0,,,,,
18,Sat,2026-05-02 00:00:00,Converting ,Delta 3,,,,,,,,,,0,0,Grand Total,,,0,0,,,,,
18,Sun,2026-05-03 00:00:00,Converting ,Delta 3,,,,,,,,,,0,0,Grand Total,,,0,0,,,,,
19,Mon,2026-05-04 00:00:00,Converting ,Delta 3,,,,,,,,,,0,0,Grand Total,,,0,0,,,,,
19,Tue,2026-05-05 00:00:00,Converting ,Delta 3,,,,,,,,,,0,0,Grand Total,,,0,0,,,,,
19,Wed,2026-05-06 00:00:00,Converting ,Delta 3,,,,,,,,,,0,0,Grand Total,,,0,0,,,,,
19,Thu,2026-05-07 00:00:00,Converting ,Delta 3,,,,,,,,,,0,0,Grand Total,,,0,0,,,,,
19,Fri,2026-05-08 00:00:00,Converting ,Delta 3,,,,,,,,,,0,0,Grand Total,,,0,0,,,,,
19,Sat,2026-05-09 00:00:00,Converting ,Delta 3,,,,,,,,,,0,0,Grand Total,,,0,0,,,,,
19,Sun,2026-05-10 00:00:00,Converting ,Delta 3,,,,,,,,,,0,0,Grand Total,,,0,0,,,,,
20,Mon,2026-05-11 00:00:00,Converting ,Delta 3,,,,,,,,,,0,0,Grand Total,,,0,0,,,,,
20,Tue,2026-05-12 00:00:00,Converting ,Delta 3,,,,,,,,,,0,0,Grand Total,,,0,0,,,,,
20,Wed,2026-05-13 00:00:00,Converting ,Delta 3,,,,,,,,,,0,0,Grand Total,,,0,0,,,,,
20,Thu,2026-05-14 00:00:00,Converting ,Delta 3,,,,,,,,,,0,0,Grand Total,,,0,0,,,,,
20,Fri,2026-05-15 00:00:00,Converting ,Delta 3,,,,,,,,,,0,0,Grand Total,,,0,0,,,,,
20,Sat,2026-05-16 00:00:00,Converting ,Delta 3,,,,,,,,,,0,0,Grand Total,,,0,0,,,,,
20,Sun,2026-05-17 00:00:00,Converting ,Delta 3,,,,,,,,,,0,0,Grand Total,,,0,0,,,,,
21,Mon,2026-05-18 00:00:00,Converting ,Delta 3,,,,,,,,,,0,0,Grand Total,,,0,0,,,,,
21,Tue,2026-05-19 00:00:00,Converting ,Delta 3,,,,,,,,,,0,0,Grand Total,,,0,0,,,,,
21,Wed,2026-05-20 00:00:00,Converting ,Delta 3,,,,,,,,,,0,0,Grand Total,,,0,0,,,,,
21,Thu,2026-05-21 00:00:00,Converting ,Delta 3,,,,,,,,,,0,0,Grand Total,,,0,0,,,,,
21,Fri,2026-05-22 00:00:00,Converting ,Delta 3,,,,,,,,,,0,0,Grand Total,,,0,0,,,,,
21,Sat,2026-05-23 00:00:00,Converting ,Delta 3,,,,,,,,,,0,0,Grand Total,,,0,0,,,,,
21,Sun,2026-05-24 00:00:00,Converting ,Delta 3,,,,,,,,,,0,0,Grand Total,,,0,0,,,,,
22,Mon,2026-05-25 00:00:00,Converting ,Delta 3,,,,,,,,,,0,0,Grand Total,,,0,0,,,,,
22,Tue,2026-05-26 00:00:00,Converting ,Delta 3,,,,,,,,,,0,0,Grand Total,,,0,0,,,,,
22,Wed,2026-05-27 00:00:00,Converting ,Delta 3,,,,,,,,,,0,0,Grand Total,,,0,0,,,,,
22,Thu,2026-05-28 00:00:00,Converting ,Delta 3,,,,,,,,,,0,0,Grand Total,,,0,0,,,,,
22,Fri,2026-05-29 00:00:00,Converting ,Delta 3,,,,,,,,,,0,0,Grand Total,,,0,0,,,,,
22,Sat,2026-05-30 00:00:00,Converting ,Delta 3,,,,,,,,,,0,0,Grand Total,,,0,0,,,,,
22,Sun,2026-05-31 00:00:00,Converting ,Delta 3,,,,,,,,,,0,0,Grand Total,,,0,0,,,,,
23,Mon,2026-06-01 00:00:00,Converting ,Delta 3,,,,,,,,,,0,0,Grand Total,,,0,0,,,,,
23,Tue,2026-06-02 00:00:00,Converting ,Delta 3,,,,,,,,,,0,0,Grand Total,,,0,0,,,,,
23,Wed,2026-06-03 00:00:00,Converting ,Delta 3,,,,,,,,,,0,0,Grand Total,,,0,0,,,,,
23,Thu,2026-06-04 00:00:00,Converting ,Delta 3,,,,,,,,,,0,0,Grand Total,,,0,0,,,,,
23,Fri,2026-06-05 00:00:00,Converting ,Delta 3,,,,,,,,,,0,0,Grand Total,,,0,0,,,,,
23,Sat,2026-06-06 00:00:00,Converting ,Delta 3,,,,,,,,,,0,0,Grand Total,,,0,0,,,,,
23,Sun,2026-06-07 00:00:00,Converting ,Delta 3,,,,,,,,,,0,0,Grand Total,,,0,0,,,,,
24,Mon,2026-06-08 00:00:00,Converting ,Delta 3,,,,,,,,,,0,0,Grand Total,,,0,0,,,,,
24,Tue,2026-06-09 00:00:00,Converting ,Delta 3,,,,,,,,,,0,0,Grand Total,,,0,0,,,,,
24,Wed,2026-06-10 00:00:00,Converting ,Delta 3,,,,,,,,,,0,0,Grand Total,,,0,0,,,,,
24,Thu,2026-06-11 00:00:00,Converting ,Delta 3,,,,,,,,,,0,0,Grand Total,,,0,0,,,,,
24,Fri,2026-06-12 00:00:00,Converting ,Delta 3,,,,,,,,,,0,0,Grand Total,,,0,0,,,,,
24,Sat,2026-06-13 00:00:00,Converting ,Delta 3,,,,,,,,,,0,0,Grand Total,,,0,0,,,,,
24,Sun,2026-06-14 00:00:00,Converting ,Delta 3,,,,,,,,,,0,0,Grand Total,,,0,0,,,,,
25,Mon,2026-06-15 00:00:00,Converting ,Delta 3,,,,,,,,,,0,0,Grand Total,,,0,0,,,,,
25,Tue,2026-06-16 00:00:00,Converting ,Delta 3,,,,,,,,,,0,0,Grand Total,,,0,0,,,,,
25,Wed,2026-06-17 00:00:00,Converting ,Delta 3,,,,,,,,,,0,0,Grand Total,,,0,0,,,,,
25,Thu,2026-06-18 00:00:00,Converting ,Delta 3,,,,,,,,,,0,0,Grand Total,,,0,0,,,,,
25,Fri,2026-06-19 00:00:00,Converting ,Delta 3,,,,,,,,,,0,0,Grand Total,,,0,0,,,,,
25,Sat,2026-06-20 00:00:00,Converting ,Delta 3,,,,,,,,,,0,0,Grand Total,,,0,0,,,,,
25,Sun,2026-06-21 00:00:00,Converting ,Delta 3,,,,,,,,,,0,0,Grand Total,,,0,0,,,,,
26,Mon,2026-06-22 00:00:00,Converting ,Delta 3,,,,,,,,,,0,0,Grand Total,,,0,0,,,,,
26,Tue,2026-06-23 00:00:00,Converting ,Delta 3,,,,,,,,,,0,0,Grand Total,,,0,0,,,,,
26,Wed,2026-06-24 00:00:00,Converting ,Delta 3,,,,,,,,,,0,0,Grand Total,,,0,0,,,,,
26,Thu,2026-06-25 00:00:00,Converting ,Delta 3,,,,,,,,,,0,0,Grand Total,,,0,0,,,,,
26,Fri,2026-06-26 00:00:00,Converting ,Delta 3,,,,,,,,,,0,0,Grand Total,,,0,0,,,,,
26,Sat,2026-06-27 00:00:00,Converting ,Delta 3,,,,,,,,,,0,0,Grand Total,,,0,0,,,,,
26,Sun,2026-06-28 00:00:00,Converting ,Delta 3,,,,,,,,,,0,0,Grand Total,,,0,0,,,,,
27,Mon,2026-06-29 00:00:00,Converting ,Delta 3,,,,,,,,,,0,0,Grand Total,,,0,0,,,,,
27,Tue,2026-06-30 00:00:00,Converting ,Delta 3,,,,,,,,,,0,0,Grand Total,,,0,0,,,,,
27,Wed,2026-07-01 00:00:00,Converting ,Delta 3,,,,,,,,,,0,0,Grand Total,,,0,0,,,,,
27,Thu,2026-07-02 00:00:00,Converting ,Delta 3,,,,,,,,,,0,0,Grand Total,,,0,0,,,,,
27,Fri,2026-07-03 00:00:00,Converting ,Delta 3,,,,,,,,,,0,0,Grand Total,,,0,0,,,,,
27,Sat,2026-07-04 00:00:00,Converting ,Delta 3,,,,,,,,,,0,0,Grand Total,,,0,0,,,,,
27,Sun,2026-07-05 00:00:00,Converting ,Delta 3,,,,,,,,,,0,0,Grand Total,,,0,0,,,,,
28,Mon,2026-07-06 00:00:00,Converting ,Delta 3,,,,,,,,,,0,0,Grand Total,,,0,0,,,,,
28,Tue,2026-07-07 00:00:00,Converting ,Delta 3,,,,,,,,,,0,0,Grand Total,,,0,0,,,,,
28,Wed,2026-07-08 00:00:00,Converting ,Delta 3,,,,,,,,,,0,0,Grand Total,,,0,0,,,,,
28,Thu,2026-07-09 00:00:00,Converting ,Delta 3,,,,,,,,,,0,0,Grand Total,,,0,0,,,,,
28,Fri,2026-07-10 00:00:00,Converting ,Delta 3,,,,,,,,,,0,0,Grand Total,,,0,0,,,,,
28,Sat,2026-07-11 00:00:00,Converting ,Delta 3,,,,,,,,,,0,0,Grand Total,,,0,0,,,,,
28,Sun,2026-07-12 00:00:00,Converting ,Delta 3,,,,,,,,,,0,0,Grand Total,,,0,0,,,,,
29,Mon,2026-07-13 00:00:00,Converting ,Delta 3,,,,,,,,,,0,0,Grand Total,,,0,0,,,,,
29,Tue,2026-07-14 00:00:00,Converting ,Delta 3,,,,,,,,,,0,0,Grand Total,,,0,0,,,,,
29,Wed,2026-07-15 00:00:00,Converting ,Delta 3,,,,,,,,,,0,0,Grand Total,,,0,0,,,,,
29,Thu,2026-07-16 00:00:00,Converting ,Delta 3,,,,,,,,,,0,0,Grand Total,,,0,0,,,,,
29,Fri,2026-07-17 00:00:00,Converting ,Delta 3,,,,,,,,,,0,0,Grand Total,,,0,0,,,,,
29,Sat,2026-07-18 00:00:00,Converting ,Delta 3,,,,,,,,,,0,0,Grand Total,,,0,0,,,,,
29,Sun,2026-07-19 00:00:00,Converting ,Delta 3,,,,,,,,,,0,0,Grand Total,,,0,0,,,,,
30,Mon,2026-07-20 00:00:00,Converting ,Delta 3,,,,,,,,,,0,0,Grand Total,,,0,0,,,,,
30,Tue,2026-07-21 00:00:00,Converting ,Delta 3,,,,,,,,,,0,0,Grand Total,,,0,0,,,,,
30,Wed,2026-07-22 00:00:00,Converting ,Delta 3,,,,,,,,,,0,0,Grand Total,,,0,0,,,,,
30,Thu,2026-07-23 00:00:00,Converting ,Delta 3,,,,,,,,,,0,0,Grand Total,,,0,0,,,,,
30,Fri,2026-07-24 00:00:00,Converting ,Delta 3,,,,,,,,,,0,0,Grand Total,,,0,0,,,,,
30,Sat,2026-07-25 00:00:00,Converting ,Delta 3,,,,,,,,,,0,0,Grand Total,,,0,0,,,,,
30,Sun,2026-07-26 00:00:00,Converting ,Delta 3,,,,,,,,,,0,0,Grand Total,,,0,0,,,,,
31,Mon,2026-07-27 00:00:00,Converting ,Delta 3,,,,,,,,,,0,0,Grand Total,,,0,0,,,,,
31,Tue,2026-07-28 00:00:00,Converting ,Delta 3,,,,,,,,,,0,0,Grand Total,,,0,0,,,,,
31,Wed,2026-07-29 00:00:00,Converting ,Delta 3,,,,,,,,,,0,0,Grand Total,,,0,0,,,,,
31,Thu,2026-07-30 00:00:00,Converting ,Delta 3,,,,,,,,,,0,0,Grand Total,,,0,0,,,,,
31,Fri,2026-07-31 00:00:00,Converting ,Delta 3,,,,,,,,,,0,0,Grand Total,,,0,0,,,,,
31,Sat,2026-08-01 00:00:00,Converting ,Delta 3,,,,,,,,,,0,0,Grand Total,,,0,0,,,,,
31,Sun,2026-08-02 00:00:00,Converting ,Delta 3,,,,,,,,,,0,0,Grand Total,,,0,0,,,,,
32,Mon,2026-08-03 00:00:00,Converting ,Delta 3,,,,,,,,,,0,0,Grand Total,,,0,0,,,,,
32,Tue,2026-08-04 00:00:00,Converting ,Delta 3,,,,,,,,,,0,0,Grand Total,,,0,0,,,,,
32,Wed,2026-08-05 00:00:00,Converting ,Delta 3,,,,,,,,,,0,0,Grand Total,,,0,0,,,,,
32,Thu,2026-08-06 00:00:00,Converting ,Delta 3,,,,,,,,,,0,0,Grand Total,,,0,0,,,,,
32,Fri,2026-08-07 00:00:00,Converting ,Delta 3,,,,,,,,,,0,0,Grand Total,,,0,0,,,,,
32,Sat,2026-08-08 00:00:00,Converting ,Delta 3,,,,,,,,,,0,0,Grand Total,,,0,0,,,,,
32,Sun,2026-08-09 00:00:00,Converting ,Delta 3,,,,,,,,,,0,0,Grand Total,,,0,0,,,,,
33,Mon,2026-08-10 00:00:00,Converting ,Delta 3,,,,,,,,,,0,0,Grand Total,,,0,0,,,,,
33,Tue,2026-08-11 00:00:00,Converting ,Delta 3,,,,,,,,,,0,0,Grand Total,,,0,0,,,,,
33,Wed,2026-08-12 00:00:00,Converting ,Delta 3,,,,,,,,,,0,0,Grand Total,,,0,0,,,,,
33,Thu,2026-08-13 00:00:00,Converting ,Delta 3,,,,,,,,,,0,0,Grand Total,,,0,0,,,,,
33,Fri,2026-08-14 00:00:00,Converting ,Delta 3,,,,,,,,,,0,0,Grand Total,,,0,0,,,,,
33,Sat,2026-08-15 00:00:00,Converting ,Delta 3,,,,,,,,,,0,0,Grand Total,,,0,0,,,,,
33,Sun,2026-08-16 00:00:00,Converting ,Delta 3,,,,,,,,,,0,0,Grand Total,,,0,0,,,,,
34,Mon,2026-08-17 00:00:00,Converting ,Delta 3,,,,,,,,,,0,0,Grand Total,,,0,0,,,,,
34,Tue,2026-08-18 00:00:00,Converting ,Delta 3,,,,,,,,,,0,0,Grand Total,,,0,0,,,,,
34,Wed,2026-08-19 00:00:00,Converting ,Delta 3,,,,,,,,,,0,0,Grand Total,,,0,0,,,,,
34,Thu,2026-08-20 00:00:00,Converting ,Delta 3,,,,,,,,,,0,0,Grand Total,,,0,0,,,,,
34,Fri,2026-08-21 00:00:00,Converting ,Delta 3,,,,,,,,,,0,0,Grand Total,,,0,0,,,,,
34,Sat,2026-08-22 00:00:00,Converting ,Delta 3,,,,,,,,,,0,0,Grand Total,,,0,0,,,,,
34,Sun,2026-08-23 00:00:00,Converting ,Delta 3,,,,,,,,,,0,0,Grand Total,,,0,0,,,,,
35,Mon,2026-08-24 00:00:00,Converting ,Delta 3,,,,,,,,,,0,0,Grand Total,,,0,0,,,,,
35,Tue,2026-08-25 00:00:00,Converting ,Delta 3,,,,,,,,,,0,0,Grand Total,,,0,0,,,,,
35,Wed,2026-08-26 00:00:00,Converting ,Delta 3,,,,,,,,,,0,0,Grand Total,,,0,0,,,,,
35,Thu,2026-08-27 00:00:00,Converting ,Delta 3,,,,,,,,,,0,0,Grand Total,,,0,0,,,,,
35,Fri,2026-08-28 00:00:00,Converting ,Delta 3,,,,,,,,,,0,0,Grand Total,,,0,0,,,,,
35,Sat,2026-08-29 00:00:00,Converting ,Delta 3,,,,,,,,,,0,0,Grand Total,,,0,0,,,,,
35,Sun,2026-08-30 00:00:00,Converting ,Delta 3,,,,,,,,,,0,0,Grand Total,,,0,0,,,,,
36,Mon,2026-08-31 00:00:00,Converting ,Delta 3,,,,,,,,,,0,0,Grand Total,,,0,0,,,,,
36,Tue,2026-09-01 00:00:00,Converting ,Delta 3,,,,,,,,,,0,0,Grand Total,,,0,0,,,,,
36,Wed,2026-09-02 00:00:00,Converting ,Delta 3,,,,,,,,,,0,0,Grand Total,,,0,0,,,,,
36,Thu,2026-09-03 00:00:00,Converting ,Delta 3,,,,,,,,,,0,0,Grand Total,,,0,0,,,,,
36,Fri,2026-09-04 00:00:00,Converting ,Delta 3,,,,,,,,,,0,0,Grand Total,,,0,0,,,,,
36,Sat,2026-09-05 00:00:00,Converting ,Delta 3,,,,,,,,,,0,0,Grand Total,,,0,0,,,,,
36,Sun,2026-09-06 00:00:00,Converting ,Delta 3,,,,,,,,,,0,0,Grand Total,,,0,0,,,,,
37,Mon,2026-09-07 00:00:00,Converting ,Delta 3,,,,,,,,,,0,0,Grand Total,,,0,0,,,,,
37,Tue,2026-09-08 00:00:00,Converting ,Delta 3,,,,,,,,,,0,0,Grand Total,,,0,0,,,,,
37,Wed,2026-09-09 00:00:00,Converting ,Delta 3,,,,,,,,,,0,0,Grand Total,,,0,0,,,,,
37,Thu,2026-09-10 00:00:00,Converting ,Delta 3,,,,,,,,,,0,0,Grand Total,,,0,0,,,,,
37,Fri,2026-09-11 00:00:00,Converting ,Delta 3,,,,,,,,,,0,0,Grand Total,,,0,0,,,,,
37,Sat,2026-09-12 00:00:00,Converting ,Delta 3,,,,,,,,,,0,0,Grand Total,,,0,0,,,,,
37,Sun,2026-09-13 00:00:00,Converting ,Delta 3,,,,,,,,,,0,0,Grand Total,,,0,0,,,,,
38,Mon,2026-09-14 00:00:00,Converting ,Delta 3,,,,,,,,,,0,0,Grand Total,,,0,0,,,,,
38,Tue,2026-09-15 00:00:00,Converting ,Delta 3,,,,,,,,,,0,0,Grand Total,,,0,0,,,,,
38,Wed,2026-09-16 00:00:00,Converting ,Delta 3,,,,,,,,,,0,0,Grand Total,,,0,0,,,,,
38,Thu,2026-09-17 00:00:00,Converting ,Delta 3,,,,,,,,,,0,0,Grand Total,,,0,0,,,,,
38,Fri,2026-09-18 00:00:00,Converting ,Delta 3,,,,,,,,,,0,0,Grand Total,,,0,0,,,,,
38,Sat,2026-09-19 00:00:00,Converting ,Delta 3,,,,,,,,,,0,0,Grand Total,,,0,0,,,,,
38,Sun,2026-09-20 00:00:00,Converting ,Delta 3,,,,,,,,,,0,0,Grand Total,,,0,0,,,,,
39,Mon,2026-09-21 00:00:00,Converting ,Delta 3,,,,,,,,,,0,0,Grand Total,,,0,0,,,,,
39,Tue,2026-09-22 00:00:00,Converting ,Delta 3,,,,,,,,,,0,0,Grand Total,,,0,0,,,,,
39,Thu,2026-09-24 00:00:00,Converting ,Delta 3,,,,,,,,,,0,0,Grand Total,,,0,0,,,,,
39,Fri,2026-09-25 00:00:00,Converting ,Delta 3,,,,,,,,,,0,0,Grand Total,,,0,0,,,,,
39,Sat,2026-09-26 00:00:00,Converting ,Delta 3,,,,,,,,,,0,0,Grand Total,,,0,0,,,,,
39,Sun,2026-09-27 00:00:00,Converting ,Delta 3,,,,,,,,,,0,0,Grand Total,,,0,0,,,,,
40,Mon,2026-09-28 00:00:00,Converting ,Delta 3,,,,,,,,,,0,0,Grand Total,,,0,0,,,,,
40,Tue,2026-09-29 00:00:00,Converting ,Delta 3,,,,,,,,,,0,0,Grand Total,,,0,0,,,,,
40,Wed,2026-09-30 00:00:00,Converting ,Delta 3,,,,,,,,,,0,0,Grand Total,,,0,0,,,,,
40,Thu,2026-10-01 00:00:00,Converting ,Delta 3,,,,,,,,,,0,0,Grand Total,,,0,0,,,,,
40,Fri,2026-10-02 00:00:00,Converting ,Delta 3,,,,,,,,,,0,0,Grand Total,,,0,0,,,,,
40,Sat,2026-10-03 00:00:00,Converting ,Delta 3,,,,,,,,,,0,0,Grand Total,,,0,0,,,,,
40,Sun,2026-10-04 00:00:00,Converting ,Delta 3,,,,,,,,,,0,0,Grand Total,,,0,0,,,,,
41,Mon,2026-10-05 00:00:00,Converting ,Delta 3,,,,,,,,,,0,0,Grand Total,,,0,0,,,,,
41,Tue,2026-10-06 00:00:00,Converting ,Delta 3,,,,,,,,,,0,0,Grand Total,,,0,0,,,,,
41,Wed,2026-10-07 00:00:00,Converting ,Delta 3,,,,,,,,,,0,0,Grand Total,,,0,0,,,,,
41,Thu,2026-10-08 00:00:00,Converting ,Delta 3,,,,,,,,,,0,0,Grand Total,,,0,0,,,,,
41,Fri,2026-10-09 00:00:00,Converting ,Delta 3,,,,,,,,,,0,0,Grand Total,,,0,0,,,,,
41,Sat,2026-10-10 00:00:00,Converting ,Delta 3,,,,,,,,,,0,0,Grand Total,,,0,0,,,,,
41,Sun,2026-10-11 00:00:00,Converting ,Delta 3,,,,,,,,,,0,0,Grand Total,,,0,0,,,,,
42,Mon,2026-10-12 00:00:00,Converting ,Delta 3,,,,,,,,,,0,0,Grand Total,,,0,0,,,,,
42,Tue,2026-10-13 00:00:00,Converting ,Delta 3,,,,,,,,,,0,0,Grand Total,,,0,0,,,,,
42,Wed,2026-10-14 00:00:00,Converting ,Delta 3,,,,,,,,,,0,0,Grand Total,,,0,0,,,,,
42,Thu,2026-10-15 00:00:00,Converting ,Delta 3,,,,,,,,,,0,0,Grand Total,,,0,0,,,,,
42,Fri,2026-10-16 00:00:00,Converting ,Delta 3,,,,,,,,,,0,0,Grand Total,,,0,0,,,,,
42,Sat,2026-10-17 00:00:00,Converting ,Delta 3,,,,,,,,,,0,0,Grand Total,,,0,0,,,,,
42,Sun,2026-10-18 00:00:00,Converting ,Delta 3,,,,,,,,,,0,0,Grand Total,,,0,0,,,,,
43,Mon,2026-10-19 00:00:00,Converting ,Delta 3,,,,,,,,,,0,0,Grand Total,,,0,0,,,,,
43,Tue,2026-10-20 00:00:00,Converting ,Delta 3,,,,,,,,,,0,0,Grand Total,,,0,0,,,,,
43,Wed,2026-10-21 00:00:00,Converting ,Delta 3,,,,,,,,,,0,0,Grand Total,,,0,0,,,,,
43,Thu,2026-10-22 00:00:00,Converting ,Delta 3,,,,,,,,,,0,0,Grand Total,,,0,0,,,,,
43,Fri,2026-10-23 00:00:00,Converting ,Delta 3,,,,,,,,,,0,0,Grand Total,,,0,0,,,,,
43,Sat,2026-10-24 00:00:00,Converting ,Delta 3,,,,,,,,,,0,0,Grand Total,,,0,0,,,,,
43,Sun,2026-10-25 00:00:00,Converting ,Delta 3,,,,,,,,,,0,0,Grand Total,,,0,0,,,,,
44,Mon,2026-10-26 00:00:00,Converting ,Delta 3,,,,,,,,,,0,0,Grand Total,,,0,0,,,,,
44,Tue,2026-10-27 00:00:00,Converting ,Delta 3,,,,,,,,,,0,0,Grand Total,,,0,0,,,,,
44,Wed,2026-10-28 00:00:00,Converting ,Delta 3,,,,,,,,,,0,0,Grand Total,,,0,0,,,,,
44,Thu,2026-10-29 00:00:00,Converting ,Delta 3,,,,,,,,,,0,0,Grand Total,,,0,0,,,,,
44,Fri,2026-10-30 00:00:00,Converting ,Delta 3,,,,,,,,,,0,0,Grand Total,,,0,0,,,,,
44,Sat,2026-10-31 00:00:00,Converting ,Delta 3,,,,,,,,,,0,0,Grand Total,,,0,0,,,,,
44,Sun,2026-11-01 00:00:00,Converting ,Delta 3,,,,,,,,,,0,0,Grand Total,,,0,0,,,,,
45,Mon,2026-11-02 00:00:00,Converting ,Delta 3,,,,,,,,,,0,0,Grand Total,,,0,0,,,,,
45,Tue,2026-11-03 00:00:00,Converting ,Delta 3,,,,,,,,,,0,0,Grand Total,,,0,0,,,,,
45,Wed,2026-11-04 00:00:00,Converting ,Delta 3,,,,,,,,,,0,0,Grand Total,,,0,0,,,,,
45,Thu,2026-11-05 00:00:00,Converting ,Delta 3,,,,,,,,,,0,0,Grand Total,,,0,0,,,,,
45,Fri,2026-11-06 00:00:00,Converting ,Delta 3,,,,,,,,,,0,0,Grand Total,,,0,0,,,,,
45,Sat,2026-11-07 00:00:00,Converting ,Delta 3,,,,,,,,,,0,0,Grand Total,,,0,0,,,,,
45,Sun,2026-11-08 00:00:00,Converting ,Delta 3,,,,,,,,,,0,0,Grand Total,,,0,0,,,,,
46,Mon,2026-11-09 00:00:00,Converting ,Delta 3,,,,,,,,,,0,0,Grand Total,,,0,0,,,,,
46,Tue,2026-11-10 00:00:00,Converting ,Delta 3,,,,,,,,,,0,0,Grand Total,,,0,0,,,,,
46,Wed,2026-11-11 00:00:00,Converting ,Delta 3,,,,,,,,,,0,0,Grand Total,,,0,0,,,,,
46,Thu,2026-11-12 00:00:00,Converting ,Delta 3,,,,,,,,,,0,0,Grand Total,,,0,0,,,,,
46,Fri,2026-11-13 00:00:00,Converting ,Delta 3,,,,,,,,,,0,0,Grand Total,,,0,0,,,,,
46,Sat,2026-11-14 00:00:00,Converting ,Delta 3,,,,,,,,,,0,0,Grand Total,,,0,0,,,,,
46,Sun,2026-11-15 00:00:00,Converting ,Delta 3,,,,,,,,,,0,0,Grand Total,,,0,0,,,,,
47,Mon,2026-11-16 00:00:00,Converting ,Delta 3,,,,,,,,,,0,0,Grand Total,,,0,0,,,,,
47,Tue,2026-11-17 00:00:00,Converting ,Delta 3,,,,,,,,,,0,0,Grand Total,,,0,0,,,,,
47,Wed,2026-11-18 00:00:00,Converting ,Delta 3,,,,,,,,,,0,0,Grand Total,,,0,0,,,,,
47,Thu,2026-11-19 00:00:00,Converting ,Delta 3,,,,,,,,,,0,0,Grand Total,,,0,0,,,,,
47,Fri,2026-11-20 00:00:00,Converting ,Delta 3,,,,,,,,,,0,0,Grand Total,,,0,0,,,,,
47,Sat,2026-11-21 00:00:00,Converting ,Delta 3,,,,,,,,,,0,0,Grand Total,,,0,0,,,,,
47,Sun,2026-11-22 00:00:00,Converting ,Delta 3,,,,,,,,,,0,0,Grand Total,,,0,0,,,,,
48,Mon,2026-11-23 00:00:00,Converting ,Delta 3,,,,,,,,,,0,0,Grand Total,,,0,0,,,,,
48,Tue,2026-11-24 00:00:00,Converting ,Delta 3,,,,,,,,,,0,0,Grand Total,,,0,0,,,,,
48,Wed,2026-11-25 00:00:00,Converting ,Delta 3,,,,,,,,,,0,0,Grand Total,,,0,0,,,,,
48,Thu,2026-11-26 00:00:00,Converting ,Delta 3,,,,,,,,,,0,0,Grand Total,,,0,0,,,,,
48,Fri,2026-11-27 00:00:00,Converting ,Delta 3,,,,,,,,,,0,0,Grand Total,,,0,0,,,,,
48,Sat,2026-11-28 00:00:00,Converting ,Delta 3,,,,,,,,,,0,0,Grand Total,,,0,0,,,,,
48,Sun,2026-11-29 00:00:00,Converting ,Delta 3,,,,,,,,,,0,0,Grand Total,,,0,0,,,,,
49,Mon,2026-11-30 00:00:00,Converting ,Delta 3,,,,,,,,,,0,0,Grand Total,,,0,0,,,,,
49,Tue,2026-12-01 00:00:00,Converting ,Delta 3,,,,,,,,,,0,0,Grand Total,,,0,0,,,,,
49,Wed,2026-12-02 00:00:00,Converting ,Delta 3,,,,,,,,,,0,0,Grand Total,,,0,0,,,,,
49,Thu,2026-12-03 00:00:00,Converting ,Delta 3,,,,,,,,,,0,0,Grand Total,,,0,0,,,,,
49,Fri,2026-12-04 00:00:00,Converting ,Delta 3,,,,,,,,,,0,0,Grand Total,,,0,0,,,,,
49,Sat,2026-12-05 00:00:00,Converting ,Delta 3,,,,,,,,,,0,0,Grand Total,,,0,0,,,,,
49,Sun,2026-12-06 00:00:00,Converting ,Delta 3,,,,,,,,,,0,0,Grand Total,,,0,0,,,,,
50,Mon,2026-12-07 00:00:00,Converting ,Delta 3,,,,,,,,,,0,0,Grand Total,,,0,0,,,,,
50,Tue,2026-12-08 00:00:00,Converting ,Delta 3,,,,,,,,,,0,0,Grand Total,,,0,0,,,,,
50,Wed,2026-12-09 00:00:00,Converting ,Delta 3,,,,,,,,,,0,0,Grand Total,,,0,0,,,,,
50,Thu,2026-12-10 00:00:00,Converting ,Delta 3,,,,,,,,,,0,0,Grand Total,,,0,0,,,,,
50,Fri,2026-12-11 00:00:00,Converting ,Delta 3,,,,,,,,,,0,0,Grand Total,,,0,0,,,,,
50,Sat,2026-12-12 00:00:00,Converting ,Delta 3,,,,,,,,,,0,0,Grand Total,,,0,0,,,,,
50,Sun,2026-12-13 00:00:00,Converting ,Delta 3,,,,,,,,,,0,0,Grand Total,,,0,0,,,,,
51,Mon,2026-12-14 00:00:00,Converting ,Delta 3,,,,,,,,,,0,0,Grand Total,,,0,0,,,,,
51,Tue,2026-12-15 00:00:00,Converting ,Delta 3,,,,,,,,,,0,0,Grand Total,,,0,0,,,,,
51,Wed,2026-12-16 00:00:00,Converting ,Delta 3,,,,,,,,,,0,0,Grand Total,,,0,0,,,,,
51,Thu,2026-12-17 00:00:00,Converting ,Delta 3,,,,,,,,,,0,0,Grand Total,,,0,0,,,,,
51,Fri,2026-12-18 00:00:00,Converting ,Delta 3,,,,,,,,,,0,0,Grand Total,,,0,0,,,,,
51,Sat,2026-12-19 00:00:00,Converting ,Delta 3,,,,,,,,,,0,0,Grand Total,,,0,0,,,,,
51,Sun,2026-12-20 00:00:00,Converting ,Delta 3,,,,,,,,,,0,0,Grand Total,,,0,0,,,,,
52,Mon,2026-12-21 00:00:00,Converting ,Delta 3,,,,,,,,,,0,0,Grand Total,,,0,0,,,,,
52,Tue,2026-12-22 00:00:00,Converting ,Delta 3,,,,,,,,,,0,0,Grand Total,,,0,0,,,,,
52,Wed,2026-12-23 00:00:00,Converting ,Delta 3,,,,,,,,,,0,0,Grand Total,,,0,0,,,,,
52,Thu,2026-12-24 00:00:00,Converting ,Delta 3,,,,,,,,,,0,0,Grand Total,,,0,0,,,,,
52,Fri,2026-12-25 00:00:00,Converting ,Delta 3,,,,,,,,,,0,0,Grand Total,,,0,0,,,,,
52,Sat,2026-12-26 00:00:00,Converting ,Delta 3,,,,,,,,,,0,0,Grand Total,,,0,0,,,,,
52,Sun,2026-12-27 00:00:00,Converting ,Delta 3,,,,,,,,,,0,0,Grand Total,,,0,0,,,,,
53,Mon,2026-12-28 00:00:00,Converting ,Delta 3,,,,,,,,,,0,0,Grand Total,,,0,0,,,,,
53,Tue,2026-12-29 00:00:00,Converting ,Delta 3,,,,,,,,,,0,0,Grand Total,,,0,0,,,,,
53,Wed,2026-12-30 00:00:00,Converting ,Delta 3,,,,,,,,,,0,0,Grand Total,,,0,0,,,,,
53,Thu,2026-12-31 00:00:00,Converting ,Delta 3,,,,,,,,,,0,0,Grand Total,,,0,0,,,,,
1,Thu,2026-01-01 00:00:00,Converting ,Delta 4,,,,,,,,,,0,0,Grand Total,,,0,0,,,,,
1,Fri,2026-01-02 00:00:00,Converting ,Delta 4,,,,,,,,,,0,0,Grand Total,,,0,0,,,,,
1,Tue,2023-01-03 00:00:00,Converting ,Delta 4,,,,,,,,,,0,0,Grand Total,,,0,0,,,,,
1,Sun,2026-01-04 00:00:00,Converting ,Delta 4,,,,,,,,,,0,0,Grand Total,,,0,0,,,,,
2,Mon,2026-01-05 00:00:00,Converting ,Delta 4,Yes,Non-Sterile,4804,53490,,14,5000,2800,EA,9572.92,4805.1723999999995,Grand Total,18,3000,10256.699999999999,5148.398999999999,,,,,
2,Tue,2026-01-06 00:00:00,Converting ,Delta 4,Yes,Non-Sterile,4804,53490,,6,5000,2200,EA,7521.58,3775.4925999999996,Grand Total,14,2000,6837.799999999999,3432.2659999999996,,,,,
2,Wed,2026-01-07 00:00:00,Converting ,Delta 4,Yes,Non-Sterile,4978,53763,,14,198000,40000,EA,6028,-9.919999999999929,Grand Total,14,37500,5651.25,-9.299999999999933,,,,,
2,Thu,2026-01-08 00:00:00,Converting ,Delta 4,Yes,Non-Sterile,4978,53763,,14,198000,70000,EA,10549,-17.359999999999875,Grand Total,32,92250,13902.075,-22.877999999999837,,,,,
2,Fri,2026-01-09 00:00:00,Converting ,Delta 4,Yes,Non-Sterile,4978,53763,,14,198000,70000,EA,10549,-17.359999999999875,Grand Total,14,45250,6819.175,-11.22199999999992,,,,,
2,Sat,2026-01-10 00:00:00,Converting ,Delta 4,,,,,,,,,,0,0,Grand Total,,,0,0,,,,,
2,Sun,2026-01-11 00:00:00,Converting ,Delta 4,,,,,,,,,,0,0,Grand Total,,,0,0,,,,,
3,Mon,2026-01-12 00:00:00,Converting ,Delta 4,Yes,Non-Sterile,4978,53763,,4,198000,18000,EA,2712.6,-4.463999999999968,Grand Total,,,0,0,,,,,
3,Tue,2026-01-13 00:00:00,Converting ,Delta 4,Yes,Non-Sterile,7235,53857,,14,240000,17600,EA,9366.72,1973.6816,Grand Total,28,34000,18094.8,3812.794,,,,,
3,Wed,2026-01-14 00:00:00,Converting ,Delta 4,Yes,Non-Sterile,7235,53857,,14,240000,30800,EA,16391.76,3453.9428,Grand Total,28,31000,16498.2,3476.3709999999996,,,,,
3,Thu,2026-01-15 00:00:00,Converting ,Delta 4,Yes,Non-Sterile,7235,53857,,14,240000,30800,EA,16391.76,3453.9428,Grand Total,20,25000,13305,2803.5249999999996,,,,,
3,Fri,2026-01-16 00:00:00,Converting ,Delta 4,Yes,Non-Sterile,7235,53857,,14,240000,30800,EA,16391.76,3453.9428,Grand Total,28,33500,17828.7,3756.7234999999996,,,,,
3,Sat,2026-01-17 00:00:00,Converting ,Delta 4,,,,,,,,,,0,0,Grand Total,,,0,0,,,,,
3,Sun,2026-01-18 00:00:00,Converting ,Delta 4,,,,,,,,,,0,0,Grand Total,,,0,0,,,,,
4,Mon,2026-01-19 00:00:00,Converting ,Delta 4,Yes,Non-Sterile,7235,53857,,14,240000,30800,EA,16391.76,3453.9428,Grand Total,20,18750,9978.75,2102.6437499999997,,,,,
4,Tue,2026-01-20 00:00:00,Converting ,Delta 4,Yes,Non-Sterile,7235,53857,,14,240000,30800,EA,16391.76,3453.9428,Grand Total,20,37750,20090.55,4233.322749999999,,,,,
4,Wed,2026-01-21 00:00:00,Converting ,Delta 4,Yes,Non-Sterile,7235,53857,,14,240000,30800,EA,16391.76,3453.9428,Grand Total,12,14000,7450.8,1569.974,,,,,
4,Thu,2026-01-22 00:00:00,Converting ,Delta 4,Yes,Non-Sterile,7235,53857,,14,240000,30800,EA,16391.76,3453.9428,Grand Total,25,22250,11841.45,2495.1372499999998,,,,,
4,Fri,2026-01-23 00:00:00,Converting ,Delta 4,Yes,Non-Sterile,7235,53857,,4,240000,6800,EA,3618.96,762.5587999999999,Grand Total,28,25750,13704.15,2887.63075,,,,,
4,Fri,2026-01-23 00:00:00,Converting ,Delta 4,Yes,Non-Sterile,7236,54387,,10,140000,17600,EA,9366.72,4757.7024,Grand Total,22,21000,11176.2,5676.804,,,,,
4,Sat,2026-01-24 00:00:00,Converting ,Delta 4,,,,,,,,,,0,0,Grand Total,,,0,0,,,,,
4,Sun,2026-01-25 00:00:00,Converting ,Delta 4,,,,,,,,,,0,0,Grand Total,,,0,0,,,,,
5,Mon,2026-01-26 00:00:00,Converting ,Delta 4,Yes,Non-Sterile,7236,54387,,14,140000,30800,EA,16391.76,8325.9792,Grand Total,38,40000,21288,10812.960000000001,,,,,
5,Tue,2026-01-27 00:00:00,Converting ,Delta 4,Yes,Non-Sterile,7236,54387,,14,140000,30800,EA,16391.76,8325.9792,Grand Total,14,4000,2128.8,1081.296,,,,,
5,Wed,2026-01-28 00:00:00,Converting ,Delta 4,Yes,Non-Sterile,7236,54387,,14,140000,30800,EA,16391.76,8325.9792,Grand Total,,,0,0,,,,,
5,Thu,2026-01-29 00:00:00,Converting ,Delta 4,Yes,Non-Sterile,7236,54387,,11,140000,23200,EA,12347.04,6271.5168,Grand Total,,,0,0,,,,,
5,Fri,2026-01-30 00:00:00,Converting ,Delta 4,,,,,,,,,,0,0,Grand Total,,,0,0,,,,,
5,Sat,2026-01-31 00:00:00,Converting ,Delta 4,,,,,,,,,,0,0,Grand Total,,,0,0,,,,,
5,Sun,2026-02-01 00:00:00,Converting ,Delta 4,,,,,,,,,,0,0,Grand Total,,,0,0,,,,,
6,Mon,2026-02-02 00:00:00,Converting ,Delta 4,Yes,Non-Sterile,4804,54435,,14,20000,3200,EA,10940.48,5491.625599999999,Grand Total,9,2100,7179.69,3603.8792999999996,,,"004558, 004560 ETA 1/28",,
6,Tue,2026-02-03 00:00:00,Converting ,Delta 4,Yes,Non-Sterile,4804,54435,,14,20000,5600,EA,19145.84,9610.344799999999,Grand Total,14,3000,10256.699999999999,5148.398999999999,,,,,
6,Wed,2026-02-04 00:00:00,Converting ,Delta 4,Yes,Non-Sterile,4804,54435,,14,20000,5600,EA,19145.84,9610.344799999999,Grand Total,8,1500,5128.349999999999,2574.1994999999997,,,,,
6,Thu,2026-02-05 00:00:00,Converting ,Delta 4,Yes,Non-Sterile,4804,54435,,14,20000,5600,EA,19145.84,9610.344799999999,Grand Total,36,13400,45813.259999999995,22996.1822,,,,,
6,Fri,2026-02-06 00:00:00,Converting ,Delta 4,Yes,Non-Sterile,7235,53866,,14,240000,18400,EA,9792.48,2063.3943999999997,Grand Total,,,0,0,,,,,
6,Sat,2026-02-07 00:00:00,Converting ,Delta 4,,,,,,,,,,0,0,Grand Total,,,0,0,,,,,
6,Sun,2026-02-08 00:00:00,Converting ,Delta 4,,,,,,,,,,0,0,Grand Total,,,0,0,,,,,
7,Mon,2026-02-09 00:00:00,Converting ,Delta 4,Yes,Non-Sterile,7235,53866,,14,240000,32000,EA,17030.4,3588.5119999999997,Grand Total,14,12000,6386.4,1345.6919999999998,,,,,
7,Tue,2026-02-10 00:00:00,Converting ,Delta 4,Yes,Non-Sterile,7235,53866,,14,240000,32000,EA,17030.4,3588.5119999999997,Grand Total,14,16000,8515.2,1794.2559999999999,,,,,
7,Wed,2026-02-11 00:00:00,Converting ,Delta 4,Yes,Non-Sterile,7235,53866,,14,240000,32000,EA,17030.4,3588.5119999999997,Grand Total,14,18000,9579.6,2018.5379999999998,,,,,
7,Thu,2026-02-12 00:00:00,Converting ,Delta 4,Yes,Non-Sterile,7235,53866,,14,240000,32000,EA,17030.4,3588.5119999999997,Grand Total,14,16000,8515.2,1794.2559999999999,,,,,
7,Fri,2026-02-13 00:00:00,Converting ,Delta 4,Yes,Non-Sterile,7235,53866,,14,240000,32000,EA,17030.4,3588.5119999999997,Grand Total,19,22000,11708.4,2467.102,,,,,
7,Sat,2026-02-14 00:00:00,Converting ,Delta 4,,,,,,,,,,0,0,Grand Total,,,0,0,,,,,
7,Sun,2026-02-15 00:00:00,Converting ,Delta 4,,,,,,,,,,0,0,Grand Total,,,0,0,,,,,
8,Mon,2026-02-16 00:00:00,Converting ,Delta 4,Yes,Non-Sterile,7235,53866,,14,240000,32000,EA,17030.4,3588.5119999999997,Grand Total,14,20000,10644,2242.8199999999997,,,,,
8,Tue,2026-02-17 00:00:00,Converting ,Delta 4,Yes,Non-Sterile,7235,53866,,13,240000,29600,EA,15753.12,3319.3736,Grand Total,,,0,0,,,,,
8,Wed,2026-02-18 00:00:00,Converting ,Delta 4,Yes,Non-Sterile,4978,53764,,14,198000,40000,EA,6028,-9.919999999999929,Grand Total,14,18750,2825.625,-4.649999999999967,,,,,
8,Thu,2026-02-19 00:00:00,Converting ,Delta 4,Yes,Non-Sterile,4978,53764,,14,198000,70000,EA,10549,-17.359999999999875,Grand Total,14,37500,5651.25,-9.299999999999933,,,,,
8,Fri,2026-02-20 00:00:00,Converting ,Delta 4,Yes,Non-Sterile,4978,53764,,14,198000,70000,EA,10549,-17.359999999999875,Grand Total,18,58350,8793.345,-14.470799999999896,,,,,
8,Sat,2026-02-21 00:00:00,Converting ,Delta 4,,,,,,,,,,0,0,Grand Total,,,0,0,,,,,
8,Sun,2026-02-22 00:00:00,Converting ,Delta 4,,,,,,,,,,0,0,Grand Total,,,0,0,,,,,
9,Mon,2026-02-23 00:00:00,Converting ,Delta 4,Yes,Non-Sterile,4978,53764,,4,198000,18000,EA,2712.6,-4.463999999999968,Grand Total,,,0,0,,,,,
9,Tue,2026-02-24 00:00:00,Converting ,Delta 4,,,,,,,,,,0,0,Grand Total,,,0,0,,,"004558, 004560 ETA 2/13",,
9,Wed,2026-02-25 00:00:00,Converting ,Delta 4,,,,,,,,,,0,0,Grand Total,,,0,0,,,,,
9,Thu,2026-02-26 00:00:00,Converting ,Delta 4,,,,,,,,,,0,0,Grand Total,,,0,0,,,,,
9,Fri,2026-02-27 00:00:00,Converting ,Delta 4,,,,,,,,,,0,0,Grand Total,,,0,0,,,,,
9,Sat,2026-02-28 00:00:00,Converting ,Delta 4,,,,,,,,,,0,0,Grand Total,,,0,0,,,,,
9,Sun,2026-03-01 00:00:00,Converting ,Delta 4,,,,,,,,,,0,0,Grand Total,,,0,0,,,,,
10,Mon,2026-03-02 00:00:00,Converting ,Delta 4,Yes,Non-Sterile,4557,54437,,14,40000,6790,EA,8467.130000000001,2872.3058000000005,Grand Total,,,0,0,,,,,
10,Tue,2026-03-03 00:00:00,Converting ,Delta 4,Yes,Non-Sterile,4557,54437,,14,40000,13580,EA,16934.260000000002,5744.611600000001,Grand Total,,,0,0,,,,,
10,Wed,2026-03-04 00:00:00,Converting ,Delta 4,Yes,Non-Sterile,4557,54437,,14,40000,13580,EA,16934.260000000002,5744.611600000001,Grand Total,,,0,0,,,,,
10,Thu,2026-03-05 00:00:00,Converting ,Delta 4,Yes,Non-Sterile,4557,54437,,7,40000,6050,EA,7544.35,2559.271,Grand Total,,,0,0,,,,,
10,Fri,2026-03-06 00:00:00,Converting ,Delta 4,,,,,,,,,,0,0,Grand Total,,,0,0,,,,,
10,Sat,2026-03-07 00:00:00,Converting ,Delta 4,,,,,,,,,,0,0,Grand Total,,,0,0,,,,,
10,Sun,2026-03-08 00:00:00,Converting ,Delta 4,,,,,,,,,,0,0,Grand Total,,,0,0,,,,,
11,Mon,2026-03-09 00:00:00,Converting ,Delta 4,,,,,,,,,,0,0,Grand Total,,,0,0,,,,,
11,Tue,2026-03-10 00:00:00,Converting ,Delta 4,,,,,,,,,,0,0,Grand Total,,,0,0,,,,,
11,Wed,2026-03-11 00:00:00,Converting ,Delta 4,,,,,,,,,,0,0,Grand Total,,,0,0,,,,,
11,Thu,2026-03-12 00:00:00,Converting ,Delta 4,,,,,,,,,,0,0,Grand Total,,,0,0,,,,,
11,Fri,2026-03-13 00:00:00,Converting ,Delta 4,,,,,,,,,,0,0,Grand Total,,,0,0,,,,,
11,Sat,2026-03-14 00:00:00,Converting ,Delta 4,,,,,,,,,,0,0,Grand Total,,,0,0,,,,,
11,Sun,2026-03-15 00:00:00,Converting ,Delta 4,,,,,,,,,,0,0,Grand Total,,,0,0,,,,,
12,Mon,2026-03-16 00:00:00,Converting ,Delta 4,,,,,,,,,,0,0,Grand Total,,,0,0,,,,,
12,Tue,2026-03-17 00:00:00,Converting ,Delta 4,,,,,,,,,,0,0,Grand Total,,,0,0,,,,,
12,Wed,2026-03-18 00:00:00,Converting ,Delta 4,,,,,,,,,,0,0,Grand Total,,,0,0,,,,,
12,Thu,2026-03-19 00:00:00,Converting ,Delta 4,,,,,,,,,,0,0,Grand Total,,,0,0,,,,,
12,Fri,2026-03-20 00:00:00,Converting ,Delta 4,,,,,,,,,,0,0,Grand Total,,,0,0,,,,,
12,Sat,2026-03-21 00:00:00,Converting ,Delta 4,,,,,,,,,,0,0,Grand Total,,,0,0,,,,,
12,Sun,2026-03-22 00:00:00,Converting ,Delta 4,,,,,,,,,,0,0,Grand Total,,,0,0,,,,,
13,Mon,2026-03-23 00:00:00,Converting ,Delta 4,,,,,,,,,,0,0,Grand Total,,,0,0,,,,,
13,Tue,2026-03-24 00:00:00,Converting ,Delta 4,,,,,,,,,,0,0,Grand Total,,,0,0,,,,,
13,Wed,2026-03-25 00:00:00,Converting ,Delta 4,,,,,,,,,,0,0,Grand Total,,,0,0,,,,,
13,Thu,2026-03-26 00:00:00,Converting ,Delta 4,,,,,,,,,,0,0,Grand Total,,,0,0,,,,,
13,Fri,2026-03-27 00:00:00,Converting ,Delta 4,,,,,,,,,,0,0,Grand Total,,,0,0,,,,,
13,Sat,2026-03-28 00:00:00,Converting ,Delta 4,,,,,,,,,,0,0,Grand Total,,,0,0,,,,,
13,Sun,2026-03-29 00:00:00,Converting ,Delta 4,,,,,,,,,,0,0,Grand Total,,,0,0,,,,,
14,Mon,2026-03-30 00:00:00,Converting ,Delta 4,,,,,,,,,,0,0,Grand Total,,,0,0,,,,,
14,Tue,2026-03-31 00:00:00,Converting ,Delta 4,,,,,,,,,,0,0,Grand Total,,,0,0,,,,,
14,Wed,2026-04-01 00:00:00,Converting ,Delta 4,,,,,,,,,,0,0,Grand Total,,,0,0,,,,,
14,Thu,2026-04-02 00:00:00,Converting ,Delta 4,,,,,,,,,,0,0,Grand Total,,,0,0,,,,,
14,Fri,2026-04-03 00:00:00,Converting ,Delta 4,,,,,,,,,,0,0,Grand Total,,,0,0,,,,,
14,Sat,2026-04-04 00:00:00,Converting ,Delta 4,,,,,,,,,,0,0,Grand Total,,,0,0,,,,,
14,Sun,2026-04-05 00:00:00,Converting ,Delta 4,,,,,,,,,,0,0,Grand Total,,,0,0,,,,,
15,Mon,2026-04-06 00:00:00,Converting ,Delta 4,,,,,,,,,,0,0,Grand Total,,,0,0,,,,,
15,Tue,2026-04-07 00:00:00,Converting ,Delta 4,,,,,,,,,,0,0,Grand Total,,,0,0,,,,,
15,Wed,2026-04-08 00:00:00,Converting ,Delta 4,,,,,,,,,,0,0,Grand Total,,,0,0,,,,,
15,Thu,2026-04-09 00:00:00,Converting ,Delta 4,,,,,,,,,,0,0,Grand Total,,,0,0,,,,,
15,Fri,2026-04-10 00:00:00,Converting ,Delta 4,,,,,,,,,,0,0,Grand Total,,,0,0,,,,,
15,Sat,2026-04-11 00:00:00,Converting ,Delta 4,,,,,,,,,,0,0,Grand Total,,,0,0,,,,,
15,Sun,2026-04-12 00:00:00,Converting ,Delta 4,,,,,,,,,,0,0,Grand Total,,,0,0,,,,,
16,Mon,2026-04-13 00:00:00,Converting ,Delta 4,,,,,,,,,,0,0,Grand Total,,,0,0,,,,,
16,Tue,2026-04-14 00:00:00,Converting ,Delta 4,,,,,,,,,,0,0,Grand Total,,,0,0,,,,,
16,Wed,2026-04-15 00:00:00,Converting ,Delta 4,,,,,,,,,,0,0,Grand Total,,,0,0,,,,,
16,Thu,2026-04-16 00:00:00,Converting ,Delta 4,,,,,,,,,,0,0,Grand Total,,,0,0,,,,,
16,Fri,2026-04-17 00:00:00,Converting ,Delta 4,,,,,,,,,,0,0,Grand Total,,,0,0,,,,,
16,Sat,2026-04-18 00:00:00,Converting ,Delta 4,,,,,,,,,,0,0,Grand Total,,,0,0,,,,,
16,Sun,2026-04-19 00:00:00,Converting ,Delta 4,,,,,,,,,,0,0,Grand Total,,,0,0,,,,,
17,Mon,2026-04-20 00:00:00,Converting ,Delta 4,,,,,,,,,,0,0,Grand Total,,,0,0,,,,,
17,Tue,2026-04-21 00:00:00,Converting ,Delta 4,,,,,,,,,,0,0,Grand Total,,,0,0,,,,,
17,Wed,2026-04-22 00:00:00,Converting ,Delta 4,,,,,,,,,,0,0,Grand Total,,,0,0,,,,,
17,Thu,2026-04-23 00:00:00,Converting ,Delta 4,,,,,,,,,,0,0,Grand Total,,,0,0,,,,,
17,Fri,2026-04-24 00:00:00,Converting ,Delta 4,,,,,,,,,,0,0,Grand Total,,,0,0,,,,,
17,Sat,2026-04-25 00:00:00,Converting ,Delta 4,,,,,,,,,,0,0,Grand Total,,,0,0,,,,,
17,Sun,2026-04-26 00:00:00,Converting ,Delta 4,,,,,,,,,,0,0,Grand Total,,,0,0,,,,,
18,Mon,2026-04-27 00:00:00,Converting ,Delta 4,,,,,,,,,,0,0,Grand Total,,,0,0,,,,,
18,Tue,2026-04-28 00:00:00,Converting ,Delta 4,,,,,,,,,,0,0,Grand Total,,,0,0,,,,,
18,Wed,2026-04-29 00:00:00,Converting ,Delta 4,,,,,,,,,,0,0,Grand Total,,,0,0,,,,,
18,Thu,2026-04-30 00:00:00,Converting ,Delta 4,,,,,,,,,,0,0,Grand Total,,,0,0,,,,,
18,Fri,2026-05-01 00:00:00,Converting ,Delta 4,,,,,,,,,,0,0,Grand Total,,,0,0,,,,,
18,Sat,2026-05-02 00:00:00,Converting ,Delta 4,,,,,,,,,,0,0,Grand Total,,,0,0,,,,,
18,Sun,2026-05-03 00:00:00,Converting ,Delta 4,,,,,,,,,,0,0,Grand Total,,,0,0,,,,,
19,Mon,2026-05-04 00:00:00,Converting ,Delta 4,,,,,,,,,,0,0,Grand Total,,,0,0,,,,,
19,Tue,2026-05-05 00:00:00,Converting ,Delta 4,,,,,,,,,,0,0,Grand Total,,,0,0,,,,,
19,Wed,2026-05-06 00:00:00,Converting ,Delta 4,,,,,,,,,,0,0,Grand Total,,,0,0,,,,,
19,Thu,2026-05-07 00:00:00,Converting ,Delta 4,,,,,,,,,,0,0,Grand Total,,,0,0,,,,,
19,Fri,2026-05-08 00:00:00,Converting ,Delta 4,,,,,,,,,,0,0,Grand Total,,,0,0,,,,,
19,Sat,2026-05-09 00:00:00,Converting ,Delta 4,,,,,,,,,,0,0,Grand Total,,,0,0,,,,,
19,Sun,2026-05-10 00:00:00,Converting ,Delta 4,,,,,,,,,,0,0,Grand Total,,,0,0,,,,,
20,Mon,2026-05-11 00:00:00,Converting ,Delta 4,,,,,,,,,,0,0,Grand Total,,,0,0,,,,,
20,Tue,2026-05-12 00:00:00,Converting ,Delta 4,,,,,,,,,,0,0,Grand Total,,,0,0,,,,,
20,Wed,2026-05-13 00:00:00,Converting ,Delta 4,,,,,,,,,,0,0,Grand Total,,,0,0,,,,,
20,Thu,2026-05-14 00:00:00,Converting ,Delta 4,,,,,,,,,,0,0,Grand Total,,,0,0,,,,,
20,Fri,2026-05-15 00:00:00,Converting ,Delta 4,,,,,,,,,,0,0,Grand Total,,,0,0,,,,,
20,Sat,2026-05-16 00:00:00,Converting ,Delta 4,,,,,,,,,,0,0,Grand Total,,,0,0,,,,,
20,Sun,2026-05-17 00:00:00,Converting ,Delta 4,,,,,,,,,,0,0,Grand Total,,,0,0,,,,,
21,Mon,2026-05-18 00:00:00,Converting ,Delta 4,,,,,,,,,,0,0,Grand Total,,,0,0,,,,,
21,Tue,2026-05-19 00:00:00,Converting ,Delta 4,,,,,,,,,,0,0,Grand Total,,,0,0,,,,,
21,Wed,2026-05-20 00:00:00,Converting ,Delta 4,,,,,,,,,,0,0,Grand Total,,,0,0,,,,,
21,Thu,2026-05-21 00:00:00,Converting ,Delta 4,,,,,,,,,,0,0,Grand Total,,,0,0,,,,,
21,Fri,2026-05-22 00:00:00,Converting ,Delta 4,,,,,,,,,,0,0,Grand Total,,,0,0,,,,,
21,Sat,2026-05-23 00:00:00,Converting ,Delta 4,,,,,,,,,,0,0,Grand Total,,,0,0,,,,,
21,Sun,2026-05-24 00:00:00,Converting ,Delta 4,,,,,,,,,,0,0,Grand Total,,,0,0,,,,,
22,Mon,2026-05-25 00:00:00,Converting ,Delta 4,,,,,,,,,,0,0,Grand Total,,,0,0,,,,,
22,Tue,2026-05-26 00:00:00,Converting ,Delta 4,,,,,,,,,,0,0,Grand Total,,,0,0,,,,,
22,Wed,2026-05-27 00:00:00,Converting ,Delta 4,,,,,,,,,,0,0,Grand Total,,,0,0,,,,,
22,Thu,2026-05-28 00:00:00,Converting ,Delta 4,,,,,,,,,,0,0,Grand Total,,,0,0,,,,,
22,Fri,2026-05-29 00:00:00,Converting ,Delta 4,,,,,,,,,,0,0,Grand Total,,,0,0,,,,,
22,Sat,2026-05-30 00:00:00,Converting ,Delta 4,,,,,,,,,,0,0,Grand Total,,,0,0,,,,,
22,Sun,2026-05-31 00:00:00,Converting ,Delta 4,,,,,,,,,,0,0,Grand Total,,,0,0,,,,,
23,Mon,2026-06-01 00:00:00,Converting ,Delta 4,,,,,,,,,,0,0,Grand Total,,,0,0,,,,,
23,Tue,2026-06-02 00:00:00,Converting ,Delta 4,,,,,,,,,,0,0,Grand Total,,,0,0,,,,,
23,Wed,2026-06-03 00:00:00,Converting ,Delta 4,,,,,,,,,,0,0,Grand Total,,,0,0,,,,,
23,Thu,2026-06-04 00:00:00,Converting ,Delta 4,,,,,,,,,,0,0,Grand Total,,,0,0,,,,,
23,Fri,2026-06-05 00:00:00,Converting ,Delta 4,,,,,,,,,,0,0,Grand Total,,,0,0,,,,,
23,Sat,2026-06-06 00:00:00,Converting ,Delta 4,,,,,,,,,,0,0,Grand Total,,,0,0,,,,,
23,Sun,2026-06-07 00:00:00,Converting ,Delta 4,,,,,,,,,,0,0,Grand Total,,,0,0,,,,,
24,Mon,2026-06-08 00:00:00,Converting ,Delta 4,,,,,,,,,,0,0,Grand Total,,,0,0,,,,,
24,Tue,2026-06-09 00:00:00,Converting ,Delta 4,,,,,,,,,,0,0,Grand Total,,,0,0,,,,,
24,Wed,2026-06-10 00:00:00,Converting ,Delta 4,,,,,,,,,,0,0,Grand Total,,,0,0,,,,,
24,Thu,2026-06-11 00:00:00,Converting ,Delta 4,,,,,,,,,,0,0,Grand Total,,,0,0,,,,,
24,Fri,2026-06-12 00:00:00,Converting ,Delta 4,,,,,,,,,,0,0,Grand Total,,,0,0,,,,,
24,Sat,2026-06-13 00:00:00,Converting ,Delta 4,,,,,,,,,,0,0,Grand Total,,,0,0,,,,,
24,Sun,2026-06-14 00:00:00,Converting ,Delta 4,,,,,,,,,,0,0,Grand Total,,,0,0,,,,,
25,Mon,2026-06-15 00:00:00,Converting ,Delta 4,,,,,,,,,,0,0,Grand Total,,,0,0,,,,,
25,Tue,2026-06-16 00:00:00,Converting ,Delta 4,,,,,,,,,,0,0,Grand Total,,,0,0,,,,,
25,Wed,2026-06-17 00:00:00,Converting ,Delta 4,,,,,,,,,,0,0,Grand Total,,,0,0,,,,,
25,Thu,2026-06-18 00:00:00,Converting ,Delta 4,,,,,,,,,,0,0,Grand Total,,,0,0,,,,,
25,Fri,2026-06-19 00:00:00,Converting ,Delta 4,,,,,,,,,,0,0,Grand Total,,,0,0,,,,,
25,Sat,2026-06-20 00:00:00,Converting ,Delta 4,,,,,,,,,,0,0,Grand Total,,,0,0,,,,,
25,Sun,2026-06-21 00:00:00,Converting ,Delta 4,,,,,,,,,,0,0,Grand Total,,,0,0,,,,,
26,Mon,2026-06-22 00:00:00,Converting ,Delta 4,,,,,,,,,,0,0,Grand Total,,,0,0,,,,,
26,Tue,2026-06-23 00:00:00,Converting ,Delta 4,,,,,,,,,,0,0,Grand Total,,,0,0,,,,,
26,Wed,2026-06-24 00:00:00,Converting ,Delta 4,,,,,,,,,,0,0,Grand Total,,,0,0,,,,,
26,Thu,2026-06-25 00:00:00,Converting ,Delta 4,,,,,,,,,,0,0,Grand Total,,,0,0,,,,,
26,Fri,2026-06-26 00:00:00,Converting ,Delta 4,,,,,,,,,,0,0,Grand Total,,,0,0,,,,,
26,Sat,2026-06-27 00:00:00,Converting ,Delta 4,,,,,,,,,,0,0,Grand Total,,,0,0,,,,,
26,Sun,2026-06-28 00:00:00,Converting ,Delta 4,,,,,,,,,,0,0,Grand Total,,,0,0,,,,,
27,Mon,2026-06-29 00:00:00,Converting ,Delta 4,,,,,,,,,,0,0,Grand Total,,,0,0,,,,,
27,Tue,2026-06-30 00:00:00,Converting ,Delta 4,,,,,,,,,,0,0,Grand Total,,,0,0,,,,,
27,Wed,2026-07-01 00:00:00,Converting ,Delta 4,,,,,,,,,,0,0,Grand Total,,,0,0,,,,,
27,Thu,2026-07-02 00:00:00,Converting ,Delta 4,,,,,,,,,,0,0,Grand Total,,,0,0,,,,,
27,Fri,2026-07-03 00:00:00,Converting ,Delta 4,,,,,,,,,,0,0,Grand Total,,,0,0,,,,,
27,Sat,2026-07-04 00:00:00,Converting ,Delta 4,,,,,,,,,,0,0,Grand Total,,,0,0,,,,,
27,Sun,2026-07-05 00:00:00,Converting ,Delta 4,,,,,,,,,,0,0,Grand Total,,,0,0,,,,,
28,Mon,2026-07-06 00:00:00,Converting ,Delta 4,,,,,,,,,,0,0,Grand Total,,,0,0,,,,,
28,Tue,2026-07-07 00:00:00,Converting ,Delta 4,,,,,,,,,,0,0,Grand Total,,,0,0,,,,,
28,Wed,2026-07-08 00:00:00,Converting ,Delta 4,,,,,,,,,,0,0,Grand Total,,,0,0,,,,,
28,Thu,2026-07-09 00:00:00,Converting ,Delta 4,,,,,,,,,,0,0,Grand Total,,,0,0,,,,,
28,Fri,2026-07-10 00:00:00,Converting ,Delta 4,,,,,,,,,,0,0,Grand Total,,,0,0,,,,,
28,Sat,2026-07-11 00:00:00,Converting ,Delta 4,,,,,,,,,,0,0,Grand Total,,,0,0,,,,,
28,Sun,2026-07-12 00:00:00,Converting ,Delta 4,,,,,,,,,,0,0,Grand Total,,,0,0,,,,,
29,Mon,2026-07-13 00:00:00,Converting ,Delta 4,,,,,,,,,,0,0,Grand Total,,,0,0,,,,,
29,Tue,2026-07-14 00:00:00,Converting ,Delta 4,,,,,,,,,,0,0,Grand Total,,,0,0,,,,,
29,Wed,2026-07-15 00:00:00,Converting ,Delta 4,,,,,,,,,,0,0,Grand Total,,,0,0,,,,,
29,Thu,2026-07-16 00:00:00,Converting ,Delta 4,,,,,,,,,,0,0,Grand Total,,,0,0,,,,,
29,Fri,2026-07-17 00:00:00,Converting ,Delta 4,,,,,,,,,,0,0,Grand Total,,,0,0,,,,,
29,Sat,2026-07-18 00:00:00,Converting ,Delta 4,,,,,,,,,,0,0,Grand Total,,,0,0,,,,,
29,Sun,2026-07-19 00:00:00,Converting ,Delta 4,,,,,,,,,,0,0,Grand Total,,,0,0,,,,,
30,Mon,2026-07-20 00:00:00,Converting ,Delta 4,,,,,,,,,,0,0,Grand Total,,,0,0,,,,,
30,Tue,2026-07-21 00:00:00,Converting ,Delta 4,,,,,,,,,,0,0,Grand Total,,,0,0,,,,,
30,Wed,2026-07-22 00:00:00,Converting ,Delta 4,,,,,,,,,,0,0,Grand Total,,,0,0,,,,,
30,Thu,2026-07-23 00:00:00,Converting ,Delta 4,,,,,,,,,,0,0,Grand Total,,,0,0,,,,,
30,Fri,2026-07-24 00:00:00,Converting ,Delta 4,,,,,,,,,,0,0,Grand Total,,,0,0,,,,,
30,Sat,2026-07-25 00:00:00,Converting ,Delta 4,,,,,,,,,,0,0,Grand Total,,,0,0,,,,,
30,Sun,2026-07-26 00:00:00,Converting ,Delta 4,,,,,,,,,,0,0,Grand Total,,,0,0,,,,,
31,Mon,2026-07-27 00:00:00,Converting ,Delta 4,,,,,,,,,,0,0,Grand Total,,,0,0,,,,,
31,Tue,2026-07-28 00:00:00,Converting ,Delta 4,,,,,,,,,,0,0,Grand Total,,,0,0,,,,,
31,Wed,2026-07-29 00:00:00,Converting ,Delta 4,,,,,,,,,,0,0,Grand Total,,,0,0,,,,,
31,Thu,2026-07-30 00:00:00,Converting ,Delta 4,,,,,,,,,,0,0,Grand Total,,,0,0,,,,,
31,Fri,2026-07-31 00:00:00,Converting ,Delta 4,,,,,,,,,,0,0,Grand Total,,,0,0,,,,,
31,Sat,2026-08-01 00:00:00,Converting ,Delta 4,,,,,,,,,,0,0,Grand Total,,,0,0,,,,,
31,Sun,2026-08-02 00:00:00,Converting ,Delta 4,,,,,,,,,,0,0,Grand Total,,,0,0,,,,,
32,Mon,2026-08-03 00:00:00,Converting ,Delta 4,,,,,,,,,,0,0,Grand Total,,,0,0,,,,,
32,Tue,2026-08-04 00:00:00,Converting ,Delta 4,,,,,,,,,,0,0,Grand Total,,,0,0,,,,,
32,Wed,2026-08-05 00:00:00,Converting ,Delta 4,,,,,,,,,,0,0,Grand Total,,,0,0,,,,,
32,Thu,2026-08-06 00:00:00,Converting ,Delta 4,,,,,,,,,,0,0,Grand Total,,,0,0,,,,,
32,Fri,2026-08-07 00:00:00,Converting ,Delta 4,,,,,,,,,,0,0,Grand Total,,,0,0,,,,,
32,Sat,2026-08-08 00:00:00,Converting ,Delta 4,,,,,,,,,,0,0,Grand Total,,,0,0,,,,,
32,Sun,2026-08-09 00:00:00,Converting ,Delta 4,,,,,,,,,,0,0,Grand Total,,,0,0,,,,,
33,Mon,2026-08-10 00:00:00,Converting ,Delta 4,,,,,,,,,,0,0,Grand Total,,,0,0,,,,,
33,Tue,2026-08-11 00:00:00,Converting ,Delta 4,,,,,,,,,,0,0,Grand Total,,,0,0,,,,,
33,Wed,2026-08-12 00:00:00,Converting ,Delta 4,,,,,,,,,,0,0,Grand Total,,,0,0,,,,,
33,Thu,2026-08-13 00:00:00,Converting ,Delta 4,,,,,,,,,,0,0,Grand Total,,,0,0,,,,,
33,Fri,2026-08-14 00:00:00,Converting ,Delta 4,,,,,,,,,,0,0,Grand Total,,,0,0,,,,,
33,Sat,2026-08-15 00:00:00,Converting ,Delta 4,,,,,,,,,,0,0,Grand Total,,,0,0,,,,,
33,Sun,2026-08-16 00:00:00,Converting ,Delta 4,,,,,,,,,,0,0,Grand Total,,,0,0,,,,,
34,Mon,2026-08-17 00:00:00,Converting ,Delta 4,,,,,,,,,,0,0,Grand Total,,,0,0,,,,,
34,Tue,2026-08-18 00:00:00,Converting ,Delta 4,,,,,,,,,,0,0,Grand Total,,,0,0,,,,,
34,Wed,2026-08-19 00:00:00,Converting ,Delta 4,,,,,,,,,,0,0,Grand Total,,,0,0,,,,,
34,Thu,2026-08-20 00:00:00,Converting ,Delta 4,,,,,,,,,,0,0,Grand Total,,,0,0,,,,,
34,Fri,2026-08-21 00:00:00,Converting ,Delta 4,,,,,,,,,,0,0,Grand Total,,,0,0,,,,,
34,Sat,2026-08-22 00:00:00,Converting ,Delta 4,,,,,,,,,,0,0,Grand Total,,,0,0,,,,,
34,Sun,2026-08-23 00:00:00,Converting ,Delta 4,,,,,,,,,,0,0,Grand Total,,,0,0,,,,,
35,Mon,2026-08-24 00:00:00,Converting ,Delta 4,,,,,,,,,,0,0,Grand Total,,,0,0,,,,,
35,Tue,2026-08-25 00:00:00,Converting ,Delta 4,,,,,,,,,,0,0,Grand Total,,,0,0,,,,,
35,Wed,2026-08-26 00:00:00,Converting ,Delta 4,,,,,,,,,,0,0,Grand Total,,,0,0,,,,,
35,Thu,2026-08-27 00:00:00,Converting ,Delta 4,,,,,,,,,,0,0,Grand Total,,,0,0,,,,,
35,Fri,2026-08-28 00:00:00,Converting ,Delta 4,,,,,,,,,,0,0,Grand Total,,,0,0,,,,,
35,Sat,2026-08-29 00:00:00,Converting ,Delta 4,,,,,,,,,,0,0,Grand Total,,,0,0,,,,,
35,Sun,2026-08-30 00:00:00,Converting ,Delta 4,,,,,,,,,,0,0,Grand Total,,,0,0,,,,,
36,Mon,2026-08-31 00:00:00,Converting ,Delta 4,,,,,,,,,,0,0,Grand Total,,,0,0,,,,,
36,Tue,2026-09-01 00:00:00,Converting ,Delta 4,,,,,,,,,,0,0,Grand Total,,,0,0,,,,,
36,Wed,2026-09-02 00:00:00,Converting ,Delta 4,,,,,,,,,,0,0,Grand Total,,,0,0,,,,,
36,Thu,2026-09-03 00:00:00,Converting ,Delta 4,,,,,,,,,,0,0,Grand Total,,,0,0,,,,,
36,Fri,2026-09-04 00:00:00,Converting ,Delta 4,,,,,,,,,,0,0,Grand Total,,,0,0,,,,,
36,Sat,2026-09-05 00:00:00,Converting ,Delta 4,,,,,,,,,,0,0,Grand Total,,,0,0,,,,,
36,Sun,2026-09-06 00:00:00,Converting ,Delta 4,,,,,,,,,,0,0,Grand Total,,,0,0,,,,,
37,Mon,2026-09-07 00:00:00,Converting ,Delta 4,,,,,,,,,,0,0,Grand Total,,,0,0,,,,,
37,Tue,2026-09-08 00:00:00,Converting ,Delta 4,,,,,,,,,,0,0,Grand Total,,,0,0,,,,,
37,Wed,2026-09-09 00:00:00,Converting ,Delta 4,,,,,,,,,,0,0,Grand Total,,,0,0,,,,,
37,Thu,2026-09-10 00:00:00,Converting ,Delta 4,,,,,,,,,,0,0,Grand Total,,,0,0,,,,,
37,Fri,2026-09-11 00:00:00,Converting ,Delta 4,,,,,,,,,,0,0,Grand Total,,,0,0,,,,,
37,Sat,2026-09-12 00:00:00,Converting ,Delta 4,,,,,,,,,,0,0,Grand Total,,,0,0,,,,,
37,Sun,2026-09-13 00:00:00,Converting ,Delta 4,,,,,,,,,,0,0,Grand Total,,,0,0,,,,,
38,Mon,2026-09-14 00:00:00,Converting ,Delta 4,,,,,,,,,,0,0,Grand Total,,,0,0,,,,,
38,Tue,2026-09-15 00:00:00,Converting ,Delta 4,,,,,,,,,,0,0,Grand Total,,,0,0,,,,,
38,Wed,2026-09-16 00:00:00,Converting ,Delta 4,,,,,,,,,,0,0,Grand Total,,,0,0,,,,,
38,Thu,2026-09-17 00:00:00,Converting ,Delta 4,,,,,,,,,,0,0,Grand Total,,,0,0,,,,,
38,Fri,2026-09-18 00:00:00,Converting ,Delta 4,,,,,,,,,,0,0,Grand Total,,,0,0,,,,,
38,Sat,2026-09-19 00:00:00,Converting ,Delta 4,,,,,,,,,,0,0,Grand Total,,,0,0,,,,,
38,Sun,2026-09-20 00:00:00,Converting ,Delta 4,,,,,,,,,,0,0,Grand Total,,,0,0,,,,,
39,Mon,2026-09-21 00:00:00,Converting ,Delta 4,,,,,,,,,,0,0,Grand Total,,,0,0,,,,,
39,Tue,2026-09-22 00:00:00,Converting ,Delta 4,,,,,,,,,,0,0,Grand Total,,,0,0,,,,,
39,Thu,2026-09-24 00:00:00,Converting ,Delta 4,,,,,,,,,,0,0,Grand Total,,,0,0,,,,,
39,Fri,2026-09-25 00:00:00,Converting ,Delta 4,,,,,,,,,,0,0,Grand Total,,,0,0,,,,,
39,Sat,2026-09-26 00:00:00,Converting ,Delta 4,,,,,,,,,,0,0,Grand Total,,,0,0,,,,,
39,Sun,2026-09-27 00:00:00,Converting ,Delta 4,,,,,,,,,,0,0,Grand Total,,,0,0,,,,,
40,Mon,2026-09-28 00:00:00,Converting ,Delta 4,,,,,,,,,,0,0,Grand Total,,,0,0,,,,,
40,Tue,2026-09-29 00:00:00,Converting ,Delta 4,,,,,,,,,,0,0,Grand Total,,,0,0,,,,,
40,Wed,2026-09-30 00:00:00,Converting ,Delta 4,,,,,,,,,,0,0,Grand Total,,,0,0,,,,,
40,Thu,2026-10-01 00:00:00,Converting ,Delta 4,,,,,,,,,,0,0,Grand Total,,,0,0,,,,,
40,Fri,2026-10-02 00:00:00,Converting ,Delta 4,,,,,,,,,,0,0,Grand Total,,,0,0,,,,,
40,Sat,2026-10-03 00:00:00,Converting ,Delta 4,,,,,,,,,,0,0,Grand Total,,,0,0,,,,,
40,Sun,2026-10-04 00:00:00,Converting ,Delta 4,,,,,,,,,,0,0,Grand Total,,,0,0,,,,,
41,Mon,2026-10-05 00:00:00,Converting ,Delta 4,,,,,,,,,,0,0,Grand Total,,,0,0,,,,,
41,Tue,2026-10-06 00:00:00,Converting ,Delta 4,,,,,,,,,,0,0,Grand Total,,,0,0,,,,,
41,Wed,2026-10-07 00:00:00,Converting ,Delta 4,,,,,,,,,,0,0,Grand Total,,,0,0,,,,,
41,Thu,2026-10-08 00:00:00,Converting ,Delta 4,,,,,,,,,,0,0,Grand Total,,,0,0,,,,,
41,Fri,2026-10-09 00:00:00,Converting ,Delta 4,,,,,,,,,,0,0,Grand Total,,,0,0,,,,,
41,Sat,2026-10-10 00:00:00,Converting ,Delta 4,,,,,,,,,,0,0,Grand Total,,,0,0,,,,,
41,Sun,2026-10-11 00:00:00,Converting ,Delta 4,,,,,,,,,,0,0,Grand Total,,,0,0,,,,,
42,Mon,2026-10-12 00:00:00,Converting ,Delta 4,,,,,,,,,,0,0,Grand Total,,,0,0,,,,,
42,Tue,2026-10-13 00:00:00,Converting ,Delta 4,,,,,,,,,,0,0,Grand Total,,,0,0,,,,,
42,Wed,2026-10-14 00:00:00,Converting ,Delta 4,,,,,,,,,,0,0,Grand Total,,,0,0,,,,,
42,Thu,2026-10-15 00:00:00,Converting ,Delta 4,,,,,,,,,,0,0,Grand Total,,,0,0,,,,,
42,Fri,2026-10-16 00:00:00,Converting ,Delta 4,,,,,,,,,,0,0,Grand Total,,,0,0,,,,,
42,Sat,2026-10-17 00:00:00,Converting ,Delta 4,,,,,,,,,,0,0,Grand Total,,,0,0,,,,,
42,Sun,2026-10-18 00:00:00,Converting ,Delta 4,,,,,,,,,,0,0,Grand Total,,,0,0,,,,,
43,Mon,2026-10-19 00:00:00,Converting ,Delta 4,,,,,,,,,,0,0,Grand Total,,,0,0,,,,,
43,Tue,2026-10-20 00:00:00,Converting ,Delta 4,,,,,,,,,,0,0,Grand Total,,,0,0,,,,,
43,Wed,2026-10-21 00:00:00,Converting ,Delta 4,,,,,,,,,,0,0,Grand Total,,,0,0,,,,,
43,Thu,2026-10-22 00:00:00,Converting ,Delta 4,,,,,,,,,,0,0,Grand Total,,,0,0,,,,,
43,Fri,2026-10-23 00:00:00,Converting ,Delta 4,,,,,,,,,,0,0,Grand Total,,,0,0,,,,,
43,Sat,2026-10-24 00:00:00,Converting ,Delta 4,,,,,,,,,,0,0,Grand Total,,,0,0,,,,,
43,Sun,2026-10-25 00:00:00,Converting ,Delta 4,,,,,,,,,,0,0,Grand Total,,,0,0,,,,,
44,Mon,2026-10-26 00:00:00,Converting ,Delta 4,,,,,,,,,,0,0,Grand Total,,,0,0,,,,,
44,Tue,2026-10-27 00:00:00,Converting ,Delta 4,,,,,,,,,,0,0,Grand Total,,,0,0,,,,,
44,Wed,2026-10-28 00:00:00,Converting ,Delta 4,,,,,,,,,,0,0,Grand Total,,,0,0,,,,,
44,Thu,2026-10-29 00:00:00,Converting ,Delta 4,,,,,,,,,,0,0,Grand Total,,,0,0,,,,,
44,Fri,2026-10-30 00:00:00,Converting ,Delta 4,,,,,,,,,,0,0,Grand Total,,,0,0,,,,,
44,Sat,2026-10-31 00:00:00,Converting ,Delta 4,,,,,,,,,,0,0,Grand Total,,,0,0,,,,,
44,Sun,2026-11-01 00:00:00,Converting ,Delta 4,,,,,,,,,,0,0,Grand Total,,,0,0,,,,,
45,Mon,2026-11-02 00:00:00,Converting ,Delta 4,,,,,,,,,,0,0,Grand Total,,,0,0,,,,,
45,Tue,2026-11-03 00:00:00,Converting ,Delta 4,,,,,,,,,,0,0,Grand Total,,,0,0,,,,,
45,Wed,2026-11-04 00:00:00,Converting ,Delta 4,,,,,,,,,,0,0,Grand Total,,,0,0,,,,,
45,Thu,2026-11-05 00:00:00,Converting ,Delta 4,,,,,,,,,,0,0,Grand Total,,,0,0,,,,,
45,Fri,2026-11-06 00:00:00,Converting ,Delta 4,,,,,,,,,,0,0,Grand Total,,,0,0,,,,,
45,Sat,2026-11-07 00:00:00,Converting ,Delta 4,,,,,,,,,,0,0,Grand Total,,,0,0,,,,,
45,Sun,2026-11-08 00:00:00,Converting ,Delta 4,,,,,,,,,,0,0,Grand Total,,,0,0,,,,,
46,Mon,2026-11-09 00:00:00,Converting ,Delta 4,,,,,,,,,,0,0,Grand Total,,,0,0,,,,,
46,Tue,2026-11-10 00:00:00,Converting ,Delta 4,,,,,,,,,,0,0,Grand Total,,,0,0,,,,,
46,Wed,2026-11-11 00:00:00,Converting ,Delta 4,,,,,,,,,,0,0,Grand Total,,,0,0,,,,,
46,Thu,2026-11-12 00:00:00,Converting ,Delta 4,,,,,,,,,,0,0,Grand Total,,,0,0,,,,,
46,Fri,2026-11-13 00:00:00,Converting ,Delta 4,,,,,,,,,,0,0,Grand Total,,,0,0,,,,,
46,Sat,2026-11-14 00:00:00,Converting ,Delta 4,,,,,,,,,,0,0,Grand Total,,,0,0,,,,,
46,Sun,2026-11-15 00:00:00,Converting ,Delta 4,,,,,,,,,,0,0,Grand Total,,,0,0,,,,,
47,Mon,2026-11-16 00:00:00,Converting ,Delta 4,,,,,,,,,,0,0,Grand Total,,,0,0,,,,,
47,Tue,2026-11-17 00:00:00,Converting ,Delta 4,,,,,,,,,,0,0,Grand Total,,,0,0,,,,,
47,Wed,2026-11-18 00:00:00,Converting ,Delta 4,,,,,,,,,,0,0,Grand Total,,,0,0,,,,,
47,Thu,2026-11-19 00:00:00,Converting ,Delta 4,,,,,,,,,,0,0,Grand Total,,,0,0,,,,,
47,Fri,2026-11-20 00:00:00,Converting ,Delta 4,,,,,,,,,,0,0,Grand Total,,,0,0,,,,,
47,Sat,2026-11-21 00:00:00,Converting ,Delta 4,,,,,,,,,,0,0,Grand Total,,,0,0,,,,,
47,Sun,2026-11-22 00:00:00,Converting ,Delta 4,,,,,,,,,,0,0,Grand Total,,,0,0,,,,,
48,Mon,2026-11-23 00:00:00,Converting ,Delta 4,,,,,,,,,,0,0,Grand Total,,,0,0,,,,,
48,Tue,2026-11-24 00:00:00,Converting ,Delta 4,,,,,,,,,,0,0,Grand Total,,,0,0,,,,,
48,Wed,2026-11-25 00:00:00,Converting ,Delta 4,,,,,,,,,,0,0,Grand Total,,,0,0,,,,,
48,Thu,2026-11-26 00:00:00,Converting ,Delta 4,,,,,,,,,,0,0,Grand Total,,,0,0,,,,,
48,Fri,2026-11-27 00:00:00,Converting ,Delta 4,,,,,,,,,,0,0,Grand Total,,,0,0,,,,,
48,Sat,2026-11-28 00:00:00,Converting ,Delta 4,,,,,,,,,,0,0,Grand Total,,,0,0,,,,,
48,Sun,2026-11-29 00:00:00,Converting ,Delta 4,,,,,,,,,,0,0,Grand Total,,,0,0,,,,,
49,Mon,2026-11-30 00:00:00,Converting ,Delta 4,,,,,,,,,,0,0,Grand Total,,,0,0,,,,,
49,Tue,2026-12-01 00:00:00,Converting ,Delta 4,,,,,,,,,,0,0,Grand Total,,,0,0,,,,,
49,Wed,2026-12-02 00:00:00,Converting ,Delta 4,,,,,,,,,,0,0,Grand Total,,,0,0,,,,,
49,Thu,2026-12-03 00:00:00,Converting ,Delta 4,,,,,,,,,,0,0,Grand Total,,,0,0,,,,,
49,Fri,2026-12-04 00:00:00,Converting ,Delta 4,,,,,,,,,,0,0,Grand Total,,,0,0,,,,,
49,Sat,2026-12-05 00:00:00,Converting ,Delta 4,,,,,,,,,,0,0,Grand Total,,,0,0,,,,,
49,Sun,2026-12-06 00:00:00,Converting ,Delta 4,,,,,,,,,,0,0,Grand Total,,,0,0,,,,,
50,Mon,2026-12-07 00:00:00,Converting ,Delta 4,,,,,,,,,,0,0,Grand Total,,,0,0,,,,,
50,Tue,2026-12-08 00:00:00,Converting ,Delta 4,,,,,,,,,,0,0,Grand Total,,,0,0,,,,,
50,Wed,2026-12-09 00:00:00,Converting ,Delta 4,,,,,,,,,,0,0,Grand Total,,,0,0,,,,,
50,Thu,2026-12-10 00:00:00,Converting ,Delta 4,,,,,,,,,,0,0,Grand Total,,,0,0,,,,,
50,Fri,2026-12-11 00:00:00,Converting ,Delta 4,,,,,,,,,,0,0,Grand Total,,,0,0,,,,,
50,Sat,2026-12-12 00:00:00,Converting ,Delta 4,,,,,,,,,,0,0,Grand Total,,,0,0,,,,,
50,Sun,2026-12-13 00:00:00,Converting ,Delta 4,,,,,,,,,,0,0,Grand Total,,,0,0,,,,,
51,Mon,2026-12-14 00:00:00,Converting ,Delta 4,,,,,,,,,,0,0,Grand Total,,,0,0,,,,,
51,Tue,2026-12-15 00:00:00,Converting ,Delta 4,,,,,,,,,,0,0,Grand Total,,,0,0,,,,,
51,Wed,2026-12-16 00:00:00,Converting ,Delta 4,,,,,,,,,,0,0,Grand Total,,,0,0,,,,,
51,Thu,2026-12-17 00:00:00,Converting ,Delta 4,,,,,,,,,,0,0,Grand Total,,,0,0,,,,,
51,Fri,2026-12-18 00:00:00,Converting ,Delta 4,,,,,,,,,,0,0,Grand Total,,,0,0,,,,,
51,Sat,2026-12-19 00:00:00,Converting ,Delta 4,,,,,,,,,,0,0,Grand Total,,,0,0,,,,,
51,Sun,2026-12-20 00:00:00,Converting ,Delta 4,,,,,,,,,,0,0,Grand Total,,,0,0,,,,,
52,Mon,2026-12-21 00:00:00,Converting ,Delta 4,,,,,,,,,,0,0,Grand Total,,,0,0,,,,,
52,Tue,2026-12-22 00:00:00,Converting ,Delta 4,,,,,,,,,,0,0,Grand Total,,,0,0,,,,,
52,Wed,2026-12-23 00:00:00,Converting ,Delta 4,,,,,,,,,,0,0,Grand Total,,,0,0,,,,,
52,Thu,2026-12-24 00:00:00,Converting ,Delta 4,,,,,,,,,,0,0,Grand Total,,,0,0,,,,,
52,Fri,2026-12-25 00:00:00,Converting ,Delta 4,,,,,,,,,,0,0,Grand Total,,,0,0,,,,,
52,Sat,2026-12-26 00:00:00,Converting ,Delta 4,,,,,,,,,,0,0,Grand Total,,,0,0,,,,,
52,Sun,2026-12-27 00:00:00,Converting ,Delta 4,,,,,,,,,,0,0,Grand Total,,,0,0,,,,,
53,Mon,2026-12-28 00:00:00,Converting ,Delta 4,,,,,,,,,,0,0,Grand Total,,,0,0,,,,,
53,Tue,2026-12-29 00:00:00,Converting ,Delta 4,,,,,,,,,,0,0,Grand Total,,,0,0,,,,,
53,Wed,2026-12-30 00:00:00,Converting ,Delta 4,,,,,,,,,,0,0,Grand Total,,,0,0,,,,,
53,Thu,2026-12-31 00:00:00,Converting ,Delta 4,,,,,,,,,,0,0,Grand Total,,,0,0,,,,,
1,Thu,2026-01-01 00:00:00,Converting ,Delta 13,,,,,,,,,,0,0,Grand Total,,,0,0,,,,,
1,Fri,2026-01-02 00:00:00,Converting ,Delta 13,,,,,,,,,,0,0,Grand Total,,,0,0,,,,,
1,Tue,2023-01-03 00:00:00,Converting ,Delta 13,,,,,,,,,,0,0,Grand Total,,,0,0,,,,,
1,Sun,2026-01-04 00:00:00,Converting ,Delta 13,,,,,,,,,,0,0,Grand Total,,,0,0,,,,,
2,Mon,2026-01-05 00:00:00,Converting ,Delta 13,,,,,,,,,,0,0,Grand Total,,,0,0,,,,,
2,Tue,2026-01-06 00:00:00,Converting ,Delta 13,Yes,Non-Sterile,F-22004                 ,54527,,6,4000,4000,SHT,1520,578.82,Grand Total,22,16000,6080,2315.28,,,,,
2,Wed,2026-01-07 00:00:00,Converting ,Delta 13,No,Non-Sterile,5005,54173,,7,17160,3600,CTN,0,0,Grand Total,10,31560,0,0,,,,,
2,Thu,2026-01-08 00:00:00,Converting ,Delta 13,No,Non-Sterile,5005,54173,,7,17160,8400,CTN,0,0,Grand Total,8,4940,0,0,,,,,
2,Fri,2026-01-09 00:00:00,Converting ,Delta 13,No,Non-Sterile,5005,54173,,5,17160,5160,CTN,0,0,Grand Total,10,44100,0,0,,,,,
2,Sat,2026-01-10 00:00:00,Converting ,Delta 13,,,,,,,,,,0,0,Grand Total,,,0,0,,,,,
2,Sun,2026-01-11 00:00:00,Converting ,Delta 13,,,,,,,,,,0,0,Grand Total,,,0,0,,,,,
3,Mon,2026-01-12 00:00:00,Converting ,Delta 13,No,Non-Sterile,4582,54498,,7,42000,10000,LF,0,0,Grand Total,5,12900,0,0,,,,,
3,Tue,2026-01-13 00:00:00,Converting ,Delta 13,No,Non-Sterile,4582,54498,,7,42000,14000,LF,0,0,Grand Total,9,27590,0,0,,,,,
3,Wed,2026-01-14 00:00:00,Converting ,Delta 13,No,Non-Sterile,4582,54498,,7,42000,14000,LF,0,0,Grand Total,,,0,0,,,,,
3,Thu,2026-01-15 00:00:00,Converting ,Delta 13,No,Non-Sterile,4582,54498,,3,42000,4000,LF,0,0,Grand Total,,,0,0,,,,,
3,Fri,2026-01-16 00:00:00,Converting ,Delta 13,,,,,,,,,,0,0,Grand Total,,,0,0,,,,,
3,Sat,2026-01-17 00:00:00,Converting ,Delta 13,,,,,,,,,,0,0,Grand Total,,,0,0,,,,,
3,Sun,2026-01-18 00:00:00,Converting ,Delta 13,,,,,,,,,,0,0,Grand Total,,,0,0,,,,,
4,Mon,2026-01-19 00:00:00,Converting ,Delta 13,,,,PM,,,,,,0,0,Grand Total,,,0,0,,,,,
4,Tue,2026-01-20 00:00:00,Converting ,Delta 13,Yes,Non-Sterile,4821,54672,,7,48000,48000,EA,6446.400000000001,1638.0000000000002,Grand Total,10,49600,6661.28,1692.6000000000001,,,,,
4,Wed,2026-01-21 00:00:00,Converting ,Delta 13,,,,,,,,,,0,0,Grand Total,,,0,0,,,,,
4,Thu,2026-01-22 00:00:00,Converting ,Delta 13,Yes,Non-Sterile,4671,54632,,6,8800,8800,EA,7268.799999999999,6801.9776,Grand Total,4,4800,3964.7999999999997,3710.1695999999997,,,,,
4,Fri,2026-01-23 00:00:00,Converting ,Delta 13,,,,,,,,,,0,0,Grand Total,,,0,0,,,,,
4,Sat,2026-01-24 00:00:00,Converting ,Delta 13,,,,,,,,,,0,0,Grand Total,,,0,0,,,,,
4,Sun,2026-01-25 00:00:00,Converting ,Delta 13,,,,,,,,,,0,0,Grand Total,,,0,0,,,,,
5,Mon,2026-01-26 00:00:00,Converting ,Delta 13,,,,,,,,,,0,0,Grand Total,,,0,0,,,,,
5,Tue,2026-01-27 00:00:00,Converting ,Delta 13,,,,,,,,,,0,0,Grand Total,,,0,0,,,,,
5,Wed,2026-01-28 00:00:00,Converting ,Delta 13,,,,,,,,,,0,0,Grand Total,,,0,0,,,,,
5,Thu,2026-01-29 00:00:00,Converting ,Delta 13,,,,,,,,,,0,0,Grand Total,,,0,0,,,,,
5,Fri,2026-01-30 00:00:00,Converting ,Delta 13,,,,,,,,,,0,0,Grand Total,,,0,0,,,,,
5,Sat,2026-01-31 00:00:00,Converting ,Delta 13,,,,,,,,,,0,0,Grand Total,,,0,0,,,,,
5,Sun,2026-02-01 00:00:00,Converting ,Delta 13,,,,,,,,,,0,0,Grand Total,,,0,0,,,,,
6,Mon,2026-02-02 00:00:00,Converting ,Delta 13,,,,,,,,,,0,0,Grand Total,,,0,0,,,,,
6,Tue,2026-02-03 00:00:00,Converting ,Delta 13,,,,,,,,,,0,0,Grand Total,,,0,0,,,,,
6,Wed,2026-02-04 00:00:00,Converting ,Delta 13,,,,,,,,,,0,0,Grand Total,,,0,0,,,,,
6,Thu,2026-02-05 00:00:00,Converting ,Delta 13,Yes,Non-Sterile,F-22004                 ,54527,,6,4000,4000,SHT,1520,578.82,Grand Total,8,4000,1520,578.82,,,,,
6,Fri,2026-02-06 00:00:00,Converting ,Delta 13,,,,,,,,,,0,0,Grand Total,,,0,0,,,,,
6,Sat,2026-02-07 00:00:00,Converting ,Delta 13,,,,,,,,,,0,0,Grand Total,,,0,0,,,,,
6,Sun,2026-02-08 00:00:00,Converting ,Delta 13,,,,,,,,,,0,0,Grand Total,,,0,0,,,,,
7,Mon,2026-02-09 00:00:00,Converting ,Delta 13,No,Non-Sterile,1674,54394,,7,550000,92000,EA,0,0,Grand Total,2,11300,0,0,,,,,
7,Tue,2026-02-10 00:00:00,Converting ,Delta 13,No,Non-Sterile,1673,54393,,14,440000,286000,EA,0,0,Grand Total,13,124400,0,0,,,,,
7,Wed,2026-02-11 00:00:00,Converting ,Delta 13,No,Non-Sterile,1673,54393,,6,440000,154000,EA,0,0,Grand Total,,,0,0,,,,,
7,Thu,2026-02-12 00:00:00,Converting ,Delta 13,No,Non-Sterile,4582,54675,,7,23000,10000,LF,0,0,Grand Total,,,0,0,,,004559 ETA 2/4,,
7,Fri,2026-02-13 00:00:00,Converting ,Delta 13,No,Non-Sterile,4582,54675,,7,23000,13000,LF,0,0,Grand Total,,,0,0,,,,,
7,Sat,2026-02-14 00:00:00,Converting ,Delta 13,,,,,,,,,,0,0,Grand Total,,,0,0,,,,,
7,Sun,2026-02-15 00:00:00,Converting ,Delta 13,,,,,,,,,,0,0,Grand Total,,,0,0,,,,,
8,Mon,2026-02-16 00:00:00,Converting ,Delta 13,No,Non-Sterile,F-22007                 ,54535,,7,40,20,RL,0,0,Grand Total,4,12,0,0,,,,,
8,Tue,2026-02-17 00:00:00,Converting ,Delta 13,No,Non-Sterile,F-22007                 ,54535,,4,40,20,RL,0,0,Grand Total,7,32,0,0,,,,,
8,Tue,2026-02-17 00:00:00,Converting ,Delta 13,No,Non-Sterile,F-22008                 ,54536,,3,40,5,RL,0,0,Grand Total,4,34,0,0,,,,,
8,Wed,2026-02-18 00:00:00,Converting ,Delta 13,No,Non-Sterile,F-22008                 ,54536,,7,40,35,RL,0,0,Grand Total,4,6,0,0,,,,,
8,Thu,2026-02-19 00:00:00,Converting ,Delta 13,,,,,,,,,,0,0,Grand Total,,,0,0,,,,,
8,Fri,2026-02-20 00:00:00,Converting ,Delta 13,,,,,,,,,,0,0,Grand Total,,,0,0,,,,,
8,Sat,2026-02-21 00:00:00,Converting ,Delta 13,,,,,,,,,,0,0,Grand Total,,,0,0,,,,,
8,Sun,2026-02-22 00:00:00,Converting ,Delta 13,,,,,,,,,,0,0,Grand Total,,,0,0,,,,,
9,Mon,2026-02-23 00:00:00,Converting ,Delta 13,,,,,,,,,,0,0,Grand Total,,,0,0,,,,,
9,Tue,2026-02-24 00:00:00,Converting ,Delta 13,,,,,,,,,,0,0,Grand Total,,,0,0,,,,,
9,Wed,2026-02-25 00:00:00,Converting ,Delta 13,,,,,,,,,,0,0,Grand Total,,,0,0,,,,,
9,Thu,2026-02-26 00:00:00,Converting ,Delta 13,,,,,,,,,,0,0,Grand Total,,,0,0,,,,,
9,Fri,2026-02-27 00:00:00,Converting ,Delta 13,,,,,,,,,,0,0,Grand Total,,,0,0,,,,,
9,Sat,2026-02-28 00:00:00,Converting ,Delta 13,,,,,,,,,,0,0,Grand Total,,,0,0,,,,,
9,Sun,2026-03-01 00:00:00,Converting ,Delta 13,,,,,,,,,,0,0,Grand Total,,,0,0,,,,,
10,Mon,2026-03-02 00:00:00,Converting ,Delta 13,Yes,Non-Sterile,TEST 7217,54842,,7,300,300,EA,2039.73,1956.0312,Grand Total,,,0,0,,,,,
10,Tue,2026-03-03 00:00:00,Converting ,Delta 13,,,,,,,,,,0,0,Grand Total,,,0,0,,,,,
10,Wed,2026-03-04 00:00:00,Converting ,Delta 13,Yes,Non-Sterile,6319,54391,,7,85000,7200,SHT,2397.6,932.0616000000001,Grand Total,,,0,0,,,,,
10,Thu,2026-03-05 00:00:00,Converting ,Delta 13,Yes,Non-Sterile,6319,54391,,7,85000,16800,SHT,5594.400000000001,2174.8104000000003,Grand Total,,,0,0,,,,,
10,Fri,2026-03-06 00:00:00,Converting ,Delta 13,Yes,Non-Sterile,6319,54391,,7,85000,16800,SHT,5594.400000000001,2174.8104000000003,Grand Total,,,0,0,,,,,
10,Sat,2026-03-07 00:00:00,Converting ,Delta 13,,,,,,,,,,0,0,Grand Total,,,0,0,,,,,
10,Sun,2026-03-08 00:00:00,Converting ,Delta 13,,,,,,,,,,0,0,Grand Total,,,0,0,,,,,
11,Mon,2026-03-09 00:00:00,Converting ,Delta 13,Yes,Non-Sterile,6319,54391,,7,85000,16800,SHT,5594.400000000001,2174.8104000000003,Grand Total,,,0,0,,,,,
11,Tue,2026-03-10 00:00:00,Converting ,Delta 13,Yes,Non-Sterile,6319,54391,,7,85000,16800,SHT,5594.400000000001,2174.8104000000003,Grand Total,,,0,0,,,,,
11,Wed,2026-03-11 00:00:00,Converting ,Delta 13,Yes,Non-Sterile,6319,54391,,5,85000,10600,SHT,3529.8,1372.2018,Grand Total,,,0,0,,,,,
11,Thu,2026-03-12 00:00:00,Converting ,Delta 13,Yes,Non-Sterile,6320,54392,,7,70000,7200,SHT,4320,1824.3719999999998,Grand Total,,,0,0,,,,,
11,Fri,2026-03-13 00:00:00,Converting ,Delta 13,Yes,Non-Sterile,6320,54392,,7,70000,16800,SHT,10080,4256.8679999999995,Grand Total,,,0,0,,,,,
11,Sat,2026-03-14 00:00:00,Converting ,Delta 13,,,,,,,,,,0,0,Grand Total,,,0,0,,,,,
11,Sun,2026-03-15 00:00:00,Converting ,Delta 13,,,,,,,,,,0,0,Grand Total,,,0,0,,,,,
12,Mon,2026-03-16 00:00:00,Converting ,Delta 13,Yes,Non-Sterile,6320,54392,,7,70000,16800,SHT,10080,4256.8679999999995,Grand Total,,,0,0,,,,,
12,Tue,2026-03-17 00:00:00,Converting ,Delta 13,Yes,Non-Sterile,6320,54392,,7,70000,16800,SHT,10080,4256.8679999999995,Grand Total,,,0,0,,,,,
12,Wed,2026-03-18 00:00:00,Converting ,Delta 13,Yes,Non-Sterile,6320,54392,,6,70000,12400,SHT,7440,3141.9739999999997,Grand Total,,,0,0,,,,,
12,Thu,2026-03-19 00:00:00,Converting ,Delta 13,,,,,,,,,,0,0,Grand Total,,,0,0,,,,,
12,Fri,2026-03-20 00:00:00,Converting ,Delta 13,,,,,,,,,,0,0,Grand Total,,,0,0,,,,,
12,Sat,2026-03-21 00:00:00,Converting ,Delta 13,,,,,,,,,,0,0,Grand Total,,,0,0,,,,,
12,Sun,2026-03-22 00:00:00,Converting ,Delta 13,,,,,,,,,,0,0,Grand Total,,,0,0,,,,,
13,Mon,2026-03-23 00:00:00,Converting ,Delta 13,,,,,,,,,,0,0,Grand Total,,,0,0,,,,,
13,Tue,2026-03-24 00:00:00,Converting ,Delta 13,,,,,,,,,,0,0,Grand Total,,,0,0,,,,,
13,Wed,2026-03-25 00:00:00,Converting ,Delta 13,,,,,,,,,,0,0,Grand Total,,,0,0,,,,,
13,Thu,2026-03-26 00:00:00,Converting ,Delta 13,,,,,,,,,,0,0,Grand Total,,,0,0,,,,,
13,Fri,2026-03-27 00:00:00,Converting ,Delta 13,,,,,,,,,,0,0,Grand Total,,,0,0,,,,,
13,Sat,2026-03-28 00:00:00,Converting ,Delta 13,,,,,,,,,,0,0,Grand Total,,,0,0,,,,,
13,Sun,2026-03-29 00:00:00,Converting ,Delta 13,,,,,,,,,,0,0,Grand Total,,,0,0,,,,,
14,Mon,2026-03-30 00:00:00,Converting ,Delta 13,,,,,,,,,,0,0,Grand Total,,,0,0,,,,,
14,Tue,2026-03-31 00:00:00,Converting ,Delta 13,,,,,,,,,,0,0,Grand Total,,,0,0,,,,,
14,Wed,2026-04-01 00:00:00,Converting ,Delta 13,,,,,,,,,,0,0,Grand Total,,,0,0,,,,,
14,Thu,2026-04-02 00:00:00,Converting ,Delta 13,,,,,,,,,,0,0,Grand Total,,,0,0,,,,,
14,Fri,2026-04-03 00:00:00,Converting ,Delta 13,,,,,,,,,,0,0,Grand Total,,,0,0,,,,,
14,Sat,2026-04-04 00:00:00,Converting ,Delta 13,,,,,,,,,,0,0,Grand Total,,,0,0,,,,,
14,Sun,2026-04-05 00:00:00,Converting ,Delta 13,,,,,,,,,,0,0,Grand Total,,,0,0,,,,,
15,Mon,2026-04-06 00:00:00,Converting ,Delta 13,,,,,,,,,,0,0,Grand Total,,,0,0,,,,,
15,Tue,2026-04-07 00:00:00,Converting ,Delta 13,,,,,,,,,,0,0,Grand Total,,,0,0,,,,,
15,Wed,2026-04-08 00:00:00,Converting ,Delta 13,,,,,,,,,,0,0,Grand Total,,,0,0,,,,,
15,Thu,2026-04-09 00:00:00,Converting ,Delta 13,,,,,,,,,,0,0,Grand Total,,,0,0,,,,,
15,Fri,2026-04-10 00:00:00,Converting ,Delta 13,,,,,,,,,,0,0,Grand Total,,,0,0,,,,,
15,Sat,2026-04-11 00:00:00,Converting ,Delta 13,,,,,,,,,,0,0,Grand Total,,,0,0,,,,,
15,Sun,2026-04-12 00:00:00,Converting ,Delta 13,,,,,,,,,,0,0,Grand Total,,,0,0,,,,,
16,Mon,2026-04-13 00:00:00,Converting ,Delta 13,,,,,,,,,,0,0,Grand Total,,,0,0,,,,,
16,Tue,2026-04-14 00:00:00,Converting ,Delta 13,,,,,,,,,,0,0,Grand Total,,,0,0,,,,,
16,Wed,2026-04-15 00:00:00,Converting ,Delta 13,,,,,,,,,,0,0,Grand Total,,,0,0,,,,,
16,Thu,2026-04-16 00:00:00,Converting ,Delta 13,,,,,,,,,,0,0,Grand Total,,,0,0,,,,,
16,Fri,2026-04-17 00:00:00,Converting ,Delta 13,,,,,,,,,,0,0,Grand Total,,,0,0,,,,,
16,Sat,2026-04-18 00:00:00,Converting ,Delta 13,,,,,,,,,,0,0,Grand Total,,,0,0,,,,,
16,Sun,2026-04-19 00:00:00,Converting ,Delta 13,,,,,,,,,,0,0,Grand Total,,,0,0,,,,,
17,Mon,2026-04-20 00:00:00,Converting ,Delta 13,,,,,,,,,,0,0,Grand Total,,,0,0,,,,,
17,Tue,2026-04-21 00:00:00,Converting ,Delta 13,,,,,,,,,,0,0,Grand Total,,,0,0,,,,,
17,Wed,2026-04-22 00:00:00,Converting ,Delta 13,,,,,,,,,,0,0,Grand Total,,,0,0,,,,,
17,Thu,2026-04-23 00:00:00,Converting ,Delta 13,,,,,,,,,,0,0,Grand Total,,,0,0,,,,,
17,Fri,2026-04-24 00:00:00,Converting ,Delta 13,,,,,,,,,,0,0,Grand Total,,,0,0,,,,,
17,Sat,2026-04-25 00:00:00,Converting ,Delta 13,,,,,,,,,,0,0,Grand Total,,,0,0,,,,,
17,Sun,2026-04-26 00:00:00,Converting ,Delta 13,,,,,,,,,,0,0,Grand Total,,,0,0,,,,,
18,Mon,2026-04-27 00:00:00,Converting ,Delta 13,,,,,,,,,,0,0,Grand Total,,,0,0,,,,,
18,Tue,2026-04-28 00:00:00,Converting ,Delta 13,,,,,,,,,,0,0,Grand Total,,,0,0,,,,,
18,Wed,2026-04-29 00:00:00,Converting ,Delta 13,,,,,,,,,,0,0,Grand Total,,,0,0,,,,,
18,Thu,2026-04-30 00:00:00,Converting ,Delta 13,,,,,,,,,,0,0,Grand Total,,,0,0,,,,,
18,Fri,2026-05-01 00:00:00,Converting ,Delta 13,,,,,,,,,,0,0,Grand Total,,,0,0,,,,,
18,Sat,2026-05-02 00:00:00,Converting ,Delta 13,,,,,,,,,,0,0,Grand Total,,,0,0,,,,,
18,Sun,2026-05-03 00:00:00,Converting ,Delta 13,,,,,,,,,,0,0,Grand Total,,,0,0,,,,,
19,Mon,2026-05-04 00:00:00,Converting ,Delta 13,,,,,,,,,,0,0,Grand Total,,,0,0,,,,,
19,Tue,2026-05-05 00:00:00,Converting ,Delta 13,,,,,,,,,,0,0,Grand Total,,,0,0,,,,,
19,Wed,2026-05-06 00:00:00,Converting ,Delta 13,,,,,,,,,,0,0,Grand Total,,,0,0,,,,,
19,Thu,2026-05-07 00:00:00,Converting ,Delta 13,,,,,,,,,,0,0,Grand Total,,,0,0,,,,,
19,Fri,2026-05-08 00:00:00,Converting ,Delta 13,,,,,,,,,,0,0,Grand Total,,,0,0,,,,,
19,Sat,2026-05-09 00:00:00,Converting ,Delta 13,,,,,,,,,,0,0,Grand Total,,,0,0,,,,,
19,Sun,2026-05-10 00:00:00,Converting ,Delta 13,,,,,,,,,,0,0,Grand Total,,,0,0,,,,,
20,Mon,2026-05-11 00:00:00,Converting ,Delta 13,,,,,,,,,,0,0,Grand Total,,,0,0,,,,,
20,Tue,2026-05-12 00:00:00,Converting ,Delta 13,,,,,,,,,,0,0,Grand Total,,,0,0,,,,,
20,Wed,2026-05-13 00:00:00,Converting ,Delta 13,,,,,,,,,,0,0,Grand Total,,,0,0,,,,,
20,Thu,2026-05-14 00:00:00,Converting ,Delta 13,,,,,,,,,,0,0,Grand Total,,,0,0,,,,,
20,Fri,2026-05-15 00:00:00,Converting ,Delta 13,,,,,,,,,,0,0,Grand Total,,,0,0,,,,,
20,Sat,2026-05-16 00:00:00,Converting ,Delta 13,,,,,,,,,,0,0,Grand Total,,,0,0,,,,,
20,Sun,2026-05-17 00:00:00,Converting ,Delta 13,,,,,,,,,,0,0,Grand Total,,,0,0,,,,,
21,Mon,2026-05-18 00:00:00,Converting ,Delta 13,,,,,,,,,,0,0,Grand Total,,,0,0,,,,,
21,Tue,2026-05-19 00:00:00,Converting ,Delta 13,,,,,,,,,,0,0,Grand Total,,,0,0,,,,,
21,Wed,2026-05-20 00:00:00,Converting ,Delta 13,,,,,,,,,,0,0,Grand Total,,,0,0,,,,,
21,Thu,2026-05-21 00:00:00,Converting ,Delta 13,,,,,,,,,,0,0,Grand Total,,,0,0,,,,,
21,Fri,2026-05-22 00:00:00,Converting ,Delta 13,,,,,,,,,,0,0,Grand Total,,,0,0,,,,,
21,Sat,2026-05-23 00:00:00,Converting ,Delta 13,,,,,,,,,,0,0,Grand Total,,,0,0,,,,,
21,Sun,2026-05-24 00:00:00,Converting ,Delta 13,,,,,,,,,,0,0,Grand Total,,,0,0,,,,,
22,Mon,2026-05-25 00:00:00,Converting ,Delta 13,,,,,,,,,,0,0,Grand Total,,,0,0,,,,,
22,Tue,2026-05-26 00:00:00,Converting ,Delta 13,,,,,,,,,,0,0,Grand Total,,,0,0,,,,,
22,Wed,2026-05-27 00:00:00,Converting ,Delta 13,,,,,,,,,,0,0,Grand Total,,,0,0,,,,,
22,Thu,2026-05-28 00:00:00,Converting ,Delta 13,,,,,,,,,,0,0,Grand Total,,,0,0,,,,,
22,Fri,2026-05-29 00:00:00,Converting ,Delta 13,,,,,,,,,,0,0,Grand Total,,,0,0,,,,,
22,Sat,2026-05-30 00:00:00,Converting ,Delta 13,,,,,,,,,,0,0,Grand Total,,,0,0,,,,,
22,Sun,2026-05-31 00:00:00,Converting ,Delta 13,,,,,,,,,,0,0,Grand Total,,,0,0,,,,,
23,Mon,2026-06-01 00:00:00,Converting ,Delta 13,,,,,,,,,,0,0,Grand Total,,,0,0,,,,,
23,Tue,2026-06-02 00:00:00,Converting ,Delta 13,,,,,,,,,,0,0,Grand Total,,,0,0,,,,,
23,Wed,2026-06-03 00:00:00,Converting ,Delta 13,,,,,,,,,,0,0,Grand Total,,,0,0,,,,,
23,Thu,2026-06-04 00:00:00,Converting ,Delta 13,,,,,,,,,,0,0,Grand Total,,,0,0,,,,,
23,Fri,2026-06-05 00:00:00,Converting ,Delta 13,,,,,,,,,,0,0,Grand Total,,,0,0,,,,,
23,Sat,2026-06-06 00:00:00,Converting ,Delta 13,,,,,,,,,,0,0,Grand Total,,,0,0,,,,,
23,Sun,2026-06-07 00:00:00,Converting ,Delta 13,,,,,,,,,,0,0,Grand Total,,,0,0,,,,,
24,Mon,2026-06-08 00:00:00,Converting ,Delta 13,,,,,,,,,,0,0,Grand Total,,,0,0,,,,,
24,Tue,2026-06-09 00:00:00,Converting ,Delta 13,,,,,,,,,,0,0,Grand Total,,,0,0,,,,,
24,Wed,2026-06-10 00:00:00,Converting ,Delta 13,,,,,,,,,,0,0,Grand Total,,,0,0,,,,,
24,Thu,2026-06-11 00:00:00,Converting ,Delta 13,,,,,,,,,,0,0,Grand Total,,,0,0,,,,,
24,Fri,2026-06-12 00:00:00,Converting ,Delta 13,,,,,,,,,,0,0,Grand Total,,,0,0,,,,,
24,Sat,2026-06-13 00:00:00,Converting ,Delta 13,,,,,,,,,,0,0,Grand Total,,,0,0,,,,,
24,Sun,2026-06-14 00:00:00,Converting ,Delta 13,,,,,,,,,,0,0,Grand Total,,,0,0,,,,,
25,Mon,2026-06-15 00:00:00,Converting ,Delta 13,,,,,,,,,,0,0,Grand Total,,,0,0,,,,,
25,Tue,2026-06-16 00:00:00,Converting ,Delta 13,,,,,,,,,,0,0,Grand Total,,,0,0,,,,,
25,Wed,2026-06-17 00:00:00,Converting ,Delta 13,,,,,,,,,,0,0,Grand Total,,,0,0,,,,,
25,Thu,2026-06-18 00:00:00,Converting ,Delta 13,,,,,,,,,,0,0,Grand Total,,,0,0,,,,,
25,Fri,2026-06-19 00:00:00,Converting ,Delta 13,,,,,,,,,,0,0,Grand Total,,,0,0,,,,,
25,Sat,2026-06-20 00:00:00,Converting ,Delta 13,,,,,,,,,,0,0,Grand Total,,,0,0,,,,,
25,Sun,2026-06-21 00:00:00,Converting ,Delta 13,,,,,,,,,,0,0,Grand Total,,,0,0,,,,,
26,Mon,2026-06-22 00:00:00,Converting ,Delta 13,,,,,,,,,,0,0,Grand Total,,,0,0,,,,,
26,Tue,2026-06-23 00:00:00,Converting ,Delta 13,,,,,,,,,,0,0,Grand Total,,,0,0,,,,,
26,Wed,2026-06-24 00:00:00,Converting ,Delta 13,,,,,,,,,,0,0,Grand Total,,,0,0,,,,,
26,Thu,2026-06-25 00:00:00,Converting ,Delta 13,,,,,,,,,,0,0,Grand Total,,,0,0,,,,,
26,Fri,2026-06-26 00:00:00,Converting ,Delta 13,,,,,,,,,,0,0,Grand Total,,,0,0,,,,,
26,Sat,2026-06-27 00:00:00,Converting ,Delta 13,,,,,,,,,,0,0,Grand Total,,,0,0,,,,,
26,Sun,2026-06-28 00:00:00,Converting ,Delta 13,,,,,,,,,,0,0,Grand Total,,,0,0,,,,,
27,Mon,2026-06-29 00:00:00,Converting ,Delta 13,,,,,,,,,,0,0,Grand Total,,,0,0,,,,,
27,Tue,2026-06-30 00:00:00,Converting ,Delta 13,,,,,,,,,,0,0,Grand Total,,,0,0,,,,,
27,Wed,2026-07-01 00:00:00,Converting ,Delta 13,,,,,,,,,,0,0,Grand Total,,,0,0,,,,,
27,Thu,2026-07-02 00:00:00,Converting ,Delta 13,,,,,,,,,,0,0,Grand Total,,,0,0,,,,,
27,Fri,2026-07-03 00:00:00,Converting ,Delta 13,,,,,,,,,,0,0,Grand Total,,,0,0,,,,,
27,Sat,2026-07-04 00:00:00,Converting ,Delta 13,,,,,,,,,,0,0,Grand Total,,,0,0,,,,,
27,Sun,2026-07-05 00:00:00,Converting ,Delta 13,,,,,,,,,,0,0,Grand Total,,,0,0,,,,,
28,Mon,2026-07-06 00:00:00,Converting ,Delta 13,,,,,,,,,,0,0,Grand Total,,,0,0,,,,,
28,Tue,2026-07-07 00:00:00,Converting ,Delta 13,,,,,,,,,,0,0,Grand Total,,,0,0,,,,,
28,Wed,2026-07-08 00:00:00,Converting ,Delta 13,,,,,,,,,,0,0,Grand Total,,,0,0,,,,,
28,Thu,2026-07-09 00:00:00,Converting ,Delta 13,,,,,,,,,,0,0,Grand Total,,,0,0,,,,,
28,Fri,2026-07-10 00:00:00,Converting ,Delta 13,,,,,,,,,,0,0,Grand Total,,,0,0,,,,,
28,Sat,2026-07-11 00:00:00,Converting ,Delta 13,,,,,,,,,,0,0,Grand Total,,,0,0,,,,,
28,Sun,2026-07-12 00:00:00,Converting ,Delta 13,,,,,,,,,,0,0,Grand Total,,,0,0,,,,,
29,Mon,2026-07-13 00:00:00,Converting ,Delta 13,,,,,,,,,,0,0,Grand Total,,,0,0,,,,,
29,Tue,2026-07-14 00:00:00,Converting ,Delta 13,,,,,,,,,,0,0,Grand Total,,,0,0,,,,,
29,Wed,2026-07-15 00:00:00,Converting ,Delta 13,,,,,,,,,,0,0,Grand Total,,,0,0,,,,,
29,Thu,2026-07-16 00:00:00,Converting ,Delta 13,,,,,,,,,,0,0,Grand Total,,,0,0,,,,,
29,Fri,2026-07-17 00:00:00,Converting ,Delta 13,,,,,,,,,,0,0,Grand Total,,,0,0,,,,,
29,Sat,2026-07-18 00:00:00,Converting ,Delta 13,,,,,,,,,,0,0,Grand Total,,,0,0,,,,,
29,Sun,2026-07-19 00:00:00,Converting ,Delta 13,,,,,,,,,,0,0,Grand Total,,,0,0,,,,,
30,Mon,2026-07-20 00:00:00,Converting ,Delta 13,,,,,,,,,,0,0,Grand Total,,,0,0,,,,,
30,Tue,2026-07-21 00:00:00,Converting ,Delta 13,,,,,,,,,,0,0,Grand Total,,,0,0,,,,,
30,Wed,2026-07-22 00:00:00,Converting ,Delta 13,,,,,,,,,,0,0,Grand Total,,,0,0,,,,,
30,Thu,2026-07-23 00:00:00,Converting ,Delta 13,,,,,,,,,,0,0,Grand Total,,,0,0,,,,,
30,Fri,2026-07-24 00:00:00,Converting ,Delta 13,,,,,,,,,,0,0,Grand Total,,,0,0,,,,,
30,Sat,2026-07-25 00:00:00,Converting ,Delta 13,,,,,,,,,,0,0,Grand Total,,,0,0,,,,,
30,Sun,2026-07-26 00:00:00,Converting ,Delta 13,,,,,,,,,,0,0,Grand Total,,,0,0,,,,,
31,Mon,2026-07-27 00:00:00,Converting ,Delta 13,,,,,,,,,,0,0,Grand Total,,,0,0,,,,,
31,Tue,2026-07-28 00:00:00,Converting ,Delta 13,,,,,,,,,,0,0,Grand Total,,,0,0,,,,,
31,Wed,2026-07-29 00:00:00,Converting ,Delta 13,,,,,,,,,,0,0,Grand Total,,,0,0,,,,,
31,Thu,2026-07-30 00:00:00,Converting ,Delta 13,,,,,,,,,,0,0,Grand Total,,,0,0,,,,,
31,Fri,2026-07-31 00:00:00,Converting ,Delta 13,,,,,,,,,,0,0,Grand Total,,,0,0,,,,,
31,Sat,2026-08-01 00:00:00,Converting ,Delta 13,,,,,,,,,,0,0,Grand Total,,,0,0,,,,,
31,Sun,2026-08-02 00:00:00,Converting ,Delta 13,,,,,,,,,,0,0,Grand Total,,,0,0,,,,,
32,Mon,2026-08-03 00:00:00,Converting ,Delta 13,,,,,,,,,,0,0,Grand Total,,,0,0,,,,,
32,Tue,2026-08-04 00:00:00,Converting ,Delta 13,,,,,,,,,,0,0,Grand Total,,,0,0,,,,,
32,Wed,2026-08-05 00:00:00,Converting ,Delta 13,,,,,,,,,,0,0,Grand Total,,,0,0,,,,,
32,Thu,2026-08-06 00:00:00,Converting ,Delta 13,,,,,,,,,,0,0,Grand Total,,,0,0,,,,,
32,Fri,2026-08-07 00:00:00,Converting ,Delta 13,,,,,,,,,,0,0,Grand Total,,,0,0,,,,,
32,Sat,2026-08-08 00:00:00,Converting ,Delta 13,,,,,,,,,,0,0,Grand Total,,,0,0,,,,,
32,Sun,2026-08-09 00:00:00,Converting ,Delta 13,,,,,,,,,,0,0,Grand Total,,,0,0,,,,,
33,Mon,2026-08-10 00:00:00,Converting ,Delta 13,,,,,,,,,,0,0,Grand Total,,,0,0,,,,,
33,Tue,2026-08-11 00:00:00,Converting ,Delta 13,,,,,,,,,,0,0,Grand Total,,,0,0,,,,,
33,Wed,2026-08-12 00:00:00,Converting ,Delta 13,,,,,,,,,,0,0,Grand Total,,,0,0,,,,,
33,Thu,2026-08-13 00:00:00,Converting ,Delta 13,,,,,,,,,,0,0,Grand Total,,,0,0,,,,,
33,Fri,2026-08-14 00:00:00,Converting ,Delta 13,,,,,,,,,,0,0,Grand Total,,,0,0,,,,,
33,Sat,2026-08-15 00:00:00,Converting ,Delta 13,,,,,,,,,,0,0,Grand Total,,,0,0,,,,,
33,Sun,2026-08-16 00:00:00,Converting ,Delta 13,,,,,,,,,,0,0,Grand Total,,,0,0,,,,,
34,Mon,2026-08-17 00:00:00,Converting ,Delta 13,,,,,,,,,,0,0,Grand Total,,,0,0,,,,,
34,Tue,2026-08-18 00:00:00,Converting ,Delta 13,,,,,,,,,,0,0,Grand Total,,,0,0,,,,,
34,Wed,2026-08-19 00:00:00,Converting ,Delta 13,,,,,,,,,,0,0,Grand Total,,,0,0,,,,,
34,Thu,2026-08-20 00:00:00,Converting ,Delta 13,,,,,,,,,,0,0,Grand Total,,,0,0,,,,,
34,Fri,2026-08-21 00:00:00,Converting ,Delta 13,,,,,,,,,,0,0,Grand Total,,,0,0,,,,,
34,Sat,2026-08-22 00:00:00,Converting ,Delta 13,,,,,,,,,,0,0,Grand Total,,,0,0,,,,,
34,Sun,2026-08-23 00:00:00,Converting ,Delta 13,,,,,,,,,,0,0,Grand Total,,,0,0,,,,,
35,Mon,2026-08-24 00:00:00,Converting ,Delta 13,,,,,,,,,,0,0,Grand Total,,,0,0,,,,,
35,Tue,2026-08-25 00:00:00,Converting ,Delta 13,,,,,,,,,,0,0,Grand Total,,,0,0,,,,,
35,Wed,2026-08-26 00:00:00,Converting ,Delta 13,,,,,,,,,,0,0,Grand Total,,,0,0,,,,,
35,Thu,2026-08-27 00:00:00,Converting ,Delta 13,,,,,,,,,,0,0,Grand Total,,,0,0,,,,,
35,Fri,2026-08-28 00:00:00,Converting ,Delta 13,,,,,,,,,,0,0,Grand Total,,,0,0,,,,,
35,Sat,2026-08-29 00:00:00,Converting ,Delta 13,,,,,,,,,,0,0,Grand Total,,,0,0,,,,,
35,Sun,2026-08-30 00:00:00,Converting ,Delta 13,,,,,,,,,,0,0,Grand Total,,,0,0,,,,,
36,Mon,2026-08-31 00:00:00,Converting ,Delta 13,,,,,,,,,,0,0,Grand Total,,,0,0,,,,,
36,Tue,2026-09-01 00:00:00,Converting ,Delta 13,,,,,,,,,,0,0,Grand Total,,,0,0,,,,,
36,Wed,2026-09-02 00:00:00,Converting ,Delta 13,,,,,,,,,,0,0,Grand Total,,,0,0,,,,,
36,Thu,2026-09-03 00:00:00,Converting ,Delta 13,,,,,,,,,,0,0,Grand Total,,,0,0,,,,,
36,Fri,2026-09-04 00:00:00,Converting ,Delta 13,,,,,,,,,,0,0,Grand Total,,,0,0,,,,,
36,Sat,2026-09-05 00:00:00,Converting ,Delta 13,,,,,,,,,,0,0,Grand Total,,,0,0,,,,,
36,Sun,2026-09-06 00:00:00,Converting ,Delta 13,,,,,,,,,,0,0,Grand Total,,,0,0,,,,,
37,Mon,2026-09-07 00:00:00,Converting ,Delta 13,,,,,,,,,,0,0,Grand Total,,,0,0,,,,,
37,Tue,2026-09-08 00:00:00,Converting ,Delta 13,,,,,,,,,,0,0,Grand Total,,,0,0,,,,,
37,Wed,2026-09-09 00:00:00,Converting ,Delta 13,,,,,,,,,,0,0,Grand Total,,,0,0,,,,,
37,Thu,2026-09-10 00:00:00,Converting ,Delta 13,,,,,,,,,,0,0,Grand Total,,,0,0,,,,,
37,Fri,2026-09-11 00:00:00,Converting ,Delta 13,,,,,,,,,,0,0,Grand Total,,,0,0,,,,,
37,Sat,2026-09-12 00:00:00,Converting ,Delta 13,,,,,,,,,,0,0,Grand Total,,,0,0,,,,,
37,Sun,2026-09-13 00:00:00,Converting ,Delta 13,,,,,,,,,,0,0,Grand Total,,,0,0,,,,,
38,Mon,2026-09-14 00:00:00,Converting ,Delta 13,,,,,,,,,,0,0,Grand Total,,,0,0,,,,,
38,Tue,2026-09-15 00:00:00,Converting ,Delta 13,,,,,,,,,,0,0,Grand Total,,,0,0,,,,,
38,Wed,2026-09-16 00:00:00,Converting ,Delta 13,,,,,,,,,,0,0,Grand Total,,,0,0,,,,,
38,Thu,2026-09-17 00:00:00,Converting ,Delta 13,,,,,,,,,,0,0,Grand Total,,,0,0,,,,,
38,Fri,2026-09-18 00:00:00,Converting ,Delta 13,,,,,,,,,,0,0,Grand Total,,,0,0,,,,,
38,Sat,2026-09-19 00:00:00,Converting ,Delta 13,,,,,,,,,,0,0,Grand Total,,,0,0,,,,,
38,Sun,2026-09-20 00:00:00,Converting ,Delta 13,,,,,,,,,,0,0,Grand Total,,,0,0,,,,,
39,Mon,2026-09-21 00:00:00,Converting ,Delta 13,,,,,,,,,,0,0,Grand Total,,,0,0,,,,,
39,Tue,2026-09-22 00:00:00,Converting ,Delta 13,,,,,,,,,,0,0,Grand Total,,,0,0,,,,,
39,Thu,2026-09-24 00:00:00,Converting ,Delta 13,,,,,,,,,,0,0,Grand Total,,,0,0,,,,,
39,Fri,2026-09-25 00:00:00,Converting ,Delta 13,,,,,,,,,,0,0,Grand Total,,,0,0,,,,,
39,Sat,2026-09-26 00:00:00,Converting ,Delta 13,,,,,,,,,,0,0,Grand Total,,,0,0,,,,,
39,Sun,2026-09-27 00:00:00,Converting ,Delta 13,,,,,,,,,,0,0,Grand Total,,,0,0,,,,,
40,Mon,2026-09-28 00:00:00,Converting ,Delta 13,,,,,,,,,,0,0,Grand Total,,,0,0,,,,,
40,Tue,2026-09-29 00:00:00,Converting ,Delta 13,,,,,,,,,,0,0,Grand Total,,,0,0,,,,,
40,Wed,2026-09-30 00:00:00,Converting ,Delta 13,,,,,,,,,,0,0,Grand Total,,,0,0,,,,,
40,Thu,2026-10-01 00:00:00,Converting ,Delta 13,,,,,,,,,,0,0,Grand Total,,,0,0,,,,,
40,Fri,2026-10-02 00:00:00,Converting ,Delta 13,,,,,,,,,,0,0,Grand Total,,,0,0,,,,,
40,Sat,2026-10-03 00:00:00,Converting ,Delta 13,,,,,,,,,,0,0,Grand Total,,,0,0,,,,,
40,Sun,2026-10-04 00:00:00,Converting ,Delta 13,,,,,,,,,,0,0,Grand Total,,,0,0,,,,,
41,Mon,2026-10-05 00:00:00,Converting ,Delta 13,,,,,,,,,,0,0,Grand Total,,,0,0,,,,,
41,Tue,2026-10-06 00:00:00,Converting ,Delta 13,,,,,,,,,,0,0,Grand Total,,,0,0,,,,,
41,Wed,2026-10-07 00:00:00,Converting ,Delta 13,,,,,,,,,,0,0,Grand Total,,,0,0,,,,,
41,Thu,2026-10-08 00:00:00,Converting ,Delta 13,,,,,,,,,,0,0,Grand Total,,,0,0,,,,,
41,Fri,2026-10-09 00:00:00,Converting ,Delta 13,,,,,,,,,,0,0,Grand Total,,,0,0,,,,,
41,Sat,2026-10-10 00:00:00,Converting ,Delta 13,,,,,,,,,,0,0,Grand Total,,,0,0,,,,,
41,Sun,2026-10-11 00:00:00,Converting ,Delta 13,,,,,,,,,,0,0,Grand Total,,,0,0,,,,,
42,Mon,2026-10-12 00:00:00,Converting ,Delta 13,,,,,,,,,,0,0,Grand Total,,,0,0,,,,,
42,Tue,2026-10-13 00:00:00,Converting ,Delta 13,,,,,,,,,,0,0,Grand Total,,,0,0,,,,,
42,Wed,2026-10-14 00:00:00,Converting ,Delta 13,,,,,,,,,,0,0,Grand Total,,,0,0,,,,,
42,Thu,2026-10-15 00:00:00,Converting ,Delta 13,,,,,,,,,,0,0,Grand Total,,,0,0,,,,,
42,Fri,2026-10-16 00:00:00,Converting ,Delta 13,,,,,,,,,,0,0,Grand Total,,,0,0,,,,,
42,Sat,2026-10-17 00:00:00,Converting ,Delta 13,,,,,,,,,,0,0,Grand Total,,,0,0,,,,,
42,Sun,2026-10-18 00:00:00,Converting ,Delta 13,,,,,,,,,,0,0,Grand Total,,,0,0,,,,,
43,Mon,2026-10-19 00:00:00,Converting ,Delta 13,,,,,,,,,,0,0,Grand Total,,,0,0,,,,,
43,Tue,2026-10-20 00:00:00,Converting ,Delta 13,,,,,,,,,,0,0,Grand Total,,,0,0,,,,,
43,Wed,2026-10-21 00:00:00,Converting ,Delta 13,,,,,,,,,,0,0,Grand Total,,,0,0,,,,,
43,Thu,2026-10-22 00:00:00,Converting ,Delta 13,,,,,,,,,,0,0,Grand Total,,,0,0,,,,,
43,Fri,2026-10-23 00:00:00,Converting ,Delta 13,,,,,,,,,,0,0,Grand Total,,,0,0,,,,,
43,Sat,2026-10-24 00:00:00,Converting ,Delta 13,,,,,,,,,,0,0,Grand Total,,,0,0,,,,,
43,Sun,2026-10-25 00:00:00,Converting ,Delta 13,,,,,,,,,,0,0,Grand Total,,,0,0,,,,,
44,Mon,2026-10-26 00:00:00,Converting ,Delta 13,,,,,,,,,,0,0,Grand Total,,,0,0,,,,,
44,Tue,2026-10-27 00:00:00,Converting ,Delta 13,,,,,,,,,,0,0,Grand Total,,,0,0,,,,,
44,Wed,2026-10-28 00:00:00,Converting ,Delta 13,,,,,,,,,,0,0,Grand Total,,,0,0,,,,,
44,Thu,2026-10-29 00:00:00,Converting ,Delta 13,,,,,,,,,,0,0,Grand Total,,,0,0,,,,,
44,Fri,2026-10-30 00:00:00,Converting ,Delta 13,,,,,,,,,,0,0,Grand Total,,,0,0,,,,,
44,Sat,2026-10-31 00:00:00,Converting ,Delta 13,,,,,,,,,,0,0,Grand Total,,,0,0,,,,,
44,Sun,2026-11-01 00:00:00,Converting ,Delta 13,,,,,,,,,,0,0,Grand Total,,,0,0,,,,,
45,Mon,2026-11-02 00:00:00,Converting ,Delta 13,,,,,,,,,,0,0,Grand Total,,,0,0,,,,,
45,Tue,2026-11-03 00:00:00,Converting ,Delta 13,,,,,,,,,,0,0,Grand Total,,,0,0,,,,,
45,Wed,2026-11-04 00:00:00,Converting ,Delta 13,,,,,,,,,,0,0,Grand Total,,,0,0,,,,,
45,Thu,2026-11-05 00:00:00,Converting ,Delta 13,,,,,,,,,,0,0,Grand Total,,,0,0,,,,,
45,Fri,2026-11-06 00:00:00,Converting ,Delta 13,,,,,,,,,,0,0,Grand Total,,,0,0,,,,,
45,Sat,2026-11-07 00:00:00,Converting ,Delta 13,,,,,,,,,,0,0,Grand Total,,,0,0,,,,,
45,Sun,2026-11-08 00:00:00,Converting ,Delta 13,,,,,,,,,,0,0,Grand Total,,,0,0,,,,,
46,Mon,2026-11-09 00:00:00,Converting ,Delta 13,,,,,,,,,,0,0,Grand Total,,,0,0,,,,,
46,Tue,2026-11-10 00:00:00,Converting ,Delta 13,,,,,,,,,,0,0,Grand Total,,,0,0,,,,,
46,Wed,2026-11-11 00:00:00,Converting ,Delta 13,,,,,,,,,,0,0,Grand Total,,,0,0,,,,,
46,Thu,2026-11-12 00:00:00,Converting ,Delta 13,,,,,,,,,,0,0,Grand Total,,,0,0,,,,,
46,Fri,2026-11-13 00:00:00,Converting ,Delta 13,,,,,,,,,,0,0,Grand Total,,,0,0,,,,,
46,Sat,2026-11-14 00:00:00,Converting ,Delta 13,,,,,,,,,,0,0,Grand Total,,,0,0,,,,,
46,Sun,2026-11-15 00:00:00,Converting ,Delta 13,,,,,,,,,,0,0,Grand Total,,,0,0,,,,,
47,Mon,2026-11-16 00:00:00,Converting ,Delta 13,,,,,,,,,,0,0,Grand Total,,,0,0,,,,,
47,Tue,2026-11-17 00:00:00,Converting ,Delta 13,,,,,,,,,,0,0,Grand Total,,,0,0,,,,,
47,Wed,2026-11-18 00:00:00,Converting ,Delta 13,,,,,,,,,,0,0,Grand Total,,,0,0,,,,,
47,Thu,2026-11-19 00:00:00,Converting ,Delta 13,,,,,,,,,,0,0,Grand Total,,,0,0,,,,,
47,Fri,2026-11-20 00:00:00,Converting ,Delta 13,,,,,,,,,,0,0,Grand Total,,,0,0,,,,,
47,Sat,2026-11-21 00:00:00,Converting ,Delta 13,,,,,,,,,,0,0,Grand Total,,,0,0,,,,,
47,Sun,2026-11-22 00:00:00,Converting ,Delta 13,,,,,,,,,,0,0,Grand Total,,,0,0,,,,,
48,Mon,2026-11-23 00:00:00,Converting ,Delta 13,,,,,,,,,,0,0,Grand Total,,,0,0,,,,,
48,Tue,2026-11-24 00:00:00,Converting ,Delta 13,,,,,,,,,,0,0,Grand Total,,,0,0,,,,,
48,Wed,2026-11-25 00:00:00,Converting ,Delta 13,,,,,,,,,,0,0,Grand Total,,,0,0,,,,,
48,Thu,2026-11-26 00:00:00,Converting ,Delta 13,,,,,,,,,,0,0,Grand Total,,,0,0,,,,,
48,Fri,2026-11-27 00:00:00,Converting ,Delta 13,,,,,,,,,,0,0,Grand Total,,,0,0,,,,,
48,Sat,2026-11-28 00:00:00,Converting ,Delta 13,,,,,,,,,,0,0,Grand Total,,,0,0,,,,,
48,Sun,2026-11-29 00:00:00,Converting ,Delta 13,,,,,,,,,,0,0,Grand Total,,,0,0,,,,,
49,Mon,2026-11-30 00:00:00,Converting ,Delta 13,,,,,,,,,,0,0,Grand Total,,,0,0,,,,,
49,Tue,2026-12-01 00:00:00,Converting ,Delta 13,,,,,,,,,,0,0,Grand Total,,,0,0,,,,,
49,Wed,2026-12-02 00:00:00,Converting ,Delta 13,,,,,,,,,,0,0,Grand Total,,,0,0,,,,,
49,Thu,2026-12-03 00:00:00,Converting ,Delta 13,,,,,,,,,,0,0,Grand Total,,,0,0,,,,,
49,Fri,2026-12-04 00:00:00,Converting ,Delta 13,,,,,,,,,,0,0,Grand Total,,,0,0,,,,,
49,Sat,2026-12-05 00:00:00,Converting ,Delta 13,,,,,,,,,,0,0,Grand Total,,,0,0,,,,,
49,Sun,2026-12-06 00:00:00,Converting ,Delta 13,,,,,,,,,,0,0,Grand Total,,,0,0,,,,,
50,Mon,2026-12-07 00:00:00,Converting ,Delta 13,,,,,,,,,,0,0,Grand Total,,,0,0,,,,,
50,Tue,2026-12-08 00:00:00,Converting ,Delta 13,,,,,,,,,,0,0,Grand Total,,,0,0,,,,,
50,Wed,2026-12-09 00:00:00,Converting ,Delta 13,,,,,,,,,,0,0,Grand Total,,,0,0,,,,,
50,Thu,2026-12-10 00:00:00,Converting ,Delta 13,,,,,,,,,,0,0,Grand Total,,,0,0,,,,,
50,Fri,2026-12-11 00:00:00,Converting ,Delta 13,,,,,,,,,,0,0,Grand Total,,,0,0,,,,,
50,Sat,2026-12-12 00:00:00,Converting ,Delta 13,,,,,,,,,,0,0,Grand Total,,,0,0,,,,,
50,Sun,2026-12-13 00:00:00,Converting ,Delta 13,,,,,,,,,,0,0,Grand Total,,,0,0,,,,,
51,Mon,2026-12-14 00:00:00,Converting ,Delta 13,,,,,,,,,,0,0,Grand Total,,,0,0,,,,,
51,Tue,2026-12-15 00:00:00,Converting ,Delta 13,,,,,,,,,,0,0,Grand Total,,,0,0,,,,,
51,Wed,2026-12-16 00:00:00,Converting ,Delta 13,,,,,,,,,,0,0,Grand Total,,,0,0,,,,,
51,Thu,2026-12-17 00:00:00,Converting ,Delta 13,,,,,,,,,,0,0,Grand Total,,,0,0,,,,,
51,Fri,2026-12-18 00:00:00,Converting ,Delta 13,,,,,,,,,,0,0,Grand Total,,,0,0,,,,,
51,Sat,2026-12-19 00:00:00,Converting ,Delta 13,,,,,,,,,,0,0,Grand Total,,,0,0,,,,,
51,Sun,2026-12-20 00:00:00,Converting ,Delta 13,,,,,,,,,,0,0,Grand Total,,,0,0,,,,,
52,Mon,2026-12-21 00:00:00,Converting ,Delta 13,,,,,,,,,,0,0,Grand Total,,,0,0,,,,,
52,Tue,2026-12-22 00:00:00,Converting ,Delta 13,,,,,,,,,,0,0,Grand Total,,,0,0,,,,,
52,Wed,2026-12-23 00:00:00,Converting ,Delta 13,,,,,,,,,,0,0,Grand Total,,,0,0,,,,,
52,Thu,2026-12-24 00:00:00,Converting ,Delta 13,,,,,,,,,,0,0,Grand Total,,,0,0,,,,,
52,Fri,2026-12-25 00:00:00,Converting ,Delta 13,,,,,,,,,,0,0,Grand Total,,,0,0,,,,,
52,Sat,2026-12-26 00:00:00,Converting ,Delta 13,,,,,,,,,,0,0,Grand Total,,,0,0,,,,,
52,Sun,2026-12-27 00:00:00,Converting ,Delta 13,,,,,,,,,,0,0,Grand Total,,,0,0,,,,,
53,Mon,2026-12-28 00:00:00,Converting ,Delta 13,,,,,,,,,,0,0,Grand Total,,,0,0,,,,,
53,Tue,2026-12-29 00:00:00,Converting ,Delta 13,,,,,,,,,,0,0,Grand Total,,,0,0,,,,,
53,Wed,2026-12-30 00:00:00,Converting ,Delta 13,,,,,,,,,,0,0,Grand Total,,,0,0,,,,,
53,Thu,2026-12-31 00:00:00,Converting ,Delta 13,,,,,,,,,,0,0,Grand Total,,,0,0,,,,,
1,Thu,2026-01-01 00:00:00,Converting ,Pace,,,,,,,,,,0,0,Grand Total,,,0,0,,,,,
1,Fri,2026-01-02 00:00:00,Converting ,Pace,,,,,,,,,,0,0,Grand Total,,,0,0,,,,,
1,Tue,2023-01-03 00:00:00,Converting ,Pace,,,,,,,,,,0,0,Grand Total,,,0,0,,,,,
1,Sun,2026-01-04 00:00:00,Converting ,Pace,,,,,,,,,,0,0,Grand Total,,,0,0,,,,,
2,Mon,2026-01-05 00:00:00,Converting ,Pace,No,Non-Sterile,5045,53227,,14,27500,9600,EA,0,0,Grand Total,14,6000,0,0,No ,Material not available,"005062 CS FREUDENBERG M1589 NON-WOVEN 11.8"" ETA 12-Jan",,
2,Tue,2026-01-06 00:00:00,Converting ,Pace,No,Non-Sterile,5045,53227,,14,27500,11200,EA,0,0,Grand Total,24,8000,0,0,No ,,,,
2,Wed,2026-01-07 00:00:00,Converting ,Pace,No,Non-Sterile,5045,53227,,9,27500,6700,EA,0,0,Grand Total,,,0,0,No ,,,,
2,Thu,2026-01-08 00:00:00,Converting ,Pace,No,Non-Sterile,3424,54078,,14,11000,6600,EA,0,0,Grand Total,20,4150,0,0,,,,,
2,Fri,2026-01-09 00:00:00,Converting ,Pace,No,Non-Sterile,3424,54078,,8,11000,4400,EA,0,0,Grand Total,28,6750,0,0,,,,,
2,Sat,2026-01-10 00:00:00,Converting ,Pace,,,,,,,,,,0,0,Grand Total,,,0,0,,,,,
2,Sun,2026-01-11 00:00:00,Converting ,Pace,,,,,,,,,,0,0,Grand Total,,,0,0,,,,,
3,Mon,2026-01-12 00:00:00,Converting ,Pace,,,,,,,,,,0,0,Grand Total,,,0,0,,,,,
3,Tue,2026-01-13 00:00:00,Converting ,Pace,,,,,,,,,,0,0,Grand Total,,,0,0,,,,,
3,Wed,2026-01-14 00:00:00,Converting ,Pace,,,,,,,,,,0,0,Grand Total,,,0,0,,,,,
3,Thu,2026-01-15 00:00:00,Converting ,Pace,,,,,,,,,,0,0,Grand Total,,,0,0,,,,,
3,Fri,2026-01-16 00:00:00,Converting ,Pace,,,,,,,,,,0,0,Grand Total,,,0,0,,,,,
3,Sat,2026-01-17 00:00:00,Converting ,Pace,,,,,,,,,,0,0,Grand Total,,,0,0,,,,,
3,Sun,2026-01-18 00:00:00,Converting ,Pace,,,,,,,,,,0,0,Grand Total,,,0,0,,,,,
4,Mon,2026-01-19 00:00:00,Converting ,Pace,,,,,,,,,,0,0,Grand Total,,,0,0,,,,,
4,Tue,2026-01-20 00:00:00,Converting ,Pace,,,,,,,,,,0,0,Grand Total,,,0,0,,,,,
4,Wed,2026-01-21 00:00:00,Converting ,Pace,No,Non-Sterile,5167,54389,,7,100000,75000,LF,0,0,Grand Total,,100200,0,0,,,,,
4,Thu,2026-01-22 00:00:00,Converting ,Pace,No,Non-Sterile,5167,54389,,3,100000,25000,LF,0,0,Grand Total,,,0,0,,,,,
4,Fri,2026-01-23 00:00:00,Converting ,Pace,,,,,,,,,,0,0,Grand Total,,,0,0,,,,,
4,Sat,2026-01-24 00:00:00,Converting ,Pace,,,,,,,,,,0,0,Grand Total,,,0,0,,,,,
4,Sun,2026-01-25 00:00:00,Converting ,Pace,,,,,,,,,,0,0,Grand Total,,,0,0,,,,,
5,Mon,2026-01-26 00:00:00,Converting ,Pace,,,,,,,,,,0,0,Grand Total,,,0,0,,,,,
5,Tue,2026-01-27 00:00:00,Converting ,Pace,,,,,,,,,,0,0,Grand Total,,,0,0,,,,,
5,Wed,2026-01-28 00:00:00,Converting ,Pace,No,Non-Sterile,4823,54785,,3,1000,1000,LF,0,0,Grand Total,3,2200,0,0,,,,,
5,Thu,2026-01-29 00:00:00,Converting ,Pace,,,,,,,,,,0,0,Grand Total,,,0,0,,,,,
5,Fri,2026-01-30 00:00:00,Converting ,Pace,,,,,,,,,,0,0,Grand Total,,,0,0,,,,,
5,Sat,2026-01-31 00:00:00,Converting ,Pace,,,,,,,,,,0,0,Grand Total,,,0,0,,,,,
5,Sun,2026-02-01 00:00:00,Converting ,Pace,,,,,,,,,,0,0,Grand Total,,,0,0,,,,,
6,Mon,2026-02-02 00:00:00,Converting ,Pace,No,Non-Sterile,A-22004,54390,,7,60000,45000,LF,0,0,Grand Total,5,66400,0,0,,,"R-30252 ETA 1/22, 1/23",,
6,Tue,2026-02-03 00:00:00,Converting ,Pace,No,Non-Sterile,A-22004,54390,,3,60000,15000,LF,0,0,Grand Total,,,0,0,,,,,
6,Wed,2026-02-04 00:00:00,Converting ,Pace,No,Non-Sterile,4152,54388,,14,1200,220,CS,0,0,Grand Total,,,0,0,,,,,
6,Thu,2026-02-05 00:00:00,Converting ,Pace,No,Non-Sterile,4152,54388,,14,1200,280,CS,0,0,Grand Total,50,18540,0,0,,,,,
6,Fri,2026-02-06 00:00:00,Converting ,Pace,No,Non-Sterile,4152,54388,,14,1200,280,CS,0,0,Grand Total,8,4460,0,0,,,,,
6,Sat,2026-02-07 00:00:00,Converting ,Pace,,,,,,,,,,0,0,Grand Total,,,0,0,,,,,
6,Sun,2026-02-08 00:00:00,Converting ,Pace,,,,,,,,,,0,0,Grand Total,14,5400,0,0,,,,,
7,Mon,2026-02-09 00:00:00,Converting ,Pace,No,Non-Sterile,4152,54388,,14,1200,280,CS,0,0,Grand Total,10,8000,0,0,,,,,
7,Tue,2026-02-10 00:00:00,Converting ,Pace,No,Non-Sterile,4152,54388,,7,1200,140,CS,0,0,Grand Total,,,0,0,,,,,
7,Wed,2026-02-11 00:00:00,Converting ,Pace,No,Non-Sterile,5344,54837,,3,1000,1000,LF,0,0,Grand Total,4,1950,0,0,,,,,
7,Thu,2026-02-12 00:00:00,Converting ,Pace,,,,,,,,,,0,0,Grand Total,,,0,0,,,,,
7,Fri,2026-02-13 00:00:00,Converting ,Pace,,,,,,,,,,0,0,Grand Total,,,0,0,,,,,
7,Sat,2026-02-14 00:00:00,Converting ,Pace,,,,,,,,,,0,0,Grand Total,,,0,0,,,,,
7,Sun,2026-02-15 00:00:00,Converting ,Pace,,,,,,,,,,0,0,Grand Total,,,0,0,,,,,
8,Mon,2026-02-16 00:00:00,Converting ,Pace,No,Non-Sterile,5354,53246,,7,14000,5000,LF,0,0,Grand Total,,,0,0,No ,Material not available,005354 ETA 2/9,,
8,Tue,2026-02-17 00:00:00,Converting ,Pace,No,Non-Sterile,5354,53246,,9,14000,9000,LF,0,0,Grand Total,,,0,0,No ,,,,
8,Wed,2026-02-18 00:00:00,Converting ,Pace,No,Non-Sterile,5045,53517,,7,26250,4000,EA,0,0,Grand Total,,,0,0,,,,,
8,Thu,2026-02-19 00:00:00,Converting ,Pace,No,Non-Sterile,5045,53517,,7,26250,5600,EA,0,0,Grand Total,,,0,0,,,,,
8,Fri,2026-02-20 00:00:00,Converting ,Pace,No,Non-Sterile,5045,53517,,7,26250,5600,EA,0,0,Grand Total,,,0,0,,,,,
8,Sat,2026-02-21 00:00:00,Converting ,Pace,,,,,,,,,,0,0,Grand Total,,,0,0,,,,,
8,Sun,2026-02-22 00:00:00,Converting ,Pace,,,,,,,,,,0,0,Grand Total,,,0,0,,,,,
9,Mon,2026-02-23 00:00:00,Converting ,Pace,No,Non-Sterile,5045,53517,,7,26250,5600,EA,0,0,Grand Total,,,0,0,,,,,
9,Tue,2026-02-24 00:00:00,Converting ,Pace,No,Non-Sterile,5045,53517,,7,26250,5450,EA,0,0,Grand Total,,,0,0,,,,,
9,Wed,2026-02-25 00:00:00,Converting ,Pace,,,,PM,,,,,,0,0,Grand Total,,,0,0,,,,,
9,Thu,2026-02-26 00:00:00,Converting ,Pace,,,,,,,,,,0,0,Grand Total,,,0,0,,,,,
9,Fri,2026-02-27 00:00:00,Converting ,Pace,,,,,,,,,,0,0,Grand Total,,,0,0,,,,,
9,Sat,2026-02-28 00:00:00,Converting ,Pace,,,,,,,,,,0,0,Grand Total,,,0,0,,,,,
9,Sun,2026-03-01 00:00:00,Converting ,Pace,,,,,,,,,,0,0,Grand Total,,,0,0,,,,,
10,Mon,2026-03-02 00:00:00,Converting ,Pace,,,,,,,,,,0,0,Grand Total,,,0,0,,,,,
10,Tue,2026-03-03 00:00:00,Converting ,Pace,,,,,,,,,,0,0,Grand Total,,,0,0,,,,,
10,Wed,2026-03-04 00:00:00,Converting ,Pace,,,,,,,,,,0,0,Grand Total,,,0,0,,,,,
10,Thu,2026-03-05 00:00:00,Converting ,Pace,,,,,,,,,,0,0,Grand Total,,,0,0,,,,,
10,Fri,2026-03-06 00:00:00,Converting ,Pace,,,,,,,,,,0,0,Grand Total,,,0,0,,,,,
10,Sat,2026-03-07 00:00:00,Converting ,Pace,,,,,,,,,,0,0,Grand Total,,,0,0,,,,,
10,Sun,2026-03-08 00:00:00,Converting ,Pace,,,,,,,,,,0,0,Grand Total,,,0,0,,,,,
11,Mon,2026-03-09 00:00:00,Converting ,Pace,,,,,,,,,,0,0,Grand Total,,,0,0,,,,,
11,Tue,2026-03-10 00:00:00,Converting ,Pace,,,,,,,,,,0,0,Grand Total,,,0,0,,,,,
11,Wed,2026-03-11 00:00:00,Converting ,Pace,No,Non-Sterile,5354,53248,,7,14000,5000,LF,0,0,Grand Total,7,3450,0,0,,,,,
11,Thu,2026-03-12 00:00:00,Converting ,Pace,No,Non-Sterile,5354,53248,,7,14000,7000,LF,0,0,Grand Total,,,0,0,,,,,
11,Fri,2026-03-13 00:00:00,Converting ,Pace,No,Non-Sterile,5354,53248,,3,14000,2000,LF,0,0,Grand Total,,,0,0,,,,,
11,Sat,2026-03-14 00:00:00,Converting ,Pace,,,,,,,,,,0,0,Grand Total,,,0,0,,,,,
11,Sun,2026-03-15 00:00:00,Converting ,Pace,,,,,,,,,,0,0,Grand Total,,,0,0,,,,,
12,Mon,2026-03-16 00:00:00,Converting ,Pace,,,,,,,,,,0,0,Grand Total,,,0,0,,,,,
12,Tue,2026-03-17 00:00:00,Converting ,Pace,,,,,,,,,,0,0,Grand Total,,,0,0,,,,,
12,Wed,2026-03-18 00:00:00,Converting ,Pace,,,,,,,,,,0,0,Grand Total,,,0,0,,,,,
12,Thu,2026-03-19 00:00:00,Converting ,Pace,,,,,,,,,,0,0,Grand Total,,,0,0,,,,,
12,Fri,2026-03-20 00:00:00,Converting ,Pace,,,,,,,,,,0,0,Grand Total,,,0,0,,,,,
12,Sat,2026-03-21 00:00:00,Converting ,Pace,,,,,,,,,,0,0,Grand Total,,,0,0,,,,,
12,Sun,2026-03-22 00:00:00,Converting ,Pace,,,,,,,,,,0,0,Grand Total,,,0,0,,,,,
13,Mon,2026-03-23 00:00:00,Converting ,Pace,,,,,,,,,,0,0,Grand Total,,,0,0,,,,,
13,Tue,2026-03-24 00:00:00,Converting ,Pace,,,,,,,,,,0,0,Grand Total,,,0,0,,,,,
13,Wed,2026-03-25 00:00:00,Converting ,Pace,,,,,,,,,,0,0,Grand Total,,,0,0,,,,,
13,Thu,2026-03-26 00:00:00,Converting ,Pace,,,,,,,,,,0,0,Grand Total,,,0,0,,,,,
13,Fri,2026-03-27 00:00:00,Converting ,Pace,,,,,,,,,,0,0,Grand Total,,,0,0,,,,,
13,Sat,2026-03-28 00:00:00,Converting ,Pace,,,,,,,,,,0,0,Grand Total,,,0,0,,,,,
13,Sun,2026-03-29 00:00:00,Converting ,Pace,,,,,,,,,,0,0,Grand Total,,,0,0,,,,,
14,Mon,2026-03-30 00:00:00,Converting ,Pace,,,,,,,,,,0,0,Grand Total,,,0,0,,,,,
14,Tue,2026-03-31 00:00:00,Converting ,Pace,,,,,,,,,,0,0,Grand Total,,,0,0,,,,,
14,Wed,2026-04-01 00:00:00,Converting ,Pace,,,,,,,,,,0,0,Grand Total,,,0,0,,,,,
14,Thu,2026-04-02 00:00:00,Converting ,Pace,,,,,,,,,,0,0,Grand Total,,,0,0,,,,,
14,Fri,2026-04-03 00:00:00,Converting ,Pace,,,,,,,,,,0,0,Grand Total,,,0,0,,,,,
14,Sat,2026-04-04 00:00:00,Converting ,Pace,,,,,,,,,,0,0,Grand Total,,,0,0,,,,,
14,Sun,2026-04-05 00:00:00,Converting ,Pace,,,,,,,,,,0,0,Grand Total,,,0,0,,,,,
15,Mon,2026-04-06 00:00:00,Converting ,Pace,,,,,,,,,,0,0,Grand Total,,,0,0,,,,,
15,Tue,2026-04-07 00:00:00,Converting ,Pace,,,,,,,,,,0,0,Grand Total,,,0,0,,,,,
15,Wed,2026-04-08 00:00:00,Converting ,Pace,,,,,,,,,,0,0,Grand Total,,,0,0,,,,,
15,Thu,2026-04-09 00:00:00,Converting ,Pace,,,,,,,,,,0,0,Grand Total,,,0,0,,,,,
15,Fri,2026-04-10 00:00:00,Converting ,Pace,,,,,,,,,,0,0,Grand Total,,,0,0,,,,,
15,Sat,2026-04-11 00:00:00,Converting ,Pace,,,,,,,,,,0,0,Grand Total,,,0,0,,,,,
15,Sun,2026-04-12 00:00:00,Converting ,Pace,,,,,,,,,,0,0,Grand Total,,,0,0,,,,,
16,Mon,2026-04-13 00:00:00,Converting ,Pace,,,,,,,,,,0,0,Grand Total,,,0,0,,,,,
16,Tue,2026-04-14 00:00:00,Converting ,Pace,,,,,,,,,,0,0,Grand Total,,,0,0,,,,,
16,Wed,2026-04-15 00:00:00,Converting ,Pace,,,,,,,,,,0,0,Grand Total,,,0,0,,,,,
16,Thu,2026-04-16 00:00:00,Converting ,Pace,No,Non-Sterile,3424,54857,,14,11000,6600,EA,0,0,Grand Total,,,0,0,No ,Material not available,002388 HYDROGEL ETA  4/9,,
16,Fri,2026-04-17 00:00:00,Converting ,Pace,No,Non-Sterile,3424,54857,,8,11000,4400,EA,0,0,Grand Total,,,0,0,No ,,,,
16,Sat,2026-04-18 00:00:00,Converting ,Pace,,,,,,,,,,0,0,Grand Total,,,0,0,,,,,
16,Sun,2026-04-19 00:00:00,Converting ,Pace,,,,,,,,,,0,0,Grand Total,,,0,0,,,,,
17,Mon,2026-04-20 00:00:00,Converting ,Pace,,,,,,,,,,0,0,Grand Total,,,0,0,,,,,
17,Tue,2026-04-21 00:00:00,Converting ,Pace,,,,,,,,,,0,0,Grand Total,,,0,0,,,,,
17,Wed,2026-04-22 00:00:00,Converting ,Pace,,,,,,,,,,0,0,Grand Total,,,0,0,,,,,
17,Thu,2026-04-23 00:00:00,Converting ,Pace,,,,,,,,,,0,0,Grand Total,,,0,0,,,,,
17,Fri,2026-04-24 00:00:00,Converting ,Pace,,,,,,,,,,0,0,Grand Total,,,0,0,,,,,
17,Sat,2026-04-25 00:00:00,Converting ,Pace,,,,,,,,,,0,0,Grand Total,,,0,0,,,,,
17,Sun,2026-04-26 00:00:00,Converting ,Pace,,,,,,,,,,0,0,Grand Total,,,0,0,,,,,
18,Mon,2026-04-27 00:00:00,Converting ,Pace,,,,,,,,,,0,0,Grand Total,,,0,0,,,,,
18,Tue,2026-04-28 00:00:00,Converting ,Pace,,,,,,,,,,0,0,Grand Total,,,0,0,,,,,
18,Wed,2026-04-29 00:00:00,Converting ,Pace,,,,,,,,,,0,0,Grand Total,,,0,0,,,,,
18,Thu,2026-04-30 00:00:00,Converting ,Pace,,,,,,,,,,0,0,Grand Total,,,0,0,,,,,
18,Fri,2026-05-01 00:00:00,Converting ,Pace,,,,,,,,,,0,0,Grand Total,,,0,0,,,,,
18,Sat,2026-05-02 00:00:00,Converting ,Pace,,,,,,,,,,0,0,Grand Total,,,0,0,,,,,
18,Sun,2026-05-03 00:00:00,Converting ,Pace,,,,,,,,,,0,0,Grand Total,,,0,0,,,,,
19,Mon,2026-05-04 00:00:00,Converting ,Pace,,,,,,,,,,0,0,Grand Total,,,0,0,,,,,
19,Tue,2026-05-05 00:00:00,Converting ,Pace,,,,,,,,,,0,0,Grand Total,,,0,0,,,,,
19,Wed,2026-05-06 00:00:00,Converting ,Pace,,,,,,,,,,0,0,Grand Total,,,0,0,,,,,
19,Thu,2026-05-07 00:00:00,Converting ,Pace,,,,,,,,,,0,0,Grand Total,,,0,0,,,,,
19,Fri,2026-05-08 00:00:00,Converting ,Pace,,,,,,,,,,0,0,Grand Total,,,0,0,,,,,
19,Sat,2026-05-09 00:00:00,Converting ,Pace,,,,,,,,,,0,0,Grand Total,,,0,0,,,,,
19,Sun,2026-05-10 00:00:00,Converting ,Pace,,,,,,,,,,0,0,Grand Total,,,0,0,,,,,
20,Mon,2026-05-11 00:00:00,Converting ,Pace,,,,,,,,,,0,0,Grand Total,,,0,0,,,,,
20,Tue,2026-05-12 00:00:00,Converting ,Pace,,,,,,,,,,0,0,Grand Total,,,0,0,,,,,
20,Wed,2026-05-13 00:00:00,Converting ,Pace,,,,,,,,,,0,0,Grand Total,,,0,0,,,,,
20,Thu,2026-05-14 00:00:00,Converting ,Pace,,,,,,,,,,0,0,Grand Total,,,0,0,,,,,
20,Fri,2026-05-15 00:00:00,Converting ,Pace,,,,,,,,,,0,0,Grand Total,,,0,0,,,,,
20,Sat,2026-05-16 00:00:00,Converting ,Pace,,,,,,,,,,0,0,Grand Total,,,0,0,,,,,
20,Sun,2026-05-17 00:00:00,Converting ,Pace,,,,,,,,,,0,0,Grand Total,,,0,0,,,,,
21,Mon,2026-05-18 00:00:00,Converting ,Pace,,,,,,,,,,0,0,Grand Total,,,0,0,,,,,
21,Tue,2026-05-19 00:00:00,Converting ,Pace,,,,,,,,,,0,0,Grand Total,,,0,0,,,,,
21,Wed,2026-05-20 00:00:00,Converting ,Pace,,,,,,,,,,0,0,Grand Total,,,0,0,,,,,
21,Thu,2026-05-21 00:00:00,Converting ,Pace,,,,,,,,,,0,0,Grand Total,,,0,0,,,,,
21,Fri,2026-05-22 00:00:00,Converting ,Pace,,,,,,,,,,0,0,Grand Total,,,0,0,,,,,
21,Sat,2026-05-23 00:00:00,Converting ,Pace,,,,,,,,,,0,0,Grand Total,,,0,0,,,,,
21,Sun,2026-05-24 00:00:00,Converting ,Pace,,,,,,,,,,0,0,Grand Total,,,0,0,,,,,
22,Mon,2026-05-25 00:00:00,Converting ,Pace,,,,,,,,,,0,0,Grand Total,,,0,0,,,,,
22,Tue,2026-05-26 00:00:00,Converting ,Pace,,,,,,,,,,0,0,Grand Total,,,0,0,,,,,
22,Wed,2026-05-27 00:00:00,Converting ,Pace,,,,,,,,,,0,0,Grand Total,,,0,0,,,,,
22,Thu,2026-05-28 00:00:00,Converting ,Pace,,,,,,,,,,0,0,Grand Total,,,0,0,,,,,
22,Fri,2026-05-29 00:00:00,Converting ,Pace,,,,,,,,,,0,0,Grand Total,,,0,0,,,,,
22,Sat,2026-05-30 00:00:00,Converting ,Pace,,,,,,,,,,0,0,Grand Total,,,0,0,,,,,
22,Sun,2026-05-31 00:00:00,Converting ,Pace,,,,,,,,,,0,0,Grand Total,,,0,0,,,,,
23,Mon,2026-06-01 00:00:00,Converting ,Pace,,,,,,,,,,0,0,Grand Total,,,0,0,,,,,
23,Tue,2026-06-02 00:00:00,Converting ,Pace,,,,,,,,,,0,0,Grand Total,,,0,0,,,,,
23,Wed,2026-06-03 00:00:00,Converting ,Pace,,,,,,,,,,0,0,Grand Total,,,0,0,,,,,
23,Thu,2026-06-04 00:00:00,Converting ,Pace,,,,,,,,,,0,0,Grand Total,,,0,0,,,,,
23,Fri,2026-06-05 00:00:00,Converting ,Pace,,,,,,,,,,0,0,Grand Total,,,0,0,,,,,
23,Sat,2026-06-06 00:00:00,Converting ,Pace,,,,,,,,,,0,0,Grand Total,,,0,0,,,,,
23,Sun,2026-06-07 00:00:00,Converting ,Pace,,,,,,,,,,0,0,Grand Total,,,0,0,,,,,
24,Mon,2026-06-08 00:00:00,Converting ,Pace,,,,,,,,,,0,0,Grand Total,,,0,0,,,,,
24,Tue,2026-06-09 00:00:00,Converting ,Pace,,,,,,,,,,0,0,Grand Total,,,0,0,,,,,
24,Wed,2026-06-10 00:00:00,Converting ,Pace,,,,,,,,,,0,0,Grand Total,,,0,0,,,,,
24,Thu,2026-06-11 00:00:00,Converting ,Pace,,,,,,,,,,0,0,Grand Total,,,0,0,,,,,
24,Fri,2026-06-12 00:00:00,Converting ,Pace,,,,,,,,,,0,0,Grand Total,,,0,0,,,,,
24,Sat,2026-06-13 00:00:00,Converting ,Pace,,,,,,,,,,0,0,Grand Total,,,0,0,,,,,
24,Sun,2026-06-14 00:00:00,Converting ,Pace,,,,,,,,,,0,0,Grand Total,,,0,0,,,,,
25,Mon,2026-06-15 00:00:00,Converting ,Pace,,,,,,,,,,0,0,Grand Total,,,0,0,,,,,
25,Tue,2026-06-16 00:00:00,Converting ,Pace,,,,,,,,,,0,0,Grand Total,,,0,0,,,,,
25,Wed,2026-06-17 00:00:00,Converting ,Pace,,,,,,,,,,0,0,Grand Total,,,0,0,,,,,
25,Thu,2026-06-18 00:00:00,Converting ,Pace,,,,,,,,,,0,0,Grand Total,,,0,0,,,,,
25,Fri,2026-06-19 00:00:00,Converting ,Pace,,,,,,,,,,0,0,Grand Total,,,0,0,,,,,
25,Sat,2026-06-20 00:00:00,Converting ,Pace,,,,,,,,,,0,0,Grand Total,,,0,0,,,,,
25,Sun,2026-06-21 00:00:00,Converting ,Pace,,,,,,,,,,0,0,Grand Total,,,0,0,,,,,
26,Mon,2026-06-22 00:00:00,Converting ,Pace,,,,,,,,,,0,0,Grand Total,,,0,0,,,,,
26,Tue,2026-06-23 00:00:00,Converting ,Pace,,,,,,,,,,0,0,Grand Total,,,0,0,,,,,
26,Wed,2026-06-24 00:00:00,Converting ,Pace,,,,,,,,,,0,0,Grand Total,,,0,0,,,,,
26,Thu,2026-06-25 00:00:00,Converting ,Pace,,,,,,,,,,0,0,Grand Total,,,0,0,,,,,
26,Fri,2026-06-26 00:00:00,Converting ,Pace,,,,,,,,,,0,0,Grand Total,,,0,0,,,,,
26,Sat,2026-06-27 00:00:00,Converting ,Pace,,,,,,,,,,0,0,Grand Total,,,0,0,,,,,
26,Sun,2026-06-28 00:00:00,Converting ,Pace,,,,,,,,,,0,0,Grand Total,,,0,0,,,,,
27,Mon,2026-06-29 00:00:00,Converting ,Pace,,,,,,,,,,0,0,Grand Total,,,0,0,,,,,
27,Tue,2026-06-30 00:00:00,Converting ,Pace,,,,,,,,,,0,0,Grand Total,,,0,0,,,,,
27,Wed,2026-07-01 00:00:00,Converting ,Pace,,,,,,,,,,0,0,Grand Total,,,0,0,,,,,
27,Thu,2026-07-02 00:00:00,Converting ,Pace,,,,,,,,,,0,0,Grand Total,,,0,0,,,,,
27,Fri,2026-07-03 00:00:00,Converting ,Pace,,,,,,,,,,0,0,Grand Total,,,0,0,,,,,
27,Sat,2026-07-04 00:00:00,Converting ,Pace,,,,,,,,,,0,0,Grand Total,,,0,0,,,,,
27,Sun,2026-07-05 00:00:00,Converting ,Pace,,,,,,,,,,0,0,Grand Total,,,0,0,,,,,
28,Mon,2026-07-06 00:00:00,Converting ,Pace,,,,,,,,,,0,0,Grand Total,,,0,0,,,,,
28,Tue,2026-07-07 00:00:00,Converting ,Pace,,,,,,,,,,0,0,Grand Total,,,0,0,,,,,
28,Wed,2026-07-08 00:00:00,Converting ,Pace,,,,,,,,,,0,0,Grand Total,,,0,0,,,,,
28,Thu,2026-07-09 00:00:00,Converting ,Pace,,,,,,,,,,0,0,Grand Total,,,0,0,,,,,
28,Fri,2026-07-10 00:00:00,Converting ,Pace,,,,,,,,,,0,0,Grand Total,,,0,0,,,,,
28,Sat,2026-07-11 00:00:00,Converting ,Pace,,,,,,,,,,0,0,Grand Total,,,0,0,,,,,
28,Sun,2026-07-12 00:00:00,Converting ,Pace,,,,,,,,,,0,0,Grand Total,,,0,0,,,,,
29,Mon,2026-07-13 00:00:00,Converting ,Pace,,,,,,,,,,0,0,Grand Total,,,0,0,,,,,
29,Tue,2026-07-14 00:00:00,Converting ,Pace,,,,,,,,,,0,0,Grand Total,,,0,0,,,,,
29,Wed,2026-07-15 00:00:00,Converting ,Pace,,,,,,,,,,0,0,Grand Total,,,0,0,,,,,
29,Thu,2026-07-16 00:00:00,Converting ,Pace,,,,,,,,,,0,0,Grand Total,,,0,0,,,,,
29,Fri,2026-07-17 00:00:00,Converting ,Pace,,,,,,,,,,0,0,Grand Total,,,0,0,,,,,
29,Sat,2026-07-18 00:00:00,Converting ,Pace,,,,,,,,,,0,0,Grand Total,,,0,0,,,,,
29,Sun,2026-07-19 00:00:00,Converting ,Pace,,,,,,,,,,0,0,Grand Total,,,0,0,,,,,
30,Mon,2026-07-20 00:00:00,Converting ,Pace,,,,,,,,,,0,0,Grand Total,,,0,0,,,,,
30,Tue,2026-07-21 00:00:00,Converting ,Pace,,,,,,,,,,0,0,Grand Total,,,0,0,,,,,
30,Wed,2026-07-22 00:00:00,Converting ,Pace,,,,,,,,,,0,0,Grand Total,,,0,0,,,,,
30,Thu,2026-07-23 00:00:00,Converting ,Pace,,,,,,,,,,0,0,Grand Total,,,0,0,,,,,
30,Fri,2026-07-24 00:00:00,Converting ,Pace,,,,,,,,,,0,0,Grand Total,,,0,0,,,,,
30,Sat,2026-07-25 00:00:00,Converting ,Pace,,,,,,,,,,0,0,Grand Total,,,0,0,,,,,
30,Sun,2026-07-26 00:00:00,Converting ,Pace,,,,,,,,,,0,0,Grand Total,,,0,0,,,,,
31,Mon,2026-07-27 00:00:00,Converting ,Pace,,,,,,,,,,0,0,Grand Total,,,0,0,,,,,
31,Tue,2026-07-28 00:00:00,Converting ,Pace,,,,,,,,,,0,0,Grand Total,,,0,0,,,,,
31,Wed,2026-07-29 00:00:00,Converting ,Pace,,,,,,,,,,0,0,Grand Total,,,0,0,,,,,
31,Thu,2026-07-30 00:00:00,Converting ,Pace,,,,,,,,,,0,0,Grand Total,,,0,0,,,,,
31,Fri,2026-07-31 00:00:00,Converting ,Pace,,,,,,,,,,0,0,Grand Total,,,0,0,,,,,
31,Sat,2026-08-01 00:00:00,Converting ,Pace,,,,,,,,,,0,0,Grand Total,,,0,0,,,,,
31,Sun,2026-08-02 00:00:00,Converting ,Pace,,,,,,,,,,0,0,Grand Total,,,0,0,,,,,
32,Mon,2026-08-03 00:00:00,Converting ,Pace,,,,,,,,,,0,0,Grand Total,,,0,0,,,,,
32,Tue,2026-08-04 00:00:00,Converting ,Pace,,,,,,,,,,0,0,Grand Total,,,0,0,,,,,
32,Wed,2026-08-05 00:00:00,Converting ,Pace,,,,,,,,,,0,0,Grand Total,,,0,0,,,,,
32,Thu,2026-08-06 00:00:00,Converting ,Pace,,,,,,,,,,0,0,Grand Total,,,0,0,,,,,
32,Fri,2026-08-07 00:00:00,Converting ,Pace,,,,,,,,,,0,0,Grand Total,,,0,0,,,,,
32,Sat,2026-08-08 00:00:00,Converting ,Pace,,,,,,,,,,0,0,Grand Total,,,0,0,,,,,
32,Sun,2026-08-09 00:00:00,Converting ,Pace,,,,,,,,,,0,0,Grand Total,,,0,0,,,,,
33,Mon,2026-08-10 00:00:00,Converting ,Pace,,,,,,,,,,0,0,Grand Total,,,0,0,,,,,
33,Tue,2026-08-11 00:00:00,Converting ,Pace,,,,,,,,,,0,0,Grand Total,,,0,0,,,,,
33,Wed,2026-08-12 00:00:00,Converting ,Pace,,,,,,,,,,0,0,Grand Total,,,0,0,,,,,
33,Thu,2026-08-13 00:00:00,Converting ,Pace,,,,,,,,,,0,0,Grand Total,,,0,0,,,,,
33,Fri,2026-08-14 00:00:00,Converting ,Pace,,,,,,,,,,0,0,Grand Total,,,0,0,,,,,
33,Sat,2026-08-15 00:00:00,Converting ,Pace,,,,,,,,,,0,0,Grand Total,,,0,0,,,,,
33,Sun,2026-08-16 00:00:00,Converting ,Pace,,,,,,,,,,0,0,Grand Total,,,0,0,,,,,
34,Mon,2026-08-17 00:00:00,Converting ,Pace,,,,,,,,,,0,0,Grand Total,,,0,0,,,,,
34,Tue,2026-08-18 00:00:00,Converting ,Pace,,,,,,,,,,0,0,Grand Total,,,0,0,,,,,
34,Wed,2026-08-19 00:00:00,Converting ,Pace,,,,,,,,,,0,0,Grand Total,,,0,0,,,,,
34,Thu,2026-08-20 00:00:00,Converting ,Pace,,,,,,,,,,0,0,Grand Total,,,0,0,,,,,
34,Fri,2026-08-21 00:00:00,Converting ,Pace,,,,,,,,,,0,0,Grand Total,,,0,0,,,,,
34,Sat,2026-08-22 00:00:00,Converting ,Pace,,,,,,,,,,0,0,Grand Total,,,0,0,,,,,
34,Sun,2026-08-23 00:00:00,Converting ,Pace,,,,,,,,,,0,0,Grand Total,,,0,0,,,,,
35,Mon,2026-08-24 00:00:00,Converting ,Pace,,,,,,,,,,0,0,Grand Total,,,0,0,,,,,
35,Tue,2026-08-25 00:00:00,Converting ,Pace,,,,,,,,,,0,0,Grand Total,,,0,0,,,,,
35,Wed,2026-08-26 00:00:00,Converting ,Pace,,,,,,,,,,0,0,Grand Total,,,0,0,,,,,
35,Thu,2026-08-27 00:00:00,Converting ,Pace,,,,,,,,,,0,0,Grand Total,,,0,0,,,,,
35,Fri,2026-08-28 00:00:00,Converting ,Pace,,,,,,,,,,0,0,Grand Total,,,0,0,,,,,
35,Sat,2026-08-29 00:00:00,Converting ,Pace,,,,,,,,,,0,0,Grand Total,,,0,0,,,,,
35,Sun,2026-08-30 00:00:00,Converting ,Pace,,,,,,,,,,0,0,Grand Total,,,0,0,,,,,
36,Mon,2026-08-31 00:00:00,Converting ,Pace,,,,,,,,,,0,0,Grand Total,,,0,0,,,,,
36,Tue,2026-09-01 00:00:00,Converting ,Pace,,,,,,,,,,0,0,Grand Total,,,0,0,,,,,
36,Wed,2026-09-02 00:00:00,Converting ,Pace,,,,,,,,,,0,0,Grand Total,,,0,0,,,,,
36,Thu,2026-09-03 00:00:00,Converting ,Pace,,,,,,,,,,0,0,Grand Total,,,0,0,,,,,
36,Fri,2026-09-04 00:00:00,Converting ,Pace,,,,,,,,,,0,0,Grand Total,,,0,0,,,,,
36,Sat,2026-09-05 00:00:00,Converting ,Pace,,,,,,,,,,0,0,Grand Total,,,0,0,,,,,
36,Sun,2026-09-06 00:00:00,Converting ,Pace,,,,,,,,,,0,0,Grand Total,,,0,0,,,,,
37,Mon,2026-09-07 00:00:00,Converting ,Pace,,,,,,,,,,0,0,Grand Total,,,0,0,,,,,
37,Tue,2026-09-08 00:00:00,Converting ,Pace,,,,,,,,,,0,0,Grand Total,,,0,0,,,,,
37,Wed,2026-09-09 00:00:00,Converting ,Pace,,,,,,,,,,0,0,Grand Total,,,0,0,,,,,
37,Thu,2026-09-10 00:00:00,Converting ,Pace,,,,,,,,,,0,0,Grand Total,,,0,0,,,,,
37,Fri,2026-09-11 00:00:00,Converting ,Pace,,,,,,,,,,0,0,Grand Total,,,0,0,,,,,
37,Sat,2026-09-12 00:00:00,Converting ,Pace,,,,,,,,,,0,0,Grand Total,,,0,0,,,,,
37,Sun,2026-09-13 00:00:00,Converting ,Pace,,,,,,,,,,0,0,Grand Total,,,0,0,,,,,
38,Mon,2026-09-14 00:00:00,Converting ,Pace,,,,,,,,,,0,0,Grand Total,,,0,0,,,,,
38,Tue,2026-09-15 00:00:00,Converting ,Pace,,,,,,,,,,0,0,Grand Total,,,0,0,,,,,
38,Wed,2026-09-16 00:00:00,Converting ,Pace,,,,,,,,,,0,0,Grand Total,,,0,0,,,,,
38,Thu,2026-09-17 00:00:00,Converting ,Pace,,,,,,,,,,0,0,Grand Total,,,0,0,,,,,
38,Fri,2026-09-18 00:00:00,Converting ,Pace,,,,,,,,,,0,0,Grand Total,,,0,0,,,,,
38,Sat,2026-09-19 00:00:00,Converting ,Pace,,,,,,,,,,0,0,Grand Total,,,0,0,,,,,
38,Sun,2026-09-20 00:00:00,Converting ,Pace,,,,,,,,,,0,0,Grand Total,,,0,0,,,,,
39,Mon,2026-09-21 00:00:00,Converting ,Pace,,,,,,,,,,0,0,Grand Total,,,0,0,,,,,
39,Tue,2026-09-22 00:00:00,Converting ,Pace,,,,,,,,,,0,0,Grand Total,,,0,0,,,,,
39,Thu,2026-09-24 00:00:00,Converting ,Pace,,,,,,,,,,0,0,Grand Total,,,0,0,,,,,
39,Fri,2026-09-25 00:00:00,Converting ,Pace,,,,,,,,,,0,0,Grand Total,,,0,0,,,,,
39,Sat,2026-09-26 00:00:00,Converting ,Pace,,,,,,,,,,0,0,Grand Total,,,0,0,,,,,
39,Sun,2026-09-27 00:00:00,Converting ,Pace,,,,,,,,,,0,0,Grand Total,,,0,0,,,,,
40,Mon,2026-09-28 00:00:00,Converting ,Pace,,,,,,,,,,0,0,Grand Total,,,0,0,,,,,
40,Tue,2026-09-29 00:00:00,Converting ,Pace,,,,,,,,,,0,0,Grand Total,,,0,0,,,,,
40,Wed,2026-09-30 00:00:00,Converting ,Pace,,,,,,,,,,0,0,Grand Total,,,0,0,,,,,
40,Thu,2026-10-01 00:00:00,Converting ,Pace,,,,,,,,,,0,0,Grand Total,,,0,0,,,,,
40,Fri,2026-10-02 00:00:00,Converting ,Pace,,,,,,,,,,0,0,Grand Total,,,0,0,,,,,
40,Sat,2026-10-03 00:00:00,Converting ,Pace,,,,,,,,,,0,0,Grand Total,,,0,0,,,,,
40,Sun,2026-10-04 00:00:00,Converting ,Pace,,,,,,,,,,0,0,Grand Total,,,0,0,,,,,
41,Mon,2026-10-05 00:00:00,Converting ,Pace,,,,,,,,,,0,0,Grand Total,,,0,0,,,,,
41,Tue,2026-10-06 00:00:00,Converting ,Pace,,,,,,,,,,0,0,Grand Total,,,0,0,,,,,
41,Wed,2026-10-07 00:00:00,Converting ,Pace,,,,,,,,,,0,0,Grand Total,,,0,0,,,,,
41,Thu,2026-10-08 00:00:00,Converting ,Pace,,,,,,,,,,0,0,Grand Total,,,0,0,,,,,
41,Fri,2026-10-09 00:00:00,Converting ,Pace,,,,,,,,,,0,0,Grand Total,,,0,0,,,,,
41,Sat,2026-10-10 00:00:00,Converting ,Pace,,,,,,,,,,0,0,Grand Total,,,0,0,,,,,
41,Sun,2026-10-11 00:00:00,Converting ,Pace,,,,,,,,,,0,0,Grand Total,,,0,0,,,,,
42,Mon,2026-10-12 00:00:00,Converting ,Pace,,,,,,,,,,0,0,Grand Total,,,0,0,,,,,
42,Tue,2026-10-13 00:00:00,Converting ,Pace,,,,,,,,,,0,0,Grand Total,,,0,0,,,,,
42,Wed,2026-10-14 00:00:00,Converting ,Pace,,,,,,,,,,0,0,Grand Total,,,0,0,,,,,
42,Thu,2026-10-15 00:00:00,Converting ,Pace,,,,,,,,,,0,0,Grand Total,,,0,0,,,,,
42,Fri,2026-10-16 00:00:00,Converting ,Pace,,,,,,,,,,0,0,Grand Total,,,0,0,,,,,
42,Sat,2026-10-17 00:00:00,Converting ,Pace,,,,,,,,,,0,0,Grand Total,,,0,0,,,,,
42,Sun,2026-10-18 00:00:00,Converting ,Pace,,,,,,,,,,0,0,Grand Total,,,0,0,,,,,
43,Mon,2026-10-19 00:00:00,Converting ,Pace,,,,,,,,,,0,0,Grand Total,,,0,0,,,,,
43,Tue,2026-10-20 00:00:00,Converting ,Pace,,,,,,,,,,0,0,Grand Total,,,0,0,,,,,
43,Wed,2026-10-21 00:00:00,Converting ,Pace,,,,,,,,,,0,0,Grand Total,,,0,0,,,,,
43,Thu,2026-10-22 00:00:00,Converting ,Pace,,,,,,,,,,0,0,Grand Total,,,0,0,,,,,
43,Fri,2026-10-23 00:00:00,Converting ,Pace,,,,,,,,,,0,0,Grand Total,,,0,0,,,,,
43,Sat,2026-10-24 00:00:00,Converting ,Pace,,,,,,,,,,0,0,Grand Total,,,0,0,,,,,
43,Sun,2026-10-25 00:00:00,Converting ,Pace,,,,,,,,,,0,0,Grand Total,,,0,0,,,,,
44,Mon,2026-10-26 00:00:00,Converting ,Pace,,,,,,,,,,0,0,Grand Total,,,0,0,,,,,
44,Tue,2026-10-27 00:00:00,Converting ,Pace,,,,,,,,,,0,0,Grand Total,,,0,0,,,,,
44,Wed,2026-10-28 00:00:00,Converting ,Pace,,,,,,,,,,0,0,Grand Total,,,0,0,,,,,
44,Thu,2026-10-29 00:00:00,Converting ,Pace,,,,,,,,,,0,0,Grand Total,,,0,0,,,,,
44,Fri,2026-10-30 00:00:00,Converting ,Pace,,,,,,,,,,0,0,Grand Total,,,0,0,,,,,
44,Sat,2026-10-31 00:00:00,Converting ,Pace,,,,,,,,,,0,0,Grand Total,,,0,0,,,,,
44,Sun,2026-11-01 00:00:00,Converting ,Pace,,,,,,,,,,0,0,Grand Total,,,0,0,,,,,
45,Mon,2026-11-02 00:00:00,Converting ,Pace,,,,,,,,,,0,0,Grand Total,,,0,0,,,,,
45,Tue,2026-11-03 00:00:00,Converting ,Pace,,,,,,,,,,0,0,Grand Total,,,0,0,,,,,
45,Wed,2026-11-04 00:00:00,Converting ,Pace,,,,,,,,,,0,0,Grand Total,,,0,0,,,,,
45,Thu,2026-11-05 00:00:00,Converting ,Pace,,,,,,,,,,0,0,Grand Total,,,0,0,,,,,
45,Fri,2026-11-06 00:00:00,Converting ,Pace,,,,,,,,,,0,0,Grand Total,,,0,0,,,,,
45,Sat,2026-11-07 00:00:00,Converting ,Pace,,,,,,,,,,0,0,Grand Total,,,0,0,,,,,
45,Sun,2026-11-08 00:00:00,Converting ,Pace,,,,,,,,,,0,0,Grand Total,,,0,0,,,,,
46,Mon,2026-11-09 00:00:00,Converting ,Pace,,,,,,,,,,0,0,Grand Total,,,0,0,,,,,
46,Tue,2026-11-10 00:00:00,Converting ,Pace,,,,,,,,,,0,0,Grand Total,,,0,0,,,,,
46,Wed,2026-11-11 00:00:00,Converting ,Pace,,,,,,,,,,0,0,Grand Total,,,0,0,,,,,
46,Thu,2026-11-12 00:00:00,Converting ,Pace,,,,,,,,,,0,0,Grand Total,,,0,0,,,,,
46,Fri,2026-11-13 00:00:00,Converting ,Pace,,,,,,,,,,0,0,Grand Total,,,0,0,,,,,
46,Sat,2026-11-14 00:00:00,Converting ,Pace,,,,,,,,,,0,0,Grand Total,,,0,0,,,,,
46,Sun,2026-11-15 00:00:00,Converting ,Pace,,,,,,,,,,0,0,Grand Total,,,0,0,,,,,
47,Mon,2026-11-16 00:00:00,Converting ,Pace,,,,,,,,,,0,0,Grand Total,,,0,0,,,,,
47,Tue,2026-11-17 00:00:00,Converting ,Pace,,,,,,,,,,0,0,Grand Total,,,0,0,,,,,
47,Wed,2026-11-18 00:00:00,Converting ,Pace,,,,,,,,,,0,0,Grand Total,,,0,0,,,,,
47,Thu,2026-11-19 00:00:00,Converting ,Pace,,,,,,,,,,0,0,Grand Total,,,0,0,,,,,
47,Fri,2026-11-20 00:00:00,Converting ,Pace,,,,,,,,,,0,0,Grand Total,,,0,0,,,,,
47,Sat,2026-11-21 00:00:00,Converting ,Pace,,,,,,,,,,0,0,Grand Total,,,0,0,,,,,
47,Sun,2026-11-22 00:00:00,Converting ,Pace,,,,,,,,,,0,0,Grand Total,,,0,0,,,,,
48,Mon,2026-11-23 00:00:00,Converting ,Pace,,,,,,,,,,0,0,Grand Total,,,0,0,,,,,
48,Tue,2026-11-24 00:00:00,Converting ,Pace,,,,,,,,,,0,0,Grand Total,,,0,0,,,,,
48,Wed,2026-11-25 00:00:00,Converting ,Pace,,,,,,,,,,0,0,Grand Total,,,0,0,,,,,
48,Thu,2026-11-26 00:00:00,Converting ,Pace,,,,,,,,,,0,0,Grand Total,,,0,0,,,,,
48,Fri,2026-11-27 00:00:00,Converting ,Pace,,,,,,,,,,0,0,Grand Total,,,0,0,,,,,
48,Sat,2026-11-28 00:00:00,Converting ,Pace,,,,,,,,,,0,0,Grand Total,,,0,0,,,,,
48,Sun,2026-11-29 00:00:00,Converting ,Pace,,,,,,,,,,0,0,Grand Total,,,0,0,,,,,
49,Mon,2026-11-30 00:00:00,Converting ,Pace,,,,,,,,,,0,0,Grand Total,,,0,0,,,,,
49,Tue,2026-12-01 00:00:00,Converting ,Pace,,,,,,,,,,0,0,Grand Total,,,0,0,,,,,
49,Wed,2026-12-02 00:00:00,Converting ,Pace,,,,,,,,,,0,0,Grand Total,,,0,0,,,,,
49,Thu,2026-12-03 00:00:00,Converting ,Pace,,,,,,,,,,0,0,Grand Total,,,0,0,,,,,
49,Fri,2026-12-04 00:00:00,Converting ,Pace,,,,,,,,,,0,0,Grand Total,,,0,0,,,,,
49,Sat,2026-12-05 00:00:00,Converting ,Pace,,,,,,,,,,0,0,Grand Total,,,0,0,,,,,
49,Sun,2026-12-06 00:00:00,Converting ,Pace,,,,,,,,,,0,0,Grand Total,,,0,0,,,,,
50,Mon,2026-12-07 00:00:00,Converting ,Pace,,,,,,,,,,0,0,Grand Total,,,0,0,,,,,
50,Tue,2026-12-08 00:00:00,Converting ,Pace,,,,,,,,,,0,0,Grand Total,,,0,0,,,,,
50,Wed,2026-12-09 00:00:00,Converting ,Pace,,,,,,,,,,0,0,Grand Total,,,0,0,,,,,
50,Thu,2026-12-10 00:00:00,Converting ,Pace,,,,,,,,,,0,0,Grand Total,,,0,0,,,,,
50,Fri,2026-12-11 00:00:00,Converting ,Pace,,,,,,,,,,0,0,Grand Total,,,0,0,,,,,
50,Sat,2026-12-12 00:00:00,Converting ,Pace,,,,,,,,,,0,0,Grand Total,,,0,0,,,,,
50,Sun,2026-12-13 00:00:00,Converting ,Pace,,,,,,,,,,0,0,Grand Total,,,0,0,,,,,
51,Mon,2026-12-14 00:00:00,Converting ,Pace,,,,,,,,,,0,0,Grand Total,,,0,0,,,,,
51,Tue,2026-12-15 00:00:00,Converting ,Pace,,,,,,,,,,0,0,Grand Total,,,0,0,,,,,
51,Wed,2026-12-16 00:00:00,Converting ,Pace,,,,,,,,,,0,0,Grand Total,,,0,0,,,,,
51,Thu,2026-12-17 00:00:00,Converting ,Pace,,,,,,,,,,0,0,Grand Total,,,0,0,,,,,
51,Fri,2026-12-18 00:00:00,Converting ,Pace,,,,,,,,,,0,0,Grand Total,,,0,0,,,,,
51,Sat,2026-12-19 00:00:00,Converting ,Pace,,,,,,,,,,0,0,Grand Total,,,0,0,,,,,
51,Sun,2026-12-20 00:00:00,Converting ,Pace,,,,,,,,,,0,0,Grand Total,,,0,0,,,,,
52,Mon,2026-12-21 00:00:00,Converting ,Pace,,,,,,,,,,0,0,Grand Total,,,0,0,,,,,
52,Tue,2026-12-22 00:00:00,Converting ,Pace,,,,,,,,,,0,0,Grand Total,,,0,0,,,,,
52,Wed,2026-12-23 00:00:00,Converting ,Pace,,,,,,,,,,0,0,Grand Total,,,0,0,,,,,
52,Thu,2026-12-24 00:00:00,Converting ,Pace,,,,,,,,,,0,0,Grand Total,,,0,0,,,,,
52,Fri,2026-12-25 00:00:00,Converting ,Pace,,,,,,,,,,0,0,Grand Total,,,0,0,,,,,
52,Sat,2026-12-26 00:00:00,Converting ,Pace,,,,,,,,,,0,0,Grand Total,,,0,0,,,,,
52,Sun,2026-12-27 00:00:00,Converting ,Pace,,,,,,,,,,0,0,Grand Total,,,0,0,,,,,
53,Mon,2026-12-28 00:00:00,Converting ,Pace,,,,,,,,,,0,0,Grand Total,,,0,0,,,,,
53,Tue,2026-12-29 00:00:00,Converting ,Pace,,,,,,,,,,0,0,Grand Total,,,0,0,,,,,
53,Wed,2026-12-30 00:00:00,Converting ,Pace,,,,,,,,,,0,0,Grand Total,,,0,0,,,,,
53,Thu,2026-12-31 00:00:00,Converting ,Pace,,,,,,,,,,0,0,Grand Total,,,0,0,,,,,
1,Thu,2026-01-01 00:00:00,Converting ,PCI-2,,,,,,,,,,0,0,Grand Total,,,0,0,,,,,
1,Fri,2026-01-02 00:00:00,Converting ,PCI-2,,,,,,,,,,0,0,Grand Total,,,0,0,,,,,
1,Tue,2023-01-03 00:00:00,Converting ,PCI-2,,,,,,,,,,0,0,Grand Total,,,0,0,,,,,
1,Sun,2026-01-04 00:00:00,Converting ,PCI-2,,,,,,,,,,0,0,Grand Total,,,0,0,,,,,
2,Mon,2026-01-05 00:00:00,Converting ,PCI-2,,,,,,,,,,0,0,Grand Total,,,0,0,,,,,
2,Tue,2026-01-06 00:00:00,Converting ,PCI-2,,,,,,,,,,0,0,Grand Total,,,0,0,,,,,
2,Wed,2026-01-07 00:00:00,Converting ,PCI-2,,,,,,,,,,0,0,Grand Total,,,0,0,,,,,
2,Thu,2026-01-08 00:00:00,Converting ,PCI-2,,,,,,,,,,0,0,Grand Total,,,0,0,,,,,
2,Fri,2026-01-09 00:00:00,Converting ,PCI-2,,,,,,,,,,0,0,Grand Total,,,0,0,,,,,
2,Sat,2026-01-10 00:00:00,Converting ,PCI-2,,,,,,,,,,0,0,Grand Total,,,0,0,,,,,
2,Sun,2026-01-11 00:00:00,Converting ,PCI-2,,,,,,,,,,0,0,Grand Total,,,0,0,,,,,
3,Mon,2026-01-12 00:00:00,Converting ,PCI-2,,,,,,,,,,0,0,Grand Total,,,0,0,,,,,
3,Tue,2026-01-13 00:00:00,Converting ,PCI-2,,,,,,,,,,0,0,Grand Total,,,0,0,,,,,
3,Wed,2026-01-14 00:00:00,Converting ,PCI-2,,,,,,,,,,0,0,Grand Total,,,0,0,,,,,
3,Thu,2026-01-15 00:00:00,Converting ,PCI-2,,,,,,,,,,0,0,Grand Total,,,0,0,,,,,
3,Fri,2026-01-16 00:00:00,Converting ,PCI-2,,,,,,,,,,0,0,Grand Total,,,0,0,,,,,
3,Sat,2026-01-17 00:00:00,Converting ,PCI-2,,,,,,,,,,0,0,Grand Total,,,0,0,,,,,
3,Sun,2026-01-18 00:00:00,Converting ,PCI-2,,,,,,,,,,0,0,Grand Total,,,0,0,,,,,
4,Mon,2026-01-19 00:00:00,Converting ,PCI-2,,,,,,,,,,0,0,Grand Total,,,0,0,,,,,
4,Tue,2026-01-20 00:00:00,Converting ,PCI-2,,,,,,,,,,0,0,Grand Total,,,0,0,,,,,
4,Wed,2026-01-21 00:00:00,Converting ,PCI-2,,,,,,,,,,0,0,Grand Total,,,0,0,,,,,
4,Thu,2026-01-22 00:00:00,Converting ,PCI-2,,,,,,,,,,0,0,Grand Total,,,0,0,,,,,
4,Fri,2026-01-23 00:00:00,Converting ,PCI-2,,,,,,,,,,0,0,Grand Total,,,0,0,,,,,
4,Sat,2026-01-24 00:00:00,Converting ,PCI-2,,,,,,,,,,0,0,Grand Total,,,0,0,,,,,
4,Sun,2026-01-25 00:00:00,Converting ,PCI-2,,,,,,,,,,0,0,Grand Total,,,0,0,,,,,
5,Mon,2026-01-26 00:00:00,Converting ,PCI-2,,,,,,,,,,0,0,Grand Total,,,0,0,,,,,
5,Tue,2026-01-27 00:00:00,Converting ,PCI-2,,,,,,,,,,0,0,Grand Total,,,0,0,,,,,
5,Wed,2026-01-28 00:00:00,Converting ,PCI-2,No,Non-Sterile,6011,54629,,7,340,80,CS,0,0,Grand Total,4,6800,0,0,,,,,
5,Thu,2026-01-29 00:00:00,Converting ,PCI-2,No,Non-Sterile,6011,54629,,7,340,140,CS,0,0,Grand Total,14,35200,0,0,,,,,
5,Fri,2026-01-30 00:00:00,Converting ,PCI-2,No,Non-Sterile,6011,54629,,6,340,120,CS,0,0,Grand Total,14,29500,0,0,,,,,
5,Sat,2026-01-31 00:00:00,Converting ,PCI-2,,,,,,,,,,0,0,Grand Total,,,0,0,,,,,
5,Sun,2026-02-01 00:00:00,Converting ,PCI-2,,,,,,,,,,0,0,Grand Total,,,0,0,,,,,
6,Mon,2026-02-02 00:00:00,Converting ,PCI-2,Yes,Non-Sterile,610,53978,,4,18,18,CS,3160.7999999999997,895.8739319999997,Grand Total,7,18,3160.7999999999997,895.8739319999997,,,,,
6,Mon,2026-02-02 00:00:00,Converting ,PCI-2,Yes,Non-Sterile,609,53977,,3,51,0,CS,0,0,Grand Total,,,0,0,,,,,
6,Tue,2026-02-03 00:00:00,Converting ,PCI-2,No,Non-Sterile,609,53977,,6,51,51,CS,0,0,Grand Total,14,51,0,0,,,,,
6,Wed,2026-02-04 00:00:00,Converting ,PCI-2,No,Non-Sterile,6008,54646,,7,149,149,CS,0,0,Grand Total,,,0,0,,,,,
6,Thu,2026-02-05 00:00:00,Converting ,PCI-2,No,Non-Sterile,6013,54648,,7,250,140,CS,0,0,Grand Total,,,0,0,,,,,
6,Fri,2026-02-06 00:00:00,Converting ,PCI-2,No,Non-Sterile,6013,54648,,4,250,110,CS,0,0,Grand Total,,,0,0,,,,,
6,Sat,2026-02-07 00:00:00,Converting ,PCI-2,,,,,,,,,,0,0,Grand Total,,,0,0,,,,,
6,Sun,2026-02-08 00:00:00,Converting ,PCI-2,,,,,,,,,,0,0,Grand Total,,,0,0,,,,,
7,Mon,2026-02-09 00:00:00,Converting ,PCI-2,,,,,,,,,,0,0,Grand Total,,,0,0,,,,,
7,Tue,2026-02-10 00:00:00,Converting ,PCI-2,,,,,,,,,,0,0,Grand Total,,,0,0,,,,,
7,Wed,2026-02-11 00:00:00,Converting ,PCI-2,,,,,,,,,,0,0,Grand Total,,,0,0,,,,,
7,Thu,2026-02-12 00:00:00,Converting ,PCI-2,,,,,,,,,,0,0,Grand Total,,,0,0,,,,,
7,Fri,2026-02-13 00:00:00,Converting ,PCI-2,,,,,,,,,,0,0,Grand Total,,,0,0,,,,,
7,Sat,2026-02-14 00:00:00,Converting ,PCI-2,,,,,,,,,,0,0,Grand Total,,,0,0,,,,,
7,Sun,2026-02-15 00:00:00,Converting ,PCI-2,,,,,,,,,,0,0,Grand Total,,,0,0,,,,,
8,Mon,2026-02-16 00:00:00,Converting ,PCI-2,,,,,,,,,,0,0,Grand Total,,,0,0,,,,,
8,Tue,2026-02-17 00:00:00,Converting ,PCI-2,,,,,,,,,,0,0,Grand Total,,,0,0,,,,,
8,Wed,2026-02-18 00:00:00,Converting ,PCI-2,,,,,,,,,,0,0,Grand Total,,,0,0,,,,,
8,Thu,2026-02-19 00:00:00,Converting ,PCI-2,,,,,,,,,,0,0,Grand Total,,,0,0,,,,,
8,Fri,2026-02-20 00:00:00,Converting ,PCI-2,,,,,,,,,,0,0,Grand Total,,,0,0,,,,,
8,Sat,2026-02-21 00:00:00,Converting ,PCI-2,,,,,,,,,,0,0,Grand Total,,,0,0,,,,,
8,Sun,2026-02-22 00:00:00,Converting ,PCI-2,,,,,,,,,,0,0,Grand Total,,,0,0,,,,,
9,Mon,2026-02-23 00:00:00,Converting ,PCI-2,,,,,,,,,,0,0,Grand Total,,,0,0,,,,,
9,Tue,2026-02-24 00:00:00,Converting ,PCI-2,,,,,,,,,,0,0,Grand Total,,,0,0,,,,,
9,Wed,2026-02-25 00:00:00,Converting ,PCI-2,,,,PM,,,,,,0,0,Grand Total,,,0,0,,,,,
9,Thu,2026-02-26 00:00:00,Converting ,PCI-2,,,,,,,,,,0,0,Grand Total,,,0,0,,,,,
9,Fri,2026-02-27 00:00:00,Converting ,PCI-2,,,,,,,,,,0,0,Grand Total,,,0,0,,,,,
9,Sat,2026-02-28 00:00:00,Converting ,PCI-2,,,,,,,,,,0,0,Grand Total,,,0,0,,,,,
9,Sun,2026-03-01 00:00:00,Converting ,PCI-2,,,,,,,,,,0,0,Grand Total,,,0,0,,,,,
10,Mon,2026-03-02 00:00:00,Converting ,PCI-2,,,,,,,,,,0,0,Grand Total,,,0,0,,,,,
10,Tue,2026-03-03 00:00:00,Converting ,PCI-2,,,,,,,,,,0,0,Grand Total,,,0,0,,,,,
10,Wed,2026-03-04 00:00:00,Converting ,PCI-2,,,,,,,,,,0,0,Grand Total,,,0,0,,,,,
10,Thu,2026-03-05 00:00:00,Converting ,PCI-2,,,,,,,,,,0,0,Grand Total,,,0,0,,,,,
10,Fri,2026-03-06 00:00:00,Converting ,PCI-2,,,,,,,,,,0,0,Grand Total,,,0,0,,,,,
10,Sat,2026-03-07 00:00:00,Converting ,PCI-2,,,,,,,,,,0,0,Grand Total,,,0,0,,,,,
10,Sun,2026-03-08 00:00:00,Converting ,PCI-2,,,,,,,,,,0,0,Grand Total,,,0,0,,,,,
11,Mon,2026-03-09 00:00:00,Converting ,PCI-2,,,,,,,,,,0,0,Grand Total,,,0,0,,,,,
11,Tue,2026-03-10 00:00:00,Converting ,PCI-2,,,,,,,,,,0,0,Grand Total,,,0,0,,,,,
11,Wed,2026-03-11 00:00:00,Converting ,PCI-2,,,,,,,,,,0,0,Grand Total,,,0,0,,,,,
11,Thu,2026-03-12 00:00:00,Converting ,PCI-2,,,,,,,,,,0,0,Grand Total,,,0,0,,,,,
11,Fri,2026-03-13 00:00:00,Converting ,PCI-2,,,,,,,,,,0,0,Grand Total,,,0,0,,,,,
11,Sat,2026-03-14 00:00:00,Converting ,PCI-2,,,,,,,,,,0,0,Grand Total,,,0,0,,,,,
11,Sun,2026-03-15 00:00:00,Converting ,PCI-2,,,,,,,,,,0,0,Grand Total,,,0,0,,,,,
12,Mon,2026-03-16 00:00:00,Converting ,PCI-2,,,,,,,,,,0,0,Grand Total,,,0,0,,,,,
12,Tue,2026-03-17 00:00:00,Converting ,PCI-2,,,,,,,,,,0,0,Grand Total,,,0,0,,,,,
12,Wed,2026-03-18 00:00:00,Converting ,PCI-2,,,,,,,,,,0,0,Grand Total,,,0,0,,,,,
12,Thu,2026-03-19 00:00:00,Converting ,PCI-2,,,,,,,,,,0,0,Grand Total,,,0,0,,,,,
12,Fri,2026-03-20 00:00:00,Converting ,PCI-2,,,,,,,,,,0,0,Grand Total,,,0,0,,,,,
12,Sat,2026-03-21 00:00:00,Converting ,PCI-2,,,,,,,,,,0,0,Grand Total,,,0,0,,,,,
12,Sun,2026-03-22 00:00:00,Converting ,PCI-2,,,,,,,,,,0,0,Grand Total,,,0,0,,,,,
13,Mon,2026-03-23 00:00:00,Converting ,PCI-2,,,,,,,,,,0,0,Grand Total,,,0,0,,,,,
13,Tue,2026-03-24 00:00:00,Converting ,PCI-2,,,,,,,,,,0,0,Grand Total,,,0,0,,,,,
13,Wed,2026-03-25 00:00:00,Converting ,PCI-2,,,,,,,,,,0,0,Grand Total,,,0,0,,,,,
13,Thu,2026-03-26 00:00:00,Converting ,PCI-2,,,,,,,,,,0,0,Grand Total,,,0,0,,,,,
13,Fri,2026-03-27 00:00:00,Converting ,PCI-2,,,,,,,,,,0,0,Grand Total,,,0,0,,,,,
13,Sat,2026-03-28 00:00:00,Converting ,PCI-2,,,,,,,,,,0,0,Grand Total,,,0,0,,,,,
13,Sun,2026-03-29 00:00:00,Converting ,PCI-2,,,,,,,,,,0,0,Grand Total,,,0,0,,,,,
14,Mon,2026-03-30 00:00:00,Converting ,PCI-2,,,,,,,,,,0,0,Grand Total,,,0,0,,,,,
14,Tue,2026-03-31 00:00:00,Converting ,PCI-2,,,,,,,,,,0,0,Grand Total,,,0,0,,,,,
14,Wed,2026-04-01 00:00:00,Converting ,PCI-2,,,,,,,,,,0,0,Grand Total,,,0,0,,,,,
14,Thu,2026-04-02 00:00:00,Converting ,PCI-2,,,,,,,,,,0,0,Grand Total,,,0,0,,,,,
14,Fri,2026-04-03 00:00:00,Converting ,PCI-2,,,,,,,,,,0,0,Grand Total,,,0,0,,,,,
14,Sat,2026-04-04 00:00:00,Converting ,PCI-2,,,,,,,,,,0,0,Grand Total,,,0,0,,,,,
14,Sun,2026-04-05 00:00:00,Converting ,PCI-2,,,,,,,,,,0,0,Grand Total,,,0,0,,,,,
15,Mon,2026-04-06 00:00:00,Converting ,PCI-2,No,Non-Sterile,6010,55041,,14,870,220,CS,0,0,Grand Total,,,0,0,,,,,
15,Tue,2026-04-07 00:00:00,Converting ,PCI-2,No,Non-Sterile,6010,55041,,14,870,280,CS,0,0,Grand Total,,,0,0,,,,,
15,Wed,2026-04-08 00:00:00,Converting ,PCI-2,No,Non-Sterile,6010,55041,,14,870,280,CS,0,0,Grand Total,,,0,0,,,,,
15,Thu,2026-04-09 00:00:00,Converting ,PCI-2,No,Non-Sterile,6010,55041,,5,870,90,CS,0,0,Grand Total,,,0,0,,,,,
15,Fri,2026-04-10 00:00:00,Converting ,PCI-2,No,Non-Sterile,6011,55042,,7,80,80,CS,0,0,Grand Total,,,0,0,,,,,
15,Sat,2026-04-11 00:00:00,Converting ,PCI-2,,,,,,,,,,0,0,Grand Total,,,0,0,,,,,
15,Sun,2026-04-12 00:00:00,Converting ,PCI-2,,,,,,,,,,0,0,Grand Total,,,0,0,,,,,
16,Mon,2026-04-13 00:00:00,Converting ,PCI-2,,,,,,,,,,0,0,Grand Total,,,0,0,,,,,
16,Tue,2026-04-14 00:00:00,Converting ,PCI-2,,,,,,,,,,0,0,Grand Total,,,0,0,,,,,
16,Wed,2026-04-15 00:00:00,Converting ,PCI-2,,,,,,,,,,0,0,Grand Total,,,0,0,,,,,
16,Thu,2026-04-16 00:00:00,Converting ,PCI-2,,,,,,,,,,0,0,Grand Total,,,0,0,,,,,
16,Fri,2026-04-17 00:00:00,Converting ,PCI-2,,,,,,,,,,0,0,Grand Total,,,0,0,,,,,
16,Sat,2026-04-18 00:00:00,Converting ,PCI-2,,,,,,,,,,0,0,Grand Total,,,0,0,,,,,
16,Sun,2026-04-19 00:00:00,Converting ,PCI-2,,,,,,,,,,0,0,Grand Total,,,0,0,,,,,
17,Mon,2026-04-20 00:00:00,Converting ,PCI-2,,,,,,,,,,0,0,Grand Total,,,0,0,,,,,
17,Tue,2026-04-21 00:00:00,Converting ,PCI-2,,,,,,,,,,0,0,Grand Total,,,0,0,,,,,
17,Wed,2026-04-22 00:00:00,Converting ,PCI-2,,,,,,,,,,0,0,Grand Total,,,0,0,,,,,
17,Thu,2026-04-23 00:00:00,Converting ,PCI-2,,,,,,,,,,0,0,Grand Total,,,0,0,,,,,
17,Fri,2026-04-24 00:00:00,Converting ,PCI-2,,,,,,,,,,0,0,Grand Total,,,0,0,,,,,
17,Sat,2026-04-25 00:00:00,Converting ,PCI-2,,,,,,,,,,0,0,Grand Total,,,0,0,,,,,
17,Sun,2026-04-26 00:00:00,Converting ,PCI-2,,,,,,,,,,0,0,Grand Total,,,0,0,,,,,
18,Mon,2026-04-27 00:00:00,Converting ,PCI-2,,,,,,,,,,0,0,Grand Total,,,0,0,,,,,
18,Tue,2026-04-28 00:00:00,Converting ,PCI-2,,,,,,,,,,0,0,Grand Total,,,0,0,,,,,
18,Wed,2026-04-29 00:00:00,Converting ,PCI-2,,,,,,,,,,0,0,Grand Total,,,0,0,,,,,
18,Thu,2026-04-30 00:00:00,Converting ,PCI-2,,,,,,,,,,0,0,Grand Total,,,0,0,,,,,
18,Fri,2026-05-01 00:00:00,Converting ,PCI-2,,,,,,,,,,0,0,Grand Total,,,0,0,,,,,
18,Sat,2026-05-02 00:00:00,Converting ,PCI-2,,,,,,,,,,0,0,Grand Total,,,0,0,,,,,
18,Sun,2026-05-03 00:00:00,Converting ,PCI-2,,,,,,,,,,0,0,Grand Total,,,0,0,,,,,
19,Mon,2026-05-04 00:00:00,Converting ,PCI-2,,,,,,,,,,0,0,Grand Total,,,0,0,,,,,
19,Tue,2026-05-05 00:00:00,Converting ,PCI-2,,,,,,,,,,0,0,Grand Total,,,0,0,,,,,
19,Wed,2026-05-06 00:00:00,Converting ,PCI-2,,,,,,,,,,0,0,Grand Total,,,0,0,,,,,
19,Thu,2026-05-07 00:00:00,Converting ,PCI-2,,,,,,,,,,0,0,Grand Total,,,0,0,,,,,
19,Fri,2026-05-08 00:00:00,Converting ,PCI-2,,,,,,,,,,0,0,Grand Total,,,0,0,,,,,
19,Sat,2026-05-09 00:00:00,Converting ,PCI-2,,,,,,,,,,0,0,Grand Total,,,0,0,,,,,
19,Sun,2026-05-10 00:00:00,Converting ,PCI-2,,,,,,,,,,0,0,Grand Total,,,0,0,,,,,
20,Mon,2026-05-11 00:00:00,Converting ,PCI-2,,,,,,,,,,0,0,Grand Total,,,0,0,,,,,
20,Tue,2026-05-12 00:00:00,Converting ,PCI-2,,,,,,,,,,0,0,Grand Total,,,0,0,,,,,
20,Wed,2026-05-13 00:00:00,Converting ,PCI-2,,,,,,,,,,0,0,Grand Total,,,0,0,,,,,
20,Thu,2026-05-14 00:00:00,Converting ,PCI-2,,,,,,,,,,0,0,Grand Total,,,0,0,,,,,
20,Fri,2026-05-15 00:00:00,Converting ,PCI-2,,,,,,,,,,0,0,Grand Total,,,0,0,,,,,
20,Sat,2026-05-16 00:00:00,Converting ,PCI-2,,,,,,,,,,0,0,Grand Total,,,0,0,,,,,
20,Sun,2026-05-17 00:00:00,Converting ,PCI-2,,,,,,,,,,0,0,Grand Total,,,0,0,,,,,
21,Mon,2026-05-18 00:00:00,Converting ,PCI-2,,,,,,,,,,0,0,Grand Total,,,0,0,,,,,
21,Tue,2026-05-19 00:00:00,Converting ,PCI-2,,,,,,,,,,0,0,Grand Total,,,0,0,,,,,
21,Wed,2026-05-20 00:00:00,Converting ,PCI-2,,,,,,,,,,0,0,Grand Total,,,0,0,,,,,
21,Thu,2026-05-21 00:00:00,Converting ,PCI-2,,,,,,,,,,0,0,Grand Total,,,0,0,,,,,
21,Fri,2026-05-22 00:00:00,Converting ,PCI-2,,,,,,,,,,0,0,Grand Total,,,0,0,,,,,
21,Sat,2026-05-23 00:00:00,Converting ,PCI-2,,,,,,,,,,0,0,Grand Total,,,0,0,,,,,
21,Sun,2026-05-24 00:00:00,Converting ,PCI-2,,,,,,,,,,0,0,Grand Total,,,0,0,,,,,
22,Mon,2026-05-25 00:00:00,Converting ,PCI-2,,,,,,,,,,0,0,Grand Total,,,0,0,,,,,
22,Tue,2026-05-26 00:00:00,Converting ,PCI-2,,,,,,,,,,0,0,Grand Total,,,0,0,,,,,
22,Wed,2026-05-27 00:00:00,Converting ,PCI-2,,,,,,,,,,0,0,Grand Total,,,0,0,,,,,
22,Thu,2026-05-28 00:00:00,Converting ,PCI-2,,,,,,,,,,0,0,Grand Total,,,0,0,,,,,
22,Fri,2026-05-29 00:00:00,Converting ,PCI-2,,,,,,,,,,0,0,Grand Total,,,0,0,,,,,
22,Sat,2026-05-30 00:00:00,Converting ,PCI-2,,,,,,,,,,0,0,Grand Total,,,0,0,,,,,
22,Sun,2026-05-31 00:00:00,Converting ,PCI-2,,,,,,,,,,0,0,Grand Total,,,0,0,,,,,
23,Mon,2026-06-01 00:00:00,Converting ,PCI-2,,,,,,,,,,0,0,Grand Total,,,0,0,,,,,
23,Tue,2026-06-02 00:00:00,Converting ,PCI-2,,,,,,,,,,0,0,Grand Total,,,0,0,,,,,
23,Wed,2026-06-03 00:00:00,Converting ,PCI-2,,,,,,,,,,0,0,Grand Total,,,0,0,,,,,
23,Thu,2026-06-04 00:00:00,Converting ,PCI-2,,,,,,,,,,0,0,Grand Total,,,0,0,,,,,
23,Fri,2026-06-05 00:00:00,Converting ,PCI-2,,,,,,,,,,0,0,Grand Total,,,0,0,,,,,
23,Sat,2026-06-06 00:00:00,Converting ,PCI-2,,,,,,,,,,0,0,Grand Total,,,0,0,,,,,
23,Sun,2026-06-07 00:00:00,Converting ,PCI-2,,,,,,,,,,0,0,Grand Total,,,0,0,,,,,
24,Mon,2026-06-08 00:00:00,Converting ,PCI-2,,,,,,,,,,0,0,Grand Total,,,0,0,,,,,
24,Tue,2026-06-09 00:00:00,Converting ,PCI-2,,,,,,,,,,0,0,Grand Total,,,0,0,,,,,
24,Wed,2026-06-10 00:00:00,Converting ,PCI-2,,,,,,,,,,0,0,Grand Total,,,0,0,,,,,
24,Thu,2026-06-11 00:00:00,Converting ,PCI-2,,,,,,,,,,0,0,Grand Total,,,0,0,,,,,
24,Fri,2026-06-12 00:00:00,Converting ,PCI-2,,,,,,,,,,0,0,Grand Total,,,0,0,,,,,
24,Sat,2026-06-13 00:00:00,Converting ,PCI-2,,,,,,,,,,0,0,Grand Total,,,0,0,,,,,
24,Sun,2026-06-14 00:00:00,Converting ,PCI-2,,,,,,,,,,0,0,Grand Total,,,0,0,,,,,
25,Mon,2026-06-15 00:00:00,Converting ,PCI-2,,,,,,,,,,0,0,Grand Total,,,0,0,,,,,
25,Tue,2026-06-16 00:00:00,Converting ,PCI-2,,,,,,,,,,0,0,Grand Total,,,0,0,,,,,
25,Wed,2026-06-17 00:00:00,Converting ,PCI-2,,,,,,,,,,0,0,Grand Total,,,0,0,,,,,
25,Thu,2026-06-18 00:00:00,Converting ,PCI-2,,,,,,,,,,0,0,Grand Total,,,0,0,,,,,
25,Fri,2026-06-19 00:00:00,Converting ,PCI-2,,,,,,,,,,0,0,Grand Total,,,0,0,,,,,
25,Sat,2026-06-20 00:00:00,Converting ,PCI-2,,,,,,,,,,0,0,Grand Total,,,0,0,,,,,
25,Sun,2026-06-21 00:00:00,Converting ,PCI-2,,,,,,,,,,0,0,Grand Total,,,0,0,,,,,
26,Mon,2026-06-22 00:00:00,Converting ,PCI-2,,,,,,,,,,0,0,Grand Total,,,0,0,,,,,
26,Tue,2026-06-23 00:00:00,Converting ,PCI-2,,,,,,,,,,0,0,Grand Total,,,0,0,,,,,
26,Wed,2026-06-24 00:00:00,Converting ,PCI-2,,,,,,,,,,0,0,Grand Total,,,0,0,,,,,
26,Thu,2026-06-25 00:00:00,Converting ,PCI-2,,,,,,,,,,0,0,Grand Total,,,0,0,,,,,
26,Fri,2026-06-26 00:00:00,Converting ,PCI-2,,,,,,,,,,0,0,Grand Total,,,0,0,,,,,
26,Sat,2026-06-27 00:00:00,Converting ,PCI-2,,,,,,,,,,0,0,Grand Total,,,0,0,,,,,
26,Sun,2026-06-28 00:00:00,Converting ,PCI-2,,,,,,,,,,0,0,Grand Total,,,0,0,,,,,
27,Mon,2026-06-29 00:00:00,Converting ,PCI-2,,,,,,,,,,0,0,Grand Total,,,0,0,,,,,
27,Tue,2026-06-30 00:00:00,Converting ,PCI-2,,,,,,,,,,0,0,Grand Total,,,0,0,,,,,
27,Wed,2026-07-01 00:00:00,Converting ,PCI-2,,,,,,,,,,0,0,Grand Total,,,0,0,,,,,
27,Thu,2026-07-02 00:00:00,Converting ,PCI-2,,,,,,,,,,0,0,Grand Total,,,0,0,,,,,
27,Fri,2026-07-03 00:00:00,Converting ,PCI-2,,,,,,,,,,0,0,Grand Total,,,0,0,,,,,
27,Sat,2026-07-04 00:00:00,Converting ,PCI-2,,,,,,,,,,0,0,Grand Total,,,0,0,,,,,
27,Sun,2026-07-05 00:00:00,Converting ,PCI-2,,,,,,,,,,0,0,Grand Total,,,0,0,,,,,
28,Mon,2026-07-06 00:00:00,Converting ,PCI-2,,,,,,,,,,0,0,Grand Total,,,0,0,,,,,
28,Tue,2026-07-07 00:00:00,Converting ,PCI-2,,,,,,,,,,0,0,Grand Total,,,0,0,,,,,
28,Wed,2026-07-08 00:00:00,Converting ,PCI-2,,,,,,,,,,0,0,Grand Total,,,0,0,,,,,
28,Thu,2026-07-09 00:00:00,Converting ,PCI-2,,,,,,,,,,0,0,Grand Total,,,0,0,,,,,
28,Fri,2026-07-10 00:00:00,Converting ,PCI-2,,,,,,,,,,0,0,Grand Total,,,0,0,,,,,
28,Sat,2026-07-11 00:00:00,Converting ,PCI-2,,,,,,,,,,0,0,Grand Total,,,0,0,,,,,
28,Sun,2026-07-12 00:00:00,Converting ,PCI-2,,,,,,,,,,0,0,Grand Total,,,0,0,,,,,
29,Mon,2026-07-13 00:00:00,Converting ,PCI-2,,,,,,,,,,0,0,Grand Total,,,0,0,,,,,
29,Tue,2026-07-14 00:00:00,Converting ,PCI-2,,,,,,,,,,0,0,Grand Total,,,0,0,,,,,
29,Wed,2026-07-15 00:00:00,Converting ,PCI-2,,,,,,,,,,0,0,Grand Total,,,0,0,,,,,
29,Thu,2026-07-16 00:00:00,Converting ,PCI-2,,,,,,,,,,0,0,Grand Total,,,0,0,,,,,
29,Fri,2026-07-17 00:00:00,Converting ,PCI-2,,,,,,,,,,0,0,Grand Total,,,0,0,,,,,
29,Sat,2026-07-18 00:00:00,Converting ,PCI-2,,,,,,,,,,0,0,Grand Total,,,0,0,,,,,
29,Sun,2026-07-19 00:00:00,Converting ,PCI-2,,,,,,,,,,0,0,Grand Total,,,0,0,,,,,
30,Mon,2026-07-20 00:00:00,Converting ,PCI-2,,,,,,,,,,0,0,Grand Total,,,0,0,,,,,
30,Tue,2026-07-21 00:00:00,Converting ,PCI-2,,,,,,,,,,0,0,Grand Total,,,0,0,,,,,
30,Wed,2026-07-22 00:00:00,Converting ,PCI-2,,,,,,,,,,0,0,Grand Total,,,0,0,,,,,
30,Thu,2026-07-23 00:00:00,Converting ,PCI-2,,,,,,,,,,0,0,Grand Total,,,0,0,,,,,
30,Fri,2026-07-24 00:00:00,Converting ,PCI-2,,,,,,,,,,0,0,Grand Total,,,0,0,,,,,
30,Sat,2026-07-25 00:00:00,Converting ,PCI-2,,,,,,,,,,0,0,Grand Total,,,0,0,,,,,
30,Sun,2026-07-26 00:00:00,Converting ,PCI-2,,,,,,,,,,0,0,Grand Total,,,0,0,,,,,
31,Mon,2026-07-27 00:00:00,Converting ,PCI-2,,,,,,,,,,0,0,Grand Total,,,0,0,,,,,
31,Tue,2026-07-28 00:00:00,Converting ,PCI-2,,,,,,,,,,0,0,Grand Total,,,0,0,,,,,
31,Wed,2026-07-29 00:00:00,Converting ,PCI-2,,,,,,,,,,0,0,Grand Total,,,0,0,,,,,
31,Thu,2026-07-30 00:00:00,Converting ,PCI-2,,,,,,,,,,0,0,Grand Total,,,0,0,,,,,
31,Fri,2026-07-31 00:00:00,Converting ,PCI-2,,,,,,,,,,0,0,Grand Total,,,0,0,,,,,
31,Sat,2026-08-01 00:00:00,Converting ,PCI-2,,,,,,,,,,0,0,Grand Total,,,0,0,,,,,
31,Sun,2026-08-02 00:00:00,Converting ,PCI-2,,,,,,,,,,0,0,Grand Total,,,0,0,,,,,
32,Mon,2026-08-03 00:00:00,Converting ,PCI-2,,,,,,,,,,0,0,Grand Total,,,0,0,,,,,
32,Tue,2026-08-04 00:00:00,Converting ,PCI-2,,,,,,,,,,0,0,Grand Total,,,0,0,,,,,
32,Wed,2026-08-05 00:00:00,Converting ,PCI-2,,,,,,,,,,0,0,Grand Total,,,0,0,,,,,
32,Thu,2026-08-06 00:00:00,Converting ,PCI-2,,,,,,,,,,0,0,Grand Total,,,0,0,,,,,
32,Fri,2026-08-07 00:00:00,Converting ,PCI-2,,,,,,,,,,0,0,Grand Total,,,0,0,,,,,
32,Sat,2026-08-08 00:00:00,Converting ,PCI-2,,,,,,,,,,0,0,Grand Total,,,0,0,,,,,
32,Sun,2026-08-09 00:00:00,Converting ,PCI-2,,,,,,,,,,0,0,Grand Total,,,0,0,,,,,
33,Mon,2026-08-10 00:00:00,Converting ,PCI-2,,,,,,,,,,0,0,Grand Total,,,0,0,,,,,
33,Tue,2026-08-11 00:00:00,Converting ,PCI-2,,,,,,,,,,0,0,Grand Total,,,0,0,,,,,
33,Wed,2026-08-12 00:00:00,Converting ,PCI-2,,,,,,,,,,0,0,Grand Total,,,0,0,,,,,
33,Thu,2026-08-13 00:00:00,Converting ,PCI-2,,,,,,,,,,0,0,Grand Total,,,0,0,,,,,
33,Fri,2026-08-14 00:00:00,Converting ,PCI-2,,,,,,,,,,0,0,Grand Total,,,0,0,,,,,
33,Sat,2026-08-15 00:00:00,Converting ,PCI-2,,,,,,,,,,0,0,Grand Total,,,0,0,,,,,
33,Sun,2026-08-16 00:00:00,Converting ,PCI-2,,,,,,,,,,0,0,Grand Total,,,0,0,,,,,
34,Mon,2026-08-17 00:00:00,Converting ,PCI-2,,,,,,,,,,0,0,Grand Total,,,0,0,,,,,
34,Tue,2026-08-18 00:00:00,Converting ,PCI-2,,,,,,,,,,0,0,Grand Total,,,0,0,,,,,
34,Wed,2026-08-19 00:00:00,Converting ,PCI-2,,,,,,,,,,0,0,Grand Total,,,0,0,,,,,
34,Thu,2026-08-20 00:00:00,Converting ,PCI-2,,,,,,,,,,0,0,Grand Total,,,0,0,,,,,
34,Fri,2026-08-21 00:00:00,Converting ,PCI-2,,,,,,,,,,0,0,Grand Total,,,0,0,,,,,
34,Sat,2026-08-22 00:00:00,Converting ,PCI-2,,,,,,,,,,0,0,Grand Total,,,0,0,,,,,
34,Sun,2026-08-23 00:00:00,Converting ,PCI-2,,,,,,,,,,0,0,Grand Total,,,0,0,,,,,
35,Mon,2026-08-24 00:00:00,Converting ,PCI-2,,,,,,,,,,0,0,Grand Total,,,0,0,,,,,
35,Tue,2026-08-25 00:00:00,Converting ,PCI-2,,,,,,,,,,0,0,Grand Total,,,0,0,,,,,
35,Wed,2026-08-26 00:00:00,Converting ,PCI-2,,,,,,,,,,0,0,Grand Total,,,0,0,,,,,
35,Thu,2026-08-27 00:00:00,Converting ,PCI-2,,,,,,,,,,0,0,Grand Total,,,0,0,,,,,
35,Fri,2026-08-28 00:00:00,Converting ,PCI-2,,,,,,,,,,0,0,Grand Total,,,0,0,,,,,
35,Sat,2026-08-29 00:00:00,Converting ,PCI-2,,,,,,,,,,0,0,Grand Total,,,0,0,,,,,
35,Sun,2026-08-30 00:00:00,Converting ,PCI-2,,,,,,,,,,0,0,Grand Total,,,0,0,,,,,
36,Mon,2026-08-31 00:00:00,Converting ,PCI-2,,,,,,,,,,0,0,Grand Total,,,0,0,,,,,
36,Tue,2026-09-01 00:00:00,Converting ,PCI-2,,,,,,,,,,0,0,Grand Total,,,0,0,,,,,
36,Wed,2026-09-02 00:00:00,Converting ,PCI-2,,,,,,,,,,0,0,Grand Total,,,0,0,,,,,
36,Thu,2026-09-03 00:00:00,Converting ,PCI-2,,,,,,,,,,0,0,Grand Total,,,0,0,,,,,
36,Fri,2026-09-04 00:00:00,Converting ,PCI-2,,,,,,,,,,0,0,Grand Total,,,0,0,,,,,
36,Sat,2026-09-05 00:00:00,Converting ,PCI-2,,,,,,,,,,0,0,Grand Total,,,0,0,,,,,
36,Sun,2026-09-06 00:00:00,Converting ,PCI-2,,,,,,,,,,0,0,Grand Total,,,0,0,,,,,
37,Mon,2026-09-07 00:00:00,Converting ,PCI-2,,,,,,,,,,0,0,Grand Total,,,0,0,,,,,
37,Tue,2026-09-08 00:00:00,Converting ,PCI-2,,,,,,,,,,0,0,Grand Total,,,0,0,,,,,
37,Wed,2026-09-09 00:00:00,Converting ,PCI-2,,,,,,,,,,0,0,Grand Total,,,0,0,,,,,
37,Thu,2026-09-10 00:00:00,Converting ,PCI-2,,,,,,,,,,0,0,Grand Total,,,0,0,,,,,
37,Fri,2026-09-11 00:00:00,Converting ,PCI-2,,,,,,,,,,0,0,Grand Total,,,0,0,,,,,
37,Sat,2026-09-12 00:00:00,Converting ,PCI-2,,,,,,,,,,0,0,Grand Total,,,0,0,,,,,
37,Sun,2026-09-13 00:00:00,Converting ,PCI-2,,,,,,,,,,0,0,Grand Total,,,0,0,,,,,
38,Mon,2026-09-14 00:00:00,Converting ,PCI-2,,,,,,,,,,0,0,Grand Total,,,0,0,,,,,
38,Tue,2026-09-15 00:00:00,Converting ,PCI-2,,,,,,,,,,0,0,Grand Total,,,0,0,,,,,
38,Wed,2026-09-16 00:00:00,Converting ,PCI-2,,,,,,,,,,0,0,Grand Total,,,0,0,,,,,
38,Thu,2026-09-17 00:00:00,Converting ,PCI-2,,,,,,,,,,0,0,Grand Total,,,0,0,,,,,
38,Fri,2026-09-18 00:00:00,Converting ,PCI-2,,,,,,,,,,0,0,Grand Total,,,0,0,,,,,
38,Sat,2026-09-19 00:00:00,Converting ,PCI-2,,,,,,,,,,0,0,Grand Total,,,0,0,,,,,
38,Sun,2026-09-20 00:00:00,Converting ,PCI-2,,,,,,,,,,0,0,Grand Total,,,0,0,,,,,
39,Mon,2026-09-21 00:00:00,Converting ,PCI-2,,,,,,,,,,0,0,Grand Total,,,0,0,,,,,
39,Tue,2026-09-22 00:00:00,Converting ,PCI-2,,,,,,,,,,0,0,Grand Total,,,0,0,,,,,
39,Thu,2026-09-24 00:00:00,Converting ,PCI-2,,,,,,,,,,0,0,Grand Total,,,0,0,,,,,
39,Fri,2026-09-25 00:00:00,Converting ,PCI-2,,,,,,,,,,0,0,Grand Total,,,0,0,,,,,
39,Sat,2026-09-26 00:00:00,Converting ,PCI-2,,,,,,,,,,0,0,Grand Total,,,0,0,,,,,
39,Sun,2026-09-27 00:00:00,Converting ,PCI-2,,,,,,,,,,0,0,Grand Total,,,0,0,,,,,
40,Mon,2026-09-28 00:00:00,Converting ,PCI-2,,,,,,,,,,0,0,Grand Total,,,0,0,,,,,
40,Tue,2026-09-29 00:00:00,Converting ,PCI-2,,,,,,,,,,0,0,Grand Total,,,0,0,,,,,
40,Wed,2026-09-30 00:00:00,Converting ,PCI-2,,,,,,,,,,0,0,Grand Total,,,0,0,,,,,
40,Thu,2026-10-01 00:00:00,Converting ,PCI-2,,,,,,,,,,0,0,Grand Total,,,0,0,,,,,
40,Fri,2026-10-02 00:00:00,Converting ,PCI-2,,,,,,,,,,0,0,Grand Total,,,0,0,,,,,
40,Sat,2026-10-03 00:00:00,Converting ,PCI-2,,,,,,,,,,0,0,Grand Total,,,0,0,,,,,
40,Sun,2026-10-04 00:00:00,Converting ,PCI-2,,,,,,,,,,0,0,Grand Total,,,0,0,,,,,
41,Mon,2026-10-05 00:00:00,Converting ,PCI-2,,,,,,,,,,0,0,Grand Total,,,0,0,,,,,
41,Tue,2026-10-06 00:00:00,Converting ,PCI-2,,,,,,,,,,0,0,Grand Total,,,0,0,,,,,
41,Wed,2026-10-07 00:00:00,Converting ,PCI-2,,,,,,,,,,0,0,Grand Total,,,0,0,,,,,
41,Thu,2026-10-08 00:00:00,Converting ,PCI-2,,,,,,,,,,0,0,Grand Total,,,0,0,,,,,
41,Fri,2026-10-09 00:00:00,Converting ,PCI-2,,,,,,,,,,0,0,Grand Total,,,0,0,,,,,
41,Sat,2026-10-10 00:00:00,Converting ,PCI-2,,,,,,,,,,0,0,Grand Total,,,0,0,,,,,
41,Sun,2026-10-11 00:00:00,Converting ,PCI-2,,,,,,,,,,0,0,Grand Total,,,0,0,,,,,
42,Mon,2026-10-12 00:00:00,Converting ,PCI-2,,,,,,,,,,0,0,Grand Total,,,0,0,,,,,
42,Tue,2026-10-13 00:00:00,Converting ,PCI-2,,,,,,,,,,0,0,Grand Total,,,0,0,,,,,
42,Wed,2026-10-14 00:00:00,Converting ,PCI-2,,,,,,,,,,0,0,Grand Total,,,0,0,,,,,
42,Thu,2026-10-15 00:00:00,Converting ,PCI-2,,,,,,,,,,0,0,Grand Total,,,0,0,,,,,
42,Fri,2026-10-16 00:00:00,Converting ,PCI-2,,,,,,,,,,0,0,Grand Total,,,0,0,,,,,
42,Sat,2026-10-17 00:00:00,Converting ,PCI-2,,,,,,,,,,0,0,Grand Total,,,0,0,,,,,
42,Sun,2026-10-18 00:00:00,Converting ,PCI-2,,,,,,,,,,0,0,Grand Total,,,0,0,,,,,
43,Mon,2026-10-19 00:00:00,Converting ,PCI-2,,,,,,,,,,0,0,Grand Total,,,0,0,,,,,
43,Tue,2026-10-20 00:00:00,Converting ,PCI-2,,,,,,,,,,0,0,Grand Total,,,0,0,,,,,
43,Wed,2026-10-21 00:00:00,Converting ,PCI-2,,,,,,,,,,0,0,Grand Total,,,0,0,,,,,
43,Thu,2026-10-22 00:00:00,Converting ,PCI-2,,,,,,,,,,0,0,Grand Total,,,0,0,,,,,
43,Fri,2026-10-23 00:00:00,Converting ,PCI-2,,,,,,,,,,0,0,Grand Total,,,0,0,,,,,
43,Sat,2026-10-24 00:00:00,Converting ,PCI-2,,,,,,,,,,0,0,Grand Total,,,0,0,,,,,
43,Sun,2026-10-25 00:00:00,Converting ,PCI-2,,,,,,,,,,0,0,Grand Total,,,0,0,,,,,
44,Mon,2026-10-26 00:00:00,Converting ,PCI-2,,,,,,,,,,0,0,Grand Total,,,0,0,,,,,
44,Tue,2026-10-27 00:00:00,Converting ,PCI-2,,,,,,,,,,0,0,Grand Total,,,0,0,,,,,
44,Wed,2026-10-28 00:00:00,Converting ,PCI-2,,,,,,,,,,0,0,Grand Total,,,0,0,,,,,
44,Thu,2026-10-29 00:00:00,Converting ,PCI-2,,,,,,,,,,0,0,Grand Total,,,0,0,,,,,
44,Fri,2026-10-30 00:00:00,Converting ,PCI-2,,,,,,,,,,0,0,Grand Total,,,0,0,,,,,
44,Sat,2026-10-31 00:00:00,Converting ,PCI-2,,,,,,,,,,0,0,Grand Total,,,0,0,,,,,
44,Sun,2026-11-01 00:00:00,Converting ,PCI-2,,,,,,,,,,0,0,Grand Total,,,0,0,,,,,
45,Mon,2026-11-02 00:00:00,Converting ,PCI-2,,,,,,,,,,0,0,Grand Total,,,0,0,,,,,
45,Tue,2026-11-03 00:00:00,Converting ,PCI-2,,,,,,,,,,0,0,Grand Total,,,0,0,,,,,
45,Wed,2026-11-04 00:00:00,Converting ,PCI-2,,,,,,,,,,0,0,Grand Total,,,0,0,,,,,
45,Thu,2026-11-05 00:00:00,Converting ,PCI-2,,,,,,,,,,0,0,Grand Total,,,0,0,,,,,
45,Fri,2026-11-06 00:00:00,Converting ,PCI-2,,,,,,,,,,0,0,Grand Total,,,0,0,,,,,
45,Sat,2026-11-07 00:00:00,Converting ,PCI-2,,,,,,,,,,0,0,Grand Total,,,0,0,,,,,
45,Sun,2026-11-08 00:00:00,Converting ,PCI-2,,,,,,,,,,0,0,Grand Total,,,0,0,,,,,
46,Mon,2026-11-09 00:00:00,Converting ,PCI-2,,,,,,,,,,0,0,Grand Total,,,0,0,,,,,
46,Tue,2026-11-10 00:00:00,Converting ,PCI-2,,,,,,,,,,0,0,Grand Total,,,0,0,,,,,
46,Wed,2026-11-11 00:00:00,Converting ,PCI-2,,,,,,,,,,0,0,Grand Total,,,0,0,,,,,
46,Thu,2026-11-12 00:00:00,Converting ,PCI-2,,,,,,,,,,0,0,Grand Total,,,0,0,,,,,
46,Fri,2026-11-13 00:00:00,Converting ,PCI-2,,,,,,,,,,0,0,Grand Total,,,0,0,,,,,
46,Sat,2026-11-14 00:00:00,Converting ,PCI-2,,,,,,,,,,0,0,Grand Total,,,0,0,,,,,
46,Sun,2026-11-15 00:00:00,Converting ,PCI-2,,,,,,,,,,0,0,Grand Total,,,0,0,,,,,
47,Mon,2026-11-16 00:00:00,Converting ,PCI-2,,,,,,,,,,0,0,Grand Total,,,0,0,,,,,
47,Tue,2026-11-17 00:00:00,Converting ,PCI-2,,,,,,,,,,0,0,Grand Total,,,0,0,,,,,
47,Wed,2026-11-18 00:00:00,Converting ,PCI-2,,,,,,,,,,0,0,Grand Total,,,0,0,,,,,
47,Thu,2026-11-19 00:00:00,Converting ,PCI-2,,,,,,,,,,0,0,Grand Total,,,0,0,,,,,
47,Fri,2026-11-20 00:00:00,Converting ,PCI-2,,,,,,,,,,0,0,Grand Total,,,0,0,,,,,
47,Sat,2026-11-21 00:00:00,Converting ,PCI-2,,,,,,,,,,0,0,Grand Total,,,0,0,,,,,
47,Sun,2026-11-22 00:00:00,Converting ,PCI-2,,,,,,,,,,0,0,Grand Total,,,0,0,,,,,
48,Mon,2026-11-23 00:00:00,Converting ,PCI-2,,,,,,,,,,0,0,Grand Total,,,0,0,,,,,
48,Tue,2026-11-24 00:00:00,Converting ,PCI-2,,,,,,,,,,0,0,Grand Total,,,0,0,,,,,
48,Wed,2026-11-25 00:00:00,Converting ,PCI-2,,,,,,,,,,0,0,Grand Total,,,0,0,,,,,
48,Thu,2026-11-26 00:00:00,Converting ,PCI-2,,,,,,,,,,0,0,Grand Total,,,0,0,,,,,
48,Fri,2026-11-27 00:00:00,Converting ,PCI-2,,,,,,,,,,0,0,Grand Total,,,0,0,,,,,
48,Sat,2026-11-28 00:00:00,Converting ,PCI-2,,,,,,,,,,0,0,Grand Total,,,0,0,,,,,
48,Sun,2026-11-29 00:00:00,Converting ,PCI-2,,,,,,,,,,0,0,Grand Total,,,0,0,,,,,
49,Mon,2026-11-30 00:00:00,Converting ,PCI-2,,,,,,,,,,0,0,Grand Total,,,0,0,,,,,
49,Tue,2026-12-01 00:00:00,Converting ,PCI-2,,,,,,,,,,0,0,Grand Total,,,0,0,,,,,
49,Wed,2026-12-02 00:00:00,Converting ,PCI-2,,,,,,,,,,0,0,Grand Total,,,0,0,,,,,
49,Thu,2026-12-03 00:00:00,Converting ,PCI-2,,,,,,,,,,0,0,Grand Total,,,0,0,,,,,
49,Fri,2026-12-04 00:00:00,Converting ,PCI-2,,,,,,,,,,0,0,Grand Total,,,0,0,,,,,
49,Sat,2026-12-05 00:00:00,Converting ,PCI-2,,,,,,,,,,0,0,Grand Total,,,0,0,,,,,
49,Sun,2026-12-06 00:00:00,Converting ,PCI-2,,,,,,,,,,0,0,Grand Total,,,0,0,,,,,
50,Mon,2026-12-07 00:00:00,Converting ,PCI-2,,,,,,,,,,0,0,Grand Total,,,0,0,,,,,
50,Tue,2026-12-08 00:00:00,Converting ,PCI-2,,,,,,,,,,0,0,Grand Total,,,0,0,,,,,
50,Wed,2026-12-09 00:00:00,Converting ,PCI-2,,,,,,,,,,0,0,Grand Total,,,0,0,,,,,
50,Thu,2026-12-10 00:00:00,Converting ,PCI-2,,,,,,,,,,0,0,Grand Total,,,0,0,,,,,
50,Fri,2026-12-11 00:00:00,Converting ,PCI-2,,,,,,,,,,0,0,Grand Total,,,0,0,,,,,
50,Sat,2026-12-12 00:00:00,Converting ,PCI-2,,,,,,,,,,0,0,Grand Total,,,0,0,,,,,
50,Sun,2026-12-13 00:00:00,Converting ,PCI-2,,,,,,,,,,0,0,Grand Total,,,0,0,,,,,
51,Mon,2026-12-14 00:00:00,Converting ,PCI-2,,,,,,,,,,0,0,Grand Total,,,0,0,,,,,
51,Tue,2026-12-15 00:00:00,Converting ,PCI-2,,,,,,,,,,0,0,Grand Total,,,0,0,,,,,
51,Wed,2026-12-16 00:00:00,Converting ,PCI-2,,,,,,,,,,0,0,Grand Total,,,0,0,,,,,
51,Thu,2026-12-17 00:00:00,Converting ,PCI-2,,,,,,,,,,0,0,Grand Total,,,0,0,,,,,
51,Fri,2026-12-18 00:00:00,Converting ,PCI-2,,,,,,,,,,0,0,Grand Total,,,0,0,,,,,
51,Sat,2026-12-19 00:00:00,Converting ,PCI-2,,,,,,,,,,0,0,Grand Total,,,0,0,,,,,
51,Sun,2026-12-20 00:00:00,Converting ,PCI-2,,,,,,,,,,0,0,Grand Total,,,0,0,,,,,
52,Mon,2026-12-21 00:00:00,Converting ,PCI-2,,,,,,,,,,0,0,Grand Total,,,0,0,,,,,
52,Tue,2026-12-22 00:00:00,Converting ,PCI-2,,,,,,,,,,0,0,Grand Total,,,0,0,,,,,
52,Wed,2026-12-23 00:00:00,Converting ,PCI-2,,,,,,,,,,0,0,Grand Total,,,0,0,,,,,
52,Thu,2026-12-24 00:00:00,Converting ,PCI-2,,,,,,,,,,0,0,Grand Total,,,0,0,,,,,
52,Fri,2026-12-25 00:00:00,Converting ,PCI-2,,,,,,,,,,0,0,Grand Total,,,0,0,,,,,
52,Sat,2026-12-26 00:00:00,Converting ,PCI-2,,,,,,,,,,0,0,Grand Total,,,0,0,,,,,
52,Sun,2026-12-27 00:00:00,Converting ,PCI-2,,,,,,,,,,0,0,Grand Total,,,0,0,,,,,
53,Mon,2026-12-28 00:00:00,Converting ,PCI-2,,,,,,,,,,0,0,Grand Total,,,0,0,,,,,
53,Tue,2026-12-29 00:00:00,Converting ,PCI-2,,,,,,,,,,0,0,Grand Total,,,0,0,,,,,
53,Wed,2026-12-30 00:00:00,Converting ,PCI-2,,,,,,,,,,0,0,Grand Total,,,0,0,,,,,
53,Thu,2026-12-31 00:00:00,Converting ,PCI-2,,,,,,,,,,0,0,Grand Total,,,0,0,,,,,
1,Thu,2026-01-01 00:00:00,Converting ,Delta Pkg,,,,,,,,,,0,0,Grand Total,,,0,0,,,,,
1,Fri,2026-01-02 00:00:00,Converting ,Delta Pkg,,,,,,,,,,0,0,Grand Total,,,0,0,,,,,
1,Tue,2023-01-03 00:00:00,Converting ,Delta Pkg,,,,,,,,,,0,0,Grand Total,,,0,0,,,,,
1,Sun,2026-01-04 00:00:00,Converting ,Delta Pkg,,,,,,,,,,0,0,Grand Total,,,0,0,,,,,
2,Mon,2026-01-05 00:00:00,Converting ,Delta Pkg,,,,,,,,,,0,0,Grand Total,,,0,0,,,,,
2,Tue,2026-01-06 00:00:00,Converting ,Delta Pkg,,,,,,,,,,0,0,Grand Total,,,0,0,,,,,
2,Wed,2026-01-07 00:00:00,Converting ,Delta Pkg,Yes,Pre-Sterile ,5045,53227,,7,27500,0,EA,0,0,Grand Total,56,10800,17604,6177.762,,,"005062 CS FREUDENBERG M1589 NON-WOVEN 11.8"" ETA 12-Jan",,
2,Thu,2026-01-08 00:00:00,Converting ,Delta Pkg,Yes,Pre-Sterile ,5045,53227,,7,27500,6300,EA,10269,3603.6944999999996,Grand Total,16,3150,5134.5,1801.8472499999998,,,,,
2,Fri,2026-01-09 00:00:00,Converting ,Delta Pkg,Yes,Pre-Sterile ,5045,53227,,7,27500,6300,EA,10269,3603.6944999999996,Grand Total,,,0,0,,,,,
2,Sat,2026-01-10 00:00:00,Converting ,Delta Pkg,,,,,,,,,,0,0,Grand Total,,,0,0,,,,,
2,Sun,2026-01-11 00:00:00,Converting ,Delta Pkg,,,,,,,,,,0,0,Grand Total,,,0,0,,,,,
3,Mon,2026-01-12 00:00:00,Converting ,Delta Pkg,Yes,Pre-Sterile ,5045,53227,,7,27500,6300,EA,10269,3603.6944999999996,Grand Total,,,0,0,,,,,
3,Tue,2026-01-13 00:00:00,Converting ,Delta Pkg,Yes,Pre-Sterile ,5045,53227,,7,27500,6300,EA,10269,3603.6944999999996,Grand Total,,,0,0,,,,,
3,Wed,2026-01-14 00:00:00,Converting ,Delta Pkg,Yes,Pre-Sterile ,5045,53227,,3,27500,2300,EA,3748.9999999999995,1315.6345,Grand Total,,,0,0,,,005772 AMCOR PPG-30 PRT 4.0X4.75 SURESITE 15.5 IN MSC2304 ETA week of 5-Jan,,
3,Thu,2026-01-15 00:00:00,Converting ,Delta Pkg,Yes,Pre-Sterile ,6039,53933,,5,800,0,BOX,0,0,Grand Total,17.5,348,7168.8,4221.646116000001,,,005772 AMCOR PPG-30 PRT 4.0X4.75 SURESITE 15.5 IN MSC2304 ETA week of 5-Jan,,
3,Fri,2026-01-16 00:00:00,Converting ,Delta Pkg,Yes,Pre-Sterile ,6039,53933,,7,800,800,BOX,16480,9704.9336,Grand Total,,,0,0,,,,,
3,Sat,2026-01-17 00:00:00,Converting ,Delta Pkg,,,,,,,,,,0,0,Grand Total,,,0,0,,,,,
3,Sun,2026-01-18 00:00:00,Converting ,Delta Pkg,,,,,,,,,,0,0,Grand Total,,,0,0,,,,,
4,Mon,2026-01-19 00:00:00,Converting ,Delta Pkg,,,,,,,,,,0,0,Grand Total,,,0,0,,,,,
4,Tue,2026-01-20 00:00:00,Converting ,Delta Pkg,,,,,,,,,,0,0,Grand Total,,,0,0,,,,,
4,Wed,2026-01-21 00:00:00,Converting ,Delta Pkg,,,,,,,,,,0,0,Grand Total,,,0,0,,,,,
4,Thu,2026-01-22 00:00:00,Converting ,Delta Pkg,,,,,,,,,,0,0,Grand Total,,,0,0,,,,,
4,Fri,2026-01-23 00:00:00,Converting ,Delta Pkg,,,,,,,,,,0,0,Grand Total,,,0,0,,,,,
4,Sat,2026-01-24 00:00:00,Converting ,Delta Pkg,,,,,,,,,,0,0,Grand Total,,,0,0,,,,,
4,Sun,2026-01-25 00:00:00,Converting ,Delta Pkg,,,,,,,,,,0,0,Grand Total,,,0,0,,,,,
5,Mon,2026-01-26 00:00:00,Converting ,Delta Pkg,,,,,,,,,,0,0,Grand Total,,,0,0,,,,,
5,Tue,2026-01-27 00:00:00,Converting ,Delta Pkg,,,,,,,,,,0,0,Grand Total,,,0,0,,,,,
5,Wed,2026-01-28 00:00:00,Converting ,Delta Pkg,,,,,,,,,,0,0,Grand Total,,,0,0,,,,,
5,Thu,2026-01-29 00:00:00,Converting ,Delta Pkg,,,,,,,,,,0,0,Grand Total,,,0,0,,,,,
5,Fri,2026-01-30 00:00:00,Converting ,Delta Pkg,,,,,,,,,,0,0,Grand Total,,,0,0,,,,,
5,Sat,2026-01-31 00:00:00,Converting ,Delta Pkg,,,,,,,,,,0,0,Grand Total,,,0,0,,,,,
5,Sun,2026-02-01 00:00:00,Converting ,Delta Pkg,,,,,,,,,,0,0,Grand Total,,,0,0,,,,,
6,Mon,2026-02-02 00:00:00,Converting ,Delta Pkg,,,,,,,,,,0,0,Grand Total,,,0,0,,,,,
6,Tue,2026-02-03 00:00:00,Converting ,Delta Pkg,,,,,,,,,,0,0,Grand Total,,,0,0,,,,,
6,Wed,2026-02-04 00:00:00,Converting ,Delta Pkg,Yes,Pre-Sterile ,5045,53227,,7,27500,0,EA,0,0,Grand Total,,,0,0,,,,,
6,Thu,2026-02-05 00:00:00,Converting ,Delta Pkg,Yes,Pre-Sterile ,5045,53227,,7,27500,6300,EA,10269,3603.6944999999996,Grand Total,48,8500,13855,4862.1275,,,,,
6,Fri,2026-02-06 00:00:00,Converting ,Delta Pkg,Yes,Pre-Sterile ,5045,53227,,7,27500,6300,EA,10269,3603.6944999999996,Grand Total,45,3400,5542,1944.8509999999999,,,,,
6,Sat,2026-02-07 00:00:00,Converting ,Delta Pkg,,,,,,,,,,0,0,Grand Total,,,0,0,,,,,
6,Sun,2026-02-08 00:00:00,Converting ,Delta Pkg,,,,,,,,,,0,0,Grand Total,,,0,0,,,,,
7,Mon,2026-02-09 00:00:00,Converting ,Delta Pkg,Yes,Pre-Sterile ,5045,53227,,7,27500,6300,EA,10269,3603.6944999999996,Grand Total,,,0,0,,,,,
7,Tue,2026-02-10 00:00:00,Converting ,Delta Pkg,Yes,Pre-Sterile ,5045,53227,,7,27500,6300,EA,10269,3603.6944999999996,Grand Total,,,0,0,,,,,
7,Wed,2026-02-11 00:00:00,Converting ,Delta Pkg,Yes,Pre-Sterile ,5045,53227,,3,27500,2300,EA,3748.9999999999995,1315.6345,Grand Total,,,0,0,,,,,
7,Thu,2026-02-12 00:00:00,Converting ,Delta Pkg,Yes,Pre-Sterile ,6039,53933,,5,800,0,BOX,0,0,Grand Total,,,0,0,,,,,
7,Fri,2026-02-13 00:00:00,Converting ,Delta Pkg,Yes,Pre-Sterile ,6039,53933,,7,800,800,BOX,16480,9704.9336,Grand Total,54,708,14584.800000000001,8588.866236000002,,,,,
7,Sat,2026-02-14 00:00:00,Converting ,Delta Pkg,,,,,,,,,,0,0,Grand Total,,,0,0,,,,,
7,Sun,2026-02-15 00:00:00,Converting ,Delta Pkg,,,,,,,,,,0,0,Grand Total,,,0,0,,,,,
8,Mon,2026-02-16 00:00:00,Converting ,Delta Pkg,,,,,,,,,,0,0,Grand Total,,,0,0,,,,,
8,Tue,2026-02-17 00:00:00,Converting ,Delta Pkg,,,,PM,,,,,,0,0,Grand Total,,,0,0,,,,,
8,Wed,2026-02-18 00:00:00,Converting ,Delta Pkg,,,,,,,,,,0,0,Grand Total,,,0,0,,,,,
8,Thu,2026-02-19 00:00:00,Converting ,Delta Pkg,,,,,,,,,,0,0,Grand Total,,,0,0,,,,,
8,Fri,2026-02-20 00:00:00,Converting ,Delta Pkg,,,,,,,,,,0,0,Grand Total,,,0,0,,,,,
8,Sat,2026-02-21 00:00:00,Converting ,Delta Pkg,,,,,,,,,,0,0,Grand Total,,,0,0,,,,,
8,Sun,2026-02-22 00:00:00,Converting ,Delta Pkg,,,,,,,,,,0,0,Grand Total,,,0,0,,,,,
9,Mon,2026-02-23 00:00:00,Converting ,Delta Pkg,,,,,,,,,,0,0,Grand Total,,,0,0,,,,,
9,Tue,2026-02-24 00:00:00,Converting ,Delta Pkg,,,,,,,,,,0,0,Grand Total,,,0,0,,,,,
9,Wed,2026-02-25 00:00:00,Converting ,Delta Pkg,Yes,Pre-Sterile ,5045,53517,,7,26250,0,EA,0,0,Grand Total,,,0,0,,,,,
9,Thu,2026-02-26 00:00:00,Converting ,Delta Pkg,Yes,Pre-Sterile ,5045,53517,,14,26250,12600,EA,20538,7207.388999999999,Grand Total,,,0,0,,,,,
9,Fri,2026-02-27 00:00:00,Converting ,Delta Pkg,Yes,Pre-Sterile ,5045,53517,,14,26250,12600,EA,20538,7207.388999999999,Grand Total,,,0,0,,,,,
9,Sat,2026-02-28 00:00:00,Converting ,Delta Pkg,,,,,,,,,,0,0,Grand Total,,,0,0,,,,,
9,Sun,2026-03-01 00:00:00,Converting ,Delta Pkg,,,,,,,,,,0,0,Grand Total,,,0,0,,,,,
10,Mon,2026-03-02 00:00:00,Converting ,Delta Pkg,Yes,Pre-Sterile ,5045,53517,,2,26250,1050,EA,1711.5,600.6157499999999,Grand Total,,,0,0,,,,,
10,Mon,2026-03-02 00:00:00,Converting ,Delta Pkg,Yes,Pre-Sterile ,3752,54497,,5,440,0,CS,0,0,Grand Total,,,0,0,,,"RM 001137 2/17, 007665 2/27. Feb. Update, 2-Feb Technipaq: Will be ready to deliver by 12-Feb",,
10,Tue,2026-03-03 00:00:00,Converting ,Delta Pkg,Yes,Pre-Sterile ,3752,54497,,7,440,88,CS,13125.2,3180.7888640000006,Grand Total,,,0,0,,,,,
10,Wed,2026-03-04 00:00:00,Converting ,Delta Pkg,Yes,Pre-Sterile ,3752,54497,,7,440,88,CS,13125.2,3180.7888640000006,Grand Total,,,0,0,,,,,
10,Thu,2026-03-05 00:00:00,Converting ,Delta Pkg,Yes,Pre-Sterile ,3752,54497,,7,440,88,CS,13125.2,3180.7888640000006,Grand Total,,,0,0,,,,,
10,Fri,2026-03-06 00:00:00,Converting ,Delta Pkg,Yes,Pre-Sterile ,3752,54497,,7,440,88,CS,13125.2,3180.7888640000006,Grand Total,,,0,0,,,,,
10,Sat,2026-03-07 00:00:00,Converting ,Delta Pkg,,,,,,,,,,0,0,Grand Total,,,0,0,,,,,
10,Sun,2026-03-08 00:00:00,Converting ,Delta Pkg,,,,,,,,,,0,0,Grand Total,,,0,0,,,,,
11,Mon,2026-03-09 00:00:00,Converting ,Delta Pkg,Yes,Pre-Sterile ,3752,54497,,7,440,88,CS,13125.2,3180.7888640000006,Grand Total,,,0,0,,,,,
11,Tue,2026-03-10 00:00:00,Converting ,Delta Pkg,,,,,,,,,,0,0,Grand Total,,,0,0,,,,,
11,Wed,2026-03-11 00:00:00,Converting ,Delta Pkg,,,,,,,,,,0,0,Grand Total,,,0,0,,,,,
11,Thu,2026-03-12 00:00:00,Converting ,Delta Pkg,,,,,,,,,,0,0,Grand Total,,,0,0,,,,,
11,Fri,2026-03-13 00:00:00,Converting ,Delta Pkg,Yes,Pre-Sterile ,6039,54528,,5,1180,0,BOX,0,0,Grand Total,,,0,0,No ,Material not available,"005925 1/26, 005772 2/9",,
11,Sat,2026-03-14 00:00:00,Converting ,Delta Pkg,,,,,,,,,,0,0,Grand Total,,,0,0,,,,,
11,Sun,2026-03-15 00:00:00,Converting ,Delta Pkg,,,,,,,,,,0,0,Grand Total,,,0,0,,,,,
12,Mon,2026-03-16 00:00:00,Converting ,Delta Pkg,Yes,Pre-Sterile ,6039,54528,,7,1180,840,BOX,17304,10190.18028,Grand Total,,,0,0,No ,,,,
12,Tue,2026-03-17 00:00:00,Converting ,Delta Pkg,Yes,Pre-Sterile ,6039,54528,,3,1180,340,BOX,7004.000000000001,4124.596780000001,Grand Total,,,0,0,No ,,,,
12,Wed,2026-03-18 00:00:00,Converting ,Delta Pkg,,,,,,,,,,0,0,Grand Total,,,0,0,,,,,
12,Thu,2026-03-19 00:00:00,Converting ,Delta Pkg,,,,,,,,,,0,0,Grand Total,,,0,0,,,,,
12,Fri,2026-03-20 00:00:00,Converting ,Delta Pkg,,,,,,,,,,0,0,Grand Total,,,0,0,,,,,
12,Sat,2026-03-21 00:00:00,Converting ,Delta Pkg,,,,,,,,,,0,0,Grand Total,,,0,0,,,,,
12,Sun,2026-03-22 00:00:00,Converting ,Delta Pkg,,,,,,,,,,0,0,Grand Total,,,0,0,,,,,
13,Mon,2026-03-23 00:00:00,Converting ,Delta Pkg,,,,,,,,,,0,0,Grand Total,,,0,0,,,,,
13,Tue,2026-03-24 00:00:00,Converting ,Delta Pkg,,,,,,,,,,0,0,Grand Total,,,0,0,,,,,
13,Wed,2026-03-25 00:00:00,Converting ,Delta Pkg,,,,,,,,,,0,0,Grand Total,,,0,0,,,,,
13,Thu,2026-03-26 00:00:00,Converting ,Delta Pkg,,,,,,,,,,0,0,Grand Total,,,0,0,,,,,
13,Fri,2026-03-27 00:00:00,Converting ,Delta Pkg,,,,,,,,,,0,0,Grand Total,,,0,0,,,,,
13,Sat,2026-03-28 00:00:00,Converting ,Delta Pkg,,,,,,,,,,0,0,Grand Total,,,0,0,,,,,
13,Sun,2026-03-29 00:00:00,Converting ,Delta Pkg,,,,,,,,,,0,0,Grand Total,,,0,0,,,,,
14,Mon,2026-03-30 00:00:00,Converting ,Delta Pkg,,,,,,,,,,0,0,Grand Total,,,0,0,,,,,
14,Tue,2026-03-31 00:00:00,Converting ,Delta Pkg,,,,,,,,,,0,0,Grand Total,,,0,0,,,,,
14,Wed,2026-04-01 00:00:00,Converting ,Delta Pkg,,,,,,,,,,0,0,Grand Total,,,0,0,,,,,
14,Thu,2026-04-02 00:00:00,Converting ,Delta Pkg,,,,,,,,,,0,0,Grand Total,,,0,0,,,,,
14,Fri,2026-04-03 00:00:00,Converting ,Delta Pkg,,,,,,,,,,0,0,Grand Total,,,0,0,,,,,
14,Sat,2026-04-04 00:00:00,Converting ,Delta Pkg,,,,,,,,,,0,0,Grand Total,,,0,0,,,,,
14,Sun,2026-04-05 00:00:00,Converting ,Delta Pkg,,,,,,,,,,0,0,Grand Total,,,0,0,,,,,
15,Mon,2026-04-06 00:00:00,Converting ,Delta Pkg,,,,,,,,,,0,0,Grand Total,,,0,0,,,,,
15,Tue,2026-04-07 00:00:00,Converting ,Delta Pkg,,,,,,,,,,0,0,Grand Total,,,0,0,,,,,
15,Wed,2026-04-08 00:00:00,Converting ,Delta Pkg,,,,,,,,,,0,0,Grand Total,,,0,0,,,,,
15,Thu,2026-04-09 00:00:00,Converting ,Delta Pkg,,,,,,,,,,0,0,Grand Total,,,0,0,,,,,
15,Fri,2026-04-10 00:00:00,Converting ,Delta Pkg,,,,,,,,,,0,0,Grand Total,,,0,0,,,,,
15,Sat,2026-04-11 00:00:00,Converting ,Delta Pkg,,,,,,,,,,0,0,Grand Total,,,0,0,,,,,
15,Sun,2026-04-12 00:00:00,Converting ,Delta Pkg,,,,,,,,,,0,0,Grand Total,,,0,0,,,,,
16,Mon,2026-04-13 00:00:00,Converting ,Delta Pkg,,,,,,,,,,0,0,Grand Total,,,0,0,,,,,
16,Tue,2026-04-14 00:00:00,Converting ,Delta Pkg,,,,,,,,,,0,0,Grand Total,,,0,0,,,,,
16,Wed,2026-04-15 00:00:00,Converting ,Delta Pkg,,,,,,,,,,0,0,Grand Total,,,0,0,,,,,
16,Thu,2026-04-16 00:00:00,Converting ,Delta Pkg,,,,,,,,,,0,0,Grand Total,,,0,0,,,,,
16,Fri,2026-04-17 00:00:00,Converting ,Delta Pkg,,,,,,,,,,0,0,Grand Total,,,0,0,,,,,
16,Sat,2026-04-18 00:00:00,Converting ,Delta Pkg,,,,,,,,,,0,0,Grand Total,,,0,0,,,,,
16,Sun,2026-04-19 00:00:00,Converting ,Delta Pkg,,,,,,,,,,0,0,Grand Total,,,0,0,,,,,
17,Mon,2026-04-20 00:00:00,Converting ,Delta Pkg,,,,,,,,,,0,0,Grand Total,,,0,0,,,,,
17,Tue,2026-04-21 00:00:00,Converting ,Delta Pkg,,,,,,,,,,0,0,Grand Total,,,0,0,,,,,
17,Wed,2026-04-22 00:00:00,Converting ,Delta Pkg,,,,,,,,,,0,0,Grand Total,,,0,0,,,,,
17,Thu,2026-04-23 00:00:00,Converting ,Delta Pkg,,,,,,,,,,0,0,Grand Total,,,0,0,,,,,
17,Fri,2026-04-24 00:00:00,Converting ,Delta Pkg,,,,,,,,,,0,0,Grand Total,,,0,0,,,,,
17,Sat,2026-04-25 00:00:00,Converting ,Delta Pkg,,,,,,,,,,0,0,Grand Total,,,0,0,,,,,
17,Sun,2026-04-26 00:00:00,Converting ,Delta Pkg,,,,,,,,,,0,0,Grand Total,,,0,0,,,,,
18,Mon,2026-04-27 00:00:00,Converting ,Delta Pkg,,,,,,,,,,0,0,Grand Total,,,0,0,,,,,
18,Tue,2026-04-28 00:00:00,Converting ,Delta Pkg,,,,,,,,,,0,0,Grand Total,,,0,0,,,,,
18,Wed,2026-04-29 00:00:00,Converting ,Delta Pkg,,,,,,,,,,0,0,Grand Total,,,0,0,,,,,
18,Thu,2026-04-30 00:00:00,Converting ,Delta Pkg,,,,,,,,,,0,0,Grand Total,,,0,0,,,,,
18,Fri,2026-05-01 00:00:00,Converting ,Delta Pkg,,,,,,,,,,0,0,Grand Total,,,0,0,,,,,
18,Sat,2026-05-02 00:00:00,Converting ,Delta Pkg,,,,,,,,,,0,0,Grand Total,,,0,0,,,,,
18,Sun,2026-05-03 00:00:00,Converting ,Delta Pkg,,,,,,,,,,0,0,Grand Total,,,0,0,,,,,
19,Mon,2026-05-04 00:00:00,Converting ,Delta Pkg,,,,,,,,,,0,0,Grand Total,,,0,0,,,,,
19,Tue,2026-05-05 00:00:00,Converting ,Delta Pkg,,,,,,,,,,0,0,Grand Total,,,0,0,,,,,
19,Wed,2026-05-06 00:00:00,Converting ,Delta Pkg,,,,,,,,,,0,0,Grand Total,,,0,0,,,,,
19,Thu,2026-05-07 00:00:00,Converting ,Delta Pkg,,,,,,,,,,0,0,Grand Total,,,0,0,,,,,
19,Fri,2026-05-08 00:00:00,Converting ,Delta Pkg,,,,,,,,,,0,0,Grand Total,,,0,0,,,,,
19,Sat,2026-05-09 00:00:00,Converting ,Delta Pkg,,,,,,,,,,0,0,Grand Total,,,0,0,,,,,
19,Sun,2026-05-10 00:00:00,Converting ,Delta Pkg,,,,,,,,,,0,0,Grand Total,,,0,0,,,,,
20,Mon,2026-05-11 00:00:00,Converting ,Delta Pkg,,,,,,,,,,0,0,Grand Total,,,0,0,,,,,
20,Tue,2026-05-12 00:00:00,Converting ,Delta Pkg,,,,,,,,,,0,0,Grand Total,,,0,0,,,,,
20,Wed,2026-05-13 00:00:00,Converting ,Delta Pkg,,,,,,,,,,0,0,Grand Total,,,0,0,,,,,
20,Thu,2026-05-14 00:00:00,Converting ,Delta Pkg,,,,,,,,,,0,0,Grand Total,,,0,0,,,,,
20,Fri,2026-05-15 00:00:00,Converting ,Delta Pkg,,,,,,,,,,0,0,Grand Total,,,0,0,,,,,
20,Sat,2026-05-16 00:00:00,Converting ,Delta Pkg,,,,,,,,,,0,0,Grand Total,,,0,0,,,,,
20,Sun,2026-05-17 00:00:00,Converting ,Delta Pkg,,,,,,,,,,0,0,Grand Total,,,0,0,,,,,
21,Mon,2026-05-18 00:00:00,Converting ,Delta Pkg,,,,,,,,,,0,0,Grand Total,,,0,0,,,,,
21,Tue,2026-05-19 00:00:00,Converting ,Delta Pkg,,,,,,,,,,0,0,Grand Total,,,0,0,,,,,
21,Wed,2026-05-20 00:00:00,Converting ,Delta Pkg,,,,,,,,,,0,0,Grand Total,,,0,0,,,,,
21,Thu,2026-05-21 00:00:00,Converting ,Delta Pkg,,,,,,,,,,0,0,Grand Total,,,0,0,,,,,
21,Fri,2026-05-22 00:00:00,Converting ,Delta Pkg,,,,,,,,,,0,0,Grand Total,,,0,0,,,,,
21,Sat,2026-05-23 00:00:00,Converting ,Delta Pkg,,,,,,,,,,0,0,Grand Total,,,0,0,,,,,
21,Sun,2026-05-24 00:00:00,Converting ,Delta Pkg,,,,,,,,,,0,0,Grand Total,,,0,0,,,,,
22,Mon,2026-05-25 00:00:00,Converting ,Delta Pkg,,,,,,,,,,0,0,Grand Total,,,0,0,,,,,
22,Tue,2026-05-26 00:00:00,Converting ,Delta Pkg,,,,,,,,,,0,0,Grand Total,,,0,0,,,,,
22,Wed,2026-05-27 00:00:00,Converting ,Delta Pkg,,,,,,,,,,0,0,Grand Total,,,0,0,,,,,
22,Thu,2026-05-28 00:00:00,Converting ,Delta Pkg,,,,,,,,,,0,0,Grand Total,,,0,0,,,,,
22,Fri,2026-05-29 00:00:00,Converting ,Delta Pkg,,,,,,,,,,0,0,Grand Total,,,0,0,,,,,
22,Sat,2026-05-30 00:00:00,Converting ,Delta Pkg,,,,,,,,,,0,0,Grand Total,,,0,0,,,,,
22,Sun,2026-05-31 00:00:00,Converting ,Delta Pkg,,,,,,,,,,0,0,Grand Total,,,0,0,,,,,
23,Mon,2026-06-01 00:00:00,Converting ,Delta Pkg,,,,,,,,,,0,0,Grand Total,,,0,0,,,,,
23,Tue,2026-06-02 00:00:00,Converting ,Delta Pkg,,,,,,,,,,0,0,Grand Total,,,0,0,,,,,
23,Wed,2026-06-03 00:00:00,Converting ,Delta Pkg,,,,,,,,,,0,0,Grand Total,,,0,0,,,,,
23,Thu,2026-06-04 00:00:00,Converting ,Delta Pkg,,,,,,,,,,0,0,Grand Total,,,0,0,,,,,
23,Fri,2026-06-05 00:00:00,Converting ,Delta Pkg,,,,,,,,,,0,0,Grand Total,,,0,0,,,,,
23,Sat,2026-06-06 00:00:00,Converting ,Delta Pkg,,,,,,,,,,0,0,Grand Total,,,0,0,,,,,
23,Sun,2026-06-07 00:00:00,Converting ,Delta Pkg,,,,,,,,,,0,0,Grand Total,,,0,0,,,,,
24,Mon,2026-06-08 00:00:00,Converting ,Delta Pkg,,,,,,,,,,0,0,Grand Total,,,0,0,,,,,
24,Tue,2026-06-09 00:00:00,Converting ,Delta Pkg,,,,,,,,,,0,0,Grand Total,,,0,0,,,,,
24,Wed,2026-06-10 00:00:00,Converting ,Delta Pkg,,,,,,,,,,0,0,Grand Total,,,0,0,,,,,
24,Thu,2026-06-11 00:00:00,Converting ,Delta Pkg,,,,,,,,,,0,0,Grand Total,,,0,0,,,,,
24,Fri,2026-06-12 00:00:00,Converting ,Delta Pkg,,,,,,,,,,0,0,Grand Total,,,0,0,,,,,
24,Sat,2026-06-13 00:00:00,Converting ,Delta Pkg,,,,,,,,,,0,0,Grand Total,,,0,0,,,,,
24,Sun,2026-06-14 00:00:00,Converting ,Delta Pkg,,,,,,,,,,0,0,Grand Total,,,0,0,,,,,
25,Mon,2026-06-15 00:00:00,Converting ,Delta Pkg,,,,,,,,,,0,0,Grand Total,,,0,0,,,,,
25,Tue,2026-06-16 00:00:00,Converting ,Delta Pkg,,,,,,,,,,0,0,Grand Total,,,0,0,,,,,
25,Wed,2026-06-17 00:00:00,Converting ,Delta Pkg,,,,,,,,,,0,0,Grand Total,,,0,0,,,,,
25,Thu,2026-06-18 00:00:00,Converting ,Delta Pkg,,,,,,,,,,0,0,Grand Total,,,0,0,,,,,
25,Fri,2026-06-19 00:00:00,Converting ,Delta Pkg,,,,,,,,,,0,0,Grand Total,,,0,0,,,,,
25,Sat,2026-06-20 00:00:00,Converting ,Delta Pkg,,,,,,,,,,0,0,Grand Total,,,0,0,,,,,
25,Sun,2026-06-21 00:00:00,Converting ,Delta Pkg,,,,,,,,,,0,0,Grand Total,,,0,0,,,,,
26,Mon,2026-06-22 00:00:00,Converting ,Delta Pkg,,,,,,,,,,0,0,Grand Total,,,0,0,,,,,
26,Tue,2026-06-23 00:00:00,Converting ,Delta Pkg,,,,,,,,,,0,0,Grand Total,,,0,0,,,,,
26,Wed,2026-06-24 00:00:00,Converting ,Delta Pkg,,,,,,,,,,0,0,Grand Total,,,0,0,,,,,
26,Thu,2026-06-25 00:00:00,Converting ,Delta Pkg,,,,,,,,,,0,0,Grand Total,,,0,0,,,,,
26,Fri,2026-06-26 00:00:00,Converting ,Delta Pkg,,,,,,,,,,0,0,Grand Total,,,0,0,,,,,
26,Sat,2026-06-27 00:00:00,Converting ,Delta Pkg,,,,,,,,,,0,0,Grand Total,,,0,0,,,,,
26,Sun,2026-06-28 00:00:00,Converting ,Delta Pkg,,,,,,,,,,0,0,Grand Total,,,0,0,,,,,
27,Mon,2026-06-29 00:00:00,Converting ,Delta Pkg,,,,,,,,,,0,0,Grand Total,,,0,0,,,,,
27,Tue,2026-06-30 00:00:00,Converting ,Delta Pkg,,,,,,,,,,0,0,Grand Total,,,0,0,,,,,
27,Wed,2026-07-01 00:00:00,Converting ,Delta Pkg,,,,,,,,,,0,0,Grand Total,,,0,0,,,,,
27,Thu,2026-07-02 00:00:00,Converting ,Delta Pkg,,,,,,,,,,0,0,Grand Total,,,0,0,,,,,
27,Fri,2026-07-03 00:00:00,Converting ,Delta Pkg,,,,,,,,,,0,0,Grand Total,,,0,0,,,,,
27,Sat,2026-07-04 00:00:00,Converting ,Delta Pkg,,,,,,,,,,0,0,Grand Total,,,0,0,,,,,
27,Sun,2026-07-05 00:00:00,Converting ,Delta Pkg,,,,,,,,,,0,0,Grand Total,,,0,0,,,,,
28,Mon,2026-07-06 00:00:00,Converting ,Delta Pkg,,,,,,,,,,0,0,Grand Total,,,0,0,,,,,
28,Tue,2026-07-07 00:00:00,Converting ,Delta Pkg,,,,,,,,,,0,0,Grand Total,,,0,0,,,,,
28,Wed,2026-07-08 00:00:00,Converting ,Delta Pkg,,,,,,,,,,0,0,Grand Total,,,0,0,,,,,
28,Thu,2026-07-09 00:00:00,Converting ,Delta Pkg,,,,,,,,,,0,0,Grand Total,,,0,0,,,,,
28,Fri,2026-07-10 00:00:00,Converting ,Delta Pkg,,,,,,,,,,0,0,Grand Total,,,0,0,,,,,
28,Sat,2026-07-11 00:00:00,Converting ,Delta Pkg,,,,,,,,,,0,0,Grand Total,,,0,0,,,,,
28,Sun,2026-07-12 00:00:00,Converting ,Delta Pkg,,,,,,,,,,0,0,Grand Total,,,0,0,,,,,
29,Mon,2026-07-13 00:00:00,Converting ,Delta Pkg,,,,,,,,,,0,0,Grand Total,,,0,0,,,,,
29,Tue,2026-07-14 00:00:00,Converting ,Delta Pkg,,,,,,,,,,0,0,Grand Total,,,0,0,,,,,
29,Wed,2026-07-15 00:00:00,Converting ,Delta Pkg,,,,,,,,,,0,0,Grand Total,,,0,0,,,,,
29,Thu,2026-07-16 00:00:00,Converting ,Delta Pkg,,,,,,,,,,0,0,Grand Total,,,0,0,,,,,
29,Fri,2026-07-17 00:00:00,Converting ,Delta Pkg,,,,,,,,,,0,0,Grand Total,,,0,0,,,,,
29,Sat,2026-07-18 00:00:00,Converting ,Delta Pkg,,,,,,,,,,0,0,Grand Total,,,0,0,,,,,
29,Sun,2026-07-19 00:00:00,Converting ,Delta Pkg,,,,,,,,,,0,0,Grand Total,,,0,0,,,,,
30,Mon,2026-07-20 00:00:00,Converting ,Delta Pkg,,,,,,,,,,0,0,Grand Total,,,0,0,,,,,
30,Tue,2026-07-21 00:00:00,Converting ,Delta Pkg,,,,,,,,,,0,0,Grand Total,,,0,0,,,,,
30,Wed,2026-07-22 00:00:00,Converting ,Delta Pkg,,,,,,,,,,0,0,Grand Total,,,0,0,,,,,
30,Thu,2026-07-23 00:00:00,Converting ,Delta Pkg,,,,,,,,,,0,0,Grand Total,,,0,0,,,,,
30,Fri,2026-07-24 00:00:00,Converting ,Delta Pkg,,,,,,,,,,0,0,Grand Total,,,0,0,,,,,
30,Sat,2026-07-25 00:00:00,Converting ,Delta Pkg,,,,,,,,,,0,0,Grand Total,,,0,0,,,,,
30,Sun,2026-07-26 00:00:00,Converting ,Delta Pkg,,,,,,,,,,0,0,Grand Total,,,0,0,,,,,
31,Mon,2026-07-27 00:00:00,Converting ,Delta Pkg,,,,,,,,,,0,0,Grand Total,,,0,0,,,,,
31,Tue,2026-07-28 00:00:00,Converting ,Delta Pkg,,,,,,,,,,0,0,Grand Total,,,0,0,,,,,
31,Wed,2026-07-29 00:00:00,Converting ,Delta Pkg,,,,,,,,,,0,0,Grand Total,,,0,0,,,,,
31,Thu,2026-07-30 00:00:00,Converting ,Delta Pkg,,,,,,,,,,0,0,Grand Total,,,0,0,,,,,
31,Fri,2026-07-31 00:00:00,Converting ,Delta Pkg,,,,,,,,,,0,0,Grand Total,,,0,0,,,,,
31,Sat,2026-08-01 00:00:00,Converting ,Delta Pkg,,,,,,,,,,0,0,Grand Total,,,0,0,,,,,
31,Sun,2026-08-02 00:00:00,Converting ,Delta Pkg,,,,,,,,,,0,0,Grand Total,,,0,0,,,,,
32,Mon,2026-08-03 00:00:00,Converting ,Delta Pkg,,,,,,,,,,0,0,Grand Total,,,0,0,,,,,
32,Tue,2026-08-04 00:00:00,Converting ,Delta Pkg,,,,,,,,,,0,0,Grand Total,,,0,0,,,,,
32,Wed,2026-08-05 00:00:00,Converting ,Delta Pkg,,,,,,,,,,0,0,Grand Total,,,0,0,,,,,
32,Thu,2026-08-06 00:00:00,Converting ,Delta Pkg,,,,,,,,,,0,0,Grand Total,,,0,0,,,,,
32,Fri,2026-08-07 00:00:00,Converting ,Delta Pkg,,,,,,,,,,0,0,Grand Total,,,0,0,,,,,
32,Sat,2026-08-08 00:00:00,Converting ,Delta Pkg,,,,,,,,,,0,0,Grand Total,,,0,0,,,,,
32,Sun,2026-08-09 00:00:00,Converting ,Delta Pkg,,,,,,,,,,0,0,Grand Total,,,0,0,,,,,
33,Mon,2026-08-10 00:00:00,Converting ,Delta Pkg,,,,,,,,,,0,0,Grand Total,,,0,0,,,,,
33,Tue,2026-08-11 00:00:00,Converting ,Delta Pkg,,,,,,,,,,0,0,Grand Total,,,0,0,,,,,
33,Wed,2026-08-12 00:00:00,Converting ,Delta Pkg,,,,,,,,,,0,0,Grand Total,,,0,0,,,,,
33,Thu,2026-08-13 00:00:00,Converting ,Delta Pkg,,,,,,,,,,0,0,Grand Total,,,0,0,,,,,
33,Fri,2026-08-14 00:00:00,Converting ,Delta Pkg,,,,,,,,,,0,0,Grand Total,,,0,0,,,,,
33,Sat,2026-08-15 00:00:00,Converting ,Delta Pkg,,,,,,,,,,0,0,Grand Total,,,0,0,,,,,
33,Sun,2026-08-16 00:00:00,Converting ,Delta Pkg,,,,,,,,,,0,0,Grand Total,,,0,0,,,,,
34,Mon,2026-08-17 00:00:00,Converting ,Delta Pkg,,,,,,,,,,0,0,Grand Total,,,0,0,,,,,
34,Tue,2026-08-18 00:00:00,Converting ,Delta Pkg,,,,,,,,,,0,0,Grand Total,,,0,0,,,,,
34,Wed,2026-08-19 00:00:00,Converting ,Delta Pkg,,,,,,,,,,0,0,Grand Total,,,0,0,,,,,
34,Thu,2026-08-20 00:00:00,Converting ,Delta Pkg,,,,,,,,,,0,0,Grand Total,,,0,0,,,,,
34,Fri,2026-08-21 00:00:00,Converting ,Delta Pkg,,,,,,,,,,0,0,Grand Total,,,0,0,,,,,
34,Sat,2026-08-22 00:00:00,Converting ,Delta Pkg,,,,,,,,,,0,0,Grand Total,,,0,0,,,,,
34,Sun,2026-08-23 00:00:00,Converting ,Delta Pkg,,,,,,,,,,0,0,Grand Total,,,0,0,,,,,
35,Mon,2026-08-24 00:00:00,Converting ,Delta Pkg,,,,,,,,,,0,0,Grand Total,,,0,0,,,,,
35,Tue,2026-08-25 00:00:00,Converting ,Delta Pkg,,,,,,,,,,0,0,Grand Total,,,0,0,,,,,
35,Wed,2026-08-26 00:00:00,Converting ,Delta Pkg,,,,,,,,,,0,0,Grand Total,,,0,0,,,,,
35,Thu,2026-08-27 00:00:00,Converting ,Delta Pkg,,,,,,,,,,0,0,Grand Total,,,0,0,,,,,
35,Fri,2026-08-28 00:00:00,Converting ,Delta Pkg,,,,,,,,,,0,0,Grand Total,,,0,0,,,,,
35,Sat,2026-08-29 00:00:00,Converting ,Delta Pkg,,,,,,,,,,0,0,Grand Total,,,0,0,,,,,
35,Sun,2026-08-30 00:00:00,Converting ,Delta Pkg,,,,,,,,,,0,0,Grand Total,,,0,0,,,,,
36,Mon,2026-08-31 00:00:00,Converting ,Delta Pkg,,,,,,,,,,0,0,Grand Total,,,0,0,,,,,
36,Tue,2026-09-01 00:00:00,Converting ,Delta Pkg,,,,,,,,,,0,0,Grand Total,,,0,0,,,,,
36,Wed,2026-09-02 00:00:00,Converting ,Delta Pkg,,,,,,,,,,0,0,Grand Total,,,0,0,,,,,
36,Thu,2026-09-03 00:00:00,Converting ,Delta Pkg,,,,,,,,,,0,0,Grand Total,,,0,0,,,,,
36,Fri,2026-09-04 00:00:00,Converting ,Delta Pkg,,,,,,,,,,0,0,Grand Total,,,0,0,,,,,
36,Sat,2026-09-05 00:00:00,Converting ,Delta Pkg,,,,,,,,,,0,0,Grand Total,,,0,0,,,,,
36,Sun,2026-09-06 00:00:00,Converting ,Delta Pkg,,,,,,,,,,0,0,Grand Total,,,0,0,,,,,
37,Mon,2026-09-07 00:00:00,Converting ,Delta Pkg,,,,,,,,,,0,0,Grand Total,,,0,0,,,,,
37,Tue,2026-09-08 00:00:00,Converting ,Delta Pkg,,,,,,,,,,0,0,Grand Total,,,0,0,,,,,
37,Wed,2026-09-09 00:00:00,Converting ,Delta Pkg,,,,,,,,,,0,0,Grand Total,,,0,0,,,,,
37,Thu,2026-09-10 00:00:00,Converting ,Delta Pkg,,,,,,,,,,0,0,Grand Total,,,0,0,,,,,
37,Fri,2026-09-11 00:00:00,Converting ,Delta Pkg,,,,,,,,,,0,0,Grand Total,,,0,0,,,,,
37,Sat,2026-09-12 00:00:00,Converting ,Delta Pkg,,,,,,,,,,0,0,Grand Total,,,0,0,,,,,
37,Sun,2026-09-13 00:00:00,Converting ,Delta Pkg,,,,,,,,,,0,0,Grand Total,,,0,0,,,,,
38,Mon,2026-09-14 00:00:00,Converting ,Delta Pkg,,,,,,,,,,0,0,Grand Total,,,0,0,,,,,
38,Tue,2026-09-15 00:00:00,Converting ,Delta Pkg,,,,,,,,,,0,0,Grand Total,,,0,0,,,,,
38,Wed,2026-09-16 00:00:00,Converting ,Delta Pkg,,,,,,,,,,0,0,Grand Total,,,0,0,,,,,
38,Thu,2026-09-17 00:00:00,Converting ,Delta Pkg,,,,,,,,,,0,0,Grand Total,,,0,0,,,,,
38,Fri,2026-09-18 00:00:00,Converting ,Delta Pkg,,,,,,,,,,0,0,Grand Total,,,0,0,,,,,
38,Sat,2026-09-19 00:00:00,Converting ,Delta Pkg,,,,,,,,,,0,0,Grand Total,,,0,0,,,,,
38,Sun,2026-09-20 00:00:00,Converting ,Delta Pkg,,,,,,,,,,0,0,Grand Total,,,0,0,,,,,
39,Mon,2026-09-21 00:00:00,Converting ,Delta Pkg,,,,,,,,,,0,0,Grand Total,,,0,0,,,,,
39,Tue,2026-09-22 00:00:00,Converting ,Delta Pkg,,,,,,,,,,0,0,Grand Total,,,0,0,,,,,
39,Thu,2026-09-24 00:00:00,Converting ,Delta Pkg,,,,,,,,,,0,0,Grand Total,,,0,0,,,,,
39,Fri,2026-09-25 00:00:00,Converting ,Delta Pkg,,,,,,,,,,0,0,Grand Total,,,0,0,,,,,
39,Sat,2026-09-26 00:00:00,Converting ,Delta Pkg,,,,,,,,,,0,0,Grand Total,,,0,0,,,,,
39,Sun,2026-09-27 00:00:00,Converting ,Delta Pkg,,,,,,,,,,0,0,Grand Total,,,0,0,,,,,
40,Mon,2026-09-28 00:00:00,Converting ,Delta Pkg,,,,,,,,,,0,0,Grand Total,,,0,0,,,,,
40,Tue,2026-09-29 00:00:00,Converting ,Delta Pkg,,,,,,,,,,0,0,Grand Total,,,0,0,,,,,
40,Wed,2026-09-30 00:00:00,Converting ,Delta Pkg,,,,,,,,,,0,0,Grand Total,,,0,0,,,,,
40,Thu,2026-10-01 00:00:00,Converting ,Delta Pkg,,,,,,,,,,0,0,Grand Total,,,0,0,,,,,
40,Fri,2026-10-02 00:00:00,Converting ,Delta Pkg,,,,,,,,,,0,0,Grand Total,,,0,0,,,,,
40,Sat,2026-10-03 00:00:00,Converting ,Delta Pkg,,,,,,,,,,0,0,Grand Total,,,0,0,,,,,
40,Sun,2026-10-04 00:00:00,Converting ,Delta Pkg,,,,,,,,,,0,0,Grand Total,,,0,0,,,,,
41,Mon,2026-10-05 00:00:00,Converting ,Delta Pkg,,,,,,,,,,0,0,Grand Total,,,0,0,,,,,
41,Tue,2026-10-06 00:00:00,Converting ,Delta Pkg,,,,,,,,,,0,0,Grand Total,,,0,0,,,,,
41,Wed,2026-10-07 00:00:00,Converting ,Delta Pkg,,,,,,,,,,0,0,Grand Total,,,0,0,,,,,
41,Thu,2026-10-08 00:00:00,Converting ,Delta Pkg,,,,,,,,,,0,0,Grand Total,,,0,0,,,,,
41,Fri,2026-10-09 00:00:00,Converting ,Delta Pkg,,,,,,,,,,0,0,Grand Total,,,0,0,,,,,
41,Sat,2026-10-10 00:00:00,Converting ,Delta Pkg,,,,,,,,,,0,0,Grand Total,,,0,0,,,,,
41,Sun,2026-10-11 00:00:00,Converting ,Delta Pkg,,,,,,,,,,0,0,Grand Total,,,0,0,,,,,
42,Mon,2026-10-12 00:00:00,Converting ,Delta Pkg,,,,,,,,,,0,0,Grand Total,,,0,0,,,,,
42,Tue,2026-10-13 00:00:00,Converting ,Delta Pkg,,,,,,,,,,0,0,Grand Total,,,0,0,,,,,
42,Wed,2026-10-14 00:00:00,Converting ,Delta Pkg,,,,,,,,,,0,0,Grand Total,,,0,0,,,,,
42,Thu,2026-10-15 00:00:00,Converting ,Delta Pkg,,,,,,,,,,0,0,Grand Total,,,0,0,,,,,
42,Fri,2026-10-16 00:00:00,Converting ,Delta Pkg,,,,,,,,,,0,0,Grand Total,,,0,0,,,,,
42,Sat,2026-10-17 00:00:00,Converting ,Delta Pkg,,,,,,,,,,0,0,Grand Total,,,0,0,,,,,
42,Sun,2026-10-18 00:00:00,Converting ,Delta Pkg,,,,,,,,,,0,0,Grand Total,,,0,0,,,,,
43,Mon,2026-10-19 00:00:00,Converting ,Delta Pkg,,,,,,,,,,0,0,Grand Total,,,0,0,,,,,
43,Tue,2026-10-20 00:00:00,Converting ,Delta Pkg,,,,,,,,,,0,0,Grand Total,,,0,0,,,,,
43,Wed,2026-10-21 00:00:00,Converting ,Delta Pkg,,,,,,,,,,0,0,Grand Total,,,0,0,,,,,
43,Thu,2026-10-22 00:00:00,Converting ,Delta Pkg,,,,,,,,,,0,0,Grand Total,,,0,0,,,,,
43,Fri,2026-10-23 00:00:00,Converting ,Delta Pkg,,,,,,,,,,0,0,Grand Total,,,0,0,,,,,
43,Sat,2026-10-24 00:00:00,Converting ,Delta Pkg,,,,,,,,,,0,0,Grand Total,,,0,0,,,,,
43,Sun,2026-10-25 00:00:00,Converting ,Delta Pkg,,,,,,,,,,0,0,Grand Total,,,0,0,,,,,
44,Mon,2026-10-26 00:00:00,Converting ,Delta Pkg,,,,,,,,,,0,0,Grand Total,,,0,0,,,,,
44,Tue,2026-10-27 00:00:00,Converting ,Delta Pkg,,,,,,,,,,0,0,Grand Total,,,0,0,,,,,
44,Wed,2026-10-28 00:00:00,Converting ,Delta Pkg,,,,,,,,,,0,0,Grand Total,,,0,0,,,,,
44,Thu,2026-10-29 00:00:00,Converting ,Delta Pkg,,,,,,,,,,0,0,Grand Total,,,0,0,,,,,
44,Fri,2026-10-30 00:00:00,Converting ,Delta Pkg,,,,,,,,,,0,0,Grand Total,,,0,0,,,,,
44,Sat,2026-10-31 00:00:00,Converting ,Delta Pkg,,,,,,,,,,0,0,Grand Total,,,0,0,,,,,
44,Sun,2026-11-01 00:00:00,Converting ,Delta Pkg,,,,,,,,,,0,0,Grand Total,,,0,0,,,,,
45,Mon,2026-11-02 00:00:00,Converting ,Delta Pkg,,,,,,,,,,0,0,Grand Total,,,0,0,,,,,
45,Tue,2026-11-03 00:00:00,Converting ,Delta Pkg,,,,,,,,,,0,0,Grand Total,,,0,0,,,,,
45,Wed,2026-11-04 00:00:00,Converting ,Delta Pkg,,,,,,,,,,0,0,Grand Total,,,0,0,,,,,
45,Thu,2026-11-05 00:00:00,Converting ,Delta Pkg,,,,,,,,,,0,0,Grand Total,,,0,0,,,,,
45,Fri,2026-11-06 00:00:00,Converting ,Delta Pkg,,,,,,,,,,0,0,Grand Total,,,0,0,,,,,
45,Sat,2026-11-07 00:00:00,Converting ,Delta Pkg,,,,,,,,,,0,0,Grand Total,,,0,0,,,,,
45,Sun,2026-11-08 00:00:00,Converting ,Delta Pkg,,,,,,,,,,0,0,Grand Total,,,0,0,,,,,
46,Mon,2026-11-09 00:00:00,Converting ,Delta Pkg,,,,,,,,,,0,0,Grand Total,,,0,0,,,,,
46,Tue,2026-11-10 00:00:00,Converting ,Delta Pkg,,,,,,,,,,0,0,Grand Total,,,0,0,,,,,
46,Wed,2026-11-11 00:00:00,Converting ,Delta Pkg,,,,,,,,,,0,0,Grand Total,,,0,0,,,,,
46,Thu,2026-11-12 00:00:00,Converting ,Delta Pkg,,,,,,,,,,0,0,Grand Total,,,0,0,,,,,
46,Fri,2026-11-13 00:00:00,Converting ,Delta Pkg,,,,,,,,,,0,0,Grand Total,,,0,0,,,,,
46,Sat,2026-11-14 00:00:00,Converting ,Delta Pkg,,,,,,,,,,0,0,Grand Total,,,0,0,,,,,
46,Sun,2026-11-15 00:00:00,Converting ,Delta Pkg,,,,,,,,,,0,0,Grand Total,,,0,0,,,,,
47,Mon,2026-11-16 00:00:00,Converting ,Delta Pkg,,,,,,,,,,0,0,Grand Total,,,0,0,,,,,
47,Tue,2026-11-17 00:00:00,Converting ,Delta Pkg,,,,,,,,,,0,0,Grand Total,,,0,0,,,,,
47,Wed,2026-11-18 00:00:00,Converting ,Delta Pkg,,,,,,,,,,0,0,Grand Total,,,0,0,,,,,
47,Thu,2026-11-19 00:00:00,Converting ,Delta Pkg,,,,,,,,,,0,0,Grand Total,,,0,0,,,,,
47,Fri,2026-11-20 00:00:00,Converting ,Delta Pkg,,,,,,,,,,0,0,Grand Total,,,0,0,,,,,
47,Sat,2026-11-21 00:00:00,Converting ,Delta Pkg,,,,,,,,,,0,0,Grand Total,,,0,0,,,,,
47,Sun,2026-11-22 00:00:00,Converting ,Delta Pkg,,,,,,,,,,0,0,Grand Total,,,0,0,,,,,
48,Mon,2026-11-23 00:00:00,Converting ,Delta Pkg,,,,,,,,,,0,0,Grand Total,,,0,0,,,,,
48,Tue,2026-11-24 00:00:00,Converting ,Delta Pkg,,,,,,,,,,0,0,Grand Total,,,0,0,,,,,
48,Wed,2026-11-25 00:00:00,Converting ,Delta Pkg,,,,,,,,,,0,0,Grand Total,,,0,0,,,,,
48,Thu,2026-11-26 00:00:00,Converting ,Delta Pkg,,,,,,,,,,0,0,Grand Total,,,0,0,,,,,
48,Fri,2026-11-27 00:00:00,Converting ,Delta Pkg,,,,,,,,,,0,0,Grand Total,,,0,0,,,,,
48,Sat,2026-11-28 00:00:00,Converting ,Delta Pkg,,,,,,,,,,0,0,Grand Total,,,0,0,,,,,
48,Sun,2026-11-29 00:00:00,Converting ,Delta Pkg,,,,,,,,,,0,0,Grand Total,,,0,0,,,,,
49,Mon,2026-11-30 00:00:00,Converting ,Delta Pkg,,,,,,,,,,0,0,Grand Total,,,0,0,,,,,
49,Tue,2026-12-01 00:00:00,Converting ,Delta Pkg,,,,,,,,,,0,0,Grand Total,,,0,0,,,,,
49,Wed,2026-12-02 00:00:00,Converting ,Delta Pkg,,,,,,,,,,0,0,Grand Total,,,0,0,,,,,
49,Thu,2026-12-03 00:00:00,Converting ,Delta Pkg,,,,,,,,,,0,0,Grand Total,,,0,0,,,,,
49,Fri,2026-12-04 00:00:00,Converting ,Delta Pkg,,,,,,,,,,0,0,Grand Total,,,0,0,,,,,
49,Sat,2026-12-05 00:00:00,Converting ,Delta Pkg,,,,,,,,,,0,0,Grand Total,,,0,0,,,,,
49,Sun,2026-12-06 00:00:00,Converting ,Delta Pkg,,,,,,,,,,0,0,Grand Total,,,0,0,,,,,
50,Mon,2026-12-07 00:00:00,Converting ,Delta Pkg,,,,,,,,,,0,0,Grand Total,,,0,0,,,,,
50,Tue,2026-12-08 00:00:00,Converting ,Delta Pkg,,,,,,,,,,0,0,Grand Total,,,0,0,,,,,
50,Wed,2026-12-09 00:00:00,Converting ,Delta Pkg,,,,,,,,,,0,0,Grand Total,,,0,0,,,,,
50,Thu,2026-12-10 00:00:00,Converting ,Delta Pkg,,,,,,,,,,0,0,Grand Total,,,0,0,,,,,
50,Fri,2026-12-11 00:00:00,Converting ,Delta Pkg,,,,,,,,,,0,0,Grand Total,,,0,0,,,,,
50,Sat,2026-12-12 00:00:00,Converting ,Delta Pkg,,,,,,,,,,0,0,Grand Total,,,0,0,,,,,
50,Sun,2026-12-13 00:00:00,Converting ,Delta Pkg,,,,,,,,,,0,0,Grand Total,,,0,0,,,,,
51,Mon,2026-12-14 00:00:00,Converting ,Delta Pkg,,,,,,,,,,0,0,Grand Total,,,0,0,,,,,
51,Tue,2026-12-15 00:00:00,Converting ,Delta Pkg,,,,,,,,,,0,0,Grand Total,,,0,0,,,,,
51,Wed,2026-12-16 00:00:00,Converting ,Delta Pkg,,,,,,,,,,0,0,Grand Total,,,0,0,,,,,
51,Thu,2026-12-17 00:00:00,Converting ,Delta Pkg,,,,,,,,,,0,0,Grand Total,,,0,0,,,,,
51,Fri,2026-12-18 00:00:00,Converting ,Delta Pkg,,,,,,,,,,0,0,Grand Total,,,0,0,,,,,
51,Sat,2026-12-19 00:00:00,Converting ,Delta Pkg,,,,,,,,,,0,0,Grand Total,,,0,0,,,,,
51,Sun,2026-12-20 00:00:00,Converting ,Delta Pkg,,,,,,,,,,0,0,Grand Total,,,0,0,,,,,
52,Mon,2026-12-21 00:00:00,Converting ,Delta Pkg,,,,,,,,,,0,0,Grand Total,,,0,0,,,,,
52,Tue,2026-12-22 00:00:00,Converting ,Delta Pkg,,,,,,,,,,0,0,Grand Total,,,0,0,,,,,
52,Wed,2026-12-23 00:00:00,Converting ,Delta Pkg,,,,,,,,,,0,0,Grand Total,,,0,0,,,,,
52,Thu,2026-12-24 00:00:00,Converting ,Delta Pkg,,,,,,,,,,0,0,Grand Total,,,0,0,,,,,
52,Fri,2026-12-25 00:00:00,Converting ,Delta Pkg,,,,,,,,,,0,0,Grand Total,,,0,0,,,,,
52,Sat,2026-12-26 00:00:00,Converting ,Delta Pkg,,,,,,,,,,0,0,Grand Total,,,0,0,,,,,
52,Sun,2026-12-27 00:00:00,Converting ,Delta Pkg,,,,,,,,,,0,0,Grand Total,,,0,0,,,,,
53,Mon,2026-12-28 00:00:00,Converting ,Delta Pkg,,,,,,,,,,0,0,Grand Total,,,0,0,,,,,
53,Tue,2026-12-29 00:00:00,Converting ,Delta Pkg,,,,,,,,,,0,0,Grand Total,,,0,0,,,,,
53,Wed,2026-12-30 00:00:00,Converting ,Delta Pkg,,,,,,,,,,0,0,Grand Total,,,0,0,,,,,
53,Thu,2026-12-31 00:00:00,Converting ,Delta Pkg,,,,,,,,,,0,0,Grand Total,,,0,0,,,,,
1,Thu,2026-01-01 00:00:00,Converting ,Circle 1,,,,,,,,,,0,0,Grand Total,,,0,0,,,,,
1,Fri,2026-01-02 00:00:00,Converting ,Circle 1,,,,,,,,,,0,0,Grand Total,,,0,0,,,,,
1,Tue,2023-01-03 00:00:00,Converting ,Circle 1,,,,,,,,,,0,0,Grand Total,,,0,0,,,,,
1,Sun,2026-01-04 00:00:00,Converting ,Circle 1,,,,,,,,,,0,0,Grand Total,,,0,0,,,,,
2,Mon,2026-01-05 00:00:00,Converting ,Circle 1,,,,,,,,,,0,0,Grand Total,,,0,0,,,,,
2,Tue,2026-01-06 00:00:00,Converting ,Circle 1,,,,,,,,,,0,0,Grand Total,,,0,0,,,,,
2,Wed,2026-01-07 00:00:00,Converting ,Circle 1,,,,,,,,,,0,0,Grand Total,,,0,0,,,,,
2,Thu,2026-01-08 00:00:00,Converting ,Circle 1,,,,,,,,,,0,0,Grand Total,,,0,0,,,,,
2,Fri,2026-01-09 00:00:00,Converting ,Circle 1,,,,,,,,,,0,0,Grand Total,,,0,0,,,,,
2,Sat,2026-01-10 00:00:00,Converting ,Circle 1,,,,,,,,,,0,0,Grand Total,,,0,0,,,,,
2,Sun,2026-01-11 00:00:00,Converting ,Circle 1,,,,,,,,,,0,0,Grand Total,,,0,0,,,,,
3,Mon,2026-01-12 00:00:00,Converting ,Circle 1,,,,,,,,,,0,0,Grand Total,,,0,0,,,,,
3,Tue,2026-01-13 00:00:00,Converting ,Circle 1,,,,,,,,,,0,0,Grand Total,,,0,0,,,,,
3,Wed,2026-01-14 00:00:00,Converting ,Circle 1,,,,PM,,,,,,0,0,Grand Total,,,0,0,,,,,
3,Thu,2026-01-15 00:00:00,Converting ,Circle 1,,,,,,,,,,0,0,Grand Total,,,0,0,,,,,
3,Fri,2026-01-16 00:00:00,Converting ,Circle 1,,,,,,,,,,0,0,Grand Total,,,0,0,,,,,
3,Sat,2026-01-17 00:00:00,Converting ,Circle 1,,,,,,,,,,0,0,Grand Total,,,0,0,,,,,
3,Sun,2026-01-18 00:00:00,Converting ,Circle 1,,,,,,,,,,0,0,Grand Total,,,0,0,,,,,
4,Mon,2026-01-19 00:00:00,Converting ,Circle 1,,,,,,,,,,0,0,Grand Total,,,0,0,,,,,
4,Tue,2026-01-20 00:00:00,Converting ,Circle 1,,,,,,,,,,0,0,Grand Total,,,0,0,,,,,
4,Wed,2026-01-21 00:00:00,Converting ,Circle 1,,,,,,,,,,0,0,Grand Total,,,0,0,,,,,
4,Thu,2026-01-22 00:00:00,Converting ,Circle 1,,,,,,,,,,0,0,Grand Total,,,0,0,,,,,
4,Fri,2026-01-23 00:00:00,Converting ,Circle 1,,,,,,,,,,0,0,Grand Total,,,0,0,,,,,
4,Sat,2026-01-24 00:00:00,Converting ,Circle 1,,,,,,,,,,0,0,Grand Total,,,0,0,,,,,
4,Sun,2026-01-25 00:00:00,Converting ,Circle 1,,,,,,,,,,0,0,Grand Total,,,0,0,,,,,
5,Mon,2026-01-26 00:00:00,Converting ,Circle 1,,,,,,,,,,0,0,Grand Total,,,0,0,,,,,
5,Tue,2026-01-27 00:00:00,Converting ,Circle 1,,,,,,,,,,0,0,Grand Total,,,0,0,,,,,
5,Wed,2026-01-28 00:00:00,Converting ,Circle 1,,,,,,,,,,0,0,Grand Total,,,0,0,,,,,
5,Thu,2026-01-29 00:00:00,Converting ,Circle 1,,,,,,,,,,0,0,Grand Total,,,0,0,,,,,
5,Fri,2026-01-30 00:00:00,Converting ,Circle 1,,,,,,,,,,0,0,Grand Total,,,0,0,,,,,
5,Sat,2026-01-31 00:00:00,Converting ,Circle 1,,,,,,,,,,0,0,Grand Total,,,0,0,,,,,
5,Sun,2026-02-01 00:00:00,Converting ,Circle 1,,,,,,,,,,0,0,Grand Total,,,0,0,,,,,
6,Mon,2026-02-02 00:00:00,Converting ,Circle 1,,,,,,,,,,0,0,Grand Total,,,0,0,,,,,
6,Tue,2026-02-03 00:00:00,Converting ,Circle 1,,,,,,,,,,0,0,Grand Total,,,0,0,,,,,
6,Wed,2026-02-04 00:00:00,Converting ,Circle 1,,,,,,,,,,0,0,Grand Total,,,0,0,,,,,
6,Thu,2026-02-05 00:00:00,Converting ,Circle 1,,,,,,,,,,0,0,Grand Total,,,0,0,,,,,
6,Fri,2026-02-06 00:00:00,Converting ,Circle 1,,,,,,,,,,0,0,Grand Total,,,0,0,,,,,
6,Sat,2026-02-07 00:00:00,Converting ,Circle 1,,,,,,,,,,0,0,Grand Total,,,0,0,,,,,
6,Sun,2026-02-08 00:00:00,Converting ,Circle 1,,,,,,,,,,0,0,Grand Total,,,0,0,,,,,
7,Mon,2026-02-09 00:00:00,Converting ,Circle 1,Yes,Pre-Sterile ,5045,53517,,14,26250,12600,EA,20538,7207.388999999999,Grand Total,,,0,0,,,,,
7,Tue,2026-02-10 00:00:00,Converting ,Circle 1,Yes,Pre-Sterile ,5045,53517,,14,26250,12600,EA,20538,7207.388999999999,Grand Total,,,0,0,,,,,
7,Wed,2026-02-11 00:00:00,Converting ,Circle 1,,,,,,,,,,0,0,Grand Total,,,0,0,,,,,
7,Thu,2026-02-12 00:00:00,Converting ,Circle 1,,,,,,,,,,0,0,Grand Total,,,0,0,,,,,
7,Fri,2026-02-13 00:00:00,Converting ,Circle 1,,,,,,,,,,0,0,Grand Total,,,0,0,,,,,
7,Sat,2026-02-14 00:00:00,Converting ,Circle 1,,,,,,,,,,0,0,Grand Total,,,0,0,,,,,
7,Sun,2026-02-15 00:00:00,Converting ,Circle 1,,,,,,,,,,0,0,Grand Total,,,0,0,,,,,
8,Mon,2026-02-16 00:00:00,Converting ,Circle 1,,,,,,,,,,0,0,Grand Total,,,0,0,,,,,
8,Tue,2026-02-17 00:00:00,Converting ,Circle 1,,,,PM,,,,,,0,0,Grand Total,,,0,0,,,,,
8,Wed,2026-02-18 00:00:00,Converting ,Circle 1,,,,,,,,,,0,0,Grand Total,,,0,0,,,,,
8,Thu,2026-02-19 00:00:00,Converting ,Circle 1,,,,,,,,,,0,0,Grand Total,,,0,0,,,,,
8,Fri,2026-02-20 00:00:00,Converting ,Circle 1,,,,,,,,,,0,0,Grand Total,,,0,0,,,,,
8,Sat,2026-02-21 00:00:00,Converting ,Circle 1,,,,,,,,,,0,0,Grand Total,,,0,0,,,,,
8,Sun,2026-02-22 00:00:00,Converting ,Circle 1,,,,,,,,,,0,0,Grand Total,,,0,0,,,,,
9,Mon,2026-02-23 00:00:00,Converting ,Circle 1,,,,,,,,,,0,0,Grand Total,,,0,0,,,,,
9,Tue,2026-02-24 00:00:00,Converting ,Circle 1,,,,,,,,,,0,0,Grand Total,,,0,0,,,,,
9,Wed,2026-02-25 00:00:00,Converting ,Circle 1,,,,,,,,,,0,0,Grand Total,,,0,0,,,,,
9,Thu,2026-02-26 00:00:00,Converting ,Circle 1,,,,,,,,,,0,0,Grand Total,,,0,0,,,,,
9,Fri,2026-02-27 00:00:00,Converting ,Circle 1,,,,,,,,,,0,0,Grand Total,,,0,0,,,,,
9,Sat,2026-02-28 00:00:00,Converting ,Circle 1,,,,,,,,,,0,0,Grand Total,,,0,0,,,,,
9,Sun,2026-03-01 00:00:00,Converting ,Circle 1,,,,,,,,,,0,0,Grand Total,,,0,0,,,,,
10,Mon,2026-03-02 00:00:00,Converting ,Circle 1,,,,,,,,,,0,0,Grand Total,,,0,0,,,,,
10,Tue,2026-03-03 00:00:00,Converting ,Circle 1,,,,,,,,,,0,0,Grand Total,,,0,0,,,,,
10,Wed,2026-03-04 00:00:00,Converting ,Circle 1,,,,,,,,,,0,0,Grand Total,,,0,0,,,,,
10,Thu,2026-03-05 00:00:00,Converting ,Circle 1,,,,,,,,,,0,0,Grand Total,,,0,0,,,,,
10,Fri,2026-03-06 00:00:00,Converting ,Circle 1,,,,,,,,,,0,0,Grand Total,,,0,0,,,,,
10,Sat,2026-03-07 00:00:00,Converting ,Circle 1,,,,,,,,,,0,0,Grand Total,,,0,0,,,,,
10,Sun,2026-03-08 00:00:00,Converting ,Circle 1,,,,,,,,,,0,0,Grand Total,,,0,0,,,,,
11,Mon,2026-03-09 00:00:00,Converting ,Circle 1,,,,,,,,,,0,0,Grand Total,,,0,0,,,,,
11,Tue,2026-03-10 00:00:00,Converting ,Circle 1,,,,,,,,,,0,0,Grand Total,,,0,0,,,,,
11,Wed,2026-03-11 00:00:00,Converting ,Circle 1,,,,,,,,,,0,0,Grand Total,,,0,0,,,,,
11,Thu,2026-03-12 00:00:00,Converting ,Circle 1,,,,,,,,,,0,0,Grand Total,,,0,0,,,,,
11,Fri,2026-03-13 00:00:00,Converting ,Circle 1,,,,,,,,,,0,0,Grand Total,,,0,0,,,,,
11,Sat,2026-03-14 00:00:00,Converting ,Circle 1,,,,,,,,,,0,0,Grand Total,,,0,0,,,,,
11,Sun,2026-03-15 00:00:00,Converting ,Circle 1,,,,,,,,,,0,0,Grand Total,,,0,0,,,,,
12,Mon,2026-03-16 00:00:00,Converting ,Circle 1,,,,,,,,,,0,0,Grand Total,,,0,0,,,,,
12,Tue,2026-03-17 00:00:00,Converting ,Circle 1,,,,,,,,,,0,0,Grand Total,,,0,0,,,,,
12,Wed,2026-03-18 00:00:00,Converting ,Circle 1,,,,,,,,,,0,0,Grand Total,,,0,0,,,,,
12,Thu,2026-03-19 00:00:00,Converting ,Circle 1,,,,,,,,,,0,0,Grand Total,,,0,0,,,,,
12,Fri,2026-03-20 00:00:00,Converting ,Circle 1,,,,,,,,,,0,0,Grand Total,,,0,0,,,,,
12,Sat,2026-03-21 00:00:00,Converting ,Circle 1,,,,,,,,,,0,0,Grand Total,,,0,0,,,,,
12,Sun,2026-03-22 00:00:00,Converting ,Circle 1,,,,,,,,,,0,0,Grand Total,,,0,0,,,,,
13,Mon,2026-03-23 00:00:00,Converting ,Circle 1,,,,,,,,,,0,0,Grand Total,,,0,0,,,,,
13,Tue,2026-03-24 00:00:00,Converting ,Circle 1,,,,,,,,,,0,0,Grand Total,,,0,0,,,,,
13,Wed,2026-03-25 00:00:00,Converting ,Circle 1,,,,,,,,,,0,0,Grand Total,,,0,0,,,,,
13,Thu,2026-03-26 00:00:00,Converting ,Circle 1,,,,,,,,,,0,0,Grand Total,,,0,0,,,,,
13,Fri,2026-03-27 00:00:00,Converting ,Circle 1,,,,,,,,,,0,0,Grand Total,,,0,0,,,,,
13,Sat,2026-03-28 00:00:00,Converting ,Circle 1,,,,,,,,,,0,0,Grand Total,,,0,0,,,,,
13,Sun,2026-03-29 00:00:00,Converting ,Circle 1,,,,,,,,,,0,0,Grand Total,,,0,0,,,,,
14,Mon,2026-03-30 00:00:00,Converting ,Circle 1,,,,,,,,,,0,0,Grand Total,,,0,0,,,,,
14,Tue,2026-03-31 00:00:00,Converting ,Circle 1,,,,,,,,,,0,0,Grand Total,,,0,0,,,,,
14,Wed,2026-04-01 00:00:00,Converting ,Circle 1,,,,,,,,,,0,0,Grand Total,,,0,0,,,,,
14,Thu,2026-04-02 00:00:00,Converting ,Circle 1,,,,,,,,,,0,0,Grand Total,,,0,0,,,,,
14,Fri,2026-04-03 00:00:00,Converting ,Circle 1,,,,,,,,,,0,0,Grand Total,,,0,0,,,,,
14,Sat,2026-04-04 00:00:00,Converting ,Circle 1,,,,,,,,,,0,0,Grand Total,,,0,0,,,,,
14,Sun,2026-04-05 00:00:00,Converting ,Circle 1,,,,,,,,,,0,0,Grand Total,,,0,0,,,,,
15,Mon,2026-04-06 00:00:00,Converting ,Circle 1,,,,,,,,,,0,0,Grand Total,,,0,0,,,,,
15,Tue,2026-04-07 00:00:00,Converting ,Circle 1,,,,,,,,,,0,0,Grand Total,,,0,0,,,,,
15,Wed,2026-04-08 00:00:00,Converting ,Circle 1,,,,,,,,,,0,0,Grand Total,,,0,0,,,,,
15,Thu,2026-04-09 00:00:00,Converting ,Circle 1,,,,,,,,,,0,0,Grand Total,,,0,0,,,,,
15,Fri,2026-04-10 00:00:00,Converting ,Circle 1,,,,,,,,,,0,0,Grand Total,,,0,0,,,,,
15,Sat,2026-04-11 00:00:00,Converting ,Circle 1,,,,,,,,,,0,0,Grand Total,,,0,0,,,,,
15,Sun,2026-04-12 00:00:00,Converting ,Circle 1,,,,,,,,,,0,0,Grand Total,,,0,0,,,,,
16,Mon,2026-04-13 00:00:00,Converting ,Circle 1,,,,,,,,,,0,0,Grand Total,,,0,0,,,,,
16,Tue,2026-04-14 00:00:00,Converting ,Circle 1,,,,,,,,,,0,0,Grand Total,,,0,0,,,,,
16,Wed,2026-04-15 00:00:00,Converting ,Circle 1,,,,,,,,,,0,0,Grand Total,,,0,0,,,,,
16,Thu,2026-04-16 00:00:00,Converting ,Circle 1,,,,,,,,,,0,0,Grand Total,,,0,0,,,,,
16,Fri,2026-04-17 00:00:00,Converting ,Circle 1,,,,,,,,,,0,0,Grand Total,,,0,0,,,,,
16,Sat,2026-04-18 00:00:00,Converting ,Circle 1,,,,,,,,,,0,0,Grand Total,,,0,0,,,,,
16,Sun,2026-04-19 00:00:00,Collagen,Circle 1,,,,,,,,,,0,0,Grand Total,,,0,0,,,,,
17,Mon,2026-04-20 00:00:00,Collagen,Circle 1,,,,,,,,,,0,0,Grand Total,,,0,0,,,,,
17,Tue,2026-04-21 00:00:00,Converting ,Circle 1,,,,,,,,,,0,0,Grand Total,,,0,0,,,,,
17,Wed,2026-04-22 00:00:00,Converting ,Circle 1,,,,,,,,,,0,0,Grand Total,,,0,0,,,,,
17,Thu,2026-04-23 00:00:00,Collagen,Circle 1,,,,,,,,,,0,0,Grand Total,,,0,0,,,,,
17,Fri,2026-04-24 00:00:00,Converting ,Circle 1,,,,,,,,,,0,0,Grand Total,,,0,0,,,,,
17,Sat,2026-04-25 00:00:00,Converting ,Circle 1,,,,,,,,,,0,0,Grand Total,,,0,0,,,,,
17,Sun,2026-04-26 00:00:00,Converting ,Circle 1,,,,,,,,,,0,0,Grand Total,,,0,0,,,,,
18,Mon,2026-04-27 00:00:00,Converting ,Circle 1,,,,,,,,,,0,0,Grand Total,,,0,0,,,,,
18,Tue,2026-04-28 00:00:00,Converting ,Circle 1,,,,,,,,,,0,0,Grand Total,,,0,0,,,,,
18,Wed,2026-04-29 00:00:00,Converting ,Circle 1,,,,,,,,,,0,0,Grand Total,,,0,0,,,,,
18,Thu,2026-04-30 00:00:00,Converting ,Circle 1,,,,,,,,,,0,0,Grand Total,,,0,0,,,,,
18,Fri,2026-05-01 00:00:00,Converting ,Circle 1,,,,,,,,,,0,0,Grand Total,,,0,0,,,,,
18,Sat,2026-05-02 00:00:00,Converting ,Circle 1,,,,,,,,,,0,0,Grand Total,,,0,0,,,,,
18,Sun,2026-05-03 00:00:00,Converting ,Circle 1,,,,,,,,,,0,0,Grand Total,,,0,0,,,,,
19,Mon,2026-05-04 00:00:00,Collagen,Circle 1,,,,,,,,,,0,0,Grand Total,,,0,0,,,,,
19,Tue,2026-05-05 00:00:00,Converting ,Circle 1,,,,,,,,,,0,0,Grand Total,,,0,0,,,,,
19,Wed,2026-05-06 00:00:00,Converting ,Circle 1,,,,,,,,,,0,0,Grand Total,,,0,0,,,,,
19,Thu,2026-05-07 00:00:00,Collagen,Circle 1,,,,,,,,,,0,0,Grand Total,,,0,0,,,,,
19,Fri,2026-05-08 00:00:00,Collagen,Circle 1,,,,,,,,,,0,0,Grand Total,,,0,0,,,,,
19,Sat,2026-05-09 00:00:00,Converting ,Circle 1,,,,,,,,,,0,0,Grand Total,,,0,0,,,,,
19,Sun,2026-05-10 00:00:00,Converting ,Circle 1,,,,,,,,,,0,0,Grand Total,,,0,0,,,,,
20,Mon,2026-05-11 00:00:00,Converting ,Circle 1,,,,,,,,,,0,0,Grand Total,,,0,0,,,,,
20,Tue,2026-05-12 00:00:00,Converting ,Circle 1,,,,,,,,,,0,0,Grand Total,,,0,0,,,,,
20,Wed,2026-05-13 00:00:00,Converting ,Circle 1,,,,,,,,,,0,0,Grand Total,,,0,0,,,,,
20,Thu,2026-05-14 00:00:00,Converting ,Circle 1,,,,,,,,,,0,0,Grand Total,,,0,0,,,,,
20,Fri,2026-05-15 00:00:00,Converting ,Circle 1,,,,,,,,,,0,0,Grand Total,,,0,0,,,,,
20,Sat,2026-05-16 00:00:00,Converting ,Circle 1,,,,,,,,,,0,0,Grand Total,,,0,0,,,,,
20,Sun,2026-05-17 00:00:00,Converting ,Circle 1,,,,,,,,,,0,0,Grand Total,,,0,0,,,,,
21,Mon,2026-05-18 00:00:00,Converting ,Circle 1,,,,,,,,,,0,0,Grand Total,,,0,0,,,,,
21,Tue,2026-05-19 00:00:00,Converting ,Circle 1,,,,,,,,,,0,0,Grand Total,,,0,0,,,,,
21,Wed,2026-05-20 00:00:00,Converting ,Circle 1,,,,,,,,,,0,0,Grand Total,,,0,0,,,,,
21,Thu,2026-05-21 00:00:00,Converting ,Circle 1,,,,,,,,,,0,0,Grand Total,,,0,0,,,,,
21,Fri,2026-05-22 00:00:00,Converting ,Circle 1,,,,,,,,,,0,0,Grand Total,,,0,0,,,,,
21,Sat,2026-05-23 00:00:00,Converting ,Circle 1,,,,,,,,,,0,0,Grand Total,,,0,0,,,,,
21,Sun,2026-05-24 00:00:00,Converting ,Circle 1,,,,,,,,,,0,0,Grand Total,,,0,0,,,,,
22,Mon,2026-05-25 00:00:00,Converting ,Circle 1,,,,,,,,,,0,0,Grand Total,,,0,0,,,,,
22,Tue,2026-05-26 00:00:00,Converting ,Circle 1,,,,,,,,,,0,0,Grand Total,,,0,0,,,,,
22,Wed,2026-05-27 00:00:00,Converting ,Circle 1,,,,,,,,,,0,0,Grand Total,,,0,0,,,,,
22,Thu,2026-05-28 00:00:00,Converting ,Circle 1,,,,,,,,,,0,0,Grand Total,,,0,0,,,,,
22,Fri,2026-05-29 00:00:00,Converting ,Circle 1,,,,,,,,,,0,0,Grand Total,,,0,0,,,,,
22,Sat,2026-05-30 00:00:00,Converting ,Circle 1,,,,,,,,,,0,0,Grand Total,,,0,0,,,,,
22,Sun,2026-05-31 00:00:00,Converting ,Circle 1,,,,,,,,,,0,0,Grand Total,,,0,0,,,,,
23,Mon,2026-06-01 00:00:00,Converting ,Circle 1,,,,,,,,,,0,0,Grand Total,,,0,0,,,,,
23,Tue,2026-06-02 00:00:00,Converting ,Circle 1,,,,,,,,,,0,0,Grand Total,,,0,0,,,,,
23,Wed,2026-06-03 00:00:00,Converting ,Circle 1,,,,,,,,,,0,0,Grand Total,,,0,0,,,,,
23,Thu,2026-06-04 00:00:00,Converting ,Circle 1,,,,,,,,,,0,0,Grand Total,,,0,0,,,,,
23,Fri,2026-06-05 00:00:00,Converting ,Circle 1,,,,,,,,,,0,0,Grand Total,,,0,0,,,,,
23,Sat,2026-06-06 00:00:00,Converting ,Circle 1,,,,,,,,,,0,0,Grand Total,,,0,0,,,,,
23,Sun,2026-06-07 00:00:00,Converting ,Circle 1,,,,,,,,,,0,0,Grand Total,,,0,0,,,,,
24,Mon,2026-06-08 00:00:00,Converting ,Circle 1,,,,,,,,,,0,0,Grand Total,,,0,0,,,,,
24,Tue,2026-06-09 00:00:00,Converting ,Circle 1,,,,,,,,,,0,0,Grand Total,,,0,0,,,,,
24,Wed,2026-06-10 00:00:00,Converting ,Circle 1,,,,,,,,,,0,0,Grand Total,,,0,0,,,,,
24,Thu,2026-06-11 00:00:00,Converting ,Circle 1,,,,,,,,,,0,0,Grand Total,,,0,0,,,,,
24,Fri,2026-06-12 00:00:00,Converting ,Circle 1,,,,,,,,,,0,0,Grand Total,,,0,0,,,,,
24,Sat,2026-06-13 00:00:00,Converting ,Circle 1,,,,,,,,,,0,0,Grand Total,,,0,0,,,,,
24,Sun,2026-06-14 00:00:00,Converting ,Circle 1,,,,,,,,,,0,0,Grand Total,,,0,0,,,,,
25,Mon,2026-06-15 00:00:00,Converting ,Circle 1,,,,,,,,,,0,0,Grand Total,,,0,0,,,,,
25,Tue,2026-06-16 00:00:00,Converting ,Circle 1,,,,,,,,,,0,0,Grand Total,,,0,0,,,,,
25,Wed,2026-06-17 00:00:00,Converting ,Circle 1,,,,,,,,,,0,0,Grand Total,,,0,0,,,,,
25,Thu,2026-06-18 00:00:00,Converting ,Circle 1,,,,,,,,,,0,0,Grand Total,,,0,0,,,,,
25,Fri,2026-06-19 00:00:00,Converting ,Circle 1,,,,,,,,,,0,0,Grand Total,,,0,0,,,,,
25,Sat,2026-06-20 00:00:00,Converting ,Circle 1,,,,,,,,,,0,0,Grand Total,,,0,0,,,,,
25,Sun,2026-06-21 00:00:00,Converting ,Circle 1,,,,,,,,,,0,0,Grand Total,,,0,0,,,,,
26,Mon,2026-06-22 00:00:00,Converting ,Circle 1,,,,,,,,,,0,0,Grand Total,,,0,0,,,,,
26,Tue,2026-06-23 00:00:00,Converting ,Circle 1,,,,,,,,,,0,0,Grand Total,,,0,0,,,,,
26,Wed,2026-06-24 00:00:00,Converting ,Circle 1,,,,,,,,,,0,0,Grand Total,,,0,0,,,,,
26,Thu,2026-06-25 00:00:00,Converting ,Circle 1,,,,,,,,,,0,0,Grand Total,,,0,0,,,,,
26,Fri,2026-06-26 00:00:00,Converting ,Circle 1,,,,,,,,,,0,0,Grand Total,,,0,0,,,,,
26,Sat,2026-06-27 00:00:00,Converting ,Circle 1,,,,,,,,,,0,0,Grand Total,,,0,0,,,,,
26,Sun,2026-06-28 00:00:00,Converting ,Circle 1,,,,,,,,,,0,0,Grand Total,,,0,0,,,,,
27,Mon,2026-06-29 00:00:00,Converting ,Circle 1,,,,,,,,,,0,0,Grand Total,,,0,0,,,,,
27,Tue,2026-06-30 00:00:00,Converting ,Circle 1,,,,,,,,,,0,0,Grand Total,,,0,0,,,,,
27,Wed,2026-07-01 00:00:00,Converting ,Circle 1,,,,,,,,,,0,0,Grand Total,,,0,0,,,,,
27,Thu,2026-07-02 00:00:00,Converting ,Circle 1,,,,,,,,,,0,0,Grand Total,,,0,0,,,,,
27,Fri,2026-07-03 00:00:00,Converting ,Circle 1,,,,,,,,,,0,0,Grand Total,,,0,0,,,,,
27,Sat,2026-07-04 00:00:00,Converting ,Circle 1,,,,,,,,,,0,0,Grand Total,,,0,0,,,,,
27,Sun,2026-07-05 00:00:00,Converting ,Circle 1,,,,,,,,,,0,0,Grand Total,,,0,0,,,,,
28,Mon,2026-07-06 00:00:00,Converting ,Circle 1,,,,,,,,,,0,0,Grand Total,,,0,0,,,,,
28,Tue,2026-07-07 00:00:00,Converting ,Circle 1,,,,,,,,,,0,0,Grand Total,,,0,0,,,,,
28,Wed,2026-07-08 00:00:00,Converting ,Circle 1,,,,,,,,,,0,0,Grand Total,,,0,0,,,,,
28,Thu,2026-07-09 00:00:00,Converting ,Circle 1,,,,,,,,,,0,0,Grand Total,,,0,0,,,,,
28,Fri,2026-07-10 00:00:00,Converting ,Circle 1,,,,,,,,,,0,0,Grand Total,,,0,0,,,,,
28,Sat,2026-07-11 00:00:00,Converting ,Circle 1,,,,,,,,,,0,0,Grand Total,,,0,0,,,,,
28,Sun,2026-07-12 00:00:00,Converting ,Circle 1,,,,,,,,,,0,0,Grand Total,,,0,0,,,,,
29,Mon,2026-07-13 00:00:00,Converting ,Circle 1,,,,,,,,,,0,0,Grand Total,,,0,0,,,,,
29,Tue,2026-07-14 00:00:00,Converting ,Circle 1,,,,,,,,,,0,0,Grand Total,,,0,0,,,,,
29,Wed,2026-07-15 00:00:00,Converting ,Circle 1,,,,,,,,,,0,0,Grand Total,,,0,0,,,,,
29,Thu,2026-07-16 00:00:00,Converting ,Circle 1,,,,,,,,,,0,0,Grand Total,,,0,0,,,,,
29,Fri,2026-07-17 00:00:00,Converting ,Circle 1,,,,,,,,,,0,0,Grand Total,,,0,0,,,,,
29,Sat,2026-07-18 00:00:00,Converting ,Circle 1,,,,,,,,,,0,0,Grand Total,,,0,0,,,,,
29,Sun,2026-07-19 00:00:00,Converting ,Circle 1,,,,,,,,,,0,0,Grand Total,,,0,0,,,,,
30,Mon,2026-07-20 00:00:00,Converting ,Circle 1,,,,,,,,,,0,0,Grand Total,,,0,0,,,,,
30,Tue,2026-07-21 00:00:00,Converting ,Circle 1,,,,,,,,,,0,0,Grand Total,,,0,0,,,,,
30,Wed,2026-07-22 00:00:00,Converting ,Circle 1,,,,,,,,,,0,0,Grand Total,,,0,0,,,,,
30,Thu,2026-07-23 00:00:00,Converting ,Circle 1,,,,,,,,,,0,0,Grand Total,,,0,0,,,,,
30,Fri,2026-07-24 00:00:00,Converting ,Circle 1,,,,,,,,,,0,0,Grand Total,,,0,0,,,,,
30,Sat,2026-07-25 00:00:00,Converting ,Circle 1,,,,,,,,,,0,0,Grand Total,,,0,0,,,,,
30,Sun,2026-07-26 00:00:00,Converting ,Circle 1,,,,,,,,,,0,0,Grand Total,,,0,0,,,,,
31,Mon,2026-07-27 00:00:00,Converting ,Circle 1,,,,,,,,,,0,0,Grand Total,,,0,0,,,,,
31,Tue,2026-07-28 00:00:00,Converting ,Circle 1,,,,,,,,,,0,0,Grand Total,,,0,0,,,,,
31,Wed,2026-07-29 00:00:00,Converting ,Circle 1,,,,,,,,,,0,0,Grand Total,,,0,0,,,,,
31,Thu,2026-07-30 00:00:00,Converting ,Circle 1,,,,,,,,,,0,0,Grand Total,,,0,0,,,,,
31,Fri,2026-07-31 00:00:00,Converting ,Circle 1,,,,,,,,,,0,0,Grand Total,,,0,0,,,,,
31,Sat,2026-08-01 00:00:00,Converting ,Circle 1,,,,,,,,,,0,0,Grand Total,,,0,0,,,,,
31,Sun,2026-08-02 00:00:00,Converting ,Circle 1,,,,,,,,,,0,0,Grand Total,,,0,0,,,,,
32,Mon,2026-08-03 00:00:00,Converting ,Circle 1,,,,,,,,,,0,0,Grand Total,,,0,0,,,,,
32,Tue,2026-08-04 00:00:00,Converting ,Circle 1,,,,,,,,,,0,0,Grand Total,,,0,0,,,,,
32,Wed,2026-08-05 00:00:00,Converting ,Circle 1,,,,,,,,,,0,0,Grand Total,,,0,0,,,,,
32,Thu,2026-08-06 00:00:00,Converting ,Circle 1,,,,,,,,,,0,0,Grand Total,,,0,0,,,,,
32,Fri,2026-08-07 00:00:00,Converting ,Circle 1,,,,,,,,,,0,0,Grand Total,,,0,0,,,,,
32,Sat,2026-08-08 00:00:00,Converting ,Circle 1,,,,,,,,,,0,0,Grand Total,,,0,0,,,,,
32,Sun,2026-08-09 00:00:00,Converting ,Circle 1,,,,,,,,,,0,0,Grand Total,,,0,0,,,,,
33,Mon,2026-08-10 00:00:00,Converting ,Circle 1,,,,,,,,,,0,0,Grand Total,,,0,0,,,,,
33,Tue,2026-08-11 00:00:00,Converting ,Circle 1,,,,,,,,,,0,0,Grand Total,,,0,0,,,,,
33,Wed,2026-08-12 00:00:00,Converting ,Circle 1,,,,,,,,,,0,0,Grand Total,,,0,0,,,,,
33,Thu,2026-08-13 00:00:00,Converting ,Circle 1,,,,,,,,,,0,0,Grand Total,,,0,0,,,,,
33,Fri,2026-08-14 00:00:00,Converting ,Circle 1,,,,,,,,,,0,0,Grand Total,,,0,0,,,,,
33,Sat,2026-08-15 00:00:00,Converting ,Circle 1,,,,,,,,,,0,0,Grand Total,,,0,0,,,,,
33,Sun,2026-08-16 00:00:00,Converting ,Circle 1,,,,,,,,,,0,0,Grand Total,,,0,0,,,,,
34,Mon,2026-08-17 00:00:00,Converting ,Circle 1,,,,,,,,,,0,0,Grand Total,,,0,0,,,,,
34,Tue,2026-08-18 00:00:00,Converting ,Circle 1,,,,,,,,,,0,0,Grand Total,,,0,0,,,,,
34,Wed,2026-08-19 00:00:00,Converting ,Circle 1,,,,,,,,,,0,0,Grand Total,,,0,0,,,,,
34,Thu,2026-08-20 00:00:00,Converting ,Circle 1,,,,,,,,,,0,0,Grand Total,,,0,0,,,,,
34,Fri,2026-08-21 00:00:00,Converting ,Circle 1,,,,,,,,,,0,0,Grand Total,,,0,0,,,,,
34,Sat,2026-08-22 00:00:00,Converting ,Circle 1,,,,,,,,,,0,0,Grand Total,,,0,0,,,,,
34,Sun,2026-08-23 00:00:00,Converting ,Circle 1,,,,,,,,,,0,0,Grand Total,,,0,0,,,,,
35,Mon,2026-08-24 00:00:00,Converting ,Circle 1,,,,,,,,,,0,0,Grand Total,,,0,0,,,,,
35,Tue,2026-08-25 00:00:00,Converting ,Circle 1,,,,,,,,,,0,0,Grand Total,,,0,0,,,,,
35,Wed,2026-08-26 00:00:00,Converting ,Circle 1,,,,,,,,,,0,0,Grand Total,,,0,0,,,,,
35,Thu,2026-08-27 00:00:00,Converting ,Circle 1,,,,,,,,,,0,0,Grand Total,,,0,0,,,,,
35,Fri,2026-08-28 00:00:00,Converting ,Circle 1,,,,,,,,,,0,0,Grand Total,,,0,0,,,,,
35,Sat,2026-08-29 00:00:00,Collagen,Circle 1,,,,,,,,,,0,0,Grand Total,,,0,0,,,,,
35,Sun,2026-08-30 00:00:00,Collagen,Circle 1,,,,,,,,,,0,0,Grand Total,,,0,0,,,,,
36,Mon,2026-08-31 00:00:00,Collagen,Circle 1,,,,,,,,,,0,0,Grand Total,,,0,0,,,,,
36,Tue,2026-09-01 00:00:00,Converting ,Circle 1,,,,,,,,,,0,0,Grand Total,,,0,0,,,,,
36,Wed,2026-09-02 00:00:00,Converting ,Circle 1,,,,,,,,,,0,0,Grand Total,,,0,0,,,,,
36,Thu,2026-09-03 00:00:00,Converting ,Circle 1,,,,,,,,,,0,0,Grand Total,,,0,0,,,,,
36,Fri,2026-09-04 00:00:00,Converting ,Circle 1,,,,,,,,,,0,0,Grand Total,,,0,0,,,,,
36,Sat,2026-09-05 00:00:00,Converting ,Circle 1,,,,,,,,,,0,0,Grand Total,,,0,0,,,,,
36,Sun,2026-09-06 00:00:00,Converting ,Circle 1,,,,,,,,,,0,0,Grand Total,,,0,0,,,,,
37,Mon,2026-09-07 00:00:00,Converting ,Circle 1,,,,,,,,,,0,0,Grand Total,,,0,0,,,,,
37,Tue,2026-09-08 00:00:00,Converting ,Circle 1,,,,,,,,,,0,0,Grand Total,,,0,0,,,,,
37,Wed,2026-09-09 00:00:00,Converting ,Circle 1,,,,,,,,,,0,0,Grand Total,,,0,0,,,,,
37,Thu,2026-09-10 00:00:00,Converting ,Circle 1,,,,,,,,,,0,0,Grand Total,,,0,0,,,,,
37,Fri,2026-09-11 00:00:00,Converting ,Circle 1,,,,,,,,,,0,0,Grand Total,,,0,0,,,,,
37,Sat,2026-09-12 00:00:00,Converting ,Circle 1,,,,,,,,,,0,0,Grand Total,,,0,0,,,,,
37,Sun,2026-09-13 00:00:00,Converting ,Circle 1,,,,,,,,,,0,0,Grand Total,,,0,0,,,,,
38,Mon,2026-09-14 00:00:00,Converting ,Circle 1,,,,,,,,,,0,0,Grand Total,,,0,0,,,,,
38,Tue,2026-09-15 00:00:00,Converting ,Circle 1,,,,,,,,,,0,0,Grand Total,,,0,0,,,,,
38,Wed,2026-09-16 00:00:00,Converting ,Circle 1,,,,,,,,,,0,0,Grand Total,,,0,0,,,,,
38,Thu,2026-09-17 00:00:00,Converting ,Circle 1,,,,,,,,,,0,0,Grand Total,,,0,0,,,,,
38,Fri,2026-09-18 00:00:00,Converting ,Circle 1,,,,,,,,,,0,0,Grand Total,,,0,0,,,,,
38,Sat,2026-09-19 00:00:00,Converting ,Circle 1,,,,,,,,,,0,0,Grand Total,,,0,0,,,,,
38,Sun,2026-09-20 00:00:00,Converting ,Circle 1,,,,,,,,,,0,0,Grand Total,,,0,0,,,,,
39,Mon,2026-09-21 00:00:00,Converting ,Circle 1,,,,,,,,,,0,0,Grand Total,,,0,0,,,,,
39,Tue,2026-09-22 00:00:00,Converting ,Circle 1,,,,,,,,,,0,0,Grand Total,,,0,0,,,,,
39,Thu,2026-09-24 00:00:00,Converting ,Circle 1,,,,,,,,,,0,0,Grand Total,,,0,0,,,,,
39,Fri,2026-09-25 00:00:00,Converting ,Circle 1,,,,,,,,,,0,0,Grand Total,,,0,0,,,,,
39,Sat,2026-09-26 00:00:00,Converting ,Circle 1,,,,,,,,,,0,0,Grand Total,,,0,0,,,,,
39,Sun,2026-09-27 00:00:00,Converting ,Circle 1,,,,,,,,,,0,0,Grand Total,,,0,0,,,,,
40,Mon,2026-09-28 00:00:00,Converting ,Circle 1,,,,,,,,,,0,0,Grand Total,,,0,0,,,,,
40,Tue,2026-09-29 00:00:00,Converting ,Circle 1,,,,,,,,,,0,0,Grand Total,,,0,0,,,,,
40,Wed,2026-09-30 00:00:00,Converting ,Circle 1,,,,,,,,,,0,0,Grand Total,,,0,0,,,,,
40,Thu,2026-10-01 00:00:00,Converting ,Circle 1,,,,,,,,,,0,0,Grand Total,,,0,0,,,,,
40,Fri,2026-10-02 00:00:00,Converting ,Circle 1,,,,,,,,,,0,0,Grand Total,,,0,0,,,,,
40,Sat,2026-10-03 00:00:00,Converting ,Circle 1,,,,,,,,,,0,0,Grand Total,,,0,0,,,,,
40,Sun,2026-10-04 00:00:00,Converting ,Circle 1,,,,,,,,,,0,0,Grand Total,,,0,0,,,,,
41,Mon,2026-10-05 00:00:00,Converting ,Circle 1,,,,,,,,,,0,0,Grand Total,,,0,0,,,,,
41,Tue,2026-10-06 00:00:00,Converting ,Circle 1,,,,,,,,,,0,0,Grand Total,,,0,0,,,,,
41,Wed,2026-10-07 00:00:00,Converting ,Circle 1,,,,,,,,,,0,0,Grand Total,,,0,0,,,,,
41,Thu,2026-10-08 00:00:00,Converting ,Circle 1,,,,,,,,,,0,0,Grand Total,,,0,0,,,,,
41,Fri,2026-10-09 00:00:00,Converting ,Circle 1,,,,,,,,,,0,0,Grand Total,,,0,0,,,,,
41,Sat,2026-10-10 00:00:00,Converting ,Circle 1,,,,,,,,,,0,0,Grand Total,,,0,0,,,,,
41,Sun,2026-10-11 00:00:00,Converting ,Circle 1,,,,,,,,,,0,0,Grand Total,,,0,0,,,,,
42,Mon,2026-10-12 00:00:00,Converting ,Circle 1,,,,,,,,,,0,0,Grand Total,,,0,0,,,,,
42,Tue,2026-10-13 00:00:00,Converting ,Circle 1,,,,,,,,,,0,0,Grand Total,,,0,0,,,,,
42,Wed,2026-10-14 00:00:00,Converting ,Circle 1,,,,,,,,,,0,0,Grand Total,,,0,0,,,,,
42,Thu,2026-10-15 00:00:00,Converting ,Circle 1,,,,,,,,,,0,0,Grand Total,,,0,0,,,,,
42,Fri,2026-10-16 00:00:00,Converting ,Circle 1,,,,,,,,,,0,0,Grand Total,,,0,0,,,,,
42,Sat,2026-10-17 00:00:00,Converting ,Circle 1,,,,,,,,,,0,0,Grand Total,,,0,0,,,,,
42,Sun,2026-10-18 00:00:00,Converting ,Circle 1,,,,,,,,,,0,0,Grand Total,,,0,0,,,,,
43,Mon,2026-10-19 00:00:00,Converting ,Circle 1,,,,,,,,,,0,0,Grand Total,,,0,0,,,,,
43,Tue,2026-10-20 00:00:00,Converting ,Circle 1,,,,,,,,,,0,0,Grand Total,,,0,0,,,,,
43,Wed,2026-10-21 00:00:00,Converting ,Circle 1,,,,,,,,,,0,0,Grand Total,,,0,0,,,,,
43,Thu,2026-10-22 00:00:00,Converting ,Circle 1,,,,,,,,,,0,0,Grand Total,,,0,0,,,,,
43,Fri,2026-10-23 00:00:00,Converting ,Circle 1,,,,,,,,,,0,0,Grand Total,,,0,0,,,,,
43,Sat,2026-10-24 00:00:00,Converting ,Circle 1,,,,,,,,,,0,0,Grand Total,,,0,0,,,,,
43,Sun,2026-10-25 00:00:00,Converting ,Circle 1,,,,,,,,,,0,0,Grand Total,,,0,0,,,,,
44,Mon,2026-10-26 00:00:00,Converting ,Circle 1,,,,,,,,,,0,0,Grand Total,,,0,0,,,,,
44,Tue,2026-10-27 00:00:00,Converting ,Circle 1,,,,,,,,,,0,0,Grand Total,,,0,0,,,,,
44,Wed,2026-10-28 00:00:00,Converting ,Circle 1,,,,,,,,,,0,0,Grand Total,,,0,0,,,,,
44,Thu,2026-10-29 00:00:00,Converting ,Circle 1,,,,,,,,,,0,0,Grand Total,,,0,0,,,,,
44,Fri,2026-10-30 00:00:00,Converting ,Circle 1,,,,,,,,,,0,0,Grand Total,,,0,0,,,,,
44,Sat,2026-10-31 00:00:00,Converting ,Circle 1,,,,,,,,,,0,0,Grand Total,,,0,0,,,,,
44,Sun,2026-11-01 00:00:00,Converting ,Circle 1,,,,,,,,,,0,0,Grand Total,,,0,0,,,,,
45,Mon,2026-11-02 00:00:00,Converting ,Circle 1,,,,,,,,,,0,0,Grand Total,,,0,0,,,,,
45,Tue,2026-11-03 00:00:00,Converting ,Circle 1,,,,,,,,,,0,0,Grand Total,,,0,0,,,,,
45,Wed,2026-11-04 00:00:00,Converting ,Circle 1,,,,,,,,,,0,0,Grand Total,,,0,0,,,,,
45,Thu,2026-11-05 00:00:00,Converting ,Circle 1,,,,,,,,,,0,0,Grand Total,,,0,0,,,,,
45,Fri,2026-11-06 00:00:00,Converting ,Circle 1,,,,,,,,,,0,0,Grand Total,,,0,0,,,,,
45,Sat,2026-11-07 00:00:00,Converting ,Circle 1,,,,,,,,,,0,0,Grand Total,,,0,0,,,,,
45,Sun,2026-11-08 00:00:00,Converting ,Circle 1,,,,,,,,,,0,0,Grand Total,,,0,0,,,,,
46,Mon,2026-11-09 00:00:00,Converting ,Circle 1,,,,,,,,,,0,0,Grand Total,,,0,0,,,,,
46,Tue,2026-11-10 00:00:00,Converting ,Circle 1,,,,,,,,,,0,0,Grand Total,,,0,0,,,,,
46,Wed,2026-11-11 00:00:00,Converting ,Circle 1,,,,,,,,,,0,0,Grand Total,,,0,0,,,,,
46,Thu,2026-11-12 00:00:00,Converting ,Circle 1,,,,,,,,,,0,0,Grand Total,,,0,0,,,,,
46,Fri,2026-11-13 00:00:00,Converting ,Circle 1,,,,,,,,,,0,0,Grand Total,,,0,0,,,,,
46,Sat,2026-11-14 00:00:00,Converting ,Circle 1,,,,,,,,,,0,0,Grand Total,,,0,0,,,,,
46,Sun,2026-11-15 00:00:00,Converting ,Circle 1,,,,,,,,,,0,0,Grand Total,,,0,0,,,,,
47,Mon,2026-11-16 00:00:00,Converting ,Circle 1,,,,,,,,,,0,0,Grand Total,,,0,0,,,,,
47,Tue,2026-11-17 00:00:00,Converting ,Circle 1,,,,,,,,,,0,0,Grand Total,,,0,0,,,,,
47,Wed,2026-11-18 00:00:00,Converting ,Circle 1,,,,,,,,,,0,0,Grand Total,,,0,0,,,,,
47,Thu,2026-11-19 00:00:00,Converting ,Circle 1,,,,,,,,,,0,0,Grand Total,,,0,0,,,,,
47,Fri,2026-11-20 00:00:00,Converting ,Circle 1,,,,,,,,,,0,0,Grand Total,,,0,0,,,,,
47,Sat,2026-11-21 00:00:00,Converting ,Circle 1,,,,,,,,,,0,0,Grand Total,,,0,0,,,,,
47,Sun,2026-11-22 00:00:00,Converting ,Circle 1,,,,,,,,,,0,0,Grand Total,,,0,0,,,,,
48,Mon,2026-11-23 00:00:00,Converting ,Circle 1,,,,,,,,,,0,0,Grand Total,,,0,0,,,,,
48,Tue,2026-11-24 00:00:00,Converting ,Circle 1,,,,,,,,,,0,0,Grand Total,,,0,0,,,,,
48,Wed,2026-11-25 00:00:00,Converting ,Circle 1,,,,,,,,,,0,0,Grand Total,,,0,0,,,,,
48,Thu,2026-11-26 00:00:00,Converting ,Circle 1,,,,,,,,,,0,0,Grand Total,,,0,0,,,,,
48,Fri,2026-11-27 00:00:00,Converting ,Circle 1,,,,,,,,,,0,0,Grand Total,,,0,0,,,,,
48,Sat,2026-11-28 00:00:00,Converting ,Circle 1,,,,,,,,,,0,0,Grand Total,,,0,0,,,,,
48,Sun,2026-11-29 00:00:00,Converting ,Circle 1,,,,,,,,,,0,0,Grand Total,,,0,0,,,,,
49,Mon,2026-11-30 00:00:00,Converting ,Circle 1,,,,,,,,,,0,0,Grand Total,,,0,0,,,,,
49,Tue,2026-12-01 00:00:00,Converting ,Circle 1,,,,,,,,,,0,0,Grand Total,,,0,0,,,,,
49,Wed,2026-12-02 00:00:00,Converting ,Circle 1,,,,,,,,,,0,0,Grand Total,,,0,0,,,,,
49,Thu,2026-12-03 00:00:00,Converting ,Circle 1,,,,,,,,,,0,0,Grand Total,,,0,0,,,,,
49,Fri,2026-12-04 00:00:00,Converting ,Circle 1,,,,,,,,,,0,0,Grand Total,,,0,0,,,,,
49,Sat,2026-12-05 00:00:00,Converting ,Circle 1,,,,,,,,,,0,0,Grand Total,,,0,0,,,,,
49,Sun,2026-12-06 00:00:00,Converting ,Circle 1,,,,,,,,,,0,0,Grand Total,,,0,0,,,,,
50,Mon,2026-12-07 00:00:00,Converting ,Circle 1,,,,,,,,,,0,0,Grand Total,,,0,0,,,,,
50,Tue,2026-12-08 00:00:00,Converting ,Circle 1,,,,,,,,,,0,0,Grand Total,,,0,0,,,,,
50,Wed,2026-12-09 00:00:00,Converting ,Circle 1,,,,,,,,,,0,0,Grand Total,,,0,0,,,,,
50,Thu,2026-12-10 00:00:00,Converting ,Circle 1,,,,,,,,,,0,0,Grand Total,,,0,0,,,,,
50,Fri,2026-12-11 00:00:00,Converting ,Circle 1,,,,,,,,,,0,0,Grand Total,,,0,0,,,,,
50,Sat,2026-12-12 00:00:00,Converting ,Circle 1,,,,,,,,,,0,0,Grand Total,,,0,0,,,,,
50,Sun,2026-12-13 00:00:00,Converting ,Circle 1,,,,,,,,,,0,0,Grand Total,,,0,0,,,,,
51,Mon,2026-12-14 00:00:00,Converting ,Circle 1,,,,,,,,,,0,0,Grand Total,,,0,0,,,,,
51,Tue,2026-12-15 00:00:00,Converting ,Circle 1,,,,,,,,,,0,0,Grand Total,,,0,0,,,,,
51,Wed,2026-12-16 00:00:00,Converting ,Circle 1,,,,,,,,,,0,0,Grand Total,,,0,0,,,,,
51,Thu,2026-12-17 00:00:00,Converting ,Circle 1,,,,,,,,,,0,0,Grand Total,,,0,0,,,,,
51,Fri,2026-12-18 00:00:00,Converting ,Circle 1,,,,,,,,,,0,0,Grand Total,,,0,0,,,,,
51,Sat,2026-12-19 00:00:00,Converting ,Circle 1,,,,,,,,,,0,0,Grand Total,,,0,0,,,,,
51,Sun,2026-12-20 00:00:00,Converting ,Circle 1,,,,,,,,,,0,0,Grand Total,,,0,0,,,,,
52,Mon,2026-12-21 00:00:00,Converting ,Circle 1,,,,,,,,,,0,0,Grand Total,,,0,0,,,,,
52,Tue,2026-12-22 00:00:00,Converting ,Circle 1,,,,,,,,,,0,0,Grand Total,,,0,0,,,,,
52,Wed,2026-12-23 00:00:00,Converting ,Circle 1,,,,,,,,,,0,0,Grand Total,,,0,0,,,,,
52,Thu,2026-12-24 00:00:00,Converting ,Circle 1,,,,,,,,,,0,0,Grand Total,,,0,0,,,,,
52,Fri,2026-12-25 00:00:00,Converting ,Circle 1,,,,,,,,,,0,0,Grand Total,,,0,0,,,,,
52,Sat,2026-12-26 00:00:00,Converting ,Circle 1,,,,,,,,,,0,0,Grand Total,,,0,0,,,,,
52,Sun,2026-12-27 00:00:00,Converting ,Circle 1,,,,,,,,,,0,0,Grand Total,,,0,0,,,,,
53,Mon,2026-12-28 00:00:00,Converting ,Circle 1,,,,,,,,,,0,0,Grand Total,,,0,0,,,,,
53,Tue,2026-12-29 00:00:00,Converting ,Circle 1,,,,,,,,,,0,0,Grand Total,,,0,0,,,,,
53,Wed,2026-12-30 00:00:00,Converting ,Circle 1,,,,,,,,,,0,0,Grand Total,,,0,0,,,,,
53,Thu,2026-12-31 00:00:00,Converting ,Circle 1,,,,,,,,,,0,0,Grand Total,,,0,0,,,,,
1,Thu,2026-01-01 00:00:00,Converting ,Circle 2,,,,,,,,,,0,0,Grand Total,,,0,0,,,,,
1,Fri,2026-01-02 00:00:00,Converting ,Circle 2,,,,,,,,,,0,0,Grand Total,,,0,0,,,,,
1,Tue,2023-01-03 00:00:00,Converting ,Circle 2,,,,,,,,,,0,0,Grand Total,,,0,0,,,,,
1,Sun,2026-01-04 00:00:00,Converting ,Circle 2,,,,,,,,,,0,0,Grand Total,,,0,0,,,,,
2,Mon,2026-01-05 00:00:00,Converting ,Circle 2,,,,,,,,,,0,0,Grand Total,,,0,0,,,,,
2,Tue,2026-01-06 00:00:00,Converting ,Circle 2,,,,,,,,,,0,0,Grand Total,,,0,0,,,,,
2,Wed,2026-01-07 00:00:00,Converting ,Circle 2,,,,,,,,,,0,0,Grand Total,,,0,0,,,,,
2,Thu,2026-01-08 00:00:00,Converting ,Circle 2,,,,,,,,,,0,0,Grand Total,,,0,0,,,,,
2,Fri,2026-01-09 00:00:00,Converting ,Circle 2,No,Pre-Sterile ,5005,54173,,5,17160,0,CTN,0,0,Grand Total,,,0,0,,,,,
2,Sat,2026-01-10 00:00:00,Converting ,Circle 2,,,,,,,,,,0,0,Grand Total,,,0,0,,,,,
2,Sun,2026-01-11 00:00:00,Converting ,Circle 2,,,,,,,,,,0,0,Grand Total,,,0,0,,,,,
3,Mon,2026-01-12 00:00:00,Converting ,Circle 2,No,Pre-Sterile ,5005,54173,,7,17160,9100,CTN,0,0,Grand Total,,,0,0,,,,,
3,Tue,2026-01-13 00:00:00,Converting ,Circle 2,No,Pre-Sterile ,5005,54173,,7,17160,8060,CTN,0,0,Grand Total,,,0,0,,,,,
3,Wed,2026-01-14 00:00:00,Converting ,Circle 2,,,,,,,,,,0,0,Grand Total,,,0,0,,,,,
3,Thu,2026-01-15 00:00:00,Converting ,Circle 2,,,,PM,,,,,,0,0,Grand Total,,,0,0,,,,,
3,Fri,2026-01-16 00:00:00,Converting ,Circle 2,,,,,,,,,,0,0,Grand Total,,,0,0,,,,,
3,Sat,2026-01-17 00:00:00,Converting ,Circle 2,,,,,,,,,,0,0,Grand Total,,,0,0,,,,,
3,Sun,2026-01-18 00:00:00,Converting ,Circle 2,,,,,,,,,,0,0,Grand Total,,,0,0,,,,,
4,Mon,2026-01-19 00:00:00,Converting ,Circle 2,,,,,,,,,,0,0,Grand Total,,,0,0,,,,,
4,Tue,2026-01-20 00:00:00,Converting ,Circle 2,,,,,,,,,,0,0,Grand Total,,,0,0,,,,,
4,Wed,2026-01-21 00:00:00,Converting ,Circle 2,,,,,,,,,,0,0,Grand Total,,,0,0,,,,,
4,Thu,2026-01-22 00:00:00,Converting ,Circle 2,,,,,,,,,,0,0,Grand Total,,,0,0,,,,,
4,Fri,2026-01-23 00:00:00,Converting ,Circle 2,,,,,,,,,,0,0,Grand Total,,,0,0,,,,,
4,Sat,2026-01-24 00:00:00,Converting ,Circle 2,,,,,,,,,,0,0,Grand Total,,,0,0,,,,,
4,Sun,2026-01-25 00:00:00,Converting ,Circle 2,,,,,,,,,,0,0,Grand Total,,,0,0,,,,,
5,Mon,2026-01-26 00:00:00,Converting ,Circle 2,,,,,,,,,,0,0,Grand Total,,,0,0,,,,,
5,Tue,2026-01-27 00:00:00,Converting ,Circle 2,,,,,,,,,,0,0,Grand Total,,,0,0,,,,,
5,Wed,2026-01-28 00:00:00,Converting ,Circle 2,,,,,,,,,,0,0,Grand Total,,,0,0,,,,,
5,Thu,2026-01-29 00:00:00,Converting ,Circle 2,,,,,,,,,,0,0,Grand Total,,,0,0,,,,,
5,Fri,2026-01-30 00:00:00,Converting ,Circle 2,Yes,Sterile,6011,54629,,5,340,0,CS,0,0,Grand Total,6,11,1398.54,645.771577,,,,,
5,Sat,2026-01-31 00:00:00,Converting ,Circle 2,,,,,,,,,,0,0,Grand Total,,,0,0,,,,,
5,Sun,2026-02-01 00:00:00,Converting ,Circle 2,,,,,,,,,,0,0,Grand Total,,,0,0,,,,,
6,Mon,2026-02-02 00:00:00,Converting ,Circle 2,Yes,Sterile,6011,54629,,7,340,150,CS,19071,8805.976050000001,Grand Total,56,88,11188.32,5166.172616,,,,,
6,Tue,2026-02-03 00:00:00,Converting ,Circle 2,Yes,Sterile,6011,54629,,7,340,150,CS,19071,8805.976050000001,Grand Total,,,0,0,,,,,
6,Wed,2026-02-04 00:00:00,Converting ,Circle 2,Yes,Sterile,6011,54629,,3,340,40,CS,5085.6,2348.26028,Grand Total,,,0,0,,,,,
6,Wed,2026-02-04 00:00:00,Converting ,Circle 2,Yes,Sterile,6008,54646,,5,149,0,CS,0,0,Grand Total,49,86,6186.84,2509.8180660000003,,,,,
6,Thu,2026-02-05 00:00:00,Converting ,Circle 2,Yes,Sterile,6008,54646,,5,149,149,CS,10719.06,4348.405719,Grand Total,18,137,9855.779999999999,3998.198547,,,,,
6,Fri,2026-02-06 00:00:00,Converting ,Circle 2,Yes,Sterile,6013,54648,,5,250,0,CS,0,0,Grand Total,,,0,0,,,,,
6,Sat,2026-02-07 00:00:00,Converting ,Circle 2,,,,,,,,,,0,0,Grand Total,,,0,0,,,,,
6,Sun,2026-02-08 00:00:00,Converting ,Circle 2,,,,,,,,,,0,0,Grand Total,,,0,0,,,,,
7,Mon,2026-02-09 00:00:00,Converting ,Circle 2,Yes,Sterile,6013,54648,,7,250,105,CS,12915,6265.40523,Grand Total,,,0,0,,,,,
7,Tue,2026-02-10 00:00:00,Converting ,Circle 2,Yes,Sterile,6013,54648,,7,250,105,CS,12915,6265.40523,Grand Total,,,0,0,,,,,
7,Wed,2026-02-11 00:00:00,Converting ,Circle 2,Yes,Sterile,6013,54648,,2,250,40,CS,4920,2386.8210400000003,Grand Total,,,0,0,,,,,
7,Thu,2026-02-12 00:00:00,Converting ,Circle 2,,,,,,,,,,0,0,Grand Total,,,0,0,,,,,
7,Fri,2026-02-13 00:00:00,Converting ,Circle 2,,,,,,,,,,0,0,Grand Total,,,0,0,,,,,
7,Sat,2026-02-14 00:00:00,Converting ,Circle 2,,,,,,,,,,0,0,Grand Total,,,0,0,,,,,
7,Sun,2026-02-15 00:00:00,Converting ,Circle 2,,,,,,,,,,0,0,Grand Total,,,0,0,,,,,
8,Mon,2026-02-16 00:00:00,Converting ,Circle 2,No,Pre-Sterile ,5005,54173,,5,17160,0,CTN,0,0,Grand Total,10,9500,0,0,,,,,
8,Tue,2026-02-17 00:00:00,Converting ,Circle 2,No,Pre-Sterile ,5005,54173,,7,17160,9100,CTN,0,0,Grand Total,45,45500,0,0,,,,,
8,Wed,2026-02-18 00:00:00,Converting ,Circle 2,No,Pre-Sterile ,5005,54173,,7,17160,8060,CTN,0,0,Grand Total,,,0,0,,,,,
8,Thu,2026-02-19 00:00:00,Converting ,Circle 2,Yes,Non-Sterile,1674,54394,,7,550000,0,EA,0,0,Grand Total,49,68000,11444.4,1958.6719999999998,,,,,
8,Fri,2026-02-20 00:00:00,Converting ,Circle 2,Yes,Non-Sterile,1674,54394,,14,550000,140000,EA,23562,4032.5599999999995,Grand Total,,,0,0,,,,,
8,Sat,2026-02-21 00:00:00,Converting ,Circle 2,,,,,,,,,,0,0,Grand Total,,,0,0,,,,,
8,Sun,2026-02-22 00:00:00,Converting ,Circle 2,,,,,,,,,,0,0,Grand Total,,,0,0,,,,,
9,Mon,2026-02-23 00:00:00,Converting ,Circle 2,Yes,Non-Sterile,1674,54394,,14,550000,140000,EA,23562,4032.5599999999995,Grand Total,,,0,0,,,,,
9,Tue,2026-02-24 00:00:00,Converting ,Circle 2,Yes,Non-Sterile,1674,54394,,14,550000,140000,EA,23562,4032.5599999999995,Grand Total,,,0,0,,,,,
9,Wed,2026-02-25 00:00:00,Converting ,Circle 2,Yes,Non-Sterile,1674,54394,,13,550000,130000,EA,21879,3744.5199999999995,Grand Total,,,0,0,,,,,
9,Thu,2026-02-26 00:00:00,Converting ,Circle 2,Yes,Non-Sterile,1673,54393,,14,440000,100000,EA,16560,4516.5,Grand Total,48,88000,14572.8,3974.5199999999995,,,,,
9,Fri,2026-02-27 00:00:00,Converting ,Circle 2,Yes,Non-Sterile,1673,54393,,14,440000,140000,EA,23184,6323.099999999999,Grand Total,63,92000,15235.199999999999,4155.179999999999,,,,,
9,Sat,2026-02-28 00:00:00,Converting ,Circle 2,,,,,,,,,,0,0,Grand Total,,,0,0,,,,,
9,Sun,2026-03-01 00:00:00,Converting ,Circle 2,,,,,,,,,,0,0,Grand Total,,,0,0,,,,,
10,Mon,2026-03-02 00:00:00,Converting ,Circle 2,Yes,Non-Sterile,1673,54393,,12,440000,140000,EA,23184,6323.099999999999,Grand Total,103,172000,28483.2,7768.379999999999,,,,,
10,Tue,2026-03-03 00:00:00,Converting ,Circle 2,Yes,Non-Sterile,1673,54393,,6,440000,60000,EA,9936,2709.8999999999996,Grand Total,30,34800,5762.88,1571.742,,,,,
10,Wed,2026-03-04 00:00:00,Converting ,Circle 2,,,,,,,,,,0,0,Grand Total,,,0,0,,,,,
10,Thu,2026-03-05 00:00:00,Converting ,Circle 2,,,,,,,,,,0,0,Grand Total,,,0,0,,,,,
10,Fri,2026-03-06 00:00:00,Converting ,Circle 2,,,,,,,,,,0,0,Grand Total,,,0,0,,,,,
10,Sat,2026-03-07 00:00:00,Converting ,Circle 2,,,,,,,,,,0,0,Grand Total,,,0,0,,,,,
10,Sun,2026-03-08 00:00:00,Converting ,Circle 2,,,,,,,,,,0,0,Grand Total,,,0,0,,,,,
11,Mon,2026-03-09 00:00:00,Converting ,Circle 2,,,,,,,,,,0,0,Grand Total,,,0,0,,,,,
11,Tue,2026-03-10 00:00:00,Converting ,Circle 2,,,,,,,,,,0,0,Grand Total,,,0,0,,,,,
11,Wed,2026-03-11 00:00:00,Converting ,Circle 2,,,,,,,,,,0,0,Grand Total,,,0,0,,,,,
11,Thu,2026-03-12 00:00:00,Converting ,Circle 2,,,,,,,,,,0,0,Grand Total,,,0,0,,,,,
11,Fri,2026-03-13 00:00:00,Converting ,Circle 2,,,,,,,,,,0,0,Grand Total,,,0,0,,,,,
11,Sat,2026-03-14 00:00:00,Converting ,Circle 2,,,,,,,,,,0,0,Grand Total,,,0,0,,,,,
11,Sun,2026-03-15 00:00:00,Converting ,Circle 2,,,,,,,,,,0,0,Grand Total,,,0,0,,,,,
12,Mon,2026-03-16 00:00:00,Converting ,Circle 2,,,,,,,,,,0,0,Grand Total,,,0,0,,,,,
12,Tue,2026-03-17 00:00:00,Converting ,Circle 2,,,,,,,,,,0,0,Grand Total,,,0,0,,,,,
12,Wed,2026-03-18 00:00:00,Converting ,Circle 2,,,,,,,,,,0,0,Grand Total,,,0,0,,,,,
12,Thu,2026-03-19 00:00:00,Converting ,Circle 2,,,,,,,,,,0,0,Grand Total,,,0,0,,,,,
12,Fri,2026-03-20 00:00:00,Converting ,Circle 2,,,,,,,,,,0,0,Grand Total,,,0,0,,,,,
12,Sat,2026-03-21 00:00:00,Converting ,Circle 2,,,,,,,,,,0,0,Grand Total,,,0,0,,,,,
12,Sun,2026-03-22 00:00:00,Converting ,Circle 2,,,,,,,,,,0,0,Grand Total,,,0,0,,,,,
13,Mon,2026-03-23 00:00:00,Converting ,Circle 2,,,,,,,,,,0,0,Grand Total,,,0,0,,,,,
13,Tue,2026-03-24 00:00:00,Converting ,Circle 2,,,,,,,,,,0,0,Grand Total,,,0,0,,,,,
13,Wed,2026-03-25 00:00:00,Converting ,Circle 2,,,,,,,,,,0,0,Grand Total,,,0,0,,,,,
13,Thu,2026-03-26 00:00:00,Converting ,Circle 2,,,,,,,,,,0,0,Grand Total,,,0,0,,,,,
13,Fri,2026-03-27 00:00:00,Converting ,Circle 2,,,,,,,,,,0,0,Grand Total,,,0,0,,,,,
13,Sat,2026-03-28 00:00:00,Converting ,Circle 2,,,,,,,,,,0,0,Grand Total,,,0,0,,,,,
13,Sun,2026-03-29 00:00:00,Converting ,Circle 2,,,,,,,,,,0,0,Grand Total,,,0,0,,,,,
14,Mon,2026-03-30 00:00:00,Converting ,Circle 2,,,,,,,,,,0,0,Grand Total,,,0,0,,,,,
14,Tue,2026-03-31 00:00:00,Converting ,Circle 2,,,,,,,,,,0,0,Grand Total,,,0,0,,,,,
14,Wed,2026-04-01 00:00:00,Converting ,Circle 2,,,,,,,,,,0,0,Grand Total,,,0,0,,,,,
14,Thu,2026-04-02 00:00:00,Converting ,Circle 2,,,,,,,,,,0,0,Grand Total,,,0,0,,,,,
14,Fri,2026-04-03 00:00:00,Converting ,Circle 2,,,,,,,,,,0,0,Grand Total,,,0,0,,,,,
14,Sat,2026-04-04 00:00:00,Converting ,Circle 2,,,,,,,,,,0,0,Grand Total,,,0,0,,,,,
14,Sun,2026-04-05 00:00:00,Converting ,Circle 2,,,,,,,,,,0,0,Grand Total,,,0,0,,,,,
15,Mon,2026-04-06 00:00:00,Converting ,Circle 2,,,,,,,,,,0,0,Grand Total,,,0,0,,,,,
15,Tue,2026-04-07 00:00:00,Converting ,Circle 2,,,,,,,,,,0,0,Grand Total,,,0,0,,,,,
15,Wed,2026-04-08 00:00:00,Converting ,Circle 2,Yes,Pre-Sterile ,6010,55041,,5,870,0,CS,0,0,Grand Total,,,0,0,,,,,
15,Thu,2026-04-09 00:00:00,Converting ,Circle 2,Yes,Pre-Sterile ,6010,55041,,14,870,315,CS,32130,12177.589095000001,Grand Total,,,0,0,,,,,
15,Fri,2026-04-10 00:00:00,Converting ,Circle 2,Yes,Pre-Sterile ,6010,55041,,14,870,315,CS,32130,12177.589095000001,Grand Total,,,0,0,,,,,
15,Sat,2026-04-11 00:00:00,Converting ,Circle 2,,,,,,,,,,0,0,Grand Total,,,0,0,,,,,
15,Sun,2026-04-12 00:00:00,Converting ,Circle 2,,,,,,,,,,0,0,Grand Total,,,0,0,,,,,
16,Mon,2026-04-13 00:00:00,Converting ,Circle 2,Yes,Pre-Sterile ,6010,55041,,11,870,240,CS,24480,9278.163120000001,Grand Total,,,0,0,,,,,
16,Mon,2026-04-13 00:00:00,Converting ,Circle 2,Yes,Pre-Sterile ,6011,55042,,3,80,0,CS,0,0,Grand Total,,,0,0,,,,,
16,Tue,2026-04-14 00:00:00,Converting ,Circle 2,Yes,Pre-Sterile ,6011,55042,,4,80,80,CS,10171.2,4696.52056,Grand Total,,,0,0,,,,,
16,Wed,2026-04-15 00:00:00,Converting ,Circle 2,,,,,,,,,,0,0,Grand Total,,,0,0,,,,,
16,Thu,2026-04-16 00:00:00,Converting ,Circle 2,,,,,,,,,,0,0,Grand Total,,,0,0,,,,,
16,Fri,2026-04-17 00:00:00,Converting ,Circle 2,,,,,,,,,,0,0,Grand Total,,,0,0,,,,,
16,Sat,2026-04-18 00:00:00,Converting ,Circle 2,,,,,,,,,,0,0,Grand Total,,,0,0,,,,,
16,Sun,2026-04-19 00:00:00,Converting ,Circle 2,,,,,,,,,,0,0,Grand Total,,,0,0,,,,,
17,Mon,2026-04-20 00:00:00,Converting ,Circle 2,,,,,,,,,,0,0,Grand Total,,,0,0,,,,,
17,Tue,2026-04-21 00:00:00,Converting ,Circle 2,,,,,,,,,,0,0,Grand Total,,,0,0,,,,,
17,Wed,2026-04-22 00:00:00,Converting ,Circle 2,,,,,,,,,,0,0,Grand Total,,,0,0,,,,,
17,Thu,2026-04-23 00:00:00,Converting ,Circle 2,,,,,,,,,,0,0,Grand Total,,,0,0,,,,,
17,Fri,2026-04-24 00:00:00,Converting ,Circle 2,,,,,,,,,,0,0,Grand Total,,,0,0,,,,,
17,Sat,2026-04-25 00:00:00,Converting ,Circle 2,,,,,,,,,,0,0,Grand Total,,,0,0,,,,,
17,Sun,2026-04-26 00:00:00,Converting ,Circle 2,,,,,,,,,,0,0,Grand Total,,,0,0,,,,,
18,Mon,2026-04-27 00:00:00,Converting ,Circle 2,,,,,,,,,,0,0,Grand Total,,,0,0,,,,,
18,Tue,2026-04-28 00:00:00,Converting ,Circle 2,,,,,,,,,,0,0,Grand Total,,,0,0,,,,,
18,Wed,2026-04-29 00:00:00,Converting ,Circle 2,,,,,,,,,,0,0,Grand Total,,,0,0,,,,,
18,Thu,2026-04-30 00:00:00,Converting ,Circle 2,,,,,,,,,,0,0,Grand Total,,,0,0,,,,,
18,Fri,2026-05-01 00:00:00,Converting ,Circle 2,,,,,,,,,,0,0,Grand Total,,,0,0,,,,,
18,Sat,2026-05-02 00:00:00,Converting ,Circle 2,,,,,,,,,,0,0,Grand Total,,,0,0,,,,,
18,Sun,2026-05-03 00:00:00,Converting ,Circle 2,,,,,,,,,,0,0,Grand Total,,,0,0,,,,,
19,Mon,2026-05-04 00:00:00,Converting ,Circle 2,,,,,,,,,,0,0,Grand Total,,,0,0,,,,,
19,Tue,2026-05-05 00:00:00,Converting ,Circle 2,,,,,,,,,,0,0,Grand Total,,,0,0,,,,,
19,Wed,2026-05-06 00:00:00,Converting ,Circle 2,,,,,,,,,,0,0,Grand Total,,,0,0,,,,,
19,Thu,2026-05-07 00:00:00,Converting ,Circle 2,,,,,,,,,,0,0,Grand Total,,,0,0,,,,,
19,Fri,2026-05-08 00:00:00,Converting ,Circle 2,,,,,,,,,,0,0,Grand Total,,,0,0,,,,,
19,Sat,2026-05-09 00:00:00,Converting ,Circle 2,,,,,,,,,,0,0,Grand Total,,,0,0,,,,,
19,Sun,2026-05-10 00:00:00,Converting ,Circle 2,,,,,,,,,,0,0,Grand Total,,,0,0,,,,,
20,Mon,2026-05-11 00:00:00,Converting ,Circle 2,,,,,,,,,,0,0,Grand Total,,,0,0,,,,,
20,Tue,2026-05-12 00:00:00,Converting ,Circle 2,,,,,,,,,,0,0,Grand Total,,,0,0,,,,,
20,Wed,2026-05-13 00:00:00,Converting ,Circle 2,,,,,,,,,,0,0,Grand Total,,,0,0,,,,,
20,Thu,2026-05-14 00:00:00,Converting ,Circle 2,,,,,,,,,,0,0,Grand Total,,,0,0,,,,,
20,Fri,2026-05-15 00:00:00,Converting ,Circle 2,,,,,,,,,,0,0,Grand Total,,,0,0,,,,,
20,Sat,2026-05-16 00:00:00,Converting ,Circle 2,,,,,,,,,,0,0,Grand Total,,,0,0,,,,,
20,Sun,2026-05-17 00:00:00,Converting ,Circle 2,,,,,,,,,,0,0,Grand Total,,,0,0,,,,,
21,Mon,2026-05-18 00:00:00,Converting ,Circle 2,,,,,,,,,,0,0,Grand Total,,,0,0,,,,,
21,Tue,2026-05-19 00:00:00,Converting ,Circle 2,,,,,,,,,,0,0,Grand Total,,,0,0,,,,,
21,Wed,2026-05-20 00:00:00,Converting ,Circle 2,,,,,,,,,,0,0,Grand Total,,,0,0,,,,,
21,Thu,2026-05-21 00:00:00,Converting ,Circle 2,,,,,,,,,,0,0,Grand Total,,,0,0,,,,,
21,Fri,2026-05-22 00:00:00,Converting ,Circle 2,,,,,,,,,,0,0,Grand Total,,,0,0,,,,,
21,Sat,2026-05-23 00:00:00,Converting ,Circle 2,,,,,,,,,,0,0,Grand Total,,,0,0,,,,,
21,Sun,2026-05-24 00:00:00,Converting ,Circle 2,,,,,,,,,,0,0,Grand Total,,,0,0,,,,,
22,Mon,2026-05-25 00:00:00,Converting ,Circle 2,,,,,,,,,,0,0,Grand Total,,,0,0,,,,,
22,Tue,2026-05-26 00:00:00,Converting ,Circle 2,,,,,,,,,,0,0,Grand Total,,,0,0,,,,,
22,Wed,2026-05-27 00:00:00,Converting ,Circle 2,,,,,,,,,,0,0,Grand Total,,,0,0,,,,,
22,Thu,2026-05-28 00:00:00,Converting ,Circle 2,,,,,,,,,,0,0,Grand Total,,,0,0,,,,,
22,Fri,2026-05-29 00:00:00,Converting ,Circle 2,,,,,,,,,,0,0,Grand Total,,,0,0,,,,,
22,Sat,2026-05-30 00:00:00,Converting ,Circle 2,,,,,,,,,,0,0,Grand Total,,,0,0,,,,,
22,Sun,2026-05-31 00:00:00,Converting ,Circle 2,,,,,,,,,,0,0,Grand Total,,,0,0,,,,,
23,Mon,2026-06-01 00:00:00,Converting ,Circle 2,,,,,,,,,,0,0,Grand Total,,,0,0,,,,,
23,Tue,2026-06-02 00:00:00,Converting ,Circle 2,,,,,,,,,,0,0,Grand Total,,,0,0,,,,,
23,Wed,2026-06-03 00:00:00,Converting ,Circle 2,,,,,,,,,,0,0,Grand Total,,,0,0,,,,,
23,Thu,2026-06-04 00:00:00,Converting ,Circle 2,,,,,,,,,,0,0,Grand Total,,,0,0,,,,,
23,Fri,2026-06-05 00:00:00,Converting ,Circle 2,,,,,,,,,,0,0,Grand Total,,,0,0,,,,,
23,Sat,2026-06-06 00:00:00,Converting ,Circle 2,,,,,,,,,,0,0,Grand Total,,,0,0,,,,,
23,Sun,2026-06-07 00:00:00,Converting ,Circle 2,,,,,,,,,,0,0,Grand Total,,,0,0,,,,,
24,Mon,2026-06-08 00:00:00,Converting ,Circle 2,,,,,,,,,,0,0,Grand Total,,,0,0,,,,,
24,Tue,2026-06-09 00:00:00,Converting ,Circle 2,,,,,,,,,,0,0,Grand Total,,,0,0,,,,,
24,Wed,2026-06-10 00:00:00,Converting ,Circle 2,,,,,,,,,,0,0,Grand Total,,,0,0,,,,,
24,Thu,2026-06-11 00:00:00,Converting ,Circle 2,,,,,,,,,,0,0,Grand Total,,,0,0,,,,,
24,Fri,2026-06-12 00:00:00,Converting ,Circle 2,,,,,,,,,,0,0,Grand Total,,,0,0,,,,,
24,Sat,2026-06-13 00:00:00,Converting ,Circle 2,,,,,,,,,,0,0,Grand Total,,,0,0,,,,,
24,Sun,2026-06-14 00:00:00,Converting ,Circle 2,,,,,,,,,,0,0,Grand Total,,,0,0,,,,,
25,Mon,2026-06-15 00:00:00,Converting ,Circle 2,,,,,,,,,,0,0,Grand Total,,,0,0,,,,,
25,Tue,2026-06-16 00:00:00,Converting ,Circle 2,,,,,,,,,,0,0,Grand Total,,,0,0,,,,,
25,Wed,2026-06-17 00:00:00,Converting ,Circle 2,,,,,,,,,,0,0,Grand Total,,,0,0,,,,,
25,Thu,2026-06-18 00:00:00,Converting ,Circle 2,,,,,,,,,,0,0,Grand Total,,,0,0,,,,,
25,Fri,2026-06-19 00:00:00,Converting ,Circle 2,,,,,,,,,,0,0,Grand Total,,,0,0,,,,,
25,Sat,2026-06-20 00:00:00,Converting ,Circle 2,,,,,,,,,,0,0,Grand Total,,,0,0,,,,,
25,Sun,2026-06-21 00:00:00,Converting ,Circle 2,,,,,,,,,,0,0,Grand Total,,,0,0,,,,,
26,Mon,2026-06-22 00:00:00,Converting ,Circle 2,,,,,,,,,,0,0,Grand Total,,,0,0,,,,,
26,Tue,2026-06-23 00:00:00,Converting ,Circle 2,,,,,,,,,,0,0,Grand Total,,,0,0,,,,,
26,Wed,2026-06-24 00:00:00,Converting ,Circle 2,,,,,,,,,,0,0,Grand Total,,,0,0,,,,,
26,Thu,2026-06-25 00:00:00,Converting ,Circle 2,,,,,,,,,,0,0,Grand Total,,,0,0,,,,,
26,Fri,2026-06-26 00:00:00,Converting ,Circle 2,,,,,,,,,,0,0,Grand Total,,,0,0,,,,,
26,Sat,2026-06-27 00:00:00,Converting ,Circle 2,,,,,,,,,,0,0,Grand Total,,,0,0,,,,,
26,Sun,2026-06-28 00:00:00,Converting ,Circle 2,,,,,,,,,,0,0,Grand Total,,,0,0,,,,,
27,Mon,2026-06-29 00:00:00,Converting ,Circle 2,,,,,,,,,,0,0,Grand Total,,,0,0,,,,,
27,Tue,2026-06-30 00:00:00,Converting ,Circle 2,,,,,,,,,,0,0,Grand Total,,,0,0,,,,,
27,Wed,2026-07-01 00:00:00,Converting ,Circle 2,,,,,,,,,,0,0,Grand Total,,,0,0,,,,,
27,Thu,2026-07-02 00:00:00,Converting ,Circle 2,,,,,,,,,,0,0,Grand Total,,,0,0,,,,,
27,Fri,2026-07-03 00:00:00,Converting ,Circle 2,,,,,,,,,,0,0,Grand Total,,,0,0,,,,,
27,Sat,2026-07-04 00:00:00,Converting ,Circle 2,,,,,,,,,,0,0,Grand Total,,,0,0,,,,,
27,Sun,2026-07-05 00:00:00,Converting ,Circle 2,,,,,,,,,,0,0,Grand Total,,,0,0,,,,,
28,Mon,2026-07-06 00:00:00,Converting ,Circle 2,,,,,,,,,,0,0,Grand Total,,,0,0,,,,,
28,Tue,2026-07-07 00:00:00,Converting ,Circle 2,,,,,,,,,,0,0,Grand Total,,,0,0,,,,,
28,Wed,2026-07-08 00:00:00,Converting ,Circle 2,,,,,,,,,,0,0,Grand Total,,,0,0,,,,,
28,Thu,2026-07-09 00:00:00,Converting ,Circle 2,,,,,,,,,,0,0,Grand Total,,,0,0,,,,,
28,Fri,2026-07-10 00:00:00,Converting ,Circle 2,,,,,,,,,,0,0,Grand Total,,,0,0,,,,,
28,Sat,2026-07-11 00:00:00,Converting ,Circle 2,,,,,,,,,,0,0,Grand Total,,,0,0,,,,,
28,Sun,2026-07-12 00:00:00,Converting ,Circle 2,,,,,,,,,,0,0,Grand Total,,,0,0,,,,,
29,Mon,2026-07-13 00:00:00,Converting ,Circle 2,,,,,,,,,,0,0,Grand Total,,,0,0,,,,,
29,Tue,2026-07-14 00:00:00,Converting ,Circle 2,,,,,,,,,,0,0,Grand Total,,,0,0,,,,,
29,Wed,2026-07-15 00:00:00,Converting ,Circle 2,,,,,,,,,,0,0,Grand Total,,,0,0,,,,,
29,Thu,2026-07-16 00:00:00,Converting ,Circle 2,,,,,,,,,,0,0,Grand Total,,,0,0,,,,,
29,Fri,2026-07-17 00:00:00,Converting ,Circle 2,,,,,,,,,,0,0,Grand Total,,,0,0,,,,,
29,Sat,2026-07-18 00:00:00,Converting ,Circle 2,,,,,,,,,,0,0,Grand Total,,,0,0,,,,,
29,Sun,2026-07-19 00:00:00,Converting ,Circle 2,,,,,,,,,,0,0,Grand Total,,,0,0,,,,,
30,Mon,2026-07-20 00:00:00,Converting ,Circle 2,,,,,,,,,,0,0,Grand Total,,,0,0,,,,,
30,Tue,2026-07-21 00:00:00,Converting ,Circle 2,,,,,,,,,,0,0,Grand Total,,,0,0,,,,,
30,Wed,2026-07-22 00:00:00,Converting ,Circle 2,,,,,,,,,,0,0,Grand Total,,,0,0,,,,,
30,Thu,2026-07-23 00:00:00,Converting ,Circle 2,,,,,,,,,,0,0,Grand Total,,,0,0,,,,,
30,Fri,2026-07-24 00:00:00,Converting ,Circle 2,,,,,,,,,,0,0,Grand Total,,,0,0,,,,,
30,Sat,2026-07-25 00:00:00,Converting ,Circle 2,,,,,,,,,,0,0,Grand Total,,,0,0,,,,,
30,Sun,2026-07-26 00:00:00,Converting ,Circle 2,,,,,,,,,,0,0,Grand Total,,,0,0,,,,,
31,Mon,2026-07-27 00:00:00,Converting ,Circle 2,,,,,,,,,,0,0,Grand Total,,,0,0,,,,,
31,Tue,2026-07-28 00:00:00,Converting ,Circle 2,,,,,,,,,,0,0,Grand Total,,,0,0,,,,,
31,Wed,2026-07-29 00:00:00,Converting ,Circle 2,,,,,,,,,,0,0,Grand Total,,,0,0,,,,,
31,Thu,2026-07-30 00:00:00,Converting ,Circle 2,,,,,,,,,,0,0,Grand Total,,,0,0,,,,,
31,Fri,2026-07-31 00:00:00,Converting ,Circle 2,,,,,,,,,,0,0,Grand Total,,,0,0,,,,,
31,Sat,2026-08-01 00:00:00,Converting ,Circle 2,,,,,,,,,,0,0,Grand Total,,,0,0,,,,,
31,Sun,2026-08-02 00:00:00,Converting ,Circle 2,,,,,,,,,,0,0,Grand Total,,,0,0,,,,,
32,Mon,2026-08-03 00:00:00,Converting ,Circle 2,,,,,,,,,,0,0,Grand Total,,,0,0,,,,,
32,Tue,2026-08-04 00:00:00,Converting ,Circle 2,,,,,,,,,,0,0,Grand Total,,,0,0,,,,,
32,Wed,2026-08-05 00:00:00,Converting ,Circle 2,,,,,,,,,,0,0,Grand Total,,,0,0,,,,,
32,Thu,2026-08-06 00:00:00,Converting ,Circle 2,,,,,,,,,,0,0,Grand Total,,,0,0,,,,,
32,Fri,2026-08-07 00:00:00,Converting ,Circle 2,,,,,,,,,,0,0,Grand Total,,,0,0,,,,,
32,Sat,2026-08-08 00:00:00,Converting ,Circle 2,,,,,,,,,,0,0,Grand Total,,,0,0,,,,,
32,Sun,2026-08-09 00:00:00,Converting ,Circle 2,,,,,,,,,,0,0,Grand Total,,,0,0,,,,,
33,Mon,2026-08-10 00:00:00,Converting ,Circle 2,,,,,,,,,,0,0,Grand Total,,,0,0,,,,,
33,Tue,2026-08-11 00:00:00,Converting ,Circle 2,,,,,,,,,,0,0,Grand Total,,,0,0,,,,,
33,Wed,2026-08-12 00:00:00,Converting ,Circle 2,,,,,,,,,,0,0,Grand Total,,,0,0,,,,,
33,Thu,2026-08-13 00:00:00,Converting ,Circle 2,,,,,,,,,,0,0,Grand Total,,,0,0,,,,,
33,Fri,2026-08-14 00:00:00,Converting ,Circle 2,,,,,,,,,,0,0,Grand Total,,,0,0,,,,,
33,Sat,2026-08-15 00:00:00,Converting ,Circle 2,,,,,,,,,,0,0,Grand Total,,,0,0,,,,,
33,Sun,2026-08-16 00:00:00,Converting ,Circle 2,,,,,,,,,,0,0,Grand Total,,,0,0,,,,,
34,Mon,2026-08-17 00:00:00,Converting ,Circle 2,,,,,,,,,,0,0,Grand Total,,,0,0,,,,,
34,Tue,2026-08-18 00:00:00,Converting ,Circle 2,,,,,,,,,,0,0,Grand Total,,,0,0,,,,,
34,Wed,2026-08-19 00:00:00,Converting ,Circle 2,,,,,,,,,,0,0,Grand Total,,,0,0,,,,,
34,Thu,2026-08-20 00:00:00,Converting ,Circle 2,,,,,,,,,,0,0,Grand Total,,,0,0,,,,,
34,Fri,2026-08-21 00:00:00,Converting ,Circle 2,,,,,,,,,,0,0,Grand Total,,,0,0,,,,,
34,Sat,2026-08-22 00:00:00,Converting ,Circle 2,,,,,,,,,,0,0,Grand Total,,,0,0,,,,,
34,Sun,2026-08-23 00:00:00,Converting ,Circle 2,,,,,,,,,,0,0,Grand Total,,,0,0,,,,,
35,Mon,2026-08-24 00:00:00,Converting ,Circle 2,,,,,,,,,,0,0,Grand Total,,,0,0,,,,,
35,Tue,2026-08-25 00:00:00,Converting ,Circle 2,,,,,,,,,,0,0,Grand Total,,,0,0,,,,,
35,Wed,2026-08-26 00:00:00,Converting ,Circle 2,,,,,,,,,,0,0,Grand Total,,,0,0,,,,,
35,Thu,2026-08-27 00:00:00,Converting ,Circle 2,,,,,,,,,,0,0,Grand Total,,,0,0,,,,,
35,Fri,2026-08-28 00:00:00,Converting ,Circle 2,,,,,,,,,,0,0,Grand Total,,,0,0,,,,,
35,Sat,2026-08-29 00:00:00,Converting ,Circle 2,,,,,,,,,,0,0,Grand Total,,,0,0,,,,,
35,Sun,2026-08-30 00:00:00,Converting ,Circle 2,,,,,,,,,,0,0,Grand Total,,,0,0,,,,,
36,Mon,2026-08-31 00:00:00,Converting ,Circle 2,,,,,,,,,,0,0,Grand Total,,,0,0,,,,,
36,Tue,2026-09-01 00:00:00,Converting ,Circle 2,,,,,,,,,,0,0,Grand Total,,,0,0,,,,,
36,Wed,2026-09-02 00:00:00,Converting ,Circle 2,,,,,,,,,,0,0,Grand Total,,,0,0,,,,,
36,Thu,2026-09-03 00:00:00,Converting ,Circle 2,,,,,,,,,,0,0,Grand Total,,,0,0,,,,,
36,Fri,2026-09-04 00:00:00,Converting ,Circle 2,,,,,,,,,,0,0,Grand Total,,,0,0,,,,,
36,Sat,2026-09-05 00:00:00,Converting ,Circle 2,,,,,,,,,,0,0,Grand Total,,,0,0,,,,,
36,Sun,2026-09-06 00:00:00,Converting ,Circle 2,,,,,,,,,,0,0,Grand Total,,,0,0,,,,,
37,Mon,2026-09-07 00:00:00,Converting ,Circle 2,,,,,,,,,,0,0,Grand Total,,,0,0,,,,,
37,Tue,2026-09-08 00:00:00,Converting ,Circle 2,,,,,,,,,,0,0,Grand Total,,,0,0,,,,,
37,Wed,2026-09-09 00:00:00,Converting ,Circle 2,,,,,,,,,,0,0,Grand Total,,,0,0,,,,,
37,Thu,2026-09-10 00:00:00,Converting ,Circle 2,,,,,,,,,,0,0,Grand Total,,,0,0,,,,,
37,Fri,2026-09-11 00:00:00,Converting ,Circle 2,,,,,,,,,,0,0,Grand Total,,,0,0,,,,,
37,Sat,2026-09-12 00:00:00,Converting ,Circle 2,,,,,,,,,,0,0,Grand Total,,,0,0,,,,,
37,Sun,2026-09-13 00:00:00,Converting ,Circle 2,,,,,,,,,,0,0,Grand Total,,,0,0,,,,,
38,Mon,2026-09-14 00:00:00,Converting ,Circle 2,,,,,,,,,,0,0,Grand Total,,,0,0,,,,,
38,Tue,2026-09-15 00:00:00,Converting ,Circle 2,,,,,,,,,,0,0,Grand Total,,,0,0,,,,,
38,Wed,2026-09-16 00:00:00,Converting ,Circle 2,,,,,,,,,,0,0,Grand Total,,,0,0,,,,,
38,Thu,2026-09-17 00:00:00,Converting ,Circle 2,,,,,,,,,,0,0,Grand Total,,,0,0,,,,,
38,Fri,2026-09-18 00:00:00,Converting ,Circle 2,,,,,,,,,,0,0,Grand Total,,,0,0,,,,,
38,Sat,2026-09-19 00:00:00,Converting ,Circle 2,,,,,,,,,,0,0,Grand Total,,,0,0,,,,,
38,Sun,2026-09-20 00:00:00,Converting ,Circle 2,,,,,,,,,,0,0,Grand Total,,,0,0,,,,,
39,Mon,2026-09-21 00:00:00,Converting ,Circle 2,,,,,,,,,,0,0,Grand Total,,,0,0,,,,,
39,Tue,2026-09-22 00:00:00,Converting ,Circle 2,,,,,,,,,,0,0,Grand Total,,,0,0,,,,,
39,Thu,2026-09-24 00:00:00,Converting ,Circle 2,,,,,,,,,,0,0,Grand Total,,,0,0,,,,,
39,Fri,2026-09-25 00:00:00,Converting ,Circle 2,,,,,,,,,,0,0,Grand Total,,,0,0,,,,,
39,Sat,2026-09-26 00:00:00,Converting ,Circle 2,,,,,,,,,,0,0,Grand Total,,,0,0,,,,,
39,Sun,2026-09-27 00:00:00,Converting ,Circle 2,,,,,,,,,,0,0,Grand Total,,,0,0,,,,,
40,Mon,2026-09-28 00:00:00,Converting ,Circle 2,,,,,,,,,,0,0,Grand Total,,,0,0,,,,,
40,Tue,2026-09-29 00:00:00,Converting ,Circle 2,,,,,,,,,,0,0,Grand Total,,,0,0,,,,,
40,Wed,2026-09-30 00:00:00,Converting ,Circle 2,,,,,,,,,,0,0,Grand Total,,,0,0,,,,,
40,Thu,2026-10-01 00:00:00,Converting ,Circle 2,,,,,,,,,,0,0,Grand Total,,,0,0,,,,,
40,Fri,2026-10-02 00:00:00,Converting ,Circle 2,,,,,,,,,,0,0,Grand Total,,,0,0,,,,,
40,Sat,2026-10-03 00:00:00,Converting ,Circle 2,,,,,,,,,,0,0,Grand Total,,,0,0,,,,,
40,Sun,2026-10-04 00:00:00,Converting ,Circle 2,,,,,,,,,,0,0,Grand Total,,,0,0,,,,,
41,Mon,2026-10-05 00:00:00,Converting ,Circle 2,,,,,,,,,,0,0,Grand Total,,,0,0,,,,,
41,Tue,2026-10-06 00:00:00,Converting ,Circle 2,,,,,,,,,,0,0,Grand Total,,,0,0,,,,,
41,Wed,2026-10-07 00:00:00,Converting ,Circle 2,,,,,,,,,,0,0,Grand Total,,,0,0,,,,,
41,Thu,2026-10-08 00:00:00,Converting ,Circle 2,,,,,,,,,,0,0,Grand Total,,,0,0,,,,,
41,Fri,2026-10-09 00:00:00,Converting ,Circle 2,,,,,,,,,,0,0,Grand Total,,,0,0,,,,,
41,Sat,2026-10-10 00:00:00,Converting ,Circle 2,,,,,,,,,,0,0,Grand Total,,,0,0,,,,,
41,Sun,2026-10-11 00:00:00,Converting ,Circle 2,,,,,,,,,,0,0,Grand Total,,,0,0,,,,,
42,Mon,2026-10-12 00:00:00,Converting ,Circle 2,,,,,,,,,,0,0,Grand Total,,,0,0,,,,,
42,Tue,2026-10-13 00:00:00,Converting ,Circle 2,,,,,,,,,,0,0,Grand Total,,,0,0,,,,,
42,Wed,2026-10-14 00:00:00,Converting ,Circle 2,,,,,,,,,,0,0,Grand Total,,,0,0,,,,,
42,Thu,2026-10-15 00:00:00,Converting ,Circle 2,,,,,,,,,,0,0,Grand Total,,,0,0,,,,,
42,Fri,2026-10-16 00:00:00,Converting ,Circle 2,,,,,,,,,,0,0,Grand Total,,,0,0,,,,,
42,Sat,2026-10-17 00:00:00,Converting ,Circle 2,,,,,,,,,,0,0,Grand Total,,,0,0,,,,,
42,Sun,2026-10-18 00:00:00,Converting ,Circle 2,,,,,,,,,,0,0,Grand Total,,,0,0,,,,,
43,Mon,2026-10-19 00:00:00,Converting ,Circle 2,,,,,,,,,,0,0,Grand Total,,,0,0,,,,,
43,Tue,2026-10-20 00:00:00,Converting ,Circle 2,,,,,,,,,,0,0,Grand Total,,,0,0,,,,,
43,Wed,2026-10-21 00:00:00,Converting ,Circle 2,,,,,,,,,,0,0,Grand Total,,,0,0,,,,,
43,Thu,2026-10-22 00:00:00,Converting ,Circle 2,,,,,,,,,,0,0,Grand Total,,,0,0,,,,,
43,Fri,2026-10-23 00:00:00,Converting ,Circle 2,,,,,,,,,,0,0,Grand Total,,,0,0,,,,,
43,Sat,2026-10-24 00:00:00,Converting ,Circle 2,,,,,,,,,,0,0,Grand Total,,,0,0,,,,,
43,Sun,2026-10-25 00:00:00,Converting ,Circle 2,,,,,,,,,,0,0,Grand Total,,,0,0,,,,,
44,Mon,2026-10-26 00:00:00,Converting ,Circle 2,,,,,,,,,,0,0,Grand Total,,,0,0,,,,,
44,Tue,2026-10-27 00:00:00,Converting ,Circle 2,,,,,,,,,,0,0,Grand Total,,,0,0,,,,,
44,Wed,2026-10-28 00:00:00,Converting ,Circle 2,,,,,,,,,,0,0,Grand Total,,,0,0,,,,,
44,Thu,2026-10-29 00:00:00,Converting ,Circle 2,,,,,,,,,,0,0,Grand Total,,,0,0,,,,,
44,Fri,2026-10-30 00:00:00,Converting ,Circle 2,,,,,,,,,,0,0,Grand Total,,,0,0,,,,,
44,Sat,2026-10-31 00:00:00,Converting ,Circle 2,,,,,,,,,,0,0,Grand Total,,,0,0,,,,,
44,Sun,2026-11-01 00:00:00,Converting ,Circle 2,,,,,,,,,,0,0,Grand Total,,,0,0,,,,,
45,Mon,2026-11-02 00:00:00,Converting ,Circle 2,,,,,,,,,,0,0,Grand Total,,,0,0,,,,,
45,Tue,2026-11-03 00:00:00,Converting ,Circle 2,,,,,,,,,,0,0,Grand Total,,,0,0,,,,,
45,Wed,2026-11-04 00:00:00,Converting ,Circle 2,,,,,,,,,,0,0,Grand Total,,,0,0,,,,,
45,Thu,2026-11-05 00:00:00,Converting ,Circle 2,,,,,,,,,,0,0,Grand Total,,,0,0,,,,,
45,Fri,2026-11-06 00:00:00,Converting ,Circle 2,,,,,,,,,,0,0,Grand Total,,,0,0,,,,,
45,Sat,2026-11-07 00:00:00,Converting ,Circle 2,,,,,,,,,,0,0,Grand Total,,,0,0,,,,,
45,Sun,2026-11-08 00:00:00,Converting ,Circle 2,,,,,,,,,,0,0,Grand Total,,,0,0,,,,,
46,Mon,2026-11-09 00:00:00,Converting ,Circle 2,,,,,,,,,,0,0,Grand Total,,,0,0,,,,,
46,Tue,2026-11-10 00:00:00,Converting ,Circle 2,,,,,,,,,,0,0,Grand Total,,,0,0,,,,,
46,Wed,2026-11-11 00:00:00,Converting ,Circle 2,,,,,,,,,,0,0,Grand Total,,,0,0,,,,,
46,Thu,2026-11-12 00:00:00,Converting ,Circle 2,,,,,,,,,,0,0,Grand Total,,,0,0,,,,,
46,Fri,2026-11-13 00:00:00,Converting ,Circle 2,,,,,,,,,,0,0,Grand Total,,,0,0,,,,,
46,Sat,2026-11-14 00:00:00,Converting ,Circle 2,,,,,,,,,,0,0,Grand Total,,,0,0,,,,,
46,Sun,2026-11-15 00:00:00,Converting ,Circle 2,,,,,,,,,,0,0,Grand Total,,,0,0,,,,,
47,Mon,2026-11-16 00:00:00,Converting ,Circle 2,,,,,,,,,,0,0,Grand Total,,,0,0,,,,,
47,Tue,2026-11-17 00:00:00,Converting ,Circle 2,,,,,,,,,,0,0,Grand Total,,,0,0,,,,,
47,Wed,2026-11-18 00:00:00,Converting ,Circle 2,,,,,,,,,,0,0,Grand Total,,,0,0,,,,,
47,Thu,2026-11-19 00:00:00,Converting ,Circle 2,,,,,,,,,,0,0,Grand Total,,,0,0,,,,,
47,Fri,2026-11-20 00:00:00,Converting ,Circle 2,,,,,,,,,,0,0,Grand Total,,,0,0,,,,,
47,Sat,2026-11-21 00:00:00,Converting ,Circle 2,,,,,,,,,,0,0,Grand Total,,,0,0,,,,,
47,Sun,2026-11-22 00:00:00,Converting ,Circle 2,,,,,,,,,,0,0,Grand Total,,,0,0,,,,,
48,Mon,2026-11-23 00:00:00,Converting ,Circle 2,,,,,,,,,,0,0,Grand Total,,,0,0,,,,,
48,Tue,2026-11-24 00:00:00,Converting ,Circle 2,,,,,,,,,,0,0,Grand Total,,,0,0,,,,,
48,Wed,2026-11-25 00:00:00,Converting ,Circle 2,,,,,,,,,,0,0,Grand Total,,,0,0,,,,,
48,Thu,2026-11-26 00:00:00,Converting ,Circle 2,,,,,,,,,,0,0,Grand Total,,,0,0,,,,,
48,Fri,2026-11-27 00:00:00,Converting ,Circle 2,,,,,,,,,,0,0,Grand Total,,,0,0,,,,,
48,Sat,2026-11-28 00:00:00,Converting ,Circle 2,,,,,,,,,,0,0,Grand Total,,,0,0,,,,,
48,Sun,2026-11-29 00:00:00,Converting ,Circle 2,,,,,,,,,,0,0,Grand Total,,,0,0,,,,,
49,Mon,2026-11-30 00:00:00,Converting ,Circle 2,,,,,,,,,,0,0,Grand Total,,,0,0,,,,,
49,Tue,2026-12-01 00:00:00,Converting ,Circle 2,,,,,,,,,,0,0,Grand Total,,,0,0,,,,,
49,Wed,2026-12-02 00:00:00,Converting ,Circle 2,,,,,,,,,,0,0,Grand Total,,,0,0,,,,,
49,Thu,2026-12-03 00:00:00,Converting ,Circle 2,,,,,,,,,,0,0,Grand Total,,,0,0,,,,,
49,Fri,2026-12-04 00:00:00,Converting ,Circle 2,,,,,,,,,,0,0,Grand Total,,,0,0,,,,,
49,Sat,2026-12-05 00:00:00,Converting ,Circle 2,,,,,,,,,,0,0,Grand Total,,,0,0,,,,,
49,Sun,2026-12-06 00:00:00,Converting ,Circle 2,,,,,,,,,,0,0,Grand Total,,,0,0,,,,,
50,Mon,2026-12-07 00:00:00,Converting ,Circle 2,,,,,,,,,,0,0,Grand Total,,,0,0,,,,,
50,Tue,2026-12-08 00:00:00,Converting ,Circle 2,,,,,,,,,,0,0,Grand Total,,,0,0,,,,,
50,Wed,2026-12-09 00:00:00,Converting ,Circle 2,,,,,,,,,,0,0,Grand Total,,,0,0,,,,,
50,Thu,2026-12-10 00:00:00,Converting ,Circle 2,,,,,,,,,,0,0,Grand Total,,,0,0,,,,,
50,Fri,2026-12-11 00:00:00,Converting ,Circle 2,,,,,,,,,,0,0,Grand Total,,,0,0,,,,,
50,Sat,2026-12-12 00:00:00,Converting ,Circle 2,,,,,,,,,,0,0,Grand Total,,,0,0,,,,,
50,Sun,2026-12-13 00:00:00,Converting ,Circle 2,,,,,,,,,,0,0,Grand Total,,,0,0,,,,,
51,Mon,2026-12-14 00:00:00,Converting ,Circle 2,,,,,,,,,,0,0,Grand Total,,,0,0,,,,,
51,Tue,2026-12-15 00:00:00,Converting ,Circle 2,,,,,,,,,,0,0,Grand Total,,,0,0,,,,,
51,Wed,2026-12-16 00:00:00,Converting ,Circle 2,,,,,,,,,,0,0,Grand Total,,,0,0,,,,,
51,Thu,2026-12-17 00:00:00,Converting ,Circle 2,,,,,,,,,,0,0,Grand Total,,,0,0,,,,,
51,Fri,2026-12-18 00:00:00,Converting ,Circle 2,,,,,,,,,,0,0,Grand Total,,,0,0,,,,,
51,Sat,2026-12-19 00:00:00,Converting ,Circle 2,,,,,,,,,,0,0,Grand Total,,,0,0,,,,,
51,Sun,2026-12-20 00:00:00,Converting ,Circle 2,,,,,,,,,,0,0,Grand Total,,,0,0,,,,,
52,Mon,2026-12-21 00:00:00,Converting ,Circle 2,,,,,,,,,,0,0,Grand Total,,,0,0,,,,,
52,Tue,2026-12-22 00:00:00,Converting ,Circle 2,,,,,,,,,,0,0,Grand Total,,,0,0,,,,,
52,Wed,2026-12-23 00:00:00,Converting ,Circle 2,,,,,,,,,,0,0,Grand Total,,,0,0,,,,,
52,Thu,2026-12-24 00:00:00,Converting ,Circle 2,,,,,,,,,,0,0,Grand Total,,,0,0,,,,,
52,Fri,2026-12-25 00:00:00,Converting ,Circle 2,,,,,,,,,,0,0,Grand Total,,,0,0,,,,,
52,Sat,2026-12-26 00:00:00,Converting ,Circle 2,,,,,,,,,,0,0,Grand Total,,,0,0,,,,,
52,Sun,2026-12-27 00:00:00,Converting ,Circle 2,,,,,,,,,,0,0,Grand Total,,,0,0,,,,,
53,Mon,2026-12-28 00:00:00,Converting ,Circle 2,,,,,,,,,,0,0,Grand Total,,,0,0,,,,,
53,Tue,2026-12-29 00:00:00,Converting ,Circle 2,,,,,,,,,,0,0,Grand Total,,,0,0,,,,,
53,Wed,2026-12-30 00:00:00,Converting ,Circle 2,,,,,,,,,,0,0,Grand Total,,,0,0,,,,,
53,Thu,2026-12-31 00:00:00,Converting ,Circle 2,,,,,,,,,,0,0,Grand Total,,,0,0,,,,,
1,Thu,2026-01-01 00:00:00,Converting ,Multivac,,,,,,,,,,0,0,Grand Total,,,0,0,,,,,
1,Fri,2026-01-02 00:00:00,Converting ,Multivac,,,,,,,,,,0,0,Grand Total,,,0,0,,,,,
1,Tue,2023-01-03 00:00:00,Converting ,Multivac,,,,,,,,,,0,0,Grand Total,,,0,0,,,,,
1,Sun,2026-01-04 00:00:00,Converting ,Multivac,,,,,,,,,,0,0,Grand Total,,,0,0,,,,,
2,Mon,2026-01-05 00:00:00,Converting ,Multivac,,,,,,,,,,0,0,Grand Total,,,0,0,,,,,
2,Tue,2026-01-06 00:00:00,Converting ,Multivac,,,,,,,,,,0,0,Grand Total,,,0,0,,,,,
2,Wed,2026-01-07 00:00:00,Converting ,Multivac,,,,,,,,,,0,0,Grand Total,,,0,0,,,,,
2,Thu,2026-01-08 00:00:00,Converting ,Multivac,,,,,,,,,,0,0,Grand Total,,,0,0,,,,,
2,Fri,2026-01-09 00:00:00,Converting ,Multivac,,,,,,,,,,0,0,Grand Total,,,0,0,,,,,
2,Sat,2026-01-10 00:00:00,Converting ,Multivac,,,,,,,,,,0,0,Grand Total,,,0,0,,,,,
2,Sun,2026-01-11 00:00:00,Converting ,Multivac,,,,,,,,,,0,0,Grand Total,,,0,0,,,,,
3,Mon,2026-01-12 00:00:00,Converting ,Multivac,,,,,,,,,,0,0,Grand Total,,,0,0,,,,,
3,Tue,2026-01-13 00:00:00,Converting ,Multivac,,,,,,,,,,0,0,Grand Total,,,0,0,,,,,
3,Wed,2026-01-14 00:00:00,Converting ,Multivac,,,,,,,,,,0,0,Grand Total,,,0,0,,,,,
3,Thu,2026-01-15 00:00:00,Converting ,Multivac,,,,,,,,,,0,0,Grand Total,,,0,0,,,,,
3,Fri,2026-01-16 00:00:00,Converting ,Multivac,,,,,,,,,,0,0,Grand Total,,,0,0,,,,,
3,Sat,2026-01-17 00:00:00,Converting ,Multivac,,,,,,,,,,0,0,Grand Total,,,0,0,,,,,
3,Sun,2026-01-18 00:00:00,Converting ,Multivac,,,,,,,,,,0,0,Grand Total,,,0,0,,,,,
4,Mon,2026-01-19 00:00:00,Converting ,Multivac,,,,,,,,,,0,0,Grand Total,,,0,0,,,,,
4,Tue,2026-01-20 00:00:00,Converting ,Multivac,,,,,,,,,,0,0,Grand Total,,,0,0,,,,,
4,Wed,2026-01-21 00:00:00,Converting ,Multivac,,,,,,,,,,0,0,Grand Total,,,0,0,,,,,
4,Thu,2026-01-22 00:00:00,Converting ,Multivac,,,,,,,,,,0,0,Grand Total,,,0,0,,,,,
4,Fri,2026-01-23 00:00:00,Converting ,Multivac,,,,,,,,,,0,0,Grand Total,,,0,0,,,,,
4,Sat,2026-01-24 00:00:00,Converting ,Multivac,,,,,,,,,,0,0,Grand Total,,,0,0,,,,,
4,Sun,2026-01-25 00:00:00,Converting ,Multivac,,,,,,,,,,0,0,Grand Total,,,0,0,,,,,
5,Mon,2026-01-26 00:00:00,Converting ,Multivac,,,,,,,,,,0,0,Grand Total,,,0,0,,,,,
5,Tue,2026-01-27 00:00:00,Converting ,Multivac,,,,,,,,,,0,0,Grand Total,,,0,0,,,,,
5,Wed,2026-01-28 00:00:00,Converting ,Multivac,,,,,,,,,,0,0,Grand Total,,,0,0,,,,,
5,Thu,2026-01-29 00:00:00,Converting ,Multivac,,,,,,,,,,0,0,Grand Total,,,0,0,,,,,
5,Fri,2026-01-30 00:00:00,Converting ,Multivac,,,,,,,,,,0,0,Grand Total,,,0,0,,,,,
5,Sat,2026-01-31 00:00:00,Converting ,Multivac,,,,,,,,,,0,0,Grand Total,,,0,0,,,,,
5,Sun,2026-02-01 00:00:00,Converting ,Multivac,,,,,,,,,,0,0,Grand Total,,,0,0,,,,,
6,Mon,2026-02-02 00:00:00,Converting ,Multivac,,,,,,,,,,0,0,Grand Total,,,0,0,,,,,
6,Tue,2026-02-03 00:00:00,Converting ,Multivac,,,,,,,,,,0,0,Grand Total,,,0,0,,,,,
6,Wed,2026-02-04 00:00:00,Converting ,Multivac,,,,,,,,,,0,0,Grand Total,,,0,0,,,,,
6,Thu,2026-02-05 00:00:00,Converting ,Multivac,,,,,,,,,,0,0,Grand Total,,,0,0,,,,,
6,Fri,2026-02-06 00:00:00,Converting ,Multivac,,,,,,,,,,0,0,Grand Total,,,0,0,,,,,
6,Sat,2026-02-07 00:00:00,Converting ,Multivac,,,,,,,,,,0,0,Grand Total,,,0,0,,,,,
6,Sun,2026-02-08 00:00:00,Converting ,Multivac,,,,,,,,,,0,0,Grand Total,,,0,0,,,,,
7,Mon,2026-02-09 00:00:00,Converting ,Multivac,,,,,,,,,,0,0,Grand Total,,,0,0,,,,,
7,Tue,2026-02-10 00:00:00,Converting ,Multivac,,,,,,,,,,0,0,Grand Total,,,0,0,,,,,
7,Wed,2026-02-11 00:00:00,Converting ,Multivac,,,,,,,,,,0,0,Grand Total,,,0,0,,,,,
7,Thu,2026-02-12 00:00:00,Converting ,Multivac,,,,,,,,,,0,0,Grand Total,,,0,0,,,,,
7,Fri,2026-02-13 00:00:00,Converting ,Multivac,,,,,,,,,,0,0,Grand Total,,,0,0,,,,,
7,Sat,2026-02-14 00:00:00,Converting ,Multivac,,,,,,,,,,0,0,Grand Total,,,0,0,,,,,
7,Sun,2026-02-15 00:00:00,Converting ,Multivac,,,,,,,,,,0,0,Grand Total,,,0,0,,,,,
8,Mon,2026-02-16 00:00:00,Converting ,Multivac,,,,,,,,,,0,0,Grand Total,,,0,0,,,,,
8,Tue,2026-02-17 00:00:00,Converting ,Multivac,,,,,,,,,,0,0,Grand Total,,,0,0,,,,,
8,Wed,2026-02-18 00:00:00,Converting ,Multivac,,,,,,,,,,0,0,Grand Total,,,0,0,,,,,
8,Thu,2026-02-19 00:00:00,Converting ,Multivac,,,,PM,,,,,,0,0,Grand Total,,,0,0,,,,,
8,Fri,2026-02-20 00:00:00,Converting ,Multivac,,,,,,,,,,0,0,Grand Total,,,0,0,,,,,
8,Sat,2026-02-21 00:00:00,Converting ,Multivac,,,,,,,,,,0,0,Grand Total,,,0,0,,,,,
8,Sun,2026-02-22 00:00:00,Converting ,Multivac,,,,,,,,,,0,0,Grand Total,,,0,0,,,,,
9,Mon,2026-02-23 00:00:00,Converting ,Multivac,,,,,,,,,,0,0,Grand Total,,,0,0,,,,,
9,Tue,2026-02-24 00:00:00,Converting ,Multivac,,,,,,,,,,0,0,Grand Total,,,0,0,,,,,
9,Wed,2026-02-25 00:00:00,Converting ,Multivac,,,,,,,,,,0,0,Grand Total,,,0,0,,,,,
9,Thu,2026-02-26 00:00:00,Converting ,Multivac,,,,,,,,,,0,0,Grand Total,,,0,0,,,,,
9,Fri,2026-02-27 00:00:00,Converting ,Multivac,,,,,,,,,,0,0,Grand Total,,,0,0,,,,,
9,Sat,2026-02-28 00:00:00,Converting ,Multivac,,,,,,,,,,0,0,Grand Total,,,0,0,,,,,
9,Sun,2026-03-01 00:00:00,Converting ,Multivac,,,,,,,,,,0,0,Grand Total,,,0,0,,,,,
10,Mon,2026-03-02 00:00:00,Converting ,Multivac,,,,,,,,,,0,0,Grand Total,,,0,0,,,,,
10,Tue,2026-03-03 00:00:00,Converting ,Multivac,,,,,,,,,,0,0,Grand Total,,,0,0,,,,,
10,Wed,2026-03-04 00:00:00,Converting ,Multivac,,,,,,,,,,0,0,Grand Total,,,0,0,,,,,
10,Thu,2026-03-05 00:00:00,Converting ,Multivac,,,,,,,,,,0,0,Grand Total,,,0,0,,,,,
10,Fri,2026-03-06 00:00:00,Converting ,Multivac,,,,,,,,,,0,0,Grand Total,,,0,0,,,,,
10,Sat,2026-03-07 00:00:00,Converting ,Multivac,,,,,,,,,,0,0,Grand Total,,,0,0,,,,,
10,Sun,2026-03-08 00:00:00,Converting ,Multivac,,,,,,,,,,0,0,Grand Total,,,0,0,,,,,
11,Mon,2026-03-09 00:00:00,Converting ,Multivac,,,,,,,,,,0,0,Grand Total,,,0,0,,,,,
11,Tue,2026-03-10 00:00:00,Converting ,Multivac,,,,,,,,,,0,0,Grand Total,,,0,0,,,,,
11,Wed,2026-03-11 00:00:00,Converting ,Multivac,,,,,,,,,,0,0,Grand Total,,,0,0,,,,,
11,Thu,2026-03-12 00:00:00,Converting ,Multivac,,,,,,,,,,0,0,Grand Total,,,0,0,,,,,
11,Fri,2026-03-13 00:00:00,Converting ,Multivac,,,,,,,,,,0,0,Grand Total,,,0,0,,,,,
11,Sat,2026-03-14 00:00:00,Converting ,Multivac,,,,,,,,,,0,0,Grand Total,,,0,0,,,,,
11,Sun,2026-03-15 00:00:00,Converting ,Multivac,,,,,,,,,,0,0,Grand Total,,,0,0,,,,,
12,Mon,2026-03-16 00:00:00,Converting ,Multivac,,,,,,,,,,0,0,Grand Total,,,0,0,,,,,
12,Tue,2026-03-17 00:00:00,Converting ,Multivac,,,,,,,,,,0,0,Grand Total,,,0,0,,,,,
12,Wed,2026-03-18 00:00:00,Converting ,Multivac,,,,,,,,,,0,0,Grand Total,,,0,0,,,,,
12,Thu,2026-03-19 00:00:00,Converting ,Multivac,,,,,,,,,,0,0,Grand Total,,,0,0,,,,,
12,Fri,2026-03-20 00:00:00,Converting ,Multivac,,,,,,,,,,0,0,Grand Total,,,0,0,,,,,
12,Sat,2026-03-21 00:00:00,Converting ,Multivac,,,,,,,,,,0,0,Grand Total,,,0,0,,,,,
12,Sun,2026-03-22 00:00:00,Converting ,Multivac,,,,,,,,,,0,0,Grand Total,,,0,0,,,,,
13,Mon,2026-03-23 00:00:00,Converting ,Multivac,,,,,,,,,,0,0,Grand Total,,,0,0,,,,,
13,Tue,2026-03-24 00:00:00,Converting ,Multivac,,,,,,,,,,0,0,Grand Total,,,0,0,,,,,
13,Wed,2026-03-25 00:00:00,Converting ,Multivac,,,,,,,,,,0,0,Grand Total,,,0,0,,,,,
13,Thu,2026-03-26 00:00:00,Converting ,Multivac,,,,,,,,,,0,0,Grand Total,,,0,0,,,,,
13,Fri,2026-03-27 00:00:00,Converting ,Multivac,,,,,,,,,,0,0,Grand Total,,,0,0,,,,,
13,Sat,2026-03-28 00:00:00,Converting ,Multivac,,,,,,,,,,0,0,Grand Total,,,0,0,,,,,
13,Sun,2026-03-29 00:00:00,Converting ,Multivac,,,,,,,,,,0,0,Grand Total,,,0,0,,,,,
14,Mon,2026-03-30 00:00:00,Converting ,Multivac,,,,,,,,,,0,0,Grand Total,,,0,0,,,,,
14,Tue,2026-03-31 00:00:00,Converting ,Multivac,,,,,,,,,,0,0,Grand Total,,,0,0,,,,,
14,Wed,2026-04-01 00:00:00,Converting ,Multivac,,,,,,,,,,0,0,Grand Total,,,0,0,,,,,
14,Thu,2026-04-02 00:00:00,Converting ,Multivac,,,,,,,,,,0,0,Grand Total,,,0,0,,,,,
14,Fri,2026-04-03 00:00:00,Converting ,Multivac,,,,,,,,,,0,0,Grand Total,,,0,0,,,,,
14,Sat,2026-04-04 00:00:00,Converting ,Multivac,,,,,,,,,,0,0,Grand Total,,,0,0,,,,,
14,Sun,2026-04-05 00:00:00,Converting ,Multivac,,,,,,,,,,0,0,Grand Total,,,0,0,,,,,
15,Mon,2026-04-06 00:00:00,Converting ,Multivac,,,,,,,,,,0,0,Grand Total,,,0,0,,,,,
15,Tue,2026-04-07 00:00:00,Converting ,Multivac,,,,,,,,,,0,0,Grand Total,,,0,0,,,,,
15,Wed,2026-04-08 00:00:00,Converting ,Multivac,,,,,,,,,,0,0,Grand Total,,,0,0,,,,,
15,Thu,2026-04-09 00:00:00,Converting ,Multivac,,,,,,,,,,0,0,Grand Total,,,0,0,,,,,
15,Fri,2026-04-10 00:00:00,Converting ,Multivac,,,,,,,,,,0,0,Grand Total,,,0,0,,,,,
15,Sat,2026-04-11 00:00:00,Converting ,Multivac,,,,,,,,,,0,0,Grand Total,,,0,0,,,,,
15,Sun,2026-04-12 00:00:00,Converting ,Multivac,,,,,,,,,,0,0,Grand Total,,,0,0,,,,,
16,Mon,2026-04-13 00:00:00,Converting ,Multivac,,,,,,,,,,0,0,Grand Total,,,0,0,,,,,
16,Tue,2026-04-14 00:00:00,Converting ,Multivac,,,,,,,,,,0,0,Grand Total,,,0,0,,,,,
16,Wed,2026-04-15 00:00:00,Converting ,Multivac,,,,,,,,,,0,0,Grand Total,,,0,0,,,,,
16,Thu,2026-04-16 00:00:00,Converting ,Multivac,,,,,,,,,,0,0,Grand Total,,,0,0,,,,,
16,Fri,2026-04-17 00:00:00,Converting ,Multivac,,,,,,,,,,0,0,Grand Total,,,0,0,,,,,
16,Sat,2026-04-18 00:00:00,Converting ,Multivac,,,,,,,,,,0,0,Grand Total,,,0,0,,,,,
16,Sun,2026-04-19 00:00:00,Converting ,Multivac,,,,,,,,,,0,0,Grand Total,,,0,0,,,,,
17,Mon,2026-04-20 00:00:00,Converting ,Multivac,,,,,,,,,,0,0,Grand Total,,,0,0,,,,,
17,Tue,2026-04-21 00:00:00,Converting ,Multivac,,,,,,,,,,0,0,Grand Total,,,0,0,,,,,
17,Wed,2026-04-22 00:00:00,Converting ,Multivac,,,,,,,,,,0,0,Grand Total,,,0,0,,,,,
17,Thu,2026-04-23 00:00:00,Converting ,Multivac,,,,,,,,,,0,0,Grand Total,,,0,0,,,,,
17,Fri,2026-04-24 00:00:00,Converting ,Multivac,,,,,,,,,,0,0,Grand Total,,,0,0,,,,,
17,Sat,2026-04-25 00:00:00,Converting ,Multivac,,,,,,,,,,0,0,Grand Total,,,0,0,,,,,
17,Sun,2026-04-26 00:00:00,Converting ,Multivac,,,,,,,,,,0,0,Grand Total,,,0,0,,,,,
18,Mon,2026-04-27 00:00:00,Converting ,Multivac,,,,,,,,,,0,0,Grand Total,,,0,0,,,,,
18,Tue,2026-04-28 00:00:00,Converting ,Multivac,,,,,,,,,,0,0,Grand Total,,,0,0,,,,,
18,Wed,2026-04-29 00:00:00,Converting ,Multivac,,,,,,,,,,0,0,Grand Total,,,0,0,,,,,
18,Thu,2026-04-30 00:00:00,Converting ,Multivac,,,,,,,,,,0,0,Grand Total,,,0,0,,,,,
18,Fri,2026-05-01 00:00:00,Converting ,Multivac,,,,,,,,,,0,0,Grand Total,,,0,0,,,,,
18,Sat,2026-05-02 00:00:00,Converting ,Multivac,,,,,,,,,,0,0,Grand Total,,,0,0,,,,,
18,Sun,2026-05-03 00:00:00,Converting ,Multivac,,,,,,,,,,0,0,Grand Total,,,0,0,,,,,
19,Mon,2026-05-04 00:00:00,Converting ,Multivac,,,,,,,,,,0,0,Grand Total,,,0,0,,,,,
19,Tue,2026-05-05 00:00:00,Converting ,Multivac,,,,,,,,,,0,0,Grand Total,,,0,0,,,,,
19,Wed,2026-05-06 00:00:00,Converting ,Multivac,,,,,,,,,,0,0,Grand Total,,,0,0,,,,,
19,Thu,2026-05-07 00:00:00,Converting ,Multivac,,,,,,,,,,0,0,Grand Total,,,0,0,,,,,
19,Fri,2026-05-08 00:00:00,Converting ,Multivac,,,,,,,,,,0,0,Grand Total,,,0,0,,,,,
19,Sat,2026-05-09 00:00:00,Converting ,Multivac,,,,,,,,,,0,0,Grand Total,,,0,0,,,,,
19,Sun,2026-05-10 00:00:00,Converting ,Multivac,,,,,,,,,,0,0,Grand Total,,,0,0,,,,,
20,Mon,2026-05-11 00:00:00,Converting ,Multivac,,,,,,,,,,0,0,Grand Total,,,0,0,,,,,
20,Tue,2026-05-12 00:00:00,Converting ,Multivac,,,,,,,,,,0,0,Grand Total,,,0,0,,,,,
20,Wed,2026-05-13 00:00:00,Converting ,Multivac,,,,,,,,,,0,0,Grand Total,,,0,0,,,,,
20,Thu,2026-05-14 00:00:00,Converting ,Multivac,,,,,,,,,,0,0,Grand Total,,,0,0,,,,,
20,Fri,2026-05-15 00:00:00,Converting ,Multivac,,,,,,,,,,0,0,Grand Total,,,0,0,,,,,
20,Sat,2026-05-16 00:00:00,Converting ,Multivac,,,,,,,,,,0,0,Grand Total,,,0,0,,,,,
20,Sun,2026-05-17 00:00:00,Converting ,Multivac,,,,,,,,,,0,0,Grand Total,,,0,0,,,,,
21,Mon,2026-05-18 00:00:00,Converting ,Multivac,,,,,,,,,,0,0,Grand Total,,,0,0,,,,,
21,Tue,2026-05-19 00:00:00,Converting ,Multivac,,,,,,,,,,0,0,Grand Total,,,0,0,,,,,
21,Wed,2026-05-20 00:00:00,Converting ,Multivac,,,,,,,,,,0,0,Grand Total,,,0,0,,,,,
21,Thu,2026-05-21 00:00:00,Converting ,Multivac,,,,,,,,,,0,0,Grand Total,,,0,0,,,,,
21,Fri,2026-05-22 00:00:00,Converting ,Multivac,,,,,,,,,,0,0,Grand Total,,,0,0,,,,,
21,Sat,2026-05-23 00:00:00,Converting ,Multivac,,,,,,,,,,0,0,Grand Total,,,0,0,,,,,
21,Sun,2026-05-24 00:00:00,Converting ,Multivac,,,,,,,,,,0,0,Grand Total,,,0,0,,,,,
22,Mon,2026-05-25 00:00:00,Converting ,Multivac,,,,,,,,,,0,0,Grand Total,,,0,0,,,,,
22,Tue,2026-05-26 00:00:00,Converting ,Multivac,,,,,,,,,,0,0,Grand Total,,,0,0,,,,,
22,Wed,2026-05-27 00:00:00,Converting ,Multivac,,,,,,,,,,0,0,Grand Total,,,0,0,,,,,
22,Thu,2026-05-28 00:00:00,Converting ,Multivac,,,,,,,,,,0,0,Grand Total,,,0,0,,,,,
22,Fri,2026-05-29 00:00:00,Converting ,Multivac,,,,,,,,,,0,0,Grand Total,,,0,0,,,,,
22,Sat,2026-05-30 00:00:00,Converting ,Multivac,,,,,,,,,,0,0,Grand Total,,,0,0,,,,,
22,Sun,2026-05-31 00:00:00,Converting ,Multivac,,,,,,,,,,0,0,Grand Total,,,0,0,,,,,
23,Mon,2026-06-01 00:00:00,Converting ,Multivac,,,,,,,,,,0,0,Grand Total,,,0,0,,,,,
23,Tue,2026-06-02 00:00:00,Converting ,Multivac,,,,,,,,,,0,0,Grand Total,,,0,0,,,,,
23,Wed,2026-06-03 00:00:00,Converting ,Multivac,,,,,,,,,,0,0,Grand Total,,,0,0,,,,,
23,Thu,2026-06-04 00:00:00,Converting ,Multivac,,,,,,,,,,0,0,Grand Total,,,0,0,,,,,
23,Fri,2026-06-05 00:00:00,Converting ,Multivac,,,,,,,,,,0,0,Grand Total,,,0,0,,,,,
23,Sat,2026-06-06 00:00:00,Converting ,Multivac,,,,,,,,,,0,0,Grand Total,,,0,0,,,,,
23,Sun,2026-06-07 00:00:00,Converting ,Multivac,,,,,,,,,,0,0,Grand Total,,,0,0,,,,,
24,Mon,2026-06-08 00:00:00,Converting ,Multivac,,,,,,,,,,0,0,Grand Total,,,0,0,,,,,
24,Tue,2026-06-09 00:00:00,Converting ,Multivac,,,,,,,,,,0,0,Grand Total,,,0,0,,,,,
24,Wed,2026-06-10 00:00:00,Converting ,Multivac,,,,,,,,,,0,0,Grand Total,,,0,0,,,,,
24,Thu,2026-06-11 00:00:00,Converting ,Multivac,,,,,,,,,,0,0,Grand Total,,,0,0,,,,,
24,Fri,2026-06-12 00:00:00,Converting ,Multivac,,,,,,,,,,0,0,Grand Total,,,0,0,,,,,
24,Sat,2026-06-13 00:00:00,Converting ,Multivac,,,,,,,,,,0,0,Grand Total,,,0,0,,,,,
24,Sun,2026-06-14 00:00:00,Converting ,Multivac,,,,,,,,,,0,0,Grand Total,,,0,0,,,,,
25,Mon,2026-06-15 00:00:00,Converting ,Multivac,,,,,,,,,,0,0,Grand Total,,,0,0,,,,,
25,Tue,2026-06-16 00:00:00,Converting ,Multivac,,,,,,,,,,0,0,Grand Total,,,0,0,,,,,
25,Wed,2026-06-17 00:00:00,Converting ,Multivac,,,,,,,,,,0,0,Grand Total,,,0,0,,,,,
25,Thu,2026-06-18 00:00:00,Converting ,Multivac,,,,,,,,,,0,0,Grand Total,,,0,0,,,,,
25,Fri,2026-06-19 00:00:00,Converting ,Multivac,,,,,,,,,,0,0,Grand Total,,,0,0,,,,,
25,Sat,2026-06-20 00:00:00,Converting ,Multivac,,,,,,,,,,0,0,Grand Total,,,0,0,,,,,
25,Sun,2026-06-21 00:00:00,Converting ,Multivac,,,,,,,,,,0,0,Grand Total,,,0,0,,,,,
26,Mon,2026-06-22 00:00:00,Converting ,Multivac,,,,,,,,,,0,0,Grand Total,,,0,0,,,,,
26,Tue,2026-06-23 00:00:00,Converting ,Multivac,,,,,,,,,,0,0,Grand Total,,,0,0,,,,,
26,Wed,2026-06-24 00:00:00,Converting ,Multivac,,,,,,,,,,0,0,Grand Total,,,0,0,,,,,
26,Thu,2026-06-25 00:00:00,Converting ,Multivac,,,,,,,,,,0,0,Grand Total,,,0,0,,,,,
26,Fri,2026-06-26 00:00:00,Converting ,Multivac,,,,,,,,,,0,0,Grand Total,,,0,0,,,,,
26,Sat,2026-06-27 00:00:00,Converting ,Multivac,,,,,,,,,,0,0,Grand Total,,,0,0,,,,,
26,Sun,2026-06-28 00:00:00,Converting ,Multivac,,,,,,,,,,0,0,Grand Total,,,0,0,,,,,
27,Mon,2026-06-29 00:00:00,Converting ,Multivac,,,,,,,,,,0,0,Grand Total,,,0,0,,,,,
27,Tue,2026-06-30 00:00:00,Converting ,Multivac,,,,,,,,,,0,0,Grand Total,,,0,0,,,,,
27,Wed,2026-07-01 00:00:00,Converting ,Multivac,,,,,,,,,,0,0,Grand Total,,,0,0,,,,,
27,Thu,2026-07-02 00:00:00,Converting ,Multivac,,,,,,,,,,0,0,Grand Total,,,0,0,,,,,
27,Fri,2026-07-03 00:00:00,Converting ,Multivac,,,,,,,,,,0,0,Grand Total,,,0,0,,,,,
27,Sat,2026-07-04 00:00:00,Converting ,Multivac,,,,,,,,,,0,0,Grand Total,,,0,0,,,,,
27,Sun,2026-07-05 00:00:00,Converting ,Multivac,,,,,,,,,,0,0,Grand Total,,,0,0,,,,,
28,Mon,2026-07-06 00:00:00,Converting ,Multivac,,,,,,,,,,0,0,Grand Total,,,0,0,,,,,
28,Tue,2026-07-07 00:00:00,Converting ,Multivac,,,,,,,,,,0,0,Grand Total,,,0,0,,,,,
28,Wed,2026-07-08 00:00:00,Converting ,Multivac,,,,,,,,,,0,0,Grand Total,,,0,0,,,,,
28,Thu,2026-07-09 00:00:00,Converting ,Multivac,,,,,,,,,,0,0,Grand Total,,,0,0,,,,,
28,Fri,2026-07-10 00:00:00,Converting ,Multivac,,,,,,,,,,0,0,Grand Total,,,0,0,,,,,
28,Sat,2026-07-11 00:00:00,Converting ,Multivac,,,,,,,,,,0,0,Grand Total,,,0,0,,,,,
28,Sun,2026-07-12 00:00:00,Converting ,Multivac,,,,,,,,,,0,0,Grand Total,,,0,0,,,,,
29,Mon,2026-07-13 00:00:00,Converting ,Multivac,,,,,,,,,,0,0,Grand Total,,,0,0,,,,,
29,Tue,2026-07-14 00:00:00,Converting ,Multivac,,,,,,,,,,0,0,Grand Total,,,0,0,,,,,
29,Wed,2026-07-15 00:00:00,Converting ,Multivac,,,,,,,,,,0,0,Grand Total,,,0,0,,,,,
29,Thu,2026-07-16 00:00:00,Converting ,Multivac,,,,,,,,,,0,0,Grand Total,,,0,0,,,,,
29,Fri,2026-07-17 00:00:00,Converting ,Multivac,,,,,,,,,,0,0,Grand Total,,,0,0,,,,,
29,Sat,2026-07-18 00:00:00,Converting ,Multivac,,,,,,,,,,0,0,Grand Total,,,0,0,,,,,
29,Sun,2026-07-19 00:00:00,Converting ,Multivac,,,,,,,,,,0,0,Grand Total,,,0,0,,,,,
30,Mon,2026-07-20 00:00:00,Converting ,Multivac,,,,,,,,,,0,0,Grand Total,,,0,0,,,,,
30,Tue,2026-07-21 00:00:00,Converting ,Multivac,,,,,,,,,,0,0,Grand Total,,,0,0,,,,,
30,Wed,2026-07-22 00:00:00,Converting ,Multivac,,,,,,,,,,0,0,Grand Total,,,0,0,,,,,
30,Thu,2026-07-23 00:00:00,Converting ,Multivac,,,,,,,,,,0,0,Grand Total,,,0,0,,,,,
30,Fri,2026-07-24 00:00:00,Converting ,Multivac,,,,,,,,,,0,0,Grand Total,,,0,0,,,,,
30,Sat,2026-07-25 00:00:00,Converting ,Multivac,,,,,,,,,,0,0,Grand Total,,,0,0,,,,,
30,Sun,2026-07-26 00:00:00,Converting ,Multivac,,,,,,,,,,0,0,Grand Total,,,0,0,,,,,
31,Mon,2026-07-27 00:00:00,Converting ,Multivac,,,,,,,,,,0,0,Grand Total,,,0,0,,,,,
31,Tue,2026-07-28 00:00:00,Converting ,Multivac,,,,,,,,,,0,0,Grand Total,,,0,0,,,,,
31,Wed,2026-07-29 00:00:00,Converting ,Multivac,,,,,,,,,,0,0,Grand Total,,,0,0,,,,,
31,Thu,2026-07-30 00:00:00,Converting ,Multivac,,,,,,,,,,0,0,Grand Total,,,0,0,,,,,
31,Fri,2026-07-31 00:00:00,Converting ,Multivac,,,,,,,,,,0,0,Grand Total,,,0,0,,,,,
31,Sat,2026-08-01 00:00:00,Converting ,Multivac,,,,,,,,,,0,0,Grand Total,,,0,0,,,,,
31,Sun,2026-08-02 00:00:00,Converting ,Multivac,,,,,,,,,,0,0,Grand Total,,,0,0,,,,,
32,Mon,2026-08-03 00:00:00,Converting ,Multivac,,,,,,,,,,0,0,Grand Total,,,0,0,,,,,
32,Tue,2026-08-04 00:00:00,Converting ,Multivac,,,,,,,,,,0,0,Grand Total,,,0,0,,,,,
32,Wed,2026-08-05 00:00:00,Converting ,Multivac,,,,,,,,,,0,0,Grand Total,,,0,0,,,,,
32,Thu,2026-08-06 00:00:00,Converting ,Multivac,,,,,,,,,,0,0,Grand Total,,,0,0,,,,,
32,Fri,2026-08-07 00:00:00,Converting ,Multivac,,,,,,,,,,0,0,Grand Total,,,0,0,,,,,
32,Sat,2026-08-08 00:00:00,Converting ,Multivac,,,,,,,,,,0,0,Grand Total,,,0,0,,,,,
32,Sun,2026-08-09 00:00:00,Converting ,Multivac,,,,,,,,,,0,0,Grand Total,,,0,0,,,,,
33,Mon,2026-08-10 00:00:00,Converting ,Multivac,,,,,,,,,,0,0,Grand Total,,,0,0,,,,,
33,Tue,2026-08-11 00:00:00,Converting ,Multivac,,,,,,,,,,0,0,Grand Total,,,0,0,,,,,
33,Wed,2026-08-12 00:00:00,Converting ,Multivac,,,,,,,,,,0,0,Grand Total,,,0,0,,,,,
33,Thu,2026-08-13 00:00:00,Converting ,Multivac,,,,,,,,,,0,0,Grand Total,,,0,0,,,,,
33,Fri,2026-08-14 00:00:00,Converting ,Multivac,,,,,,,,,,0,0,Grand Total,,,0,0,,,,,
33,Sat,2026-08-15 00:00:00,Converting ,Multivac,,,,,,,,,,0,0,Grand Total,,,0,0,,,,,
33,Sun,2026-08-16 00:00:00,Converting ,Multivac,,,,,,,,,,0,0,Grand Total,,,0,0,,,,,
34,Mon,2026-08-17 00:00:00,Converting ,Multivac,,,,,,,,,,0,0,Grand Total,,,0,0,,,,,
34,Tue,2026-08-18 00:00:00,Converting ,Multivac,,,,,,,,,,0,0,Grand Total,,,0,0,,,,,
34,Wed,2026-08-19 00:00:00,Converting ,Multivac,,,,,,,,,,0,0,Grand Total,,,0,0,,,,,
34,Thu,2026-08-20 00:00:00,Converting ,Multivac,,,,,,,,,,0,0,Grand Total,,,0,0,,,,,
34,Fri,2026-08-21 00:00:00,Converting ,Multivac,,,,,,,,,,0,0,Grand Total,,,0,0,,,,,
34,Sat,2026-08-22 00:00:00,Converting ,Multivac,,,,,,,,,,0,0,Grand Total,,,0,0,,,,,
34,Sun,2026-08-23 00:00:00,Converting ,Multivac,,,,,,,,,,0,0,Grand Total,,,0,0,,,,,
35,Mon,2026-08-24 00:00:00,Converting ,Multivac,,,,,,,,,,0,0,Grand Total,,,0,0,,,,,
35,Tue,2026-08-25 00:00:00,Converting ,Multivac,,,,,,,,,,0,0,Grand Total,,,0,0,,,,,
35,Wed,2026-08-26 00:00:00,Converting ,Multivac,,,,,,,,,,0,0,Grand Total,,,0,0,,,,,
35,Thu,2026-08-27 00:00:00,Converting ,Multivac,,,,,,,,,,0,0,Grand Total,,,0,0,,,,,
35,Fri,2026-08-28 00:00:00,Converting ,Multivac,,,,,,,,,,0,0,Grand Total,,,0,0,,,,,
35,Sat,2026-08-29 00:00:00,Converting ,Multivac,,,,,,,,,,0,0,Grand Total,,,0,0,,,,,
35,Sun,2026-08-30 00:00:00,Converting ,Multivac,,,,,,,,,,0,0,Grand Total,,,0,0,,,,,
36,Mon,2026-08-31 00:00:00,Converting ,Multivac,,,,,,,,,,0,0,Grand Total,,,0,0,,,,,
36,Tue,2026-09-01 00:00:00,Converting ,Multivac,,,,,,,,,,0,0,Grand Total,,,0,0,,,,,
36,Wed,2026-09-02 00:00:00,Converting ,Multivac,,,,,,,,,,0,0,Grand Total,,,0,0,,,,,
36,Thu,2026-09-03 00:00:00,Converting ,Multivac,,,,,,,,,,0,0,Grand Total,,,0,0,,,,,
36,Fri,2026-09-04 00:00:00,Converting ,Multivac,,,,,,,,,,0,0,Grand Total,,,0,0,,,,,
36,Sat,2026-09-05 00:00:00,Converting ,Multivac,,,,,,,,,,0,0,Grand Total,,,0,0,,,,,
36,Sun,2026-09-06 00:00:00,Converting ,Multivac,,,,,,,,,,0,0,Grand Total,,,0,0,,,,,
37,Mon,2026-09-07 00:00:00,Converting ,Multivac,,,,,,,,,,0,0,Grand Total,,,0,0,,,,,
37,Tue,2026-09-08 00:00:00,Converting ,Multivac,,,,,,,,,,0,0,Grand Total,,,0,0,,,,,
37,Wed,2026-09-09 00:00:00,Converting ,Multivac,,,,,,,,,,0,0,Grand Total,,,0,0,,,,,
37,Thu,2026-09-10 00:00:00,Converting ,Multivac,,,,,,,,,,0,0,Grand Total,,,0,0,,,,,
37,Fri,2026-09-11 00:00:00,Converting ,Multivac,,,,,,,,,,0,0,Grand Total,,,0,0,,,,,
37,Sat,2026-09-12 00:00:00,Converting ,Multivac,,,,,,,,,,0,0,Grand Total,,,0,0,,,,,
37,Sun,2026-09-13 00:00:00,Converting ,Multivac,,,,,,,,,,0,0,Grand Total,,,0,0,,,,,
38,Mon,2026-09-14 00:00:00,Converting ,Multivac,,,,,,,,,,0,0,Grand Total,,,0,0,,,,,
38,Tue,2026-09-15 00:00:00,Converting ,Multivac,,,,,,,,,,0,0,Grand Total,,,0,0,,,,,
38,Wed,2026-09-16 00:00:00,Converting ,Multivac,,,,,,,,,,0,0,Grand Total,,,0,0,,,,,
38,Thu,2026-09-17 00:00:00,Converting ,Multivac,,,,,,,,,,0,0,Grand Total,,,0,0,,,,,
38,Fri,2026-09-18 00:00:00,Converting ,Multivac,,,,,,,,,,0,0,Grand Total,,,0,0,,,,,
38,Sat,2026-09-19 00:00:00,Converting ,Multivac,,,,,,,,,,0,0,Grand Total,,,0,0,,,,,
38,Sun,2026-09-20 00:00:00,Converting ,Multivac,,,,,,,,,,0,0,Grand Total,,,0,0,,,,,
39,Mon,2026-09-21 00:00:00,Converting ,Multivac,,,,,,,,,,0,0,Grand Total,,,0,0,,,,,
39,Tue,2026-09-22 00:00:00,Converting ,Multivac,,,,,,,,,,0,0,Grand Total,,,0,0,,,,,
39,Thu,2026-09-24 00:00:00,Converting ,Multivac,,,,,,,,,,0,0,Grand Total,,,0,0,,,,,
39,Fri,2026-09-25 00:00:00,Converting ,Multivac,,,,,,,,,,0,0,Grand Total,,,0,0,,,,,
39,Sat,2026-09-26 00:00:00,Converting ,Multivac,,,,,,,,,,0,0,Grand Total,,,0,0,,,,,
39,Sun,2026-09-27 00:00:00,Converting ,Multivac,,,,,,,,,,0,0,Grand Total,,,0,0,,,,,
40,Mon,2026-09-28 00:00:00,Converting ,Multivac,,,,,,,,,,0,0,Grand Total,,,0,0,,,,,
40,Tue,2026-09-29 00:00:00,Converting ,Multivac,,,,,,,,,,0,0,Grand Total,,,0,0,,,,,
40,Wed,2026-09-30 00:00:00,Converting ,Multivac,,,,,,,,,,0,0,Grand Total,,,0,0,,,,,
40,Thu,2026-10-01 00:00:00,Converting ,Multivac,,,,,,,,,,0,0,Grand Total,,,0,0,,,,,
40,Fri,2026-10-02 00:00:00,Converting ,Multivac,,,,,,,,,,0,0,Grand Total,,,0,0,,,,,
40,Sat,2026-10-03 00:00:00,Converting ,Multivac,,,,,,,,,,0,0,Grand Total,,,0,0,,,,,
40,Sun,2026-10-04 00:00:00,Converting ,Multivac,,,,,,,,,,0,0,Grand Total,,,0,0,,,,,
41,Mon,2026-10-05 00:00:00,Converting ,Multivac,,,,,,,,,,0,0,Grand Total,,,0,0,,,,,
41,Tue,2026-10-06 00:00:00,Converting ,Multivac,,,,,,,,,,0,0,Grand Total,,,0,0,,,,,
41,Wed,2026-10-07 00:00:00,Converting ,Multivac,,,,,,,,,,0,0,Grand Total,,,0,0,,,,,
41,Thu,2026-10-08 00:00:00,Converting ,Multivac,,,,,,,,,,0,0,Grand Total,,,0,0,,,,,
41,Fri,2026-10-09 00:00:00,Converting ,Multivac,,,,,,,,,,0,0,Grand Total,,,0,0,,,,,
41,Sat,2026-10-10 00:00:00,Converting ,Multivac,,,,,,,,,,0,0,Grand Total,,,0,0,,,,,
41,Sun,2026-10-11 00:00:00,Converting ,Multivac,,,,,,,,,,0,0,Grand Total,,,0,0,,,,,
42,Mon,2026-10-12 00:00:00,Converting ,Multivac,,,,,,,,,,0,0,Grand Total,,,0,0,,,,,
42,Tue,2026-10-13 00:00:00,Converting ,Multivac,,,,,,,,,,0,0,Grand Total,,,0,0,,,,,
42,Wed,2026-10-14 00:00:00,Converting ,Multivac,,,,,,,,,,0,0,Grand Total,,,0,0,,,,,
42,Thu,2026-10-15 00:00:00,Converting ,Multivac,,,,,,,,,,0,0,Grand Total,,,0,0,,,,,
42,Fri,2026-10-16 00:00:00,Converting ,Multivac,,,,,,,,,,0,0,Grand Total,,,0,0,,,,,
42,Sat,2026-10-17 00:00:00,Converting ,Multivac,,,,,,,,,,0,0,Grand Total,,,0,0,,,,,
42,Sun,2026-10-18 00:00:00,Converting ,Multivac,,,,,,,,,,0,0,Grand Total,,,0,0,,,,,
43,Mon,2026-10-19 00:00:00,Converting ,Multivac,,,,,,,,,,0,0,Grand Total,,,0,0,,,,,
43,Tue,2026-10-20 00:00:00,Converting ,Multivac,,,,,,,,,,0,0,Grand Total,,,0,0,,,,,
43,Wed,2026-10-21 00:00:00,Converting ,Multivac,,,,,,,,,,0,0,Grand Total,,,0,0,,,,,
43,Thu,2026-10-22 00:00:00,Converting ,Multivac,,,,,,,,,,0,0,Grand Total,,,0,0,,,,,
43,Fri,2026-10-23 00:00:00,Converting ,Multivac,,,,,,,,,,0,0,Grand Total,,,0,0,,,,,
43,Sat,2026-10-24 00:00:00,Converting ,Multivac,,,,,,,,,,0,0,Grand Total,,,0,0,,,,,
43,Sun,2026-10-25 00:00:00,Converting ,Multivac,,,,,,,,,,0,0,Grand Total,,,0,0,,,,,
44,Mon,2026-10-26 00:00:00,Converting ,Multivac,,,,,,,,,,0,0,Grand Total,,,0,0,,,,,
44,Tue,2026-10-27 00:00:00,Converting ,Multivac,,,,,,,,,,0,0,Grand Total,,,0,0,,,,,
44,Wed,2026-10-28 00:00:00,Converting ,Multivac,,,,,,,,,,0,0,Grand Total,,,0,0,,,,,
44,Thu,2026-10-29 00:00:00,Converting ,Multivac,,,,,,,,,,0,0,Grand Total,,,0,0,,,,,
44,Fri,2026-10-30 00:00:00,Converting ,Multivac,,,,,,,,,,0,0,Grand Total,,,0,0,,,,,
44,Sat,2026-10-31 00:00:00,Converting ,Multivac,,,,,,,,,,0,0,Grand Total,,,0,0,,,,,
44,Sun,2026-11-01 00:00:00,Converting ,Multivac,,,,,,,,,,0,0,Grand Total,,,0,0,,,,,
45,Mon,2026-11-02 00:00:00,Converting ,Multivac,,,,,,,,,,0,0,Grand Total,,,0,0,,,,,
45,Tue,2026-11-03 00:00:00,Converting ,Multivac,,,,,,,,,,0,0,Grand Total,,,0,0,,,,,
45,Wed,2026-11-04 00:00:00,Converting ,Multivac,,,,,,,,,,0,0,Grand Total,,,0,0,,,,,
45,Thu,2026-11-05 00:00:00,Converting ,Multivac,,,,,,,,,,0,0,Grand Total,,,0,0,,,,,
45,Fri,2026-11-06 00:00:00,Converting ,Multivac,,,,,,,,,,0,0,Grand Total,,,0,0,,,,,
45,Sat,2026-11-07 00:00:00,Converting ,Multivac,,,,,,,,,,0,0,Grand Total,,,0,0,,,,,
45,Sun,2026-11-08 00:00:00,Converting ,Multivac,,,,,,,,,,0,0,Grand Total,,,0,0,,,,,
46,Mon,2026-11-09 00:00:00,Converting ,Multivac,,,,,,,,,,0,0,Grand Total,,,0,0,,,,,
46,Tue,2026-11-10 00:00:00,Converting ,Multivac,,,,,,,,,,0,0,Grand Total,,,0,0,,,,,
46,Wed,2026-11-11 00:00:00,Converting ,Multivac,,,,,,,,,,0,0,Grand Total,,,0,0,,,,,
46,Thu,2026-11-12 00:00:00,Converting ,Multivac,,,,,,,,,,0,0,Grand Total,,,0,0,,,,,
46,Fri,2026-11-13 00:00:00,Converting ,Multivac,,,,,,,,,,0,0,Grand Total,,,0,0,,,,,
46,Sat,2026-11-14 00:00:00,Converting ,Multivac,,,,,,,,,,0,0,Grand Total,,,0,0,,,,,
46,Sun,2026-11-15 00:00:00,Converting ,Multivac,,,,,,,,,,0,0,Grand Total,,,0,0,,,,,
47,Mon,2026-11-16 00:00:00,Converting ,Multivac,,,,,,,,,,0,0,Grand Total,,,0,0,,,,,
47,Tue,2026-11-17 00:00:00,Converting ,Multivac,,,,,,,,,,0,0,Grand Total,,,0,0,,,,,
47,Wed,2026-11-18 00:00:00,Converting ,Multivac,,,,,,,,,,0,0,Grand Total,,,0,0,,,,,
47,Thu,2026-11-19 00:00:00,Converting ,Multivac,,,,,,,,,,0,0,Grand Total,,,0,0,,,,,
47,Fri,2026-11-20 00:00:00,Converting ,Multivac,,,,,,,,,,0,0,Grand Total,,,0,0,,,,,
47,Sat,2026-11-21 00:00:00,Converting ,Multivac,,,,,,,,,,0,0,Grand Total,,,0,0,,,,,
47,Sun,2026-11-22 00:00:00,Converting ,Multivac,,,,,,,,,,0,0,Grand Total,,,0,0,,,,,
48,Mon,2026-11-23 00:00:00,Converting ,Multivac,,,,,,,,,,0,0,Grand Total,,,0,0,,,,,
48,Tue,2026-11-24 00:00:00,Converting ,Multivac,,,,,,,,,,0,0,Grand Total,,,0,0,,,,,
48,Wed,2026-11-25 00:00:00,Converting ,Multivac,,,,,,,,,,0,0,Grand Total,,,0,0,,,,,
48,Thu,2026-11-26 00:00:00,Converting ,Multivac,,,,,,,,,,0,0,Grand Total,,,0,0,,,,,
48,Fri,2026-11-27 00:00:00,Converting ,Multivac,,,,,,,,,,0,0,Grand Total,,,0,0,,,,,
48,Sat,2026-11-28 00:00:00,Converting ,Multivac,,,,,,,,,,0,0,Grand Total,,,0,0,,,,,
48,Sun,2026-11-29 00:00:00,Converting ,Multivac,,,,,,,,,,0,0,Grand Total,,,0,0,,,,,
49,Mon,2026-11-30 00:00:00,Converting ,Multivac,,,,,,,,,,0,0,Grand Total,,,0,0,,,,,
49,Tue,2026-12-01 00:00:00,Converting ,Multivac,,,,,,,,,,0,0,Grand Total,,,0,0,,,,,
49,Wed,2026-12-02 00:00:00,Converting ,Multivac,,,,,,,,,,0,0,Grand Total,,,0,0,,,,,
49,Thu,2026-12-03 00:00:00,Converting ,Multivac,,,,,,,,,,0,0,Grand Total,,,0,0,,,,,
49,Fri,2026-12-04 00:00:00,Converting ,Multivac,,,,,,,,,,0,0,Grand Total,,,0,0,,,,,
49,Sat,2026-12-05 00:00:00,Converting ,Multivac,,,,,,,,,,0,0,Grand Total,,,0,0,,,,,
49,Sun,2026-12-06 00:00:00,Converting ,Multivac,,,,,,,,,,0,0,Grand Total,,,0,0,,,,,
50,Mon,2026-12-07 00:00:00,Converting ,Multivac,,,,,,,,,,0,0,Grand Total,,,0,0,,,,,
50,Tue,2026-12-08 00:00:00,Converting ,Multivac,,,,,,,,,,0,0,Grand Total,,,0,0,,,,,
50,Wed,2026-12-09 00:00:00,Converting ,Multivac,,,,,,,,,,0,0,Grand Total,,,0,0,,,,,
50,Thu,2026-12-10 00:00:00,Converting ,Multivac,,,,,,,,,,0,0,Grand Total,,,0,0,,,,,
50,Fri,2026-12-11 00:00:00,Converting ,Multivac,,,,,,,,,,0,0,Grand Total,,,0,0,,,,,
50,Sat,2026-12-12 00:00:00,Converting ,Multivac,,,,,,,,,,0,0,Grand Total,,,0,0,,,,,
50,Sun,2026-12-13 00:00:00,Converting ,Multivac,,,,,,,,,,0,0,Grand Total,,,0,0,,,,,
51,Mon,2026-12-14 00:00:00,Converting ,Multivac,,,,,,,,,,0,0,Grand Total,,,0,0,,,,,
51,Tue,2026-12-15 00:00:00,Converting ,Multivac,,,,,,,,,,0,0,Grand Total,,,0,0,,,,,
51,Wed,2026-12-16 00:00:00,Converting ,Multivac,,,,,,,,,,0,0,Grand Total,,,0,0,,,,,
51,Thu,2026-12-17 00:00:00,Converting ,Multivac,,,,,,,,,,0,0,Grand Total,,,0,0,,,,,
51,Fri,2026-12-18 00:00:00,Converting ,Multivac,,,,,,,,,,0,0,Grand Total,,,0,0,,,,,
51,Sat,2026-12-19 00:00:00,Converting ,Multivac,,,,,,,,,,0,0,Grand Total,,,0,0,,,,,
51,Sun,2026-12-20 00:00:00,Converting ,Multivac,,,,,,,,,,0,0,Grand Total,,,0,0,,,,,
52,Mon,2026-12-21 00:00:00,Converting ,Multivac,,,,,,,,,,0,0,Grand Total,,,0,0,,,,,
52,Tue,2026-12-22 00:00:00,Converting ,Multivac,,,,,,,,,,0,0,Grand Total,,,0,0,,,,,
52,Wed,2026-12-23 00:00:00,Converting ,Multivac,,,,,,,,,,0,0,Grand Total,,,0,0,,,,,
52,Thu,2026-12-24 00:00:00,Converting ,Multivac,,,,,,,,,,0,0,Grand Total,,,0,0,,,,,
52,Fri,2026-12-25 00:00:00,Converting ,Multivac,,,,,,,,,,0,0,Grand Total,,,0,0,,,,,
52,Sat,2026-12-26 00:00:00,Converting ,Multivac,,,,,,,,,,0,0,Grand Total,,,0,0,,,,,
52,Sun,2026-12-27 00:00:00,Converting ,Multivac,,,,,,,,,,0,0,Grand Total,,,0,0,,,,,
53,Mon,2026-12-28 00:00:00,Converting ,Multivac,,,,,,,,,,0,0,Grand Total,,,0,0,,,,,
53,Tue,2026-12-29 00:00:00,Converting ,Multivac,,,,,,,,,,0,0,Grand Total,,,0,0,,,,,
53,Wed,2026-12-30 00:00:00,Converting ,Multivac,,,,,,,,,,0,0,Grand Total,,,0,0,,,,,
53,Thu,2026-12-31 00:00:00,Converting ,Multivac,,,,,,,,,,0,0,Grand Total,,,0,0,,,,,
1,Thu,2026-01-01 00:00:00,Converting ,Scout,,,,,,,,,,0,0,Grand Total,,,0,0,,,,,
1,Fri,2026-01-02 00:00:00,Converting ,Scout,,,,,,,,,,0,0,Grand Total,,,0,0,,,,,
1,Tue,2023-01-03 00:00:00,Converting ,Scout,,,,,,,,,,0,0,Grand Total,,,0,0,,,,,
1,Sun,2026-01-04 00:00:00,Converting ,Scout,,,,,,,,,,0,0,Grand Total,,,0,0,,,,,
2,Mon,2026-01-05 00:00:00,Converting ,Scout,No,Non-Sterile,6098,54172,,6,12000,12000,LF,0,0,Grand Total,7,13900,0,0,,,,,
2,Tue,2026-01-06 00:00:00,Converting ,Scout,No,Non-Sterile,7544,53928,,14,300000,36000,LF,0,0,Grand Total,,,0,0,,,,,
2,Wed,2026-01-07 00:00:00,Converting ,Scout,No,Non-Sterile,7544,53928,,14,300000,42000,LF,0,0,Grand Total,98,262400,0,0,,,,,
2,Thu,2026-01-08 00:00:00,Converting ,Scout,No,Non-Sterile,7544,53928,,14,300000,42000,LF,0,0,Grand Total,,,0,0,,,,,
2,Fri,2026-01-09 00:00:00,Converting ,Scout,No,Non-Sterile,7544,53928,,14,300000,42000,LF,0,0,Grand Total,,,0,0,,,,,
2,Sat,2026-01-10 00:00:00,Converting ,Scout,,,,,,,,,,0,0,Grand Total,,,0,0,,,,,
2,Sun,2026-01-11 00:00:00,Converting ,Scout,,,,,,,,,,0,0,Grand Total,,,0,0,,,,,
3,Mon,2026-01-12 00:00:00,Converting ,Scout,No,Non-Sterile,7544,53928,,14,300000,42000,LF,0,0,Grand Total,,,0,0,,,,,
3,Tue,2026-01-13 00:00:00,Converting ,Scout,No,Non-Sterile,7544,53928,,14,300000,42000,LF,0,0,Grand Total,,,0,0,,,,,
3,Wed,2026-01-14 00:00:00,Converting ,Scout,No,Non-Sterile,7544,53928,,14,300000,42000,LF,0,0,Grand Total,,,0,0,,,,,
3,Thu,2026-01-15 00:00:00,Converting ,Scout,No,Non-Sterile,7544,53928,,4,300000,12000,LF,0,0,Grand Total,,,0,0,,,,,
3,Fri,2026-01-16 00:00:00,Converting ,Scout,No,Non-Sterile,7543,54534,,14,177000,36000,LF,0,0,Grand Total,,,0,0,,,,,
3,Sat,2026-01-17 00:00:00,Converting ,Scout,,,,,,,,,,0,0,Grand Total,,,0,0,,,,,
3,Sun,2026-01-18 00:00:00,Converting ,Scout,,,,,,,,,,0,0,Grand Total,,,0,0,,,,,
4,Mon,2026-01-19 00:00:00,Converting ,Scout,No,Non-Sterile,7543,54534,,14,177000,42000,LF,0,0,Grand Total,7,52480,0,0,,,,,
4,Tue,2026-01-20 00:00:00,Converting ,Scout,No,Non-Sterile,7543,54534,,14,177000,42000,LF,0,0,Grand Total,7,52480,0,0,,,,,
4,Wed,2026-01-21 00:00:00,Converting ,Scout,No,Non-Sterile,7543,54534,,14,177000,42000,LF,0,0,Grand Total,10,78600,0,0,,,,,
4,Thu,2026-01-22 00:00:00,Converting ,Scout,No,Non-Sterile,7543,54534,,3,177000,15000,LF,0,0,Grand Total,,,0,0,,,,,
4,Fri,2026-01-23 00:00:00,Converting ,Scout,No,Non-Sterile,7145,54628,,7,13000,13000,LF,0,0,Grand Total,3,13400,0,0,,,,,
4,Sat,2026-01-24 00:00:00,Converting ,Scout,,,,,,,,,,0,0,Grand Total,,,0,0,,,,,
4,Sun,2026-01-25 00:00:00,Converting ,Scout,,,,,,,,,,0,0,Grand Total,,,0,0,,,,,
5,Mon,2026-01-26 00:00:00,Converting ,Scout,,,,PM,,,,,,0,0,Grand Total,,,0,0,,,,,
5,Tue,2026-01-27 00:00:00,Converting ,Scout,No,Non-Sterile,7143,54645,,3,1000,1000,LF,0,0,Grand Total,,,0,0,,,,,
5,Wed,2026-01-28 00:00:00,Converting ,Scout,No,Non-Sterile,7543,54681,,4,10000,10000,LF,0,0,Grand Total,,,0,0,,,,,
5,Thu,2026-01-29 00:00:00,Converting ,Scout,,,,,,,,,,0,0,Grand Total,,,0,0,,,,,
5,Fri,2026-01-30 00:00:00,Converting ,Scout,,,,,,,,,,0,0,Grand Total,,,0,0,,,,,
5,Sat,2026-01-31 00:00:00,Converting ,Scout,,,,,,,,,,0,0,Grand Total,,,0,0,,,,,
5,Sun,2026-02-01 00:00:00,Converting ,Scout,,,,,,,,,,0,0,Grand Total,,,0,0,,,,,
6,Mon,2026-02-02 00:00:00,Converting ,Scout,No,Non-Sterile,4980,53759,,7,70000,15000,LF,0,0,Grand Total,3,18000,0,0,,,,,
6,Tue,2026-02-03 00:00:00,Converting ,Scout,No,Non-Sterile,4980,53759,,7,70000,21000,LF,0,0,Grand Total,15,53900,0,0,,,,,
6,Wed,2026-02-04 00:00:00,Converting ,Scout,No,Non-Sterile,4980,53759,,7,70000,21000,LF,0,0,Grand Total,,,0,0,,,,,
6,Thu,2026-02-05 00:00:00,Converting ,Scout,No,Non-Sterile,4980,53759,,5,70000,13000,LF,0,0,Grand Total,,,0,0,,,,,
6,Fri,2026-02-06 00:00:00,Converting ,Scout,,,,,,,,,,0,0,Grand Total,,,0,0,,,,,
6,Sat,2026-02-07 00:00:00,Converting ,Scout,,,,,,,,,,0,0,Grand Total,,,0,0,,,,,
6,Sun,2026-02-08 00:00:00,Converting ,Scout,,,,,,,,,,0,0,Grand Total,,,0,0,,,,,
7,Mon,2026-02-09 00:00:00,Converting ,Scout,,,,,,,,,,0,0,Grand Total,,,0,0,,,,,
7,Tue,2026-02-10 00:00:00,Converting ,Scout,,,,,,,,,,0,0,Grand Total,,,0,0,,,,,
7,Wed,2026-02-11 00:00:00,Converting ,Scout,,,,,,,,,,0,0,Grand Total,,,0,0,,,,,
7,Thu,2026-02-12 00:00:00,Converting ,Scout,,,,PM,,,,,,0,0,Grand Total,,,0,0,,,,,
7,Fri,2026-02-13 00:00:00,Converting ,Scout,,,,,,,,,,0,0,Grand Total,,,0,0,,,,,
7,Sat,2026-02-14 00:00:00,Converting ,Scout,,,,,,,,,,0,0,Grand Total,,,0,0,,,,,
7,Sun,2026-02-15 00:00:00,Converting ,Scout,,,,,,,,,,0,0,Grand Total,,,0,0,,,,,
8,Mon,2026-02-16 00:00:00,Converting ,Scout,No,Non-Sterile,7543,54778,,14,240000,72000,LF,0,0,Grand Total,,,0,0,,,007531 ETA 2/9,,
8,Tue,2026-02-17 00:00:00,Converting ,Scout,No,Non-Sterile,7543,54778,,14,240000,84000,LF,0,0,Grand Total,,,0,0,,,,,
8,Wed,2026-02-18 00:00:00,Converting ,Scout,No,Non-Sterile,7543,54778,,14,240000,84000,LF,0,0,Grand Total,14,130960,0,0,,,,,
8,Thu,2026-02-19 00:00:00,Converting ,Scout,No,Non-Sterile,7544,54782,,14,600000,72000,LF,0,0,Grand Total,7,78720,0,0,,,007531 ETA 2/9,,
8,Fri,2026-02-20 00:00:00,Converting ,Scout,No,Non-Sterile,7544,54782,,14,600000,84000,LF,0,0,Grand Total,,,0,0,,,,,
8,Sat,2026-02-21 00:00:00,Converting ,Scout,,,,,,,,,,0,0,Grand Total,,,0,0,,,,,
8,Sun,2026-02-22 00:00:00,Converting ,Scout,,,,,,,,,,0,0,Grand Total,21,209680,0,0,,,,,
9,Mon,2026-02-23 00:00:00,Converting ,Scout,No,Non-Sterile,7544,54782,,14,600000,84000,LF,0,0,Grand Total,10,78720,0,0,,,,,
9,Tue,2026-02-24 00:00:00,Converting ,Scout,No,Non-Sterile,7544,54782,,14,600000,84000,LF,0,0,Grand Total,,,0,0,,,,,
9,Wed,2026-02-25 00:00:00,Converting ,Scout,No,Non-Sterile,7544,54782,,14,600000,84000,LF,0,0,Grand Total,,,0,0,,,,,
9,Thu,2026-02-26 00:00:00,Converting ,Scout,No,Non-Sterile,7544,54782,,14,600000,84000,LF,0,0,Grand Total,,,0,0,,,,,
9,Fri,2026-02-27 00:00:00,Converting ,Scout,No,Non-Sterile,7544,54782,,14,600000,84000,LF,0,0,Grand Total,,,0,0,,,,,
9,Sat,2026-02-28 00:00:00,Converting ,Scout,,,,,,,,,,0,0,Grand Total,,,0,0,,,,,
9,Sun,2026-03-01 00:00:00,Converting ,Scout,,,,,,,,,,0,0,Grand Total,,,0,0,,,,,
10,Mon,2026-03-02 00:00:00,Converting ,Scout,No,Non-Sterile,7544,54782,,4,600000,24000,LF,0,0,Grand Total,,,0,0,,,,,
10,Tue,2026-03-03 00:00:00,Converting ,Scout,No,Non-Sterile,7545,54783,,14,600000,72000,LF,0,0,Grand Total,10,77600,0,0,,,007531 ETA 2/9,,
10,Wed,2026-03-04 00:00:00,Converting ,Scout,No,Non-Sterile,7545,54783,,14,600000,84000,LF,0,0,Grand Total,7,,0,0,,,,,
10,Thu,2026-03-05 00:00:00,Converting ,Scout,No,Non-Sterile,7545,54783,,14,600000,84000,LF,0,0,Grand Total,,,0,0,,,,,
10,Fri,2026-03-06 00:00:00,Converting ,Scout,No,Non-Sterile,7545,54783,,14,600000,84000,LF,0,0,Grand Total,,,0,0,,,,,
10,Sat,2026-03-07 00:00:00,Converting ,Scout,,,,,,,,,,0,0,Grand Total,,,0,0,,,,,
10,Sun,2026-03-08 00:00:00,Converting ,Scout,,,,,,,,,,0,0,Grand Total,,,0,0,,,,,
11,Mon,2026-03-09 00:00:00,Converting ,Scout,No,Non-Sterile,7545,54783,,14,600000,84000,LF,0,0,Grand Total,,,0,0,,,,,
11,Tue,2026-03-10 00:00:00,Converting ,Scout,No,Non-Sterile,7545,54783,,14,600000,84000,LF,0,0,Grand Total,,,0,0,,,,,
11,Wed,2026-03-11 00:00:00,Converting ,Scout,No,Non-Sterile,7545,54783,,14,600000,84000,LF,0,0,Grand Total,,,0,0,,,,,
11,Thu,2026-03-12 00:00:00,Converting ,Scout,No,Non-Sterile,7545,54783,,4,600000,24000,LF,0,0,Grand Total,,,0,0,,,,,
11,Thu,2026-03-12 00:00:00,Converting ,Scout,No,Non-Sterile,6253,54678,,12,49000,24000,LF,0,0,Grand Total,,,0,0,,,,,
11,Fri,2026-03-13 00:00:00,Converting ,Scout,No,Non-Sterile,6253,54678,,9,49000,25000,LF,0,0,Grand Total,,,0,0,,,,,
11,Sat,2026-03-14 00:00:00,Converting ,Scout,,,,,,,,,,0,0,Grand Total,,,0,0,,,,,
11,Sun,2026-03-15 00:00:00,Converting ,Scout,,,,,,,,,,0,0,Grand Total,,,0,0,,,,,
12,Mon,2026-03-16 00:00:00,Converting ,Scout,No,Non-Sterile,7544,54784,,14,500000,72000,LF,0,0,Grand Total,,,0,0,,,,,
12,Tue,2026-03-17 00:00:00,Converting ,Scout,No,Non-Sterile,7544,54784,,14,500000,84000,LF,0,0,Grand Total,,,0,0,,,,,
12,Wed,2026-03-18 00:00:00,Converting ,Scout,No,Non-Sterile,7544,54784,,14,500000,84000,LF,0,0,Grand Total,,,0,0,,,,,
12,Thu,2026-03-19 00:00:00,Converting ,Scout,No,Non-Sterile,7544,54784,,14,500000,84000,LF,0,0,Grand Total,,,0,0,,,,,
12,Fri,2026-03-20 00:00:00,Converting ,Scout,No,Non-Sterile,7544,54784,,14,500000,84000,LF,0,0,Grand Total,,,0,0,,,,,
12,Sat,2026-03-21 00:00:00,Converting ,Scout,,,,,,,,,,0,0,Grand Total,,,0,0,,,,,
12,Sun,2026-03-22 00:00:00,Converting ,Scout,,,,,,,,,,0,0,Grand Total,,,0,0,,,,,
13,Mon,2026-03-23 00:00:00,Converting ,Scout,No,Non-Sterile,7544,54784,,14,500000,84000,LF,0,0,Grand Total,,,0,0,,,,,
13,Tue,2026-03-24 00:00:00,Converting ,Scout,No,Non-Sterile,7544,54784,,2,500000,8000,LF,0,0,Grand Total,,,0,0,,,,,
13,Wed,2026-03-25 00:00:00,Converting ,Scout,No,Non-Sterile,1920,53761,,14,190000,84000,LF,0,0,Grand Total,,,0,0,,,,,
13,Thu,2026-03-26 00:00:00,Converting ,Scout,No,Non-Sterile,1920,53761,,14,190000,84000,LF,0,0,Grand Total,,,0,0,,,,,
13,Fri,2026-03-27 00:00:00,Converting ,Scout,No,Non-Sterile,1920,53761,,4,190000,22000,LF,0,0,Grand Total,,,0,0,,,,,
13,Sat,2026-03-28 00:00:00,Converting ,Scout,,,,,,,,,,0,0,Grand Total,,,0,0,,,,,
13,Sun,2026-03-29 00:00:00,Converting ,Scout,,,,,,,,,,0,0,Grand Total,,,0,0,,,,,
14,Mon,2026-03-30 00:00:00,Converting ,Scout,,,,,,,,,,0,0,Grand Total,,,0,0,,,,,
14,Tue,2026-03-31 00:00:00,Converting ,Scout,,,,,,,,,,0,0,Grand Total,,,0,0,,,,,
14,Wed,2026-04-01 00:00:00,Converting ,Scout,,,,,,,,,,0,0,Grand Total,,,0,0,,,,,
14,Thu,2026-04-02 00:00:00,Converting ,Scout,,,,,,,,,,0,0,Grand Total,,,0,0,,,,,
14,Fri,2026-04-03 00:00:00,Converting ,Scout,,,,,,,,,,0,0,Grand Total,,,0,0,,,,,
14,Sat,2026-04-04 00:00:00,Converting ,Scout,,,,,,,,,,0,0,Grand Total,,,0,0,,,,,
14,Sun,2026-04-05 00:00:00,Converting ,Scout,,,,,,,,,,0,0,Grand Total,,,0,0,,,,,
15,Mon,2026-04-06 00:00:00,Converting ,Scout,,,,,,,,,,0,0,Grand Total,,,0,0,,,,,
15,Tue,2026-04-07 00:00:00,Converting ,Scout,,,,,,,,,,0,0,Grand Total,,,0,0,,,,,
15,Wed,2026-04-08 00:00:00,Converting ,Scout,,,,,,,,,,0,0,Grand Total,,,0,0,,,,,
15,Thu,2026-04-09 00:00:00,Converting ,Scout,,,,,,,,,,0,0,Grand Total,,,0,0,,,,,
15,Fri,2026-04-10 00:00:00,Converting ,Scout,,,,,,,,,,0,0,Grand Total,,,0,0,,,,,
15,Sat,2026-04-11 00:00:00,Converting ,Scout,,,,,,,,,,0,0,Grand Total,,,0,0,,,,,
15,Sun,2026-04-12 00:00:00,Converting ,Scout,,,,,,,,,,0,0,Grand Total,,,0,0,,,,,
16,Mon,2026-04-13 00:00:00,Converting ,Scout,,,,,,,,,,0,0,Grand Total,,,0,0,,,,,
16,Tue,2026-04-14 00:00:00,Converting ,Scout,,,,,,,,,,0,0,Grand Total,,,0,0,,,,,
16,Wed,2026-04-15 00:00:00,Converting ,Scout,,,,,,,,,,0,0,Grand Total,,,0,0,,,,,
16,Thu,2026-04-16 00:00:00,Converting ,Scout,,,,,,,,,,0,0,Grand Total,,,0,0,,,,,
16,Fri,2026-04-17 00:00:00,Converting ,Scout,,,,,,,,,,0,0,Grand Total,,,0,0,,,,,
16,Sat,2026-04-18 00:00:00,Converting ,Scout,,,,,,,,,,0,0,Grand Total,,,0,0,,,,,
16,Sun,2026-04-19 00:00:00,Converting ,Scout,,,,,,,,,,0,0,Grand Total,,,0,0,,,,,
17,Mon,2026-04-20 00:00:00,Converting ,Scout,,,,,,,,,,0,0,Grand Total,,,0,0,,,,,
17,Tue,2026-04-21 00:00:00,Converting ,Scout,,,,,,,,,,0,0,Grand Total,,,0,0,,,,,
17,Wed,2026-04-22 00:00:00,Converting ,Scout,,,,,,,,,,0,0,Grand Total,,,0,0,,,,,
17,Thu,2026-04-23 00:00:00,Converting ,Scout,,,,,,,,,,0,0,Grand Total,,,0,0,,,,,
17,Fri,2026-04-24 00:00:00,Converting ,Scout,,,,,,,,,,0,0,Grand Total,,,0,0,,,,,
17,Sat,2026-04-25 00:00:00,Converting ,Scout,,,,,,,,,,0,0,Grand Total,,,0,0,,,,,
17,Sun,2026-04-26 00:00:00,Converting ,Scout,,,,,,,,,,0,0,Grand Total,,,0,0,,,,,
18,Mon,2026-04-27 00:00:00,Converting ,Scout,,,,,,,,,,0,0,Grand Total,,,0,0,,,,,
18,Tue,2026-04-28 00:00:00,Converting ,Scout,,,,,,,,,,0,0,Grand Total,,,0,0,,,,,
18,Wed,2026-04-29 00:00:00,Converting ,Scout,,,,,,,,,,0,0,Grand Total,,,0,0,,,,,
18,Thu,2026-04-30 00:00:00,Converting ,Scout,,,,,,,,,,0,0,Grand Total,,,0,0,,,,,
18,Fri,2026-05-01 00:00:00,Converting ,Scout,,,,,,,,,,0,0,Grand Total,,,0,0,,,,,
18,Sat,2026-05-02 00:00:00,Converting ,Scout,,,,,,,,,,0,0,Grand Total,,,0,0,,,,,
18,Sun,2026-05-03 00:00:00,Converting ,Scout,,,,,,,,,,0,0,Grand Total,,,0,0,,,,,
19,Mon,2026-05-04 00:00:00,Converting ,Scout,,,,,,,,,,0,0,Grand Total,,,0,0,,,,,
19,Tue,2026-05-05 00:00:00,Converting ,Scout,,,,,,,,,,0,0,Grand Total,,,0,0,,,,,
19,Wed,2026-05-06 00:00:00,Converting ,Scout,,,,,,,,,,0,0,Grand Total,,,0,0,,,,,
19,Thu,2026-05-07 00:00:00,Converting ,Scout,,,,,,,,,,0,0,Grand Total,,,0,0,,,,,
19,Fri,2026-05-08 00:00:00,Converting ,Scout,,,,,,,,,,0,0,Grand Total,,,0,0,,,,,
19,Sat,2026-05-09 00:00:00,Converting ,Scout,,,,,,,,,,0,0,Grand Total,,,0,0,,,,,
19,Sun,2026-05-10 00:00:00,Converting ,Scout,,,,,,,,,,0,0,Grand Total,,,0,0,,,,,
20,Mon,2026-05-11 00:00:00,Converting ,Scout,,,,,,,,,,0,0,Grand Total,,,0,0,,,,,
20,Tue,2026-05-12 00:00:00,Converting ,Scout,,,,,,,,,,0,0,Grand Total,,,0,0,,,,,
20,Wed,2026-05-13 00:00:00,Converting ,Scout,,,,,,,,,,0,0,Grand Total,,,0,0,,,,,
20,Thu,2026-05-14 00:00:00,Converting ,Scout,,,,,,,,,,0,0,Grand Total,,,0,0,,,,,
20,Fri,2026-05-15 00:00:00,Converting ,Scout,,,,,,,,,,0,0,Grand Total,,,0,0,,,,,
20,Sat,2026-05-16 00:00:00,Converting ,Scout,,,,,,,,,,0,0,Grand Total,,,0,0,,,,,
20,Sun,2026-05-17 00:00:00,Converting ,Scout,,,,,,,,,,0,0,Grand Total,,,0,0,,,,,
21,Mon,2026-05-18 00:00:00,Converting ,Scout,,,,,,,,,,0,0,Grand Total,,,0,0,,,,,
21,Tue,2026-05-19 00:00:00,Converting ,Scout,,,,,,,,,,0,0,Grand Total,,,0,0,,,,,
21,Wed,2026-05-20 00:00:00,Converting ,Scout,,,,,,,,,,0,0,Grand Total,,,0,0,,,,,
21,Thu,2026-05-21 00:00:00,Converting ,Scout,,,,,,,,,,0,0,Grand Total,,,0,0,,,,,
21,Fri,2026-05-22 00:00:00,Converting ,Scout,,,,,,,,,,0,0,Grand Total,,,0,0,,,,,
21,Sat,2026-05-23 00:00:00,Converting ,Scout,,,,,,,,,,0,0,Grand Total,,,0,0,,,,,
21,Sun,2026-05-24 00:00:00,Converting ,Scout,,,,,,,,,,0,0,Grand Total,,,0,0,,,,,
22,Mon,2026-05-25 00:00:00,Converting ,Scout,,,,,,,,,,0,0,Grand Total,,,0,0,,,,,
22,Tue,2026-05-26 00:00:00,Converting ,Scout,,,,,,,,,,0,0,Grand Total,,,0,0,,,,,
22,Wed,2026-05-27 00:00:00,Converting ,Scout,,,,,,,,,,0,0,Grand Total,,,0,0,,,,,
22,Thu,2026-05-28 00:00:00,Converting ,Scout,,,,,,,,,,0,0,Grand Total,,,0,0,,,,,
22,Fri,2026-05-29 00:00:00,Converting ,Scout,,,,,,,,,,0,0,Grand Total,,,0,0,,,,,
22,Sat,2026-05-30 00:00:00,Converting ,Scout,,,,,,,,,,0,0,Grand Total,,,0,0,,,,,
22,Sun,2026-05-31 00:00:00,Converting ,Scout,,,,,,,,,,0,0,Grand Total,,,0,0,,,,,
23,Mon,2026-06-01 00:00:00,Converting ,Scout,,,,,,,,,,0,0,Grand Total,,,0,0,,,,,
23,Tue,2026-06-02 00:00:00,Converting ,Scout,,,,,,,,,,0,0,Grand Total,,,0,0,,,,,
23,Wed,2026-06-03 00:00:00,Converting ,Scout,,,,,,,,,,0,0,Grand Total,,,0,0,,,,,
23,Thu,2026-06-04 00:00:00,Converting ,Scout,,,,,,,,,,0,0,Grand Total,,,0,0,,,,,
23,Fri,2026-06-05 00:00:00,Converting ,Scout,,,,,,,,,,0,0,Grand Total,,,0,0,,,,,
23,Sat,2026-06-06 00:00:00,Converting ,Scout,,,,,,,,,,0,0,Grand Total,,,0,0,,,,,
23,Sun,2026-06-07 00:00:00,Converting ,Scout,,,,,,,,,,0,0,Grand Total,,,0,0,,,,,
24,Mon,2026-06-08 00:00:00,Converting ,Scout,,,,,,,,,,0,0,Grand Total,,,0,0,,,,,
24,Tue,2026-06-09 00:00:00,Converting ,Scout,,,,,,,,,,0,0,Grand Total,,,0,0,,,,,
24,Wed,2026-06-10 00:00:00,Converting ,Scout,,,,,,,,,,0,0,Grand Total,,,0,0,,,,,
24,Thu,2026-06-11 00:00:00,Converting ,Scout,,,,,,,,,,0,0,Grand Total,,,0,0,,,,,
24,Fri,2026-06-12 00:00:00,Converting ,Scout,,,,,,,,,,0,0,Grand Total,,,0,0,,,,,
24,Sat,2026-06-13 00:00:00,Converting ,Scout,,,,,,,,,,0,0,Grand Total,,,0,0,,,,,
24,Sun,2026-06-14 00:00:00,Converting ,Scout,,,,,,,,,,0,0,Grand Total,,,0,0,,,,,
25,Mon,2026-06-15 00:00:00,Converting ,Scout,,,,,,,,,,0,0,Grand Total,,,0,0,,,,,
25,Tue,2026-06-16 00:00:00,Converting ,Scout,,,,,,,,,,0,0,Grand Total,,,0,0,,,,,
25,Wed,2026-06-17 00:00:00,Converting ,Scout,,,,,,,,,,0,0,Grand Total,,,0,0,,,,,
25,Thu,2026-06-18 00:00:00,Converting ,Scout,,,,,,,,,,0,0,Grand Total,,,0,0,,,,,
25,Fri,2026-06-19 00:00:00,Converting ,Scout,,,,,,,,,,0,0,Grand Total,,,0,0,,,,,
25,Sat,2026-06-20 00:00:00,Converting ,Scout,,,,,,,,,,0,0,Grand Total,,,0,0,,,,,
25,Sun,2026-06-21 00:00:00,Converting ,Scout,,,,,,,,,,0,0,Grand Total,,,0,0,,,,,
26,Mon,2026-06-22 00:00:00,Converting ,Scout,,,,,,,,,,0,0,Grand Total,,,0,0,,,,,
26,Tue,2026-06-23 00:00:00,Converting ,Scout,,,,,,,,,,0,0,Grand Total,,,0,0,,,,,
26,Wed,2026-06-24 00:00:00,Converting ,Scout,,,,,,,,,,0,0,Grand Total,,,0,0,,,,,
26,Thu,2026-06-25 00:00:00,Converting ,Scout,,,,,,,,,,0,0,Grand Total,,,0,0,,,,,
26,Fri,2026-06-26 00:00:00,Converting ,Scout,,,,,,,,,,0,0,Grand Total,,,0,0,,,,,
26,Sat,2026-06-27 00:00:00,Converting ,Scout,,,,,,,,,,0,0,Grand Total,,,0,0,,,,,
26,Sun,2026-06-28 00:00:00,Converting ,Scout,,,,,,,,,,0,0,Grand Total,,,0,0,,,,,
27,Mon,2026-06-29 00:00:00,Converting ,Scout,,,,,,,,,,0,0,Grand Total,,,0,0,,,,,
27,Tue,2026-06-30 00:00:00,Converting ,Scout,,,,,,,,,,0,0,Grand Total,,,0,0,,,,,
27,Wed,2026-07-01 00:00:00,Converting ,Scout,,,,,,,,,,0,0,Grand Total,,,0,0,,,,,
27,Thu,2026-07-02 00:00:00,Converting ,Scout,,,,,,,,,,0,0,Grand Total,,,0,0,,,,,
27,Fri,2026-07-03 00:00:00,Converting ,Scout,,,,,,,,,,0,0,Grand Total,,,0,0,,,,,
27,Sat,2026-07-04 00:00:00,Converting ,Scout,,,,,,,,,,0,0,Grand Total,,,0,0,,,,,
27,Sun,2026-07-05 00:00:00,Converting ,Scout,,,,,,,,,,0,0,Grand Total,,,0,0,,,,,
28,Mon,2026-07-06 00:00:00,Converting ,Scout,,,,,,,,,,0,0,Grand Total,,,0,0,,,,,
28,Tue,2026-07-07 00:00:00,Converting ,Scout,,,,,,,,,,0,0,Grand Total,,,0,0,,,,,
28,Wed,2026-07-08 00:00:00,Converting ,Scout,,,,,,,,,,0,0,Grand Total,,,0,0,,,,,
28,Thu,2026-07-09 00:00:00,Converting ,Scout,,,,,,,,,,0,0,Grand Total,,,0,0,,,,,
28,Fri,2026-07-10 00:00:00,Converting ,Scout,,,,,,,,,,0,0,Grand Total,,,0,0,,,,,
28,Sat,2026-07-11 00:00:00,Converting ,Scout,,,,,,,,,,0,0,Grand Total,,,0,0,,,,,
28,Sun,2026-07-12 00:00:00,Converting ,Scout,,,,,,,,,,0,0,Grand Total,,,0,0,,,,,
29,Mon,2026-07-13 00:00:00,Converting ,Scout,,,,,,,,,,0,0,Grand Total,,,0,0,,,,,
29,Tue,2026-07-14 00:00:00,Converting ,Scout,,,,,,,,,,0,0,Grand Total,,,0,0,,,,,
29,Wed,2026-07-15 00:00:00,Converting ,Scout,,,,,,,,,,0,0,Grand Total,,,0,0,,,,,
29,Thu,2026-07-16 00:00:00,Converting ,Scout,,,,,,,,,,0,0,Grand Total,,,0,0,,,,,
29,Fri,2026-07-17 00:00:00,Converting ,Scout,,,,,,,,,,0,0,Grand Total,,,0,0,,,,,
29,Sat,2026-07-18 00:00:00,Converting ,Scout,,,,,,,,,,0,0,Grand Total,,,0,0,,,,,
29,Sun,2026-07-19 00:00:00,Converting ,Scout,,,,,,,,,,0,0,Grand Total,,,0,0,,,,,
30,Mon,2026-07-20 00:00:00,Converting ,Scout,,,,,,,,,,0,0,Grand Total,,,0,0,,,,,
30,Tue,2026-07-21 00:00:00,Converting ,Scout,,,,,,,,,,0,0,Grand Total,,,0,0,,,,,
30,Wed,2026-07-22 00:00:00,Converting ,Scout,,,,,,,,,,0,0,Grand Total,,,0,0,,,,,
30,Thu,2026-07-23 00:00:00,Converting ,Scout,,,,,,,,,,0,0,Grand Total,,,0,0,,,,,
30,Fri,2026-07-24 00:00:00,Converting ,Scout,,,,,,,,,,0,0,Grand Total,,,0,0,,,,,
30,Sat,2026-07-25 00:00:00,Converting ,Scout,,,,,,,,,,0,0,Grand Total,,,0,0,,,,,
30,Sun,2026-07-26 00:00:00,Converting ,Scout,,,,,,,,,,0,0,Grand Total,,,0,0,,,,,
31,Mon,2026-07-27 00:00:00,Converting ,Scout,,,,,,,,,,0,0,Grand Total,,,0,0,,,,,
31,Tue,2026-07-28 00:00:00,Converting ,Scout,,,,,,,,,,0,0,Grand Total,,,0,0,,,,,
31,Wed,2026-07-29 00:00:00,Converting ,Scout,,,,,,,,,,0,0,Grand Total,,,0,0,,,,,
31,Thu,2026-07-30 00:00:00,Converting ,Scout,,,,,,,,,,0,0,Grand Total,,,0,0,,,,,
31,Fri,2026-07-31 00:00:00,Converting ,Scout,,,,,,,,,,0,0,Grand Total,,,0,0,,,,,
31,Sat,2026-08-01 00:00:00,Converting ,Scout,,,,,,,,,,0,0,Grand Total,,,0,0,,,,,
31,Sun,2026-08-02 00:00:00,Converting ,Scout,,,,,,,,,,0,0,Grand Total,,,0,0,,,,,
32,Mon,2026-08-03 00:00:00,Converting ,Scout,,,,,,,,,,0,0,Grand Total,,,0,0,,,,,
32,Tue,2026-08-04 00:00:00,Converting ,Scout,,,,,,,,,,0,0,Grand Total,,,0,0,,,,,
32,Wed,2026-08-05 00:00:00,Converting ,Scout,,,,,,,,,,0,0,Grand Total,,,0,0,,,,,
32,Thu,2026-08-06 00:00:00,Converting ,Scout,,,,,,,,,,0,0,Grand Total,,,0,0,,,,,
32,Fri,2026-08-07 00:00:00,Converting ,Scout,,,,,,,,,,0,0,Grand Total,,,0,0,,,,,
32,Sat,2026-08-08 00:00:00,Converting ,Scout,,,,,,,,,,0,0,Grand Total,,,0,0,,,,,
32,Sun,2026-08-09 00:00:00,Converting ,Scout,,,,,,,,,,0,0,Grand Total,,,0,0,,,,,
33,Mon,2026-08-10 00:00:00,Converting ,Scout,,,,,,,,,,0,0,Grand Total,,,0,0,,,,,
33,Tue,2026-08-11 00:00:00,Converting ,Scout,,,,,,,,,,0,0,Grand Total,,,0,0,,,,,
33,Wed,2026-08-12 00:00:00,Converting ,Scout,,,,,,,,,,0,0,Grand Total,,,0,0,,,,,
33,Thu,2026-08-13 00:00:00,Converting ,Scout,,,,,,,,,,0,0,Grand Total,,,0,0,,,,,
33,Fri,2026-08-14 00:00:00,Converting ,Scout,,,,,,,,,,0,0,Grand Total,,,0,0,,,,,
33,Sat,2026-08-15 00:00:00,Converting ,Scout,,,,,,,,,,0,0,Grand Total,,,0,0,,,,,
33,Sun,2026-08-16 00:00:00,Converting ,Scout,,,,,,,,,,0,0,Grand Total,,,0,0,,,,,
34,Mon,2026-08-17 00:00:00,Converting ,Scout,,,,,,,,,,0,0,Grand Total,,,0,0,,,,,
34,Tue,2026-08-18 00:00:00,Converting ,Scout,,,,,,,,,,0,0,Grand Total,,,0,0,,,,,
34,Wed,2026-08-19 00:00:00,Converting ,Scout,,,,,,,,,,0,0,Grand Total,,,0,0,,,,,
34,Thu,2026-08-20 00:00:00,Converting ,Scout,,,,,,,,,,0,0,Grand Total,,,0,0,,,,,
34,Fri,2026-08-21 00:00:00,Converting ,Scout,,,,,,,,,,0,0,Grand Total,,,0,0,,,,,
34,Sat,2026-08-22 00:00:00,Converting ,Scout,,,,,,,,,,0,0,Grand Total,,,0,0,,,,,
34,Sun,2026-08-23 00:00:00,Converting ,Scout,,,,,,,,,,0,0,Grand Total,,,0,0,,,,,
35,Mon,2026-08-24 00:00:00,Converting ,Scout,,,,,,,,,,0,0,Grand Total,,,0,0,,,,,
35,Tue,2026-08-25 00:00:00,Converting ,Scout,,,,,,,,,,0,0,Grand Total,,,0,0,,,,,
35,Wed,2026-08-26 00:00:00,Converting ,Scout,,,,,,,,,,0,0,Grand Total,,,0,0,,,,,
35,Thu,2026-08-27 00:00:00,Converting ,Scout,,,,,,,,,,0,0,Grand Total,,,0,0,,,,,
35,Fri,2026-08-28 00:00:00,Converting ,Scout,,,,,,,,,,0,0,Grand Total,,,0,0,,,,,
35,Sat,2026-08-29 00:00:00,Converting ,Scout,,,,,,,,,,0,0,Grand Total,,,0,0,,,,,
35,Sun,2026-08-30 00:00:00,Converting ,Scout,,,,,,,,,,0,0,Grand Total,,,0,0,,,,,
36,Mon,2026-08-31 00:00:00,Converting ,Scout,,,,,,,,,,0,0,Grand Total,,,0,0,,,,,
36,Tue,2026-09-01 00:00:00,Converting ,Scout,,,,,,,,,,0,0,Grand Total,,,0,0,,,,,
36,Wed,2026-09-02 00:00:00,Converting ,Scout,,,,,,,,,,0,0,Grand Total,,,0,0,,,,,
36,Thu,2026-09-03 00:00:00,Converting ,Scout,,,,,,,,,,0,0,Grand Total,,,0,0,,,,,
36,Fri,2026-09-04 00:00:00,Converting ,Scout,,,,,,,,,,0,0,Grand Total,,,0,0,,,,,
36,Sat,2026-09-05 00:00:00,Converting ,Scout,,,,,,,,,,0,0,Grand Total,,,0,0,,,,,
36,Sun,2026-09-06 00:00:00,Converting ,Scout,,,,,,,,,,0,0,Grand Total,,,0,0,,,,,
37,Mon,2026-09-07 00:00:00,Converting ,Scout,,,,,,,,,,0,0,Grand Total,,,0,0,,,,,
37,Tue,2026-09-08 00:00:00,Converting ,Scout,,,,,,,,,,0,0,Grand Total,,,0,0,,,,,
37,Wed,2026-09-09 00:00:00,Converting ,Scout,,,,,,,,,,0,0,Grand Total,,,0,0,,,,,
37,Thu,2026-09-10 00:00:00,Converting ,Scout,,,,,,,,,,0,0,Grand Total,,,0,0,,,,,
37,Fri,2026-09-11 00:00:00,Converting ,Scout,,,,,,,,,,0,0,Grand Total,,,0,0,,,,,
37,Sat,2026-09-12 00:00:00,Converting ,Scout,,,,,,,,,,0,0,Grand Total,,,0,0,,,,,
37,Sun,2026-09-13 00:00:00,Converting ,Scout,,,,,,,,,,0,0,Grand Total,,,0,0,,,,,
38,Mon,2026-09-14 00:00:00,Converting ,Scout,,,,,,,,,,0,0,Grand Total,,,0,0,,,,,
38,Tue,2026-09-15 00:00:00,Converting ,Scout,,,,,,,,,,0,0,Grand Total,,,0,0,,,,,
38,Wed,2026-09-16 00:00:00,Converting ,Scout,,,,,,,,,,0,0,Grand Total,,,0,0,,,,,
38,Thu,2026-09-17 00:00:00,Converting ,Scout,,,,,,,,,,0,0,Grand Total,,,0,0,,,,,
38,Fri,2026-09-18 00:00:00,Converting ,Scout,,,,,,,,,,0,0,Grand Total,,,0,0,,,,,
38,Sat,2026-09-19 00:00:00,Converting ,Scout,,,,,,,,,,0,0,Grand Total,,,0,0,,,,,
38,Sun,2026-09-20 00:00:00,Converting ,Scout,,,,,,,,,,0,0,Grand Total,,,0,0,,,,,
39,Mon,2026-09-21 00:00:00,Converting ,Scout,,,,,,,,,,0,0,Grand Total,,,0,0,,,,,
39,Tue,2026-09-22 00:00:00,Converting ,Scout,,,,,,,,,,0,0,Grand Total,,,0,0,,,,,
39,Thu,2026-09-24 00:00:00,Converting ,Scout,,,,,,,,,,0,0,Grand Total,,,0,0,,,,,
39,Fri,2026-09-25 00:00:00,Converting ,Scout,,,,,,,,,,0,0,Grand Total,,,0,0,,,,,
39,Sat,2026-09-26 00:00:00,Converting ,Scout,,,,,,,,,,0,0,Grand Total,,,0,0,,,,,
39,Sun,2026-09-27 00:00:00,Converting ,Scout,,,,,,,,,,0,0,Grand Total,,,0,0,,,,,
40,Mon,2026-09-28 00:00:00,Converting ,Scout,,,,,,,,,,0,0,Grand Total,,,0,0,,,,,
40,Tue,2026-09-29 00:00:00,Converting ,Scout,,,,,,,,,,0,0,Grand Total,,,0,0,,,,,
40,Wed,2026-09-30 00:00:00,Converting ,Scout,,,,,,,,,,0,0,Grand Total,,,0,0,,,,,
40,Thu,2026-10-01 00:00:00,Converting ,Scout,,,,,,,,,,0,0,Grand Total,,,0,0,,,,,
40,Fri,2026-10-02 00:00:00,Converting ,Scout,,,,,,,,,,0,0,Grand Total,,,0,0,,,,,
40,Sat,2026-10-03 00:00:00,Converting ,Scout,,,,,,,,,,0,0,Grand Total,,,0,0,,,,,
40,Sun,2026-10-04 00:00:00,Converting ,Scout,,,,,,,,,,0,0,Grand Total,,,0,0,,,,,
41,Mon,2026-10-05 00:00:00,Converting ,Scout,,,,,,,,,,0,0,Grand Total,,,0,0,,,,,
41,Tue,2026-10-06 00:00:00,Converting ,Scout,,,,,,,,,,0,0,Grand Total,,,0,0,,,,,
41,Wed,2026-10-07 00:00:00,Converting ,Scout,,,,,,,,,,0,0,Grand Total,,,0,0,,,,,
41,Thu,2026-10-08 00:00:00,Converting ,Scout,,,,,,,,,,0,0,Grand Total,,,0,0,,,,,
41,Fri,2026-10-09 00:00:00,Converting ,Scout,,,,,,,,,,0,0,Grand Total,,,0,0,,,,,
41,Sat,2026-10-10 00:00:00,Converting ,Scout,,,,,,,,,,0,0,Grand Total,,,0,0,,,,,
41,Sun,2026-10-11 00:00:00,Converting ,Scout,,,,,,,,,,0,0,Grand Total,,,0,0,,,,,
42,Mon,2026-10-12 00:00:00,Converting ,Scout,,,,,,,,,,0,0,Grand Total,,,0,0,,,,,
42,Tue,2026-10-13 00:00:00,Converting ,Scout,,,,,,,,,,0,0,Grand Total,,,0,0,,,,,
42,Wed,2026-10-14 00:00:00,Converting ,Scout,,,,,,,,,,0,0,Grand Total,,,0,0,,,,,
42,Thu,2026-10-15 00:00:00,Converting ,Scout,,,,,,,,,,0,0,Grand Total,,,0,0,,,,,
42,Fri,2026-10-16 00:00:00,Converting ,Scout,,,,,,,,,,0,0,Grand Total,,,0,0,,,,,
42,Sat,2026-10-17 00:00:00,Converting ,Scout,,,,,,,,,,0,0,Grand Total,,,0,0,,,,,
42,Sun,2026-10-18 00:00:00,Converting ,Scout,,,,,,,,,,0,0,Grand Total,,,0,0,,,,,
43,Mon,2026-10-19 00:00:00,Converting ,Scout,,,,,,,,,,0,0,Grand Total,,,0,0,,,,,
43,Tue,2026-10-20 00:00:00,Converting ,Scout,,,,,,,,,,0,0,Grand Total,,,0,0,,,,,
43,Wed,2026-10-21 00:00:00,Converting ,Scout,,,,,,,,,,0,0,Grand Total,,,0,0,,,,,
43,Thu,2026-10-22 00:00:00,Converting ,Scout,,,,,,,,,,0,0,Grand Total,,,0,0,,,,,
43,Fri,2026-10-23 00:00:00,Converting ,Scout,,,,,,,,,,0,0,Grand Total,,,0,0,,,,,
43,Sat,2026-10-24 00:00:00,Converting ,Scout,,,,,,,,,,0,0,Grand Total,,,0,0,,,,,
43,Sun,2026-10-25 00:00:00,Converting ,Scout,,,,,,,,,,0,0,Grand Total,,,0,0,,,,,
44,Mon,2026-10-26 00:00:00,Converting ,Scout,,,,,,,,,,0,0,Grand Total,,,0,0,,,,,
44,Tue,2026-10-27 00:00:00,Converting ,Scout,,,,,,,,,,0,0,Grand Total,,,0,0,,,,,
44,Wed,2026-10-28 00:00:00,Converting ,Scout,,,,,,,,,,0,0,Grand Total,,,0,0,,,,,
44,Thu,2026-10-29 00:00:00,Converting ,Scout,,,,,,,,,,0,0,Grand Total,,,0,0,,,,,
44,Fri,2026-10-30 00:00:00,Converting ,Scout,,,,,,,,,,0,0,Grand Total,,,0,0,,,,,
44,Sat,2026-10-31 00:00:00,Converting ,Scout,,,,,,,,,,0,0,Grand Total,,,0,0,,,,,
44,Sun,2026-11-01 00:00:00,Converting ,Scout,,,,,,,,,,0,0,Grand Total,,,0,0,,,,,
45,Mon,2026-11-02 00:00:00,Converting ,Scout,,,,,,,,,,0,0,Grand Total,,,0,0,,,,,
45,Tue,2026-11-03 00:00:00,Converting ,Scout,,,,,,,,,,0,0,Grand Total,,,0,0,,,,,
45,Wed,2026-11-04 00:00:00,Converting ,Scout,,,,,,,,,,0,0,Grand Total,,,0,0,,,,,
45,Thu,2026-11-05 00:00:00,Converting ,Scout,,,,,,,,,,0,0,Grand Total,,,0,0,,,,,
45,Fri,2026-11-06 00:00:00,Converting ,Scout,,,,,,,,,,0,0,Grand Total,,,0,0,,,,,
45,Sat,2026-11-07 00:00:00,Converting ,Scout,,,,,,,,,,0,0,Grand Total,,,0,0,,,,,
45,Sun,2026-11-08 00:00:00,Converting ,Scout,,,,,,,,,,0,0,Grand Total,,,0,0,,,,,
46,Mon,2026-11-09 00:00:00,Converting ,Scout,,,,,,,,,,0,0,Grand Total,,,0,0,,,,,
46,Tue,2026-11-10 00:00:00,Converting ,Scout,,,,,,,,,,0,0,Grand Total,,,0,0,,,,,
46,Wed,2026-11-11 00:00:00,Converting ,Scout,,,,,,,,,,0,0,Grand Total,,,0,0,,,,,
46,Thu,2026-11-12 00:00:00,Converting ,Scout,,,,,,,,,,0,0,Grand Total,,,0,0,,,,,
46,Fri,2026-11-13 00:00:00,Converting ,Scout,,,,,,,,,,0,0,Grand Total,,,0,0,,,,,
46,Sat,2026-11-14 00:00:00,Converting ,Scout,,,,,,,,,,0,0,Grand Total,,,0,0,,,,,
46,Sun,2026-11-15 00:00:00,Converting ,Scout,,,,,,,,,,0,0,Grand Total,,,0,0,,,,,
47,Mon,2026-11-16 00:00:00,Converting ,Scout,,,,,,,,,,0,0,Grand Total,,,0,0,,,,,
47,Tue,2026-11-17 00:00:00,Converting ,Scout,,,,,,,,,,0,0,Grand Total,,,0,0,,,,,
47,Wed,2026-11-18 00:00:00,Converting ,Scout,,,,,,,,,,0,0,Grand Total,,,0,0,,,,,
47,Thu,2026-11-19 00:00:00,Converting ,Scout,,,,,,,,,,0,0,Grand Total,,,0,0,,,,,
47,Fri,2026-11-20 00:00:00,Converting ,Scout,,,,,,,,,,0,0,Grand Total,,,0,0,,,,,
47,Sat,2026-11-21 00:00:00,Converting ,Scout,,,,,,,,,,0,0,Grand Total,,,0,0,,,,,
47,Sun,2026-11-22 00:00:00,Converting ,Scout,,,,,,,,,,0,0,Grand Total,,,0,0,,,,,
48,Mon,2026-11-23 00:00:00,Converting ,Scout,,,,,,,,,,0,0,Grand Total,,,0,0,,,,,
48,Tue,2026-11-24 00:00:00,Converting ,Scout,,,,,,,,,,0,0,Grand Total,,,0,0,,,,,
48,Wed,2026-11-25 00:00:00,Converting ,Scout,,,,,,,,,,0,0,Grand Total,,,0,0,,,,,
48,Thu,2026-11-26 00:00:00,Converting ,Scout,,,,,,,,,,0,0,Grand Total,,,0,0,,,,,
48,Fri,2026-11-27 00:00:00,Converting ,Scout,,,,,,,,,,0,0,Grand Total,,,0,0,,,,,
48,Sat,2026-11-28 00:00:00,Converting ,Scout,,,,,,,,,,0,0,Grand Total,,,0,0,,,,,
48,Sun,2026-11-29 00:00:00,Converting ,Scout,,,,,,,,,,0,0,Grand Total,,,0,0,,,,,
49,Mon,2026-11-30 00:00:00,Converting ,Scout,,,,,,,,,,0,0,Grand Total,,,0,0,,,,,
49,Tue,2026-12-01 00:00:00,Converting ,Scout,,,,,,,,,,0,0,Grand Total,,,0,0,,,,,
49,Wed,2026-12-02 00:00:00,Converting ,Scout,,,,,,,,,,0,0,Grand Total,,,0,0,,,,,
49,Thu,2026-12-03 00:00:00,Converting ,Scout,,,,,,,,,,0,0,Grand Total,,,0,0,,,,,
49,Fri,2026-12-04 00:00:00,Converting ,Scout,,,,,,,,,,0,0,Grand Total,,,0,0,,,,,
49,Sat,2026-12-05 00:00:00,Converting ,Scout,,,,,,,,,,0,0,Grand Total,,,0,0,,,,,
49,Sun,2026-12-06 00:00:00,Converting ,Scout,,,,,,,,,,0,0,Grand Total,,,0,0,,,,,
50,Mon,2026-12-07 00:00:00,Converting ,Scout,,,,,,,,,,0,0,Grand Total,,,0,0,,,,,
50,Tue,2026-12-08 00:00:00,Converting ,Scout,,,,,,,,,,0,0,Grand Total,,,0,0,,,,,
50,Wed,2026-12-09 00:00:00,Converting ,Scout,,,,,,,,,,0,0,Grand Total,,,0,0,,,,,
50,Thu,2026-12-10 00:00:00,Converting ,Scout,,,,,,,,,,0,0,Grand Total,,,0,0,,,,,
50,Fri,2026-12-11 00:00:00,Converting ,Scout,,,,,,,,,,0,0,Grand Total,,,0,0,,,,,
50,Sat,2026-12-12 00:00:00,Converting ,Scout,,,,,,,,,,0,0,Grand Total,,,0,0,,,,,
50,Sun,2026-12-13 00:00:00,Converting ,Scout,,,,,,,,,,0,0,Grand Total,,,0,0,,,,,
51,Mon,2026-12-14 00:00:00,Converting ,Scout,,,,,,,,,,0,0,Grand Total,,,0,0,,,,,
51,Tue,2026-12-15 00:00:00,Converting ,Scout,,,,,,,,,,0,0,Grand Total,,,0,0,,,,,
51,Wed,2026-12-16 00:00:00,Converting ,Scout,,,,,,,,,,0,0,Grand Total,,,0,0,,,,,
51,Thu,2026-12-17 00:00:00,Converting ,Scout,,,,,,,,,,0,0,Grand Total,,,0,0,,,,,
51,Fri,2026-12-18 00:00:00,Converting ,Scout,,,,,,,,,,0,0,Grand Total,,,0,0,,,,,
51,Sat,2026-12-19 00:00:00,Converting ,Scout,,,,,,,,,,0,0,Grand Total,,,0,0,,,,,
51,Sun,2026-12-20 00:00:00,Converting ,Scout,,,,,,,,,,0,0,Grand Total,,,0,0,,,,,
52,Mon,2026-12-21 00:00:00,Converting ,Scout,,,,,,,,,,0,0,Grand Total,,,0,0,,,,,
52,Tue,2026-12-22 00:00:00,Converting ,Scout,,,,,,,,,,0,0,Grand Total,,,0,0,,,,,
52,Wed,2026-12-23 00:00:00,Converting ,Scout,,,,,,,,,,0,0,Grand Total,,,0,0,,,,,
52,Thu,2026-12-24 00:00:00,Converting ,Scout,,,,,,,,,,0,0,Grand Total,,,0,0,,,,,
52,Fri,2026-12-25 00:00:00,Converting ,Scout,,,,,,,,,,0,0,Grand Total,,,0,0,,,,,
52,Sat,2026-12-26 00:00:00,Converting ,Scout,,,,,,,,,,0,0,Grand Total,,,0,0,,,,,
52,Sun,2026-12-27 00:00:00,Converting ,Scout,,,,,,,,,,0,0,Grand Total,,,0,0,,,,,
53,Mon,2026-12-28 00:00:00,Converting ,Scout,,,,,,,,,,0,0,Grand Total,,,0,0,,,,,
53,Tue,2026-12-29 00:00:00,Converting ,Scout,,,,,,,,,,0,0,Grand Total,,,0,0,,,,,
53,Wed,2026-12-30 00:00:00,Converting ,Scout,,,,,,,,,,0,0,Grand Total,,,0,0,,,,,
53,Thu,2026-12-31 00:00:00,Converting ,Scout,,,,,,,,,,0,0,Grand Total,,,0,0,,,,,
1,Thu,2026-01-01 00:00:00,Converting ,Cuderm,,,,,,,,,,0,0,Grand Total,,,0,0,,,,,
1,Fri,2026-01-02 00:00:00,Converting ,Cuderm,,,,,,,,,,0,0,Grand Total,,,0,0,,,,,
1,Tue,2023-01-03 00:00:00,Converting ,Cuderm,,,,,,,,,,0,0,Grand Total,,,0,0,,,,,
1,Sun,2026-01-04 00:00:00,Converting ,Cuderm,,,,,,,,,,0,0,Grand Total,,,0,0,,,,,
2,Mon,2026-01-05 00:00:00,Converting ,Cuderm,No,Non-Sterile,6051,53541,,7,48000,15000,LF,0,0,Grand Total,4,10000,0,0,,,,,
2,Tue,2026-01-06 00:00:00,Converting ,Cuderm,No,Non-Sterile,6051,53541,,7,48000,21000,LF,0,0,Grand Total,,,0,0,,,,,
2,Wed,2026-01-07 00:00:00,Converting ,Cuderm,No,Non-Sterile,6051,53541,,4,48000,12000,LF,0,0,Grand Total,,,0,0,,,,,
2,Thu,2026-01-08 00:00:00,Converting ,Cuderm,No,Non-Sterile,1920,53760,,7,190000,15000,LF,0,0,Grand Total,5,25000,0,0,,,,,
2,Fri,2026-01-09 00:00:00,Converting ,Cuderm,No,Non-Sterile,1920,53760,,7,190000,21000,LF,0,0,Grand Total,40,185000,0,0,,,,,
2,Sat,2026-01-10 00:00:00,Converting ,Cuderm,,,,,,,,,,0,0,Grand Total,,,0,0,,,,,
2,Sun,2026-01-11 00:00:00,Converting ,Cuderm,,,,,,,,,,0,0,Grand Total,,,0,0,,,,,
3,Mon,2026-01-12 00:00:00,Converting ,Cuderm,No,Non-Sterile,1920,53760,,7,190000,21000,LF,0,0,Grand Total,,,0,0,,,,,
3,Tue,2026-01-13 00:00:00,Converting ,Cuderm,No,Non-Sterile,1920,53760,,7,190000,21000,LF,0,0,Grand Total,,,0,0,,,,,
3,Wed,2026-01-14 00:00:00,Converting ,Cuderm,No,Non-Sterile,1920,53760,,7,190000,21000,LF,0,0,Grand Total,,,0,0,,,,,
3,Thu,2026-01-15 00:00:00,Converting ,Cuderm,No,Non-Sterile,1920,53760,,7,190000,21000,LF,0,0,Grand Total,,,0,0,,,,,
3,Fri,2026-01-16 00:00:00,Converting ,Cuderm,No,Non-Sterile,1920,53760,,7,190000,21000,LF,0,0,Grand Total,,,0,0,,,,,
3,Sat,2026-01-17 00:00:00,Converting ,Cuderm,,,,,,,,,,0,0,Grand Total,,,0,0,,,,,
3,Sun,2026-01-18 00:00:00,Converting ,Cuderm,,,,,,,,,,0,0,Grand Total,,,0,0,,,,,
4,Mon,2026-01-19 00:00:00,Converting ,Cuderm,No,Non-Sterile,1920,53760,,7,190000,21000,LF,0,0,Grand Total,,,0,0,,,,,
4,Tue,2026-01-20 00:00:00,Converting ,Cuderm,No,Non-Sterile,1920,53760,,7,190000,21000,LF,0,0,Grand Total,,,0,0,,,,,
4,Wed,2026-01-21 00:00:00,Converting ,Cuderm,No,Non-Sterile,1920,53760,,3,190000,7000,LF,0,0,Grand Total,,,0,0,,,,,
4,Thu,2026-01-22 00:00:00,Converting ,Cuderm,,,,,,,,,,0,0,Grand Total,,,0,0,,,,,
4,Fri,2026-01-23 00:00:00,Converting ,Cuderm,,,,,,,,,,0,0,Grand Total,,,0,0,,,,,
4,Sat,2026-01-24 00:00:00,Converting ,Cuderm,,,,,,,,,,0,0,Grand Total,,,0,0,,,,,
4,Sun,2026-01-25 00:00:00,Converting ,Cuderm,,,,,,,,,,0,0,Grand Total,,,0,0,,,,,
5,Mon,2026-01-26 00:00:00,Converting ,Cuderm,No,Non-Sterile,6006,54647,,6,12000,12000,LF,0,0,Grand Total,10,31300,0,0,,,,,
5,Tue,2026-01-27 00:00:00,Converting ,Cuderm,,,,,,,,,,0,0,Grand Total,,,0,0,,,,,
5,Wed,2026-01-28 00:00:00,Converting ,Cuderm,,,,,,,,,,0,0,Grand Total,,,0,0,,,,,
5,Thu,2026-01-29 00:00:00,Converting ,Cuderm,,,,,,,,,,0,0,Grand Total,,,0,0,,,,,
5,Fri,2026-01-30 00:00:00,Converting ,Cuderm,,,,,,,,,,0,0,Grand Total,,,0,0,,,,,
5,Sat,2026-01-31 00:00:00,Converting ,Cuderm,,,,,,,,,,0,0,Grand Total,,,0,0,,,,,
5,Sun,2026-02-01 00:00:00,Converting ,Cuderm,,,,,,,,,,0,0,Grand Total,,,0,0,,,,,
6,Mon,2026-02-02 00:00:00,Converting ,Cuderm,,,,,,,,,,0,0,Grand Total,,,0,0,,,,,
6,Tue,2026-02-03 00:00:00,Converting ,Cuderm,,,,,,,,,,0,0,Grand Total,,,0,0,,,,,
6,Wed,2026-02-04 00:00:00,Converting ,Cuderm,,,,,,,,,,0,0,Grand Total,,,0,0,,,,,
6,Thu,2026-02-05 00:00:00,Converting ,Cuderm,,,,,,,,,,0,0,Grand Total,,,0,0,,,,,
6,Fri,2026-02-06 00:00:00,Converting ,Cuderm,,,,,,,,,,0,0,Grand Total,,,0,0,,,,,
6,Sat,2026-02-07 00:00:00,Converting ,Cuderm,,,,,,,,,,0,0,Grand Total,,,0,0,,,,,
6,Sun,2026-02-08 00:00:00,Converting ,Cuderm,,,,,,,,,,0,0,Grand Total,,,0,0,,,,,
7,Mon,2026-02-09 00:00:00,Converting ,Cuderm,,,,,,,,,,0,0,Grand Total,,,0,0,,,,,
7,Tue,2026-02-10 00:00:00,Converting ,Cuderm,,,,,,,,,,0,0,Grand Total,,,0,0,,,,,
7,Wed,2026-02-11 00:00:00,Converting ,Cuderm,,,,,,,,,,0,0,Grand Total,,,0,0,,,,,
7,Thu,2026-02-12 00:00:00,Converting ,Cuderm,,,,,,,,,,0,0,Grand Total,,,0,0,,,,,
7,Fri,2026-02-13 00:00:00,Converting ,Cuderm,,,,,,,,,,0,0,Grand Total,,,0,0,,,,,
7,Sat,2026-02-14 00:00:00,Converting ,Cuderm,,,,,,,,,,0,0,Grand Total,,,0,0,,,,,
7,Sun,2026-02-15 00:00:00,Converting ,Cuderm,,,,,,,,,,0,0,Grand Total,,,0,0,,,,,
8,Mon,2026-02-16 00:00:00,Converting ,Cuderm,,,,,,,,,,0,0,Grand Total,,,0,0,,,,,
8,Tue,2026-02-17 00:00:00,Converting ,Cuderm,,,,,,,,,,0,0,Grand Total,,,0,0,,,,,
8,Wed,2026-02-18 00:00:00,Converting ,Cuderm,,,,,,,,,,0,0,Grand Total,,,0,0,,,,,
8,Thu,2026-02-19 00:00:00,Converting ,Cuderm,,,,,,,,,,0,0,Grand Total,,,0,0,,,,,
8,Fri,2026-02-20 00:00:00,Converting ,Cuderm,,,,,,,,,,0,0,Grand Total,,,0,0,,,,,
8,Sat,2026-02-21 00:00:00,Converting ,Cuderm,,,,,,,,,,0,0,Grand Total,,,0,0,,,,,
8,Sun,2026-02-22 00:00:00,Converting ,Cuderm,,,,,,,,,,0,0,Grand Total,,,0,0,,,,,
9,Mon,2026-02-23 00:00:00,Converting ,Cuderm,,,,,,,,,,0,0,Grand Total,,,0,0,,,,,
9,Tue,2026-02-24 00:00:00,Converting ,Cuderm,,,,,,,,,,0,0,Grand Total,,,0,0,,,,,
9,Wed,2026-02-25 00:00:00,Converting ,Cuderm,,,,,,,,,,0,0,Grand Total,,,0,0,,,,,
9,Thu,2026-02-26 00:00:00,Converting ,Cuderm,,,,,,,,,,0,0,Grand Total,,,0,0,,,,,
9,Fri,2026-02-27 00:00:00,Converting ,Cuderm,,,,,,,,,,0,0,Grand Total,,,0,0,,,,,
9,Sat,2026-02-28 00:00:00,Converting ,Cuderm,,,,,,,,,,0,0,Grand Total,,,0,0,,,,,
9,Sun,2026-03-01 00:00:00,Converting ,Cuderm,,,,,,,,,,0,0,Grand Total,,,0,0,,,,,
10,Mon,2026-03-02 00:00:00,Converting ,Cuderm,No,Non-Sterile,6051,54779,,7,98000,15000,LF,0,0,Grand Total,,,0,0,,,,,
10,Tue,2026-03-03 00:00:00,Converting ,Cuderm,No,Non-Sterile,6051,54779,,7,98000,21000,LF,0,0,Grand Total,,,0,0,,,,,
10,Wed,2026-03-04 00:00:00,Converting ,Cuderm,No,Non-Sterile,6051,54779,,7,98000,21000,LF,0,0,Grand Total,,,0,0,,,,,
10,Thu,2026-03-05 00:00:00,Converting ,Cuderm,No,Non-Sterile,6051,54779,,7,98000,21000,LF,0,0,Grand Total,,,0,0,,,,,
10,Fri,2026-03-06 00:00:00,Converting ,Cuderm,No,Non-Sterile,6051,54779,,7,98000,20000,LF,0,0,Grand Total,,,0,0,,,,,
10,Sat,2026-03-07 00:00:00,Converting ,Cuderm,,,,,,,,,,0,0,Grand Total,,,0,0,,,,,
10,Sun,2026-03-08 00:00:00,Converting ,Cuderm,,,,,,,,,,0,0,Grand Total,,,0,0,,,,,
11,Mon,2026-03-09 00:00:00,Converting ,Cuderm,No,Non-Sterile,104,54641,,7,330000,25200,LY,0,0,Grand Total,,,0,0,No ,Material not available,"002849 ETA 1/20, 000266 2/24, 005299 3/3",,
11,Tue,2026-03-10 00:00:00,Converting ,Cuderm,No,Non-Sterile,104,54641,,7,330000,44100,LY,0,0,Grand Total,,,0,0,No ,,,,
11,Wed,2026-03-11 00:00:00,Converting ,Cuderm,No,Non-Sterile,104,54641,,7,330000,44100,LY,0,0,Grand Total,,,0,0,No ,,,,
11,Thu,2026-03-12 00:00:00,Converting ,Cuderm,No,Non-Sterile,104,54641,,7,330000,44100,LY,0,0,Grand Total,,,0,0,No ,,,,
11,Fri,2026-03-13 00:00:00,Converting ,Cuderm,No,Non-Sterile,104,54641,,7,330000,44100,LY,0,0,Grand Total,,,0,0,No ,,,,
11,Sat,2026-03-14 00:00:00,Converting ,Cuderm,,,,,,,,,,0,0,Grand Total,,,0,0,,,,,
11,Sun,2026-03-15 00:00:00,Converting ,Cuderm,,,,,,,,,,0,0,Grand Total,,,0,0,,,,,
12,Mon,2026-03-16 00:00:00,Converting ,Cuderm,No,Non-Sterile,104,54641,,7,330000,44100,LY,0,0,Grand Total,,,0,0,No ,,,,
12,Tue,2026-03-17 00:00:00,Converting ,Cuderm,No,Non-Sterile,104,54641,,7,330000,44100,LY,0,0,Grand Total,,,0,0,No ,,,,
12,Wed,2026-03-18 00:00:00,Converting ,Cuderm,No,Non-Sterile,104,54641,,7,330000,40200,LY,0,0,Grand Total,,,0,0,No ,,,,
12,Thu,2026-03-19 00:00:00,Converting ,Cuderm,,,,,,,,,,0,0,Grand Total,,,0,0,,,,,
12,Fri,2026-03-20 00:00:00,Converting ,Cuderm,,,,,,,,,,0,0,Grand Total,,,0,0,,,,,
12,Sat,2026-03-21 00:00:00,Converting ,Cuderm,,,,,,,,,,0,0,Grand Total,,,0,0,,,,,
12,Sun,2026-03-22 00:00:00,Converting ,Cuderm,,,,,,,,,,0,0,Grand Total,,,0,0,,,,,
13,Mon,2026-03-23 00:00:00,Converting ,Cuderm,,,,,,,,,,0,0,Grand Total,,,0,0,,,,,
13,Tue,2026-03-24 00:00:00,Converting ,Cuderm,,,,,,,,,,0,0,Grand Total,,,0,0,,,,,
13,Wed,2026-03-25 00:00:00,Converting ,Cuderm,,,,,,,,,,0,0,Grand Total,,,0,0,,,,,
13,Thu,2026-03-26 00:00:00,Converting ,Cuderm,,,,,,,,,,0,0,Grand Total,,,0,0,,,,,
13,Fri,2026-03-27 00:00:00,Converting ,Cuderm,,,,,,,,,,0,0,Grand Total,,,0,0,,,,,
13,Sat,2026-03-28 00:00:00,Converting ,Cuderm,,,,,,,,,,0,0,Grand Total,,,0,0,,,,,
13,Sun,2026-03-29 00:00:00,Converting ,Cuderm,,,,,,,,,,0,0,Grand Total,,,0,0,,,,,
14,Mon,2026-03-30 00:00:00,Converting ,Cuderm,,,,,,,,,,0,0,Grand Total,,,0,0,,,,,
14,Tue,2026-03-31 00:00:00,Converting ,Cuderm,,,,,,,,,,0,0,Grand Total,,,0,0,,,,,
14,Wed,2026-04-01 00:00:00,Converting ,Cuderm,,,,,,,,,,0,0,Grand Total,,,0,0,,,,,
14,Thu,2026-04-02 00:00:00,Converting ,Cuderm,,,,,,,,,,0,0,Grand Total,,,0,0,,,,,
14,Fri,2026-04-03 00:00:00,Converting ,Cuderm,,,,,,,,,,0,0,Grand Total,,,0,0,,,,,
14,Sat,2026-04-04 00:00:00,Converting ,Cuderm,,,,,,,,,,0,0,Grand Total,,,0,0,,,,,
14,Sun,2026-04-05 00:00:00,Converting ,Cuderm,,,,,,,,,,0,0,Grand Total,,,0,0,,,,,
15,Mon,2026-04-06 00:00:00,Converting ,Cuderm,,,,,,,,,,0,0,Grand Total,,,0,0,,,,,
15,Tue,2026-04-07 00:00:00,Converting ,Cuderm,,,,,,,,,,0,0,Grand Total,,,0,0,,,,,
15,Wed,2026-04-08 00:00:00,Converting ,Cuderm,,,,,,,,,,0,0,Grand Total,,,0,0,,,,,
15,Thu,2026-04-09 00:00:00,Converting ,Cuderm,,,,,,,,,,0,0,Grand Total,,,0,0,,,,,
15,Fri,2026-04-10 00:00:00,Converting ,Cuderm,,,,,,,,,,0,0,Grand Total,,,0,0,,,,,
15,Sat,2026-04-11 00:00:00,Converting ,Cuderm,,,,,,,,,,0,0,Grand Total,,,0,0,,,,,
15,Sun,2026-04-12 00:00:00,Converting ,Cuderm,,,,,,,,,,0,0,Grand Total,,,0,0,,,,,
16,Mon,2026-04-13 00:00:00,Converting ,Cuderm,,,,,,,,,,0,0,Grand Total,,,0,0,,,,,
16,Tue,2026-04-14 00:00:00,Converting ,Cuderm,,,,,,,,,,0,0,Grand Total,,,0,0,,,,,
16,Wed,2026-04-15 00:00:00,Converting ,Cuderm,,,,,,,,,,0,0,Grand Total,,,0,0,,,,,
16,Thu,2026-04-16 00:00:00,Converting ,Cuderm,,,,,,,,,,0,0,Grand Total,,,0,0,,,,,
16,Fri,2026-04-17 00:00:00,Converting ,Cuderm,,,,,,,,,,0,0,Grand Total,,,0,0,,,,,
16,Sat,2026-04-18 00:00:00,Converting ,Cuderm,,,,,,,,,,0,0,Grand Total,,,0,0,,,,,
16,Sun,2026-04-19 00:00:00,Converting ,Cuderm,,,,,,,,,,0,0,Grand Total,,,0,0,,,,,
17,Mon,2026-04-20 00:00:00,Converting ,Cuderm,,,,,,,,,,0,0,Grand Total,,,0,0,,,,,
17,Tue,2026-04-21 00:00:00,Converting ,Cuderm,,,,,,,,,,0,0,Grand Total,,,0,0,,,,,
17,Wed,2026-04-22 00:00:00,Converting ,Cuderm,,,,,,,,,,0,0,Grand Total,,,0,0,,,,,
17,Thu,2026-04-23 00:00:00,Converting ,Cuderm,,,,,,,,,,0,0,Grand Total,,,0,0,,,,,
17,Fri,2026-04-24 00:00:00,Converting ,Cuderm,,,,,,,,,,0,0,Grand Total,,,0,0,,,,,
17,Sat,2026-04-25 00:00:00,Converting ,Cuderm,,,,,,,,,,0,0,Grand Total,,,0,0,,,,,
17,Sun,2026-04-26 00:00:00,Converting ,Cuderm,,,,,,,,,,0,0,Grand Total,,,0,0,,,,,
18,Mon,2026-04-27 00:00:00,Converting ,Cuderm,,,,,,,,,,0,0,Grand Total,,,0,0,,,,,
18,Tue,2026-04-28 00:00:00,Converting ,Cuderm,,,,,,,,,,0,0,Grand Total,,,0,0,,,,,
18,Wed,2026-04-29 00:00:00,Converting ,Cuderm,,,,,,,,,,0,0,Grand Total,,,0,0,,,,,
18,Thu,2026-04-30 00:00:00,Converting ,Cuderm,,,,,,,,,,0,0,Grand Total,,,0,0,,,,,
18,Fri,2026-05-01 00:00:00,Converting ,Cuderm,,,,,,,,,,0,0,Grand Total,,,0,0,,,,,
18,Sat,2026-05-02 00:00:00,Converting ,Cuderm,,,,,,,,,,0,0,Grand Total,,,0,0,,,,,
18,Sun,2026-05-03 00:00:00,Converting ,Cuderm,,,,,,,,,,0,0,Grand Total,,,0,0,,,,,
19,Mon,2026-05-04 00:00:00,Converting ,Cuderm,,,,,,,,,,0,0,Grand Total,,,0,0,,,,,
19,Tue,2026-05-05 00:00:00,Converting ,Cuderm,,,,,,,,,,0,0,Grand Total,,,0,0,,,,,
19,Wed,2026-05-06 00:00:00,Converting ,Cuderm,,,,,,,,,,0,0,Grand Total,,,0,0,,,,,
19,Thu,2026-05-07 00:00:00,Converting ,Cuderm,,,,,,,,,,0,0,Grand Total,,,0,0,,,,,
19,Fri,2026-05-08 00:00:00,Converting ,Cuderm,,,,,,,,,,0,0,Grand Total,,,0,0,,,,,
19,Sat,2026-05-09 00:00:00,Converting ,Cuderm,,,,,,,,,,0,0,Grand Total,,,0,0,,,,,
19,Sun,2026-05-10 00:00:00,Converting ,Cuderm,,,,,,,,,,0,0,Grand Total,,,0,0,,,,,
20,Mon,2026-05-11 00:00:00,Converting ,Cuderm,,,,,,,,,,0,0,Grand Total,,,0,0,,,,,
20,Tue,2026-05-12 00:00:00,Converting ,Cuderm,,,,,,,,,,0,0,Grand Total,,,0,0,,,,,
20,Wed,2026-05-13 00:00:00,Converting ,Cuderm,,,,,,,,,,0,0,Grand Total,,,0,0,,,,,
20,Thu,2026-05-14 00:00:00,Converting ,Cuderm,,,,,,,,,,0,0,Grand Total,,,0,0,,,,,
20,Fri,2026-05-15 00:00:00,Converting ,Cuderm,,,,,,,,,,0,0,Grand Total,,,0,0,,,,,
20,Sat,2026-05-16 00:00:00,Converting ,Cuderm,,,,,,,,,,0,0,Grand Total,,,0,0,,,,,
20,Sun,2026-05-17 00:00:00,Converting ,Cuderm,,,,,,,,,,0,0,Grand Total,,,0,0,,,,,
21,Mon,2026-05-18 00:00:00,Converting ,Cuderm,,,,,,,,,,0,0,Grand Total,,,0,0,,,,,
21,Tue,2026-05-19 00:00:00,Converting ,Cuderm,,,,,,,,,,0,0,Grand Total,,,0,0,,,,,
21,Wed,2026-05-20 00:00:00,Converting ,Cuderm,,,,,,,,,,0,0,Grand Total,,,0,0,,,,,
21,Thu,2026-05-21 00:00:00,Converting ,Cuderm,,,,,,,,,,0,0,Grand Total,,,0,0,,,,,
21,Fri,2026-05-22 00:00:00,Converting ,Cuderm,,,,,,,,,,0,0,Grand Total,,,0,0,,,,,
21,Sat,2026-05-23 00:00:00,Converting ,Cuderm,,,,,,,,,,0,0,Grand Total,,,0,0,,,,,
21,Sun,2026-05-24 00:00:00,Converting ,Cuderm,,,,,,,,,,0,0,Grand Total,,,0,0,,,,,
22,Mon,2026-05-25 00:00:00,Converting ,Cuderm,,,,,,,,,,0,0,Grand Total,,,0,0,,,,,
22,Tue,2026-05-26 00:00:00,Converting ,Cuderm,,,,,,,,,,0,0,Grand Total,,,0,0,,,,,
22,Wed,2026-05-27 00:00:00,Converting ,Cuderm,,,,,,,,,,0,0,Grand Total,,,0,0,,,,,
22,Thu,2026-05-28 00:00:00,Converting ,Cuderm,,,,,,,,,,0,0,Grand Total,,,0,0,,,,,
22,Fri,2026-05-29 00:00:00,Converting ,Cuderm,,,,,,,,,,0,0,Grand Total,,,0,0,,,,,
22,Sat,2026-05-30 00:00:00,Converting ,Cuderm,,,,,,,,,,0,0,Grand Total,,,0,0,,,,,
22,Sun,2026-05-31 00:00:00,Converting ,Cuderm,,,,,,,,,,0,0,Grand Total,,,0,0,,,,,
23,Mon,2026-06-01 00:00:00,Converting ,Cuderm,,,,,,,,,,0,0,Grand Total,,,0,0,,,,,
23,Tue,2026-06-02 00:00:00,Converting ,Cuderm,,,,,,,,,,0,0,Grand Total,,,0,0,,,,,
23,Wed,2026-06-03 00:00:00,Converting ,Cuderm,,,,,,,,,,0,0,Grand Total,,,0,0,,,,,
23,Thu,2026-06-04 00:00:00,Converting ,Cuderm,,,,,,,,,,0,0,Grand Total,,,0,0,,,,,
23,Fri,2026-06-05 00:00:00,Converting ,Cuderm,,,,,,,,,,0,0,Grand Total,,,0,0,,,,,
23,Sat,2026-06-06 00:00:00,Converting ,Cuderm,,,,,,,,,,0,0,Grand Total,,,0,0,,,,,
23,Sun,2026-06-07 00:00:00,Converting ,Cuderm,,,,,,,,,,0,0,Grand Total,,,0,0,,,,,
24,Mon,2026-06-08 00:00:00,Converting ,Cuderm,,,,,,,,,,0,0,Grand Total,,,0,0,,,,,
24,Tue,2026-06-09 00:00:00,Converting ,Cuderm,,,,,,,,,,0,0,Grand Total,,,0,0,,,,,
24,Wed,2026-06-10 00:00:00,Converting ,Cuderm,,,,,,,,,,0,0,Grand Total,,,0,0,,,,,
24,Thu,2026-06-11 00:00:00,Converting ,Cuderm,,,,,,,,,,0,0,Grand Total,,,0,0,,,,,
24,Fri,2026-06-12 00:00:00,Converting ,Cuderm,,,,,,,,,,0,0,Grand Total,,,0,0,,,,,
24,Sat,2026-06-13 00:00:00,Converting ,Cuderm,,,,,,,,,,0,0,Grand Total,,,0,0,,,,,
24,Sun,2026-06-14 00:00:00,Converting ,Cuderm,,,,,,,,,,0,0,Grand Total,,,0,0,,,,,
25,Mon,2026-06-15 00:00:00,Converting ,Cuderm,,,,,,,,,,0,0,Grand Total,,,0,0,,,,,
25,Tue,2026-06-16 00:00:00,Converting ,Cuderm,,,,,,,,,,0,0,Grand Total,,,0,0,,,,,
25,Wed,2026-06-17 00:00:00,Converting ,Cuderm,,,,,,,,,,0,0,Grand Total,,,0,0,,,,,
25,Thu,2026-06-18 00:00:00,Converting ,Cuderm,,,,,,,,,,0,0,Grand Total,,,0,0,,,,,
25,Fri,2026-06-19 00:00:00,Converting ,Cuderm,,,,,,,,,,0,0,Grand Total,,,0,0,,,,,
25,Sat,2026-06-20 00:00:00,Converting ,Cuderm,,,,,,,,,,0,0,Grand Total,,,0,0,,,,,
25,Sun,2026-06-21 00:00:00,Converting ,Cuderm,,,,,,,,,,0,0,Grand Total,,,0,0,,,,,
26,Mon,2026-06-22 00:00:00,Converting ,Cuderm,,,,,,,,,,0,0,Grand Total,,,0,0,,,,,
26,Tue,2026-06-23 00:00:00,Converting ,Cuderm,,,,,,,,,,0,0,Grand Total,,,0,0,,,,,
26,Wed,2026-06-24 00:00:00,Converting ,Cuderm,,,,,,,,,,0,0,Grand Total,,,0,0,,,,,
26,Thu,2026-06-25 00:00:00,Converting ,Cuderm,,,,,,,,,,0,0,Grand Total,,,0,0,,,,,
26,Fri,2026-06-26 00:00:00,Converting ,Cuderm,,,,,,,,,,0,0,Grand Total,,,0,0,,,,,
26,Sat,2026-06-27 00:00:00,Converting ,Cuderm,,,,,,,,,,0,0,Grand Total,,,0,0,,,,,
26,Sun,2026-06-28 00:00:00,Converting ,Cuderm,,,,,,,,,,0,0,Grand Total,,,0,0,,,,,
27,Mon,2026-06-29 00:00:00,Converting ,Cuderm,,,,,,,,,,0,0,Grand Total,,,0,0,,,,,
27,Tue,2026-06-30 00:00:00,Converting ,Cuderm,,,,,,,,,,0,0,Grand Total,,,0,0,,,,,
27,Wed,2026-07-01 00:00:00,Converting ,Cuderm,,,,,,,,,,0,0,Grand Total,,,0,0,,,,,
27,Thu,2026-07-02 00:00:00,Converting ,Cuderm,,,,,,,,,,0,0,Grand Total,,,0,0,,,,,
27,Fri,2026-07-03 00:00:00,Converting ,Cuderm,,,,,,,,,,0,0,Grand Total,,,0,0,,,,,
27,Sat,2026-07-04 00:00:00,Converting ,Cuderm,,,,,,,,,,0,0,Grand Total,,,0,0,,,,,
27,Sun,2026-07-05 00:00:00,Converting ,Cuderm,,,,,,,,,,0,0,Grand Total,,,0,0,,,,,
28,Mon,2026-07-06 00:00:00,Converting ,Cuderm,,,,,,,,,,0,0,Grand Total,,,0,0,,,,,
28,Tue,2026-07-07 00:00:00,Converting ,Cuderm,,,,,,,,,,0,0,Grand Total,,,0,0,,,,,
28,Wed,2026-07-08 00:00:00,Converting ,Cuderm,,,,,,,,,,0,0,Grand Total,,,0,0,,,,,
28,Thu,2026-07-09 00:00:00,Converting ,Cuderm,,,,,,,,,,0,0,Grand Total,,,0,0,,,,,
28,Fri,2026-07-10 00:00:00,Converting ,Cuderm,,,,,,,,,,0,0,Grand Total,,,0,0,,,,,
28,Sat,2026-07-11 00:00:00,Converting ,Cuderm,,,,,,,,,,0,0,Grand Total,,,0,0,,,,,
28,Sun,2026-07-12 00:00:00,Converting ,Cuderm,,,,,,,,,,0,0,Grand Total,,,0,0,,,,,
29,Mon,2026-07-13 00:00:00,Converting ,Cuderm,,,,,,,,,,0,0,Grand Total,,,0,0,,,,,
29,Tue,2026-07-14 00:00:00,Converting ,Cuderm,,,,,,,,,,0,0,Grand Total,,,0,0,,,,,
29,Wed,2026-07-15 00:00:00,Converting ,Cuderm,,,,,,,,,,0,0,Grand Total,,,0,0,,,,,
29,Thu,2026-07-16 00:00:00,Converting ,Cuderm,,,,,,,,,,0,0,Grand Total,,,0,0,,,,,
29,Fri,2026-07-17 00:00:00,Converting ,Cuderm,,,,,,,,,,0,0,Grand Total,,,0,0,,,,,
29,Sat,2026-07-18 00:00:00,Converting ,Cuderm,,,,,,,,,,0,0,Grand Total,,,0,0,,,,,
29,Sun,2026-07-19 00:00:00,Converting ,Cuderm,,,,,,,,,,0,0,Grand Total,,,0,0,,,,,
30,Mon,2026-07-20 00:00:00,Converting ,Cuderm,,,,,,,,,,0,0,Grand Total,,,0,0,,,,,
30,Tue,2026-07-21 00:00:00,Converting ,Cuderm,,,,,,,,,,0,0,Grand Total,,,0,0,,,,,
30,Wed,2026-07-22 00:00:00,Converting ,Cuderm,,,,,,,,,,0,0,Grand Total,,,0,0,,,,,
30,Thu,2026-07-23 00:00:00,Converting ,Cuderm,,,,,,,,,,0,0,Grand Total,,,0,0,,,,,
30,Fri,2026-07-24 00:00:00,Converting ,Cuderm,,,,,,,,,,0,0,Grand Total,,,0,0,,,,,
30,Sat,2026-07-25 00:00:00,Converting ,Cuderm,,,,,,,,,,0,0,Grand Total,,,0,0,,,,,
30,Sun,2026-07-26 00:00:00,Converting ,Cuderm,,,,,,,,,,0,0,Grand Total,,,0,0,,,,,
31,Mon,2026-07-27 00:00:00,Converting ,Cuderm,,,,,,,,,,0,0,Grand Total,,,0,0,,,,,
31,Tue,2026-07-28 00:00:00,Converting ,Cuderm,,,,,,,,,,0,0,Grand Total,,,0,0,,,,,
31,Wed,2026-07-29 00:00:00,Converting ,Cuderm,,,,,,,,,,0,0,Grand Total,,,0,0,,,,,
31,Thu,2026-07-30 00:00:00,Converting ,Cuderm,,,,,,,,,,0,0,Grand Total,,,0,0,,,,,
31,Fri,2026-07-31 00:00:00,Converting ,Cuderm,,,,,,,,,,0,0,Grand Total,,,0,0,,,,,
31,Sat,2026-08-01 00:00:00,Converting ,Cuderm,,,,,,,,,,0,0,Grand Total,,,0,0,,,,,
31,Sun,2026-08-02 00:00:00,Converting ,Cuderm,,,,,,,,,,0,0,Grand Total,,,0,0,,,,,
32,Mon,2026-08-03 00:00:00,Converting ,Cuderm,,,,,,,,,,0,0,Grand Total,,,0,0,,,,,
32,Tue,2026-08-04 00:00:00,Converting ,Cuderm,,,,,,,,,,0,0,Grand Total,,,0,0,,,,,
32,Wed,2026-08-05 00:00:00,Converting ,Cuderm,,,,,,,,,,0,0,Grand Total,,,0,0,,,,,
32,Thu,2026-08-06 00:00:00,Converting ,Cuderm,,,,,,,,,,0,0,Grand Total,,,0,0,,,,,
32,Fri,2026-08-07 00:00:00,Converting ,Cuderm,,,,,,,,,,0,0,Grand Total,,,0,0,,,,,
32,Sat,2026-08-08 00:00:00,Converting ,Cuderm,,,,,,,,,,0,0,Grand Total,,,0,0,,,,,
32,Sun,2026-08-09 00:00:00,Converting ,Cuderm,,,,,,,,,,0,0,Grand Total,,,0,0,,,,,
33,Mon,2026-08-10 00:00:00,Converting ,Cuderm,,,,,,,,,,0,0,Grand Total,,,0,0,,,,,
33,Tue,2026-08-11 00:00:00,Converting ,Cuderm,,,,,,,,,,0,0,Grand Total,,,0,0,,,,,
33,Wed,2026-08-12 00:00:00,Converting ,Cuderm,,,,,,,,,,0,0,Grand Total,,,0,0,,,,,
33,Thu,2026-08-13 00:00:00,Converting ,Cuderm,,,,,,,,,,0,0,Grand Total,,,0,0,,,,,
33,Fri,2026-08-14 00:00:00,Converting ,Cuderm,,,,,,,,,,0,0,Grand Total,,,0,0,,,,,
33,Sat,2026-08-15 00:00:00,Converting ,Cuderm,,,,,,,,,,0,0,Grand Total,,,0,0,,,,,
33,Sun,2026-08-16 00:00:00,Converting ,Cuderm,,,,,,,,,,0,0,Grand Total,,,0,0,,,,,
34,Mon,2026-08-17 00:00:00,Converting ,Cuderm,,,,,,,,,,0,0,Grand Total,,,0,0,,,,,
34,Tue,2026-08-18 00:00:00,Converting ,Cuderm,,,,,,,,,,0,0,Grand Total,,,0,0,,,,,
34,Wed,2026-08-19 00:00:00,Converting ,Cuderm,,,,,,,,,,0,0,Grand Total,,,0,0,,,,,
34,Thu,2026-08-20 00:00:00,Converting ,Cuderm,,,,,,,,,,0,0,Grand Total,,,0,0,,,,,
34,Fri,2026-08-21 00:00:00,Converting ,Cuderm,,,,,,,,,,0,0,Grand Total,,,0,0,,,,,
34,Sat,2026-08-22 00:00:00,Converting ,Cuderm,,,,,,,,,,0,0,Grand Total,,,0,0,,,,,
34,Sun,2026-08-23 00:00:00,Converting ,Cuderm,,,,,,,,,,0,0,Grand Total,,,0,0,,,,,
35,Mon,2026-08-24 00:00:00,Converting ,Cuderm,,,,,,,,,,0,0,Grand Total,,,0,0,,,,,
35,Tue,2026-08-25 00:00:00,Converting ,Cuderm,,,,,,,,,,0,0,Grand Total,,,0,0,,,,,
35,Wed,2026-08-26 00:00:00,Converting ,Cuderm,,,,,,,,,,0,0,Grand Total,,,0,0,,,,,
35,Thu,2026-08-27 00:00:00,Converting ,Cuderm,,,,,,,,,,0,0,Grand Total,,,0,0,,,,,
35,Fri,2026-08-28 00:00:00,Converting ,Cuderm,,,,,,,,,,0,0,Grand Total,,,0,0,,,,,
35,Sat,2026-08-29 00:00:00,Converting ,Cuderm,,,,,,,,,,0,0,Grand Total,,,0,0,,,,,
35,Sun,2026-08-30 00:00:00,Converting ,Cuderm,,,,,,,,,,0,0,Grand Total,,,0,0,,,,,
36,Mon,2026-08-31 00:00:00,Converting ,Cuderm,,,,,,,,,,0,0,Grand Total,,,0,0,,,,,
36,Tue,2026-09-01 00:00:00,Converting ,Cuderm,,,,,,,,,,0,0,Grand Total,,,0,0,,,,,
36,Wed,2026-09-02 00:00:00,Converting ,Cuderm,,,,,,,,,,0,0,Grand Total,,,0,0,,,,,
36,Thu,2026-09-03 00:00:00,Converting ,Cuderm,,,,,,,,,,0,0,Grand Total,,,0,0,,,,,
36,Fri,2026-09-04 00:00:00,Converting ,Cuderm,,,,,,,,,,0,0,Grand Total,,,0,0,,,,,
36,Sat,2026-09-05 00:00:00,Converting ,Cuderm,,,,,,,,,,0,0,Grand Total,,,0,0,,,,,
36,Sun,2026-09-06 00:00:00,Converting ,Cuderm,,,,,,,,,,0,0,Grand Total,,,0,0,,,,,
37,Mon,2026-09-07 00:00:00,Converting ,Cuderm,,,,,,,,,,0,0,Grand Total,,,0,0,,,,,
37,Tue,2026-09-08 00:00:00,Converting ,Cuderm,,,,,,,,,,0,0,Grand Total,,,0,0,,,,,
37,Wed,2026-09-09 00:00:00,Converting ,Cuderm,,,,,,,,,,0,0,Grand Total,,,0,0,,,,,
37,Thu,2026-09-10 00:00:00,Converting ,Cuderm,,,,,,,,,,0,0,Grand Total,,,0,0,,,,,
37,Fri,2026-09-11 00:00:00,Converting ,Cuderm,,,,,,,,,,0,0,Grand Total,,,0,0,,,,,
37,Sat,2026-09-12 00:00:00,Converting ,Cuderm,,,,,,,,,,0,0,Grand Total,,,0,0,,,,,
37,Sun,2026-09-13 00:00:00,Converting ,Cuderm,,,,,,,,,,0,0,Grand Total,,,0,0,,,,,
38,Mon,2026-09-14 00:00:00,Converting ,Cuderm,,,,,,,,,,0,0,Grand Total,,,0,0,,,,,
38,Tue,2026-09-15 00:00:00,Converting ,Cuderm,,,,,,,,,,0,0,Grand Total,,,0,0,,,,,
38,Wed,2026-09-16 00:00:00,Converting ,Cuderm,,,,,,,,,,0,0,Grand Total,,,0,0,,,,,
38,Thu,2026-09-17 00:00:00,Converting ,Cuderm,,,,,,,,,,0,0,Grand Total,,,0,0,,,,,
38,Fri,2026-09-18 00:00:00,Converting ,Cuderm,,,,,,,,,,0,0,Grand Total,,,0,0,,,,,
38,Sat,2026-09-19 00:00:00,Converting ,Cuderm,,,,,,,,,,0,0,Grand Total,,,0,0,,,,,
38,Sun,2026-09-20 00:00:00,Converting ,Cuderm,,,,,,,,,,0,0,Grand Total,,,0,0,,,,,
39,Mon,2026-09-21 00:00:00,Converting ,Cuderm,,,,,,,,,,0,0,Grand Total,,,0,0,,,,,
39,Tue,2026-09-22 00:00:00,Converting ,Cuderm,,,,,,,,,,0,0,Grand Total,,,0,0,,,,,
39,Thu,2026-09-24 00:00:00,Converting ,Cuderm,,,,,,,,,,0,0,Grand Total,,,0,0,,,,,
39,Fri,2026-09-25 00:00:00,Converting ,Cuderm,,,,,,,,,,0,0,Grand Total,,,0,0,,,,,
39,Sat,2026-09-26 00:00:00,Converting ,Cuderm,,,,,,,,,,0,0,Grand Total,,,0,0,,,,,
39,Sun,2026-09-27 00:00:00,Converting ,Cuderm,,,,,,,,,,0,0,Grand Total,,,0,0,,,,,
40,Mon,2026-09-28 00:00:00,Converting ,Cuderm,,,,,,,,,,0,0,Grand Total,,,0,0,,,,,
40,Tue,2026-09-29 00:00:00,Converting ,Cuderm,,,,,,,,,,0,0,Grand Total,,,0,0,,,,,
40,Wed,2026-09-30 00:00:00,Converting ,Cuderm,,,,,,,,,,0,0,Grand Total,,,0,0,,,,,
40,Thu,2026-10-01 00:00:00,Converting ,Cuderm,,,,,,,,,,0,0,Grand Total,,,0,0,,,,,
40,Fri,2026-10-02 00:00:00,Converting ,Cuderm,,,,,,,,,,0,0,Grand Total,,,0,0,,,,,
40,Sat,2026-10-03 00:00:00,Converting ,Cuderm,,,,,,,,,,0,0,Grand Total,,,0,0,,,,,
40,Sun,2026-10-04 00:00:00,Converting ,Cuderm,,,,,,,,,,0,0,Grand Total,,,0,0,,,,,
41,Mon,2026-10-05 00:00:00,Converting ,Cuderm,,,,,,,,,,0,0,Grand Total,,,0,0,,,,,
41,Tue,2026-10-06 00:00:00,Converting ,Cuderm,,,,,,,,,,0,0,Grand Total,,,0,0,,,,,
41,Wed,2026-10-07 00:00:00,Converting ,Cuderm,,,,,,,,,,0,0,Grand Total,,,0,0,,,,,
41,Thu,2026-10-08 00:00:00,Converting ,Cuderm,,,,,,,,,,0,0,Grand Total,,,0,0,,,,,
41,Fri,2026-10-09 00:00:00,Converting ,Cuderm,,,,,,,,,,0,0,Grand Total,,,0,0,,,,,
41,Sat,2026-10-10 00:00:00,Converting ,Cuderm,,,,,,,,,,0,0,Grand Total,,,0,0,,,,,
41,Sun,2026-10-11 00:00:00,Converting ,Cuderm,,,,,,,,,,0,0,Grand Total,,,0,0,,,,,
42,Mon,2026-10-12 00:00:00,Converting ,Cuderm,,,,,,,,,,0,0,Grand Total,,,0,0,,,,,
42,Tue,2026-10-13 00:00:00,Converting ,Cuderm,,,,,,,,,,0,0,Grand Total,,,0,0,,,,,
42,Wed,2026-10-14 00:00:00,Converting ,Cuderm,,,,,,,,,,0,0,Grand Total,,,0,0,,,,,
42,Thu,2026-10-15 00:00:00,Converting ,Cuderm,,,,,,,,,,0,0,Grand Total,,,0,0,,,,,
42,Fri,2026-10-16 00:00:00,Converting ,Cuderm,,,,,,,,,,0,0,Grand Total,,,0,0,,,,,
42,Sat,2026-10-17 00:00:00,Converting ,Cuderm,,,,,,,,,,0,0,Grand Total,,,0,0,,,,,
42,Sun,2026-10-18 00:00:00,Converting ,Cuderm,,,,,,,,,,0,0,Grand Total,,,0,0,,,,,
43,Mon,2026-10-19 00:00:00,Converting ,Cuderm,,,,,,,,,,0,0,Grand Total,,,0,0,,,,,
43,Tue,2026-10-20 00:00:00,Converting ,Cuderm,,,,,,,,,,0,0,Grand Total,,,0,0,,,,,
43,Wed,2026-10-21 00:00:00,Converting ,Cuderm,,,,,,,,,,0,0,Grand Total,,,0,0,,,,,
43,Thu,2026-10-22 00:00:00,Converting ,Cuderm,,,,,,,,,,0,0,Grand Total,,,0,0,,,,,
43,Fri,2026-10-23 00:00:00,Converting ,Cuderm,,,,,,,,,,0,0,Grand Total,,,0,0,,,,,
43,Sat,2026-10-24 00:00:00,Converting ,Cuderm,,,,,,,,,,0,0,Grand Total,,,0,0,,,,,
43,Sun,2026-10-25 00:00:00,Converting ,Cuderm,,,,,,,,,,0,0,Grand Total,,,0,0,,,,,
44,Mon,2026-10-26 00:00:00,Converting ,Cuderm,,,,,,,,,,0,0,Grand Total,,,0,0,,,,,
44,Tue,2026-10-27 00:00:00,Converting ,Cuderm,,,,,,,,,,0,0,Grand Total,,,0,0,,,,,
44,Wed,2026-10-28 00:00:00,Converting ,Cuderm,,,,,,,,,,0,0,Grand Total,,,0,0,,,,,
44,Thu,2026-10-29 00:00:00,Converting ,Cuderm,,,,,,,,,,0,0,Grand Total,,,0,0,,,,,
44,Fri,2026-10-30 00:00:00,Converting ,Cuderm,,,,,,,,,,0,0,Grand Total,,,0,0,,,,,
44,Sat,2026-10-31 00:00:00,Converting ,Cuderm,,,,,,,,,,0,0,Grand Total,,,0,0,,,,,
44,Sun,2026-11-01 00:00:00,Converting ,Cuderm,,,,,,,,,,0,0,Grand Total,,,0,0,,,,,
45,Mon,2026-11-02 00:00:00,Converting ,Cuderm,,,,,,,,,,0,0,Grand Total,,,0,0,,,,,
45,Tue,2026-11-03 00:00:00,Converting ,Cuderm,,,,,,,,,,0,0,Grand Total,,,0,0,,,,,
45,Wed,2026-11-04 00:00:00,Converting ,Cuderm,,,,,,,,,,0,0,Grand Total,,,0,0,,,,,
45,Thu,2026-11-05 00:00:00,Converting ,Cuderm,,,,,,,,,,0,0,Grand Total,,,0,0,,,,,
45,Fri,2026-11-06 00:00:00,Converting ,Cuderm,,,,,,,,,,0,0,Grand Total,,,0,0,,,,,
45,Sat,2026-11-07 00:00:00,Converting ,Cuderm,,,,,,,,,,0,0,Grand Total,,,0,0,,,,,
45,Sun,2026-11-08 00:00:00,Converting ,Cuderm,,,,,,,,,,0,0,Grand Total,,,0,0,,,,,
46,Mon,2026-11-09 00:00:00,Converting ,Cuderm,,,,,,,,,,0,0,Grand Total,,,0,0,,,,,
46,Tue,2026-11-10 00:00:00,Converting ,Cuderm,,,,,,,,,,0,0,Grand Total,,,0,0,,,,,
46,Wed,2026-11-11 00:00:00,Converting ,Cuderm,,,,,,,,,,0,0,Grand Total,,,0,0,,,,,
46,Thu,2026-11-12 00:00:00,Converting ,Cuderm,,,,,,,,,,0,0,Grand Total,,,0,0,,,,,
46,Fri,2026-11-13 00:00:00,Converting ,Cuderm,,,,,,,,,,0,0,Grand Total,,,0,0,,,,,
46,Sat,2026-11-14 00:00:00,Converting ,Cuderm,,,,,,,,,,0,0,Grand Total,,,0,0,,,,,
46,Sun,2026-11-15 00:00:00,Converting ,Cuderm,,,,,,,,,,0,0,Grand Total,,,0,0,,,,,
47,Mon,2026-11-16 00:00:00,Converting ,Cuderm,,,,,,,,,,0,0,Grand Total,,,0,0,,,,,
47,Tue,2026-11-17 00:00:00,Converting ,Cuderm,,,,,,,,,,0,0,Grand Total,,,0,0,,,,,
47,Wed,2026-11-18 00:00:00,Converting ,Cuderm,,,,,,,,,,0,0,Grand Total,,,0,0,,,,,
47,Thu,2026-11-19 00:00:00,Converting ,Cuderm,,,,,,,,,,0,0,Grand Total,,,0,0,,,,,
47,Fri,2026-11-20 00:00:00,Converting ,Cuderm,,,,,,,,,,0,0,Grand Total,,,0,0,,,,,
47,Sat,2026-11-21 00:00:00,Converting ,Cuderm,,,,,,,,,,0,0,Grand Total,,,0,0,,,,,
47,Sun,2026-11-22 00:00:00,Converting ,Cuderm,,,,,,,,,,0,0,Grand Total,,,0,0,,,,,
48,Mon,2026-11-23 00:00:00,Converting ,Cuderm,,,,,,,,,,0,0,Grand Total,,,0,0,,,,,
48,Tue,2026-11-24 00:00:00,Converting ,Cuderm,,,,,,,,,,0,0,Grand Total,,,0,0,,,,,
48,Wed,2026-11-25 00:00:00,Converting ,Cuderm,,,,,,,,,,0,0,Grand Total,,,0,0,,,,,
48,Thu,2026-11-26 00:00:00,Converting ,Cuderm,,,,,,,,,,0,0,Grand Total,,,0,0,,,,,
48,Fri,2026-11-27 00:00:00,Converting ,Cuderm,,,,,,,,,,0,0,Grand Total,,,0,0,,,,,
48,Sat,2026-11-28 00:00:00,Converting ,Cuderm,,,,,,,,,,0,0,Grand Total,,,0,0,,,,,
48,Sun,2026-11-29 00:00:00,Converting ,Cuderm,,,,,,,,,,0,0,Grand Total,,,0,0,,,,,
49,Mon,2026-11-30 00:00:00,Converting ,Cuderm,,,,,,,,,,0,0,Grand Total,,,0,0,,,,,
49,Tue,2026-12-01 00:00:00,Converting ,Cuderm,,,,,,,,,,0,0,Grand Total,,,0,0,,,,,
49,Wed,2026-12-02 00:00:00,Converting ,Cuderm,,,,,,,,,,0,0,Grand Total,,,0,0,,,,,
49,Thu,2026-12-03 00:00:00,Converting ,Cuderm,,,,,,,,,,0,0,Grand Total,,,0,0,,,,,
49,Fri,2026-12-04 00:00:00,Converting ,Cuderm,,,,,,,,,,0,0,Grand Total,,,0,0,,,,,
49,Sat,2026-12-05 00:00:00,Converting ,Cuderm,,,,,,,,,,0,0,Grand Total,,,0,0,,,,,
49,Sun,2026-12-06 00:00:00,Converting ,Cuderm,,,,,,,,,,0,0,Grand Total,,,0,0,,,,,
50,Mon,2026-12-07 00:00:00,Converting ,Cuderm,,,,,,,,,,0,0,Grand Total,,,0,0,,,,,
50,Tue,2026-12-08 00:00:00,Converting ,Cuderm,,,,,,,,,,0,0,Grand Total,,,0,0,,,,,
50,Wed,2026-12-09 00:00:00,Converting ,Cuderm,,,,,,,,,,0,0,Grand Total,,,0,0,,,,,
50,Thu,2026-12-10 00:00:00,Converting ,Cuderm,,,,,,,,,,0,0,Grand Total,,,0,0,,,,,
50,Fri,2026-12-11 00:00:00,Converting ,Cuderm,,,,,,,,,,0,0,Grand Total,,,0,0,,,,,
50,Sat,2026-12-12 00:00:00,Converting ,Cuderm,,,,,,,,,,0,0,Grand Total,,,0,0,,,,,
50,Sun,2026-12-13 00:00:00,Converting ,Cuderm,,,,,,,,,,0,0,Grand Total,,,0,0,,,,,
51,Mon,2026-12-14 00:00:00,Converting ,Cuderm,,,,,,,,,,0,0,Grand Total,,,0,0,,,,,
51,Tue,2026-12-15 00:00:00,Converting ,Cuderm,,,,,,,,,,0,0,Grand Total,,,0,0,,,,,
51,Wed,2026-12-16 00:00:00,Converting ,Cuderm,,,,,,,,,,0,0,Grand Total,,,0,0,,,,,
51,Thu,2026-12-17 00:00:00,Converting ,Cuderm,,,,,,,,,,0,0,Grand Total,,,0,0,,,,,
51,Fri,2026-12-18 00:00:00,Converting ,Cuderm,,,,,,,,,,0,0,Grand Total,,,0,0,,,,,
51,Sat,2026-12-19 00:00:00,Converting ,Cuderm,,,,,,,,,,0,0,Grand Total,,,0,0,,,,,
51,Sun,2026-12-20 00:00:00,Converting ,Cuderm,,,,,,,,,,0,0,Grand Total,,,0,0,,,,,
52,Mon,2026-12-21 00:00:00,Converting ,Cuderm,,,,,,,,,,0,0,Grand Total,,,0,0,,,,,
52,Tue,2026-12-22 00:00:00,Converting ,Cuderm,,,,,,,,,,0,0,Grand Total,,,0,0,,,,,
52,Wed,2026-12-23 00:00:00,Converting ,Cuderm,,,,,,,,,,0,0,Grand Total,,,0,0,,,,,
52,Thu,2026-12-24 00:00:00,Converting ,Cuderm,,,,,,,,,,0,0,Grand Total,,,0,0,,,,,
52,Fri,2026-12-25 00:00:00,Converting ,Cuderm,,,,,,,,,,0,0,Grand Total,,,0,0,,,,,
52,Sat,2026-12-26 00:00:00,Converting ,Cuderm,,,,,,,,,,0,0,Grand Total,,,0,0,,,,,
52,Sun,2026-12-27 00:00:00,Converting ,Cuderm,,,,,,,,,,0,0,Grand Total,,,0,0,,,,,
53,Mon,2026-12-28 00:00:00,Converting ,Cuderm,,,,,,,,,,0,0,Grand Total,,,0,0,,,,,
53,Tue,2026-12-29 00:00:00,Converting ,Cuderm,,,,,,,,,,0,0,Grand Total,,,0,0,,,,,
53,Wed,2026-12-30 00:00:00,Converting ,Cuderm,,,,,,,,,,0,0,Grand Total,,,0,0,,,,,
53,Thu,2026-12-31 00:00:00,Converting ,Cuderm,,,,,,,,,,0,0,Grand Total,,,0,0,,,,,
1,Thu,2026-01-01 00:00:00,Converting ,Slitter,,,,,,,,,,0,0,Grand Total,,,0,0,,,,,
1,Fri,2026-01-02 00:00:00,Converting ,Slitter,,,,,,,,,,0,0,Grand Total,,,0,0,,,,,
1,Tue,2023-01-03 00:00:00,Converting ,Slitter,,,,,,,,,,0,0,Grand Total,,,0,0,,,,,
1,Sun,2026-01-04 00:00:00,Converting ,Slitter,,,,,,,,,,0,0,Grand Total,,,0,0,,,,,
2,Mon,2026-01-05 00:00:00,Converting ,Slitter,No,Non-Sterile,7417,53923,,7,700000,112000,LF,0,0,Grand Total,7,112000,0,0,,,,,
2,Tue,2026-01-06 00:00:00,Converting ,Slitter,No,Non-Sterile,7417,53923,,7,700000,112000,LF,0,0,Grand Total,5,89600,0,0,,,,,
2,Wed,2026-01-07 00:00:00,Converting ,Slitter,No,Non-Sterile,7417,53923,,7,700000,112000,LF,0,0,Grand Total,66,659400,0,0,,,,,
2,Thu,2026-01-08 00:00:00,Converting ,Slitter,No,Non-Sterile,7417,53923,,3,700000,32200,LF,0,0,Grand Total,,,0,0,,,,,
2,Fri,2026-01-09 00:00:00,Converting ,Slitter,No,Non-Sterile,7417,53926,,7,330000,66000,LF,0,0,Grand Total,,,0,0,,,,,
2,Sat,2026-01-10 00:00:00,Converting ,Slitter,,,,,,,,,,0,0,Grand Total,,,0,0,,,,,
2,Sun,2026-01-11 00:00:00,Converting ,Slitter,,,,,,,,,,0,0,Grand Total,,,0,0,,,,,
3,Mon,2026-01-12 00:00:00,Converting ,Slitter,No,Non-Sterile,7417,53926,,7,330000,112000,LF,0,0,Grand Total,,,0,0,,,,,
3,Tue,2026-01-13 00:00:00,Converting ,Slitter,No,Non-Sterile,7417,53926,,7,330000,112000,LF,0,0,Grand Total,,,0,0,,,,,
3,Wed,2026-01-14 00:00:00,Converting ,Slitter,No,Non-Sterile,7417,53926,,3,330000,40000,LF,0,0,Grand Total,,,0,0,,,,,
3,Thu,2026-01-15 00:00:00,Converting ,Slitter,,,,PM,,,,,,0,0,Grand Total,,,0,0,,,,,
3,Fri,2026-01-16 00:00:00,Converting ,Slitter,,,,,,,,,,0,0,Grand Total,,,0,0,,,,,
3,Sat,2026-01-17 00:00:00,Converting ,Slitter,,,,,,,,,,0,0,Grand Total,,,0,0,,,,,
3,Sun,2026-01-18 00:00:00,Converting ,Slitter,,,,,,,,,,0,0,Grand Total,,,0,0,,,,,
4,Mon,2026-01-19 00:00:00,Converting ,Slitter,No,Non-Sterile,3726,54353,,7,1350000,140000,LF,0,0,Grand Total,3,60000,0,0,,,,,
4,Tue,2026-01-20 00:00:00,Converting ,Slitter,No,Non-Sterile,3726,54353,,7,1350000,250000,LF,0,0,Grand Total,,,0,0,,,,,
4,Wed,2026-01-21 00:00:00,Converting ,Slitter,No,Non-Sterile,3726,54353,,7,1350000,250000,LF,0,0,Grand Total,10,168000,0,0,,,,,
4,Thu,2026-01-22 00:00:00,Converting ,Slitter,No,Non-Sterile,3726,54353,,7,1350000,250000,LF,0,0,Grand Total,2,33600,0,0,,,,,
4,Fri,2026-01-23 00:00:00,Converting ,Slitter,No,Non-Sterile,3726,54353,,7,1350000,250000,LF,0,0,Grand Total,5,270000,0,0,,,,,
4,Sat,2026-01-24 00:00:00,Converting ,Slitter,,,,,,,,,,0,0,Grand Total,,,0,0,,,,,
4,Sun,2026-01-25 00:00:00,Converting ,Slitter,,,,,,,,,,0,0,Grand Total,,,0,0,,,,,
5,Mon,2026-01-26 00:00:00,Converting ,Slitter,No,Non-Sterile,3726,54353,,6,1350000,210000,LF,0,0,Grand Total,11,71800,0,0,,,,,
5,Tue,2026-01-27 00:00:00,Converting ,Slitter,No,Non-Sterile,7417,54354,,7,400000,66000,LF,0,0,Grand Total,,,0,0,,,,,
5,Wed,2026-01-28 00:00:00,Converting ,Slitter,No,Non-Sterile,7417,54354,,7,400000,112000,LF,0,0,Grand Total,,,0,0,,,,,
5,Thu,2026-01-29 00:00:00,Converting ,Slitter,No,Non-Sterile,7417,54354,,7,400000,112000,LF,0,0,Grand Total,,,0,0,,,,,
5,Fri,2026-01-30 00:00:00,Converting ,Slitter,No,Non-Sterile,7417,54354,,7,400000,110000,LF,0,0,Grand Total,,,0,0,,,,,
5,Sat,2026-01-31 00:00:00,Converting ,Slitter,,,,,,,,,,0,0,Grand Total,,,0,0,,,,,
5,Sun,2026-02-01 00:00:00,Converting ,Slitter,,,,,,,,,,0,0,Grand Total,,,0,0,,,,,
6,Mon,2026-02-02 00:00:00,Converting ,Slitter,,,,,,,,,,0,0,Grand Total,,,0,0,,,,,
6,Tue,2026-02-03 00:00:00,Converting ,Slitter,,,,,,,,,,0,0,Grand Total,,,0,0,,,,,
6,Wed,2026-02-04 00:00:00,Converting ,Slitter,,,,,,,,,,0,0,Grand Total,,,0,0,,,,,
6,Thu,2026-02-05 00:00:00,Converting ,Slitter,,,,,,,,,,0,0,Grand Total,,,0,0,,,,,
6,Fri,2026-02-06 00:00:00,Converting ,Slitter,,,,,,,,,,0,0,Grand Total,,,0,0,,,,,
6,Sat,2026-02-07 00:00:00,Converting ,Slitter,,,,,,,,,,0,0,Grand Total,,,0,0,,,,,
6,Sun,2026-02-08 00:00:00,Converting ,Slitter,,,,,,,,,,0,0,Grand Total,,,0,0,,,,,
7,Mon,2026-02-09 00:00:00,Converting ,Slitter,,,,,,,,,,0,0,Grand Total,,,0,0,,,,,
7,Tue,2026-02-10 00:00:00,Converting ,Slitter,,,,,,,,,,0,0,Grand Total,,,0,0,,,,,
7,Wed,2026-02-11 00:00:00,Converting ,Slitter,,,,,,,,,,0,0,Grand Total,,,0,0,,,,,
7,Thu,2026-02-12 00:00:00,Converting ,Slitter,,,,,,,,,,0,0,Grand Total,,,0,0,,,,,
7,Fri,2026-02-13 00:00:00,Converting ,Slitter,,,,,,,,,,0,0,Grand Total,,,0,0,,,,,
7,Sat,2026-02-14 00:00:00,Converting ,Slitter,,,,,,,,,,0,0,Grand Total,,,0,0,,,,,
7,Sun,2026-02-15 00:00:00,Converting ,Slitter,,,,,,,,,,0,0,Grand Total,,,0,0,,,,,
8,Mon,2026-02-16 00:00:00,Converting ,Slitter,,,,,,,,,,0,0,Grand Total,,,0,0,,,,,
8,Tue,2026-02-17 00:00:00,Converting ,Slitter,,,,,,,,,,0,0,Grand Total,,,0,0,,,,,
8,Wed,2026-02-18 00:00:00,Converting ,Slitter,,,,,,,,,,0,0,Grand Total,,,0,0,,,,,
8,Thu,2026-02-19 00:00:00,Converting ,Slitter,,,,,,,,,,0,0,Grand Total,,,0,0,,,,,
8,Fri,2026-02-20 00:00:00,Converting ,Slitter,,,,,,,,,,0,0,Grand Total,,,0,0,,,,,
8,Sat,2026-02-21 00:00:00,Converting ,Slitter,,,,,,,,,,0,0,Grand Total,,,0,0,,,,,
8,Sun,2026-02-22 00:00:00,Converting ,Slitter,,,,,,,,,,0,0,Grand Total,,,0,0,,,,,
9,Mon,2026-02-23 00:00:00,Converting ,Slitter,,,,,,,,,,0,0,Grand Total,,,0,0,,,,,
9,Tue,2026-02-24 00:00:00,Converting ,Slitter,,,,,,,,,,0,0,Grand Total,,,0,0,,,,,
9,Wed,2026-02-25 00:00:00,Converting ,Slitter,,,,,,,,,,0,0,Grand Total,,,0,0,,,,,
9,Thu,2026-02-26 00:00:00,Converting ,Slitter,,,,,,,,,,0,0,Grand Total,,,0,0,,,,,
9,Fri,2026-02-27 00:00:00,Converting ,Slitter,,,,,,,,,,0,0,Grand Total,,,0,0,,,,,
9,Sat,2026-02-28 00:00:00,Converting ,Slitter,,,,,,,,,,0,0,Grand Total,,,0,0,,,,,
9,Sun,2026-03-01 00:00:00,Converting ,Slitter,,,,,,,,,,0,0,Grand Total,,,0,0,,,,,
10,Mon,2026-03-02 00:00:00,Converting ,Slitter,,,,,,,,,,0,0,Grand Total,,,0,0,,,,,
10,Tue,2026-03-03 00:00:00,Converting ,Slitter,,,,,,,,,,0,0,Grand Total,,,0,0,,,,,
10,Wed,2026-03-04 00:00:00,Converting ,Slitter,,,,,,,,,,0,0,Grand Total,,,0,0,,,,,
10,Thu,2026-03-05 00:00:00,Converting ,Slitter,,,,,,,,,,0,0,Grand Total,,,0,0,,,,,
10,Fri,2026-03-06 00:00:00,Converting ,Slitter,,,,,,,,,,0,0,Grand Total,,,0,0,,,,,
10,Sat,2026-03-07 00:00:00,Converting ,Slitter,,,,,,,,,,0,0,Grand Total,,,0,0,,,,,
10,Sun,2026-03-08 00:00:00,Converting ,Slitter,,,,,,,,,,0,0,Grand Total,,,0,0,,,,,
11,Mon,2026-03-09 00:00:00,Converting ,Slitter,,,,,,,,,,0,0,Grand Total,,,0,0,,,,,
11,Tue,2026-03-10 00:00:00,Converting ,Slitter,,,,,,,,,,0,0,Grand Total,,,0,0,,,,,
11,Wed,2026-03-11 00:00:00,Converting ,Slitter,,,,,,,,,,0,0,Grand Total,,,0,0,,,,,
11,Thu,2026-03-12 00:00:00,Converting ,Slitter,,,,,,,,,,0,0,Grand Total,,,0,0,,,,,
11,Fri,2026-03-13 00:00:00,Converting ,Slitter,,,,,,,,,,0,0,Grand Total,,,0,0,,,,,
11,Sat,2026-03-14 00:00:00,Converting ,Slitter,,,,,,,,,,0,0,Grand Total,,,0,0,,,,,
11,Sun,2026-03-15 00:00:00,Converting ,Slitter,,,,,,,,,,0,0,Grand Total,,,0,0,,,,,
12,Mon,2026-03-16 00:00:00,Converting ,Slitter,,,,,,,,,,0,0,Grand Total,,,0,0,,,,,
12,Tue,2026-03-17 00:00:00,Converting ,Slitter,,,,,,,,,,0,0,Grand Total,,,0,0,,,,,
12,Wed,2026-03-18 00:00:00,Converting ,Slitter,,,,,,,,,,0,0,Grand Total,,,0,0,,,,,
12,Thu,2026-03-19 00:00:00,Converting ,Slitter,,,,,,,,,,0,0,Grand Total,,,0,0,,,,,
12,Fri,2026-03-20 00:00:00,Converting ,Slitter,,,,,,,,,,0,0,Grand Total,,,0,0,,,,,
12,Sat,2026-03-21 00:00:00,Converting ,Slitter,,,,,,,,,,0,0,Grand Total,,,0,0,,,,,
12,Sun,2026-03-22 00:00:00,Converting ,Slitter,,,,,,,,,,0,0,Grand Total,,,0,0,,,,,
13,Mon,2026-03-23 00:00:00,Converting ,Slitter,,,,,,,,,,0,0,Grand Total,,,0,0,,,,,
13,Tue,2026-03-24 00:00:00,Converting ,Slitter,,,,,,,,,,0,0,Grand Total,,,0,0,,,,,
13,Wed,2026-03-25 00:00:00,Converting ,Slitter,No,Non-Sterile,7417,54355,,7,1800000,66000,LF,0,0,Grand Total,,,0,0,,,,,
13,Thu,2026-03-26 00:00:00,Converting ,Slitter,No,Non-Sterile,7417,54355,,7,1800000,114000,LF,0,0,Grand Total,,,0,0,,,,,
13,Fri,2026-03-27 00:00:00,Converting ,Slitter,,,,,,,,,,0,0,Grand Total,,,0,0,,,,,
13,Sat,2026-03-28 00:00:00,Converting ,Slitter,,,,,,,,,,0,0,Grand Total,,,0,0,,,,,
13,Sun,2026-03-29 00:00:00,Converting ,Slitter,,,,,,,,,,0,0,Grand Total,,,0,0,,,,,
14,Mon,2026-03-30 00:00:00,Converting ,Slitter,,,,,,,,,,0,0,Grand Total,,,0,0,,,,,
14,Tue,2026-03-31 00:00:00,Converting ,Slitter,,,,,,,,,,0,0,Grand Total,,,0,0,,,,,
14,Wed,2026-04-01 00:00:00,Converting ,Slitter,,,,,,,,,,0,0,Grand Total,,,0,0,,,,,
14,Thu,2026-04-02 00:00:00,Converting ,Slitter,,,,,,,,,,0,0,Grand Total,,,0,0,,,,,
14,Fri,2026-04-03 00:00:00,Converting ,Slitter,,,,,,,,,,0,0,Grand Total,,,0,0,,,,,
14,Sat,2026-04-04 00:00:00,Converting ,Slitter,,,,,,,,,,0,0,Grand Total,,,0,0,,,,,
14,Sun,2026-04-05 00:00:00,Converting ,Slitter,,,,,,,,,,0,0,Grand Total,,,0,0,,,,,
15,Mon,2026-04-06 00:00:00,Converting ,Slitter,,,,,,,,,,0,0,Grand Total,,,0,0,,,,,
15,Tue,2026-04-07 00:00:00,Converting ,Slitter,,,,,,,,,,0,0,Grand Total,,,0,0,,,,,
15,Wed,2026-04-08 00:00:00,Converting ,Slitter,,,,,,,,,,0,0,Grand Total,,,0,0,,,,,
15,Thu,2026-04-09 00:00:00,Converting ,Slitter,,,,,,,,,,0,0,Grand Total,,,0,0,,,,,
15,Fri,2026-04-10 00:00:00,Converting ,Slitter,,,,,,,,,,0,0,Grand Total,,,0,0,,,,,
15,Sat,2026-04-11 00:00:00,Converting ,Slitter,,,,,,,,,,0,0,Grand Total,,,0,0,,,,,
15,Sun,2026-04-12 00:00:00,Converting ,Slitter,,,,,,,,,,0,0,Grand Total,,,0,0,,,,,
16,Mon,2026-04-13 00:00:00,Converting ,Slitter,,,,,,,,,,0,0,Grand Total,,,0,0,,,,,
16,Tue,2026-04-14 00:00:00,Converting ,Slitter,,,,,,,,,,0,0,Grand Total,,,0,0,,,,,
16,Wed,2026-04-15 00:00:00,Converting ,Slitter,,,,,,,,,,0,0,Grand Total,,,0,0,,,,,
16,Thu,2026-04-16 00:00:00,Converting ,Slitter,,,,,,,,,,0,0,Grand Total,,,0,0,,,,,
16,Fri,2026-04-17 00:00:00,Converting ,Slitter,,,,,,,,,,0,0,Grand Total,,,0,0,,,,,
16,Sat,2026-04-18 00:00:00,Converting ,Slitter,,,,,,,,,,0,0,Grand Total,,,0,0,,,,,
16,Sun,2026-04-19 00:00:00,Converting ,Slitter,,,,,,,,,,0,0,Grand Total,,,0,0,,,,,
17,Mon,2026-04-20 00:00:00,Converting ,Slitter,,,,,,,,,,0,0,Grand Total,,,0,0,,,,,
17,Tue,2026-04-21 00:00:00,Converting ,Slitter,,,,,,,,,,0,0,Grand Total,,,0,0,,,,,
17,Wed,2026-04-22 00:00:00,Converting ,Slitter,,,,,,,,,,0,0,Grand Total,,,0,0,,,,,
17,Thu,2026-04-23 00:00:00,Converting ,Slitter,,,,,,,,,,0,0,Grand Total,,,0,0,,,,,
17,Fri,2026-04-24 00:00:00,Converting ,Slitter,,,,,,,,,,0,0,Grand Total,,,0,0,,,,,
17,Sat,2026-04-25 00:00:00,Converting ,Slitter,,,,,,,,,,0,0,Grand Total,,,0,0,,,,,
17,Sun,2026-04-26 00:00:00,Converting ,Slitter,,,,,,,,,,0,0,Grand Total,,,0,0,,,,,
18,Mon,2026-04-27 00:00:00,Converting ,Slitter,,,,,,,,,,0,0,Grand Total,,,0,0,,,,,
18,Tue,2026-04-28 00:00:00,Converting ,Slitter,,,,,,,,,,0,0,Grand Total,,,0,0,,,,,
18,Wed,2026-04-29 00:00:00,Converting ,Slitter,,,,,,,,,,0,0,Grand Total,,,0,0,,,,,
18,Thu,2026-04-30 00:00:00,Converting ,Slitter,,,,,,,,,,0,0,Grand Total,,,0,0,,,,,
18,Fri,2026-05-01 00:00:00,Converting ,Slitter,,,,,,,,,,0,0,Grand Total,,,0,0,,,,,
18,Sat,2026-05-02 00:00:00,Converting ,Slitter,,,,,,,,,,0,0,Grand Total,,,0,0,,,,,
18,Sun,2026-05-03 00:00:00,Converting ,Slitter,,,,,,,,,,0,0,Grand Total,,,0,0,,,,,
19,Mon,2026-05-04 00:00:00,Converting ,Slitter,,,,,,,,,,0,0,Grand Total,,,0,0,,,,,
19,Tue,2026-05-05 00:00:00,Converting ,Slitter,,,,,,,,,,0,0,Grand Total,,,0,0,,,,,
19,Wed,2026-05-06 00:00:00,Converting ,Slitter,,,,,,,,,,0,0,Grand Total,,,0,0,,,,,
19,Thu,2026-05-07 00:00:00,Converting ,Slitter,,,,,,,,,,0,0,Grand Total,,,0,0,,,,,
19,Fri,2026-05-08 00:00:00,Converting ,Slitter,,,,,,,,,,0,0,Grand Total,,,0,0,,,,,
19,Sat,2026-05-09 00:00:00,Converting ,Slitter,,,,,,,,,,0,0,Grand Total,,,0,0,,,,,
19,Sun,2026-05-10 00:00:00,Converting ,Slitter,,,,,,,,,,0,0,Grand Total,,,0,0,,,,,
20,Mon,2026-05-11 00:00:00,Converting ,Slitter,,,,,,,,,,0,0,Grand Total,,,0,0,,,,,
20,Tue,2026-05-12 00:00:00,Converting ,Slitter,,,,,,,,,,0,0,Grand Total,,,0,0,,,,,
20,Wed,2026-05-13 00:00:00,Converting ,Slitter,,,,,,,,,,0,0,Grand Total,,,0,0,,,,,
20,Thu,2026-05-14 00:00:00,Converting ,Slitter,,,,,,,,,,0,0,Grand Total,,,0,0,,,,,
20,Fri,2026-05-15 00:00:00,Converting ,Slitter,,,,,,,,,,0,0,Grand Total,,,0,0,,,,,
20,Sat,2026-05-16 00:00:00,Converting ,Slitter,,,,,,,,,,0,0,Grand Total,,,0,0,,,,,
20,Sun,2026-05-17 00:00:00,Converting ,Slitter,,,,,,,,,,0,0,Grand Total,,,0,0,,,,,
21,Mon,2026-05-18 00:00:00,Converting ,Slitter,,,,,,,,,,0,0,Grand Total,,,0,0,,,,,
21,Tue,2026-05-19 00:00:00,Converting ,Slitter,,,,,,,,,,0,0,Grand Total,,,0,0,,,,,
21,Wed,2026-05-20 00:00:00,Converting ,Slitter,,,,,,,,,,0,0,Grand Total,,,0,0,,,,,
21,Thu,2026-05-21 00:00:00,Converting ,Slitter,,,,,,,,,,0,0,Grand Total,,,0,0,,,,,
21,Fri,2026-05-22 00:00:00,Converting ,Slitter,,,,,,,,,,0,0,Grand Total,,,0,0,,,,,
21,Sat,2026-05-23 00:00:00,Converting ,Slitter,,,,,,,,,,0,0,Grand Total,,,0,0,,,,,
21,Sun,2026-05-24 00:00:00,Converting ,Slitter,,,,,,,,,,0,0,Grand Total,,,0,0,,,,,
22,Mon,2026-05-25 00:00:00,Converting ,Slitter,,,,,,,,,,0,0,Grand Total,,,0,0,,,,,
22,Tue,2026-05-26 00:00:00,Converting ,Slitter,,,,,,,,,,0,0,Grand Total,,,0,0,,,,,
22,Wed,2026-05-27 00:00:00,Converting ,Slitter,,,,,,,,,,0,0,Grand Total,,,0,0,,,,,
22,Thu,2026-05-28 00:00:00,Converting ,Slitter,,,,,,,,,,0,0,Grand Total,,,0,0,,,,,
22,Fri,2026-05-29 00:00:00,Converting ,Slitter,,,,,,,,,,0,0,Grand Total,,,0,0,,,,,
22,Sat,2026-05-30 00:00:00,Converting ,Slitter,,,,,,,,,,0,0,Grand Total,,,0,0,,,,,
22,Sun,2026-05-31 00:00:00,Converting ,Slitter,,,,,,,,,,0,0,Grand Total,,,0,0,,,,,
23,Mon,2026-06-01 00:00:00,Converting ,Slitter,,,,,,,,,,0,0,Grand Total,,,0,0,,,,,
23,Tue,2026-06-02 00:00:00,Converting ,Slitter,,,,,,,,,,0,0,Grand Total,,,0,0,,,,,
23,Wed,2026-06-03 00:00:00,Converting ,Slitter,,,,,,,,,,0,0,Grand Total,,,0,0,,,,,
23,Thu,2026-06-04 00:00:00,Converting ,Slitter,,,,,,,,,,0,0,Grand Total,,,0,0,,,,,
23,Fri,2026-06-05 00:00:00,Converting ,Slitter,,,,,,,,,,0,0,Grand Total,,,0,0,,,,,
23,Sat,2026-06-06 00:00:00,Converting ,Slitter,,,,,,,,,,0,0,Grand Total,,,0,0,,,,,
23,Sun,2026-06-07 00:00:00,Converting ,Slitter,,,,,,,,,,0,0,Grand Total,,,0,0,,,,,
24,Mon,2026-06-08 00:00:00,Converting ,Slitter,,,,,,,,,,0,0,Grand Total,,,0,0,,,,,
24,Tue,2026-06-09 00:00:00,Converting ,Slitter,,,,,,,,,,0,0,Grand Total,,,0,0,,,,,
24,Wed,2026-06-10 00:00:00,Converting ,Slitter,,,,,,,,,,0,0,Grand Total,,,0,0,,,,,
24,Thu,2026-06-11 00:00:00,Converting ,Slitter,,,,,,,,,,0,0,Grand Total,,,0,0,,,,,
24,Fri,2026-06-12 00:00:00,Converting ,Slitter,,,,,,,,,,0,0,Grand Total,,,0,0,,,,,
24,Sat,2026-06-13 00:00:00,Converting ,Slitter,,,,,,,,,,0,0,Grand Total,,,0,0,,,,,
24,Sun,2026-06-14 00:00:00,Converting ,Slitter,,,,,,,,,,0,0,Grand Total,,,0,0,,,,,
25,Mon,2026-06-15 00:00:00,Converting ,Slitter,,,,,,,,,,0,0,Grand Total,,,0,0,,,,,
25,Tue,2026-06-16 00:00:00,Converting ,Slitter,,,,,,,,,,0,0,Grand Total,,,0,0,,,,,
25,Wed,2026-06-17 00:00:00,Converting ,Slitter,,,,,,,,,,0,0,Grand Total,,,0,0,,,,,
25,Thu,2026-06-18 00:00:00,Converting ,Slitter,,,,,,,,,,0,0,Grand Total,,,0,0,,,,,
25,Fri,2026-06-19 00:00:00,Converting ,Slitter,,,,,,,,,,0,0,Grand Total,,,0,0,,,,,
25,Sat,2026-06-20 00:00:00,Converting ,Slitter,,,,,,,,,,0,0,Grand Total,,,0,0,,,,,
25,Sun,2026-06-21 00:00:00,Converting ,Slitter,,,,,,,,,,0,0,Grand Total,,,0,0,,,,,
26,Mon,2026-06-22 00:00:00,Converting ,Slitter,,,,,,,,,,0,0,Grand Total,,,0,0,,,,,
26,Tue,2026-06-23 00:00:00,Converting ,Slitter,,,,,,,,,,0,0,Grand Total,,,0,0,,,,,
26,Wed,2026-06-24 00:00:00,Converting ,Slitter,,,,,,,,,,0,0,Grand Total,,,0,0,,,,,
26,Thu,2026-06-25 00:00:00,Converting ,Slitter,,,,,,,,,,0,0,Grand Total,,,0,0,,,,,
26,Fri,2026-06-26 00:00:00,Converting ,Slitter,,,,,,,,,,0,0,Grand Total,,,0,0,,,,,
26,Sat,2026-06-27 00:00:00,Converting ,Slitter,,,,,,,,,,0,0,Grand Total,,,0,0,,,,,
26,Sun,2026-06-28 00:00:00,Converting ,Slitter,,,,,,,,,,0,0,Grand Total,,,0,0,,,,,
27,Mon,2026-06-29 00:00:00,Converting ,Slitter,,,,,,,,,,0,0,Grand Total,,,0,0,,,,,
27,Tue,2026-06-30 00:00:00,Converting ,Slitter,,,,,,,,,,0,0,Grand Total,,,0,0,,,,,
27,Wed,2026-07-01 00:00:00,Converting ,Slitter,,,,,,,,,,0,0,Grand Total,,,0,0,,,,,
27,Thu,2026-07-02 00:00:00,Converting ,Slitter,,,,,,,,,,0,0,Grand Total,,,0,0,,,,,
27,Fri,2026-07-03 00:00:00,Converting ,Slitter,,,,,,,,,,0,0,Grand Total,,,0,0,,,,,
27,Sat,2026-07-04 00:00:00,Converting ,Slitter,,,,,,,,,,0,0,Grand Total,,,0,0,,,,,
27,Sun,2026-07-05 00:00:00,Converting ,Slitter,,,,,,,,,,0,0,Grand Total,,,0,0,,,,,
28,Mon,2026-07-06 00:00:00,Converting ,Slitter,,,,,,,,,,0,0,Grand Total,,,0,0,,,,,
28,Tue,2026-07-07 00:00:00,Converting ,Slitter,,,,,,,,,,0,0,Grand Total,,,0,0,,,,,
28,Wed,2026-07-08 00:00:00,Converting ,Slitter,,,,,,,,,,0,0,Grand Total,,,0,0,,,,,
28,Thu,2026-07-09 00:00:00,Converting ,Slitter,,,,,,,,,,0,0,Grand Total,,,0,0,,,,,
28,Fri,2026-07-10 00:00:00,Converting ,Slitter,,,,,,,,,,0,0,Grand Total,,,0,0,,,,,
28,Sat,2026-07-11 00:00:00,Converting ,Slitter,,,,,,,,,,0,0,Grand Total,,,0,0,,,,,
28,Sun,2026-07-12 00:00:00,Converting ,Slitter,,,,,,,,,,0,0,Grand Total,,,0,0,,,,,
29,Mon,2026-07-13 00:00:00,Converting ,Slitter,,,,,,,,,,0,0,Grand Total,,,0,0,,,,,
29,Tue,2026-07-14 00:00:00,Converting ,Slitter,,,,,,,,,,0,0,Grand Total,,,0,0,,,,,
29,Wed,2026-07-15 00:00:00,Converting ,Slitter,,,,,,,,,,0,0,Grand Total,,,0,0,,,,,
29,Thu,2026-07-16 00:00:00,Converting ,Slitter,,,,,,,,,,0,0,Grand Total,,,0,0,,,,,
29,Fri,2026-07-17 00:00:00,Converting ,Slitter,,,,,,,,,,0,0,Grand Total,,,0,0,,,,,
29,Sat,2026-07-18 00:00:00,Converting ,Slitter,,,,,,,,,,0,0,Grand Total,,,0,0,,,,,
29,Sun,2026-07-19 00:00:00,Converting ,Slitter,,,,,,,,,,0,0,Grand Total,,,0,0,,,,,
30,Mon,2026-07-20 00:00:00,Converting ,Slitter,,,,,,,,,,0,0,Grand Total,,,0,0,,,,,
30,Tue,2026-07-21 00:00:00,Converting ,Slitter,,,,,,,,,,0,0,Grand Total,,,0,0,,,,,
30,Wed,2026-07-22 00:00:00,Converting ,Slitter,,,,,,,,,,0,0,Grand Total,,,0,0,,,,,
30,Thu,2026-07-23 00:00:00,Converting ,Slitter,,,,,,,,,,0,0,Grand Total,,,0,0,,,,,
30,Fri,2026-07-24 00:00:00,Converting ,Slitter,,,,,,,,,,0,0,Grand Total,,,0,0,,,,,
30,Sat,2026-07-25 00:00:00,Converting ,Slitter,,,,,,,,,,0,0,Grand Total,,,0,0,,,,,
30,Sun,2026-07-26 00:00:00,Converting ,Slitter,,,,,,,,,,0,0,Grand Total,,,0,0,,,,,
31,Mon,2026-07-27 00:00:00,Converting ,Slitter,,,,,,,,,,0,0,Grand Total,,,0,0,,,,,
31,Tue,2026-07-28 00:00:00,Converting ,Slitter,,,,,,,,,,0,0,Grand Total,,,0,0,,,,,
31,Wed,2026-07-29 00:00:00,Converting ,Slitter,,,,,,,,,,0,0,Grand Total,,,0,0,,,,,
31,Thu,2026-07-30 00:00:00,Converting ,Slitter,,,,,,,,,,0,0,Grand Total,,,0,0,,,,,
31,Fri,2026-07-31 00:00:00,Converting ,Slitter,,,,,,,,,,0,0,Grand Total,,,0,0,,,,,
31,Sat,2026-08-01 00:00:00,Converting ,Slitter,,,,,,,,,,0,0,Grand Total,,,0,0,,,,,
31,Sun,2026-08-02 00:00:00,Converting ,Slitter,,,,,,,,,,0,0,Grand Total,,,0,0,,,,,
32,Mon,2026-08-03 00:00:00,Converting ,Slitter,,,,,,,,,,0,0,Grand Total,,,0,0,,,,,
32,Tue,2026-08-04 00:00:00,Converting ,Slitter,,,,,,,,,,0,0,Grand Total,,,0,0,,,,,
32,Wed,2026-08-05 00:00:00,Converting ,Slitter,,,,,,,,,,0,0,Grand Total,,,0,0,,,,,
32,Thu,2026-08-06 00:00:00,Converting ,Slitter,,,,,,,,,,0,0,Grand Total,,,0,0,,,,,
32,Fri,2026-08-07 00:00:00,Converting ,Slitter,,,,,,,,,,0,0,Grand Total,,,0,0,,,,,
32,Sat,2026-08-08 00:00:00,Converting ,Slitter,,,,,,,,,,0,0,Grand Total,,,0,0,,,,,
32,Sun,2026-08-09 00:00:00,Converting ,Slitter,,,,,,,,,,0,0,Grand Total,,,0,0,,,,,
33,Mon,2026-08-10 00:00:00,Converting ,Slitter,,,,,,,,,,0,0,Grand Total,,,0,0,,,,,
33,Tue,2026-08-11 00:00:00,Converting ,Slitter,,,,,,,,,,0,0,Grand Total,,,0,0,,,,,
33,Wed,2026-08-12 00:00:00,Converting ,Slitter,,,,,,,,,,0,0,Grand Total,,,0,0,,,,,
33,Thu,2026-08-13 00:00:00,Converting ,Slitter,,,,,,,,,,0,0,Grand Total,,,0,0,,,,,
33,Fri,2026-08-14 00:00:00,Converting ,Slitter,,,,,,,,,,0,0,Grand Total,,,0,0,,,,,
33,Sat,2026-08-15 00:00:00,Converting ,Slitter,,,,,,,,,,0,0,Grand Total,,,0,0,,,,,
33,Sun,2026-08-16 00:00:00,Converting ,Slitter,,,,,,,,,,0,0,Grand Total,,,0,0,,,,,
34,Mon,2026-08-17 00:00:00,Converting ,Slitter,,,,,,,,,,0,0,Grand Total,,,0,0,,,,,
34,Tue,2026-08-18 00:00:00,Converting ,Slitter,,,,,,,,,,0,0,Grand Total,,,0,0,,,,,
34,Wed,2026-08-19 00:00:00,Converting ,Slitter,,,,,,,,,,0,0,Grand Total,,,0,0,,,,,
34,Thu,2026-08-20 00:00:00,Converting ,Slitter,,,,,,,,,,0,0,Grand Total,,,0,0,,,,,
34,Fri,2026-08-21 00:00:00,Converting ,Slitter,,,,,,,,,,0,0,Grand Total,,,0,0,,,,,
34,Sat,2026-08-22 00:00:00,Converting ,Slitter,,,,,,,,,,0,0,Grand Total,,,0,0,,,,,
34,Sun,2026-08-23 00:00:00,Converting ,Slitter,,,,,,,,,,0,0,Grand Total,,,0,0,,,,,
35,Mon,2026-08-24 00:00:00,Converting ,Slitter,,,,,,,,,,0,0,Grand Total,,,0,0,,,,,
35,Tue,2026-08-25 00:00:00,Converting ,Slitter,,,,,,,,,,0,0,Grand Total,,,0,0,,,,,
35,Wed,2026-08-26 00:00:00,Converting ,Slitter,,,,,,,,,,0,0,Grand Total,,,0,0,,,,,
35,Thu,2026-08-27 00:00:00,Converting ,Slitter,,,,,,,,,,0,0,Grand Total,,,0,0,,,,,
35,Fri,2026-08-28 00:00:00,Converting ,Slitter,,,,,,,,,,0,0,Grand Total,,,0,0,,,,,
35,Sat,2026-08-29 00:00:00,Converting ,Slitter,,,,,,,,,,0,0,Grand Total,,,0,0,,,,,
35,Sun,2026-08-30 00:00:00,Converting ,Slitter,,,,,,,,,,0,0,Grand Total,,,0,0,,,,,
36,Mon,2026-08-31 00:00:00,Converting ,Slitter,,,,,,,,,,0,0,Grand Total,,,0,0,,,,,
36,Tue,2026-09-01 00:00:00,Converting ,Slitter,,,,,,,,,,0,0,Grand Total,,,0,0,,,,,
36,Wed,2026-09-02 00:00:00,Converting ,Slitter,,,,,,,,,,0,0,Grand Total,,,0,0,,,,,
36,Thu,2026-09-03 00:00:00,Converting ,Slitter,,,,,,,,,,0,0,Grand Total,,,0,0,,,,,
36,Fri,2026-09-04 00:00:00,Converting ,Slitter,,,,,,,,,,0,0,Grand Total,,,0,0,,,,,
36,Sat,2026-09-05 00:00:00,Converting ,Slitter,,,,,,,,,,0,0,Grand Total,,,0,0,,,,,
36,Sun,2026-09-06 00:00:00,Converting ,Slitter,,,,,,,,,,0,0,Grand Total,,,0,0,,,,,
37,Mon,2026-09-07 00:00:00,Converting ,Slitter,,,,,,,,,,0,0,Grand Total,,,0,0,,,,,
37,Tue,2026-09-08 00:00:00,Converting ,Slitter,,,,,,,,,,0,0,Grand Total,,,0,0,,,,,
37,Wed,2026-09-09 00:00:00,Converting ,Slitter,,,,,,,,,,0,0,Grand Total,,,0,0,,,,,
37,Thu,2026-09-10 00:00:00,Converting ,Slitter,,,,,,,,,,0,0,Grand Total,,,0,0,,,,,
37,Fri,2026-09-11 00:00:00,Converting ,Slitter,,,,,,,,,,0,0,Grand Total,,,0,0,,,,,
37,Sat,2026-09-12 00:00:00,Converting ,Slitter,,,,,,,,,,0,0,Grand Total,,,0,0,,,,,
37,Sun,2026-09-13 00:00:00,Converting ,Slitter,,,,,,,,,,0,0,Grand Total,,,0,0,,,,,
38,Mon,2026-09-14 00:00:00,Converting ,Slitter,,,,,,,,,,0,0,Grand Total,,,0,0,,,,,
38,Tue,2026-09-15 00:00:00,Converting ,Slitter,,,,,,,,,,0,0,Grand Total,,,0,0,,,,,
38,Wed,2026-09-16 00:00:00,Converting ,Slitter,,,,,,,,,,0,0,Grand Total,,,0,0,,,,,
38,Thu,2026-09-17 00:00:00,Converting ,Slitter,,,,,,,,,,0,0,Grand Total,,,0,0,,,,,
38,Fri,2026-09-18 00:00:00,Converting ,Slitter,,,,,,,,,,0,0,Grand Total,,,0,0,,,,,
38,Sat,2026-09-19 00:00:00,Converting ,Slitter,,,,,,,,,,0,0,Grand Total,,,0,0,,,,,
38,Sun,2026-09-20 00:00:00,Converting ,Slitter,,,,,,,,,,0,0,Grand Total,,,0,0,,,,,
39,Mon,2026-09-21 00:00:00,Converting ,Slitter,,,,,,,,,,0,0,Grand Total,,,0,0,,,,,
39,Tue,2026-09-22 00:00:00,Converting ,Slitter,,,,,,,,,,0,0,Grand Total,,,0,0,,,,,
39,Thu,2026-09-24 00:00:00,Converting ,Slitter,,,,,,,,,,0,0,Grand Total,,,0,0,,,,,
39,Fri,2026-09-25 00:00:00,Converting ,Slitter,,,,,,,,,,0,0,Grand Total,,,0,0,,,,,
39,Sat,2026-09-26 00:00:00,Converting ,Slitter,,,,,,,,,,0,0,Grand Total,,,0,0,,,,,
39,Sun,2026-09-27 00:00:00,Converting ,Slitter,,,,,,,,,,0,0,Grand Total,,,0,0,,,,,
40,Mon,2026-09-28 00:00:00,Converting ,Slitter,,,,,,,,,,0,0,Grand Total,,,0,0,,,,,
40,Tue,2026-09-29 00:00:00,Converting ,Slitter,,,,,,,,,,0,0,Grand Total,,,0,0,,,,,
40,Wed,2026-09-30 00:00:00,Converting ,Slitter,,,,,,,,,,0,0,Grand Total,,,0,0,,,,,
40,Thu,2026-10-01 00:00:00,Converting ,Slitter,,,,,,,,,,0,0,Grand Total,,,0,0,,,,,
40,Fri,2026-10-02 00:00:00,Converting ,Slitter,,,,,,,,,,0,0,Grand Total,,,0,0,,,,,
40,Sat,2026-10-03 00:00:00,Converting ,Slitter,,,,,,,,,,0,0,Grand Total,,,0,0,,,,,
40,Sun,2026-10-04 00:00:00,Converting ,Slitter,,,,,,,,,,0,0,Grand Total,,,0,0,,,,,
41,Mon,2026-10-05 00:00:00,Converting ,Slitter,,,,,,,,,,0,0,Grand Total,,,0,0,,,,,
41,Tue,2026-10-06 00:00:00,Converting ,Slitter,,,,,,,,,,0,0,Grand Total,,,0,0,,,,,
41,Wed,2026-10-07 00:00:00,Converting ,Slitter,,,,,,,,,,0,0,Grand Total,,,0,0,,,,,
41,Thu,2026-10-08 00:00:00,Converting ,Slitter,,,,,,,,,,0,0,Grand Total,,,0,0,,,,,
41,Fri,2026-10-09 00:00:00,Converting ,Slitter,,,,,,,,,,0,0,Grand Total,,,0,0,,,,,
41,Sat,2026-10-10 00:00:00,Converting ,Slitter,,,,,,,,,,0,0,Grand Total,,,0,0,,,,,
41,Sun,2026-10-11 00:00:00,Converting ,Slitter,,,,,,,,,,0,0,Grand Total,,,0,0,,,,,
42,Mon,2026-10-12 00:00:00,Converting ,Slitter,,,,,,,,,,0,0,Grand Total,,,0,0,,,,,
42,Tue,2026-10-13 00:00:00,Converting ,Slitter,,,,,,,,,,0,0,Grand Total,,,0,0,,,,,
42,Wed,2026-10-14 00:00:00,Converting ,Slitter,,,,,,,,,,0,0,Grand Total,,,0,0,,,,,
42,Thu,2026-10-15 00:00:00,Converting ,Slitter,,,,,,,,,,0,0,Grand Total,,,0,0,,,,,
42,Fri,2026-10-16 00:00:00,Converting ,Slitter,,,,,,,,,,0,0,Grand Total,,,0,0,,,,,
42,Sat,2026-10-17 00:00:00,Converting ,Slitter,,,,,,,,,,0,0,Grand Total,,,0,0,,,,,
42,Sun,2026-10-18 00:00:00,Converting ,Slitter,,,,,,,,,,0,0,Grand Total,,,0,0,,,,,
43,Mon,2026-10-19 00:00:00,Converting ,Slitter,,,,,,,,,,0,0,Grand Total,,,0,0,,,,,
43,Tue,2026-10-20 00:00:00,Converting ,Slitter,,,,,,,,,,0,0,Grand Total,,,0,0,,,,,
43,Wed,2026-10-21 00:00:00,Converting ,Slitter,,,,,,,,,,0,0,Grand Total,,,0,0,,,,,
43,Thu,2026-10-22 00:00:00,Converting ,Slitter,,,,,,,,,,0,0,Grand Total,,,0,0,,,,,
43,Fri,2026-10-23 00:00:00,Converting ,Slitter,,,,,,,,,,0,0,Grand Total,,,0,0,,,,,
43,Sat,2026-10-24 00:00:00,Converting ,Slitter,,,,,,,,,,0,0,Grand Total,,,0,0,,,,,
43,Sun,2026-10-25 00:00:00,Converting ,Slitter,,,,,,,,,,0,0,Grand Total,,,0,0,,,,,
44,Mon,2026-10-26 00:00:00,Converting ,Slitter,,,,,,,,,,0,0,Grand Total,,,0,0,,,,,
44,Tue,2026-10-27 00:00:00,Converting ,Slitter,,,,,,,,,,0,0,Grand Total,,,0,0,,,,,
44,Wed,2026-10-28 00:00:00,Converting ,Slitter,,,,,,,,,,0,0,Grand Total,,,0,0,,,,,
44,Thu,2026-10-29 00:00:00,Converting ,Slitter,,,,,,,,,,0,0,Grand Total,,,0,0,,,,,
44,Fri,2026-10-30 00:00:00,Converting ,Slitter,,,,,,,,,,0,0,Grand Total,,,0,0,,,,,
44,Sat,2026-10-31 00:00:00,Converting ,Slitter,,,,,,,,,,0,0,Grand Total,,,0,0,,,,,
44,Sun,2026-11-01 00:00:00,Converting ,Slitter,,,,,,,,,,0,0,Grand Total,,,0,0,,,,,
45,Mon,2026-11-02 00:00:00,Converting ,Slitter,,,,,,,,,,0,0,Grand Total,,,0,0,,,,,
45,Tue,2026-11-03 00:00:00,Converting ,Slitter,,,,,,,,,,0,0,Grand Total,,,0,0,,,,,
45,Wed,2026-11-04 00:00:00,Converting ,Slitter,,,,,,,,,,0,0,Grand Total,,,0,0,,,,,
45,Thu,2026-11-05 00:00:00,Converting ,Slitter,,,,,,,,,,0,0,Grand Total,,,0,0,,,,,
45,Fri,2026-11-06 00:00:00,Converting ,Slitter,,,,,,,,,,0,0,Grand Total,,,0,0,,,,,
45,Sat,2026-11-07 00:00:00,Converting ,Slitter,,,,,,,,,,0,0,Grand Total,,,0,0,,,,,
45,Sun,2026-11-08 00:00:00,Converting ,Slitter,,,,,,,,,,0,0,Grand Total,,,0,0,,,,,
46,Mon,2026-11-09 00:00:00,Converting ,Slitter,,,,,,,,,,0,0,Grand Total,,,0,0,,,,,
46,Tue,2026-11-10 00:00:00,Converting ,Slitter,,,,,,,,,,0,0,Grand Total,,,0,0,,,,,
46,Wed,2026-11-11 00:00:00,Converting ,Slitter,,,,,,,,,,0,0,Grand Total,,,0,0,,,,,
46,Thu,2026-11-12 00:00:00,Converting ,Slitter,,,,,,,,,,0,0,Grand Total,,,0,0,,,,,
46,Fri,2026-11-13 00:00:00,Converting ,Slitter,,,,,,,,,,0,0,Grand Total,,,0,0,,,,,
46,Sat,2026-11-14 00:00:00,Converting ,Slitter,,,,,,,,,,0,0,Grand Total,,,0,0,,,,,
46,Sun,2026-11-15 00:00:00,Converting ,Slitter,,,,,,,,,,0,0,Grand Total,,,0,0,,,,,
47,Mon,2026-11-16 00:00:00,Converting ,Slitter,,,,,,,,,,0,0,Grand Total,,,0,0,,,,,
47,Tue,2026-11-17 00:00:00,Converting ,Slitter,,,,,,,,,,0,0,Grand Total,,,0,0,,,,,
47,Wed,2026-11-18 00:00:00,Converting ,Slitter,,,,,,,,,,0,0,Grand Total,,,0,0,,,,,
47,Thu,2026-11-19 00:00:00,Converting ,Slitter,,,,,,,,,,0,0,Grand Total,,,0,0,,,,,
47,Fri,2026-11-20 00:00:00,Converting ,Slitter,,,,,,,,,,0,0,Grand Total,,,0,0,,,,,
47,Sat,2026-11-21 00:00:00,Converting ,Slitter,,,,,,,,,,0,0,Grand Total,,,0,0,,,,,
47,Sun,2026-11-22 00:00:00,Converting ,Slitter,,,,,,,,,,0,0,Grand Total,,,0,0,,,,,
48,Mon,2026-11-23 00:00:00,Converting ,Slitter,,,,,,,,,,0,0,Grand Total,,,0,0,,,,,
48,Tue,2026-11-24 00:00:00,Converting ,Slitter,,,,,,,,,,0,0,Grand Total,,,0,0,,,,,
48,Wed,2026-11-25 00:00:00,Converting ,Slitter,,,,,,,,,,0,0,Grand Total,,,0,0,,,,,
48,Thu,2026-11-26 00:00:00,Converting ,Slitter,,,,,,,,,,0,0,Grand Total,,,0,0,,,,,
48,Fri,2026-11-27 00:00:00,Converting ,Slitter,,,,,,,,,,0,0,Grand Total,,,0,0,,,,,
48,Sat,2026-11-28 00:00:00,Converting ,Slitter,,,,,,,,,,0,0,Grand Total,,,0,0,,,,,
48,Sun,2026-11-29 00:00:00,Converting ,Slitter,,,,,,,,,,0,0,Grand Total,,,0,0,,,,,
49,Mon,2026-11-30 00:00:00,Converting ,Slitter,,,,,,,,,,0,0,Grand Total,,,0,0,,,,,
49,Tue,2026-12-01 00:00:00,Converting ,Slitter,,,,,,,,,,0,0,Grand Total,,,0,0,,,,,
49,Wed,2026-12-02 00:00:00,Converting ,Slitter,,,,,,,,,,0,0,Grand Total,,,0,0,,,,,
49,Thu,2026-12-03 00:00:00,Converting ,Slitter,,,,,,,,,,0,0,Grand Total,,,0,0,,,,,
49,Fri,2026-12-04 00:00:00,Converting ,Slitter,,,,,,,,,,0,0,Grand Total,,,0,0,,,,,
49,Sat,2026-12-05 00:00:00,Converting ,Slitter,,,,,,,,,,0,0,Grand Total,,,0,0,,,,,
49,Sun,2026-12-06 00:00:00,Converting ,Slitter,,,,,,,,,,0,0,Grand Total,,,0,0,,,,,
50,Mon,2026-12-07 00:00:00,Converting ,Slitter,,,,,,,,,,0,0,Grand Total,,,0,0,,,,,
50,Tue,2026-12-08 00:00:00,Converting ,Slitter,,,,,,,,,,0,0,Grand Total,,,0,0,,,,,
50,Wed,2026-12-09 00:00:00,Converting ,Slitter,,,,,,,,,,0,0,Grand Total,,,0,0,,,,,
50,Thu,2026-12-10 00:00:00,Converting ,Slitter,,,,,,,,,,0,0,Grand Total,,,0,0,,,,,
50,Fri,2026-12-11 00:00:00,Converting ,Slitter,,,,,,,,,,0,0,Grand Total,,,0,0,,,,,
50,Sat,2026-12-12 00:00:00,Converting ,Slitter,,,,,,,,,,0,0,Grand Total,,,0,0,,,,,
50,Sun,2026-12-13 00:00:00,Converting ,Slitter,,,,,,,,,,0,0,Grand Total,,,0,0,,,,,
51,Mon,2026-12-14 00:00:00,Converting ,Slitter,,,,,,,,,,0,0,Grand Total,,,0,0,,,,,
51,Tue,2026-12-15 00:00:00,Converting ,Slitter,,,,,,,,,,0,0,Grand Total,,,0,0,,,,,
51,Wed,2026-12-16 00:00:00,Converting ,Slitter,,,,,,,,,,0,0,Grand Total,,,0,0,,,,,
51,Thu,2026-12-17 00:00:00,Converting ,Slitter,,,,,,,,,,0,0,Grand Total,,,0,0,,,,,
51,Fri,2026-12-18 00:00:00,Converting ,Slitter,,,,,,,,,,0,0,Grand Total,,,0,0,,,,,
51,Sat,2026-12-19 00:00:00,Converting ,Slitter,,,,,,,,,,0,0,Grand Total,,,0,0,,,,,
51,Sun,2026-12-20 00:00:00,Converting ,Slitter,,,,,,,,,,0,0,Grand Total,,,0,0,,,,,
52,Mon,2026-12-21 00:00:00,Converting ,Slitter,,,,,,,,,,0,0,Grand Total,,,0,0,,,,,
52,Tue,2026-12-22 00:00:00,Converting ,Slitter,,,,,,,,,,0,0,Grand Total,,,0,0,,,,,
52,Wed,2026-12-23 00:00:00,Converting ,Slitter,,,,,,,,,,0,0,Grand Total,,,0,0,,,,,
52,Thu,2026-12-24 00:00:00,Converting ,Slitter,,,,,,,,,,0,0,Grand Total,,,0,0,,,,,
52,Fri,2026-12-25 00:00:00,Converting ,Slitter,,,,,,,,,,0,0,Grand Total,,,0,0,,,,,
52,Sat,2026-12-26 00:00:00,Converting ,Slitter,,,,,,,,,,0,0,Grand Total,,,0,0,,,,,
52,Sun,2026-12-27 00:00:00,Converting ,Slitter,,,,,,,,,,0,0,Grand Total,,,0,0,,,,,
53,Mon,2026-12-28 00:00:00,Converting ,Slitter,,,,,,,,,,0,0,Grand Total,,,0,0,,,,,
53,Tue,2026-12-29 00:00:00,Converting ,Slitter,,,,,,,,,,0,0,Grand Total,,,0,0,,,,,
53,Wed,2026-12-30 00:00:00,Converting ,Slitter,,,,,,,,,,0,0,Grand Total,,,0,0,,,,,
53,Thu,2026-12-31 00:00:00,Converting ,Slitter,,,,,,,,,,0,0,Grand Total,,,0,0,,,,,
1,Thu,2026-01-01 00:00:00,Converting ,Impulse Sealer 1,,,,,,,,,,0,0,Grand Total,,,0,0,,,,,
1,Fri,2026-01-02 00:00:00,Converting ,Impulse Sealer 1,,,,,,,,,,0,0,Grand Total,,,0,0,,,,,
1,Tue,2023-01-03 00:00:00,Converting ,Impulse Sealer 1,,,,,,,,,,0,0,Grand Total,,,0,0,,,,,
1,Sun,2026-01-04 00:00:00,Converting ,Impulse Sealer 1,,,,,,,,,,0,0,Grand Total,,,0,0,,,,,
2,Mon,2026-01-05 00:00:00,Converting ,Impulse Sealer 1,,,,,,,,,,0,0,Grand Total,,,0,0,,,,,
2,Tue,2026-01-06 00:00:00,Converting ,Impulse Sealer 1,,,,,,,,,,0,0,Grand Total,,,0,0,,,,,
2,Wed,2026-01-07 00:00:00,Converting ,Impulse Sealer 1,,,,,,,,,,0,0,Grand Total,,,0,0,,,,,
2,Thu,2026-01-08 00:00:00,Converting ,Impulse Sealer 1,,,,,,,,,,0,0,Grand Total,,,0,0,,,,,
2,Fri,2026-01-09 00:00:00,Converting ,Impulse Sealer 1,,,,,,,,,,0,0,Grand Total,,,0,0,,,,,
2,Sat,2026-01-10 00:00:00,Converting ,Impulse Sealer 1,,,,,,,,,,0,0,Grand Total,,,0,0,,,,,
2,Sun,2026-01-11 00:00:00,Converting ,Impulse Sealer 1,,,,,,,,,,0,0,Grand Total,,,0,0,,,,,
3,Mon,2026-01-12 00:00:00,Converting ,Impulse Sealer 1,,,,,,,,,,0,0,Grand Total,,,0,0,,,,,
3,Tue,2026-01-13 00:00:00,Converting ,Impulse Sealer 1,,,,,,,,,,0,0,Grand Total,,,0,0,,,,,
3,Wed,2026-01-14 00:00:00,Converting ,Impulse Sealer 1,,,,,,,,,,0,0,Grand Total,,,0,0,,,,,
3,Thu,2026-01-15 00:00:00,Converting ,Impulse Sealer 1,,,,,,,,,,0,0,Grand Total,,,0,0,,,,,
3,Fri,2026-01-16 00:00:00,Converting ,Impulse Sealer 1,,,,,,,,,,0,0,Grand Total,,,0,0,,,,,
3,Sat,2026-01-17 00:00:00,Converting ,Impulse Sealer 1,,,,,,,,,,0,0,Grand Total,,,0,0,,,,,
3,Sun,2026-01-18 00:00:00,Converting ,Impulse Sealer 1,,,,,,,,,,0,0,Grand Total,,,0,0,,,,,
4,Mon,2026-01-19 00:00:00,Converting ,Impulse Sealer 1,,,,,,,,,,0,0,Grand Total,,,0,0,,,,,
4,Tue,2026-01-20 00:00:00,Converting ,Impulse Sealer 1,,,,,,,,,,0,0,Grand Total,,,0,0,,,,,
4,Wed,2026-01-21 00:00:00,Converting ,Impulse Sealer 1,,,,,,,,,,0,0,Grand Total,,,0,0,,,,,
4,Thu,2026-01-22 00:00:00,Converting ,Impulse Sealer 1,,,,,,,,,,0,0,Grand Total,,,0,0,,,,,
4,Fri,2026-01-23 00:00:00,Converting ,Impulse Sealer 1,,,,,,,,,,0,0,Grand Total,,,0,0,,,,,
4,Sat,2026-01-24 00:00:00,Converting ,Impulse Sealer 1,,,,,,,,,,0,0,Grand Total,,,0,0,,,,,
4,Sun,2026-01-25 00:00:00,Converting ,Impulse Sealer 1,,,,,,,,,,0,0,Grand Total,,,0,0,,,,,
5,Mon,2026-01-26 00:00:00,Converting ,Impulse Sealer 1,,,,,,,,,,0,0,Grand Total,,,0,0,,,,,
5,Tue,2026-01-27 00:00:00,Converting ,Impulse Sealer 1,,,,,,,,,,0,0,Grand Total,,,0,0,,,,,
5,Wed,2026-01-28 00:00:00,Converting ,Impulse Sealer 1,,,,,,,,,,0,0,Grand Total,,,0,0,,,,,
5,Thu,2026-01-29 00:00:00,Converting ,Impulse Sealer 1,,,,,,,,,,0,0,Grand Total,,,0,0,,,,,
5,Fri,2026-01-30 00:00:00,Converting ,Impulse Sealer 1,,,,,,,,,,0,0,Grand Total,,,0,0,,,,,
5,Sat,2026-01-31 00:00:00,Converting ,Impulse Sealer 1,,,,,,,,,,0,0,Grand Total,,,0,0,,,,,
5,Sun,2026-02-01 00:00:00,Converting ,Impulse Sealer 1,,,,,,,,,,0,0,Grand Total,,,0,0,,,,,
6,Mon,2026-02-02 00:00:00,Converting ,Impulse Sealer 1,Yes,Pre-Sterile ,4152,54388,,14,1200,80,CS,6965.599999999999,1232.7096799999993,Grand Total,15,65,5659.549999999999,1001.5766149999994,,,,,
6,Tue,2026-02-03 00:00:00,Converting ,Impulse Sealer 1,Yes,Pre-Sterile ,4152,54388,,14,1200,80,CS,6965.599999999999,1232.7096799999993,Grand Total,25,108,9403.56,1664.158067999999,,,"004161 ETA 12/17, 000770 1/5, 004170 1/28. Update 4-Feb: ETA 4-Feb",,
6,Wed,2026-02-04 00:00:00,Converting ,Impulse Sealer 1,Yes,Pre-Sterile ,4152,54388,,14,1200,80,CS,6965.599999999999,1232.7096799999993,Grand Total,88,347,30213.289999999997,5346.878236999997,,,,,
6,Thu,2026-02-05 00:00:00,Converting ,Impulse Sealer 1,Yes,Pre-Sterile ,4152,54388,,14,1200,80,CS,6965.599999999999,1232.7096799999993,Grand Total,35,60,5224.2,924.5322599999995,,,,,
6,Fri,2026-02-06 00:00:00,Converting ,Impulse Sealer 1,Yes,Pre-Sterile ,4152,54388,,14,1200,80,CS,6965.599999999999,1232.7096799999993,Grand Total,38,45,3918.1499999999996,693.3991949999996,,,,,
6,Sat,2026-02-07 00:00:00,Converting ,Impulse Sealer 1,,,,,,,,,,0,0,Grand Total,,,0,0,,,,,
6,Sun,2026-02-08 00:00:00,Converting ,Impulse Sealer 1,,,,,,,,,,0,0,Grand Total,,,0,0,,,,,
7,Mon,2026-02-09 00:00:00,Converting ,Impulse Sealer 1,Yes,Pre-Sterile ,4152,54388,,14,1200,80,CS,6965.599999999999,1232.7096799999993,Grand Total,35,111,9664.769999999999,1710.3846809999989,,,,,
7,Tue,2026-02-10 00:00:00,Converting ,Impulse Sealer 1,Yes,Pre-Sterile ,4152,54388,,14,1200,80,CS,6965.599999999999,1232.7096799999993,Grand Total,130,484,42141.88,7457.893563999995,,,,,
7,Wed,2026-02-11 00:00:00,Converting ,Impulse Sealer 1,Yes,Pre-Sterile ,4152,54388,,14,1200,80,CS,6965.599999999999,1232.7096799999993,Grand Total,,,0,0,,,,,
7,Thu,2026-02-12 00:00:00,Converting ,Impulse Sealer 1,Yes,Pre-Sterile ,4152,54388,,14,1200,80,CS,6965.599999999999,1232.7096799999993,Grand Total,,,0,0,,,,,
7,Fri,2026-02-13 00:00:00,Converting ,Impulse Sealer 1,Yes,Pre-Sterile ,4152,54388,,14,1200,80,CS,6965.599999999999,1232.7096799999993,Grand Total,,,0,0,,,,,
7,Sat,2026-02-14 00:00:00,Converting ,Impulse Sealer 1,,,,,,,,,,0,0,Grand Total,,,0,0,,,,,
7,Sun,2026-02-15 00:00:00,Converting ,Impulse Sealer 1,,,,,,,,,,0,0,Grand Total,,,0,0,,,,,
8,Mon,2026-02-16 00:00:00,Converting ,Impulse Sealer 1,Yes,Pre-Sterile ,4152,54388,,14,1200,80,CS,6965.599999999999,1232.7096799999993,Grand Total,,,0,0,,,,,
8,Tue,2026-02-17 00:00:00,Converting ,Impulse Sealer 1,Yes,Pre-Sterile ,4152,54388,,14,1200,80,CS,6965.599999999999,1232.7096799999993,Grand Total,,,0,0,,,,,
8,Wed,2026-02-18 00:00:00,Converting ,Impulse Sealer 1,Yes,Pre-Sterile ,4152,54388,,14,1200,80,CS,6965.599999999999,1232.7096799999993,Grand Total,,,0,0,,,,,
8,Thu,2026-02-19 00:00:00,Converting ,Impulse Sealer 1,Yes,Pre-Sterile ,4152,54388,,14,1200,80,CS,6965.599999999999,1232.7096799999993,Grand Total,,,0,0,,,,,
8,Fri,2026-02-20 00:00:00,Converting ,Impulse Sealer 1,Yes,Pre-Sterile ,4152,54388,,14,1200,80,CS,6965.599999999999,1232.7096799999993,Grand Total,,,0,0,,,,,
8,Sat,2026-02-21 00:00:00,Converting ,Impulse Sealer 1,,,,,,,,,,0,0,Grand Total,,,0,0,,,,,
8,Sun,2026-02-22 00:00:00,Converting ,Impulse Sealer 1,,,,,,,,,,0,0,Grand Total,,,0,0,,,,,
9,Mon,2026-02-23 00:00:00,Converting ,Impulse Sealer 1,,,,,,,,,,0,0,Grand Total,,,0,0,,,,,
9,Tue,2026-02-24 00:00:00,Converting ,Impulse Sealer 1,,,,,,,,,,0,0,Grand Total,,,0,0,,,,,
9,Wed,2026-02-25 00:00:00,Converting ,Impulse Sealer 1,,,,,,,,,,0,0,Grand Total,,,0,0,,,,,
9,Thu,2026-02-26 00:00:00,Converting ,Impulse Sealer 1,,,,,,,,,,0,0,Grand Total,,,0,0,,,,,
9,Fri,2026-02-27 00:00:00,Converting ,Impulse Sealer 1,,,,,,,,,,0,0,Grand Total,,,0,0,,,,,
9,Sat,2026-02-28 00:00:00,Converting ,Impulse Sealer 1,,,,,,,,,,0,0,Grand Total,,,0,0,,,,,
9,Sun,2026-03-01 00:00:00,Converting ,Impulse Sealer 1,,,,,,,,,,0,0,Grand Total,,,0,0,,,,,
10,Mon,2026-03-02 00:00:00,Converting ,Impulse Sealer 1,,,,,,,,,,0,0,Grand Total,,,0,0,,,,,
10,Tue,2026-03-03 00:00:00,Converting ,Impulse Sealer 1,,,,,,,,,,0,0,Grand Total,,,0,0,,,,,
10,Wed,2026-03-04 00:00:00,Converting ,Impulse Sealer 1,,,,,,,,,,0,0,Grand Total,,,0,0,,,,,
10,Thu,2026-03-05 00:00:00,Converting ,Impulse Sealer 1,,,,,,,,,,0,0,Grand Total,,,0,0,,,,,
10,Fri,2026-03-06 00:00:00,Converting ,Impulse Sealer 1,,,,,,,,,,0,0,Grand Total,,,0,0,,,,,
10,Sat,2026-03-07 00:00:00,Converting ,Impulse Sealer 1,,,,,,,,,,0,0,Grand Total,,,0,0,,,,,
10,Sun,2026-03-08 00:00:00,Converting ,Impulse Sealer 1,,,,,,,,,,0,0,Grand Total,,,0,0,,,,,
11,Mon,2026-03-09 00:00:00,Converting ,Impulse Sealer 1,,,,,,,,,,0,0,Grand Total,,,0,0,,,,,
11,Tue,2026-03-10 00:00:00,Converting ,Impulse Sealer 1,,,,,,,,,,0,0,Grand Total,,,0,0,,,,,
11,Wed,2026-03-11 00:00:00,Converting ,Impulse Sealer 1,,,,,,,,,,0,0,Grand Total,,,0,0,,,,,
11,Thu,2026-03-12 00:00:00,Converting ,Impulse Sealer 1,,,,,,,,,,0,0,Grand Total,,,0,0,,,,,
11,Fri,2026-03-13 00:00:00,Converting ,Impulse Sealer 1,,,,,,,,,,0,0,Grand Total,,,0,0,,,,,
11,Sat,2026-03-14 00:00:00,Converting ,Impulse Sealer 1,,,,,,,,,,0,0,Grand Total,,,0,0,,,,,
11,Sun,2026-03-15 00:00:00,Converting ,Impulse Sealer 1,,,,,,,,,,0,0,Grand Total,,,0,0,,,,,
12,Mon,2026-03-16 00:00:00,Converting ,Impulse Sealer 1,,,,,,,,,,0,0,Grand Total,,,0,0,,,,,
12,Tue,2026-03-17 00:00:00,Converting ,Impulse Sealer 1,,,,,,,,,,0,0,Grand Total,,,0,0,,,,,
12,Wed,2026-03-18 00:00:00,Converting ,Impulse Sealer 1,,,,,,,,,,0,0,Grand Total,,,0,0,,,,,
12,Thu,2026-03-19 00:00:00,Converting ,Impulse Sealer 1,,,,,,,,,,0,0,Grand Total,,,0,0,,,,,
12,Fri,2026-03-20 00:00:00,Converting ,Impulse Sealer 1,,,,,,,,,,0,0,Grand Total,,,0,0,,,,,
12,Sat,2026-03-21 00:00:00,Converting ,Impulse Sealer 1,,,,,,,,,,0,0,Grand Total,,,0,0,,,,,
12,Sun,2026-03-22 00:00:00,Converting ,Impulse Sealer 1,,,,,,,,,,0,0,Grand Total,,,0,0,,,,,
13,Mon,2026-03-23 00:00:00,Converting ,Impulse Sealer 1,,,,,,,,,,0,0,Grand Total,,,0,0,,,,,
13,Tue,2026-03-24 00:00:00,Converting ,Impulse Sealer 1,,,,,,,,,,0,0,Grand Total,,,0,0,,,,,
13,Wed,2026-03-25 00:00:00,Converting ,Impulse Sealer 1,,,,,,,,,,0,0,Grand Total,,,0,0,,,,,
13,Thu,2026-03-26 00:00:00,Converting ,Impulse Sealer 1,,,,,,,,,,0,0,Grand Total,,,0,0,,,,,
13,Fri,2026-03-27 00:00:00,Converting ,Impulse Sealer 1,,,,,,,,,,0,0,Grand Total,,,0,0,,,,,
13,Sat,2026-03-28 00:00:00,Converting ,Impulse Sealer 1,,,,,,,,,,0,0,Grand Total,,,0,0,,,,,
13,Sun,2026-03-29 00:00:00,Converting ,Impulse Sealer 1,,,,,,,,,,0,0,Grand Total,,,0,0,,,,,
14,Mon,2026-03-30 00:00:00,Converting ,Impulse Sealer 1,,,,,,,,,,0,0,Grand Total,,,0,0,,,,,
14,Tue,2026-03-31 00:00:00,Converting ,Impulse Sealer 1,,,,,,,,,,0,0,Grand Total,,,0,0,,,,,
14,Wed,2026-04-01 00:00:00,Converting ,Impulse Sealer 1,,,,,,,,,,0,0,Grand Total,,,0,0,,,,,
14,Thu,2026-04-02 00:00:00,Converting ,Impulse Sealer 1,,,,,,,,,,0,0,Grand Total,,,0,0,,,,,
14,Fri,2026-04-03 00:00:00,Converting ,Impulse Sealer 1,,,,,,,,,,0,0,Grand Total,,,0,0,,,,,
14,Sat,2026-04-04 00:00:00,Converting ,Impulse Sealer 1,,,,,,,,,,0,0,Grand Total,,,0,0,,,,,
14,Sun,2026-04-05 00:00:00,Converting ,Impulse Sealer 1,,,,,,,,,,0,0,Grand Total,,,0,0,,,,,
15,Mon,2026-04-06 00:00:00,Converting ,Impulse Sealer 1,,,,,,,,,,0,0,Grand Total,,,0,0,,,,,
15,Tue,2026-04-07 00:00:00,Converting ,Impulse Sealer 1,,,,,,,,,,0,0,Grand Total,,,0,0,,,,,
15,Wed,2026-04-08 00:00:00,Converting ,Impulse Sealer 1,,,,,,,,,,0,0,Grand Total,,,0,0,,,,,
15,Thu,2026-04-09 00:00:00,Converting ,Impulse Sealer 1,,,,,,,,,,0,0,Grand Total,,,0,0,,,,,
15,Fri,2026-04-10 00:00:00,Converting ,Impulse Sealer 1,,,,,,,,,,0,0,Grand Total,,,0,0,,,,,
15,Sat,2026-04-11 00:00:00,Converting ,Impulse Sealer 1,,,,,,,,,,0,0,Grand Total,,,0,0,,,,,
15,Sun,2026-04-12 00:00:00,Converting ,Impulse Sealer 1,,,,,,,,,,0,0,Grand Total,,,0,0,,,,,
16,Mon,2026-04-13 00:00:00,Converting ,Impulse Sealer 1,,,,,,,,,,0,0,Grand Total,,,0,0,,,,,
16,Tue,2026-04-14 00:00:00,Converting ,Impulse Sealer 1,,,,,,,,,,0,0,Grand Total,,,0,0,,,,,
16,Wed,2026-04-15 00:00:00,Converting ,Impulse Sealer 1,,,,,,,,,,0,0,Grand Total,,,0,0,,,,,
16,Thu,2026-04-16 00:00:00,Converting ,Impulse Sealer 1,,,,,,,,,,0,0,Grand Total,,,0,0,,,,,
16,Fri,2026-04-17 00:00:00,Converting ,Impulse Sealer 1,,,,,,,,,,0,0,Grand Total,,,0,0,,,,,
16,Sat,2026-04-18 00:00:00,Converting ,Impulse Sealer 1,,,,,,,,,,0,0,Grand Total,,,0,0,,,,,
16,Sun,2026-04-19 00:00:00,Converting ,Impulse Sealer 1,,,,,,,,,,0,0,Grand Total,,,0,0,,,,,
17,Mon,2026-04-20 00:00:00,Converting ,Impulse Sealer 1,,,,,,,,,,0,0,Grand Total,,,0,0,,,,,
17,Tue,2026-04-21 00:00:00,Converting ,Impulse Sealer 1,,,,,,,,,,0,0,Grand Total,,,0,0,,,,,
17,Wed,2026-04-22 00:00:00,Converting ,Impulse Sealer 1,,,,,,,,,,0,0,Grand Total,,,0,0,,,,,
17,Thu,2026-04-23 00:00:00,Converting ,Impulse Sealer 1,,,,,,,,,,0,0,Grand Total,,,0,0,,,,,
17,Fri,2026-04-24 00:00:00,Converting ,Impulse Sealer 1,,,,,,,,,,0,0,Grand Total,,,0,0,,,,,
17,Sat,2026-04-25 00:00:00,Converting ,Impulse Sealer 1,,,,,,,,,,0,0,Grand Total,,,0,0,,,,,
17,Sun,2026-04-26 00:00:00,Converting ,Impulse Sealer 1,,,,,,,,,,0,0,Grand Total,,,0,0,,,,,
18,Mon,2026-04-27 00:00:00,Converting ,Impulse Sealer 1,,,,,,,,,,0,0,Grand Total,,,0,0,,,,,
18,Tue,2026-04-28 00:00:00,Converting ,Impulse Sealer 1,,,,,,,,,,0,0,Grand Total,,,0,0,,,,,
18,Wed,2026-04-29 00:00:00,Converting ,Impulse Sealer 1,,,,,,,,,,0,0,Grand Total,,,0,0,,,,,
18,Thu,2026-04-30 00:00:00,Converting ,Impulse Sealer 1,,,,,,,,,,0,0,Grand Total,,,0,0,,,,,
18,Fri,2026-05-01 00:00:00,Converting ,Impulse Sealer 1,,,,,,,,,,0,0,Grand Total,,,0,0,,,,,
18,Sat,2026-05-02 00:00:00,Converting ,Impulse Sealer 1,,,,,,,,,,0,0,Grand Total,,,0,0,,,,,
18,Sun,2026-05-03 00:00:00,Converting ,Impulse Sealer 1,,,,,,,,,,0,0,Grand Total,,,0,0,,,,,
19,Mon,2026-05-04 00:00:00,Converting ,Impulse Sealer 1,,,,,,,,,,0,0,Grand Total,,,0,0,,,,,
19,Tue,2026-05-05 00:00:00,Converting ,Impulse Sealer 1,,,,,,,,,,0,0,Grand Total,,,0,0,,,,,
19,Wed,2026-05-06 00:00:00,Converting ,Impulse Sealer 1,,,,,,,,,,0,0,Grand Total,,,0,0,,,,,
19,Thu,2026-05-07 00:00:00,Converting ,Impulse Sealer 1,,,,,,,,,,0,0,Grand Total,,,0,0,,,,,
19,Fri,2026-05-08 00:00:00,Converting ,Impulse Sealer 1,,,,,,,,,,0,0,Grand Total,,,0,0,,,,,
19,Sat,2026-05-09 00:00:00,Converting ,Impulse Sealer 1,,,,,,,,,,0,0,Grand Total,,,0,0,,,,,
19,Sun,2026-05-10 00:00:00,Converting ,Impulse Sealer 1,,,,,,,,,,0,0,Grand Total,,,0,0,,,,,
20,Mon,2026-05-11 00:00:00,Converting ,Impulse Sealer 1,,,,,,,,,,0,0,Grand Total,,,0,0,,,,,
20,Tue,2026-05-12 00:00:00,Converting ,Impulse Sealer 1,,,,,,,,,,0,0,Grand Total,,,0,0,,,,,
20,Wed,2026-05-13 00:00:00,Converting ,Impulse Sealer 1,,,,,,,,,,0,0,Grand Total,,,0,0,,,,,
20,Thu,2026-05-14 00:00:00,Converting ,Impulse Sealer 1,,,,,,,,,,0,0,Grand Total,,,0,0,,,,,
20,Fri,2026-05-15 00:00:00,Converting ,Impulse Sealer 1,,,,,,,,,,0,0,Grand Total,,,0,0,,,,,
20,Sat,2026-05-16 00:00:00,Converting ,Impulse Sealer 1,,,,,,,,,,0,0,Grand Total,,,0,0,,,,,
20,Sun,2026-05-17 00:00:00,Converting ,Impulse Sealer 1,,,,,,,,,,0,0,Grand Total,,,0,0,,,,,
21,Mon,2026-05-18 00:00:00,Converting ,Impulse Sealer 1,,,,,,,,,,0,0,Grand Total,,,0,0,,,,,
21,Tue,2026-05-19 00:00:00,Converting ,Impulse Sealer 1,,,,,,,,,,0,0,Grand Total,,,0,0,,,,,
21,Wed,2026-05-20 00:00:00,Converting ,Impulse Sealer 1,,,,,,,,,,0,0,Grand Total,,,0,0,,,,,
21,Thu,2026-05-21 00:00:00,Converting ,Impulse Sealer 1,,,,,,,,,,0,0,Grand Total,,,0,0,,,,,
21,Fri,2026-05-22 00:00:00,Converting ,Impulse Sealer 1,,,,,,,,,,0,0,Grand Total,,,0,0,,,,,
21,Sat,2026-05-23 00:00:00,Converting ,Impulse Sealer 1,,,,,,,,,,0,0,Grand Total,,,0,0,,,,,
21,Sun,2026-05-24 00:00:00,Converting ,Impulse Sealer 1,,,,,,,,,,0,0,Grand Total,,,0,0,,,,,
22,Mon,2026-05-25 00:00:00,Converting ,Impulse Sealer 1,,,,,,,,,,0,0,Grand Total,,,0,0,,,,,
22,Tue,2026-05-26 00:00:00,Converting ,Impulse Sealer 1,,,,,,,,,,0,0,Grand Total,,,0,0,,,,,
22,Wed,2026-05-27 00:00:00,Converting ,Impulse Sealer 1,,,,,,,,,,0,0,Grand Total,,,0,0,,,,,
22,Thu,2026-05-28 00:00:00,Converting ,Impulse Sealer 1,,,,,,,,,,0,0,Grand Total,,,0,0,,,,,
22,Fri,2026-05-29 00:00:00,Converting ,Impulse Sealer 1,,,,,,,,,,0,0,Grand Total,,,0,0,,,,,
22,Sat,2026-05-30 00:00:00,Converting ,Impulse Sealer 1,,,,,,,,,,0,0,Grand Total,,,0,0,,,,,
22,Sun,2026-05-31 00:00:00,Converting ,Impulse Sealer 1,,,,,,,,,,0,0,Grand Total,,,0,0,,,,,
23,Mon,2026-06-01 00:00:00,Converting ,Impulse Sealer 1,,,,,,,,,,0,0,Grand Total,,,0,0,,,,,
23,Tue,2026-06-02 00:00:00,Converting ,Impulse Sealer 1,,,,,,,,,,0,0,Grand Total,,,0,0,,,,,
23,Wed,2026-06-03 00:00:00,Converting ,Impulse Sealer 1,,,,,,,,,,0,0,Grand Total,,,0,0,,,,,
23,Thu,2026-06-04 00:00:00,Converting ,Impulse Sealer 1,,,,,,,,,,0,0,Grand Total,,,0,0,,,,,
23,Fri,2026-06-05 00:00:00,Converting ,Impulse Sealer 1,,,,,,,,,,0,0,Grand Total,,,0,0,,,,,
23,Sat,2026-06-06 00:00:00,Converting ,Impulse Sealer 1,,,,,,,,,,0,0,Grand Total,,,0,0,,,,,
23,Sun,2026-06-07 00:00:00,Converting ,Impulse Sealer 1,,,,,,,,,,0,0,Grand Total,,,0,0,,,,,
24,Mon,2026-06-08 00:00:00,Converting ,Impulse Sealer 1,,,,,,,,,,0,0,Grand Total,,,0,0,,,,,
24,Tue,2026-06-09 00:00:00,Converting ,Impulse Sealer 1,,,,,,,,,,0,0,Grand Total,,,0,0,,,,,
24,Wed,2026-06-10 00:00:00,Converting ,Impulse Sealer 1,,,,,,,,,,0,0,Grand Total,,,0,0,,,,,
24,Thu,2026-06-11 00:00:00,Converting ,Impulse Sealer 1,,,,,,,,,,0,0,Grand Total,,,0,0,,,,,
24,Fri,2026-06-12 00:00:00,Converting ,Impulse Sealer 1,,,,,,,,,,0,0,Grand Total,,,0,0,,,,,
24,Sat,2026-06-13 00:00:00,Converting ,Impulse Sealer 1,,,,,,,,,,0,0,Grand Total,,,0,0,,,,,
24,Sun,2026-06-14 00:00:00,Converting ,Impulse Sealer 1,,,,,,,,,,0,0,Grand Total,,,0,0,,,,,
25,Mon,2026-06-15 00:00:00,Converting ,Impulse Sealer 1,,,,,,,,,,0,0,Grand Total,,,0,0,,,,,
25,Tue,2026-06-16 00:00:00,Converting ,Impulse Sealer 1,,,,,,,,,,0,0,Grand Total,,,0,0,,,,,
25,Wed,2026-06-17 00:00:00,Converting ,Impulse Sealer 1,,,,,,,,,,0,0,Grand Total,,,0,0,,,,,
25,Thu,2026-06-18 00:00:00,Converting ,Impulse Sealer 1,,,,,,,,,,0,0,Grand Total,,,0,0,,,,,
25,Fri,2026-06-19 00:00:00,Converting ,Impulse Sealer 1,,,,,,,,,,0,0,Grand Total,,,0,0,,,,,
25,Sat,2026-06-20 00:00:00,Converting ,Impulse Sealer 1,,,,,,,,,,0,0,Grand Total,,,0,0,,,,,
25,Sun,2026-06-21 00:00:00,Converting ,Impulse Sealer 1,,,,,,,,,,0,0,Grand Total,,,0,0,,,,,
26,Mon,2026-06-22 00:00:00,Converting ,Impulse Sealer 1,,,,,,,,,,0,0,Grand Total,,,0,0,,,,,
26,Tue,2026-06-23 00:00:00,Converting ,Impulse Sealer 1,,,,,,,,,,0,0,Grand Total,,,0,0,,,,,
26,Wed,2026-06-24 00:00:00,Converting ,Impulse Sealer 1,,,,,,,,,,0,0,Grand Total,,,0,0,,,,,
26,Thu,2026-06-25 00:00:00,Converting ,Impulse Sealer 1,,,,,,,,,,0,0,Grand Total,,,0,0,,,,,
26,Fri,2026-06-26 00:00:00,Converting ,Impulse Sealer 1,,,,,,,,,,0,0,Grand Total,,,0,0,,,,,
26,Sat,2026-06-27 00:00:00,Converting ,Impulse Sealer 1,,,,,,,,,,0,0,Grand Total,,,0,0,,,,,
26,Sun,2026-06-28 00:00:00,Converting ,Impulse Sealer 1,,,,,,,,,,0,0,Grand Total,,,0,0,,,,,
27,Mon,2026-06-29 00:00:00,Converting ,Impulse Sealer 1,,,,,,,,,,0,0,Grand Total,,,0,0,,,,,
27,Tue,2026-06-30 00:00:00,Converting ,Impulse Sealer 1,,,,,,,,,,0,0,Grand Total,,,0,0,,,,,
27,Wed,2026-07-01 00:00:00,Converting ,Impulse Sealer 1,,,,,,,,,,0,0,Grand Total,,,0,0,,,,,
27,Thu,2026-07-02 00:00:00,Converting ,Impulse Sealer 1,,,,,,,,,,0,0,Grand Total,,,0,0,,,,,
27,Fri,2026-07-03 00:00:00,Converting ,Impulse Sealer 1,,,,,,,,,,0,0,Grand Total,,,0,0,,,,,
27,Sat,2026-07-04 00:00:00,Converting ,Impulse Sealer 1,,,,,,,,,,0,0,Grand Total,,,0,0,,,,,
27,Sun,2026-07-05 00:00:00,Converting ,Impulse Sealer 1,,,,,,,,,,0,0,Grand Total,,,0,0,,,,,
28,Mon,2026-07-06 00:00:00,Converting ,Impulse Sealer 1,,,,,,,,,,0,0,Grand Total,,,0,0,,,,,
28,Tue,2026-07-07 00:00:00,Converting ,Impulse Sealer 1,,,,,,,,,,0,0,Grand Total,,,0,0,,,,,
28,Wed,2026-07-08 00:00:00,Converting ,Impulse Sealer 1,,,,,,,,,,0,0,Grand Total,,,0,0,,,,,
28,Thu,2026-07-09 00:00:00,Converting ,Impulse Sealer 1,,,,,,,,,,0,0,Grand Total,,,0,0,,,,,
28,Fri,2026-07-10 00:00:00,Converting ,Impulse Sealer 1,,,,,,,,,,0,0,Grand Total,,,0,0,,,,,
28,Sat,2026-07-11 00:00:00,Converting ,Impulse Sealer 1,,,,,,,,,,0,0,Grand Total,,,0,0,,,,,
28,Sun,2026-07-12 00:00:00,Converting ,Impulse Sealer 1,,,,,,,,,,0,0,Grand Total,,,0,0,,,,,
29,Mon,2026-07-13 00:00:00,Converting ,Impulse Sealer 1,,,,,,,,,,0,0,Grand Total,,,0,0,,,,,
29,Tue,2026-07-14 00:00:00,Converting ,Impulse Sealer 1,,,,,,,,,,0,0,Grand Total,,,0,0,,,,,
29,Wed,2026-07-15 00:00:00,Converting ,Impulse Sealer 1,,,,,,,,,,0,0,Grand Total,,,0,0,,,,,
29,Thu,2026-07-16 00:00:00,Converting ,Impulse Sealer 1,,,,,,,,,,0,0,Grand Total,,,0,0,,,,,
29,Fri,2026-07-17 00:00:00,Converting ,Impulse Sealer 1,,,,,,,,,,0,0,Grand Total,,,0,0,,,,,
29,Sat,2026-07-18 00:00:00,Converting ,Impulse Sealer 1,,,,,,,,,,0,0,Grand Total,,,0,0,,,,,
29,Sun,2026-07-19 00:00:00,Converting ,Impulse Sealer 1,,,,,,,,,,0,0,Grand Total,,,0,0,,,,,
30,Mon,2026-07-20 00:00:00,Converting ,Impulse Sealer 1,,,,,,,,,,0,0,Grand Total,,,0,0,,,,,
30,Tue,2026-07-21 00:00:00,Converting ,Impulse Sealer 1,,,,,,,,,,0,0,Grand Total,,,0,0,,,,,
30,Wed,2026-07-22 00:00:00,Converting ,Impulse Sealer 1,,,,,,,,,,0,0,Grand Total,,,0,0,,,,,
30,Thu,2026-07-23 00:00:00,Converting ,Impulse Sealer 1,,,,,,,,,,0,0,Grand Total,,,0,0,,,,,
30,Fri,2026-07-24 00:00:00,Converting ,Impulse Sealer 1,,,,,,,,,,0,0,Grand Total,,,0,0,,,,,
30,Sat,2026-07-25 00:00:00,Converting ,Impulse Sealer 1,,,,,,,,,,0,0,Grand Total,,,0,0,,,,,
30,Sun,2026-07-26 00:00:00,Converting ,Impulse Sealer 1,,,,,,,,,,0,0,Grand Total,,,0,0,,,,,
31,Mon,2026-07-27 00:00:00,Converting ,Impulse Sealer 1,,,,,,,,,,0,0,Grand Total,,,0,0,,,,,
31,Tue,2026-07-28 00:00:00,Converting ,Impulse Sealer 1,,,,,,,,,,0,0,Grand Total,,,0,0,,,,,
31,Wed,2026-07-29 00:00:00,Converting ,Impulse Sealer 1,,,,,,,,,,0,0,Grand Total,,,0,0,,,,,
31,Thu,2026-07-30 00:00:00,Converting ,Impulse Sealer 1,,,,,,,,,,0,0,Grand Total,,,0,0,,,,,
31,Fri,2026-07-31 00:00:00,Converting ,Impulse Sealer 1,,,,,,,,,,0,0,Grand Total,,,0,0,,,,,
31,Sat,2026-08-01 00:00:00,Converting ,Impulse Sealer 1,,,,,,,,,,0,0,Grand Total,,,0,0,,,,,
31,Sun,2026-08-02 00:00:00,Converting ,Impulse Sealer 1,,,,,,,,,,0,0,Grand Total,,,0,0,,,,,
32,Mon,2026-08-03 00:00:00,Converting ,Impulse Sealer 1,,,,,,,,,,0,0,Grand Total,,,0,0,,,,,
32,Tue,2026-08-04 00:00:00,Converting ,Impulse Sealer 1,,,,,,,,,,0,0,Grand Total,,,0,0,,,,,
32,Wed,2026-08-05 00:00:00,Converting ,Impulse Sealer 1,,,,,,,,,,0,0,Grand Total,,,0,0,,,,,
32,Thu,2026-08-06 00:00:00,Converting ,Impulse Sealer 1,,,,,,,,,,0,0,Grand Total,,,0,0,,,,,
32,Fri,2026-08-07 00:00:00,Converting ,Impulse Sealer 1,,,,,,,,,,0,0,Grand Total,,,0,0,,,,,
32,Sat,2026-08-08 00:00:00,Converting ,Impulse Sealer 1,,,,,,,,,,0,0,Grand Total,,,0,0,,,,,
32,Sun,2026-08-09 00:00:00,Converting ,Impulse Sealer 1,,,,,,,,,,0,0,Grand Total,,,0,0,,,,,
33,Mon,2026-08-10 00:00:00,Converting ,Impulse Sealer 1,,,,,,,,,,0,0,Grand Total,,,0,0,,,,,
33,Tue,2026-08-11 00:00:00,Converting ,Impulse Sealer 1,,,,,,,,,,0,0,Grand Total,,,0,0,,,,,
33,Wed,2026-08-12 00:00:00,Converting ,Impulse Sealer 1,,,,,,,,,,0,0,Grand Total,,,0,0,,,,,
33,Thu,2026-08-13 00:00:00,Converting ,Impulse Sealer 1,,,,,,,,,,0,0,Grand Total,,,0,0,,,,,
33,Fri,2026-08-14 00:00:00,Converting ,Impulse Sealer 1,,,,,,,,,,0,0,Grand Total,,,0,0,,,,,
33,Sat,2026-08-15 00:00:00,Converting ,Impulse Sealer 1,,,,,,,,,,0,0,Grand Total,,,0,0,,,,,
33,Sun,2026-08-16 00:00:00,Converting ,Impulse Sealer 1,,,,,,,,,,0,0,Grand Total,,,0,0,,,,,
34,Mon,2026-08-17 00:00:00,Converting ,Impulse Sealer 1,,,,,,,,,,0,0,Grand Total,,,0,0,,,,,
34,Tue,2026-08-18 00:00:00,Converting ,Impulse Sealer 1,,,,,,,,,,0,0,Grand Total,,,0,0,,,,,
34,Wed,2026-08-19 00:00:00,Converting ,Impulse Sealer 1,,,,,,,,,,0,0,Grand Total,,,0,0,,,,,
34,Thu,2026-08-20 00:00:00,Converting ,Impulse Sealer 1,,,,,,,,,,0,0,Grand Total,,,0,0,,,,,
34,Fri,2026-08-21 00:00:00,Converting ,Impulse Sealer 1,,,,,,,,,,0,0,Grand Total,,,0,0,,,,,
34,Sat,2026-08-22 00:00:00,Converting ,Impulse Sealer 1,,,,,,,,,,0,0,Grand Total,,,0,0,,,,,
34,Sun,2026-08-23 00:00:00,Converting ,Impulse Sealer 1,,,,,,,,,,0,0,Grand Total,,,0,0,,,,,
35,Mon,2026-08-24 00:00:00,Converting ,Impulse Sealer 1,,,,,,,,,,0,0,Grand Total,,,0,0,,,,,
35,Tue,2026-08-25 00:00:00,Converting ,Impulse Sealer 1,,,,,,,,,,0,0,Grand Total,,,0,0,,,,,
35,Wed,2026-08-26 00:00:00,Converting ,Impulse Sealer 1,,,,,,,,,,0,0,Grand Total,,,0,0,,,,,
35,Thu,2026-08-27 00:00:00,Converting ,Impulse Sealer 1,,,,,,,,,,0,0,Grand Total,,,0,0,,,,,
35,Fri,2026-08-28 00:00:00,Converting ,Impulse Sealer 1,,,,,,,,,,0,0,Grand Total,,,0,0,,,,,
35,Sat,2026-08-29 00:00:00,Converting ,Impulse Sealer 1,,,,,,,,,,0,0,Grand Total,,,0,0,,,,,
35,Sun,2026-08-30 00:00:00,Converting ,Impulse Sealer 1,,,,,,,,,,0,0,Grand Total,,,0,0,,,,,
36,Mon,2026-08-31 00:00:00,Converting ,Impulse Sealer 1,,,,,,,,,,0,0,Grand Total,,,0,0,,,,,
36,Tue,2026-09-01 00:00:00,Converting ,Impulse Sealer 1,,,,,,,,,,0,0,Grand Total,,,0,0,,,,,
36,Wed,2026-09-02 00:00:00,Converting ,Impulse Sealer 1,,,,,,,,,,0,0,Grand Total,,,0,0,,,,,
36,Thu,2026-09-03 00:00:00,Converting ,Impulse Sealer 1,,,,,,,,,,0,0,Grand Total,,,0,0,,,,,
36,Fri,2026-09-04 00:00:00,Converting ,Impulse Sealer 1,,,,,,,,,,0,0,Grand Total,,,0,0,,,,,
36,Sat,2026-09-05 00:00:00,Converting ,Impulse Sealer 1,,,,,,,,,,0,0,Grand Total,,,0,0,,,,,
36,Sun,2026-09-06 00:00:00,Converting ,Impulse Sealer 1,,,,,,,,,,0,0,Grand Total,,,0,0,,,,,
37,Mon,2026-09-07 00:00:00,Converting ,Impulse Sealer 1,,,,,,,,,,0,0,Grand Total,,,0,0,,,,,
37,Tue,2026-09-08 00:00:00,Converting ,Impulse Sealer 1,,,,,,,,,,0,0,Grand Total,,,0,0,,,,,
37,Wed,2026-09-09 00:00:00,Converting ,Impulse Sealer 1,,,,,,,,,,0,0,Grand Total,,,0,0,,,,,
37,Thu,2026-09-10 00:00:00,Converting ,Impulse Sealer 1,,,,,,,,,,0,0,Grand Total,,,0,0,,,,,
37,Fri,2026-09-11 00:00:00,Converting ,Impulse Sealer 1,,,,,,,,,,0,0,Grand Total,,,0,0,,,,,
37,Sat,2026-09-12 00:00:00,Converting ,Impulse Sealer 1,,,,,,,,,,0,0,Grand Total,,,0,0,,,,,
37,Sun,2026-09-13 00:00:00,Converting ,Impulse Sealer 1,,,,,,,,,,0,0,Grand Total,,,0,0,,,,,
38,Mon,2026-09-14 00:00:00,Converting ,Impulse Sealer 1,,,,,,,,,,0,0,Grand Total,,,0,0,,,,,
38,Tue,2026-09-15 00:00:00,Converting ,Impulse Sealer 1,,,,,,,,,,0,0,Grand Total,,,0,0,,,,,
38,Wed,2026-09-16 00:00:00,Converting ,Impulse Sealer 1,,,,,,,,,,0,0,Grand Total,,,0,0,,,,,
38,Thu,2026-09-17 00:00:00,Converting ,Impulse Sealer 1,,,,,,,,,,0,0,Grand Total,,,0,0,,,,,
38,Fri,2026-09-18 00:00:00,Converting ,Impulse Sealer 1,,,,,,,,,,0,0,Grand Total,,,0,0,,,,,
38,Sat,2026-09-19 00:00:00,Converting ,Impulse Sealer 1,,,,,,,,,,0,0,Grand Total,,,0,0,,,,,
38,Sun,2026-09-20 00:00:00,Converting ,Impulse Sealer 1,,,,,,,,,,0,0,Grand Total,,,0,0,,,,,
39,Mon,2026-09-21 00:00:00,Converting ,Impulse Sealer 1,,,,,,,,,,0,0,Grand Total,,,0,0,,,,,
39,Tue,2026-09-22 00:00:00,Converting ,Impulse Sealer 1,,,,,,,,,,0,0,Grand Total,,,0,0,,,,,
39,Thu,2026-09-24 00:00:00,Converting ,Impulse Sealer 1,,,,,,,,,,0,0,Grand Total,,,0,0,,,,,
39,Fri,2026-09-25 00:00:00,Converting ,Impulse Sealer 1,,,,,,,,,,0,0,Grand Total,,,0,0,,,,,
39,Sat,2026-09-26 00:00:00,Converting ,Impulse Sealer 1,,,,,,,,,,0,0,Grand Total,,,0,0,,,,,
39,Sun,2026-09-27 00:00:00,Converting ,Impulse Sealer 1,,,,,,,,,,0,0,Grand Total,,,0,0,,,,,
40,Mon,2026-09-28 00:00:00,Converting ,Impulse Sealer 1,,,,,,,,,,0,0,Grand Total,,,0,0,,,,,
40,Tue,2026-09-29 00:00:00,Converting ,Impulse Sealer 1,,,,,,,,,,0,0,Grand Total,,,0,0,,,,,
40,Wed,2026-09-30 00:00:00,Converting ,Impulse Sealer 1,,,,,,,,,,0,0,Grand Total,,,0,0,,,,,
40,Thu,2026-10-01 00:00:00,Converting ,Impulse Sealer 1,,,,,,,,,,0,0,Grand Total,,,0,0,,,,,
40,Fri,2026-10-02 00:00:00,Converting ,Impulse Sealer 1,,,,,,,,,,0,0,Grand Total,,,0,0,,,,,
40,Sat,2026-10-03 00:00:00,Converting ,Impulse Sealer 1,,,,,,,,,,0,0,Grand Total,,,0,0,,,,,
40,Sun,2026-10-04 00:00:00,Converting ,Impulse Sealer 1,,,,,,,,,,0,0,Grand Total,,,0,0,,,,,
41,Mon,2026-10-05 00:00:00,Converting ,Impulse Sealer 1,,,,,,,,,,0,0,Grand Total,,,0,0,,,,,
41,Tue,2026-10-06 00:00:00,Converting ,Impulse Sealer 1,,,,,,,,,,0,0,Grand Total,,,0,0,,,,,
41,Wed,2026-10-07 00:00:00,Converting ,Impulse Sealer 1,,,,,,,,,,0,0,Grand Total,,,0,0,,,,,
41,Thu,2026-10-08 00:00:00,Converting ,Impulse Sealer 1,,,,,,,,,,0,0,Grand Total,,,0,0,,,,,
41,Fri,2026-10-09 00:00:00,Converting ,Impulse Sealer 1,,,,,,,,,,0,0,Grand Total,,,0,0,,,,,
41,Sat,2026-10-10 00:00:00,Converting ,Impulse Sealer 1,,,,,,,,,,0,0,Grand Total,,,0,0,,,,,
41,Sun,2026-10-11 00:00:00,Converting ,Impulse Sealer 1,,,,,,,,,,0,0,Grand Total,,,0,0,,,,,
42,Mon,2026-10-12 00:00:00,Converting ,Impulse Sealer 1,,,,,,,,,,0,0,Grand Total,,,0,0,,,,,
42,Tue,2026-10-13 00:00:00,Converting ,Impulse Sealer 1,,,,,,,,,,0,0,Grand Total,,,0,0,,,,,
42,Wed,2026-10-14 00:00:00,Converting ,Impulse Sealer 1,,,,,,,,,,0,0,Grand Total,,,0,0,,,,,
42,Thu,2026-10-15 00:00:00,Converting ,Impulse Sealer 1,,,,,,,,,,0,0,Grand Total,,,0,0,,,,,
42,Fri,2026-10-16 00:00:00,Converting ,Impulse Sealer 1,,,,,,,,,,0,0,Grand Total,,,0,0,,,,,
42,Sat,2026-10-17 00:00:00,Converting ,Impulse Sealer 1,,,,,,,,,,0,0,Grand Total,,,0,0,,,,,
42,Sun,2026-10-18 00:00:00,Converting ,Impulse Sealer 1,,,,,,,,,,0,0,Grand Total,,,0,0,,,,,
43,Mon,2026-10-19 00:00:00,Converting ,Impulse Sealer 1,,,,,,,,,,0,0,Grand Total,,,0,0,,,,,
43,Tue,2026-10-20 00:00:00,Converting ,Impulse Sealer 1,,,,,,,,,,0,0,Grand Total,,,0,0,,,,,
43,Wed,2026-10-21 00:00:00,Converting ,Impulse Sealer 1,,,,,,,,,,0,0,Grand Total,,,0,0,,,,,
43,Thu,2026-10-22 00:00:00,Converting ,Impulse Sealer 1,,,,,,,,,,0,0,Grand Total,,,0,0,,,,,
43,Fri,2026-10-23 00:00:00,Converting ,Impulse Sealer 1,,,,,,,,,,0,0,Grand Total,,,0,0,,,,,
43,Sat,2026-10-24 00:00:00,Converting ,Impulse Sealer 1,,,,,,,,,,0,0,Grand Total,,,0,0,,,,,
43,Sun,2026-10-25 00:00:00,Converting ,Impulse Sealer 1,,,,,,,,,,0,0,Grand Total,,,0,0,,,,,
44,Mon,2026-10-26 00:00:00,Converting ,Impulse Sealer 1,,,,,,,,,,0,0,Grand Total,,,0,0,,,,,
44,Tue,2026-10-27 00:00:00,Converting ,Impulse Sealer 1,,,,,,,,,,0,0,Grand Total,,,0,0,,,,,
44,Wed,2026-10-28 00:00:00,Converting ,Impulse Sealer 1,,,,,,,,,,0,0,Grand Total,,,0,0,,,,,
44,Thu,2026-10-29 00:00:00,Converting ,Impulse Sealer 1,,,,,,,,,,0,0,Grand Total,,,0,0,,,,,
44,Fri,2026-10-30 00:00:00,Converting ,Impulse Sealer 1,,,,,,,,,,0,0,Grand Total,,,0,0,,,,,
44,Sat,2026-10-31 00:00:00,Converting ,Impulse Sealer 1,,,,,,,,,,0,0,Grand Total,,,0,0,,,,,
44,Sun,2026-11-01 00:00:00,Converting ,Impulse Sealer 1,,,,,,,,,,0,0,Grand Total,,,0,0,,,,,
45,Mon,2026-11-02 00:00:00,Converting ,Impulse Sealer 1,,,,,,,,,,0,0,Grand Total,,,0,0,,,,,
45,Tue,2026-11-03 00:00:00,Converting ,Impulse Sealer 1,,,,,,,,,,0,0,Grand Total,,,0,0,,,,,
45,Wed,2026-11-04 00:00:00,Converting ,Impulse Sealer 1,,,,,,,,,,0,0,Grand Total,,,0,0,,,,,
45,Thu,2026-11-05 00:00:00,Converting ,Impulse Sealer 1,,,,,,,,,,0,0,Grand Total,,,0,0,,,,,
45,Fri,2026-11-06 00:00:00,Converting ,Impulse Sealer 1,,,,,,,,,,0,0,Grand Total,,,0,0,,,,,
45,Sat,2026-11-07 00:00:00,Converting ,Impulse Sealer 1,,,,,,,,,,0,0,Grand Total,,,0,0,,,,,
45,Sun,2026-11-08 00:00:00,Converting ,Impulse Sealer 1,,,,,,,,,,0,0,Grand Total,,,0,0,,,,,
46,Mon,2026-11-09 00:00:00,Converting ,Impulse Sealer 1,,,,,,,,,,0,0,Grand Total,,,0,0,,,,,
46,Tue,2026-11-10 00:00:00,Converting ,Impulse Sealer 1,,,,,,,,,,0,0,Grand Total,,,0,0,,,,,
46,Wed,2026-11-11 00:00:00,Converting ,Impulse Sealer 1,,,,,,,,,,0,0,Grand Total,,,0,0,,,,,
46,Thu,2026-11-12 00:00:00,Converting ,Impulse Sealer 1,,,,,,,,,,0,0,Grand Total,,,0,0,,,,,
46,Fri,2026-11-13 00:00:00,Converting ,Impulse Sealer 1,,,,,,,,,,0,0,Grand Total,,,0,0,,,,,
46,Sat,2026-11-14 00:00:00,Converting ,Impulse Sealer 1,,,,,,,,,,0,0,Grand Total,,,0,0,,,,,
46,Sun,2026-11-15 00:00:00,Converting ,Impulse Sealer 1,,,,,,,,,,0,0,Grand Total,,,0,0,,,,,
47,Mon,2026-11-16 00:00:00,Converting ,Impulse Sealer 1,,,,,,,,,,0,0,Grand Total,,,0,0,,,,,
47,Tue,2026-11-17 00:00:00,Converting ,Impulse Sealer 1,,,,,,,,,,0,0,Grand Total,,,0,0,,,,,
47,Wed,2026-11-18 00:00:00,Converting ,Impulse Sealer 1,,,,,,,,,,0,0,Grand Total,,,0,0,,,,,
47,Thu,2026-11-19 00:00:00,Converting ,Impulse Sealer 1,,,,,,,,,,0,0,Grand Total,,,0,0,,,,,
47,Fri,2026-11-20 00:00:00,Converting ,Impulse Sealer 1,,,,,,,,,,0,0,Grand Total,,,0,0,,,,,
47,Sat,2026-11-21 00:00:00,Converting ,Impulse Sealer 1,,,,,,,,,,0,0,Grand Total,,,0,0,,,,,
47,Sun,2026-11-22 00:00:00,Converting ,Impulse Sealer 1,,,,,,,,,,0,0,Grand Total,,,0,0,,,,,
48,Mon,2026-11-23 00:00:00,Converting ,Impulse Sealer 1,,,,,,,,,,0,0,Grand Total,,,0,0,,,,,
48,Tue,2026-11-24 00:00:00,Converting ,Impulse Sealer 1,,,,,,,,,,0,0,Grand Total,,,0,0,,,,,
48,Wed,2026-11-25 00:00:00,Converting ,Impulse Sealer 1,,,,,,,,,,0,0,Grand Total,,,0,0,,,,,
48,Thu,2026-11-26 00:00:00,Converting ,Impulse Sealer 1,,,,,,,,,,0,0,Grand Total,,,0,0,,,,,
48,Fri,2026-11-27 00:00:00,Converting ,Impulse Sealer 1,,,,,,,,,,0,0,Grand Total,,,0,0,,,,,
48,Sat,2026-11-28 00:00:00,Converting ,Impulse Sealer 1,,,,,,,,,,0,0,Grand Total,,,0,0,,,,,
48,Sun,2026-11-29 00:00:00,Converting ,Impulse Sealer 1,,,,,,,,,,0,0,Grand Total,,,0,0,,,,,
49,Mon,2026-11-30 00:00:00,Converting ,Impulse Sealer 1,,,,,,,,,,0,0,Grand Total,,,0,0,,,,,
49,Tue,2026-12-01 00:00:00,Converting ,Impulse Sealer 1,,,,,,,,,,0,0,Grand Total,,,0,0,,,,,
49,Wed,2026-12-02 00:00:00,Converting ,Impulse Sealer 1,,,,,,,,,,0,0,Grand Total,,,0,0,,,,,
49,Thu,2026-12-03 00:00:00,Converting ,Impulse Sealer 1,,,,,,,,,,0,0,Grand Total,,,0,0,,,,,
49,Fri,2026-12-04 00:00:00,Converting ,Impulse Sealer 1,,,,,,,,,,0,0,Grand Total,,,0,0,,,,,
49,Sat,2026-12-05 00:00:00,Converting ,Impulse Sealer 1,,,,,,,,,,0,0,Grand Total,,,0,0,,,,,
49,Sun,2026-12-06 00:00:00,Converting ,Impulse Sealer 1,,,,,,,,,,0,0,Grand Total,,,0,0,,,,,
50,Mon,2026-12-07 00:00:00,Converting ,Impulse Sealer 1,,,,,,,,,,0,0,Grand Total,,,0,0,,,,,
50,Tue,2026-12-08 00:00:00,Converting ,Impulse Sealer 1,,,,,,,,,,0,0,Grand Total,,,0,0,,,,,
50,Wed,2026-12-09 00:00:00,Converting ,Impulse Sealer 1,,,,,,,,,,0,0,Grand Total,,,0,0,,,,,
50,Thu,2026-12-10 00:00:00,Converting ,Impulse Sealer 1,,,,,,,,,,0,0,Grand Total,,,0,0,,,,,
50,Fri,2026-12-11 00:00:00,Converting ,Impulse Sealer 1,,,,,,,,,,0,0,Grand Total,,,0,0,,,,,
50,Sat,2026-12-12 00:00:00,Converting ,Impulse Sealer 1,,,,,,,,,,0,0,Grand Total,,,0,0,,,,,
50,Sun,2026-12-13 00:00:00,Converting ,Impulse Sealer 1,,,,,,,,,,0,0,Grand Total,,,0,0,,,,,
51,Mon,2026-12-14 00:00:00,Converting ,Impulse Sealer 1,,,,,,,,,,0,0,Grand Total,,,0,0,,,,,
51,Tue,2026-12-15 00:00:00,Converting ,Impulse Sealer 1,,,,,,,,,,0,0,Grand Total,,,0,0,,,,,
51,Wed,2026-12-16 00:00:00,Converting ,Impulse Sealer 1,,,,,,,,,,0,0,Grand Total,,,0,0,,,,,
51,Thu,2026-12-17 00:00:00,Converting ,Impulse Sealer 1,,,,,,,,,,0,0,Grand Total,,,0,0,,,,,
51,Fri,2026-12-18 00:00:00,Converting ,Impulse Sealer 1,,,,,,,,,,0,0,Grand Total,,,0,0,,,,,
51,Sat,2026-12-19 00:00:00,Converting ,Impulse Sealer 1,,,,,,,,,,0,0,Grand Total,,,0,0,,,,,
51,Sun,2026-12-20 00:00:00,Converting ,Impulse Sealer 1,,,,,,,,,,0,0,Grand Total,,,0,0,,,,,
52,Mon,2026-12-21 00:00:00,Converting ,Impulse Sealer 1,,,,,,,,,,0,0,Grand Total,,,0,0,,,,,
52,Tue,2026-12-22 00:00:00,Converting ,Impulse Sealer 1,,,,,,,,,,0,0,Grand Total,,,0,0,,,,,
52,Wed,2026-12-23 00:00:00,Converting ,Impulse Sealer 1,,,,,,,,,,0,0,Grand Total,,,0,0,,,,,
52,Thu,2026-12-24 00:00:00,Converting ,Impulse Sealer 1,,,,,,,,,,0,0,Grand Total,,,0,0,,,,,
52,Fri,2026-12-25 00:00:00,Converting ,Impulse Sealer 1,,,,,,,,,,0,0,Grand Total,,,0,0,,,,,
52,Sat,2026-12-26 00:00:00,Converting ,Impulse Sealer 1,,,,,,,,,,0,0,Grand Total,,,0,0,,,,,
52,Sun,2026-12-27 00:00:00,Converting ,Impulse Sealer 1,,,,,,,,,,0,0,Grand Total,,,0,0,,,,,
53,Mon,2026-12-28 00:00:00,Converting ,Impulse Sealer 1,,,,,,,,,,0,0,Grand Total,,,0,0,,,,,
53,Tue,2026-12-29 00:00:00,Converting ,Impulse Sealer 1,,,,,,,,,,0,0,Grand Total,,,0,0,,,,,
53,Wed,2026-12-30 00:00:00,Converting ,Impulse Sealer 1,,,,,,,,,,0,0,Grand Total,,,0,0,,,,,
53,Thu,2026-12-31 00:00:00,Converting ,Impulse Sealer 1,,,,,,,,,,0,0,Grand Total,,,0,0,,,,,
1,Thu,2026-01-01 00:00:00,Converting ,Impulse Sealer 2,,,,,,,,,,0,0,Grand Total,,,0,0,,,,,
1,Fri,2026-01-02 00:00:00,Converting ,Impulse Sealer 2,,,,,,,,,,0,0,Grand Total,,,0,0,,,,,
1,Sun,2026-01-04 00:00:00,Converting ,Impulse Sealer 2,,,,,,,,,,0,0,Grand Total,,,0,0,,,,,
2,Mon,2026-01-05 00:00:00,Converting ,Impulse Sealer 2,,,,,,,,,,0,0,Grand Total,,,0,0,,,,,
2,Tue,2026-01-06 00:00:00,Converting ,Impulse Sealer 2,,,,,,,,,,0,0,Grand Total,,,0,0,,,,,
2,Wed,2026-01-07 00:00:00,Converting ,Impulse Sealer 2,,,,,,,,,,0,0,Grand Total,,,0,0,,,,,
2,Thu,2026-01-08 00:00:00,Converting ,Impulse Sealer 2,,,,,,,,,,0,0,Grand Total,,,0,0,,,,,
2,Fri,2026-01-09 00:00:00,Converting ,Impulse Sealer 2,,,,,,,,,,0,0,Grand Total,,,0,0,,,,,
2,Sat,2026-01-10 00:00:00,Converting ,Impulse Sealer 2,,,,,,,,,,0,0,Grand Total,,,0,0,,,,,
2,Sun,2026-01-11 00:00:00,Converting ,Impulse Sealer 2,,,,,,,,,,0,0,Grand Total,,,0,0,,,,,
3,Mon,2026-01-12 00:00:00,Converting ,Impulse Sealer 2,,,,,,,,,,0,0,Grand Total,,,0,0,,,,,
3,Tue,2026-01-13 00:00:00,Converting ,Impulse Sealer 2,,,,,,,,,,0,0,Grand Total,,,0,0,,,,,
3,Wed,2026-01-14 00:00:00,Converting ,Impulse Sealer 2,,,,,,,,,,0,0,Grand Total,,,0,0,,,,,
3,Thu,2026-01-15 00:00:00,Converting ,Impulse Sealer 2,,,,,,,,,,0,0,Grand Total,,,0,0,,,,,
3,Fri,2026-01-16 00:00:00,Converting ,Impulse Sealer 2,,,,,,,,,,0,0,Grand Total,,,0,0,,,,,
3,Sat,2026-01-17 00:00:00,Converting ,Impulse Sealer 2,,,,,,,,,,0,0,Grand Total,,,0,0,,,,,
3,Sun,2026-01-18 00:00:00,Converting ,Impulse Sealer 2,,,,,,,,,,0,0,Grand Total,,,0,0,,,,,
4,Mon,2026-01-19 00:00:00,Converting ,Impulse Sealer 2,,,,,,,,,,0,0,Grand Total,,,0,0,,,,,
4,Tue,2026-01-20 00:00:00,Converting ,Impulse Sealer 2,,,,PM,,,,,,0,0,Grand Total,,,0,0,,,,,
4,Wed,2026-01-21 00:00:00,Converting ,Impulse Sealer 2,Yes,Non-Sterile,4907,53798,,7,10000,1750,EA,5362.525,1832.2289999999996,Grand Total,40,10000,30642.999999999996,10469.879999999997,,,,,
4,Thu,2026-01-22 00:00:00,Converting ,Impulse Sealer 2,Yes,Non-Sterile,4907,53798,,7,10000,1750,EA,5362.525,1832.2289999999996,Grand Total,,,0,0,,,,,
4,Fri,2026-01-23 00:00:00,Converting ,Impulse Sealer 2,Yes,Non-Sterile,4907,53798,,7,10000,1750,EA,5362.525,1832.2289999999996,Grand Total,,,0,0,,,,,
4,Sat,2026-01-24 00:00:00,Converting ,Impulse Sealer 2,,,,,,,,,,0,0,Grand Total,,,0,0,,,,,
4,Sun,2026-01-25 00:00:00,Converting ,Impulse Sealer 2,,,,,,,,,,0,0,Grand Total,,,0,0,,,,,
5,Mon,2026-01-26 00:00:00,Converting ,Impulse Sealer 2,Yes,Non-Sterile,4907,53798,,7,10000,1750,EA,5362.525,1832.2289999999996,Grand Total,,,0,0,,,,,
5,Tue,2026-01-27 00:00:00,Converting ,Impulse Sealer 2,Yes,Non-Sterile,4907,53798,,7,10000,1750,EA,5362.525,1832.2289999999996,Grand Total,,,0,0,,,,,
5,Wed,2026-01-28 00:00:00,Converting ,Impulse Sealer 2,Yes,Non-Sterile,4907,53798,,5,10000,1250,EA,3830.3749999999995,1308.7349999999997,Grand Total,,,0,0,,,,,
5,Thu,2026-01-29 00:00:00,Converting ,Impulse Sealer 2,,,,,,,,,,0,0,Grand Total,,,0,0,,,,,
5,Fri,2026-01-30 00:00:00,Converting ,Impulse Sealer 2,,,,,,,,,,0,0,Grand Total,,,0,0,,,,,
5,Sat,2026-01-31 00:00:00,Converting ,Impulse Sealer 2,,,,,,,,,,0,0,Grand Total,,,0,0,,,,,
5,Sun,2026-02-01 00:00:00,Converting ,Impulse Sealer 2,,,,,,,,,,0,0,Grand Total,,,0,0,,,,,
6,Mon,2026-02-02 00:00:00,Converting ,Impulse Sealer 2,,,,,,,,,,0,0,Grand Total,,,0,0,,,,,
6,Tue,2026-02-03 00:00:00,Converting ,Impulse Sealer 2,,,,,,,,,,0,0,Grand Total,,,0,0,,,,,
6,Wed,2026-02-04 00:00:00,Converting ,Impulse Sealer 2,Yes,Pre-Sterile ,5342,52954,,14,7300,3500,EA,25200,8544.6375,Grand Total,50,4320,31104,10546.524,,,,,
6,Thu,2026-02-05 00:00:00,Converting ,Impulse Sealer 2,Yes,Pre-Sterile ,5342,52954,,14,7300,3800,EA,27360,9277.035,Grand Total,12,810,5832,1977.47325,,,,,
6,Fri,2026-02-06 00:00:00,Converting ,Impulse Sealer 2,,,,,,,,,,0,0,Grand Total,,,0,0,,,,,
6,Sat,2026-02-07 00:00:00,Converting ,Impulse Sealer 2,,,,,,,,,,0,0,Grand Total,,,0,0,,,,,
6,Sun,2026-02-08 00:00:00,Converting ,Impulse Sealer 2,,,,,,,,,,0,0,Grand Total,,,0,0,,,,,
7,Mon,2026-02-09 00:00:00,Converting ,Impulse Sealer 2,,,,,,,,,,0,0,Grand Total,,,0,0,,,,,
7,Tue,2026-02-10 00:00:00,Converting ,Impulse Sealer 2,,,,,,,,,,0,0,Grand Total,,,0,0,,,,,
7,Wed,2026-02-11 00:00:00,Converting ,Impulse Sealer 2,,,,,,,,,,0,0,Grand Total,,,0,0,,,,,
7,Thu,2026-02-12 00:00:00,Converting ,Impulse Sealer 2,,,,,,,,,,0,0,Grand Total,,,0,0,,,,,
7,Fri,2026-02-13 00:00:00,Converting ,Impulse Sealer 2,,,,,,,,,,0,0,Grand Total,,,0,0,,,,,
7,Sat,2026-02-14 00:00:00,Converting ,Impulse Sealer 2,,,,,,,,,,0,0,Grand Total,,,0,0,,,,,
7,Sun,2026-02-15 00:00:00,Converting ,Impulse Sealer 2,,,,,,,,,,0,0,Grand Total,,,0,0,,,,,
8,Mon,2026-02-16 00:00:00,Converting ,Impulse Sealer 2,,,,,,,,,,0,0,Grand Total,,,0,0,,,,,
8,Tue,2026-02-17 00:00:00,Converting ,Impulse Sealer 2,,,,,,,,,,0,0,Grand Total,,,0,0,,,,,
8,Wed,2026-02-18 00:00:00,Converting ,Impulse Sealer 2,,,,,,,,,,0,0,Grand Total,,,0,0,,,,,
8,Thu,2026-02-19 00:00:00,Converting ,Impulse Sealer 2,,,,,,,,,,0,0,Grand Total,,,0,0,,,,,
8,Fri,2026-02-20 00:00:00,Converting ,Impulse Sealer 2,,,,,,,,,,0,0,Grand Total,,,0,0,,,,,
8,Sat,2026-02-21 00:00:00,Converting ,Impulse Sealer 2,,,,,,,,,,0,0,Grand Total,,,0,0,,,,,
8,Sun,2026-02-22 00:00:00,Converting ,Impulse Sealer 2,,,,,,,,,,0,0,Grand Total,,,0,0,,,,,
9,Mon,2026-02-23 00:00:00,Converting ,Impulse Sealer 2,,,,,,,,,,0,0,Grand Total,,,0,0,,,,,
9,Tue,2026-02-24 00:00:00,Converting ,Impulse Sealer 2,,,,,,,,,,0,0,Grand Total,,,0,0,,,,,
9,Wed,2026-02-25 00:00:00,Converting ,Impulse Sealer 2,,,,,,,,,,0,0,Grand Total,,,0,0,,,,,
9,Thu,2026-02-26 00:00:00,Converting ,Impulse Sealer 2,,,,,,,,,,0,0,Grand Total,,,0,0,,,,,
9,Fri,2026-02-27 00:00:00,Converting ,Impulse Sealer 2,,,,,,,,,,0,0,Grand Total,,,0,0,,,,,
9,Sat,2026-02-28 00:00:00,Converting ,Impulse Sealer 2,,,,,,,,,,0,0,Grand Total,,,0,0,,,,,
9,Sun,2026-03-01 00:00:00,Converting ,Impulse Sealer 2,,,,,,,,,,0,0,Grand Total,,,0,0,,,,,
10,Mon,2026-03-02 00:00:00,Converting ,Impulse Sealer 2,Yes,Pre-Sterile ,5341,53247,,7,5500,3500,EA,34650,12820.062500000002,Grand Total,,,0,0,,,,,
10,Tue,2026-03-03 00:00:00,Converting ,Impulse Sealer 2,Yes,Pre-Sterile ,5341,53247,,7,5500,2000,EA,19800,7325.750000000001,Grand Total,,,0,0,,,,,
10,Wed,2026-03-04 00:00:00,Converting ,Impulse Sealer 2,,,,,,,,,,0,0,Grand Total,,,0,0,,,,,
10,Thu,2026-03-05 00:00:00,Converting ,Impulse Sealer 2,,,,,,,,,,0,0,Grand Total,,,0,0,,,,,
10,Fri,2026-03-06 00:00:00,Converting ,Impulse Sealer 2,,,,,,,,,,0,0,Grand Total,,,0,0,,,,,
10,Sat,2026-03-07 00:00:00,Converting ,Impulse Sealer 2,,,,,,,,,,0,0,Grand Total,,,0,0,,,,,
10,Sun,2026-03-08 00:00:00,Converting ,Impulse Sealer 2,,,,,,,,,,0,0,Grand Total,,,0,0,,,,,
11,Mon,2026-03-09 00:00:00,Converting ,Impulse Sealer 2,,,,,,,,,,0,0,Grand Total,,,0,0,,,,,
11,Tue,2026-03-10 00:00:00,Converting ,Impulse Sealer 2,,,,,,,,,,0,0,Grand Total,,,0,0,,,,,
11,Wed,2026-03-11 00:00:00,Converting ,Impulse Sealer 2,,,,,,,,,,0,0,Grand Total,,,0,0,,,,,
11,Thu,2026-03-12 00:00:00,Converting ,Impulse Sealer 2,,,,,,,,,,0,0,Grand Total,,,0,0,,,,,
11,Fri,2026-03-13 00:00:00,Converting ,Impulse Sealer 2,,,,,,,,,,0,0,Grand Total,,,0,0,,,,,
11,Sat,2026-03-14 00:00:00,Converting ,Impulse Sealer 2,,,,,,,,,,0,0,Grand Total,,,0,0,,,,,
11,Sun,2026-03-15 00:00:00,Converting ,Impulse Sealer 2,,,,,,,,,,0,0,Grand Total,,,0,0,,,,,
12,Mon,2026-03-16 00:00:00,Converting ,Impulse Sealer 2,,,,,,,,,,0,0,Grand Total,,,0,0,,,,,
12,Tue,2026-03-17 00:00:00,Converting ,Impulse Sealer 2,,,,,,,,,,0,0,Grand Total,,,0,0,,,,,
12,Wed,2026-03-18 00:00:00,Converting ,Impulse Sealer 2,,,,,,,,,,0,0,Grand Total,,,0,0,,,,,
12,Thu,2026-03-19 00:00:00,Converting ,Impulse Sealer 2,,,,,,,,,,0,0,Grand Total,,,0,0,,,,,
12,Fri,2026-03-20 00:00:00,Converting ,Impulse Sealer 2,,,,,,,,,,0,0,Grand Total,,,0,0,,,,,
12,Sat,2026-03-21 00:00:00,Converting ,Impulse Sealer 2,,,,,,,,,,0,0,Grand Total,,,0,0,,,,,
12,Sun,2026-03-22 00:00:00,Converting ,Impulse Sealer 2,,,,,,,,,,0,0,Grand Total,,,0,0,,,,,
13,Mon,2026-03-23 00:00:00,Converting ,Impulse Sealer 2,,,,,,,,,,0,0,Grand Total,,,0,0,,,,,
13,Tue,2026-03-24 00:00:00,Converting ,Impulse Sealer 2,,,,,,,,,,0,0,Grand Total,,,0,0,,,,,
13,Wed,2026-03-25 00:00:00,Converting ,Impulse Sealer 2,,,,,,,,,,0,0,Grand Total,,,0,0,,,,,
13,Thu,2026-03-26 00:00:00,Converting ,Impulse Sealer 2,,,,,,,,,,0,0,Grand Total,,,0,0,,,,,
13,Fri,2026-03-27 00:00:00,Converting ,Impulse Sealer 2,,,,,,,,,,0,0,Grand Total,,,0,0,,,,,
13,Sat,2026-03-28 00:00:00,Converting ,Impulse Sealer 2,,,,,,,,,,0,0,Grand Total,,,0,0,,,,,
13,Sun,2026-03-29 00:00:00,Converting ,Impulse Sealer 2,,,,,,,,,,0,0,Grand Total,,,0,0,,,,,
14,Mon,2026-03-30 00:00:00,Converting ,Impulse Sealer 2,,,,,,,,,,0,0,Grand Total,,,0,0,,,,,
14,Tue,2026-03-31 00:00:00,Converting ,Impulse Sealer 2,,,,,,,,,,0,0,Grand Total,,,0,0,,,,,
14,Wed,2026-04-01 00:00:00,Converting ,Impulse Sealer 2,,,,,,,,,,0,0,Grand Total,,,0,0,,,,,
14,Thu,2026-04-02 00:00:00,Converting ,Impulse Sealer 2,,,,,,,,,,0,0,Grand Total,,,0,0,,,,,
14,Fri,2026-04-03 00:00:00,Converting ,Impulse Sealer 2,,,,,,,,,,0,0,Grand Total,,,0,0,,,,,
14,Sat,2026-04-04 00:00:00,Converting ,Impulse Sealer 2,,,,,,,,,,0,0,Grand Total,,,0,0,,,,,
14,Sun,2026-04-05 00:00:00,Converting ,Impulse Sealer 2,,,,,,,,,,0,0,Grand Total,,,0,0,,,,,
15,Mon,2026-04-06 00:00:00,Converting ,Impulse Sealer 2,,,,,,,,,,0,0,Grand Total,,,0,0,,,,,
15,Tue,2026-04-07 00:00:00,Converting ,Impulse Sealer 2,,,,,,,,,,0,0,Grand Total,,,0,0,,,,,
15,Wed,2026-04-08 00:00:00,Converting ,Impulse Sealer 2,,,,,,,,,,0,0,Grand Total,,,0,0,,,,,
15,Thu,2026-04-09 00:00:00,Converting ,Impulse Sealer 2,,,,,,,,,,0,0,Grand Total,,,0,0,,,,,
15,Fri,2026-04-10 00:00:00,Converting ,Impulse Sealer 2,,,,,,,,,,0,0,Grand Total,,,0,0,,,,,
15,Sat,2026-04-11 00:00:00,Converting ,Impulse Sealer 2,,,,,,,,,,0,0,Grand Total,,,0,0,,,,,
15,Sun,2026-04-12 00:00:00,Converting ,Impulse Sealer 2,,,,,,,,,,0,0,Grand Total,,,0,0,,,,,
16,Mon,2026-04-13 00:00:00,Converting ,Impulse Sealer 2,,,,,,,,,,0,0,Grand Total,,,0,0,,,,,
16,Tue,2026-04-14 00:00:00,Converting ,Impulse Sealer 2,,,,,,,,,,0,0,Grand Total,,,0,0,,,,,
16,Wed,2026-04-15 00:00:00,Converting ,Impulse Sealer 2,,,,,,,,,,0,0,Grand Total,,,0,0,,,,,
16,Thu,2026-04-16 00:00:00,Converting ,Impulse Sealer 2,,,,,,,,,,0,0,Grand Total,,,0,0,,,,,
16,Fri,2026-04-17 00:00:00,Converting ,Impulse Sealer 2,,,,,,,,,,0,0,Grand Total,,,0,0,,,,,
16,Sat,2026-04-18 00:00:00,Converting ,Impulse Sealer 2,,,,,,,,,,0,0,Grand Total,,,0,0,,,,,
16,Sun,2026-04-19 00:00:00,Converting ,Impulse Sealer 2,,,,,,,,,,0,0,Grand Total,,,0,0,,,,,
17,Mon,2026-04-20 00:00:00,Converting ,Impulse Sealer 2,,,,,,,,,,0,0,Grand Total,,,0,0,,,,,
17,Tue,2026-04-21 00:00:00,Converting ,Impulse Sealer 2,,,,,,,,,,0,0,Grand Total,,,0,0,,,,,
17,Wed,2026-04-22 00:00:00,Converting ,Impulse Sealer 2,,,,,,,,,,0,0,Grand Total,,,0,0,,,,,
17,Thu,2026-04-23 00:00:00,Converting ,Impulse Sealer 2,,,,,,,,,,0,0,Grand Total,,,0,0,,,,,
17,Fri,2026-04-24 00:00:00,Converting ,Impulse Sealer 2,,,,,,,,,,0,0,Grand Total,,,0,0,,,,,
17,Sat,2026-04-25 00:00:00,Converting ,Impulse Sealer 2,,,,,,,,,,0,0,Grand Total,,,0,0,,,,,
17,Sun,2026-04-26 00:00:00,Converting ,Impulse Sealer 2,,,,,,,,,,0,0,Grand Total,,,0,0,,,,,
18,Mon,2026-04-27 00:00:00,Converting ,Impulse Sealer 2,,,,,,,,,,0,0,Grand Total,,,0,0,,,,,
18,Tue,2026-04-28 00:00:00,Converting ,Impulse Sealer 2,,,,,,,,,,0,0,Grand Total,,,0,0,,,,,
18,Wed,2026-04-29 00:00:00,Converting ,Impulse Sealer 2,,,,,,,,,,0,0,Grand Total,,,0,0,,,,,
18,Thu,2026-04-30 00:00:00,Converting ,Impulse Sealer 2,,,,,,,,,,0,0,Grand Total,,,0,0,,,,,
18,Fri,2026-05-01 00:00:00,Converting ,Impulse Sealer 2,,,,,,,,,,0,0,Grand Total,,,0,0,,,,,
18,Sat,2026-05-02 00:00:00,Converting ,Impulse Sealer 2,,,,,,,,,,0,0,Grand Total,,,0,0,,,,,
18,Sun,2026-05-03 00:00:00,Converting ,Impulse Sealer 2,,,,,,,,,,0,0,Grand Total,,,0,0,,,,,
19,Mon,2026-05-04 00:00:00,Converting ,Impulse Sealer 2,,,,,,,,,,0,0,Grand Total,,,0,0,,,,,
19,Tue,2026-05-05 00:00:00,Converting ,Impulse Sealer 2,,,,,,,,,,0,0,Grand Total,,,0,0,,,,,
19,Wed,2026-05-06 00:00:00,Converting ,Impulse Sealer 2,,,,,,,,,,0,0,Grand Total,,,0,0,,,,,
19,Thu,2026-05-07 00:00:00,Converting ,Impulse Sealer 2,,,,,,,,,,0,0,Grand Total,,,0,0,,,,,
19,Fri,2026-05-08 00:00:00,Converting ,Impulse Sealer 2,,,,,,,,,,0,0,Grand Total,,,0,0,,,,,
19,Sat,2026-05-09 00:00:00,Converting ,Impulse Sealer 2,,,,,,,,,,0,0,Grand Total,,,0,0,,,,,
19,Sun,2026-05-10 00:00:00,Converting ,Impulse Sealer 2,,,,,,,,,,0,0,Grand Total,,,0,0,,,,,
20,Mon,2026-05-11 00:00:00,Converting ,Impulse Sealer 2,,,,,,,,,,0,0,Grand Total,,,0,0,,,,,
20,Tue,2026-05-12 00:00:00,Converting ,Impulse Sealer 2,,,,,,,,,,0,0,Grand Total,,,0,0,,,,,
20,Wed,2026-05-13 00:00:00,Converting ,Impulse Sealer 2,,,,,,,,,,0,0,Grand Total,,,0,0,,,,,
20,Thu,2026-05-14 00:00:00,Converting ,Impulse Sealer 2,,,,,,,,,,0,0,Grand Total,,,0,0,,,,,
20,Fri,2026-05-15 00:00:00,Converting ,Impulse Sealer 2,,,,,,,,,,0,0,Grand Total,,,0,0,,,,,
20,Sat,2026-05-16 00:00:00,Converting ,Impulse Sealer 2,,,,,,,,,,0,0,Grand Total,,,0,0,,,,,
20,Sun,2026-05-17 00:00:00,Converting ,Impulse Sealer 2,,,,,,,,,,0,0,Grand Total,,,0,0,,,,,
21,Mon,2026-05-18 00:00:00,Converting ,Impulse Sealer 2,,,,,,,,,,0,0,Grand Total,,,0,0,,,,,
21,Tue,2026-05-19 00:00:00,Converting ,Impulse Sealer 2,,,,,,,,,,0,0,Grand Total,,,0,0,,,,,
21,Wed,2026-05-20 00:00:00,Converting ,Impulse Sealer 2,,,,,,,,,,0,0,Grand Total,,,0,0,,,,,
21,Thu,2026-05-21 00:00:00,Converting ,Impulse Sealer 2,,,,,,,,,,0,0,Grand Total,,,0,0,,,,,
21,Fri,2026-05-22 00:00:00,Converting ,Impulse Sealer 2,,,,,,,,,,0,0,Grand Total,,,0,0,,,,,
21,Sat,2026-05-23 00:00:00,Converting ,Impulse Sealer 2,,,,,,,,,,0,0,Grand Total,,,0,0,,,,,
21,Sun,2026-05-24 00:00:00,Converting ,Impulse Sealer 2,,,,,,,,,,0,0,Grand Total,,,0,0,,,,,
22,Mon,2026-05-25 00:00:00,Converting ,Impulse Sealer 2,,,,,,,,,,0,0,Grand Total,,,0,0,,,,,
22,Tue,2026-05-26 00:00:00,Converting ,Impulse Sealer 2,,,,,,,,,,0,0,Grand Total,,,0,0,,,,,
22,Wed,2026-05-27 00:00:00,Converting ,Impulse Sealer 2,,,,,,,,,,0,0,Grand Total,,,0,0,,,,,
22,Thu,2026-05-28 00:00:00,Converting ,Impulse Sealer 2,,,,,,,,,,0,0,Grand Total,,,0,0,,,,,
22,Fri,2026-05-29 00:00:00,Converting ,Impulse Sealer 2,,,,,,,,,,0,0,Grand Total,,,0,0,,,,,
22,Sat,2026-05-30 00:00:00,Converting ,Impulse Sealer 2,,,,,,,,,,0,0,Grand Total,,,0,0,,,,,
22,Sun,2026-05-31 00:00:00,Converting ,Impulse Sealer 2,,,,,,,,,,0,0,Grand Total,,,0,0,,,,,
23,Mon,2026-06-01 00:00:00,Converting ,Impulse Sealer 2,,,,,,,,,,0,0,Grand Total,,,0,0,,,,,
23,Tue,2026-06-02 00:00:00,Converting ,Impulse Sealer 2,,,,,,,,,,0,0,Grand Total,,,0,0,,,,,
23,Wed,2026-06-03 00:00:00,Converting ,Impulse Sealer 2,,,,,,,,,,0,0,Grand Total,,,0,0,,,,,
23,Thu,2026-06-04 00:00:00,Converting ,Impulse Sealer 2,,,,,,,,,,0,0,Grand Total,,,0,0,,,,,
23,Fri,2026-06-05 00:00:00,Converting ,Impulse Sealer 2,,,,,,,,,,0,0,Grand Total,,,0,0,,,,,
23,Sat,2026-06-06 00:00:00,Converting ,Impulse Sealer 2,,,,,,,,,,0,0,Grand Total,,,0,0,,,,,
23,Sun,2026-06-07 00:00:00,Converting ,Impulse Sealer 2,,,,,,,,,,0,0,Grand Total,,,0,0,,,,,
24,Mon,2026-06-08 00:00:00,Converting ,Impulse Sealer 2,,,,,,,,,,0,0,Grand Total,,,0,0,,,,,
24,Tue,2026-06-09 00:00:00,Converting ,Impulse Sealer 2,,,,,,,,,,0,0,Grand Total,,,0,0,,,,,
24,Wed,2026-06-10 00:00:00,Converting ,Impulse Sealer 2,,,,,,,,,,0,0,Grand Total,,,0,0,,,,,
24,Thu,2026-06-11 00:00:00,Converting ,Impulse Sealer 2,,,,,,,,,,0,0,Grand Total,,,0,0,,,,,
24,Fri,2026-06-12 00:00:00,Converting ,Impulse Sealer 2,,,,,,,,,,0,0,Grand Total,,,0,0,,,,,
24,Sat,2026-06-13 00:00:00,Converting ,Impulse Sealer 2,,,,,,,,,,0,0,Grand Total,,,0,0,,,,,
24,Sun,2026-06-14 00:00:00,Converting ,Impulse Sealer 2,,,,,,,,,,0,0,Grand Total,,,0,0,,,,,
25,Mon,2026-06-15 00:00:00,Converting ,Impulse Sealer 2,,,,,,,,,,0,0,Grand Total,,,0,0,,,,,
25,Tue,2026-06-16 00:00:00,Converting ,Impulse Sealer 2,,,,,,,,,,0,0,Grand Total,,,0,0,,,,,
25,Wed,2026-06-17 00:00:00,Converting ,Impulse Sealer 2,,,,,,,,,,0,0,Grand Total,,,0,0,,,,,
25,Thu,2026-06-18 00:00:00,Converting ,Impulse Sealer 2,,,,,,,,,,0,0,Grand Total,,,0,0,,,,,
25,Fri,2026-06-19 00:00:00,Converting ,Impulse Sealer 2,,,,,,,,,,0,0,Grand Total,,,0,0,,,,,
25,Sat,2026-06-20 00:00:00,Converting ,Impulse Sealer 2,,,,,,,,,,0,0,Grand Total,,,0,0,,,,,
25,Sun,2026-06-21 00:00:00,Converting ,Impulse Sealer 2,,,,,,,,,,0,0,Grand Total,,,0,0,,,,,
26,Mon,2026-06-22 00:00:00,Converting ,Impulse Sealer 2,,,,,,,,,,0,0,Grand Total,,,0,0,,,,,
26,Tue,2026-06-23 00:00:00,Converting ,Impulse Sealer 2,,,,,,,,,,0,0,Grand Total,,,0,0,,,,,
26,Wed,2026-06-24 00:00:00,Converting ,Impulse Sealer 2,,,,,,,,,,0,0,Grand Total,,,0,0,,,,,
26,Thu,2026-06-25 00:00:00,Converting ,Impulse Sealer 2,,,,,,,,,,0,0,Grand Total,,,0,0,,,,,
26,Fri,2026-06-26 00:00:00,Converting ,Impulse Sealer 2,,,,,,,,,,0,0,Grand Total,,,0,0,,,,,
26,Sat,2026-06-27 00:00:00,Converting ,Impulse Sealer 2,,,,,,,,,,0,0,Grand Total,,,0,0,,,,,
26,Sun,2026-06-28 00:00:00,Converting ,Impulse Sealer 2,,,,,,,,,,0,0,Grand Total,,,0,0,,,,,
27,Mon,2026-06-29 00:00:00,Converting ,Impulse Sealer 2,,,,,,,,,,0,0,Grand Total,,,0,0,,,,,
27,Tue,2026-06-30 00:00:00,Converting ,Impulse Sealer 2,,,,,,,,,,0,0,Grand Total,,,0,0,,,,,
27,Wed,2026-07-01 00:00:00,Converting ,Impulse Sealer 2,,,,,,,,,,0,0,Grand Total,,,0,0,,,,,
27,Thu,2026-07-02 00:00:00,Converting ,Impulse Sealer 2,,,,,,,,,,0,0,Grand Total,,,0,0,,,,,
27,Fri,2026-07-03 00:00:00,Converting ,Impulse Sealer 2,,,,,,,,,,0,0,Grand Total,,,0,0,,,,,
27,Sat,2026-07-04 00:00:00,Converting ,Impulse Sealer 2,,,,,,,,,,0,0,Grand Total,,,0,0,,,,,
27,Sun,2026-07-05 00:00:00,Converting ,Impulse Sealer 2,,,,,,,,,,0,0,Grand Total,,,0,0,,,,,
28,Mon,2026-07-06 00:00:00,Converting ,Impulse Sealer 2,,,,,,,,,,0,0,Grand Total,,,0,0,,,,,
28,Tue,2026-07-07 00:00:00,Converting ,Impulse Sealer 2,,,,,,,,,,0,0,Grand Total,,,0,0,,,,,
28,Wed,2026-07-08 00:00:00,Converting ,Impulse Sealer 2,,,,,,,,,,0,0,Grand Total,,,0,0,,,,,
28,Thu,2026-07-09 00:00:00,Converting ,Impulse Sealer 2,,,,,,,,,,0,0,Grand Total,,,0,0,,,,,
28,Fri,2026-07-10 00:00:00,Converting ,Impulse Sealer 2,,,,,,,,,,0,0,Grand Total,,,0,0,,,,,
28,Sat,2026-07-11 00:00:00,Converting ,Impulse Sealer 2,,,,,,,,,,0,0,Grand Total,,,0,0,,,,,
28,Sun,2026-07-12 00:00:00,Converting ,Impulse Sealer 2,,,,,,,,,,0,0,Grand Total,,,0,0,,,,,
29,Mon,2026-07-13 00:00:00,Converting ,Impulse Sealer 2,,,,,,,,,,0,0,Grand Total,,,0,0,,,,,
29,Tue,2026-07-14 00:00:00,Converting ,Impulse Sealer 2,,,,,,,,,,0,0,Grand Total,,,0,0,,,,,
29,Wed,2026-07-15 00:00:00,Converting ,Impulse Sealer 2,,,,,,,,,,0,0,Grand Total,,,0,0,,,,,
29,Thu,2026-07-16 00:00:00,Converting ,Impulse Sealer 2,,,,,,,,,,0,0,Grand Total,,,0,0,,,,,
29,Fri,2026-07-17 00:00:00,Converting ,Impulse Sealer 2,,,,,,,,,,0,0,Grand Total,,,0,0,,,,,
29,Sat,2026-07-18 00:00:00,Converting ,Impulse Sealer 2,,,,,,,,,,0,0,Grand Total,,,0,0,,,,,
29,Sun,2026-07-19 00:00:00,Converting ,Impulse Sealer 2,,,,,,,,,,0,0,Grand Total,,,0,0,,,,,
30,Mon,2026-07-20 00:00:00,Converting ,Impulse Sealer 2,,,,,,,,,,0,0,Grand Total,,,0,0,,,,,
30,Tue,2026-07-21 00:00:00,Converting ,Impulse Sealer 2,,,,,,,,,,0,0,Grand Total,,,0,0,,,,,
30,Wed,2026-07-22 00:00:00,Converting ,Impulse Sealer 2,,,,,,,,,,0,0,Grand Total,,,0,0,,,,,
30,Thu,2026-07-23 00:00:00,Converting ,Impulse Sealer 2,,,,,,,,,,0,0,Grand Total,,,0,0,,,,,
30,Fri,2026-07-24 00:00:00,Converting ,Impulse Sealer 2,,,,,,,,,,0,0,Grand Total,,,0,0,,,,,
30,Sat,2026-07-25 00:00:00,Converting ,Impulse Sealer 2,,,,,,,,,,0,0,Grand Total,,,0,0,,,,,
30,Sun,2026-07-26 00:00:00,Converting ,Impulse Sealer 2,,,,,,,,,,0,0,Grand Total,,,0,0,,,,,
31,Mon,2026-07-27 00:00:00,Converting ,Impulse Sealer 2,,,,,,,,,,0,0,Grand Total,,,0,0,,,,,
31,Tue,2026-07-28 00:00:00,Converting ,Impulse Sealer 2,,,,,,,,,,0,0,Grand Total,,,0,0,,,,,
31,Wed,2026-07-29 00:00:00,Converting ,Impulse Sealer 2,,,,,,,,,,0,0,Grand Total,,,0,0,,,,,
31,Thu,2026-07-30 00:00:00,Converting ,Impulse Sealer 2,,,,,,,,,,0,0,Grand Total,,,0,0,,,,,
31,Fri,2026-07-31 00:00:00,Converting ,Impulse Sealer 2,,,,,,,,,,0,0,Grand Total,,,0,0,,,,,
31,Sat,2026-08-01 00:00:00,Converting ,Impulse Sealer 2,,,,,,,,,,0,0,Grand Total,,,0,0,,,,,
31,Sun,2026-08-02 00:00:00,Converting ,Impulse Sealer 2,,,,,,,,,,0,0,Grand Total,,,0,0,,,,,
32,Mon,2026-08-03 00:00:00,Converting ,Impulse Sealer 2,,,,,,,,,,0,0,Grand Total,,,0,0,,,,,
32,Tue,2026-08-04 00:00:00,Converting ,Impulse Sealer 2,,,,,,,,,,0,0,Grand Total,,,0,0,,,,,
32,Wed,2026-08-05 00:00:00,Converting ,Impulse Sealer 2,,,,,,,,,,0,0,Grand Total,,,0,0,,,,,
32,Thu,2026-08-06 00:00:00,Converting ,Impulse Sealer 2,,,,,,,,,,0,0,Grand Total,,,0,0,,,,,
32,Fri,2026-08-07 00:00:00,Converting ,Impulse Sealer 2,,,,,,,,,,0,0,Grand Total,,,0,0,,,,,
32,Sat,2026-08-08 00:00:00,Converting ,Impulse Sealer 2,,,,,,,,,,0,0,Grand Total,,,0,0,,,,,
32,Sun,2026-08-09 00:00:00,Converting ,Impulse Sealer 2,,,,,,,,,,0,0,Grand Total,,,0,0,,,,,
33,Mon,2026-08-10 00:00:00,Converting ,Impulse Sealer 2,,,,,,,,,,0,0,Grand Total,,,0,0,,,,,
33,Tue,2026-08-11 00:00:00,Converting ,Impulse Sealer 2,,,,,,,,,,0,0,Grand Total,,,0,0,,,,,
33,Wed,2026-08-12 00:00:00,Converting ,Impulse Sealer 2,,,,,,,,,,0,0,Grand Total,,,0,0,,,,,
33,Thu,2026-08-13 00:00:00,Converting ,Impulse Sealer 2,,,,,,,,,,0,0,Grand Total,,,0,0,,,,,
33,Fri,2026-08-14 00:00:00,Converting ,Impulse Sealer 2,,,,,,,,,,0,0,Grand Total,,,0,0,,,,,
33,Sat,2026-08-15 00:00:00,Converting ,Impulse Sealer 2,,,,,,,,,,0,0,Grand Total,,,0,0,,,,,
33,Sun,2026-08-16 00:00:00,Converting ,Impulse Sealer 2,,,,,,,,,,0,0,Grand Total,,,0,0,,,,,
34,Mon,2026-08-17 00:00:00,Converting ,Impulse Sealer 2,,,,,,,,,,0,0,Grand Total,,,0,0,,,,,
34,Tue,2026-08-18 00:00:00,Converting ,Impulse Sealer 2,,,,,,,,,,0,0,Grand Total,,,0,0,,,,,
34,Wed,2026-08-19 00:00:00,Converting ,Impulse Sealer 2,,,,,,,,,,0,0,Grand Total,,,0,0,,,,,
34,Thu,2026-08-20 00:00:00,Converting ,Impulse Sealer 2,,,,,,,,,,0,0,Grand Total,,,0,0,,,,,
34,Fri,2026-08-21 00:00:00,Converting ,Impulse Sealer 2,,,,,,,,,,0,0,Grand Total,,,0,0,,,,,
34,Sat,2026-08-22 00:00:00,Converting ,Impulse Sealer 2,,,,,,,,,,0,0,Grand Total,,,0,0,,,,,
34,Sun,2026-08-23 00:00:00,Converting ,Impulse Sealer 2,,,,,,,,,,0,0,Grand Total,,,0,0,,,,,
35,Mon,2026-08-24 00:00:00,Converting ,Impulse Sealer 2,,,,,,,,,,0,0,Grand Total,,,0,0,,,,,
35,Tue,2026-08-25 00:00:00,Converting ,Impulse Sealer 2,,,,,,,,,,0,0,Grand Total,,,0,0,,,,,
35,Wed,2026-08-26 00:00:00,Converting ,Impulse Sealer 2,,,,,,,,,,0,0,Grand Total,,,0,0,,,,,
35,Thu,2026-08-27 00:00:00,Converting ,Impulse Sealer 2,,,,,,,,,,0,0,Grand Total,,,0,0,,,,,
35,Fri,2026-08-28 00:00:00,Converting ,Impulse Sealer 2,,,,,,,,,,0,0,Grand Total,,,0,0,,,,,
35,Sat,2026-08-29 00:00:00,Converting ,Impulse Sealer 2,,,,,,,,,,0,0,Grand Total,,,0,0,,,,,
35,Sun,2026-08-30 00:00:00,Converting ,Impulse Sealer 2,,,,,,,,,,0,0,Grand Total,,,0,0,,,,,
36,Mon,2026-08-31 00:00:00,Converting ,Impulse Sealer 2,,,,,,,,,,0,0,Grand Total,,,0,0,,,,,
36,Tue,2026-09-01 00:00:00,Converting ,Impulse Sealer 2,,,,,,,,,,0,0,Grand Total,,,0,0,,,,,
36,Wed,2026-09-02 00:00:00,Converting ,Impulse Sealer 2,,,,,,,,,,0,0,Grand Total,,,0,0,,,,,
36,Thu,2026-09-03 00:00:00,Converting ,Impulse Sealer 2,,,,,,,,,,0,0,Grand Total,,,0,0,,,,,
36,Fri,2026-09-04 00:00:00,Converting ,Impulse Sealer 2,,,,,,,,,,0,0,Grand Total,,,0,0,,,,,
36,Sat,2026-09-05 00:00:00,Converting ,Impulse Sealer 2,,,,,,,,,,0,0,Grand Total,,,0,0,,,,,
36,Sun,2026-09-06 00:00:00,Converting ,Impulse Sealer 2,,,,,,,,,,0,0,Grand Total,,,0,0,,,,,
37,Mon,2026-09-07 00:00:00,Converting ,Impulse Sealer 2,,,,,,,,,,0,0,Grand Total,,,0,0,,,,,
37,Tue,2026-09-08 00:00:00,Converting ,Impulse Sealer 2,,,,,,,,,,0,0,Grand Total,,,0,0,,,,,
37,Wed,2026-09-09 00:00:00,Converting ,Impulse Sealer 2,,,,,,,,,,0,0,Grand Total,,,0,0,,,,,
37,Thu,2026-09-10 00:00:00,Converting ,Impulse Sealer 2,,,,,,,,,,0,0,Grand Total,,,0,0,,,,,
37,Fri,2026-09-11 00:00:00,Converting ,Impulse Sealer 2,,,,,,,,,,0,0,Grand Total,,,0,0,,,,,
37,Sat,2026-09-12 00:00:00,Converting ,Impulse Sealer 2,,,,,,,,,,0,0,Grand Total,,,0,0,,,,,
37,Sun,2026-09-13 00:00:00,Converting ,Impulse Sealer 2,,,,,,,,,,0,0,Grand Total,,,0,0,,,,,
38,Mon,2026-09-14 00:00:00,Converting ,Impulse Sealer 2,,,,,,,,,,0,0,Grand Total,,,0,0,,,,,
38,Tue,2026-09-15 00:00:00,Converting ,Impulse Sealer 2,,,,,,,,,,0,0,Grand Total,,,0,0,,,,,
38,Wed,2026-09-16 00:00:00,Converting ,Impulse Sealer 2,,,,,,,,,,0,0,Grand Total,,,0,0,,,,,
38,Thu,2026-09-17 00:00:00,Converting ,Impulse Sealer 2,,,,,,,,,,0,0,Grand Total,,,0,0,,,,,
38,Fri,2026-09-18 00:00:00,Converting ,Impulse Sealer 2,,,,,,,,,,0,0,Grand Total,,,0,0,,,,,
38,Sat,2026-09-19 00:00:00,Converting ,Impulse Sealer 2,,,,,,,,,,0,0,Grand Total,,,0,0,,,,,
38,Sun,2026-09-20 00:00:00,Converting ,Impulse Sealer 2,,,,,,,,,,0,0,Grand Total,,,0,0,,,,,
39,Mon,2026-09-21 00:00:00,Converting ,Impulse Sealer 2,,,,,,,,,,0,0,Grand Total,,,0,0,,,,,
39,Tue,2026-09-22 00:00:00,Converting ,Impulse Sealer 2,,,,,,,,,,0,0,Grand Total,,,0,0,,,,,
39,Thu,2026-09-24 00:00:00,Converting ,Impulse Sealer 2,,,,,,,,,,0,0,Grand Total,,,0,0,,,,,
39,Fri,2026-09-25 00:00:00,Converting ,Impulse Sealer 2,,,,,,,,,,0,0,Grand Total,,,0,0,,,,,
39,Sat,2026-09-26 00:00:00,Converting ,Impulse Sealer 2,,,,,,,,,,0,0,Grand Total,,,0,0,,,,,
39,Sun,2026-09-27 00:00:00,Converting ,Impulse Sealer 2,,,,,,,,,,0,0,Grand Total,,,0,0,,,,,
40,Mon,2026-09-28 00:00:00,Converting ,Impulse Sealer 2,,,,,,,,,,0,0,Grand Total,,,0,0,,,,,
40,Tue,2026-09-29 00:00:00,Converting ,Impulse Sealer 2,,,,,,,,,,0,0,Grand Total,,,0,0,,,,,
40,Wed,2026-09-30 00:00:00,Converting ,Impulse Sealer 2,,,,,,,,,,0,0,Grand Total,,,0,0,,,,,
40,Thu,2026-10-01 00:00:00,Converting ,Impulse Sealer 2,,,,,,,,,,0,0,Grand Total,,,0,0,,,,,
40,Fri,2026-10-02 00:00:00,Converting ,Impulse Sealer 2,,,,,,,,,,0,0,Grand Total,,,0,0,,,,,
40,Sat,2026-10-03 00:00:00,Converting ,Impulse Sealer 2,,,,,,,,,,0,0,Grand Total,,,0,0,,,,,
40,Sun,2026-10-04 00:00:00,Converting ,Impulse Sealer 2,,,,,,,,,,0,0,Grand Total,,,0,0,,,,,
41,Mon,2026-10-05 00:00:00,Converting ,Impulse Sealer 2,,,,,,,,,,0,0,Grand Total,,,0,0,,,,,
41,Tue,2026-10-06 00:00:00,Converting ,Impulse Sealer 2,,,,,,,,,,0,0,Grand Total,,,0,0,,,,,
41,Wed,2026-10-07 00:00:00,Converting ,Impulse Sealer 2,,,,,,,,,,0,0,Grand Total,,,0,0,,,,,
41,Thu,2026-10-08 00:00:00,Converting ,Impulse Sealer 2,,,,,,,,,,0,0,Grand Total,,,0,0,,,,,
41,Fri,2026-10-09 00:00:00,Converting ,Impulse Sealer 2,,,,,,,,,,0,0,Grand Total,,,0,0,,,,,
41,Sat,2026-10-10 00:00:00,Converting ,Impulse Sealer 2,,,,,,,,,,0,0,Grand Total,,,0,0,,,,,
41,Sun,2026-10-11 00:00:00,Converting ,Impulse Sealer 2,,,,,,,,,,0,0,Grand Total,,,0,0,,,,,
42,Mon,2026-10-12 00:00:00,Converting ,Impulse Sealer 2,,,,,,,,,,0,0,Grand Total,,,0,0,,,,,
42,Tue,2026-10-13 00:00:00,Converting ,Impulse Sealer 2,,,,,,,,,,0,0,Grand Total,,,0,0,,,,,
42,Wed,2026-10-14 00:00:00,Converting ,Impulse Sealer 2,,,,,,,,,,0,0,Grand Total,,,0,0,,,,,
42,Thu,2026-10-15 00:00:00,Converting ,Impulse Sealer 2,,,,,,,,,,0,0,Grand Total,,,0,0,,,,,
42,Fri,2026-10-16 00:00:00,Converting ,Impulse Sealer 2,,,,,,,,,,0,0,Grand Total,,,0,0,,,,,
42,Sat,2026-10-17 00:00:00,Converting ,Impulse Sealer 2,,,,,,,,,,0,0,Grand Total,,,0,0,,,,,
42,Sun,2026-10-18 00:00:00,Converting ,Impulse Sealer 2,,,,,,,,,,0,0,Grand Total,,,0,0,,,,,
43,Mon,2026-10-19 00:00:00,Converting ,Impulse Sealer 2,,,,,,,,,,0,0,Grand Total,,,0,0,,,,,
43,Tue,2026-10-20 00:00:00,Converting ,Impulse Sealer 2,,,,,,,,,,0,0,Grand Total,,,0,0,,,,,
43,Wed,2026-10-21 00:00:00,Converting ,Impulse Sealer 2,,,,,,,,,,0,0,Grand Total,,,0,0,,,,,
43,Thu,2026-10-22 00:00:00,Converting ,Impulse Sealer 2,,,,,,,,,,0,0,Grand Total,,,0,0,,,,,
43,Fri,2026-10-23 00:00:00,Converting ,Impulse Sealer 2,,,,,,,,,,0,0,Grand Total,,,0,0,,,,,
43,Sat,2026-10-24 00:00:00,Converting ,Impulse Sealer 2,,,,,,,,,,0,0,Grand Total,,,0,0,,,,,
43,Sun,2026-10-25 00:00:00,Converting ,Impulse Sealer 2,,,,,,,,,,0,0,Grand Total,,,0,0,,,,,
44,Mon,2026-10-26 00:00:00,Converting ,Impulse Sealer 2,,,,,,,,,,0,0,Grand Total,,,0,0,,,,,
44,Tue,2026-10-27 00:00:00,Converting ,Impulse Sealer 2,,,,,,,,,,0,0,Grand Total,,,0,0,,,,,
44,Wed,2026-10-28 00:00:00,Converting ,Impulse Sealer 2,,,,,,,,,,0,0,Grand Total,,,0,0,,,,,
44,Thu,2026-10-29 00:00:00,Converting ,Impulse Sealer 2,,,,,,,,,,0,0,Grand Total,,,0,0,,,,,
44,Fri,2026-10-30 00:00:00,Converting ,Impulse Sealer 2,,,,,,,,,,0,0,Grand Total,,,0,0,,,,,
44,Sat,2026-10-31 00:00:00,Converting ,Impulse Sealer 2,,,,,,,,,,0,0,Grand Total,,,0,0,,,,,
44,Sun,2026-11-01 00:00:00,Converting ,Impulse Sealer 2,,,,,,,,,,0,0,Grand Total,,,0,0,,,,,
45,Mon,2026-11-02 00:00:00,Converting ,Impulse Sealer 2,,,,,,,,,,0,0,Grand Total,,,0,0,,,,,
45,Tue,2026-11-03 00:00:00,Converting ,Impulse Sealer 2,,,,,,,,,,0,0,Grand Total,,,0,0,,,,,
45,Wed,2026-11-04 00:00:00,Converting ,Impulse Sealer 2,,,,,,,,,,0,0,Grand Total,,,0,0,,,,,
45,Thu,2026-11-05 00:00:00,Converting ,Impulse Sealer 2,,,,,,,,,,0,0,Grand Total,,,0,0,,,,,
45,Fri,2026-11-06 00:00:00,Converting ,Impulse Sealer 2,,,,,,,,,,0,0,Grand Total,,,0,0,,,,,
45,Sat,2026-11-07 00:00:00,Converting ,Impulse Sealer 2,,,,,,,,,,0,0,Grand Total,,,0,0,,,,,
45,Sun,2026-11-08 00:00:00,Converting ,Impulse Sealer 2,,,,,,,,,,0,0,Grand Total,,,0,0,,,,,
46,Mon,2026-11-09 00:00:00,Converting ,Impulse Sealer 2,,,,,,,,,,0,0,Grand Total,,,0,0,,,,,
46,Tue,2026-11-10 00:00:00,Converting ,Impulse Sealer 2,,,,,,,,,,0,0,Grand Total,,,0,0,,,,,
46,Wed,2026-11-11 00:00:00,Converting ,Impulse Sealer 2,,,,,,,,,,0,0,Grand Total,,,0,0,,,,,
46,Thu,2026-11-12 00:00:00,Converting ,Impulse Sealer 2,,,,,,,,,,0,0,Grand Total,,,0,0,,,,,
46,Fri,2026-11-13 00:00:00,Converting ,Impulse Sealer 2,,,,,,,,,,0,0,Grand Total,,,0,0,,,,,
46,Sat,2026-11-14 00:00:00,Converting ,Impulse Sealer 2,,,,,,,,,,0,0,Grand Total,,,0,0,,,,,
46,Sun,2026-11-15 00:00:00,Converting ,Impulse Sealer 2,,,,,,,,,,0,0,Grand Total,,,0,0,,,,,
47,Mon,2026-11-16 00:00:00,Converting ,Impulse Sealer 2,,,,,,,,,,0,0,Grand Total,,,0,0,,,,,
47,Tue,2026-11-17 00:00:00,Converting ,Impulse Sealer 2,,,,,,,,,,0,0,Grand Total,,,0,0,,,,,
47,Wed,2026-11-18 00:00:00,Converting ,Impulse Sealer 2,,,,,,,,,,0,0,Grand Total,,,0,0,,,,,
47,Thu,2026-11-19 00:00:00,Converting ,Impulse Sealer 2,,,,,,,,,,0,0,Grand Total,,,0,0,,,,,
47,Fri,2026-11-20 00:00:00,Converting ,Impulse Sealer 2,,,,,,,,,,0,0,Grand Total,,,0,0,,,,,
47,Sat,2026-11-21 00:00:00,Converting ,Impulse Sealer 2,,,,,,,,,,0,0,Grand Total,,,0,0,,,,,
47,Sun,2026-11-22 00:00:00,Converting ,Impulse Sealer 2,,,,,,,,,,0,0,Grand Total,,,0,0,,,,,
48,Mon,2026-11-23 00:00:00,Converting ,Impulse Sealer 2,,,,,,,,,,0,0,Grand Total,,,0,0,,,,,
48,Tue,2026-11-24 00:00:00,Converting ,Impulse Sealer 2,,,,,,,,,,0,0,Grand Total,,,0,0,,,,,
48,Wed,2026-11-25 00:00:00,Converting ,Impulse Sealer 2,,,,,,,,,,0,0,Grand Total,,,0,0,,,,,
48,Thu,2026-11-26 00:00:00,Converting ,Impulse Sealer 2,,,,,,,,,,0,0,Grand Total,,,0,0,,,,,
48,Fri,2026-11-27 00:00:00,Converting ,Impulse Sealer 2,,,,,,,,,,0,0,Grand Total,,,0,0,,,,,
48,Sat,2026-11-28 00:00:00,Converting ,Impulse Sealer 2,,,,,,,,,,0,0,Grand Total,,,0,0,,,,,
48,Sun,2026-11-29 00:00:00,Converting ,Impulse Sealer 2,,,,,,,,,,0,0,Grand Total,,,0,0,,,,,
49,Mon,2026-11-30 00:00:00,Converting ,Impulse Sealer 2,,,,,,,,,,0,0,Grand Total,,,0,0,,,,,
49,Tue,2026-12-01 00:00:00,Converting ,Impulse Sealer 2,,,,,,,,,,0,0,Grand Total,,,0,0,,,,,
49,Wed,2026-12-02 00:00:00,Converting ,Impulse Sealer 2,,,,,,,,,,0,0,Grand Total,,,0,0,,,,,
49,Thu,2026-12-03 00:00:00,Converting ,Impulse Sealer 2,,,,,,,,,,0,0,Grand Total,,,0,0,,,,,
49,Fri,2026-12-04 00:00:00,Converting ,Impulse Sealer 2,,,,,,,,,,0,0,Grand Total,,,0,0,,,,,
49,Sat,2026-12-05 00:00:00,Converting ,Impulse Sealer 2,,,,,,,,,,0,0,Grand Total,,,0,0,,,,,
49,Sun,2026-12-06 00:00:00,Converting ,Impulse Sealer 2,,,,,,,,,,0,0,Grand Total,,,0,0,,,,,
50,Mon,2026-12-07 00:00:00,Converting ,Impulse Sealer 2,,,,,,,,,,0,0,Grand Total,,,0,0,,,,,
50,Tue,2026-12-08 00:00:00,Converting ,Impulse Sealer 2,,,,,,,,,,0,0,Grand Total,,,0,0,,,,,
50,Wed,2026-12-09 00:00:00,Converting ,Impulse Sealer 2,,,,,,,,,,0,0,Grand Total,,,0,0,,,,,
50,Thu,2026-12-10 00:00:00,Converting ,Impulse Sealer 2,,,,,,,,,,0,0,Grand Total,,,0,0,,,,,
50,Fri,2026-12-11 00:00:00,Converting ,Impulse Sealer 2,,,,,,,,,,0,0,Grand Total,,,0,0,,,,,
50,Sat,2026-12-12 00:00:00,Converting ,Impulse Sealer 2,,,,,,,,,,0,0,Grand Total,,,0,0,,,,,
50,Sun,2026-12-13 00:00:00,Converting ,Impulse Sealer 2,,,,,,,,,,0,0,Grand Total,,,0,0,,,,,
51,Mon,2026-12-14 00:00:00,Converting ,Impulse Sealer 2,,,,,,,,,,0,0,Grand Total,,,0,0,,,,,
51,Tue,2026-12-15 00:00:00,Converting ,Impulse Sealer 2,,,,,,,,,,0,0,Grand Total,,,0,0,,,,,
51,Wed,2026-12-16 00:00:00,Converting ,Impulse Sealer 2,,,,,,,,,,0,0,Grand Total,,,0,0,,,,,
51,Thu,2026-12-17 00:00:00,Converting ,Impulse Sealer 2,,,,,,,,,,0,0,Grand Total,,,0,0,,,,,
51,Fri,2026-12-18 00:00:00,Converting ,Impulse Sealer 2,,,,,,,,,,0,0,Grand Total,,,0,0,,,,,
51,Sat,2026-12-19 00:00:00,Converting ,Impulse Sealer 2,,,,,,,,,,0,0,Grand Total,,,0,0,,,,,
51,Sun,2026-12-20 00:00:00,Converting ,Impulse Sealer 2,,,,,,,,,,0,0,Grand Total,,,0,0,,,,,
52,Mon,2026-12-21 00:00:00,Converting ,Impulse Sealer 2,,,,,,,,,,0,0,Grand Total,,,0,0,,,,,
52,Tue,2026-12-22 00:00:00,Converting ,Impulse Sealer 2,,,,,,,,,,0,0,Grand Total,,,0,0,,,,,
52,Wed,2026-12-23 00:00:00,Converting ,Impulse Sealer 2,,,,,,,,,,0,0,Grand Total,,,0,0,,,,,
52,Thu,2026-12-24 00:00:00,Converting ,Impulse Sealer 2,,,,,,,,,,0,0,Grand Total,,,0,0,,,,,
52,Fri,2026-12-25 00:00:00,Converting ,Impulse Sealer 2,,,,,,,,,,0,0,Grand Total,,,0,0,,,,,
52,Sat,2026-12-26 00:00:00,Converting ,Impulse Sealer 2,,,,,,,,,,0,0,Grand Total,,,0,0,,,,,
52,Sun,2026-12-27 00:00:00,Converting ,Impulse Sealer 2,,,,,,,,,,0,0,Grand Total,,,0,0,,,,,
53,Mon,2026-12-28 00:00:00,Converting ,Impulse Sealer 2,,,,,,,,,,0,0,Grand Total,,,0,0,,,,,
53,Tue,2026-12-29 00:00:00,Converting ,Impulse Sealer 2,,,,,,,,,,0,0,Grand Total,,,0,0,,,,,
53,Wed,2026-12-30 00:00:00,Converting ,Impulse Sealer 2,,,,,,,,,,0,0,Grand Total,,,0,0,,,,,
53,Thu,2026-12-31 00:00:00,Converting ,Impulse Sealer 2,,,,,,,,,,0,0,Grand Total,,,0,0,,,,,
1,Thu,2026-01-01 00:00:00,Converting ,Do Boy,,,,,,,,,,0,0,Grand Total,,,0,0,,,,,
1,Fri,2026-01-02 00:00:00,Converting ,Do Boy,,,,,,,,,,0,0,Grand Total,,,0,0,,,,,
1,Tue,2023-01-03 00:00:00,Converting ,Do Boy,,,,,,,,,,0,0,Grand Total,,,0,0,,,,,
1,Sun,2026-01-04 00:00:00,Converting ,Do Boy,,,,,,,,,,0,0,Grand Total,,,0,0,,,,,
2,Mon,2026-01-05 00:00:00,Converting ,Do Boy,,,,,,,,,,0,0,Grand Total,,,0,0,,,,,
2,Tue,2026-01-06 00:00:00,Converting ,Do Boy,,,,,,,,,,0,0,Grand Total,,,0,0,,,,,
2,Wed,2026-01-07 00:00:00,Converting ,Do Boy,,,,,,,,,,0,0,Grand Total,,,0,0,,,,,
2,Thu,2026-01-08 00:00:00,Converting ,Do Boy,,,,,,,,,,0,0,Grand Total,,,0,0,,,,,
2,Fri,2026-01-09 00:00:00,Converting ,Do Boy,Yes,Pre-Sterile ,3424,54078,,14,11000,3500,EA,22050,4287.580500000001,Grand Total,,,0,0,,,,,
2,Sat,2026-01-10 00:00:00,Converting ,Do Boy,,,,,,,,,,0,0,Grand Total,,,0,0,,,,,
2,Sun,2026-01-11 00:00:00,Converting ,Do Boy,,,,,,,,,,0,0,Grand Total,,,0,0,,,,,
3,Mon,2026-01-12 00:00:00,Converting ,Do Boy,Yes,Pre-Sterile ,3424,54078,,14,11000,3500,EA,22050,4287.580500000001,Grand Total,,,0,0,,,,,
3,Tue,2026-01-13 00:00:00,Converting ,Do Boy,Yes,Pre-Sterile ,3424,54078,,14,11000,3500,EA,22050,4287.580500000001,Grand Total,,,0,0,,,,,
3,Wed,2026-01-14 00:00:00,Converting ,Do Boy,Yes,Pre-Sterile ,3424,54078,,4,11000,500,EA,3150,612.5115000000001,Grand Total,,,0,0,,,,,
3,Thu,2026-01-15 00:00:00,Converting ,Do Boy,,,,,,,,,,0,0,Grand Total,,,0,0,,,,,
3,Fri,2026-01-16 00:00:00,Converting ,Do Boy,,,,,,,,,,0,0,Grand Total,,,0,0,,,,,
3,Sat,2026-01-17 00:00:00,Converting ,Do Boy,,,,,,,,,,0,0,Grand Total,,,0,0,,,,,
3,Sun,2026-01-18 00:00:00,Converting ,Do Boy,,,,,,,,,,0,0,Grand Total,,,0,0,,,,,
4,Mon,2026-01-19 00:00:00,Converting ,Do Boy,,,,,,,,,,0,0,Grand Total,,,0,0,,,,,
4,Tue,2026-01-20 00:00:00,Converting ,Do Boy,,,,,,,,,,0,0,Grand Total,,,0,0,,,,,
4,Wed,2026-01-21 00:00:00,Converting ,Do Boy,,,,,,,,,,0,0,Grand Total,,,0,0,,,,,
4,Thu,2026-01-22 00:00:00,Converting ,Do Boy,,,,,,,,,,0,0,Grand Total,,,0,0,,,,,
4,Fri,2026-01-23 00:00:00,Converting ,Do Boy,,,,,,,,,,0,0,Grand Total,,,0,0,,,,,
4,Sat,2026-01-24 00:00:00,Converting ,Do Boy,,,,,,,,,,0,0,Grand Total,,,0,0,,,,,
4,Sun,2026-01-25 00:00:00,Converting ,Do Boy,,,,,,,,,,0,0,Grand Total,,,0,0,,,,,
5,Mon,2026-01-26 00:00:00,Converting ,Do Boy,,,,PM,,,,,,0,0,Grand Total,,,0,0,,,,,
5,Tue,2026-01-27 00:00:00,Converting ,Do Boy,,,,,,,,,,0,0,Grand Total,,,0,0,,,,,
5,Wed,2026-01-28 00:00:00,Converting ,Do Boy,,,,,,,,,,0,0,Grand Total,,,0,0,,,,,
5,Thu,2026-01-29 00:00:00,Converting ,Do Boy,,,,,,,,,,0,0,Grand Total,,,0,0,,,,,
5,Fri,2026-01-30 00:00:00,Converting ,Do Boy,,,,,,,,,,0,0,Grand Total,,,0,0,,,,,
5,Sat,2026-01-31 00:00:00,Converting ,Do Boy,,,,,,,,,,0,0,Grand Total,,,0,0,,,,,
5,Sun,2026-02-01 00:00:00,Converting ,Do Boy,,,,,,,,,,0,0,Grand Total,,,0,0,,,,,
6,Mon,2026-02-02 00:00:00,Converting ,Do Boy,,,,,,,,,,0,0,Grand Total,,,0,0,,,,,
6,Tue,2026-02-03 00:00:00,Converting ,Do Boy,,,,,,,,,,0,0,Grand Total,,,0,0,,,,,
6,Wed,2026-02-04 00:00:00,Converting ,Do Boy,,,,,,,,,,0,0,Grand Total,,,0,0,,,,,
6,Thu,2026-02-05 00:00:00,Converting ,Do Boy,,,,,,,,,,0,0,Grand Total,,,0,0,,,,,
6,Fri,2026-02-06 00:00:00,Converting ,Do Boy,,,,,,,,,,0,0,Grand Total,,,0,0,,,,,
6,Sat,2026-02-07 00:00:00,Converting ,Do Boy,,,,,,,,,,0,0,Grand Total,,,0,0,,,,,
6,Sun,2026-02-08 00:00:00,Converting ,Do Boy,,,,,,,,,,0,0,Grand Total,,,0,0,,,,,
7,Mon,2026-02-09 00:00:00,Converting ,Do Boy,,,,,,,,,,0,0,Grand Total,,,0,0,,,,,
7,Tue,2026-02-10 00:00:00,Converting ,Do Boy,,,,,,,,,,0,0,Grand Total,,,0,0,,,,,
7,Wed,2026-02-11 00:00:00,Converting ,Do Boy,,,,,,,,,,0,0,Grand Total,,,0,0,,,,,
7,Thu,2026-02-12 00:00:00,Converting ,Do Boy,,,,,,,,,,0,0,Grand Total,,,0,0,,,,,
7,Fri,2026-02-13 00:00:00,Converting ,Do Boy,,,,,,,,,,0,0,Grand Total,,,0,0,,,,,
7,Sat,2026-02-14 00:00:00,Converting ,Do Boy,,,,,,,,,,0,0,Grand Total,,,0,0,,,,,
7,Sun,2026-02-15 00:00:00,Converting ,Do Boy,,,,,,,,,,0,0,Grand Total,,,0,0,,,,,
8,Mon,2026-02-16 00:00:00,Converting ,Do Boy,,,,,,,,,,0,0,Grand Total,,,0,0,,,,,
8,Tue,2026-02-17 00:00:00,Converting ,Do Boy,,,,,,,,,,0,0,Grand Total,,,0,0,,,,,
8,Wed,2026-02-18 00:00:00,Converting ,Do Boy,,,,,,,,,,0,0,Grand Total,,,0,0,,,,,
8,Thu,2026-02-19 00:00:00,Converting ,Do Boy,,,,PM,,,,,,0,0,Grand Total,,,0,0,,,,,
8,Fri,2026-02-20 00:00:00,Converting ,Do Boy,,,,,,,,,,0,0,Grand Total,,,0,0,,,,,
8,Sat,2026-02-21 00:00:00,Converting ,Do Boy,,,,,,,,,,0,0,Grand Total,,,0,0,,,,,
8,Sun,2026-02-22 00:00:00,Converting ,Do Boy,,,,,,,,,,0,0,Grand Total,,,0,0,,,,,
9,Mon,2026-02-23 00:00:00,Converting ,Do Boy,Yes,Pre-Sterile ,3424,54078,,14,11000,3500,EA,22050,4287.580500000001,Grand Total,14,3000,18900,3675.0690000000004,,,007228 POUCH ETA 2/13,,
9,Tue,2026-02-24 00:00:00,Converting ,Do Boy,Yes,Pre-Sterile ,3424,54078,,14,11000,3500,EA,22050,4287.580500000001,Grand Total,14,2640,16632,3234.0607200000004,,,,,
9,Wed,2026-02-25 00:00:00,Converting ,Do Boy,Yes,Pre-Sterile ,3424,54078,,14,11000,3500,EA,22050,4287.580500000001,Grand Total,28,2850,17955,3491.3155500000007,,,,,
9,Thu,2026-02-26 00:00:00,Converting ,Do Boy,Yes,Pre-Sterile ,3424,54078,,4,11000,500,EA,3150,612.5115000000001,Grand Total,28,3210,20223,3932.3238300000007,,,,,
9,Fri,2026-02-27 00:00:00,Converting ,Do Boy,,,,,,,,,,0,0,Grand Total,,,0,0,,,,,
9,Sat,2026-02-28 00:00:00,Converting ,Do Boy,,,,,,,,,,0,0,Grand Total,,,0,0,,,,,
9,Sun,2026-03-01 00:00:00,Converting ,Do Boy,,,,,,,,,,0,0,Grand Total,,,0,0,,,,,
10,Mon,2026-03-02 00:00:00,Converting ,Do Boy,,,,,,,,,,0,0,Grand Total,,,0,0,,,,,
10,Tue,2026-03-03 00:00:00,Converting ,Do Boy,,,,,,,,,,0,0,Grand Total,,,0,0,,,,,
10,Wed,2026-03-04 00:00:00,Converting ,Do Boy,,,,,,,,,,0,0,Grand Total,,,0,0,,,,,
10,Thu,2026-03-05 00:00:00,Converting ,Do Boy,,,,,,,,,,0,0,Grand Total,,,0,0,,,,,
10,Fri,2026-03-06 00:00:00,Converting ,Do Boy,,,,,,,,,,0,0,Grand Total,,,0,0,,,,,
10,Sat,2026-03-07 00:00:00,Converting ,Do Boy,,,,,,,,,,0,0,Grand Total,,,0,0,,,,,
10,Sun,2026-03-08 00:00:00,Converting ,Do Boy,,,,,,,,,,0,0,Grand Total,,,0,0,,,,,
11,Mon,2026-03-09 00:00:00,Converting ,Do Boy,,,,,,,,,,0,0,Grand Total,,,0,0,,,,,
11,Tue,2026-03-10 00:00:00,Converting ,Do Boy,,,,,,,,,,0,0,Grand Total,,,0,0,,,,,
11,Wed,2026-03-11 00:00:00,Converting ,Do Boy,,,,,,,,,,0,0,Grand Total,,,0,0,,,,,
11,Thu,2026-03-12 00:00:00,Converting ,Do Boy,,,,,,,,,,0,0,Grand Total,,,0,0,,,,,
11,Fri,2026-03-13 00:00:00,Converting ,Do Boy,,,,,,,,,,0,0,Grand Total,,,0,0,,,,,
11,Sat,2026-03-14 00:00:00,Converting ,Do Boy,,,,,,,,,,0,0,Grand Total,,,0,0,,,,,
11,Sun,2026-03-15 00:00:00,Converting ,Do Boy,,,,,,,,,,0,0,Grand Total,,,0,0,,,,,
12,Mon,2026-03-16 00:00:00,Converting ,Do Boy,,,,,,,,,,0,0,Grand Total,,,0,0,,,,,
12,Tue,2026-03-17 00:00:00,Converting ,Do Boy,,,,,,,,,,0,0,Grand Total,,,0,0,,,,,
12,Wed,2026-03-18 00:00:00,Converting ,Do Boy,,,,,,,,,,0,0,Grand Total,,,0,0,,,,,
12,Thu,2026-03-19 00:00:00,Converting ,Do Boy,,,,,,,,,,0,0,Grand Total,,,0,0,,,,,
12,Fri,2026-03-20 00:00:00,Converting ,Do Boy,,,,,,,,,,0,0,Grand Total,,,0,0,,,,,
12,Sat,2026-03-21 00:00:00,Converting ,Do Boy,,,,,,,,,,0,0,Grand Total,,,0,0,,,,,
12,Sun,2026-03-22 00:00:00,Converting ,Do Boy,,,,,,,,,,0,0,Grand Total,,,0,0,,,,,
13,Mon,2026-03-23 00:00:00,Converting ,Do Boy,,,,,,,,,,0,0,Grand Total,,,0,0,,,,,
13,Tue,2026-03-24 00:00:00,Converting ,Do Boy,,,,,,,,,,0,0,Grand Total,,,0,0,,,,,
13,Wed,2026-03-25 00:00:00,Converting ,Do Boy,,,,,,,,,,0,0,Grand Total,,,0,0,,,,,
13,Thu,2026-03-26 00:00:00,Converting ,Do Boy,,,,,,,,,,0,0,Grand Total,,,0,0,,,,,
13,Fri,2026-03-27 00:00:00,Converting ,Do Boy,,,,,,,,,,0,0,Grand Total,,,0,0,,,,,
13,Sat,2026-03-28 00:00:00,Converting ,Do Boy,,,,,,,,,,0,0,Grand Total,,,0,0,,,,,
13,Sun,2026-03-29 00:00:00,Converting ,Do Boy,,,,,,,,,,0,0,Grand Total,,,0,0,,,,,
14,Mon,2026-03-30 00:00:00,Converting ,Do Boy,,,,,,,,,,0,0,Grand Total,,,0,0,,,,,
14,Tue,2026-03-31 00:00:00,Converting ,Do Boy,,,,,,,,,,0,0,Grand Total,,,0,0,,,,,
14,Wed,2026-04-01 00:00:00,Converting ,Do Boy,,,,,,,,,,0,0,Grand Total,,,0,0,,,,,
14,Thu,2026-04-02 00:00:00,Converting ,Do Boy,,,,,,,,,,0,0,Grand Total,,,0,0,,,,,
14,Fri,2026-04-03 00:00:00,Converting ,Do Boy,,,,,,,,,,0,0,Grand Total,,,0,0,,,,,
14,Sat,2026-04-04 00:00:00,Converting ,Do Boy,,,,,,,,,,0,0,Grand Total,,,0,0,,,,,
14,Sun,2026-04-05 00:00:00,Converting ,Do Boy,,,,,,,,,,0,0,Grand Total,,,0,0,,,,,
15,Mon,2026-04-06 00:00:00,Converting ,Do Boy,,,,,,,,,,0,0,Grand Total,,,0,0,,,,,
15,Tue,2026-04-07 00:00:00,Converting ,Do Boy,,,,,,,,,,0,0,Grand Total,,,0,0,,,,,
15,Wed,2026-04-08 00:00:00,Converting ,Do Boy,,,,,,,,,,0,0,Grand Total,,,0,0,,,,,
15,Thu,2026-04-09 00:00:00,Converting ,Do Boy,,,,,,,,,,0,0,Grand Total,,,0,0,,,,,
15,Fri,2026-04-10 00:00:00,Converting ,Do Boy,,,,,,,,,,0,0,Grand Total,,,0,0,,,,,
15,Sat,2026-04-11 00:00:00,Converting ,Do Boy,,,,,,,,,,0,0,Grand Total,,,0,0,,,,,
15,Sun,2026-04-12 00:00:00,Converting ,Do Boy,,,,,,,,,,0,0,Grand Total,,,0,0,,,,,
16,Mon,2026-04-13 00:00:00,Converting ,Do Boy,,,,,,,,,,0,0,Grand Total,,,0,0,,,,,
16,Tue,2026-04-14 00:00:00,Converting ,Do Boy,,,,,,,,,,0,0,Grand Total,,,0,0,,,,,
16,Wed,2026-04-15 00:00:00,Converting ,Do Boy,,,,,,,,,,0,0,Grand Total,,,0,0,,,,,
16,Thu,2026-04-16 00:00:00,Converting ,Do Boy,,,,,,,,,,0,0,Grand Total,,,0,0,,,,,
16,Fri,2026-04-17 00:00:00,Converting ,Do Boy,,,,,,,,,,0,0,Grand Total,,,0,0,,,,,
16,Sat,2026-04-18 00:00:00,Converting ,Do Boy,,,,,,,,,,0,0,Grand Total,,,0,0,,,,,
16,Sun,2026-04-19 00:00:00,Converting ,Do Boy,,,,,,,,,,0,0,Grand Total,,,0,0,,,,,
17,Mon,2026-04-20 00:00:00,Converting ,Do Boy,,,,,,,,,,0,0,Grand Total,,,0,0,,,,,
17,Tue,2026-04-21 00:00:00,Converting ,Do Boy,,,,,,,,,,0,0,Grand Total,,,0,0,,,,,
17,Wed,2026-04-22 00:00:00,Converting ,Do Boy,,,,,,,,,,0,0,Grand Total,,,0,0,,,,,
17,Thu,2026-04-23 00:00:00,Converting ,Do Boy,Yes,Pre-Sterile ,3424,54857,,14,11000,3500,EA,22050,4287.580500000001,Grand Total,,,0,0,No ,Material not available,007228 POUCH ETA 4/16,,
17,Fri,2026-04-24 00:00:00,Converting ,Do Boy,Yes,Pre-Sterile ,3424,54857,,14,11000,3500,EA,22050,4287.580500000001,Grand Total,,,0,0,No ,,,,
17,Sat,2026-04-25 00:00:00,Converting ,Do Boy,,,,,,,,,,0,0,Grand Total,,,0,0,,,,,
17,Sun,2026-04-26 00:00:00,Converting ,Do Boy,,,,,,,,,,0,0,Grand Total,,,0,0,,,,,
18,Mon,2026-04-27 00:00:00,Converting ,Do Boy,Yes,Pre-Sterile ,3424,54857,,14,11000,3500,EA,22050,4287.580500000001,Grand Total,,,0,0,No ,,,,
18,Tue,2026-04-28 00:00:00,Converting ,Do Boy,Yes,Pre-Sterile ,3424,54857,,4,11000,500,EA,3150,612.5115000000001,Grand Total,,,0,0,No ,,,,
18,Wed,2026-04-29 00:00:00,Converting ,Do Boy,,,,,,,,,,0,0,Grand Total,,,0,0,,,,,
18,Thu,2026-04-30 00:00:00,Converting ,Do Boy,,,,,,,,,,0,0,Grand Total,,,0,0,,,,,
18,Fri,2026-05-01 00:00:00,Converting ,Do Boy,,,,,,,,,,0,0,Grand Total,,,0,0,,,,,
18,Sat,2026-05-02 00:00:00,Converting ,Do Boy,,,,,,,,,,0,0,Grand Total,,,0,0,,,,,
18,Sun,2026-05-03 00:00:00,Converting ,Do Boy,,,,,,,,,,0,0,Grand Total,,,0,0,,,,,
19,Mon,2026-05-04 00:00:00,Converting ,Do Boy,,,,,,,,,,0,0,Grand Total,,,0,0,,,,,
19,Tue,2026-05-05 00:00:00,Converting ,Do Boy,,,,,,,,,,0,0,Grand Total,,,0,0,,,,,
19,Wed,2026-05-06 00:00:00,Converting ,Do Boy,,,,,,,,,,0,0,Grand Total,,,0,0,,,,,
19,Thu,2026-05-07 00:00:00,Converting ,Do Boy,,,,,,,,,,0,0,Grand Total,,,0,0,,,,,
19,Fri,2026-05-08 00:00:00,Converting ,Do Boy,,,,,,,,,,0,0,Grand Total,,,0,0,,,,,
19,Sat,2026-05-09 00:00:00,Converting ,Do Boy,,,,,,,,,,0,0,Grand Total,,,0,0,,,,,
19,Sun,2026-05-10 00:00:00,Converting ,Do Boy,,,,,,,,,,0,0,Grand Total,,,0,0,,,,,
20,Mon,2026-05-11 00:00:00,Converting ,Do Boy,,,,,,,,,,0,0,Grand Total,,,0,0,,,,,
20,Tue,2026-05-12 00:00:00,Converting ,Do Boy,,,,,,,,,,0,0,Grand Total,,,0,0,,,,,
20,Wed,2026-05-13 00:00:00,Converting ,Do Boy,,,,,,,,,,0,0,Grand Total,,,0,0,,,,,
20,Thu,2026-05-14 00:00:00,Converting ,Do Boy,,,,,,,,,,0,0,Grand Total,,,0,0,,,,,
20,Fri,2026-05-15 00:00:00,Converting ,Do Boy,,,,,,,,,,0,0,Grand Total,,,0,0,,,,,
20,Sat,2026-05-16 00:00:00,Converting ,Do Boy,,,,,,,,,,0,0,Grand Total,,,0,0,,,,,
20,Sun,2026-05-17 00:00:00,Converting ,Do Boy,,,,,,,,,,0,0,Grand Total,,,0,0,,,,,
21,Mon,2026-05-18 00:00:00,Converting ,Do Boy,,,,,,,,,,0,0,Grand Total,,,0,0,,,,,
21,Tue,2026-05-19 00:00:00,Converting ,Do Boy,,,,,,,,,,0,0,Grand Total,,,0,0,,,,,
21,Wed,2026-05-20 00:00:00,Converting ,Do Boy,,,,,,,,,,0,0,Grand Total,,,0,0,,,,,
21,Thu,2026-05-21 00:00:00,Converting ,Do Boy,,,,,,,,,,0,0,Grand Total,,,0,0,,,,,
21,Fri,2026-05-22 00:00:00,Converting ,Do Boy,,,,,,,,,,0,0,Grand Total,,,0,0,,,,,
21,Sat,2026-05-23 00:00:00,Converting ,Do Boy,,,,,,,,,,0,0,Grand Total,,,0,0,,,,,
21,Sun,2026-05-24 00:00:00,Converting ,Do Boy,,,,,,,,,,0,0,Grand Total,,,0,0,,,,,
22,Mon,2026-05-25 00:00:00,Converting ,Do Boy,,,,,,,,,,0,0,Grand Total,,,0,0,,,,,
22,Tue,2026-05-26 00:00:00,Converting ,Do Boy,,,,,,,,,,0,0,Grand Total,,,0,0,,,,,
22,Wed,2026-05-27 00:00:00,Converting ,Do Boy,,,,,,,,,,0,0,Grand Total,,,0,0,,,,,
22,Thu,2026-05-28 00:00:00,Converting ,Do Boy,,,,,,,,,,0,0,Grand Total,,,0,0,,,,,
22,Fri,2026-05-29 00:00:00,Converting ,Do Boy,,,,,,,,,,0,0,Grand Total,,,0,0,,,,,
22,Sat,2026-05-30 00:00:00,Converting ,Do Boy,,,,,,,,,,0,0,Grand Total,,,0,0,,,,,
22,Sun,2026-05-31 00:00:00,Converting ,Do Boy,,,,,,,,,,0,0,Grand Total,,,0,0,,,,,
23,Mon,2026-06-01 00:00:00,Converting ,Do Boy,,,,,,,,,,0,0,Grand Total,,,0,0,,,,,
23,Tue,2026-06-02 00:00:00,Converting ,Do Boy,,,,,,,,,,0,0,Grand Total,,,0,0,,,,,
23,Wed,2026-06-03 00:00:00,Converting ,Do Boy,,,,,,,,,,0,0,Grand Total,,,0,0,,,,,
23,Thu,2026-06-04 00:00:00,Converting ,Do Boy,,,,,,,,,,0,0,Grand Total,,,0,0,,,,,
23,Fri,2026-06-05 00:00:00,Converting ,Do Boy,,,,,,,,,,0,0,Grand Total,,,0,0,,,,,
23,Sat,2026-06-06 00:00:00,Converting ,Do Boy,,,,,,,,,,0,0,Grand Total,,,0,0,,,,,
23,Sun,2026-06-07 00:00:00,Converting ,Do Boy,,,,,,,,,,0,0,Grand Total,,,0,0,,,,,
24,Mon,2026-06-08 00:00:00,Converting ,Do Boy,,,,,,,,,,0,0,Grand Total,,,0,0,,,,,
24,Tue,2026-06-09 00:00:00,Converting ,Do Boy,,,,,,,,,,0,0,Grand Total,,,0,0,,,,,
24,Wed,2026-06-10 00:00:00,Converting ,Do Boy,,,,,,,,,,0,0,Grand Total,,,0,0,,,,,
24,Thu,2026-06-11 00:00:00,Converting ,Do Boy,,,,,,,,,,0,0,Grand Total,,,0,0,,,,,
24,Fri,2026-06-12 00:00:00,Converting ,Do Boy,,,,,,,,,,0,0,Grand Total,,,0,0,,,,,
24,Sat,2026-06-13 00:00:00,Converting ,Do Boy,,,,,,,,,,0,0,Grand Total,,,0,0,,,,,
24,Sun,2026-06-14 00:00:00,Converting ,Do Boy,,,,,,,,,,0,0,Grand Total,,,0,0,,,,,
25,Mon,2026-06-15 00:00:00,Converting ,Do Boy,,,,,,,,,,0,0,Grand Total,,,0,0,,,,,
25,Tue,2026-06-16 00:00:00,Converting ,Do Boy,,,,,,,,,,0,0,Grand Total,,,0,0,,,,,
25,Wed,2026-06-17 00:00:00,Converting ,Do Boy,,,,,,,,,,0,0,Grand Total,,,0,0,,,,,
25,Thu,2026-06-18 00:00:00,Converting ,Do Boy,,,,,,,,,,0,0,Grand Total,,,0,0,,,,,
25,Fri,2026-06-19 00:00:00,Converting ,Do Boy,,,,,,,,,,0,0,Grand Total,,,0,0,,,,,
25,Sat,2026-06-20 00:00:00,Converting ,Do Boy,,,,,,,,,,0,0,Grand Total,,,0,0,,,,,
25,Sun,2026-06-21 00:00:00,Converting ,Do Boy,,,,,,,,,,0,0,Grand Total,,,0,0,,,,,
26,Mon,2026-06-22 00:00:00,Converting ,Do Boy,,,,,,,,,,0,0,Grand Total,,,0,0,,,,,
26,Tue,2026-06-23 00:00:00,Converting ,Do Boy,,,,,,,,,,0,0,Grand Total,,,0,0,,,,,
26,Wed,2026-06-24 00:00:00,Converting ,Do Boy,,,,,,,,,,0,0,Grand Total,,,0,0,,,,,
26,Thu,2026-06-25 00:00:00,Converting ,Do Boy,,,,,,,,,,0,0,Grand Total,,,0,0,,,,,
26,Fri,2026-06-26 00:00:00,Converting ,Do Boy,,,,,,,,,,0,0,Grand Total,,,0,0,,,,,
26,Sat,2026-06-27 00:00:00,Converting ,Do Boy,,,,,,,,,,0,0,Grand Total,,,0,0,,,,,
26,Sun,2026-06-28 00:00:00,Converting ,Do Boy,,,,,,,,,,0,0,Grand Total,,,0,0,,,,,
27,Mon,2026-06-29 00:00:00,Converting ,Do Boy,,,,,,,,,,0,0,Grand Total,,,0,0,,,,,
27,Tue,2026-06-30 00:00:00,Converting ,Do Boy,,,,,,,,,,0,0,Grand Total,,,0,0,,,,,
27,Wed,2026-07-01 00:00:00,Converting ,Do Boy,,,,,,,,,,0,0,Grand Total,,,0,0,,,,,
27,Thu,2026-07-02 00:00:00,Converting ,Do Boy,,,,,,,,,,0,0,Grand Total,,,0,0,,,,,
27,Fri,2026-07-03 00:00:00,Converting ,Do Boy,,,,,,,,,,0,0,Grand Total,,,0,0,,,,,
27,Sat,2026-07-04 00:00:00,Converting ,Do Boy,,,,,,,,,,0,0,Grand Total,,,0,0,,,,,
27,Sun,2026-07-05 00:00:00,Converting ,Do Boy,,,,,,,,,,0,0,Grand Total,,,0,0,,,,,
28,Mon,2026-07-06 00:00:00,Converting ,Do Boy,,,,,,,,,,0,0,Grand Total,,,0,0,,,,,
28,Tue,2026-07-07 00:00:00,Converting ,Do Boy,,,,,,,,,,0,0,Grand Total,,,0,0,,,,,
28,Wed,2026-07-08 00:00:00,Converting ,Do Boy,,,,,,,,,,0,0,Grand Total,,,0,0,,,,,
28,Thu,2026-07-09 00:00:00,Converting ,Do Boy,,,,,,,,,,0,0,Grand Total,,,0,0,,,,,
28,Fri,2026-07-10 00:00:00,Converting ,Do Boy,,,,,,,,,,0,0,Grand Total,,,0,0,,,,,
28,Sat,2026-07-11 00:00:00,Converting ,Do Boy,,,,,,,,,,0,0,Grand Total,,,0,0,,,,,
28,Sun,2026-07-12 00:00:00,Converting ,Do Boy,,,,,,,,,,0,0,Grand Total,,,0,0,,,,,
29,Mon,2026-07-13 00:00:00,Converting ,Do Boy,,,,,,,,,,0,0,Grand Total,,,0,0,,,,,
29,Tue,2026-07-14 00:00:00,Converting ,Do Boy,,,,,,,,,,0,0,Grand Total,,,0,0,,,,,
29,Wed,2026-07-15 00:00:00,Converting ,Do Boy,,,,,,,,,,0,0,Grand Total,,,0,0,,,,,
29,Thu,2026-07-16 00:00:00,Converting ,Do Boy,,,,,,,,,,0,0,Grand Total,,,0,0,,,,,
29,Fri,2026-07-17 00:00:00,Converting ,Do Boy,,,,,,,,,,0,0,Grand Total,,,0,0,,,,,
29,Sat,2026-07-18 00:00:00,Converting ,Do Boy,,,,,,,,,,0,0,Grand Total,,,0,0,,,,,
29,Sun,2026-07-19 00:00:00,Converting ,Do Boy,,,,,,,,,,0,0,Grand Total,,,0,0,,,,,
30,Mon,2026-07-20 00:00:00,Converting ,Do Boy,,,,,,,,,,0,0,Grand Total,,,0,0,,,,,
30,Tue,2026-07-21 00:00:00,Converting ,Do Boy,,,,,,,,,,0,0,Grand Total,,,0,0,,,,,
30,Wed,2026-07-22 00:00:00,Converting ,Do Boy,,,,,,,,,,0,0,Grand Total,,,0,0,,,,,
30,Thu,2026-07-23 00:00:00,Converting ,Do Boy,,,,,,,,,,0,0,Grand Total,,,0,0,,,,,
30,Fri,2026-07-24 00:00:00,Converting ,Do Boy,,,,,,,,,,0,0,Grand Total,,,0,0,,,,,
30,Sat,2026-07-25 00:00:00,Converting ,Do Boy,,,,,,,,,,0,0,Grand Total,,,0,0,,,,,
30,Sun,2026-07-26 00:00:00,Converting ,Do Boy,,,,,,,,,,0,0,Grand Total,,,0,0,,,,,
31,Mon,2026-07-27 00:00:00,Converting ,Do Boy,,,,,,,,,,0,0,Grand Total,,,0,0,,,,,
31,Tue,2026-07-28 00:00:00,Converting ,Do Boy,,,,,,,,,,0,0,Grand Total,,,0,0,,,,,
31,Wed,2026-07-29 00:00:00,Converting ,Do Boy,,,,,,,,,,0,0,Grand Total,,,0,0,,,,,
31,Thu,2026-07-30 00:00:00,Converting ,Hudson 1,,,,,,,,,,0,0,Grand Total,,,0,0,,,,,
31,Fri,2026-07-31 00:00:00,Converting ,Hudson 1,,,,,,,,,,0,0,Grand Total,,,0,0,,,,,
31,Sat,2026-08-01 00:00:00,Converting ,Hudson 1,,,,,,,,,,0,0,Grand Total,,,0,0,,,,,
31,Sun,2026-08-02 00:00:00,Converting ,Hudson 1,,,,,,,,,,0,0,Grand Total,,,0,0,,,,,
32,Mon,2026-08-03 00:00:00,Converting ,Hudson 1,,,,,,,,,,0,0,Grand Total,,,0,0,,,,,
32,Tue,2026-08-04 00:00:00,Converting ,Hudson 1,,,,,,,,,,0,0,Grand Total,,,0,0,,,,,
32,Wed,2026-08-05 00:00:00,Converting ,Hudson 1,,,,,,,,,,0,0,Grand Total,,,0,0,,,,,
32,Thu,2026-08-06 00:00:00,Converting ,Hudson 1,,,,,,,,,,0,0,Grand Total,,,0,0,,,,,
32,Fri,2026-08-07 00:00:00,Converting ,Hudson 1,,,,,,,,,,0,0,Grand Total,,,0,0,,,,,
32,Sat,2026-08-08 00:00:00,Converting ,Hudson 1,,,,,,,,,,0,0,Grand Total,,,0,0,,,,,
32,Sun,2026-08-09 00:00:00,Converting ,Hudson 1,,,,,,,,,,0,0,Grand Total,,,0,0,,,,,
33,Mon,2026-08-10 00:00:00,Converting ,Hudson 1,,,,,,,,,,0,0,Grand Total,,,0,0,,,,,
33,Tue,2026-08-11 00:00:00,Converting ,Do Boy,,,,,,,,,,0,0,Grand Total,,,0,0,,,,,
33,Wed,2026-08-12 00:00:00,Converting ,Do Boy,,,,,,,,,,0,0,Grand Total,,,0,0,,,,,
33,Thu,2026-08-13 00:00:00,Converting ,Do Boy,,,,,,,,,,0,0,Grand Total,,,0,0,,,,,
33,Fri,2026-08-14 00:00:00,Converting ,Do Boy,,,,,,,,,,0,0,Grand Total,,,0,0,,,,,
33,Sat,2026-08-15 00:00:00,Converting ,Do Boy,,,,,,,,,,0,0,Grand Total,,,0,0,,,,,
33,Sun,2026-08-16 00:00:00,Converting ,Do Boy,,,,,,,,,,0,0,Grand Total,,,0,0,,,,,
34,Mon,2026-08-17 00:00:00,Converting ,Do Boy,,,,,,,,,,0,0,Grand Total,,,0,0,,,,,
34,Tue,2026-08-18 00:00:00,Converting ,Do Boy,,,,,,,,,,0,0,Grand Total,,,0,0,,,,,
34,Wed,2026-08-19 00:00:00,Converting ,Do Boy,,,,,,,,,,0,0,Grand Total,,,0,0,,,,,
34,Thu,2026-08-20 00:00:00,Converting ,Do Boy,,,,,,,,,,0,0,Grand Total,,,0,0,,,,,
34,Fri,2026-08-21 00:00:00,Converting ,Do Boy,,,,,,,,,,0,0,Grand Total,,,0,0,,,,,
34,Sat,2026-08-22 00:00:00,Converting ,Do Boy,,,,,,,,,,0,0,Grand Total,,,0,0,,,,,
34,Sun,2026-08-23 00:00:00,Converting ,Do Boy,,,,,,,,,,0,0,Grand Total,,,0,0,,,,,
35,Mon,2026-08-24 00:00:00,Converting ,Do Boy,,,,,,,,,,0,0,Grand Total,,,0,0,,,,,
35,Tue,2026-08-25 00:00:00,Converting ,Do Boy,,,,,,,,,,0,0,Grand Total,,,0,0,,,,,
35,Wed,2026-08-26 00:00:00,Converting ,Do Boy,,,,,,,,,,0,0,Grand Total,,,0,0,,,,,
35,Thu,2026-08-27 00:00:00,Converting ,Do Boy,,,,,,,,,,0,0,Grand Total,,,0,0,,,,,
35,Fri,2026-08-28 00:00:00,Converting ,Do Boy,,,,,,,,,,0,0,Grand Total,,,0,0,,,,,
35,Sat,2026-08-29 00:00:00,Converting ,Do Boy,,,,,,,,,,0,0,Grand Total,,,0,0,,,,,
35,Sun,2026-08-30 00:00:00,Converting ,Do Boy,,,,,,,,,,0,0,Grand Total,,,0,0,,,,,
36,Mon,2026-08-31 00:00:00,Converting ,Do Boy,,,,,,,,,,0,0,Grand Total,,,0,0,,,,,
36,Tue,2026-09-01 00:00:00,Converting ,Do Boy,,,,,,,,,,0,0,Grand Total,,,0,0,,,,,
36,Wed,2026-09-02 00:00:00,Converting ,Do Boy,,,,,,,,,,0,0,Grand Total,,,0,0,,,,,
36,Thu,2026-09-03 00:00:00,Converting ,Do Boy,,,,,,,,,,0,0,Grand Total,,,0,0,,,,,
36,Fri,2026-09-04 00:00:00,Converting ,Do Boy,,,,,,,,,,0,0,Grand Total,,,0,0,,,,,
36,Sat,2026-09-05 00:00:00,Converting ,Do Boy,,,,,,,,,,0,0,Grand Total,,,0,0,,,,,
36,Sun,2026-09-06 00:00:00,Converting ,Do Boy,,,,,,,,,,0,0,Grand Total,,,0,0,,,,,
37,Mon,2026-09-07 00:00:00,Converting ,Do Boy,,,,,,,,,,0,0,Grand Total,,,0,0,,,,,
37,Tue,2026-09-08 00:00:00,Converting ,Do Boy,,,,,,,,,,0,0,Grand Total,,,0,0,,,,,
37,Wed,2026-09-09 00:00:00,Converting ,Do Boy,,,,,,,,,,0,0,Grand Total,,,0,0,,,,,
37,Thu,2026-09-10 00:00:00,Converting ,Do Boy,,,,,,,,,,0,0,Grand Total,,,0,0,,,,,
37,Fri,2026-09-11 00:00:00,Converting ,Do Boy,,,,,,,,,,0,0,Grand Total,,,0,0,,,,,
37,Sat,2026-09-12 00:00:00,Converting ,Do Boy,,,,,,,,,,0,0,Grand Total,,,0,0,,,,,
37,Sun,2026-09-13 00:00:00,Converting ,Do Boy,,,,,,,,,,0,0,Grand Total,,,0,0,,,,,
38,Mon,2026-09-14 00:00:00,Converting ,Do Boy,,,,,,,,,,0,0,Grand Total,,,0,0,,,,,
38,Tue,2026-09-15 00:00:00,Converting ,Do Boy,,,,,,,,,,0,0,Grand Total,,,0,0,,,,,
38,Wed,2026-09-16 00:00:00,Converting ,Do Boy,,,,,,,,,,0,0,Grand Total,,,0,0,,,,,
38,Thu,2026-09-17 00:00:00,Converting ,Do Boy,,,,,,,,,,0,0,Grand Total,,,0,0,,,,,
38,Fri,2026-09-18 00:00:00,Converting ,Do Boy,,,,,,,,,,0,0,Grand Total,,,0,0,,,,,
38,Sat,2026-09-19 00:00:00,Converting ,Do Boy,,,,,,,,,,0,0,Grand Total,,,0,0,,,,,
38,Sun,2026-09-20 00:00:00,Converting ,Do Boy,,,,,,,,,,0,0,Grand Total,,,0,0,,,,,
39,Mon,2026-09-21 00:00:00,Converting ,Do Boy,,,,,,,,,,0,0,Grand Total,,,0,0,,,,,
39,Tue,2026-09-22 00:00:00,Converting ,Do Boy,,,,,,,,,,0,0,Grand Total,,,0,0,,,,,
39,Thu,2026-09-24 00:00:00,Converting ,Do Boy,,,,,,,,,,0,0,Grand Total,,,0,0,,,,,
39,Fri,2026-09-25 00:00:00,Converting ,Do Boy,,,,,,,,,,0,0,Grand Total,,,0,0,,,,,
39,Sat,2026-09-26 00:00:00,Converting ,Do Boy,,,,,,,,,,0,0,Grand Total,,,0,0,,,,,
39,Sun,2026-09-27 00:00:00,Converting ,Do Boy,,,,,,,,,,0,0,Grand Total,,,0,0,,,,,
40,Mon,2026-09-28 00:00:00,Converting ,Do Boy,,,,,,,,,,0,0,Grand Total,,,0,0,,,,,
40,Tue,2026-09-29 00:00:00,Converting ,Do Boy,,,,,,,,,,0,0,Grand Total,,,0,0,,,,,
40,Wed,2026-09-30 00:00:00,Converting ,Do Boy,,,,,,,,,,0,0,Grand Total,,,0,0,,,,,
40,Thu,2026-10-01 00:00:00,Converting ,Do Boy,,,,,,,,,,0,0,Grand Total,,,0,0,,,,,
40,Fri,2026-10-02 00:00:00,Converting ,Do Boy,,,,,,,,,,0,0,Grand Total,,,0,0,,,,,
40,Sat,2026-10-03 00:00:00,Converting ,Do Boy,,,,,,,,,,0,0,Grand Total,,,0,0,,,,,
40,Sun,2026-10-04 00:00:00,Converting ,Do Boy,,,,,,,,,,0,0,Grand Total,,,0,0,,,,,
41,Mon,2026-10-05 00:00:00,Converting ,Do Boy,,,,,,,,,,0,0,Grand Total,,,0,0,,,,,
41,Tue,2026-10-06 00:00:00,Converting ,Do Boy,,,,,,,,,,0,0,Grand Total,,,0,0,,,,,
41,Wed,2026-10-07 00:00:00,Converting ,Do Boy,,,,,,,,,,0,0,Grand Total,,,0,0,,,,,
41,Thu,2026-10-08 00:00:00,Converting ,Do Boy,,,,,,,,,,0,0,Grand Total,,,0,0,,,,,
41,Fri,2026-10-09 00:00:00,Converting ,Do Boy,,,,,,,,,,0,0,Grand Total,,,0,0,,,,,
41,Sat,2026-10-10 00:00:00,Converting ,Do Boy,,,,,,,,,,0,0,Grand Total,,,0,0,,,,,
41,Sun,2026-10-11 00:00:00,Converting ,Do Boy,,,,,,,,,,0,0,Grand Total,,,0,0,,,,,
42,Mon,2026-10-12 00:00:00,Converting ,Do Boy,,,,,,,,,,0,0,Grand Total,,,0,0,,,,,
42,Tue,2026-10-13 00:00:00,Converting ,Do Boy,,,,,,,,,,0,0,Grand Total,,,0,0,,,,,
42,Wed,2026-10-14 00:00:00,Converting ,Do Boy,,,,,,,,,,0,0,Grand Total,,,0,0,,,,,
42,Thu,2026-10-15 00:00:00,Converting ,Do Boy,,,,,,,,,,0,0,Grand Total,,,0,0,,,,,
42,Fri,2026-10-16 00:00:00,Converting ,Do Boy,,,,,,,,,,0,0,Grand Total,,,0,0,,,,,
42,Sat,2026-10-17 00:00:00,Converting ,Do Boy,,,,,,,,,,0,0,Grand Total,,,0,0,,,,,
42,Sun,2026-10-18 00:00:00,Converting ,Do Boy,,,,,,,,,,0,0,Grand Total,,,0,0,,,,,
43,Mon,2026-10-19 00:00:00,Converting ,Do Boy,,,,,,,,,,0,0,Grand Total,,,0,0,,,,,
43,Tue,2026-10-20 00:00:00,Converting ,Do Boy,,,,,,,,,,0,0,Grand Total,,,0,0,,,,,
43,Wed,2026-10-21 00:00:00,Converting ,Do Boy,,,,,,,,,,0,0,Grand Total,,,0,0,,,,,
43,Thu,2026-10-22 00:00:00,Converting ,Do Boy,,,,,,,,,,0,0,Grand Total,,,0,0,,,,,
43,Fri,2026-10-23 00:00:00,Converting ,Do Boy,,,,,,,,,,0,0,Grand Total,,,0,0,,,,,
43,Sat,2026-10-24 00:00:00,Converting ,Do Boy,,,,,,,,,,0,0,Grand Total,,,0,0,,,,,
43,Sun,2026-10-25 00:00:00,Converting ,Do Boy,,,,,,,,,,0,0,Grand Total,,,0,0,,,,,
44,Mon,2026-10-26 00:00:00,Converting ,Do Boy,,,,,,,,,,0,0,Grand Total,,,0,0,,,,,
44,Tue,2026-10-27 00:00:00,Converting ,Do Boy,,,,,,,,,,0,0,Grand Total,,,0,0,,,,,
44,Wed,2026-10-28 00:00:00,Converting ,Do Boy,,,,,,,,,,0,0,Grand Total,,,0,0,,,,,
44,Thu,2026-10-29 00:00:00,Converting ,Do Boy,,,,,,,,,,0,0,Grand Total,,,0,0,,,,,
44,Fri,2026-10-30 00:00:00,Converting ,Do Boy,,,,,,,,,,0,0,Grand Total,,,0,0,,,,,
44,Sat,2026-10-31 00:00:00,Converting ,Do Boy,,,,,,,,,,0,0,Grand Total,,,0,0,,,,,
44,Sun,2026-11-01 00:00:00,Converting ,Do Boy,,,,,,,,,,0,0,Grand Total,,,0,0,,,,,
45,Mon,2026-11-02 00:00:00,Converting ,Do Boy,,,,,,,,,,0,0,Grand Total,,,0,0,,,,,
45,Tue,2026-11-03 00:00:00,Converting ,Do Boy,,,,,,,,,,0,0,Grand Total,,,0,0,,,,,
45,Wed,2026-11-04 00:00:00,Converting ,Do Boy,,,,,,,,,,0,0,Grand Total,,,0,0,,,,,
45,Thu,2026-11-05 00:00:00,Converting ,Do Boy,,,,,,,,,,0,0,Grand Total,,,0,0,,,,,
45,Fri,2026-11-06 00:00:00,Converting ,Do Boy,,,,,,,,,,0,0,Grand Total,,,0,0,,,,,
45,Sat,2026-11-07 00:00:00,Converting ,Do Boy,,,,,,,,,,0,0,Grand Total,,,0,0,,,,,
45,Sun,2026-11-08 00:00:00,Converting ,Do Boy,,,,,,,,,,0,0,Grand Total,,,0,0,,,,,
46,Mon,2026-11-09 00:00:00,Converting ,Do Boy,,,,,,,,,,0,0,Grand Total,,,0,0,,,,,
46,Tue,2026-11-10 00:00:00,Converting ,Do Boy,,,,,,,,,,0,0,Grand Total,,,0,0,,,,,
46,Wed,2026-11-11 00:00:00,Converting ,Do Boy,,,,,,,,,,0,0,Grand Total,,,0,0,,,,,
46,Thu,2026-11-12 00:00:00,Converting ,Do Boy,,,,,,,,,,0,0,Grand Total,,,0,0,,,,,
46,Fri,2026-11-13 00:00:00,Converting ,Do Boy,,,,,,,,,,0,0,Grand Total,,,0,0,,,,,
46,Sat,2026-11-14 00:00:00,Converting ,Do Boy,,,,,,,,,,0,0,Grand Total,,,0,0,,,,,
46,Sun,2026-11-15 00:00:00,Converting ,Do Boy,,,,,,,,,,0,0,Grand Total,,,0,0,,,,,
47,Mon,2026-11-16 00:00:00,Converting ,Do Boy,,,,,,,,,,0,0,Grand Total,,,0,0,,,,,
47,Tue,2026-11-17 00:00:00,Converting ,Do Boy,,,,,,,,,,0,0,Grand Total,,,0,0,,,,,
47,Wed,2026-11-18 00:00:00,Converting ,Do Boy,,,,,,,,,,0,0,Grand Total,,,0,0,,,,,
47,Thu,2026-11-19 00:00:00,Converting ,Do Boy,,,,,,,,,,0,0,Grand Total,,,0,0,,,,,
47,Fri,2026-11-20 00:00:00,Converting ,Do Boy,,,,,,,,,,0,0,Grand Total,,,0,0,,,,,
47,Sat,2026-11-21 00:00:00,Converting ,Do Boy,,,,,,,,,,0,0,Grand Total,,,0,0,,,,,
47,Sun,2026-11-22 00:00:00,Converting ,Do Boy,,,,,,,,,,0,0,Grand Total,,,0,0,,,,,
48,Mon,2026-11-23 00:00:00,Converting ,Do Boy,,,,,,,,,,0,0,Grand Total,,,0,0,,,,,
48,Tue,2026-11-24 00:00:00,Converting ,Do Boy,,,,,,,,,,0,0,Grand Total,,,0,0,,,,,
48,Wed,2026-11-25 00:00:00,Converting ,Do Boy,,,,,,,,,,0,0,Grand Total,,,0,0,,,,,
48,Thu,2026-11-26 00:00:00,Converting ,Do Boy,,,,,,,,,,0,0,Grand Total,,,0,0,,,,,
48,Fri,2026-11-27 00:00:00,Converting ,Do Boy,,,,,,,,,,0,0,Grand Total,,,0,0,,,,,
48,Sat,2026-11-28 00:00:00,Converting ,Do Boy,,,,,,,,,,0,0,Grand Total,,,0,0,,,,,
48,Sun,2026-11-29 00:00:00,Converting ,Do Boy,,,,,,,,,,0,0,Grand Total,,,0,0,,,,,
49,Mon,2026-11-30 00:00:00,Converting ,Do Boy,,,,,,,,,,0,0,Grand Total,,,0,0,,,,,
49,Tue,2026-12-01 00:00:00,Converting ,Do Boy,,,,,,,,,,0,0,Grand Total,,,0,0,,,,,
49,Wed,2026-12-02 00:00:00,Converting ,Do Boy,,,,,,,,,,0,0,Grand Total,,,0,0,,,,,
49,Thu,2026-12-03 00:00:00,Converting ,Do Boy,,,,,,,,,,0,0,Grand Total,,,0,0,,,,,
49,Fri,2026-12-04 00:00:00,Converting ,Do Boy,,,,,,,,,,0,0,Grand Total,,,0,0,,,,,
49,Sat,2026-12-05 00:00:00,Converting ,Do Boy,,,,,,,,,,0,0,Grand Total,,,0,0,,,,,
49,Sun,2026-12-06 00:00:00,Converting ,Do Boy,,,,,,,,,,0,0,Grand Total,,,0,0,,,,,
50,Mon,2026-12-07 00:00:00,Converting ,Do Boy,,,,,,,,,,0,0,Grand Total,,,0,0,,,,,
50,Tue,2026-12-08 00:00:00,Converting ,Do Boy,,,,,,,,,,0,0,Grand Total,,,0,0,,,,,
50,Wed,2026-12-09 00:00:00,Converting ,Do Boy,,,,,,,,,,0,0,Grand Total,,,0,0,,,,,
50,Thu,2026-12-10 00:00:00,Converting ,Do Boy,,,,,,,,,,0,0,Grand Total,,,0,0,,,,,
50,Fri,2026-12-11 00:00:00,Converting ,Do Boy,,,,,,,,,,0,0,Grand Total,,,0,0,,,,,
50,Sat,2026-12-12 00:00:00,Converting ,Do Boy,,,,,,,,,,0,0,Grand Total,,,0,0,,,,,
50,Sun,2026-12-13 00:00:00,Converting ,Do Boy,,,,,,,,,,0,0,Grand Total,,,0,0,,,,,
51,Mon,2026-12-14 00:00:00,Converting ,Do Boy,,,,,,,,,,0,0,Grand Total,,,0,0,,,,,
51,Tue,2026-12-15 00:00:00,Converting ,Do Boy,,,,,,,,,,0,0,Grand Total,,,0,0,,,,,
51,Wed,2026-12-16 00:00:00,Converting ,Do Boy,,,,,,,,,,0,0,Grand Total,,,0,0,,,,,
51,Thu,2026-12-17 00:00:00,Converting ,Do Boy,,,,,,,,,,0,0,Grand Total,,,0,0,,,,,
51,Fri,2026-12-18 00:00:00,Converting ,Do Boy,,,,,,,,,,0,0,Grand Total,,,0,0,,,,,
51,Sat,2026-12-19 00:00:00,Converting ,Do Boy,,,,,,,,,,0,0,Grand Total,,,0,0,,,,,
51,Sun,2026-12-20 00:00:00,Converting ,Do Boy,,,,,,,,,,0,0,Grand Total,,,0,0,,,,,
52,Mon,2026-12-21 00:00:00,Converting ,Do Boy,,,,,,,,,,0,0,Grand Total,,,0,0,,,,,
52,Tue,2026-12-22 00:00:00,Converting ,Do Boy,,,,,,,,,,0,0,Grand Total,,,0,0,,,,,
52,Wed,2026-12-23 00:00:00,Converting ,Do Boy,,,,,,,,,,0,0,Grand Total,,,0,0,,,,,
52,Thu,2026-12-24 00:00:00,Converting ,Do Boy,,,,,,,,,,0,0,Grand Total,,,0,0,,,,,
52,Fri,2026-12-25 00:00:00,Converting ,Do Boy,,,,,,,,,,0,0,Grand Total,,,0,0,,,,,
52,Sat,2026-12-26 00:00:00,Converting ,Do Boy,,,,,,,,,,0,0,Grand Total,,,0,0,,,,,
52,Sun,2026-12-27 00:00:00,Converting ,Do Boy,,,,,,,,,,0,0,Grand Total,,,0,0,,,,,
53,Mon,2026-12-28 00:00:00,Converting ,Do Boy,,,,,,,,,,0,0,Grand Total,,,0,0,,,,,
53,Tue,2026-12-29 00:00:00,Converting ,Do Boy,,,,,,,,,,0,0,Grand Total,,,0,0,,,,,
53,Wed,2026-12-30 00:00:00,Converting ,Do Boy,,,,,,,,,,0,0,Grand Total,,,0,0,,,,,
53,Thu,2026-12-31 00:00:00,Converting ,Do Boy,,,,,,,,,,0,0,Grand Total,,,0,0,,,,,
1,Thu,2026-01-01 00:00:00,Converting ,Hudson 1,,,,,,,,,,0,0,Grand Total,,,0,0,,,,,
1,Fri,2026-01-02 00:00:00,Converting ,Hudson 1,,,,,,,,,,0,0,Grand Total,,,0,0,,,,,
1,Tue,2023-01-03 00:00:00,Converting ,Hudson 1,,,,,,,,,,0,0,Grand Total,,,0,0,,,,,
1,Sun,2026-01-04 00:00:00,Converting ,Hudson 1,,,,,,,,,,0,0,Grand Total,,,0,0,,,,,
2,Mon,2026-01-05 00:00:00,Converting ,Hudson 1,,,,,,,,,,0,0,Grand Total,,,0,0,,,,,
2,Tue,2026-01-06 00:00:00,Converting ,Hudson 1,,,,,,,,,,0,0,Grand Total,,,0,0,,,,,
2,Wed,2026-01-07 00:00:00,Converting ,Hudson 1,,,,,,,,,,0,0,Grand Total,,,0,0,,,,,
2,Thu,2026-01-08 00:00:00,Converting ,Hudson 1,,,,,,,,,,0,0,Grand Total,,,0,0,,,,,
2,Fri,2026-01-09 00:00:00,Converting ,Hudson 1,,,,,,,,,,0,0,Grand Total,,,0,0,,,,,
2,Sat,2026-01-10 00:00:00,Converting ,Hudson 1,,,,,,,,,,0,0,Grand Total,,,0,0,,,,,
2,Sun,2026-01-11 00:00:00,Converting ,Hudson 1,,,,,,,,,,0,0,Grand Total,,,0,0,,,,,
3,Mon,2026-01-12 00:00:00,Converting ,Hudson 1,,,,,,,,,,0,0,Grand Total,,,0,0,,,,,
3,Tue,2026-01-13 00:00:00,Converting ,Hudson 1,,,,,,,,,,0,0,Grand Total,,,0,0,,,,,
3,Wed,2026-01-14 00:00:00,Converting ,Hudson 1,,,,,,,,,,0,0,Grand Total,,,0,0,,,,,
3,Thu,2026-01-15 00:00:00,Converting ,Hudson 1,,,,,,,,,,0,0,Grand Total,,,0,0,,,,,
3,Fri,2026-01-16 00:00:00,Converting ,Hudson 1,,,,,,,,,,0,0,Grand Total,,,0,0,,,,,
3,Sat,2026-01-17 00:00:00,Converting ,Hudson 1,,,,,,,,,,0,0,Grand Total,,,0,0,,,,,
3,Sun,2026-01-18 00:00:00,Converting ,Hudson 1,,,,,,,,,,0,0,Grand Total,,,0,0,,,,,
4,Mon,2026-01-19 00:00:00,Converting ,Hudson 1,,,,,,,,,,0,0,Grand Total,,,0,0,,,,,
4,Tue,2026-01-20 00:00:00,Converting ,Hudson 1,,,,,,,,,,0,0,Grand Total,,,0,0,,,,,
4,Wed,2026-01-21 00:00:00,Converting ,Hudson 1,,,,,,,,,,0,0,Grand Total,,,0,0,,,,,
4,Thu,2026-01-22 00:00:00,Converting ,Hudson 1,,,,,,,,,,0,0,Grand Total,,,0,0,,,,,
4,Fri,2026-01-23 00:00:00,Converting ,Hudson 1,,,,,,,,,,0,0,Grand Total,,,0,0,,,,,
4,Sat,2026-01-24 00:00:00,Converting ,Hudson 1,,,,,,,,,,0,0,Grand Total,,,0,0,,,,,
4,Sun,2026-01-25 00:00:00,Converting ,Hudson 1,,,,,,,,,,0,0,Grand Total,,,0,0,,,,,
5,Mon,2026-01-26 00:00:00,Converting ,Hudson 1,,,,PM,,,,,,0,0,Grand Total,,,0,0,,,,,
5,Tue,2026-01-27 00:00:00,Converting ,Hudson 1,,,,,,,,,,0,0,Grand Total,,,0,0,,,,,
5,Wed,2026-01-28 00:00:00,Converting ,Hudson 1,,,,,,,,,,0,0,Grand Total,,,0,0,,,,,
5,Thu,2026-01-29 00:00:00,Converting ,Hudson 1,,,,,,,,,,0,0,Grand Total,,,0,0,,,,,
5,Fri,2026-01-30 00:00:00,Converting ,Hudson 1,,,,,,,,,,0,0,Grand Total,,,0,0,,,,,
5,Sat,2026-01-31 00:00:00,Converting ,Hudson 1,,,,,,,,,,0,0,Grand Total,,,0,0,,,,,
5,Sun,2026-02-01 00:00:00,Converting ,Hudson 1,,,,,,,,,,0,0,Grand Total,,,0,0,,,,,
6,Mon,2026-02-02 00:00:00,Converting ,Hudson 1,,,,,,,,,,0,0,Grand Total,,,0,0,,,,,
6,Tue,2026-02-03 00:00:00,Converting ,Hudson 1,,,,,,,,,,0,0,Grand Total,,,0,0,,,,,
6,Wed,2026-02-04 00:00:00,Converting ,Hudson 1,,,,,,,,,,0,0,Grand Total,,,0,0,,,,,
6,Thu,2026-02-05 00:00:00,Converting ,Hudson 1,,,,,,,,,,0,0,Grand Total,,,0,0,,,,,
6,Fri,2026-02-06 00:00:00,Converting ,Hudson 1,,,,,,,,,,0,0,Grand Total,,,0,0,,,,,
6,Sat,2026-02-07 00:00:00,Converting ,Hudson 1,,,,,,,,,,0,0,Grand Total,,,0,0,,,,,
6,Sun,2026-02-08 00:00:00,Converting ,Hudson 1,,,,,,,,,,0,0,Grand Total,,,0,0,,,,,
7,Mon,2026-02-09 00:00:00,Converting ,Hudson 1,No,Non-Sterile,3777,54640,,7,700,700,EA,0,0,Grand Total,,,0,0,,,,,
7,Tue,2026-02-10 00:00:00,Converting ,Hudson 1,,,,,,,,,,0,0,Grand Total,,,0,0,,,,,
7,Wed,2026-02-11 00:00:00,Converting ,Hudson 1,,,,,,,,,,0,0,Grand Total,,,0,0,,,,,
7,Thu,2026-02-12 00:00:00,Converting ,Hudson 1,,,,,,,,,,0,0,Grand Total,,,0,0,,,,,
7,Fri,2026-02-13 00:00:00,Converting ,Hudson 1,,,,,,,,,,0,0,Grand Total,,,0,0,,,,,
7,Sat,2026-02-14 00:00:00,Converting ,Hudson 1,,,,,,,,,,0,0,Grand Total,,,0,0,,,,,
7,Sun,2026-02-15 00:00:00,Converting ,Hudson 1,,,,,,,,,,0,0,Grand Total,,,0,0,,,,,
8,Mon,2026-02-16 00:00:00,Converting ,Hudson 1,,,,,,,,,,0,0,Grand Total,,,0,0,,,,,
8,Tue,2026-02-17 00:00:00,Converting ,Hudson 1,,,,,,,,,,0,0,Grand Total,,,0,0,,,,,
8,Wed,2026-02-18 00:00:00,Converting ,Hudson 1,,,,,,,,,,0,0,Grand Total,,,0,0,,,,,
8,Thu,2026-02-19 00:00:00,Converting ,Hudson 1,,,,,,,,,,0,0,Grand Total,,,0,0,,,,,
8,Fri,2026-02-20 00:00:00,Converting ,Hudson 1,,,,,,,,,,0,0,Grand Total,,,0,0,,,,,
8,Sat,2026-02-21 00:00:00,Converting ,Hudson 1,,,,,,,,,,0,0,Grand Total,,,0,0,,,,,
8,Sun,2026-02-22 00:00:00,Converting ,Hudson 1,,,,,,,,,,0,0,Grand Total,,,0,0,,,,,
9,Mon,2026-02-23 00:00:00,Converting ,Hudson 1,,,,,,,,,,0,0,Grand Total,,,0,0,,,,,
9,Tue,2026-02-24 00:00:00,Converting ,Hudson 1,,,,,,,,,,0,0,Grand Total,,,0,0,,,,,
9,Wed,2026-02-25 00:00:00,Converting ,Hudson 1,,,,,,,,,,0,0,Grand Total,,,0,0,,,,,
9,Thu,2026-02-26 00:00:00,Converting ,Hudson 1,,,,,,,,,,0,0,Grand Total,,,0,0,,,,,
9,Fri,2026-02-27 00:00:00,Converting ,Hudson 1,,,,,,,,,,0,0,Grand Total,,,0,0,,,,,
9,Sat,2026-02-28 00:00:00,Converting ,Hudson 1,,,,,,,,,,0,0,Grand Total,,,0,0,,,,,
9,Sun,2026-03-01 00:00:00,Converting ,Hudson 1,,,,,,,,,,0,0,Grand Total,,,0,0,,,,,
10,Mon,2026-03-02 00:00:00,Converting ,Hudson 1,,,,,,,,,,0,0,Grand Total,,,0,0,,,,,
10,Tue,2026-03-03 00:00:00,Converting ,Hudson 1,,,,,,,,,,0,0,Grand Total,,,0,0,,,,,
10,Wed,2026-03-04 00:00:00,Converting ,Hudson 1,,,,,,,,,,0,0,Grand Total,,,0,0,,,,,
10,Thu,2026-03-05 00:00:00,Converting ,Hudson 1,,,,,,,,,,0,0,Grand Total,,,0,0,,,,,
10,Fri,2026-03-06 00:00:00,Converting ,Hudson 1,,,,,,,,,,0,0,Grand Total,,,0,0,,,,,
10,Sat,2026-03-07 00:00:00,Converting ,Hudson 1,,,,,,,,,,0,0,Grand Total,,,0,0,,,,,
10,Sun,2026-03-08 00:00:00,Converting ,Hudson 1,,,,,,,,,,0,0,Grand Total,,,0,0,,,,,
11,Mon,2026-03-09 00:00:00,Converting ,Hudson 1,,,,,,,,,,0,0,Grand Total,,,0,0,,,,,
11,Tue,2026-03-10 00:00:00,Converting ,Hudson 1,,,,,,,,,,0,0,Grand Total,,,0,0,,,,,
11,Wed,2026-03-11 00:00:00,Converting ,Hudson 1,,,,,,,,,,0,0,Grand Total,,,0,0,,,,,
11,Thu,2026-03-12 00:00:00,Converting ,Hudson 1,,,,,,,,,,0,0,Grand Total,,,0,0,,,,,
11,Fri,2026-03-13 00:00:00,Converting ,Hudson 1,,,,,,,,,,0,0,Grand Total,,,0,0,,,,,
11,Sat,2026-03-14 00:00:00,Converting ,Hudson 1,,,,,,,,,,0,0,Grand Total,,,0,0,,,,,
11,Sun,2026-03-15 00:00:00,Converting ,Hudson 1,,,,,,,,,,0,0,Grand Total,,,0,0,,,,,
12,Mon,2026-03-16 00:00:00,Converting ,Hudson 1,,,,,,,,,,0,0,Grand Total,,,0,0,,,,,
12,Tue,2026-03-17 00:00:00,Converting ,Hudson 1,,,,,,,,,,0,0,Grand Total,,,0,0,,,,,
12,Wed,2026-03-18 00:00:00,Converting ,Hudson 1,,,,,,,,,,0,0,Grand Total,,,0,0,,,,,
12,Thu,2026-03-19 00:00:00,Converting ,Hudson 1,,,,,,,,,,0,0,Grand Total,,,0,0,,,,,
12,Fri,2026-03-20 00:00:00,Converting ,Hudson 1,,,,,,,,,,0,0,Grand Total,,,0,0,,,,,
12,Sat,2026-03-21 00:00:00,Converting ,Hudson 1,,,,,,,,,,0,0,Grand Total,,,0,0,,,,,
12,Sun,2026-03-22 00:00:00,Converting ,Hudson 1,,,,,,,,,,0,0,Grand Total,,,0,0,,,,,
13,Mon,2026-03-23 00:00:00,Converting ,Hudson 1,,,,,,,,,,0,0,Grand Total,,,0,0,,,,,
13,Tue,2026-03-24 00:00:00,Converting ,Hudson 1,,,,,,,,,,0,0,Grand Total,,,0,0,,,,,
13,Wed,2026-03-25 00:00:00,Converting ,Hudson 1,,,,,,,,,,0,0,Grand Total,,,0,0,,,,,
13,Thu,2026-03-26 00:00:00,Converting ,Hudson 1,,,,,,,,,,0,0,Grand Total,,,0,0,,,,,
13,Fri,2026-03-27 00:00:00,Converting ,Hudson 1,,,,,,,,,,0,0,Grand Total,,,0,0,,,,,
13,Sat,2026-03-28 00:00:00,Converting ,Hudson 1,,,,,,,,,,0,0,Grand Total,,,0,0,,,,,
13,Sun,2026-03-29 00:00:00,Converting ,Hudson 1,,,,,,,,,,0,0,Grand Total,,,0,0,,,,,
14,Mon,2026-03-30 00:00:00,Converting ,Hudson 1,,,,,,,,,,0,0,Grand Total,,,0,0,,,,,
14,Tue,2026-03-31 00:00:00,Converting ,Hudson 1,,,,,,,,,,0,0,Grand Total,,,0,0,,,,,
14,Wed,2026-04-01 00:00:00,Converting ,Hudson 1,,,,,,,,,,0,0,Grand Total,,,0,0,,,,,
14,Thu,2026-04-02 00:00:00,Converting ,Hudson 1,,,,,,,,,,0,0,Grand Total,,,0,0,,,,,
14,Fri,2026-04-03 00:00:00,Converting ,Hudson 1,,,,,,,,,,0,0,Grand Total,,,0,0,,,,,
14,Sat,2026-04-04 00:00:00,Converting ,Hudson 1,,,,,,,,,,0,0,Grand Total,,,0,0,,,,,
14,Sun,2026-04-05 00:00:00,Converting ,Hudson 1,,,,,,,,,,0,0,Grand Total,,,0,0,,,,,
15,Mon,2026-04-06 00:00:00,Converting ,Hudson 1,,,,,,,,,,0,0,Grand Total,,,0,0,,,,,
15,Tue,2026-04-07 00:00:00,Converting ,Hudson 1,,,,,,,,,,0,0,Grand Total,,,0,0,,,,,
15,Wed,2026-04-08 00:00:00,Converting ,Hudson 1,,,,,,,,,,0,0,Grand Total,,,0,0,,,,,
15,Thu,2026-04-09 00:00:00,Converting ,Hudson 1,,,,,,,,,,0,0,Grand Total,,,0,0,,,,,
15,Fri,2026-04-10 00:00:00,Converting ,Hudson 1,,,,,,,,,,0,0,Grand Total,,,0,0,,,,,
15,Sat,2026-04-11 00:00:00,Converting ,Hudson 1,,,,,,,,,,0,0,Grand Total,,,0,0,,,,,
15,Sun,2026-04-12 00:00:00,Converting ,Hudson 1,,,,,,,,,,0,0,Grand Total,,,0,0,,,,,
16,Mon,2026-04-13 00:00:00,Converting ,Hudson 1,,,,,,,,,,0,0,Grand Total,,,0,0,,,,,
16,Tue,2026-04-14 00:00:00,Converting ,Hudson 1,,,,,,,,,,0,0,Grand Total,,,0,0,,,,,
16,Wed,2026-04-15 00:00:00,Converting ,Hudson 1,,,,,,,,,,0,0,Grand Total,,,0,0,,,,,
16,Thu,2026-04-16 00:00:00,Converting ,Hudson 1,,,,,,,,,,0,0,Grand Total,,,0,0,,,,,
16,Fri,2026-04-17 00:00:00,Converting ,Hudson 1,,,,,,,,,,0,0,Grand Total,,,0,0,,,,,
16,Sat,2026-04-18 00:00:00,Converting ,Hudson 1,,,,,,,,,,0,0,Grand Total,,,0,0,,,,,
16,Sun,2026-04-19 00:00:00,Converting ,Hudson 1,,,,,,,,,,0,0,Grand Total,,,0,0,,,,,
17,Mon,2026-04-20 00:00:00,Converting ,Hudson 1,,,,,,,,,,0,0,Grand Total,,,0,0,,,,,
17,Tue,2026-04-21 00:00:00,Converting ,Hudson 1,,,,,,,,,,0,0,Grand Total,,,0,0,,,,,
17,Wed,2026-04-22 00:00:00,Converting ,Hudson 1,,,,,,,,,,0,0,Grand Total,,,0,0,,,,,
17,Thu,2026-04-23 00:00:00,Converting ,Hudson 1,,,,,,,,,,0,0,Grand Total,,,0,0,,,,,
17,Fri,2026-04-24 00:00:00,Converting ,Hudson 1,,,,,,,,,,0,0,Grand Total,,,0,0,,,,,
17,Sat,2026-04-25 00:00:00,Converting ,Hudson 1,,,,,,,,,,0,0,Grand Total,,,0,0,,,,,
17,Sun,2026-04-26 00:00:00,Converting ,Hudson 1,,,,,,,,,,0,0,Grand Total,,,0,0,,,,,
18,Mon,2026-04-27 00:00:00,Converting ,Hudson 1,,,,,,,,,,0,0,Grand Total,,,0,0,,,,,
18,Tue,2026-04-28 00:00:00,Converting ,Hudson 1,,,,,,,,,,0,0,Grand Total,,,0,0,,,,,
18,Wed,2026-04-29 00:00:00,Converting ,Hudson 1,,,,,,,,,,0,0,Grand Total,,,0,0,,,,,
18,Thu,2026-04-30 00:00:00,Converting ,Hudson 1,,,,,,,,,,0,0,Grand Total,,,0,0,,,,,
18,Fri,2026-05-01 00:00:00,Converting ,Hudson 1,,,,,,,,,,0,0,Grand Total,,,0,0,,,,,
18,Sat,2026-05-02 00:00:00,Converting ,Hudson 1,,,,,,,,,,0,0,Grand Total,,,0,0,,,,,
18,Sun,2026-05-03 00:00:00,Converting ,Hudson 1,,,,,,,,,,0,0,Grand Total,,,0,0,,,,,
19,Mon,2026-05-04 00:00:00,Converting ,Hudson 1,,,,,,,,,,0,0,Grand Total,,,0,0,,,,,
19,Tue,2026-05-05 00:00:00,Converting ,Hudson 1,,,,,,,,,,0,0,Grand Total,,,0,0,,,,,
19,Wed,2026-05-06 00:00:00,Converting ,Hudson 1,,,,,,,,,,0,0,Grand Total,,,0,0,,,,,
19,Thu,2026-05-07 00:00:00,Converting ,Hudson 1,,,,,,,,,,0,0,Grand Total,,,0,0,,,,,
19,Fri,2026-05-08 00:00:00,Converting ,Hudson 1,,,,,,,,,,0,0,Grand Total,,,0,0,,,,,
19,Sat,2026-05-09 00:00:00,Converting ,Hudson 1,,,,,,,,,,0,0,Grand Total,,,0,0,,,,,
19,Sun,2026-05-10 00:00:00,Converting ,Hudson 1,,,,,,,,,,0,0,Grand Total,,,0,0,,,,,
20,Mon,2026-05-11 00:00:00,Converting ,Hudson 1,,,,,,,,,,0,0,Grand Total,,,0,0,,,,,
20,Tue,2026-05-12 00:00:00,Converting ,Hudson 1,,,,,,,,,,0,0,Grand Total,,,0,0,,,,,
20,Wed,2026-05-13 00:00:00,Converting ,Hudson 1,,,,,,,,,,0,0,Grand Total,,,0,0,,,,,
20,Thu,2026-05-14 00:00:00,Converting ,Hudson 1,,,,,,,,,,0,0,Grand Total,,,0,0,,,,,
20,Fri,2026-05-15 00:00:00,Converting ,Hudson 1,,,,,,,,,,0,0,Grand Total,,,0,0,,,,,
20,Sat,2026-05-16 00:00:00,Converting ,Hudson 1,,,,,,,,,,0,0,Grand Total,,,0,0,,,,,
20,Sun,2026-05-17 00:00:00,Converting ,Hudson 1,,,,,,,,,,0,0,Grand Total,,,0,0,,,,,
21,Mon,2026-05-18 00:00:00,Converting ,Hudson 1,,,,,,,,,,0,0,Grand Total,,,0,0,,,,,
21,Tue,2026-05-19 00:00:00,Converting ,Hudson 1,,,,,,,,,,0,0,Grand Total,,,0,0,,,,,
21,Wed,2026-05-20 00:00:00,Converting ,Hudson 1,,,,,,,,,,0,0,Grand Total,,,0,0,,,,,
21,Thu,2026-05-21 00:00:00,Converting ,Hudson 1,,,,,,,,,,0,0,Grand Total,,,0,0,,,,,
21,Fri,2026-05-22 00:00:00,Converting ,Hudson 1,,,,,,,,,,0,0,Grand Total,,,0,0,,,,,
21,Sat,2026-05-23 00:00:00,Converting ,Hudson 1,,,,,,,,,,0,0,Grand Total,,,0,0,,,,,
21,Sun,2026-05-24 00:00:00,Converting ,Hudson 1,,,,,,,,,,0,0,Grand Total,,,0,0,,,,,
22,Mon,2026-05-25 00:00:00,Converting ,Hudson 1,,,,,,,,,,0,0,Grand Total,,,0,0,,,,,
22,Tue,2026-05-26 00:00:00,Converting ,Hudson 1,,,,,,,,,,0,0,Grand Total,,,0,0,,,,,
22,Wed,2026-05-27 00:00:00,Converting ,Hudson 1,,,,,,,,,,0,0,Grand Total,,,0,0,,,,,
22,Thu,2026-05-28 00:00:00,Converting ,Hudson 1,,,,,,,,,,0,0,Grand Total,,,0,0,,,,,
22,Fri,2026-05-29 00:00:00,Converting ,Hudson 1,,,,,,,,,,0,0,Grand Total,,,0,0,,,,,
22,Sat,2026-05-30 00:00:00,Converting ,Hudson 1,,,,,,,,,,0,0,Grand Total,,,0,0,,,,,
22,Sun,2026-05-31 00:00:00,Converting ,Hudson 1,,,,,,,,,,0,0,Grand Total,,,0,0,,,,,
23,Mon,2026-06-01 00:00:00,Converting ,Hudson 1,,,,,,,,,,0,0,Grand Total,,,0,0,,,,,
23,Tue,2026-06-02 00:00:00,Converting ,Hudson 1,,,,,,,,,,0,0,Grand Total,,,0,0,,,,,
23,Wed,2026-06-03 00:00:00,Converting ,Hudson 1,,,,,,,,,,0,0,Grand Total,,,0,0,,,,,
23,Thu,2026-06-04 00:00:00,Converting ,Hudson 1,,,,,,,,,,0,0,Grand Total,,,0,0,,,,,
23,Fri,2026-06-05 00:00:00,Converting ,Hudson 1,,,,,,,,,,0,0,Grand Total,,,0,0,,,,,
23,Sat,2026-06-06 00:00:00,Converting ,Hudson 1,,,,,,,,,,0,0,Grand Total,,,0,0,,,,,
23,Sun,2026-06-07 00:00:00,Converting ,Hudson 1,,,,,,,,,,0,0,Grand Total,,,0,0,,,,,
24,Mon,2026-06-08 00:00:00,Converting ,Hudson 1,,,,,,,,,,0,0,Grand Total,,,0,0,,,,,
24,Tue,2026-06-09 00:00:00,Converting ,Hudson 1,,,,,,,,,,0,0,Grand Total,,,0,0,,,,,
24,Wed,2026-06-10 00:00:00,Converting ,Hudson 1,,,,,,,,,,0,0,Grand Total,,,0,0,,,,,
24,Thu,2026-06-11 00:00:00,Converting ,Hudson 1,,,,,,,,,,0,0,Grand Total,,,0,0,,,,,
24,Fri,2026-06-12 00:00:00,Converting ,Hudson 1,,,,,,,,,,0,0,Grand Total,,,0,0,,,,,
24,Sat,2026-06-13 00:00:00,Converting ,Hudson 1,,,,,,,,,,0,0,Grand Total,,,0,0,,,,,
24,Sun,2026-06-14 00:00:00,Converting ,Hudson 1,,,,,,,,,,0,0,Grand Total,,,0,0,,,,,
25,Mon,2026-06-15 00:00:00,Converting ,Hudson 1,,,,,,,,,,0,0,Grand Total,,,0,0,,,,,
25,Tue,2026-06-16 00:00:00,Converting ,Hudson 1,,,,,,,,,,0,0,Grand Total,,,0,0,,,,,
25,Wed,2026-06-17 00:00:00,Converting ,Hudson 1,,,,,,,,,,0,0,Grand Total,,,0,0,,,,,
25,Thu,2026-06-18 00:00:00,Converting ,Hudson 1,,,,,,,,,,0,0,Grand Total,,,0,0,,,,,
25,Fri,2026-06-19 00:00:00,Converting ,Hudson 1,,,,,,,,,,0,0,Grand Total,,,0,0,,,,,
25,Sat,2026-06-20 00:00:00,Converting ,Hudson 1,,,,,,,,,,0,0,Grand Total,,,0,0,,,,,
25,Sun,2026-06-21 00:00:00,Converting ,Hudson 1,,,,,,,,,,0,0,Grand Total,,,0,0,,,,,
26,Mon,2026-06-22 00:00:00,Converting ,Hudson 1,,,,,,,,,,0,0,Grand Total,,,0,0,,,,,
26,Tue,2026-06-23 00:00:00,Converting ,Hudson 1,,,,,,,,,,0,0,Grand Total,,,0,0,,,,,
26,Wed,2026-06-24 00:00:00,Converting ,Hudson 1,,,,,,,,,,0,0,Grand Total,,,0,0,,,,,
26,Thu,2026-06-25 00:00:00,Converting ,Hudson 1,,,,,,,,,,0,0,Grand Total,,,0,0,,,,,
26,Fri,2026-06-26 00:00:00,Converting ,Hudson 1,,,,,,,,,,0,0,Grand Total,,,0,0,,,,,
26,Sat,2026-06-27 00:00:00,Converting ,Hudson 1,,,,,,,,,,0,0,Grand Total,,,0,0,,,,,
26,Sun,2026-06-28 00:00:00,Converting ,Hudson 1,,,,,,,,,,0,0,Grand Total,,,0,0,,,,,
27,Mon,2026-06-29 00:00:00,Converting ,Hudson 1,,,,,,,,,,0,0,Grand Total,,,0,0,,,,,
27,Tue,2026-06-30 00:00:00,Converting ,Hudson 1,,,,,,,,,,0,0,Grand Total,,,0,0,,,,,
27,Wed,2026-07-01 00:00:00,Converting ,Hudson 1,,,,,,,,,,0,0,Grand Total,,,0,0,,,,,
27,Thu,2026-07-02 00:00:00,Converting ,Hudson 1,,,,,,,,,,0,0,Grand Total,,,0,0,,,,,
27,Fri,2026-07-03 00:00:00,Converting ,Hudson 1,,,,,,,,,,0,0,Grand Total,,,0,0,,,,,
27,Sat,2026-07-04 00:00:00,Converting ,Hudson 1,,,,,,,,,,0,0,Grand Total,,,0,0,,,,,
27,Sun,2026-07-05 00:00:00,Converting ,Hudson 1,,,,,,,,,,0,0,Grand Total,,,0,0,,,,,
28,Mon,2026-07-06 00:00:00,Converting ,Hudson 1,,,,,,,,,,0,0,Grand Total,,,0,0,,,,,
28,Tue,2026-07-07 00:00:00,Converting ,Hudson 1,,,,,,,,,,0,0,Grand Total,,,0,0,,,,,
28,Wed,2026-07-08 00:00:00,Converting ,Hudson 1,,,,,,,,,,0,0,Grand Total,,,0,0,,,,,
28,Thu,2026-07-09 00:00:00,Converting ,Hudson 1,,,,,,,,,,0,0,Grand Total,,,0,0,,,,,
28,Fri,2026-07-10 00:00:00,Converting ,Hudson 1,,,,,,,,,,0,0,Grand Total,,,0,0,,,,,
28,Sat,2026-07-11 00:00:00,Converting ,Hudson 1,,,,,,,,,,0,0,Grand Total,,,0,0,,,,,
28,Sun,2026-07-12 00:00:00,Converting ,Hudson 1,,,,,,,,,,0,0,Grand Total,,,0,0,,,,,
29,Mon,2026-07-13 00:00:00,Converting ,Hudson 1,,,,,,,,,,0,0,Grand Total,,,0,0,,,,,
29,Tue,2026-07-14 00:00:00,Converting ,Hudson 1,,,,,,,,,,0,0,Grand Total,,,0,0,,,,,
29,Wed,2026-07-15 00:00:00,Converting ,Hudson 1,,,,,,,,,,0,0,Grand Total,,,0,0,,,,,
29,Thu,2026-07-16 00:00:00,Converting ,Hudson 1,,,,,,,,,,0,0,Grand Total,,,0,0,,,,,
29,Fri,2026-07-17 00:00:00,Converting ,Hudson 1,,,,,,,,,,0,0,Grand Total,,,0,0,,,,,
29,Sat,2026-07-18 00:00:00,Converting ,Hudson 1,,,,,,,,,,0,0,Grand Total,,,0,0,,,,,
29,Sun,2026-07-19 00:00:00,Converting ,Hudson 1,,,,,,,,,,0,0,Grand Total,,,0,0,,,,,
30,Mon,2026-07-20 00:00:00,Converting ,Hudson 1,,,,,,,,,,0,0,Grand Total,,,0,0,,,,,
30,Tue,2026-07-21 00:00:00,Converting ,Hudson 1,,,,,,,,,,0,0,Grand Total,,,0,0,,,,,
30,Wed,2026-07-22 00:00:00,Converting ,Hudson 1,,,,,,,,,,0,0,Grand Total,,,0,0,,,,,
30,Thu,2026-07-23 00:00:00,Converting ,Hudson 1,,,,,,,,,,0,0,Grand Total,,,0,0,,,,,
30,Fri,2026-07-24 00:00:00,Converting ,Hudson 1,,,,,,,,,,0,0,Grand Total,,,0,0,,,,,
30,Sat,2026-07-25 00:00:00,Converting ,Hudson 1,,,,,,,,,,0,0,Grand Total,,,0,0,,,,,
30,Sun,2026-07-26 00:00:00,Converting ,Hudson 1,,,,,,,,,,0,0,Grand Total,,,0,0,,,,,
31,Mon,2026-07-27 00:00:00,Converting ,Hudson 1,,,,,,,,,,0,0,Grand Total,,,0,0,,,,,
31,Tue,2026-07-28 00:00:00,Converting ,Hudson 1,,,,,,,,,,0,0,Grand Total,,,0,0,,,,,
31,Wed,2026-07-29 00:00:00,Converting ,Hudson 1,,,,,,,,,,0,0,Grand Total,,,0,0,,,,,
33,Tue,2026-08-11 00:00:00,Converting ,Hudson 1,,,,,,,,,,0,0,Grand Total,,,0,0,,,,,
33,Wed,2026-08-12 00:00:00,Converting ,Hudson 1,,,,,,,,,,0,0,Grand Total,,,0,0,,,,,
33,Thu,2026-08-13 00:00:00,Converting ,Hudson 1,,,,,,,,,,0,0,Grand Total,,,0,0,,,,,
33,Fri,2026-08-14 00:00:00,Converting ,Hudson 1,,,,,,,,,,0,0,Grand Total,,,0,0,,,,,
33,Sat,2026-08-15 00:00:00,Converting ,Hudson 1,,,,,,,,,,0,0,Grand Total,,,0,0,,,,,
33,Sun,2026-08-16 00:00:00,Converting ,Hudson 1,,,,,,,,,,0,0,Grand Total,,,0,0,,,,,
34,Mon,2026-08-17 00:00:00,Converting ,Hudson 1,,,,,,,,,,0,0,Grand Total,,,0,0,,,,,
34,Tue,2026-08-18 00:00:00,Converting ,Hudson 1,,,,,,,,,,0,0,Grand Total,,,0,0,,,,,
34,Wed,2026-08-19 00:00:00,Converting ,Hudson 1,,,,,,,,,,0,0,Grand Total,,,0,0,,,,,
34,Thu,2026-08-20 00:00:00,Converting ,Hudson 1,,,,,,,,,,0,0,Grand Total,,,0,0,,,,,
34,Fri,2026-08-21 00:00:00,Converting ,Hudson 1,,,,,,,,,,0,0,Grand Total,,,0,0,,,,,
34,Sat,2026-08-22 00:00:00,Converting ,Hudson 1,,,,,,,,,,0,0,Grand Total,,,0,0,,,,,
34,Sun,2026-08-23 00:00:00,Converting ,Hudson 1,,,,,,,,,,0,0,Grand Total,,,0,0,,,,,
35,Mon,2026-08-24 00:00:00,Converting ,Hudson 1,,,,,,,,,,0,0,Grand Total,,,0,0,,,,,
35,Tue,2026-08-25 00:00:00,Converting ,Hudson 1,,,,,,,,,,0,0,Grand Total,,,0,0,,,,,
35,Wed,2026-08-26 00:00:00,Converting ,Hudson 1,,,,,,,,,,0,0,Grand Total,,,0,0,,,,,
35,Thu,2026-08-27 00:00:00,Converting ,Hudson 1,,,,,,,,,,0,0,Grand Total,,,0,0,,,,,
35,Fri,2026-08-28 00:00:00,Converting ,Hudson 1,,,,,,,,,,0,0,Grand Total,,,0,0,,,,,
35,Sat,2026-08-29 00:00:00,Converting ,Hudson 1,,,,,,,,,,0,0,Grand Total,,,0,0,,,,,
35,Sun,2026-08-30 00:00:00,Converting ,Hudson 1,,,,,,,,,,0,0,Grand Total,,,0,0,,,,,
36,Mon,2026-08-31 00:00:00,Converting ,Hudson 1,,,,,,,,,,0,0,Grand Total,,,0,0,,,,,
36,Tue,2026-09-01 00:00:00,Converting ,Hudson 1,,,,,,,,,,0,0,Grand Total,,,0,0,,,,,
36,Wed,2026-09-02 00:00:00,Converting ,Hudson 1,,,,,,,,,,0,0,Grand Total,,,0,0,,,,,
36,Thu,2026-09-03 00:00:00,Converting ,Hudson 1,,,,,,,,,,0,0,Grand Total,,,0,0,,,,,
36,Fri,2026-09-04 00:00:00,Converting ,Hudson 1,,,,,,,,,,0,0,Grand Total,,,0,0,,,,,
36,Sat,2026-09-05 00:00:00,Converting ,Hudson 1,,,,,,,,,,0,0,Grand Total,,,0,0,,,,,
36,Sun,2026-09-06 00:00:00,Converting ,Hudson 1,,,,,,,,,,0,0,Grand Total,,,0,0,,,,,
37,Mon,2026-09-07 00:00:00,Converting ,Hudson 1,,,,,,,,,,0,0,Grand Total,,,0,0,,,,,
37,Tue,2026-09-08 00:00:00,Converting ,Hudson 1,,,,,,,,,,0,0,Grand Total,,,0,0,,,,,
37,Wed,2026-09-09 00:00:00,Converting ,Hudson 1,,,,,,,,,,0,0,Grand Total,,,0,0,,,,,
37,Thu,2026-09-10 00:00:00,Converting ,Hudson 1,,,,,,,,,,0,0,Grand Total,,,0,0,,,,,
37,Fri,2026-09-11 00:00:00,Converting ,Hudson 1,,,,,,,,,,0,0,Grand Total,,,0,0,,,,,
37,Sat,2026-09-12 00:00:00,Converting ,Hudson 1,,,,,,,,,,0,0,Grand Total,,,0,0,,,,,
37,Sun,2026-09-13 00:00:00,Converting ,Hudson 1,,,,,,,,,,0,0,Grand Total,,,0,0,,,,,
38,Mon,2026-09-14 00:00:00,Converting ,Hudson 1,,,,,,,,,,0,0,Grand Total,,,0,0,,,,,
38,Tue,2026-09-15 00:00:00,Converting ,Hudson 1,,,,,,,,,,0,0,Grand Total,,,0,0,,,,,
38,Wed,2026-09-16 00:00:00,Converting ,Hudson 1,,,,,,,,,,0,0,Grand Total,,,0,0,,,,,
38,Thu,2026-09-17 00:00:00,Converting ,Hudson 1,,,,,,,,,,0,0,Grand Total,,,0,0,,,,,
38,Fri,2026-09-18 00:00:00,Converting ,Hudson 1,,,,,,,,,,0,0,Grand Total,,,0,0,,,,,
38,Sat,2026-09-19 00:00:00,Converting ,Hudson 1,,,,,,,,,,0,0,Grand Total,,,0,0,,,,,
38,Sun,2026-09-20 00:00:00,Converting ,Hudson 1,,,,,,,,,,0,0,Grand Total,,,0,0,,,,,
39,Mon,2026-09-21 00:00:00,Converting ,Hudson 1,,,,,,,,,,0,0,Grand Total,,,0,0,,,,,
39,Tue,2026-09-22 00:00:00,Converting ,Hudson 1,,,,,,,,,,0,0,Grand Total,,,0,0,,,,,
39,Thu,2026-09-24 00:00:00,Converting ,Hudson 1,,,,,,,,,,0,0,Grand Total,,,0,0,,,,,
39,Fri,2026-09-25 00:00:00,Converting ,Hudson 1,,,,,,,,,,0,0,Grand Total,,,0,0,,,,,
39,Sat,2026-09-26 00:00:00,Converting ,Hudson 1,,,,,,,,,,0,0,Grand Total,,,0,0,,,,,
39,Sun,2026-09-27 00:00:00,Converting ,Hudson 1,,,,,,,,,,0,0,Grand Total,,,0,0,,,,,
40,Mon,2026-09-28 00:00:00,Converting ,Hudson 1,,,,,,,,,,0,0,Grand Total,,,0,0,,,,,
40,Tue,2026-09-29 00:00:00,Converting ,Hudson 1,,,,,,,,,,0,0,Grand Total,,,0,0,,,,,
40,Wed,2026-09-30 00:00:00,Converting ,Hudson 1,,,,,,,,,,0,0,Grand Total,,,0,0,,,,,
40,Thu,2026-10-01 00:00:00,Converting ,Hudson 1,,,,,,,,,,0,0,Grand Total,,,0,0,,,,,
40,Fri,2026-10-02 00:00:00,Converting ,Hudson 1,,,,,,,,,,0,0,Grand Total,,,0,0,,,,,
40,Sat,2026-10-03 00:00:00,Converting ,Hudson 1,,,,,,,,,,0,0,Grand Total,,,0,0,,,,,
40,Sun,2026-10-04 00:00:00,Converting ,Hudson 1,,,,,,,,,,0,0,Grand Total,,,0,0,,,,,
41,Mon,2026-10-05 00:00:00,Converting ,Hudson 1,,,,,,,,,,0,0,Grand Total,,,0,0,,,,,
41,Tue,2026-10-06 00:00:00,Converting ,Hudson 1,,,,,,,,,,0,0,Grand Total,,,0,0,,,,,
41,Wed,2026-10-07 00:00:00,Converting ,Hudson 1,,,,,,,,,,0,0,Grand Total,,,0,0,,,,,
41,Thu,2026-10-08 00:00:00,Converting ,Hudson 1,,,,,,,,,,0,0,Grand Total,,,0,0,,,,,
41,Fri,2026-10-09 00:00:00,Converting ,Hudson 1,,,,,,,,,,0,0,Grand Total,,,0,0,,,,,
41,Sat,2026-10-10 00:00:00,Converting ,Hudson 1,,,,,,,,,,0,0,Grand Total,,,0,0,,,,,
41,Sun,2026-10-11 00:00:00,Converting ,Hudson 1,,,,,,,,,,0,0,Grand Total,,,0,0,,,,,
42,Mon,2026-10-12 00:00:00,Converting ,Hudson 1,,,,,,,,,,0,0,Grand Total,,,0,0,,,,,
42,Tue,2026-10-13 00:00:00,Converting ,Hudson 1,,,,,,,,,,0,0,Grand Total,,,0,0,,,,,
42,Wed,2026-10-14 00:00:00,Converting ,Hudson 1,,,,,,,,,,0,0,Grand Total,,,0,0,,,,,
42,Thu,2026-10-15 00:00:00,Converting ,Hudson 1,,,,,,,,,,0,0,Grand Total,,,0,0,,,,,
42,Fri,2026-10-16 00:00:00,Converting ,Hudson 1,,,,,,,,,,0,0,Grand Total,,,0,0,,,,,
42,Sat,2026-10-17 00:00:00,Converting ,Hudson 1,,,,,,,,,,0,0,Grand Total,,,0,0,,,,,
42,Sun,2026-10-18 00:00:00,Converting ,Hudson 1,,,,,,,,,,0,0,Grand Total,,,0,0,,,,,
43,Mon,2026-10-19 00:00:00,Converting ,Hudson 1,,,,,,,,,,0,0,Grand Total,,,0,0,,,,,
43,Tue,2026-10-20 00:00:00,Converting ,Hudson 1,,,,,,,,,,0,0,Grand Total,,,0,0,,,,,
43,Wed,2026-10-21 00:00:00,Converting ,Hudson 1,,,,,,,,,,0,0,Grand Total,,,0,0,,,,,
43,Thu,2026-10-22 00:00:00,Converting ,Hudson 1,,,,,,,,,,0,0,Grand Total,,,0,0,,,,,
43,Fri,2026-10-23 00:00:00,Converting ,Hudson 1,,,,,,,,,,0,0,Grand Total,,,0,0,,,,,
43,Sat,2026-10-24 00:00:00,Converting ,Hudson 1,,,,,,,,,,0,0,Grand Total,,,0,0,,,,,
43,Sun,2026-10-25 00:00:00,Converting ,Hudson 1,,,,,,,,,,0,0,Grand Total,,,0,0,,,,,
44,Mon,2026-10-26 00:00:00,Converting ,Hudson 1,,,,,,,,,,0,0,Grand Total,,,0,0,,,,,
44,Tue,2026-10-27 00:00:00,Converting ,Hudson 1,,,,,,,,,,0,0,Grand Total,,,0,0,,,,,
44,Wed,2026-10-28 00:00:00,Converting ,Hudson 1,,,,,,,,,,0,0,Grand Total,,,0,0,,,,,
44,Thu,2026-10-29 00:00:00,Converting ,Hudson 1,,,,,,,,,,0,0,Grand Total,,,0,0,,,,,
44,Fri,2026-10-30 00:00:00,Converting ,Hudson 1,,,,,,,,,,0,0,Grand Total,,,0,0,,,,,
44,Sat,2026-10-31 00:00:00,Converting ,Hudson 1,,,,,,,,,,0,0,Grand Total,,,0,0,,,,,
44,Sun,2026-11-01 00:00:00,Converting ,Hudson 1,,,,,,,,,,0,0,Grand Total,,,0,0,,,,,
45,Mon,2026-11-02 00:00:00,Converting ,Hudson 1,,,,,,,,,,0,0,Grand Total,,,0,0,,,,,
45,Tue,2026-11-03 00:00:00,Converting ,Hudson 1,,,,,,,,,,0,0,Grand Total,,,0,0,,,,,
45,Wed,2026-11-04 00:00:00,Converting ,Hudson 1,,,,,,,,,,0,0,Grand Total,,,0,0,,,,,
45,Thu,2026-11-05 00:00:00,Converting ,Hudson 1,,,,,,,,,,0,0,Grand Total,,,0,0,,,,,
45,Fri,2026-11-06 00:00:00,Converting ,Hudson 1,,,,,,,,,,0,0,Grand Total,,,0,0,,,,,
45,Sat,2026-11-07 00:00:00,Converting ,Hudson 1,,,,,,,,,,0,0,Grand Total,,,0,0,,,,,
45,Sun,2026-11-08 00:00:00,Converting ,Hudson 1,,,,,,,,,,0,0,Grand Total,,,0,0,,,,,
46,Mon,2026-11-09 00:00:00,Converting ,Hudson 1,,,,,,,,,,0,0,Grand Total,,,0,0,,,,,
46,Tue,2026-11-10 00:00:00,Converting ,Hudson 1,,,,,,,,,,0,0,Grand Total,,,0,0,,,,,
46,Wed,2026-11-11 00:00:00,Converting ,Hudson 1,,,,,,,,,,0,0,Grand Total,,,0,0,,,,,
46,Thu,2026-11-12 00:00:00,Converting ,Hudson 1,,,,,,,,,,0,0,Grand Total,,,0,0,,,,,
46,Fri,2026-11-13 00:00:00,Converting ,Hudson 1,,,,,,,,,,0,0,Grand Total,,,0,0,,,,,
46,Sat,2026-11-14 00:00:00,Converting ,Hudson 1,,,,,,,,,,0,0,Grand Total,,,0,0,,,,,
46,Sun,2026-11-15 00:00:00,Converting ,Hudson 1,,,,,,,,,,0,0,Grand Total,,,0,0,,,,,
47,Mon,2026-11-16 00:00:00,Converting ,Hudson 1,,,,,,,,,,0,0,Grand Total,,,0,0,,,,,
47,Tue,2026-11-17 00:00:00,Converting ,Hudson 1,,,,,,,,,,0,0,Grand Total,,,0,0,,,,,
47,Wed,2026-11-18 00:00:00,Converting ,Hudson 1,,,,,,,,,,0,0,Grand Total,,,0,0,,,,,
47,Thu,2026-11-19 00:00:00,Converting ,Hudson 1,,,,,,,,,,0,0,Grand Total,,,0,0,,,,,
47,Fri,2026-11-20 00:00:00,Converting ,Hudson 1,,,,,,,,,,0,0,Grand Total,,,0,0,,,,,
47,Sat,2026-11-21 00:00:00,Converting ,Hudson 1,,,,,,,,,,0,0,Grand Total,,,0,0,,,,,
47,Sun,2026-11-22 00:00:00,Converting ,Hudson 1,,,,,,,,,,0,0,Grand Total,,,0,0,,,,,
48,Mon,2026-11-23 00:00:00,Converting ,Hudson 1,,,,,,,,,,0,0,Grand Total,,,0,0,,,,,
48,Tue,2026-11-24 00:00:00,Converting ,Hudson 1,,,,,,,,,,0,0,Grand Total,,,0,0,,,,,
48,Wed,2026-11-25 00:00:00,Converting ,Hudson 1,,,,,,,,,,0,0,Grand Total,,,0,0,,,,,
48,Thu,2026-11-26 00:00:00,Converting ,Hudson 1,,,,,,,,,,0,0,Grand Total,,,0,0,,,,,
48,Fri,2026-11-27 00:00:00,Converting ,Hudson 1,,,,,,,,,,0,0,Grand Total,,,0,0,,,,,
48,Sat,2026-11-28 00:00:00,Converting ,Hudson 1,,,,,,,,,,0,0,Grand Total,,,0,0,,,,,
48,Sun,2026-11-29 00:00:00,Converting ,Hudson 1,,,,,,,,,,0,0,Grand Total,,,0,0,,,,,
49,Mon,2026-11-30 00:00:00,Converting ,Hudson 1,,,,,,,,,,0,0,Grand Total,,,0,0,,,,,
49,Tue,2026-12-01 00:00:00,Converting ,Hudson 1,,,,,,,,,,0,0,Grand Total,,,0,0,,,,,
49,Wed,2026-12-02 00:00:00,Converting ,Hudson 1,,,,,,,,,,0,0,Grand Total,,,0,0,,,,,
49,Thu,2026-12-03 00:00:00,Converting ,Hudson 1,,,,,,,,,,0,0,Grand Total,,,0,0,,,,,
49,Fri,2026-12-04 00:00:00,Converting ,Hudson 1,,,,,,,,,,0,0,Grand Total,,,0,0,,,,,
49,Sat,2026-12-05 00:00:00,Converting ,Hudson 1,,,,,,,,,,0,0,Grand Total,,,0,0,,,,,
49,Sun,2026-12-06 00:00:00,Converting ,Hudson 1,,,,,,,,,,0,0,Grand Total,,,0,0,,,,,
50,Mon,2026-12-07 00:00:00,Converting ,Hudson 1,,,,,,,,,,0,0,Grand Total,,,0,0,,,,,
50,Tue,2026-12-08 00:00:00,Converting ,Hudson 1,,,,,,,,,,0,0,Grand Total,,,0,0,,,,,
50,Wed,2026-12-09 00:00:00,Converting ,Hudson 1,,,,,,,,,,0,0,Grand Total,,,0,0,,,,,
50,Thu,2026-12-10 00:00:00,Converting ,Hudson 1,,,,,,,,,,0,0,Grand Total,,,0,0,,,,,
50,Fri,2026-12-11 00:00:00,Converting ,Hudson 1,,,,,,,,,,0,0,Grand Total,,,0,0,,,,,
50,Sat,2026-12-12 00:00:00,Converting ,Hudson 1,,,,,,,,,,0,0,Grand Total,,,0,0,,,,,
50,Sun,2026-12-13 00:00:00,Converting ,Hudson 1,,,,,,,,,,0,0,Grand Total,,,0,0,,,,,
51,Mon,2026-12-14 00:00:00,Converting ,Hudson 1,,,,,,,,,,0,0,Grand Total,,,0,0,,,,,
51,Tue,2026-12-15 00:00:00,Converting ,Hudson 1,,,,,,,,,,0,0,Grand Total,,,0,0,,,,,
51,Wed,2026-12-16 00:00:00,Converting ,Hudson 1,,,,,,,,,,0,0,Grand Total,,,0,0,,,,,
51,Thu,2026-12-17 00:00:00,Converting ,Hudson 1,,,,,,,,,,0,0,Grand Total,,,0,0,,,,,
51,Fri,2026-12-18 00:00:00,Converting ,Hudson 1,,,,,,,,,,0,0,Grand Total,,,0,0,,,,,
51,Sat,2026-12-19 00:00:00,Converting ,Hudson 1,,,,,,,,,,0,0,Grand Total,,,0,0,,,,,
51,Sun,2026-12-20 00:00:00,Converting ,Hudson 1,,,,,,,,,,0,0,Grand Total,,,0,0,,,,,
52,Mon,2026-12-21 00:00:00,Converting ,Hudson 1,,,,,,,,,,0,0,Grand Total,,,0,0,,,,,
52,Tue,2026-12-22 00:00:00,Converting ,Hudson 1,,,,,,,,,,0,0,Grand Total,,,0,0,,,,,
52,Wed,2026-12-23 00:00:00,Converting ,Hudson 1,,,,,,,,,,0,0,Grand Total,,,0,0,,,,,
52,Thu,2026-12-24 00:00:00,Converting ,Hudson 1,,,,,,,,,,0,0,Grand Total,,,0,0,,,,,
52,Fri,2026-12-25 00:00:00,Converting ,Hudson 1,,,,,,,,,,0,0,Grand Total,,,0,0,,,,,
52,Sat,2026-12-26 00:00:00,Converting ,Hudson 1,,,,,,,,,,0,0,Grand Total,,,0,0,,,,,
52,Sun,2026-12-27 00:00:00,Converting ,Hudson 1,,,,,,,,,,0,0,Grand Total,,,0,0,,,,,
53,Mon,2026-12-28 00:00:00,Converting ,Hudson 1,,,,,,,,,,0,0,Grand Total,,,0,0,,,,,
53,Tue,2026-12-29 00:00:00,Converting ,Hudson 1,,,,,,,,,,0,0,Grand Total,,,0,0,,,,,
53,Wed,2026-12-30 00:00:00,Converting ,Hudson 1,,,,,,,,,,0,0,Grand Total,,,0,0,,,,,
53,Thu,2026-12-31 00:00:00,Converting ,Hudson 1,,,,,,,,,,0,0,Grand Total,,,0,0,,,,,
1,Thu,2026-01-01 00:00:00,Converting ,Hudson 2,,,,,,,,,,0,0,Grand Total,,,0,0,,,,,
1,Fri,2026-01-02 00:00:00,Converting ,Hudson 2,,,,,,,,,,0,0,Grand Total,,,0,0,,,,,
1,Tue,2023-01-03 00:00:00,Converting ,Hudson 2,,,,,,,,,,0,0,Grand Total,,,0,0,,,,,
1,Sun,2026-01-04 00:00:00,Converting ,Hudson 2,,,,,,,,,,0,0,Grand Total,,,0,0,,,,,
2,Mon,2026-01-05 00:00:00,Converting ,Hudson 2,,,,,,,,,,0,0,Grand Total,,,0,0,,,,,
2,Tue,2026-01-06 00:00:00,Converting ,Hudson 2,,,,,,,,,,0,0,Grand Total,,,0,0,,,,,
2,Wed,2026-01-07 00:00:00,Converting ,Hudson 2,,,,,,,,,,0,0,Grand Total,,,0,0,,,,,
2,Thu,2026-01-08 00:00:00,Converting ,Hudson 2,,,,,,,,,,0,0,Grand Total,,,0,0,,,,,
2,Fri,2026-01-09 00:00:00,Converting ,Hudson 2,,,,,,,,,,0,0,Grand Total,,,0,0,,,,,
2,Sat,2026-01-10 00:00:00,Converting ,Hudson 2,,,,,,,,,,0,0,Grand Total,,,0,0,,,,,
2,Sun,2026-01-11 00:00:00,Converting ,Hudson 2,,,,,,,,,,0,0,Grand Total,,,0,0,,,,,
3,Mon,2026-01-12 00:00:00,Converting ,Hudson 2,,,,,,,,,,0,0,Grand Total,,,0,0,,,,,
3,Tue,2026-01-13 00:00:00,Converting ,Hudson 2,,,,,,,,,,0,0,Grand Total,,,0,0,,,,,
3,Wed,2026-01-14 00:00:00,Converting ,Hudson 2,,,,,,,,,,0,0,Grand Total,,,0,0,,,,,
3,Thu,2026-01-15 00:00:00,Converting ,Hudson 2,,,,,,,,,,0,0,Grand Total,,,0,0,,,,,
3,Fri,2026-01-16 00:00:00,Converting ,Hudson 2,,,,,,,,,,0,0,Grand Total,,,0,0,,,,,
3,Sat,2026-01-17 00:00:00,Converting ,Hudson 2,,,,,,,,,,0,0,Grand Total,,,0,0,,,,,
3,Sun,2026-01-18 00:00:00,Converting ,Hudson 2,,,,,,,,,,0,0,Grand Total,,,0,0,,,,,
4,Mon,2026-01-19 00:00:00,Converting ,Hudson 2,,,,,,,,,,0,0,Grand Total,,,0,0,,,,,
4,Tue,2026-01-20 00:00:00,Converting ,Hudson 2,,,,,,,,,,0,0,Grand Total,,,0,0,,,,,
4,Wed,2026-01-21 00:00:00,Converting ,Hudson 2,,,,,,,,,,0,0,Grand Total,,,0,0,,,,,
4,Thu,2026-01-22 00:00:00,Converting ,Hudson 2,,,,,,,,,,0,0,Grand Total,,,0,0,,,,,
4,Fri,2026-01-23 00:00:00,Converting ,Hudson 2,,,,,,,,,,0,0,Grand Total,,,0,0,,,,,
4,Sat,2026-01-24 00:00:00,Converting ,Hudson 2,,,,,,,,,,0,0,Grand Total,,,0,0,,,,,
4,Sun,2026-01-25 00:00:00,Converting ,Hudson 2,,,,,,,,,,0,0,Grand Total,,,0,0,,,,,
5,Mon,2026-01-26 00:00:00,Converting ,Hudson 2,,,,,,,,,,0,0,Grand Total,,,0,0,,,,,
5,Tue,2026-01-27 00:00:00,Converting ,Hudson 2,,,,,,,,,,0,0,Grand Total,,,0,0,,,,,
5,Wed,2026-01-28 00:00:00,Converting ,Hudson 2,,,,,,,,,,0,0,Grand Total,,,0,0,,,,,
5,Thu,2026-01-29 00:00:00,Converting ,Hudson 2,,,,,,,,,,0,0,Grand Total,,,0,0,,,,,
5,Fri,2026-01-30 00:00:00,Converting ,Hudson 2,,,,,,,,,,0,0,Grand Total,,,0,0,,,,,
5,Sat,2026-01-31 00:00:00,Converting ,Hudson 2,,,,,,,,,,0,0,Grand Total,,,0,0,,,,,
5,Sun,2026-02-01 00:00:00,Converting ,Hudson 2,,,,,,,,,,0,0,Grand Total,,,0,0,,,,,
6,Mon,2026-02-02 00:00:00,Converting ,Hudson 2,,,,,,,,,,0,0,Grand Total,,,0,0,,,,,
6,Tue,2026-02-03 00:00:00,Converting ,Hudson 2,,,,,,,,,,0,0,Grand Total,,,0,0,,,,,
6,Wed,2026-02-04 00:00:00,Converting ,Hudson 2,,,,,,,,,,0,0,Grand Total,,,0,0,,,,,
6,Thu,2026-02-05 00:00:00,Converting ,Hudson 2,,,,,,,,,,0,0,Grand Total,,,0,0,,,,,
6,Fri,2026-02-06 00:00:00,Converting ,Hudson 2,,,,,,,,,,0,0,Grand Total,,,0,0,,,,,
6,Sat,2026-02-07 00:00:00,Converting ,Hudson 2,,,,,,,,,,0,0,Grand Total,,,0,0,,,,,
6,Sun,2026-02-08 00:00:00,Converting ,Hudson 2,,,,,,,,,,0,0,Grand Total,,,0,0,,,,,
7,Mon,2026-02-09 00:00:00,Converting ,Hudson 2,,,,,,,,,,0,0,Grand Total,,,0,0,,,,,
7,Tue,2026-02-10 00:00:00,Converting ,Hudson 2,,,,,,,,,,0,0,Grand Total,,,0,0,,,,,
7,Wed,2026-02-11 00:00:00,Converting ,Hudson 2,,,,,,,,,,0,0,Grand Total,,,0,0,,,,,
7,Thu,2026-02-12 00:00:00,Converting ,Hudson 2,,,,,,,,,,0,0,Grand Total,,,0,0,,,,,
7,Fri,2026-02-13 00:00:00,Converting ,Hudson 2,,,,,,,,,,0,0,Grand Total,,,0,0,,,,,
7,Sat,2026-02-14 00:00:00,Converting ,Hudson 2,,,,,,,,,,0,0,Grand Total,,,0,0,,,,,
7,Sun,2026-02-15 00:00:00,Converting ,Hudson 2,,,,,,,,,,0,0,Grand Total,,,0,0,,,,,
8,Mon,2026-02-16 00:00:00,Converting ,Hudson 2,,,,,,,,,,0,0,Grand Total,,,0,0,,,,,
8,Tue,2026-02-17 00:00:00,Converting ,Hudson 2,,,,,,,,,,0,0,Grand Total,,,0,0,,,,,
8,Wed,2026-02-18 00:00:00,Converting ,Hudson 2,,,,,,,,,,0,0,Grand Total,,,0,0,,,,,
8,Thu,2026-02-19 00:00:00,Converting ,Hudson 2,,,,,,,,,,0,0,Grand Total,,,0,0,,,,,
8,Fri,2026-02-20 00:00:00,Converting ,Hudson 2,,,,,,,,,,0,0,Grand Total,,,0,0,,,,,
8,Sat,2026-02-21 00:00:00,Converting ,Hudson 2,,,,,,,,,,0,0,Grand Total,,,0,0,,,,,
8,Sun,2026-02-22 00:00:00,Converting ,Hudson 2,,,,,,,,,,0,0,Grand Total,,,0,0,,,,,
9,Mon,2026-02-23 00:00:00,Converting ,Hudson 2,,,,,,,,,,0,0,Grand Total,,,0,0,,,,,
9,Tue,2026-02-24 00:00:00,Converting ,Hudson 2,,,,,,,,,,0,0,Grand Total,,,0,0,,,,,
9,Wed,2026-02-25 00:00:00,Converting ,Hudson 2,,,,,,,,,,0,0,Grand Total,,,0,0,,,,,
9,Thu,2026-02-26 00:00:00,Converting ,Hudson 2,,,,,,,,,,0,0,Grand Total,,,0,0,,,,,
9,Fri,2026-02-27 00:00:00,Converting ,Hudson 2,,,,,,,,,,0,0,Grand Total,,,0,0,,,,,
9,Sat,2026-02-28 00:00:00,Converting ,Hudson 2,,,,,,,,,,0,0,Grand Total,,,0,0,,,,,
9,Sun,2026-03-01 00:00:00,Converting ,Hudson 2,,,,,,,,,,0,0,Grand Total,,,0,0,,,,,
10,Mon,2026-03-02 00:00:00,Converting ,Hudson 2,,,,,,,,,,0,0,Grand Total,,,0,0,,,,,
10,Tue,2026-03-03 00:00:00,Converting ,Hudson 2,,,,,,,,,,0,0,Grand Total,,,0,0,,,,,
10,Wed,2026-03-04 00:00:00,Converting ,Hudson 2,,,,,,,,,,0,0,Grand Total,,,0,0,,,,,
10,Thu,2026-03-05 00:00:00,Converting ,Hudson 2,,,,,,,,,,0,0,Grand Total,,,0,0,,,,,
10,Fri,2026-03-06 00:00:00,Converting ,Hudson 2,,,,,,,,,,0,0,Grand Total,,,0,0,,,,,
10,Sat,2026-03-07 00:00:00,Converting ,Hudson 2,,,,,,,,,,0,0,Grand Total,,,0,0,,,,,
10,Sun,2026-03-08 00:00:00,Converting ,Hudson 2,,,,,,,,,,0,0,Grand Total,,,0,0,,,,,
11,Mon,2026-03-09 00:00:00,Converting ,Hudson 2,,,,,,,,,,0,0,Grand Total,,,0,0,,,,,
11,Tue,2026-03-10 00:00:00,Converting ,Hudson 2,,,,,,,,,,0,0,Grand Total,,,0,0,,,,,
11,Wed,2026-03-11 00:00:00,Converting ,Hudson 2,,,,,,,,,,0,0,Grand Total,,,0,0,,,,,
11,Thu,2026-03-12 00:00:00,Converting ,Hudson 2,,,,,,,,,,0,0,Grand Total,,,0,0,,,,,
11,Fri,2026-03-13 00:00:00,Converting ,Hudson 2,,,,,,,,,,0,0,Grand Total,,,0,0,,,,,
11,Sat,2026-03-14 00:00:00,Converting ,Hudson 2,,,,,,,,,,0,0,Grand Total,,,0,0,,,,,
11,Sun,2026-03-15 00:00:00,Converting ,Hudson 2,,,,,,,,,,0,0,Grand Total,,,0,0,,,,,
12,Mon,2026-03-16 00:00:00,Converting ,Hudson 2,,,,,,,,,,0,0,Grand Total,,,0,0,,,,,
12,Tue,2026-03-17 00:00:00,Converting ,Hudson 2,,,,,,,,,,0,0,Grand Total,,,0,0,,,,,
12,Wed,2026-03-18 00:00:00,Converting ,Hudson 2,,,,,,,,,,0,0,Grand Total,,,0,0,,,,,
12,Thu,2026-03-19 00:00:00,Converting ,Hudson 2,,,,,,,,,,0,0,Grand Total,,,0,0,,,,,
12,Fri,2026-03-20 00:00:00,Converting ,Hudson 2,,,,,,,,,,0,0,Grand Total,,,0,0,,,,,
12,Sat,2026-03-21 00:00:00,Converting ,Hudson 2,,,,,,,,,,0,0,Grand Total,,,0,0,,,,,
12,Sun,2026-03-22 00:00:00,Converting ,Hudson 2,,,,,,,,,,0,0,Grand Total,,,0,0,,,,,
13,Mon,2026-03-23 00:00:00,Converting ,Hudson 2,,,,,,,,,,0,0,Grand Total,,,0,0,,,,,
13,Tue,2026-03-24 00:00:00,Converting ,Hudson 2,,,,,,,,,,0,0,Grand Total,,,0,0,,,,,
13,Wed,2026-03-25 00:00:00,Converting ,Hudson 2,,,,,,,,,,0,0,Grand Total,,,0,0,,,,,
13,Thu,2026-03-26 00:00:00,Converting ,Hudson 2,,,,,,,,,,0,0,Grand Total,,,0,0,,,,,
13,Fri,2026-03-27 00:00:00,Converting ,Hudson 2,,,,,,,,,,0,0,Grand Total,,,0,0,,,,,
13,Sat,2026-03-28 00:00:00,Converting ,Hudson 2,,,,,,,,,,0,0,Grand Total,,,0,0,,,,,
13,Sun,2026-03-29 00:00:00,Converting ,Hudson 2,,,,,,,,,,0,0,Grand Total,,,0,0,,,,,
14,Mon,2026-03-30 00:00:00,Converting ,Hudson 2,,,,,,,,,,0,0,Grand Total,,,0,0,,,,,
14,Tue,2026-03-31 00:00:00,Converting ,Hudson 2,,,,,,,,,,0,0,Grand Total,,,0,0,,,,,
14,Wed,2026-04-01 00:00:00,Converting ,Hudson 2,,,,,,,,,,0,0,Grand Total,,,0,0,,,,,
14,Thu,2026-04-02 00:00:00,Converting ,Hudson 2,,,,,,,,,,0,0,Grand Total,,,0,0,,,,,
14,Fri,2026-04-03 00:00:00,Converting ,Hudson 2,,,,,,,,,,0,0,Grand Total,,,0,0,,,,,
14,Sat,2026-04-04 00:00:00,Converting ,Hudson 2,,,,,,,,,,0,0,Grand Total,,,0,0,,,,,
14,Sun,2026-04-05 00:00:00,Converting ,Hudson 2,,,,,,,,,,0,0,Grand Total,,,0,0,,,,,
15,Mon,2026-04-06 00:00:00,Converting ,Hudson 2,,,,,,,,,,0,0,Grand Total,,,0,0,,,,,
15,Tue,2026-04-07 00:00:00,Converting ,Hudson 2,,,,,,,,,,0,0,Grand Total,,,0,0,,,,,
15,Wed,2026-04-08 00:00:00,Converting ,Hudson 2,,,,,,,,,,0,0,Grand Total,,,0,0,,,,,
15,Thu,2026-04-09 00:00:00,Converting ,Hudson 2,,,,,,,,,,0,0,Grand Total,,,0,0,,,,,
15,Fri,2026-04-10 00:00:00,Converting ,Hudson 2,,,,,,,,,,0,0,Grand Total,,,0,0,,,,,
15,Sat,2026-04-11 00:00:00,Converting ,Hudson 2,,,,,,,,,,0,0,Grand Total,,,0,0,,,,,
15,Sun,2026-04-12 00:00:00,Converting ,Hudson 2,,,,,,,,,,0,0,Grand Total,,,0,0,,,,,
16,Mon,2026-04-13 00:00:00,Converting ,Hudson 2,,,,,,,,,,0,0,Grand Total,,,0,0,,,,,
16,Tue,2026-04-14 00:00:00,Converting ,Hudson 2,,,,,,,,,,0,0,Grand Total,,,0,0,,,,,
16,Wed,2026-04-15 00:00:00,Converting ,Hudson 2,,,,,,,,,,0,0,Grand Total,,,0,0,,,,,
16,Thu,2026-04-16 00:00:00,Converting ,Hudson 2,,,,,,,,,,0,0,Grand Total,,,0,0,,,,,
16,Fri,2026-04-17 00:00:00,Converting ,Hudson 2,,,,,,,,,,0,0,Grand Total,,,0,0,,,,,
16,Sat,2026-04-18 00:00:00,Converting ,Hudson 2,,,,,,,,,,0,0,Grand Total,,,0,0,,,,,
16,Sun,2026-04-19 00:00:00,Converting ,Hudson 2,,,,,,,,,,0,0,Grand Total,,,0,0,,,,,
17,Mon,2026-04-20 00:00:00,Converting ,Hudson 2,,,,,,,,,,0,0,Grand Total,,,0,0,,,,,
17,Tue,2026-04-21 00:00:00,Converting ,Hudson 2,,,,,,,,,,0,0,Grand Total,,,0,0,,,,,
17,Wed,2026-04-22 00:00:00,Converting ,Hudson 2,,,,,,,,,,0,0,Grand Total,,,0,0,,,,,
17,Thu,2026-04-23 00:00:00,Converting ,Hudson 2,,,,,,,,,,0,0,Grand Total,,,0,0,,,,,
17,Fri,2026-04-24 00:00:00,Converting ,Hudson 2,,,,,,,,,,0,0,Grand Total,,,0,0,,,,,
17,Sat,2026-04-25 00:00:00,Converting ,Hudson 2,,,,,,,,,,0,0,Grand Total,,,0,0,,,,,
17,Sun,2026-04-26 00:00:00,Converting ,Hudson 2,,,,,,,,,,0,0,Grand Total,,,0,0,,,,,
18,Mon,2026-04-27 00:00:00,Converting ,Hudson 2,,,,,,,,,,0,0,Grand Total,,,0,0,,,,,
18,Tue,2026-04-28 00:00:00,Converting ,Hudson 2,,,,,,,,,,0,0,Grand Total,,,0,0,,,,,
18,Wed,2026-04-29 00:00:00,Converting ,Hudson 2,,,,,,,,,,0,0,Grand Total,,,0,0,,,,,
18,Thu,2026-04-30 00:00:00,Converting ,Hudson 2,,,,,,,,,,0,0,Grand Total,,,0,0,,,,,
18,Fri,2026-05-01 00:00:00,Converting ,Hudson 2,,,,,,,,,,0,0,Grand Total,,,0,0,,,,,
18,Sat,2026-05-02 00:00:00,Converting ,Hudson 2,,,,,,,,,,0,0,Grand Total,,,0,0,,,,,
18,Sun,2026-05-03 00:00:00,Converting ,Hudson 2,,,,,,,,,,0,0,Grand Total,,,0,0,,,,,
19,Mon,2026-05-04 00:00:00,Converting ,Hudson 2,,,,,,,,,,0,0,Grand Total,,,0,0,,,,,
19,Tue,2026-05-05 00:00:00,Converting ,Hudson 2,,,,,,,,,,0,0,Grand Total,,,0,0,,,,,
19,Wed,2026-05-06 00:00:00,Converting ,Hudson 2,,,,,,,,,,0,0,Grand Total,,,0,0,,,,,
19,Thu,2026-05-07 00:00:00,Converting ,Hudson 2,,,,,,,,,,0,0,Grand Total,,,0,0,,,,,
19,Fri,2026-05-08 00:00:00,Converting ,Hudson 2,,,,,,,,,,0,0,Grand Total,,,0,0,,,,,
19,Sat,2026-05-09 00:00:00,Converting ,Hudson 2,,,,,,,,,,0,0,Grand Total,,,0,0,,,,,
19,Sun,2026-05-10 00:00:00,Converting ,Hudson 2,,,,,,,,,,0,0,Grand Total,,,0,0,,,,,
20,Mon,2026-05-11 00:00:00,Converting ,Hudson 2,,,,,,,,,,0,0,Grand Total,,,0,0,,,,,
20,Tue,2026-05-12 00:00:00,Converting ,Hudson 2,,,,,,,,,,0,0,Grand Total,,,0,0,,,,,
20,Wed,2026-05-13 00:00:00,Converting ,Hudson 2,,,,,,,,,,0,0,Grand Total,,,0,0,,,,,
20,Thu,2026-05-14 00:00:00,Converting ,Hudson 2,,,,,,,,,,0,0,Grand Total,,,0,0,,,,,
20,Fri,2026-05-15 00:00:00,Converting ,Hudson 2,,,,,,,,,,0,0,Grand Total,,,0,0,,,,,
20,Sat,2026-05-16 00:00:00,Converting ,Hudson 2,,,,,,,,,,0,0,Grand Total,,,0,0,,,,,
20,Sun,2026-05-17 00:00:00,Converting ,Hudson 2,,,,,,,,,,0,0,Grand Total,,,0,0,,,,,
21,Mon,2026-05-18 00:00:00,Converting ,Hudson 2,,,,,,,,,,0,0,Grand Total,,,0,0,,,,,
21,Tue,2026-05-19 00:00:00,Converting ,Hudson 2,,,,,,,,,,0,0,Grand Total,,,0,0,,,,,
21,Wed,2026-05-20 00:00:00,Converting ,Hudson 2,,,,,,,,,,0,0,Grand Total,,,0,0,,,,,
21,Thu,2026-05-21 00:00:00,Converting ,Hudson 2,,,,,,,,,,0,0,Grand Total,,,0,0,,,,,
21,Fri,2026-05-22 00:00:00,Converting ,Hudson 2,,,,,,,,,,0,0,Grand Total,,,0,0,,,,,
21,Sat,2026-05-23 00:00:00,Converting ,Hudson 2,,,,,,,,,,0,0,Grand Total,,,0,0,,,,,
21,Sun,2026-05-24 00:00:00,Converting ,Hudson 2,,,,,,,,,,0,0,Grand Total,,,0,0,,,,,
22,Mon,2026-05-25 00:00:00,Converting ,Hudson 2,,,,,,,,,,0,0,Grand Total,,,0,0,,,,,
22,Tue,2026-05-26 00:00:00,Converting ,Hudson 2,,,,,,,,,,0,0,Grand Total,,,0,0,,,,,
22,Wed,2026-05-27 00:00:00,Converting ,Hudson 2,,,,,,,,,,0,0,Grand Total,,,0,0,,,,,
22,Thu,2026-05-28 00:00:00,Converting ,Hudson 2,,,,,,,,,,0,0,Grand Total,,,0,0,,,,,
22,Fri,2026-05-29 00:00:00,Converting ,Hudson 2,,,,,,,,,,0,0,Grand Total,,,0,0,,,,,
22,Sat,2026-05-30 00:00:00,Converting ,Hudson 2,,,,,,,,,,0,0,Grand Total,,,0,0,,,,,
22,Sun,2026-05-31 00:00:00,Converting ,Hudson 2,,,,,,,,,,0,0,Grand Total,,,0,0,,,,,
23,Mon,2026-06-01 00:00:00,Converting ,Hudson 2,,,,,,,,,,0,0,Grand Total,,,0,0,,,,,
23,Tue,2026-06-02 00:00:00,Converting ,Hudson 2,,,,,,,,,,0,0,Grand Total,,,0,0,,,,,
23,Wed,2026-06-03 00:00:00,Converting ,Hudson 2,,,,,,,,,,0,0,Grand Total,,,0,0,,,,,
23,Thu,2026-06-04 00:00:00,Converting ,Hudson 2,,,,,,,,,,0,0,Grand Total,,,0,0,,,,,
23,Fri,2026-06-05 00:00:00,Converting ,Hudson 2,,,,,,,,,,0,0,Grand Total,,,0,0,,,,,
23,Sat,2026-06-06 00:00:00,Converting ,Hudson 2,,,,,,,,,,0,0,Grand Total,,,0,0,,,,,
23,Sun,2026-06-07 00:00:00,Converting ,Hudson 2,,,,,,,,,,0,0,Grand Total,,,0,0,,,,,
24,Mon,2026-06-08 00:00:00,Converting ,Hudson 2,,,,,,,,,,0,0,Grand Total,,,0,0,,,,,
24,Tue,2026-06-09 00:00:00,Converting ,Hudson 2,,,,,,,,,,0,0,Grand Total,,,0,0,,,,,
24,Wed,2026-06-10 00:00:00,Converting ,Hudson 2,,,,,,,,,,0,0,Grand Total,,,0,0,,,,,
24,Thu,2026-06-11 00:00:00,Converting ,Hudson 2,,,,,,,,,,0,0,Grand Total,,,0,0,,,,,
24,Fri,2026-06-12 00:00:00,Converting ,Hudson 2,,,,,,,,,,0,0,Grand Total,,,0,0,,,,,
24,Sat,2026-06-13 00:00:00,Converting ,Hudson 2,,,,,,,,,,0,0,Grand Total,,,0,0,,,,,
24,Sun,2026-06-14 00:00:00,Converting ,Hudson 2,,,,,,,,,,0,0,Grand Total,,,0,0,,,,,
25,Mon,2026-06-15 00:00:00,Converting ,Hudson 2,,,,,,,,,,0,0,Grand Total,,,0,0,,,,,
25,Tue,2026-06-16 00:00:00,Converting ,Hudson 2,,,,,,,,,,0,0,Grand Total,,,0,0,,,,,
25,Wed,2026-06-17 00:00:00,Converting ,Hudson 2,,,,,,,,,,0,0,Grand Total,,,0,0,,,,,
25,Thu,2026-06-18 00:00:00,Converting ,Hudson 2,,,,,,,,,,0,0,Grand Total,,,0,0,,,,,
25,Fri,2026-06-19 00:00:00,Converting ,Hudson 2,,,,,,,,,,0,0,Grand Total,,,0,0,,,,,
25,Sat,2026-06-20 00:00:00,Converting ,Hudson 2,,,,,,,,,,0,0,Grand Total,,,0,0,,,,,
25,Sun,2026-06-21 00:00:00,Converting ,Hudson 2,,,,,,,,,,0,0,Grand Total,,,0,0,,,,,
26,Mon,2026-06-22 00:00:00,Converting ,Hudson 2,,,,,,,,,,0,0,Grand Total,,,0,0,,,,,
26,Tue,2026-06-23 00:00:00,Converting ,Hudson 2,,,,,,,,,,0,0,Grand Total,,,0,0,,,,,
26,Wed,2026-06-24 00:00:00,Converting ,Hudson 2,,,,,,,,,,0,0,Grand Total,,,0,0,,,,,
26,Thu,2026-06-25 00:00:00,Converting ,Hudson 2,,,,,,,,,,0,0,Grand Total,,,0,0,,,,,
26,Fri,2026-06-26 00:00:00,Converting ,Hudson 2,,,,,,,,,,0,0,Grand Total,,,0,0,,,,,
26,Sat,2026-06-27 00:00:00,Converting ,Hudson 2,,,,,,,,,,0,0,Grand Total,,,0,0,,,,,
26,Sun,2026-06-28 00:00:00,Converting ,Hudson 2,,,,,,,,,,0,0,Grand Total,,,0,0,,,,,
27,Mon,2026-06-29 00:00:00,Converting ,Hudson 2,,,,,,,,,,0,0,Grand Total,,,0,0,,,,,
27,Tue,2026-06-30 00:00:00,Converting ,Hudson 2,,,,,,,,,,0,0,Grand Total,,,0,0,,,,,
27,Wed,2026-07-01 00:00:00,Converting ,Hudson 2,,,,,,,,,,0,0,Grand Total,,,0,0,,,,,
27,Thu,2026-07-02 00:00:00,Converting ,Hudson 2,,,,,,,,,,0,0,Grand Total,,,0,0,,,,,
27,Fri,2026-07-03 00:00:00,Converting ,Hudson 2,,,,,,,,,,0,0,Grand Total,,,0,0,,,,,
27,Sat,2026-07-04 00:00:00,Converting ,Hudson 2,,,,,,,,,,0,0,Grand Total,,,0,0,,,,,
27,Sun,2026-07-05 00:00:00,Converting ,Hudson 2,,,,,,,,,,0,0,Grand Total,,,0,0,,,,,
28,Mon,2026-07-06 00:00:00,Converting ,Hudson 2,,,,,,,,,,0,0,Grand Total,,,0,0,,,,,
28,Tue,2026-07-07 00:00:00,Converting ,Hudson 2,,,,,,,,,,0,0,Grand Total,,,0,0,,,,,
28,Wed,2026-07-08 00:00:00,Converting ,Hudson 2,,,,,,,,,,0,0,Grand Total,,,0,0,,,,,
28,Thu,2026-07-09 00:00:00,Converting ,Hudson 2,,,,,,,,,,0,0,Grand Total,,,0,0,,,,,
28,Fri,2026-07-10 00:00:00,Converting ,Hudson 2,,,,,,,,,,0,0,Grand Total,,,0,0,,,,,
28,Sat,2026-07-11 00:00:00,Converting ,Hudson 2,,,,,,,,,,0,0,Grand Total,,,0,0,,,,,
28,Sun,2026-07-12 00:00:00,Converting ,Hudson 2,,,,,,,,,,0,0,Grand Total,,,0,0,,,,,
29,Mon,2026-07-13 00:00:00,Converting ,Hudson 2,,,,,,,,,,0,0,Grand Total,,,0,0,,,,,
29,Tue,2026-07-14 00:00:00,Converting ,Hudson 2,,,,,,,,,,0,0,Grand Total,,,0,0,,,,,
29,Wed,2026-07-15 00:00:00,Converting ,Hudson 2,,,,,,,,,,0,0,Grand Total,,,0,0,,,,,
29,Thu,2026-07-16 00:00:00,Converting ,Hudson 2,,,,,,,,,,0,0,Grand Total,,,0,0,,,,,
29,Fri,2026-07-17 00:00:00,Converting ,Hudson 2,,,,,,,,,,0,0,Grand Total,,,0,0,,,,,
29,Sat,2026-07-18 00:00:00,Converting ,Hudson 2,,,,,,,,,,0,0,Grand Total,,,0,0,,,,,
29,Sun,2026-07-19 00:00:00,Converting ,Hudson 2,,,,,,,,,,0,0,Grand Total,,,0,0,,,,,
30,Mon,2026-07-20 00:00:00,Converting ,Hudson 2,,,,,,,,,,0,0,Grand Total,,,0,0,,,,,
30,Tue,2026-07-21 00:00:00,Converting ,Hudson 2,,,,,,,,,,0,0,Grand Total,,,0,0,,,,,
30,Wed,2026-07-22 00:00:00,Converting ,Hudson 2,,,,,,,,,,0,0,Grand Total,,,0,0,,,,,
30,Thu,2026-07-23 00:00:00,Converting ,Hudson 2,,,,,,,,,,0,0,Grand Total,,,0,0,,,,,
30,Fri,2026-07-24 00:00:00,Converting ,Hudson 2,,,,,,,,,,0,0,Grand Total,,,0,0,,,,,
30,Sat,2026-07-25 00:00:00,Converting ,Hudson 2,,,,,,,,,,0,0,Grand Total,,,0,0,,,,,
30,Sun,2026-07-26 00:00:00,Converting ,Hudson 2,,,,,,,,,,0,0,Grand Total,,,0,0,,,,,
31,Mon,2026-07-27 00:00:00,Converting ,Hudson 2,,,,,,,,,,0,0,Grand Total,,,0,0,,,,,
31,Tue,2026-07-28 00:00:00,Converting ,Hudson 2,,,,,,,,,,0,0,Grand Total,,,0,0,,,,,
31,Wed,2026-07-29 00:00:00,Converting ,Hudson 2,,,,,,,,,,0,0,Grand Total,,,0,0,,,,,
33,Tue,2026-08-11 00:00:00,Converting ,Hudson 2,,,,,,,,,,0,0,Grand Total,,,0,0,,,,,
33,Wed,2026-08-12 00:00:00,Converting ,Hudson 2,,,,,,,,,,0,0,Grand Total,,,0,0,,,,,
33,Thu,2026-08-13 00:00:00,Converting ,Hudson 2,,,,,,,,,,0,0,Grand Total,,,0,0,,,,,
33,Fri,2026-08-14 00:00:00,Converting ,Hudson 2,,,,,,,,,,0,0,Grand Total,,,0,0,,,,,
33,Sat,2026-08-15 00:00:00,Converting ,Hudson 2,,,,,,,,,,0,0,Grand Total,,,0,0,,,,,
33,Sun,2026-08-16 00:00:00,Converting ,Hudson 2,,,,,,,,,,0,0,Grand Total,,,0,0,,,,,
34,Mon,2026-08-17 00:00:00,Converting ,Hudson 2,,,,,,,,,,0,0,Grand Total,,,0,0,,,,,
34,Tue,2026-08-18 00:00:00,Converting ,Hudson 2,,,,,,,,,,0,0,Grand Total,,,0,0,,,,,
34,Wed,2026-08-19 00:00:00,Converting ,Hudson 2,,,,,,,,,,0,0,Grand Total,,,0,0,,,,,
34,Thu,2026-08-20 00:00:00,Converting ,Hudson 2,,,,,,,,,,0,0,Grand Total,,,0,0,,,,,
34,Fri,2026-08-21 00:00:00,Converting ,Hudson 2,,,,,,,,,,0,0,Grand Total,,,0,0,,,,,
34,Sat,2026-08-22 00:00:00,Converting ,Hudson 2,,,,,,,,,,0,0,Grand Total,,,0,0,,,,,
34,Sun,2026-08-23 00:00:00,Converting ,Hudson 2,,,,,,,,,,0,0,Grand Total,,,0,0,,,,,
35,Mon,2026-08-24 00:00:00,Converting ,Hudson 2,,,,,,,,,,0,0,Grand Total,,,0,0,,,,,
35,Tue,2026-08-25 00:00:00,Converting ,Hudson 2,,,,,,,,,,0,0,Grand Total,,,0,0,,,,,
35,Wed,2026-08-26 00:00:00,Converting ,Hudson 2,,,,,,,,,,0,0,Grand Total,,,0,0,,,,,
35,Thu,2026-08-27 00:00:00,Converting ,Hudson 2,,,,,,,,,,0,0,Grand Total,,,0,0,,,,,
35,Fri,2026-08-28 00:00:00,Converting ,Hudson 2,,,,,,,,,,0,0,Grand Total,,,0,0,,,,,
35,Sat,2026-08-29 00:00:00,Converting ,Hudson 2,,,,,,,,,,0,0,Grand Total,,,0,0,,,,,
35,Sun,2026-08-30 00:00:00,Converting ,Hudson 2,,,,,,,,,,0,0,Grand Total,,,0,0,,,,,
36,Mon,2026-08-31 00:00:00,Converting ,Hudson 2,,,,,,,,,,0,0,Grand Total,,,0,0,,,,,
36,Tue,2026-09-01 00:00:00,Converting ,Hudson 2,,,,,,,,,,0,0,Grand Total,,,0,0,,,,,
36,Wed,2026-09-02 00:00:00,Converting ,Hudson 2,,,,,,,,,,0,0,Grand Total,,,0,0,,,,,
36,Thu,2026-09-03 00:00:00,Converting ,Hudson 2,,,,,,,,,,0,0,Grand Total,,,0,0,,,,,
36,Fri,2026-09-04 00:00:00,Converting ,Hudson 2,,,,,,,,,,0,0,Grand Total,,,0,0,,,,,
36,Sat,2026-09-05 00:00:00,Converting ,Hudson 2,,,,,,,,,,0,0,Grand Total,,,0,0,,,,,
36,Sun,2026-09-06 00:00:00,Converting ,Hudson 2,,,,,,,,,,0,0,Grand Total,,,0,0,,,,,
37,Mon,2026-09-07 00:00:00,Converting ,Hudson 2,,,,,,,,,,0,0,Grand Total,,,0,0,,,,,
37,Tue,2026-09-08 00:00:00,Converting ,Hudson 2,,,,,,,,,,0,0,Grand Total,,,0,0,,,,,
37,Wed,2026-09-09 00:00:00,Converting ,Hudson 2,,,,,,,,,,0,0,Grand Total,,,0,0,,,,,
37,Thu,2026-09-10 00:00:00,Converting ,Hudson 2,,,,,,,,,,0,0,Grand Total,,,0,0,,,,,
37,Fri,2026-09-11 00:00:00,Converting ,Hudson 2,,,,,,,,,,0,0,Grand Total,,,0,0,,,,,
37,Sat,2026-09-12 00:00:00,Converting ,Hudson 2,,,,,,,,,,0,0,Grand Total,,,0,0,,,,,
37,Sun,2026-09-13 00:00:00,Converting ,Hudson 2,,,,,,,,,,0,0,Grand Total,,,0,0,,,,,
38,Mon,2026-09-14 00:00:00,Converting ,Hudson 2,,,,,,,,,,0,0,Grand Total,,,0,0,,,,,
38,Tue,2026-09-15 00:00:00,Converting ,Hudson 2,,,,,,,,,,0,0,Grand Total,,,0,0,,,,,
38,Wed,2026-09-16 00:00:00,Converting ,Hudson 2,,,,,,,,,,0,0,Grand Total,,,0,0,,,,,
38,Thu,2026-09-17 00:00:00,Converting ,Hudson 2,,,,,,,,,,0,0,Grand Total,,,0,0,,,,,
38,Fri,2026-09-18 00:00:00,Converting ,Hudson 2,,,,,,,,,,0,0,Grand Total,,,0,0,,,,,
38,Sat,2026-09-19 00:00:00,Converting ,Hudson 2,,,,,,,,,,0,0,Grand Total,,,0,0,,,,,
38,Sun,2026-09-20 00:00:00,Converting ,Hudson 2,,,,,,,,,,0,0,Grand Total,,,0,0,,,,,
39,Mon,2026-09-21 00:00:00,Converting ,Hudson 2,,,,,,,,,,0,0,Grand Total,,,0,0,,,,,
39,Tue,2026-09-22 00:00:00,Converting ,Hudson 2,,,,,,,,,,0,0,Grand Total,,,0,0,,,,,
39,Thu,2026-09-24 00:00:00,Converting ,Hudson 2,,,,,,,,,,0,0,Grand Total,,,0,0,,,,,
39,Fri,2026-09-25 00:00:00,Converting ,Hudson 2,,,,,,,,,,0,0,Grand Total,,,0,0,,,,,
39,Sat,2026-09-26 00:00:00,Converting ,Hudson 2,,,,,,,,,,0,0,Grand Total,,,0,0,,,,,
39,Sun,2026-09-27 00:00:00,Converting ,Hudson 2,,,,,,,,,,0,0,Grand Total,,,0,0,,,,,
40,Mon,2026-09-28 00:00:00,Converting ,Hudson 2,,,,,,,,,,0,0,Grand Total,,,0,0,,,,,
40,Tue,2026-09-29 00:00:00,Converting ,Hudson 2,,,,,,,,,,0,0,Grand Total,,,0,0,,,,,
40,Wed,2026-09-30 00:00:00,Converting ,Hudson 2,,,,,,,,,,0,0,Grand Total,,,0,0,,,,,
40,Thu,2026-10-01 00:00:00,Converting ,Hudson 2,,,,,,,,,,0,0,Grand Total,,,0,0,,,,,
40,Fri,2026-10-02 00:00:00,Converting ,Hudson 2,,,,,,,,,,0,0,Grand Total,,,0,0,,,,,
40,Sat,2026-10-03 00:00:00,Converting ,Hudson 2,,,,,,,,,,0,0,Grand Total,,,0,0,,,,,
40,Sun,2026-10-04 00:00:00,Converting ,Hudson 2,,,,,,,,,,0,0,Grand Total,,,0,0,,,,,
41,Mon,2026-10-05 00:00:00,Converting ,Hudson 2,,,,,,,,,,0,0,Grand Total,,,0,0,,,,,
41,Tue,2026-10-06 00:00:00,Converting ,Hudson 2,,,,,,,,,,0,0,Grand Total,,,0,0,,,,,
41,Wed,2026-10-07 00:00:00,Converting ,Hudson 2,,,,,,,,,,0,0,Grand Total,,,0,0,,,,,
41,Thu,2026-10-08 00:00:00,Converting ,Hudson 2,,,,,,,,,,0,0,Grand Total,,,0,0,,,,,
41,Fri,2026-10-09 00:00:00,Converting ,Hudson 2,,,,,,,,,,0,0,Grand Total,,,0,0,,,,,
41,Sat,2026-10-10 00:00:00,Converting ,Hudson 2,,,,,,,,,,0,0,Grand Total,,,0,0,,,,,
41,Sun,2026-10-11 00:00:00,Converting ,Hudson 2,,,,,,,,,,0,0,Grand Total,,,0,0,,,,,
42,Mon,2026-10-12 00:00:00,Converting ,Hudson 2,,,,,,,,,,0,0,Grand Total,,,0,0,,,,,
42,Tue,2026-10-13 00:00:00,Converting ,Hudson 2,,,,,,,,,,0,0,Grand Total,,,0,0,,,,,
42,Wed,2026-10-14 00:00:00,Converting ,Hudson 2,,,,,,,,,,0,0,Grand Total,,,0,0,,,,,
42,Thu,2026-10-15 00:00:00,Converting ,Hudson 2,,,,,,,,,,0,0,Grand Total,,,0,0,,,,,
42,Fri,2026-10-16 00:00:00,Converting ,Hudson 2,,,,,,,,,,0,0,Grand Total,,,0,0,,,,,
42,Sat,2026-10-17 00:00:00,Converting ,Hudson 2,,,,,,,,,,0,0,Grand Total,,,0,0,,,,,
42,Sun,2026-10-18 00:00:00,Converting ,Hudson 2,,,,,,,,,,0,0,Grand Total,,,0,0,,,,,
43,Mon,2026-10-19 00:00:00,Converting ,Hudson 2,,,,,,,,,,0,0,Grand Total,,,0,0,,,,,
43,Tue,2026-10-20 00:00:00,Converting ,Hudson 2,,,,,,,,,,0,0,Grand Total,,,0,0,,,,,
43,Wed,2026-10-21 00:00:00,Converting ,Hudson 2,,,,,,,,,,0,0,Grand Total,,,0,0,,,,,
43,Thu,2026-10-22 00:00:00,Converting ,Hudson 2,,,,,,,,,,0,0,Grand Total,,,0,0,,,,,
43,Fri,2026-10-23 00:00:00,Converting ,Hudson 2,,,,,,,,,,0,0,Grand Total,,,0,0,,,,,
43,Sat,2026-10-24 00:00:00,Converting ,Hudson 2,,,,,,,,,,0,0,Grand Total,,,0,0,,,,,
43,Sun,2026-10-25 00:00:00,Converting ,Hudson 2,,,,,,,,,,0,0,Grand Total,,,0,0,,,,,
44,Mon,2026-10-26 00:00:00,Converting ,Hudson 2,,,,,,,,,,0,0,Grand Total,,,0,0,,,,,
44,Tue,2026-10-27 00:00:00,Converting ,Hudson 2,,,,,,,,,,0,0,Grand Total,,,0,0,,,,,
44,Wed,2026-10-28 00:00:00,Converting ,Hudson 2,,,,,,,,,,0,0,Grand Total,,,0,0,,,,,
44,Thu,2026-10-29 00:00:00,Converting ,Hudson 2,,,,,,,,,,0,0,Grand Total,,,0,0,,,,,
44,Fri,2026-10-30 00:00:00,Converting ,Hudson 2,,,,,,,,,,0,0,Grand Total,,,0,0,,,,,
44,Sat,2026-10-31 00:00:00,Converting ,Hudson 2,,,,,,,,,,0,0,Grand Total,,,0,0,,,,,
44,Sun,2026-11-01 00:00:00,Converting ,Hudson 2,,,,,,,,,,0,0,Grand Total,,,0,0,,,,,
45,Mon,2026-11-02 00:00:00,Converting ,Hudson 2,,,,,,,,,,0,0,Grand Total,,,0,0,,,,,
45,Tue,2026-11-03 00:00:00,Converting ,Hudson 2,,,,,,,,,,0,0,Grand Total,,,0,0,,,,,
45,Wed,2026-11-04 00:00:00,Converting ,Hudson 2,,,,,,,,,,0,0,Grand Total,,,0,0,,,,,
45,Thu,2026-11-05 00:00:00,Converting ,Hudson 2,,,,,,,,,,0,0,Grand Total,,,0,0,,,,,
45,Fri,2026-11-06 00:00:00,Converting ,Hudson 2,,,,,,,,,,0,0,Grand Total,,,0,0,,,,,
45,Sat,2026-11-07 00:00:00,Converting ,Hudson 2,,,,,,,,,,0,0,Grand Total,,,0,0,,,,,
45,Sun,2026-11-08 00:00:00,Converting ,Hudson 2,,,,,,,,,,0,0,Grand Total,,,0,0,,,,,
46,Mon,2026-11-09 00:00:00,Converting ,Hudson 2,,,,,,,,,,0,0,Grand Total,,,0,0,,,,,
46,Tue,2026-11-10 00:00:00,Converting ,Hudson 2,,,,,,,,,,0,0,Grand Total,,,0,0,,,,,
46,Wed,2026-11-11 00:00:00,Converting ,Hudson 2,,,,,,,,,,0,0,Grand Total,,,0,0,,,,,
46,Thu,2026-11-12 00:00:00,Converting ,Hudson 2,,,,,,,,,,0,0,Grand Total,,,0,0,,,,,
46,Fri,2026-11-13 00:00:00,Converting ,Hudson 2,,,,,,,,,,0,0,Grand Total,,,0,0,,,,,
46,Sat,2026-11-14 00:00:00,Converting ,Hudson 2,,,,,,,,,,0,0,Grand Total,,,0,0,,,,,
46,Sun,2026-11-15 00:00:00,Converting ,Hudson 2,,,,,,,,,,0,0,Grand Total,,,0,0,,,,,
47,Mon,2026-11-16 00:00:00,Converting ,Hudson 2,,,,,,,,,,0,0,Grand Total,,,0,0,,,,,
47,Tue,2026-11-17 00:00:00,Converting ,Hudson 2,,,,,,,,,,0,0,Grand Total,,,0,0,,,,,
47,Wed,2026-11-18 00:00:00,Converting ,Hudson 2,,,,,,,,,,0,0,Grand Total,,,0,0,,,,,
47,Thu,2026-11-19 00:00:00,Converting ,Hudson 2,,,,,,,,,,0,0,Grand Total,,,0,0,,,,,
47,Fri,2026-11-20 00:00:00,Converting ,Hudson 2,,,,,,,,,,0,0,Grand Total,,,0,0,,,,,
47,Sat,2026-11-21 00:00:00,Converting ,Hudson 2,,,,,,,,,,0,0,Grand Total,,,0,0,,,,,
47,Sun,2026-11-22 00:00:00,Converting ,Hudson 2,,,,,,,,,,0,0,Grand Total,,,0,0,,,,,
48,Mon,2026-11-23 00:00:00,Converting ,Hudson 2,,,,,,,,,,0,0,Grand Total,,,0,0,,,,,
48,Tue,2026-11-24 00:00:00,Converting ,Hudson 2,,,,,,,,,,0,0,Grand Total,,,0,0,,,,,
48,Wed,2026-11-25 00:00:00,Converting ,Hudson 2,,,,,,,,,,0,0,Grand Total,,,0,0,,,,,
48,Thu,2026-11-26 00:00:00,Converting ,Hudson 2,,,,,,,,,,0,0,Grand Total,,,0,0,,,,,
48,Fri,2026-11-27 00:00:00,Converting ,Hudson 2,,,,,,,,,,0,0,Grand Total,,,0,0,,,,,
48,Sat,2026-11-28 00:00:00,Converting ,Hudson 2,,,,,,,,,,0,0,Grand Total,,,0,0,,,,,
48,Sun,2026-11-29 00:00:00,Converting ,Hudson 2,,,,,,,,,,0,0,Grand Total,,,0,0,,,,,
49,Mon,2026-11-30 00:00:00,Converting ,Hudson 2,,,,,,,,,,0,0,Grand Total,,,0,0,,,,,
49,Tue,2026-12-01 00:00:00,Converting ,Hudson 2,,,,,,,,,,0,0,Grand Total,,,0,0,,,,,
49,Wed,2026-12-02 00:00:00,Converting ,Hudson 2,,,,,,,,,,0,0,Grand Total,,,0,0,,,,,
49,Thu,2026-12-03 00:00:00,Converting ,Hudson 2,,,,,,,,,,0,0,Grand Total,,,0,0,,,,,
49,Fri,2026-12-04 00:00:00,Converting ,Hudson 2,,,,,,,,,,0,0,Grand Total,,,0,0,,,,,
49,Sat,2026-12-05 00:00:00,Converting ,Hudson 2,,,,,,,,,,0,0,Grand Total,,,0,0,,,,,
49,Sun,2026-12-06 00:00:00,Converting ,Hudson 2,,,,,,,,,,0,0,Grand Total,,,0,0,,,,,
50,Mon,2026-12-07 00:00:00,Converting ,Hudson 2,,,,,,,,,,0,0,Grand Total,,,0,0,,,,,
50,Tue,2026-12-08 00:00:00,Converting ,Hudson 2,,,,,,,,,,0,0,Grand Total,,,0,0,,,,,
50,Wed,2026-12-09 00:00:00,Converting ,Hudson 2,,,,,,,,,,0,0,Grand Total,,,0,0,,,,,
50,Thu,2026-12-10 00:00:00,Converting ,Hudson 2,,,,,,,,,,0,0,Grand Total,,,0,0,,,,,
50,Fri,2026-12-11 00:00:00,Converting ,Hudson 2,,,,,,,,,,0,0,Grand Total,,,0,0,,,,,
50,Sat,2026-12-12 00:00:00,Converting ,Hudson 2,,,,,,,,,,0,0,Grand Total,,,0,0,,,,,
50,Sun,2026-12-13 00:00:00,Converting ,Hudson 2,,,,,,,,,,0,0,Grand Total,,,0,0,,,,,
51,Mon,2026-12-14 00:00:00,Converting ,Hudson 2,,,,,,,,,,0,0,Grand Total,,,0,0,,,,,
51,Tue,2026-12-15 00:00:00,Converting ,Hudson 2,,,,,,,,,,0,0,Grand Total,,,0,0,,,,,
51,Wed,2026-12-16 00:00:00,Converting ,Hudson 2,,,,,,,,,,0,0,Grand Total,,,0,0,,,,,
51,Thu,2026-12-17 00:00:00,Converting ,Hudson 2,,,,,,,,,,0,0,Grand Total,,,0,0,,,,,
51,Fri,2026-12-18 00:00:00,Converting ,Hudson 2,,,,,,,,,,0,0,Grand Total,,,0,0,,,,,
51,Sat,2026-12-19 00:00:00,Converting ,Hudson 2,,,,,,,,,,0,0,Grand Total,,,0,0,,,,,
51,Sun,2026-12-20 00:00:00,Converting ,Hudson 2,,,,,,,,,,0,0,Grand Total,,,0,0,,,,,
52,Mon,2026-12-21 00:00:00,Converting ,Hudson 2,,,,,,,,,,0,0,Grand Total,,,0,0,,,,,
52,Tue,2026-12-22 00:00:00,Converting ,Hudson 2,,,,,,,,,,0,0,Grand Total,,,0,0,,,,,
52,Wed,2026-12-23 00:00:00,Converting ,Hudson 2,,,,,,,,,,0,0,Grand Total,,,0,0,,,,,
52,Thu,2026-12-24 00:00:00,Converting ,Hudson 2,,,,,,,,,,0,0,Grand Total,,,0,0,,,,,
52,Fri,2026-12-25 00:00:00,Converting ,Hudson 2,,,,,,,,,,0,0,Grand Total,,,0,0,,,,,
52,Sat,2026-12-26 00:00:00,Converting ,Hudson 2,,,,,,,,,,0,0,Grand Total,,,0,0,,,,,
52,Sun,2026-12-27 00:00:00,Converting ,Hudson 2,,,,,,,,,,0,0,Grand Total,,,0,0,,,,,
53,Mon,2026-12-28 00:00:00,Converting ,Hudson 2,,,,,,,,,,0,0,Grand Total,,,0,0,,,,,
53,Tue,2026-12-29 00:00:00,Converting ,Hudson 2,,,,,,,,,,0,0,Grand Total,,,0,0,,,,,
53,Wed,2026-12-30 00:00:00,Converting ,Hudson 2,,,,,,,,,,0,0,Grand Total,,,0,0,,,,,
53,Thu,2026-12-31 00:00:00,Converting ,Hudson 2,,,,,,,,,,0,0,Grand Total,,,0,0,,,,,
1,Thu,2026-01-01 00:00:00,Converting ,H Pack 1,,,,,,,,,,0,0,Grand Total,,,0,0,,,,,
1,Fri,2026-01-02 00:00:00,Converting ,H Pack 1,,,,,,,,,,0,0,Grand Total,,,0,0,,,,,
1,Tue,2023-01-03 00:00:00,Converting ,H Pack 1,,,,,,,,,,0,0,Grand Total,,,0,0,,,,,
1,Sun,2026-01-04 00:00:00,Converting ,H Pack 1,,,,,,,,,,0,0,Grand Total,,,0,0,,,,,
2,Mon,2026-01-05 00:00:00,Converting ,H Pack 1,,,,,,,,,,0,0,Grand Total,,,0,0,,,,,
2,Tue,2026-01-06 00:00:00,Converting ,H Pack 1,,,,,,,,,,0,0,Grand Total,,,0,0,,,,,
2,Wed,2026-01-07 00:00:00,Converting ,H Pack 1,,,,,,,,,,0,0,Grand Total,,,0,0,,,,,
2,Thu,2026-01-08 00:00:00,Converting ,H Pack 1,,,,,,,,,,0,0,Grand Total,,,0,0,,,,,
2,Fri,2026-01-09 00:00:00,Converting ,H Pack 1,,,,,,,,,,0,0,Grand Total,,,0,0,,,,,
2,Sat,2026-01-10 00:00:00,Converting ,H Pack 1,,,,,,,,,,0,0,Grand Total,,,0,0,,,,,
2,Sun,2026-01-11 00:00:00,Converting ,H Pack 1,,,,,,,,,,0,0,Grand Total,,,0,0,,,,,
3,Mon,2026-01-12 00:00:00,Converting ,H Pack 1,,,,,,,,,,0,0,Grand Total,,,0,0,,,,,
3,Tue,2026-01-13 00:00:00,Converting ,H Pack 1,,,,,,,,,,0,0,Grand Total,,,0,0,,,,,
3,Wed,2026-01-14 00:00:00,Converting ,H Pack 1,Yes,Non-Sterile,6145,54351,,7,143000,23000,EA,8280,3873.2,Grand Total,7,12000,4320,2020.8,,,,,
3,Thu,2026-01-15 00:00:00,Converting ,H Pack 1,Yes,Non-Sterile,6145,54351,,7,143000,23000,EA,8280,3873.2,Grand Total,14,27600,9936,4647.84,,,,,
3,Fri,2026-01-16 00:00:00,Converting ,H Pack 1,Yes,Non-Sterile,6145,54351,,7,143000,23000,EA,8280,3873.2,Grand Total,,,0,0,,,,,
3,Sat,2026-01-17 00:00:00,Converting ,H Pack 1,,,,,,,,,,0,0,Grand Total,,,0,0,,,,,
3,Sun,2026-01-18 00:00:00,Converting ,H Pack 1,,,,,,,,,,0,0,Grand Total,,,0,0,,,,,
4,Mon,2026-01-19 00:00:00,Converting ,H Pack 1,Yes,Non-Sterile,6145,54351,,7,143000,23000,EA,8280,3873.2,Grand Total,14,30000,10800,5052,,,,,
4,Tue,2026-01-20 00:00:00,Converting ,H Pack 1,Yes,Non-Sterile,6145,54351,,7,143000,23000,EA,8280,3873.2,Grand Total,14,30000,10800,5052,,,,,
4,Wed,2026-01-21 00:00:00,Converting ,H Pack 1,Yes,Non-Sterile,6145,54351,,7,143000,23000,EA,8280,3873.2,Grand Total,14,26000,9360,4378.4,,,,,
4,Thu,2026-01-22 00:00:00,Converting ,H Pack 1,Yes,Non-Sterile,6145,54351,,3,143000,5000,EA,1800,842,Grand Total,14,15400,5544,2593.36,,,,,
4,Fri,2026-01-23 00:00:00,Converting ,H Pack 1,,,,,,,,,,0,0,Grand Total,,,0,0,,,,,
4,Sat,2026-01-24 00:00:00,Converting ,H Pack 1,,,,,,,,,,0,0,Grand Total,,,0,0,,,,,
4,Sun,2026-01-25 00:00:00,Converting ,H Pack 1,,,,,,,,,,0,0,Grand Total,,,0,0,,,,,
5,Mon,2026-01-26 00:00:00,Converting ,H Pack 1,,,,,,,,,,0,0,Grand Total,,,0,0,,,,,
5,Tue,2026-01-27 00:00:00,Converting ,H Pack 1,,,,,,,,,,0,0,Grand Total,,,0,0,,,,,
5,Wed,2026-01-28 00:00:00,Converting ,H Pack 1,,,,,,,,,,0,0,Grand Total,,,0,0,,,,,
5,Thu,2026-01-29 00:00:00,Converting ,H Pack 1,,,,,,,,,,0,0,Grand Total,,,0,0,,,,,
5,Fri,2026-01-30 00:00:00,Converting ,H Pack 1,,,,,,,,,,0,0,Grand Total,,,0,0,,,,,
5,Sat,2026-01-31 00:00:00,Converting ,H Pack 1,,,,,,,,,,0,0,Grand Total,,,0,0,,,,,
5,Sun,2026-02-01 00:00:00,Converting ,H Pack 1,,,,,,,,,,0,0,Grand Total,,,0,0,,,,,
6,Mon,2026-02-02 00:00:00,Converting ,H Pack 1,,,,,,,,,,0,0,Grand Total,,,0,0,,,,,
6,Tue,2026-02-03 00:00:00,Converting ,H Pack 1,,,,,,,,,,0,0,Grand Total,,,0,0,,,,,
6,Wed,2026-02-04 00:00:00,Converting ,H Pack 1,,,,,,,,,,0,0,Grand Total,,,0,0,,,,,
6,Thu,2026-02-05 00:00:00,Converting ,H Pack 1,,,,,,,,,,0,0,Grand Total,,,0,0,,,,,
6,Fri,2026-02-06 00:00:00,Converting ,H Pack 1,,,,,,,,,,0,0,Grand Total,,,0,0,,,,,
6,Sat,2026-02-07 00:00:00,Converting ,H Pack 1,,,,,,,,,,0,0,Grand Total,,,0,0,,,,,
6,Sun,2026-02-08 00:00:00,Converting ,H Pack 1,,,,,,,,,,0,0,Grand Total,,,0,0,,,,,
7,Mon,2026-02-09 00:00:00,Converting ,H Pack 1,,,,,,,,,,0,0,Grand Total,,,0,0,,,,,
7,Tue,2026-02-10 00:00:00,Converting ,H Pack 1,No,Non-Sterile,1674,54394,,10,550000,92000,EA,0,0,Grand Total,,,0,0,,,,,
7,Wed,2026-02-11 00:00:00,Converting ,H Pack 1,No,Non-Sterile,1673,54393,,7,440000,74000,EA,0,0,Grand Total,,,0,0,,,,,
7,Thu,2026-02-12 00:00:00,Converting ,H Pack 1,No,Non-Sterile,1673,54393,,7,440000,74000,EA,0,0,Grand Total,,,0,0,,,,,
7,Fri,2026-02-13 00:00:00,Converting ,H Pack 1,No,Non-Sterile,1673,54393,,7,440000,74000,EA,0,0,Grand Total,,,0,0,,,,,
7,Sat,2026-02-14 00:00:00,Converting ,H Pack 1,,,,,,,,,,0,0,Grand Total,,,0,0,,,,,
7,Sun,2026-02-15 00:00:00,Converting ,H Pack 1,,,,,,,,,,0,0,Grand Total,,,0,0,,,,,
8,Mon,2026-02-16 00:00:00,Converting ,H Pack 1,No,Non-Sterile,1673,54393,,7,440000,74000,EA,0,0,Grand Total,,,0,0,,,,,
8,Tue,2026-02-17 00:00:00,Converting ,H Pack 1,No,Non-Sterile,1673,54393,,7,440000,74000,EA,0,0,Grand Total,,,0,0,,,,,
8,Wed,2026-02-18 00:00:00,Converting ,H Pack 1,No,Non-Sterile,1673,54393,,7,440000,74000,EA,0,0,Grand Total,,,0,0,,,,,
8,Thu,2026-02-19 00:00:00,Converting ,H Pack 1,,,,,,,,,,0,0,Grand Total,,,0,0,,,,,
8,Fri,2026-02-20 00:00:00,Converting ,H Pack 1,,,,,,,,,,0,0,Grand Total,,,0,0,,,,,
8,Sat,2026-02-21 00:00:00,Converting ,H Pack 1,,,,,,,,,,0,0,Grand Total,,,0,0,,,,,
8,Sun,2026-02-22 00:00:00,Converting ,H Pack 1,,,,,,,,,,0,0,Grand Total,,,0,0,,,,,
9,Mon,2026-02-23 00:00:00,Converting ,H Pack 1,,,,,,,,,,0,0,Grand Total,,,0,0,,,,,
9,Tue,2026-02-24 00:00:00,Converting ,H Pack 1,,,,,,,,,,0,0,Grand Total,,,0,0,,,,,
9,Wed,2026-02-25 00:00:00,Converting ,H Pack 1,,,,,,,,,,0,0,Grand Total,,,0,0,,,,,
9,Thu,2026-02-26 00:00:00,Converting ,H Pack 1,,,,,,,,,,0,0,Grand Total,,,0,0,,,,,
9,Fri,2026-02-27 00:00:00,Converting ,H Pack 1,,,,,,,,,,0,0,Grand Total,,,0,0,,,,,
9,Sat,2026-02-28 00:00:00,Converting ,H Pack 1,,,,,,,,,,0,0,Grand Total,,,0,0,,,,,
9,Sun,2026-03-01 00:00:00,Converting ,H Pack 1,,,,,,,,,,0,0,Grand Total,,,0,0,,,,,
10,Mon,2026-03-02 00:00:00,Converting ,H Pack 1,,,,,,,,,,0,0,Grand Total,,,0,0,,,,,
10,Tue,2026-03-03 00:00:00,Converting ,H Pack 1,,,,,,,,,,0,0,Grand Total,,,0,0,,,,,
10,Wed,2026-03-04 00:00:00,Converting ,H Pack 1,,,,,,,,,,0,0,Grand Total,,,0,0,,,,,
10,Thu,2026-03-05 00:00:00,Converting ,H Pack 1,,,,,,,,,,0,0,Grand Total,,,0,0,,,,,
10,Fri,2026-03-06 00:00:00,Converting ,H Pack 1,,,,,,,,,,0,0,Grand Total,,,0,0,,,,,
10,Sat,2026-03-07 00:00:00,Converting ,H Pack 1,,,,,,,,,,0,0,Grand Total,,,0,0,,,,,
10,Sun,2026-03-08 00:00:00,Converting ,H Pack 1,,,,,,,,,,0,0,Grand Total,,,0,0,,,,,
11,Mon,2026-03-09 00:00:00,Converting ,H Pack 1,,,,,,,,,,0,0,Grand Total,,,0,0,,,,,
11,Tue,2026-03-10 00:00:00,Converting ,H Pack 1,,,,,,,,,,0,0,Grand Total,,,0,0,,,,,
11,Wed,2026-03-11 00:00:00,Converting ,H Pack 1,,,,,,,,,,0,0,Grand Total,,,0,0,,,,,
11,Thu,2026-03-12 00:00:00,Converting ,H Pack 1,,,,,,,,,,0,0,Grand Total,,,0,0,,,,,
11,Fri,2026-03-13 00:00:00,Converting ,H Pack 1,,,,,,,,,,0,0,Grand Total,,,0,0,,,,,
11,Sat,2026-03-14 00:00:00,Converting ,H Pack 1,,,,,,,,,,0,0,Grand Total,,,0,0,,,,,
11,Sun,2026-03-15 00:00:00,Converting ,H Pack 1,,,,,,,,,,0,0,Grand Total,,,0,0,,,,,
12,Mon,2026-03-16 00:00:00,Converting ,H Pack 1,,,,,,,,,,0,0,Grand Total,,,0,0,,,,,
12,Tue,2026-03-17 00:00:00,Converting ,H Pack 1,,,,,,,,,,0,0,Grand Total,,,0,0,,,,,
12,Wed,2026-03-18 00:00:00,Converting ,H Pack 1,,,,,,,,,,0,0,Grand Total,,,0,0,,,,,
12,Thu,2026-03-19 00:00:00,Converting ,H Pack 1,,,,,,,,,,0,0,Grand Total,,,0,0,,,,,
12,Fri,2026-03-20 00:00:00,Converting ,H Pack 1,,,,,,,,,,0,0,Grand Total,,,0,0,,,,,
12,Sat,2026-03-21 00:00:00,Converting ,H Pack 1,,,,,,,,,,0,0,Grand Total,,,0,0,,,,,
12,Sun,2026-03-22 00:00:00,Converting ,H Pack 1,,,,,,,,,,0,0,Grand Total,,,0,0,,,,,
13,Mon,2026-03-23 00:00:00,Converting ,H Pack 1,,,,,,,,,,0,0,Grand Total,,,0,0,,,,,
13,Tue,2026-03-24 00:00:00,Converting ,H Pack 1,,,,,,,,,,0,0,Grand Total,,,0,0,,,,,
13,Wed,2026-03-25 00:00:00,Converting ,H Pack 1,,,,,,,,,,0,0,Grand Total,,,0,0,,,,,
13,Thu,2026-03-26 00:00:00,Converting ,H Pack 1,,,,,,,,,,0,0,Grand Total,,,0,0,,,,,
13,Fri,2026-03-27 00:00:00,Converting ,H Pack 1,,,,,,,,,,0,0,Grand Total,,,0,0,,,,,
13,Sat,2026-03-28 00:00:00,Converting ,H Pack 1,,,,,,,,,,0,0,Grand Total,,,0,0,,,,,
13,Sun,2026-03-29 00:00:00,Converting ,H Pack 1,,,,,,,,,,0,0,Grand Total,,,0,0,,,,,
14,Mon,2026-03-30 00:00:00,Converting ,H Pack 1,,,,,,,,,,0,0,Grand Total,,,0,0,,,,,
14,Tue,2026-03-31 00:00:00,Converting ,H Pack 1,,,,,,,,,,0,0,Grand Total,,,0,0,,,,,
14,Wed,2026-04-01 00:00:00,Converting ,H Pack 1,,,,,,,,,,0,0,Grand Total,,,0,0,,,,,
14,Thu,2026-04-02 00:00:00,Converting ,H Pack 1,,,,,,,,,,0,0,Grand Total,,,0,0,,,,,
14,Fri,2026-04-03 00:00:00,Converting ,H Pack 1,,,,,,,,,,0,0,Grand Total,,,0,0,,,,,
14,Sat,2026-04-04 00:00:00,Converting ,H Pack 1,,,,,,,,,,0,0,Grand Total,,,0,0,,,,,
14,Sun,2026-04-05 00:00:00,Converting ,H Pack 1,,,,,,,,,,0,0,Grand Total,,,0,0,,,,,
15,Mon,2026-04-06 00:00:00,Converting ,H Pack 1,,,,,,,,,,0,0,Grand Total,,,0,0,,,,,
15,Tue,2026-04-07 00:00:00,Converting ,H Pack 1,,,,,,,,,,0,0,Grand Total,,,0,0,,,,,
15,Wed,2026-04-08 00:00:00,Converting ,H Pack 1,,,,,,,,,,0,0,Grand Total,,,0,0,,,,,
15,Thu,2026-04-09 00:00:00,Converting ,H Pack 1,,,,,,,,,,0,0,Grand Total,,,0,0,,,,,
15,Fri,2026-04-10 00:00:00,Converting ,H Pack 1,,,,,,,,,,0,0,Grand Total,,,0,0,,,,,
15,Sat,2026-04-11 00:00:00,Converting ,H Pack 1,,,,,,,,,,0,0,Grand Total,,,0,0,,,,,
15,Sun,2026-04-12 00:00:00,Converting ,H Pack 1,,,,,,,,,,0,0,Grand Total,,,0,0,,,,,
16,Mon,2026-04-13 00:00:00,Converting ,H Pack 1,,,,,,,,,,0,0,Grand Total,,,0,0,,,,,
16,Tue,2026-04-14 00:00:00,Converting ,H Pack 1,,,,,,,,,,0,0,Grand Total,,,0,0,,,,,
16,Wed,2026-04-15 00:00:00,Converting ,H Pack 1,,,,,,,,,,0,0,Grand Total,,,0,0,,,,,
16,Thu,2026-04-16 00:00:00,Converting ,H Pack 1,,,,,,,,,,0,0,Grand Total,,,0,0,,,,,
16,Fri,2026-04-17 00:00:00,Collagen,H Pack 1,,,,,,,,,,0,0,Grand Total,,,0,0,,,,,
16,Sat,2026-04-18 00:00:00,Collagen,H Pack 1,,,,,,,,,,0,0,Grand Total,,,0,0,,,,,
16,Sun,2026-04-19 00:00:00,Collagen,H Pack 1,,,,,,,,,,0,0,Grand Total,,,0,0,,,,,
17,Mon,2026-04-20 00:00:00,Collagen,H Pack 1,,,,,,,,,,0,0,Grand Total,,,0,0,,,,,
17,Tue,2026-04-21 00:00:00,Collagen,H Pack 1,,,,,,,,,,0,0,Grand Total,,,0,0,,,,,
17,Wed,2026-04-22 00:00:00,Converting ,H Pack 1,,,,,,,,,,0,0,Grand Total,,,0,0,,,,,
17,Thu,2026-04-23 00:00:00,Converting ,H Pack 1,,,,,,,,,,0,0,Grand Total,,,0,0,,,,,
17,Fri,2026-04-24 00:00:00,Converting ,H Pack 1,,,,,,,,,,0,0,Grand Total,,,0,0,,,,,
17,Sat,2026-04-25 00:00:00,Converting ,H Pack 1,,,,,,,,,,0,0,Grand Total,,,0,0,,,,,
17,Sun,2026-04-26 00:00:00,Converting ,H Pack 1,,,,,,,,,,0,0,Grand Total,,,0,0,,,,,
18,Mon,2026-04-27 00:00:00,Converting ,H Pack 1,,,,,,,,,,0,0,Grand Total,,,0,0,,,,,
18,Tue,2026-04-28 00:00:00,Converting ,H Pack 1,,,,,,,,,,0,0,Grand Total,,,0,0,,,,,
18,Wed,2026-04-29 00:00:00,Converting ,H Pack 1,,,,,,,,,,0,0,Grand Total,,,0,0,,,,,
18,Thu,2026-04-30 00:00:00,Converting ,H Pack 1,,,,,,,,,,0,0,Grand Total,,,0,0,,,,,
18,Fri,2026-05-01 00:00:00,Collagen,H Pack 1,,,,,,,,,,0,0,Grand Total,,,0,0,,,,,
18,Sat,2026-05-02 00:00:00,Converting ,H Pack 1,,,,,,,,,,0,0,Grand Total,,,0,0,,,,,
18,Sun,2026-05-03 00:00:00,Converting ,H Pack 1,,,,,,,,,,0,0,Grand Total,,,0,0,,,,,
19,Mon,2026-05-04 00:00:00,Collagen,H Pack 1,,,,,,,,,,0,0,Grand Total,,,0,0,,,,,
19,Tue,2026-05-05 00:00:00,Converting ,H Pack 1,,,,,,,,,,0,0,Grand Total,,,0,0,,,,,
19,Wed,2026-05-06 00:00:00,Converting ,H Pack 1,,,,,,,,,,0,0,Grand Total,,,0,0,,,,,
19,Thu,2026-05-07 00:00:00,Converting ,H Pack 1,,,,,,,,,,0,0,Grand Total,,,0,0,,,,,
19,Fri,2026-05-08 00:00:00,Converting ,H Pack 1,,,,,,,,,,0,0,Grand Total,,,0,0,,,,,
19,Sat,2026-05-09 00:00:00,Converting ,H Pack 1,,,,,,,,,,0,0,Grand Total,,,0,0,,,,,
19,Sun,2026-05-10 00:00:00,Converting ,H Pack 1,,,,,,,,,,0,0,Grand Total,,,0,0,,,,,
20,Mon,2026-05-11 00:00:00,Converting ,H Pack 1,,,,,,,,,,0,0,Grand Total,,,0,0,,,,,
20,Tue,2026-05-12 00:00:00,Converting ,H Pack 1,,,,,,,,,,0,0,Grand Total,,,0,0,,,,,
20,Wed,2026-05-13 00:00:00,Converting ,H Pack 1,,,,,,,,,,0,0,Grand Total,,,0,0,,,,,
20,Thu,2026-05-14 00:00:00,Converting ,H Pack 1,,,,,,,,,,0,0,Grand Total,,,0,0,,,,,
20,Fri,2026-05-15 00:00:00,Converting ,H Pack 1,,,,,,,,,,0,0,Grand Total,,,0,0,,,,,
20,Sat,2026-05-16 00:00:00,Converting ,H Pack 1,,,,,,,,,,0,0,Grand Total,,,0,0,,,,,
20,Sun,2026-05-17 00:00:00,Converting ,H Pack 1,,,,,,,,,,0,0,Grand Total,,,0,0,,,,,
21,Mon,2026-05-18 00:00:00,Converting ,H Pack 1,,,,,,,,,,0,0,Grand Total,,,0,0,,,,,
21,Tue,2026-05-19 00:00:00,Converting ,H Pack 1,,,,,,,,,,0,0,Grand Total,,,0,0,,,,,
21,Wed,2026-05-20 00:00:00,Converting ,H Pack 1,,,,,,,,,,0,0,Grand Total,,,0,0,,,,,
21,Thu,2026-05-21 00:00:00,Converting ,H Pack 1,,,,,,,,,,0,0,Grand Total,,,0,0,,,,,
21,Fri,2026-05-22 00:00:00,Converting ,H Pack 1,,,,,,,,,,0,0,Grand Total,,,0,0,,,,,
21,Sat,2026-05-23 00:00:00,Collagen,H Pack 1,,,,,,,,,,0,0,Grand Total,,,0,0,,,,,
21,Sun,2026-05-24 00:00:00,Converting ,H Pack 1,,,,,,,,,,0,0,Grand Total,,,0,0,,,,,
22,Mon,2026-05-25 00:00:00,Converting ,H Pack 1,,,,,,,,,,0,0,Grand Total,,,0,0,,,,,
22,Tue,2026-05-26 00:00:00,Converting ,H Pack 1,,,,,,,,,,0,0,Grand Total,,,0,0,,,,,
22,Wed,2026-05-27 00:00:00,Converting ,H Pack 1,,,,,,,,,,0,0,Grand Total,,,0,0,,,,,
22,Thu,2026-05-28 00:00:00,Converting ,H Pack 1,,,,,,,,,,0,0,Grand Total,,,0,0,,,,,
22,Fri,2026-05-29 00:00:00,Converting ,H Pack 1,,,,,,,,,,0,0,Grand Total,,,0,0,,,,,
22,Sat,2026-05-30 00:00:00,Converting ,H Pack 1,,,,,,,,,,0,0,Grand Total,,,0,0,,,,,
22,Sun,2026-05-31 00:00:00,Converting ,H Pack 1,,,,,,,,,,0,0,Grand Total,,,0,0,,,,,
23,Mon,2026-06-01 00:00:00,Converting ,H Pack 1,,,,,,,,,,0,0,Grand Total,,,0,0,,,,,
23,Tue,2026-06-02 00:00:00,Converting ,H Pack 1,,,,,,,,,,0,0,Grand Total,,,0,0,,,,,
23,Wed,2026-06-03 00:00:00,Converting ,H Pack 1,,,,,,,,,,0,0,Grand Total,,,0,0,,,,,
23,Thu,2026-06-04 00:00:00,Converting ,H Pack 1,,,,,,,,,,0,0,Grand Total,,,0,0,,,,,
23,Fri,2026-06-05 00:00:00,Converting ,H Pack 1,,,,,,,,,,0,0,Grand Total,,,0,0,,,,,
23,Sat,2026-06-06 00:00:00,Converting ,H Pack 1,,,,,,,,,,0,0,Grand Total,,,0,0,,,,,
23,Sun,2026-06-07 00:00:00,Converting ,H Pack 1,,,,,,,,,,0,0,Grand Total,,,0,0,,,,,
24,Mon,2026-06-08 00:00:00,Converting ,H Pack 1,,,,,,,,,,0,0,Grand Total,,,0,0,,,,,
24,Tue,2026-06-09 00:00:00,Converting ,H Pack 1,,,,,,,,,,0,0,Grand Total,,,0,0,,,,,
24,Wed,2026-06-10 00:00:00,Converting ,H Pack 1,,,,,,,,,,0,0,Grand Total,,,0,0,,,,,
24,Thu,2026-06-11 00:00:00,Converting ,H Pack 1,,,,,,,,,,0,0,Grand Total,,,0,0,,,,,
24,Fri,2026-06-12 00:00:00,Converting ,H Pack 1,,,,,,,,,,0,0,Grand Total,,,0,0,,,,,
24,Sat,2026-06-13 00:00:00,Converting ,H Pack 1,,,,,,,,,,0,0,Grand Total,,,0,0,,,,,
24,Sun,2026-06-14 00:00:00,Converting ,H Pack 1,,,,,,,,,,0,0,Grand Total,,,0,0,,,,,
25,Mon,2026-06-15 00:00:00,Converting ,H Pack 1,,,,,,,,,,0,0,Grand Total,,,0,0,,,,,
25,Tue,2026-06-16 00:00:00,Converting ,H Pack 1,,,,,,,,,,0,0,Grand Total,,,0,0,,,,,
25,Wed,2026-06-17 00:00:00,Converting ,H Pack 1,,,,,,,,,,0,0,Grand Total,,,0,0,,,,,
25,Thu,2026-06-18 00:00:00,Converting ,H Pack 1,,,,,,,,,,0,0,Grand Total,,,0,0,,,,,
25,Fri,2026-06-19 00:00:00,Converting ,H Pack 1,,,,,,,,,,0,0,Grand Total,,,0,0,,,,,
25,Sat,2026-06-20 00:00:00,Converting ,H Pack 1,,,,,,,,,,0,0,Grand Total,,,0,0,,,,,
25,Sun,2026-06-21 00:00:00,Converting ,H Pack 1,,,,,,,,,,0,0,Grand Total,,,0,0,,,,,
26,Mon,2026-06-22 00:00:00,Converting ,H Pack 1,,,,,,,,,,0,0,Grand Total,,,0,0,,,,,
26,Tue,2026-06-23 00:00:00,Converting ,H Pack 1,,,,,,,,,,0,0,Grand Total,,,0,0,,,,,
26,Wed,2026-06-24 00:00:00,Converting ,H Pack 1,,,,,,,,,,0,0,Grand Total,,,0,0,,,,,
26,Thu,2026-06-25 00:00:00,Converting ,H Pack 1,,,,,,,,,,0,0,Grand Total,,,0,0,,,,,
26,Fri,2026-06-26 00:00:00,Converting ,H Pack 1,,,,,,,,,,0,0,Grand Total,,,0,0,,,,,
26,Sat,2026-06-27 00:00:00,Converting ,H Pack 1,,,,,,,,,,0,0,Grand Total,,,0,0,,,,,
26,Sun,2026-06-28 00:00:00,Converting ,H Pack 1,,,,,,,,,,0,0,Grand Total,,,0,0,,,,,
27,Mon,2026-06-29 00:00:00,Converting ,H Pack 1,,,,,,,,,,0,0,Grand Total,,,0,0,,,,,
27,Tue,2026-06-30 00:00:00,Converting ,H Pack 1,,,,,,,,,,0,0,Grand Total,,,0,0,,,,,
27,Wed,2026-07-01 00:00:00,Converting ,H Pack 1,,,,,,,,,,0,0,Grand Total,,,0,0,,,,,
27,Thu,2026-07-02 00:00:00,Converting ,H Pack 1,,,,,,,,,,0,0,Grand Total,,,0,0,,,,,
27,Fri,2026-07-03 00:00:00,Converting ,H Pack 1,,,,,,,,,,0,0,Grand Total,,,0,0,,,,,
27,Sat,2026-07-04 00:00:00,Converting ,H Pack 1,,,,,,,,,,0,0,Grand Total,,,0,0,,,,,
27,Sun,2026-07-05 00:00:00,Converting ,H Pack 1,,,,,,,,,,0,0,Grand Total,,,0,0,,,,,
28,Mon,2026-07-06 00:00:00,Converting ,H Pack 1,,,,,,,,,,0,0,Grand Total,,,0,0,,,,,
28,Tue,2026-07-07 00:00:00,Converting ,H Pack 1,,,,,,,,,,0,0,Grand Total,,,0,0,,,,,
28,Wed,2026-07-08 00:00:00,Converting ,H Pack 1,,,,,,,,,,0,0,Grand Total,,,0,0,,,,,
28,Thu,2026-07-09 00:00:00,Converting ,H Pack 1,,,,,,,,,,0,0,Grand Total,,,0,0,,,,,
28,Fri,2026-07-10 00:00:00,Converting ,H Pack 1,,,,,,,,,,0,0,Grand Total,,,0,0,,,,,
28,Sat,2026-07-11 00:00:00,Converting ,H Pack 1,,,,,,,,,,0,0,Grand Total,,,0,0,,,,,
28,Sun,2026-07-12 00:00:00,Converting ,H Pack 1,,,,,,,,,,0,0,Grand Total,,,0,0,,,,,
29,Mon,2026-07-13 00:00:00,Converting ,H Pack 1,,,,,,,,,,0,0,Grand Total,,,0,0,,,,,
29,Tue,2026-07-14 00:00:00,Collagen,H Pack 1,,,,,,,,,,0,0,Grand Total,,,0,0,,,,,
29,Wed,2026-07-15 00:00:00,Converting ,H Pack 1,,,,,,,,,,0,0,Grand Total,,,0,0,,,,,
29,Thu,2026-07-16 00:00:00,Converting ,H Pack 1,,,,,,,,,,0,0,Grand Total,,,0,0,,,,,
29,Fri,2026-07-17 00:00:00,Converting ,H Pack 1,,,,,,,,,,0,0,Grand Total,,,0,0,,,,,
29,Sat,2026-07-18 00:00:00,Converting ,H Pack 1,,,,,,,,,,0,0,Grand Total,,,0,0,,,,,
29,Sun,2026-07-19 00:00:00,Converting ,H Pack 1,,,,,,,,,,0,0,Grand Total,,,0,0,,,,,
30,Mon,2026-07-20 00:00:00,Converting ,H Pack 1,,,,,,,,,,0,0,Grand Total,,,0,0,,,,,
30,Tue,2026-07-21 00:00:00,Converting ,H Pack 1,,,,,,,,,,0,0,Grand Total,,,0,0,,,,,
30,Wed,2026-07-22 00:00:00,Converting ,H Pack 1,,,,,,,,,,0,0,Grand Total,,,0,0,,,,,
30,Thu,2026-07-23 00:00:00,Converting ,H Pack 1,,,,,,,,,,0,0,Grand Total,,,0,0,,,,,
30,Fri,2026-07-24 00:00:00,Converting ,H Pack 1,,,,,,,,,,0,0,Grand Total,,,0,0,,,,,
30,Sat,2026-07-25 00:00:00,Converting ,H Pack 1,,,,,,,,,,0,0,Grand Total,,,0,0,,,,,
30,Sun,2026-07-26 00:00:00,Converting ,H Pack 1,,,,,,,,,,0,0,Grand Total,,,0,0,,,,,
31,Mon,2026-07-27 00:00:00,Converting ,H Pack 1,,,,,,,,,,0,0,Grand Total,,,0,0,,,,,
31,Tue,2026-07-28 00:00:00,Converting ,H Pack 1,,,,,,,,,,0,0,Grand Total,,,0,0,,,,,
31,Wed,2026-07-29 00:00:00,Converting ,H Pack 1,,,,,,,,,,0,0,Grand Total,,,0,0,,,,,
31,Thu,2026-07-30 00:00:00,Converting ,H Pack 1,,,,,,,,,,0,0,Grand Total,,,0,0,,,,,
31,Fri,2026-07-31 00:00:00,Converting ,H Pack 1,,,,,,,,,,0,0,Grand Total,,,0,0,,,,,
31,Sat,2026-08-01 00:00:00,Converting ,H Pack 1,,,,,,,,,,0,0,Grand Total,,,0,0,,,,,
31,Sun,2026-08-02 00:00:00,Converting ,H Pack 1,,,,,,,,,,0,0,Grand Total,,,0,0,,,,,
32,Mon,2026-08-03 00:00:00,Converting ,H Pack 1,,,,,,,,,,0,0,Grand Total,,,0,0,,,,,
32,Tue,2026-08-04 00:00:00,Converting ,H Pack 1,,,,,,,,,,0,0,Grand Total,,,0,0,,,,,
32,Wed,2026-08-05 00:00:00,Converting ,H Pack 1,,,,,,,,,,0,0,Grand Total,,,0,0,,,,,
32,Thu,2026-08-06 00:00:00,Converting ,H Pack 1,,,,,,,,,,0,0,Grand Total,,,0,0,,,,,
32,Fri,2026-08-07 00:00:00,Converting ,H Pack 1,,,,,,,,,,0,0,Grand Total,,,0,0,,,,,
32,Sat,2026-08-08 00:00:00,Converting ,H Pack 1,,,,,,,,,,0,0,Grand Total,,,0,0,,,,,
32,Sun,2026-08-09 00:00:00,Converting ,H Pack 1,,,,,,,,,,0,0,Grand Total,,,0,0,,,,,
33,Mon,2026-08-10 00:00:00,Converting ,H Pack 1,,,,,,,,,,0,0,Grand Total,,,0,0,,,,,
33,Tue,2026-08-11 00:00:00,Converting ,H Pack 1,,,,,,,,,,0,0,Grand Total,,,0,0,,,,,
33,Wed,2026-08-12 00:00:00,Converting ,H Pack 1,,,,,,,,,,0,0,Grand Total,,,0,0,,,,,
33,Thu,2026-08-13 00:00:00,Converting ,H Pack 1,,,,,,,,,,0,0,Grand Total,,,0,0,,,,,
33,Fri,2026-08-14 00:00:00,Converting ,H Pack 1,,,,,,,,,,0,0,Grand Total,,,0,0,,,,,
33,Sat,2026-08-15 00:00:00,Converting ,H Pack 1,,,,,,,,,,0,0,Grand Total,,,0,0,,,,,
33,Sun,2026-08-16 00:00:00,Converting ,H Pack 1,,,,,,,,,,0,0,Grand Total,,,0,0,,,,,
34,Mon,2026-08-17 00:00:00,Converting ,H Pack 1,,,,,,,,,,0,0,Grand Total,,,0,0,,,,,
34,Tue,2026-08-18 00:00:00,Collagen,H Pack 1,,,,,,,,,,0,0,Grand Total,,,0,0,,,,,
34,Wed,2026-08-19 00:00:00,Converting ,H Pack 1,,,,,,,,,,0,0,Grand Total,,,0,0,,,,,
34,Thu,2026-08-20 00:00:00,Converting ,H Pack 1,,,,,,,,,,0,0,Grand Total,,,0,0,,,,,
34,Fri,2026-08-21 00:00:00,Converting ,H Pack 1,,,,,,,,,,0,0,Grand Total,,,0,0,,,,,
34,Sat,2026-08-22 00:00:00,Converting ,H Pack 1,,,,,,,,,,0,0,Grand Total,,,0,0,,,,,
34,Sun,2026-08-23 00:00:00,Collagen,H Pack 1,,,,,,,,,,0,0,Grand Total,,,0,0,,,,,
35,Mon,2026-08-24 00:00:00,Converting ,H Pack 1,,,,,,,,,,0,0,Grand Total,,,0,0,,,,,
35,Tue,2026-08-25 00:00:00,Converting ,H Pack 1,,,,,,,,,,0,0,Grand Total,,,0,0,,,,,
35,Wed,2026-08-26 00:00:00,Converting ,H Pack 1,,,,,,,,,,0,0,Grand Total,,,0,0,,,,,
35,Thu,2026-08-27 00:00:00,Converting ,H Pack 1,,,,,,,,,,0,0,Grand Total,,,0,0,,,,,
35,Fri,2026-08-28 00:00:00,Converting ,H Pack 1,,,,,,,,,,0,0,Grand Total,,,0,0,,,,,
35,Sat,2026-08-29 00:00:00,Converting ,H Pack 1,,,,,,,,,,0,0,Grand Total,,,0,0,,,,,
35,Sun,2026-08-30 00:00:00,Converting ,H Pack 1,,,,,,,,,,0,0,Grand Total,,,0,0,,,,,
36,Mon,2026-08-31 00:00:00,Converting ,H Pack 1,,,,,,,,,,0,0,Grand Total,,,0,0,,,,,
36,Tue,2026-09-01 00:00:00,Converting ,H Pack 1,,,,,,,,,,0,0,Grand Total,,,0,0,,,,,
36,Wed,2026-09-02 00:00:00,Converting ,H Pack 1,,,,,,,,,,0,0,Grand Total,,,0,0,,,,,
36,Thu,2026-09-03 00:00:00,Converting ,H Pack 1,,,,,,,,,,0,0,Grand Total,,,0,0,,,,,
36,Fri,2026-09-04 00:00:00,Converting ,H Pack 1,,,,,,,,,,0,0,Grand Total,,,0,0,,,,,
36,Sat,2026-09-05 00:00:00,Converting ,H Pack 1,,,,,,,,,,0,0,Grand Total,,,0,0,,,,,
36,Sun,2026-09-06 00:00:00,Converting ,H Pack 1,,,,,,,,,,0,0,Grand Total,,,0,0,,,,,
38,Sat,2026-09-19 00:00:00,Converting ,H Pack 1,,,,,,,,,,0,0,Grand Total,,,0,0,,,,,
38,Sun,2026-09-20 00:00:00,Converting ,H Pack 1,,,,,,,,,,0,0,Grand Total,,,0,0,,,,,
39,Mon,2026-09-21 00:00:00,Converting ,H Pack 1,,,,,,,,,,0,0,Grand Total,,,0,0,,,,,
39,Tue,2026-09-22 00:00:00,Converting ,H Pack 1,,,,,,,,,,0,0,Grand Total,,,0,0,,,,,
39,Thu,2026-09-24 00:00:00,Converting ,H Pack 1,,,,,,,,,,0,0,Grand Total,,,0,0,,,,,
39,Fri,2026-09-25 00:00:00,Converting ,H Pack 1,,,,,,,,,,0,0,Grand Total,,,0,0,,,,,
39,Sat,2026-09-26 00:00:00,Converting ,H Pack 1,,,,,,,,,,0,0,Grand Total,,,0,0,,,,,
39,Sun,2026-09-27 00:00:00,Converting ,H Pack 1,,,,,,,,,,0,0,Grand Total,,,0,0,,,,,
40,Mon,2026-09-28 00:00:00,Converting ,H Pack 1,,,,,,,,,,0,0,Grand Total,,,0,0,,,,,
40,Tue,2026-09-29 00:00:00,Converting ,H Pack 1,,,,,,,,,,0,0,Grand Total,,,0,0,,,,,
40,Wed,2026-09-30 00:00:00,Converting ,H Pack 1,,,,,,,,,,0,0,Grand Total,,,0,0,,,,,
40,Thu,2026-10-01 00:00:00,Converting ,H Pack 1,,,,,,,,,,0,0,Grand Total,,,0,0,,,,,
40,Fri,2026-10-02 00:00:00,Converting ,H Pack 1,,,,,,,,,,0,0,Grand Total,,,0,0,,,,,
40,Sat,2026-10-03 00:00:00,Converting ,H Pack 1,,,,,,,,,,0,0,Grand Total,,,0,0,,,,,
40,Sun,2026-10-04 00:00:00,Converting ,H Pack 1,,,,,,,,,,0,0,Grand Total,,,0,0,,,,,
41,Mon,2026-10-05 00:00:00,Converting ,H Pack 1,,,,,,,,,,0,0,Grand Total,,,0,0,,,,,
41,Tue,2026-10-06 00:00:00,Converting ,H Pack 1,,,,,,,,,,0,0,Grand Total,,,0,0,,,,,
41,Wed,2026-10-07 00:00:00,Converting ,H Pack 1,,,,,,,,,,0,0,Grand Total,,,0,0,,,,,
41,Thu,2026-10-08 00:00:00,Converting ,H Pack 1,,,,,,,,,,0,0,Grand Total,,,0,0,,,,,
41,Fri,2026-10-09 00:00:00,Converting ,H Pack 1,,,,,,,,,,0,0,Grand Total,,,0,0,,,,,
41,Sat,2026-10-10 00:00:00,Converting ,H Pack 1,,,,,,,,,,0,0,Grand Total,,,0,0,,,,,
41,Sun,2026-10-11 00:00:00,Converting ,H Pack 1,,,,,,,,,,0,0,Grand Total,,,0,0,,,,,
42,Mon,2026-10-12 00:00:00,Converting ,H Pack 1,,,,,,,,,,0,0,Grand Total,,,0,0,,,,,
42,Tue,2026-10-13 00:00:00,Converting ,H Pack 1,,,,,,,,,,0,0,Grand Total,,,0,0,,,,,
42,Wed,2026-10-14 00:00:00,Converting ,H Pack 1,,,,,,,,,,0,0,Grand Total,,,0,0,,,,,
42,Thu,2026-10-15 00:00:00,Converting ,H Pack 1,,,,,,,,,,0,0,Grand Total,,,0,0,,,,,
42,Fri,2026-10-16 00:00:00,Converting ,H Pack 1,,,,,,,,,,0,0,Grand Total,,,0,0,,,,,
42,Sat,2026-10-17 00:00:00,Converting ,H Pack 1,,,,,,,,,,0,0,Grand Total,,,0,0,,,,,
42,Sun,2026-10-18 00:00:00,Converting ,H Pack 1,,,,,,,,,,0,0,Grand Total,,,0,0,,,,,
43,Mon,2026-10-19 00:00:00,Converting ,H Pack 1,,,,,,,,,,0,0,Grand Total,,,0,0,,,,,
43,Tue,2026-10-20 00:00:00,Converting ,H Pack 1,,,,,,,,,,0,0,Grand Total,,,0,0,,,,,
43,Wed,2026-10-21 00:00:00,Converting ,H Pack 1,,,,,,,,,,0,0,Grand Total,,,0,0,,,,,
43,Thu,2026-10-22 00:00:00,Converting ,H Pack 1,,,,,,,,,,0,0,Grand Total,,,0,0,,,,,
43,Fri,2026-10-23 00:00:00,Converting ,H Pack 1,,,,,,,,,,0,0,Grand Total,,,0,0,,,,,
43,Sat,2026-10-24 00:00:00,Converting ,H Pack 1,,,,,,,,,,0,0,Grand Total,,,0,0,,,,,
43,Sun,2026-10-25 00:00:00,Converting ,H Pack 1,,,,,,,,,,0,0,Grand Total,,,0,0,,,,,
44,Mon,2026-10-26 00:00:00,Converting ,H Pack 1,,,,,,,,,,0,0,Grand Total,,,0,0,,,,,
44,Tue,2026-10-27 00:00:00,Converting ,H Pack 1,,,,,,,,,,0,0,Grand Total,,,0,0,,,,,
44,Wed,2026-10-28 00:00:00,Converting ,H Pack 1,,,,,,,,,,0,0,Grand Total,,,0,0,,,,,
44,Thu,2026-10-29 00:00:00,Converting ,H Pack 1,,,,,,,,,,0,0,Grand Total,,,0,0,,,,,
44,Fri,2026-10-30 00:00:00,Converting ,H Pack 1,,,,,,,,,,0,0,Grand Total,,,0,0,,,,,
44,Sat,2026-10-31 00:00:00,Converting ,H Pack 1,,,,,,,,,,0,0,Grand Total,,,0,0,,,,,
44,Sun,2026-11-01 00:00:00,Converting ,H Pack 1,,,,,,,,,,0,0,Grand Total,,,0,0,,,,,
45,Mon,2026-11-02 00:00:00,Converting ,H Pack 1,,,,,,,,,,0,0,Grand Total,,,0,0,,,,,
45,Tue,2026-11-03 00:00:00,Converting ,H Pack 1,,,,,,,,,,0,0,Grand Total,,,0,0,,,,,
45,Wed,2026-11-04 00:00:00,Converting ,H Pack 1,,,,,,,,,,0,0,Grand Total,,,0,0,,,,,
45,Thu,2026-11-05 00:00:00,Converting ,H Pack 1,,,,,,,,,,0,0,Grand Total,,,0,0,,,,,
45,Fri,2026-11-06 00:00:00,Converting ,H Pack 1,,,,,,,,,,0,0,Grand Total,,,0,0,,,,,
45,Sat,2026-11-07 00:00:00,Converting ,H Pack 1,,,,,,,,,,0,0,Grand Total,,,0,0,,,,,
45,Sun,2026-11-08 00:00:00,Converting ,H Pack 1,,,,,,,,,,0,0,Grand Total,,,0,0,,,,,
46,Mon,2026-11-09 00:00:00,Converting ,H Pack 1,,,,,,,,,,0,0,Grand Total,,,0,0,,,,,
46,Tue,2026-11-10 00:00:00,Converting ,H Pack 1,,,,,,,,,,0,0,Grand Total,,,0,0,,,,,
46,Wed,2026-11-11 00:00:00,Converting ,H Pack 1,,,,,,,,,,0,0,Grand Total,,,0,0,,,,,
46,Thu,2026-11-12 00:00:00,Converting ,H Pack 1,,,,,,,,,,0,0,Grand Total,,,0,0,,,,,
46,Fri,2026-11-13 00:00:00,Converting ,H Pack 1,,,,,,,,,,0,0,Grand Total,,,0,0,,,,,
46,Sat,2026-11-14 00:00:00,Converting ,H Pack 1,,,,,,,,,,0,0,Grand Total,,,0,0,,,,,
46,Sun,2026-11-15 00:00:00,Converting ,H Pack 1,,,,,,,,,,0,0,Grand Total,,,0,0,,,,,
47,Mon,2026-11-16 00:00:00,Converting ,H Pack 1,,,,,,,,,,0,0,Grand Total,,,0,0,,,,,
47,Tue,2026-11-17 00:00:00,Converting ,H Pack 1,,,,,,,,,,0,0,Grand Total,,,0,0,,,,,
47,Wed,2026-11-18 00:00:00,Converting ,H Pack 1,,,,,,,,,,0,0,Grand Total,,,0,0,,,,,
47,Thu,2026-11-19 00:00:00,Converting ,H Pack 1,,,,,,,,,,0,0,Grand Total,,,0,0,,,,,
47,Fri,2026-11-20 00:00:00,Converting ,H Pack 1,,,,,,,,,,0,0,Grand Total,,,0,0,,,,,
47,Sat,2026-11-21 00:00:00,Converting ,H Pack 1,,,,,,,,,,0,0,Grand Total,,,0,0,,,,,
47,Sun,2026-11-22 00:00:00,Converting ,H Pack 1,,,,,,,,,,0,0,Grand Total,,,0,0,,,,,
48,Mon,2026-11-23 00:00:00,Converting ,H Pack 1,,,,,,,,,,0,0,Grand Total,,,0,0,,,,,
48,Tue,2026-11-24 00:00:00,Converting ,H Pack 1,,,,,,,,,,0,0,Grand Total,,,0,0,,,,,
48,Wed,2026-11-25 00:00:00,Converting ,H Pack 1,,,,,,,,,,0,0,Grand Total,,,0,0,,,,,
48,Thu,2026-11-26 00:00:00,Converting ,H Pack 1,,,,,,,,,,0,0,Grand Total,,,0,0,,,,,
48,Fri,2026-11-27 00:00:00,Converting ,H Pack 1,,,,,,,,,,0,0,Grand Total,,,0,0,,,,,
48,Sat,2026-11-28 00:00:00,Converting ,H Pack 1,,,,,,,,,,0,0,Grand Total,,,0,0,,,,,
48,Sun,2026-11-29 00:00:00,Converting ,H Pack 1,,,,,,,,,,0,0,Grand Total,,,0,0,,,,,
49,Mon,2026-11-30 00:00:00,Converting ,H Pack 1,,,,,,,,,,0,0,Grand Total,,,0,0,,,,,
49,Tue,2026-12-01 00:00:00,Converting ,H Pack 1,,,,,,,,,,0,0,Grand Total,,,0,0,,,,,
49,Wed,2026-12-02 00:00:00,Converting ,H Pack 1,,,,,,,,,,0,0,Grand Total,,,0,0,,,,,
49,Thu,2026-12-03 00:00:00,Converting ,H Pack 1,,,,,,,,,,0,0,Grand Total,,,0,0,,,,,
49,Fri,2026-12-04 00:00:00,Converting ,H Pack 1,,,,,,,,,,0,0,Grand Total,,,0,0,,,,,
49,Sat,2026-12-05 00:00:00,Converting ,H Pack 1,,,,,,,,,,0,0,Grand Total,,,0,0,,,,,
49,Sun,2026-12-06 00:00:00,Converting ,H Pack 1,,,,,,,,,,0,0,Grand Total,,,0,0,,,,,
50,Mon,2026-12-07 00:00:00,Converting ,H Pack 1,,,,,,,,,,0,0,Grand Total,,,0,0,,,,,
50,Tue,2026-12-08 00:00:00,Converting ,H Pack 1,,,,,,,,,,0,0,Grand Total,,,0,0,,,,,
50,Wed,2026-12-09 00:00:00,Converting ,H Pack 1,,,,,,,,,,0,0,Grand Total,,,0,0,,,,,
50,Thu,2026-12-10 00:00:00,Converting ,H Pack 1,,,,,,,,,,0,0,Grand Total,,,0,0,,,,,
50,Fri,2026-12-11 00:00:00,Converting ,H Pack 1,,,,,,,,,,0,0,Grand Total,,,0,0,,,,,
50,Sat,2026-12-12 00:00:00,Converting ,H Pack 1,,,,,,,,,,0,0,Grand Total,,,0,0,,,,,
50,Sun,2026-12-13 00:00:00,Converting ,H Pack 1,,,,,,,,,,0,0,Grand Total,,,0,0,,,,,
51,Mon,2026-12-14 00:00:00,Converting ,H Pack 1,,,,,,,,,,0,0,Grand Total,,,0,0,,,,,
51,Tue,2026-12-15 00:00:00,Converting ,H Pack 1,,,,,,,,,,0,0,Grand Total,,,0,0,,,,,
51,Wed,2026-12-16 00:00:00,Converting ,H Pack 1,,,,,,,,,,0,0,Grand Total,,,0,0,,,,,
51,Thu,2026-12-17 00:00:00,Converting ,H Pack 1,,,,,,,,,,0,0,Grand Total,,,0,0,,,,,
51,Fri,2026-12-18 00:00:00,Converting ,H Pack 1,,,,,,,,,,0,0,Grand Total,,,0,0,,,,,
51,Sat,2026-12-19 00:00:00,Converting ,H Pack 1,,,,,,,,,,0,0,Grand Total,,,0,0,,,,,
51,Sun,2026-12-20 00:00:00,Converting ,H Pack 1,,,,,,,,,,0,0,Grand Total,,,0,0,,,,,
52,Mon,2026-12-21 00:00:00,Converting ,H Pack 1,,,,,,,,,,0,0,Grand Total,,,0,0,,,,,
52,Tue,2026-12-22 00:00:00,Converting ,H Pack 1,,,,,,,,,,0,0,Grand Total,,,0,0,,,,,
52,Wed,2026-12-23 00:00:00,Converting ,H Pack 1,,,,,,,,,,0,0,Grand Total,,,0,0,,,,,
52,Thu,2026-12-24 00:00:00,Converting ,H Pack 1,,,,,,,,,,0,0,Grand Total,,,0,0,,,,,
52,Fri,2026-12-25 00:00:00,Converting ,H Pack 1,,,,,,,,,,0,0,Grand Total,,,0,0,,,,,
52,Sat,2026-12-26 00:00:00,Converting ,H Pack 1,,,,,,,,,,0,0,Grand Total,,,0,0,,,,,
52,Sun,2026-12-27 00:00:00,Converting ,H Pack 1,,,,,,,,,,0,0,Grand Total,,,0,0,,,,,
53,Mon,2026-12-28 00:00:00,Converting ,H Pack 1,,,,,,,,,,0,0,Grand Total,,,0,0,,,,,
53,Tue,2026-12-29 00:00:00,Converting ,H Pack 1,,,,,,,,,,0,0,Grand Total,,,0,0,,,,,
53,Wed,2026-12-30 00:00:00,Converting ,H Pack 1,,,,,,,,,,0,0,Grand Total,,,0,0,,,,,
53,Thu,2026-12-31 00:00:00,Converting ,H Pack 1,,,,,,,,,,0,0,Grand Total,,,0,0,,,,,
1,Thu,2026-01-01 00:00:00,Converting ,H Pack 2,,,,,,,,,,0,0,Grand Total,,,0,0,,,,,
1,Fri,2026-01-02 00:00:00,Converting ,H Pack 2,,,,,,,,,,0,0,Grand Total,,,0,0,,,,,
1,Tue,2023-01-03 00:00:00,Converting ,H Pack 2,,,,,,,,,,0,0,Grand Total,,,0,0,,,,,
1,Sun,2026-01-04 00:00:00,Converting ,H Pack 2,,,,,,,,,,0,0,Grand Total,,,0,0,,,,,
2,Mon,2026-01-05 00:00:00,Converting ,H Pack 2,,,,,,,,,,0,0,Grand Total,,,0,0,,,,,
2,Tue,2026-01-06 00:00:00,Converting ,H Pack 2,,,,,,,,,,0,0,Grand Total,,,0,0,,,,,
2,Wed,2026-01-07 00:00:00,Converting ,H Pack 2,,,,,,,,,,0,0,Grand Total,,,0,0,,,,,
2,Thu,2026-01-08 00:00:00,Converting ,H Pack 2,,,,,,,,,,0,0,Grand Total,,,0,0,,,,,
2,Fri,2026-01-09 00:00:00,Converting ,H Pack 2,,,,,,,,,,0,0,Grand Total,,,0,0,,,,,
2,Sat,2026-01-10 00:00:00,Converting ,H Pack 2,,,,,,,,,,0,0,Grand Total,,,0,0,,,,,
2,Sun,2026-01-11 00:00:00,Converting ,H Pack 2,,,,,,,,,,0,0,Grand Total,,,0,0,,,,,
3,Mon,2026-01-12 00:00:00,Converting ,H Pack 2,,,,,,,,,,0,0,Grand Total,,,0,0,,,,,
3,Tue,2026-01-13 00:00:00,Converting ,H Pack 2,,,,,,,,,,0,0,Grand Total,,,0,0,,,,,
3,Wed,2026-01-14 00:00:00,Converting ,H Pack 2,,,,,,,,,,0,0,Grand Total,,,0,0,,,,,
3,Thu,2026-01-15 00:00:00,Converting ,H Pack 2,,,,,,,,,,0,0,Grand Total,,,0,0,,,,,
3,Fri,2026-01-16 00:00:00,Converting ,H Pack 2,,,,,,,,,,0,0,Grand Total,,,0,0,,,,,
3,Sat,2026-01-17 00:00:00,Converting ,H Pack 2,,,,,,,,,,0,0,Grand Total,,,0,0,,,,,
3,Sun,2026-01-18 00:00:00,Converting ,H Pack 2,,,,,,,,,,0,0,Grand Total,,,0,0,,,,,
4,Mon,2026-01-19 00:00:00,Converting ,H Pack 2,,,,,,,,,,0,0,Grand Total,,,0,0,,,,,
4,Tue,2026-01-20 00:00:00,Converting ,H Pack 2,,,,,,,,,,0,0,Grand Total,,,0,0,,,,,
4,Wed,2026-01-21 00:00:00,Converting ,H Pack 2,,,,,,,,,,0,0,Grand Total,,,0,0,,,,,
4,Thu,2026-01-22 00:00:00,Converting ,H Pack 2,,,,,,,,,,0,0,Grand Total,,,0,0,,,,,
4,Fri,2026-01-23 00:00:00,Converting ,H Pack 2,,,,,,,,,,0,0,Grand Total,,,0,0,,,,,
4,Sat,2026-01-24 00:00:00,Converting ,H Pack 2,,,,,,,,,,0,0,Grand Total,,,0,0,,,,,
4,Sun,2026-01-25 00:00:00,Converting ,H Pack 2,,,,,,,,,,0,0,Grand Total,,,0,0,,,,,
5,Mon,2026-01-26 00:00:00,Converting ,H Pack 2,,,,,,,,,,0,0,Grand Total,,,0,0,,,,,
5,Tue,2026-01-27 00:00:00,Converting ,H Pack 2,,,,,,,,,,0,0,Grand Total,,,0,0,,,,,
5,Wed,2026-01-28 00:00:00,Converting ,H Pack 2,,,,,,,,,,0,0,Grand Total,,,0,0,,,,,
5,Thu,2026-01-29 00:00:00,Converting ,H Pack 2,,,,,,,,,,0,0,Grand Total,,,0,0,,,,,
5,Fri,2026-01-30 00:00:00,Converting ,H Pack 2,,,,,,,,,,0,0,Grand Total,,,0,0,,,,,
5,Sat,2026-01-31 00:00:00,Converting ,H Pack 2,,,,,,,,,,0,0,Grand Total,,,0,0,,,,,
5,Sun,2026-02-01 00:00:00,Converting ,H Pack 2,,,,,,,,,,0,0,Grand Total,,,0,0,,,,,
6,Mon,2026-02-02 00:00:00,Converting ,H Pack 2,,,,,,,,,,0,0,Grand Total,,,0,0,,,,,
6,Tue,2026-02-03 00:00:00,Converting ,H Pack 2,,,,,,,,,,0,0,Grand Total,,,0,0,,,,,
6,Wed,2026-02-04 00:00:00,Converting ,H Pack 2,,,,,,,,,,0,0,Grand Total,,,0,0,,,,,
6,Thu,2026-02-05 00:00:00,Converting ,H Pack 2,,,,,,,,,,0,0,Grand Total,,,0,0,,,,,
6,Fri,2026-02-06 00:00:00,Converting ,H Pack 2,,,,,,,,,,0,0,Grand Total,,,0,0,,,,,
6,Sat,2026-02-07 00:00:00,Converting ,H Pack 2,,,,,,,,,,0,0,Grand Total,,,0,0,,,,,
6,Sun,2026-02-08 00:00:00,Converting ,H Pack 2,,,,,,,,,,0,0,Grand Total,,,0,0,,,,,
7,Mon,2026-02-09 00:00:00,Converting ,H Pack 2,,,,,,,,,,0,0,Grand Total,,,0,0,,,,,
7,Tue,2026-02-10 00:00:00,Converting ,H Pack 2,,,,,,,,,,0,0,Grand Total,,,0,0,,,,,
7,Wed,2026-02-11 00:00:00,Converting ,H Pack 2,,,,,,,,,,0,0,Grand Total,,,0,0,,,,,
7,Thu,2026-02-12 00:00:00,Converting ,H Pack 2,,,,,,,,,,0,0,Grand Total,,,0,0,,,,,
7,Fri,2026-02-13 00:00:00,Converting ,H Pack 2,,,,,,,,,,0,0,Grand Total,,,0,0,,,,,
7,Sat,2026-02-14 00:00:00,Converting ,H Pack 2,,,,,,,,,,0,0,Grand Total,,,0,0,,,,,
7,Sun,2026-02-15 00:00:00,Converting ,H Pack 2,,,,,,,,,,0,0,Grand Total,,,0,0,,,,,
8,Mon,2026-02-16 00:00:00,Converting ,H Pack 2,,,,,,,,,,0,0,Grand Total,,,0,0,,,,,
8,Tue,2026-02-17 00:00:00,Converting ,H Pack 2,,,,,,,,,,0,0,Grand Total,,,0,0,,,,,
8,Wed,2026-02-18 00:00:00,Converting ,H Pack 2,,,,,,,,,,0,0,Grand Total,,,0,0,,,,,
8,Thu,2026-02-19 00:00:00,Converting ,H Pack 2,,,,,,,,,,0,0,Grand Total,,,0,0,,,,,
8,Fri,2026-02-20 00:00:00,Converting ,H Pack 2,,,,,,,,,,0,0,Grand Total,,,0,0,,,,,
8,Sat,2026-02-21 00:00:00,Converting ,H Pack 2,,,,,,,,,,0,0,Grand Total,,,0,0,,,,,
8,Sun,2026-02-22 00:00:00,Converting ,H Pack 2,,,,,,,,,,0,0,Grand Total,,,0,0,,,,,
9,Mon,2026-02-23 00:00:00,Converting ,H Pack 2,,,,,,,,,,0,0,Grand Total,,,0,0,,,,,
9,Tue,2026-02-24 00:00:00,Converting ,H Pack 2,,,,,,,,,,0,0,Grand Total,,,0,0,,,,,
9,Wed,2026-02-25 00:00:00,Converting ,H Pack 2,,,,,,,,,,0,0,Grand Total,,,0,0,,,,,
9,Thu,2026-02-26 00:00:00,Converting ,H Pack 2,,,,,,,,,,0,0,Grand Total,,,0,0,,,,,
9,Fri,2026-02-27 00:00:00,Converting ,H Pack 2,,,,,,,,,,0,0,Grand Total,,,0,0,,,,,
9,Sat,2026-02-28 00:00:00,Converting ,H Pack 2,,,,,,,,,,0,0,Grand Total,,,0,0,,,,,
9,Sun,2026-03-01 00:00:00,Converting ,H Pack 2,,,,,,,,,,0,0,Grand Total,,,0,0,,,,,
10,Mon,2026-03-02 00:00:00,Converting ,H Pack 2,,,,,,,,,,0,0,Grand Total,,,0,0,,,,,
10,Tue,2026-03-03 00:00:00,Converting ,H Pack 2,,,,,,,,,,0,0,Grand Total,,,0,0,,,,,
10,Wed,2026-03-04 00:00:00,Converting ,H Pack 2,,,,,,,,,,0,0,Grand Total,,,0,0,,,,,
10,Thu,2026-03-05 00:00:00,Converting ,H Pack 2,,,,,,,,,,0,0,Grand Total,,,0,0,,,,,
10,Fri,2026-03-06 00:00:00,Converting ,H Pack 2,,,,,,,,,,0,0,Grand Total,,,0,0,,,,,
10,Sat,2026-03-07 00:00:00,Converting ,H Pack 2,,,,,,,,,,0,0,Grand Total,,,0,0,,,,,
10,Sun,2026-03-08 00:00:00,Converting ,H Pack 2,,,,,,,,,,0,0,Grand Total,,,0,0,,,,,
11,Mon,2026-03-09 00:00:00,Converting ,H Pack 2,,,,,,,,,,0,0,Grand Total,,,0,0,,,,,
11,Tue,2026-03-10 00:00:00,Converting ,H Pack 2,,,,,,,,,,0,0,Grand Total,,,0,0,,,,,
11,Wed,2026-03-11 00:00:00,Converting ,H Pack 2,,,,,,,,,,0,0,Grand Total,,,0,0,,,,,
11,Thu,2026-03-12 00:00:00,Converting ,H Pack 2,,,,,,,,,,0,0,Grand Total,,,0,0,,,,,
11,Fri,2026-03-13 00:00:00,Converting ,H Pack 2,,,,,,,,,,0,0,Grand Total,,,0,0,,,,,
11,Sat,2026-03-14 00:00:00,Converting ,H Pack 2,,,,,,,,,,0,0,Grand Total,,,0,0,,,,,
11,Sun,2026-03-15 00:00:00,Converting ,H Pack 2,,,,,,,,,,0,0,Grand Total,,,0,0,,,,,
12,Mon,2026-03-16 00:00:00,Converting ,H Pack 2,,,,,,,,,,0,0,Grand Total,,,0,0,,,,,
12,Tue,2026-03-17 00:00:00,Converting ,H Pack 2,,,,,,,,,,0,0,Grand Total,,,0,0,,,,,
12,Wed,2026-03-18 00:00:00,Converting ,H Pack 2,,,,,,,,,,0,0,Grand Total,,,0,0,,,,,
12,Thu,2026-03-19 00:00:00,Converting ,H Pack 2,,,,,,,,,,0,0,Grand Total,,,0,0,,,,,
12,Fri,2026-03-20 00:00:00,Converting ,H Pack 2,,,,,,,,,,0,0,Grand Total,,,0,0,,,,,
12,Sat,2026-03-21 00:00:00,Converting ,H Pack 2,,,,,,,,,,0,0,Grand Total,,,0,0,,,,,
12,Sun,2026-03-22 00:00:00,Converting ,H Pack 2,,,,,,,,,,0,0,Grand Total,,,0,0,,,,,
13,Mon,2026-03-23 00:00:00,Converting ,H Pack 2,,,,,,,,,,0,0,Grand Total,,,0,0,,,,,
13,Tue,2026-03-24 00:00:00,Converting ,H Pack 2,,,,,,,,,,0,0,Grand Total,,,0,0,,,,,
13,Wed,2026-03-25 00:00:00,Converting ,H Pack 2,,,,,,,,,,0,0,Grand Total,,,0,0,,,,,
13,Thu,2026-03-26 00:00:00,Converting ,H Pack 2,,,,,,,,,,0,0,Grand Total,,,0,0,,,,,
13,Fri,2026-03-27 00:00:00,Converting ,H Pack 2,,,,,,,,,,0,0,Grand Total,,,0,0,,,,,
13,Sat,2026-03-28 00:00:00,Converting ,H Pack 2,,,,,,,,,,0,0,Grand Total,,,0,0,,,,,
13,Sun,2026-03-29 00:00:00,Converting ,H Pack 2,,,,,,,,,,0,0,Grand Total,,,0,0,,,,,
14,Mon,2026-03-30 00:00:00,Converting ,H Pack 2,,,,,,,,,,0,0,Grand Total,,,0,0,,,,,
14,Tue,2026-03-31 00:00:00,Converting ,H Pack 2,,,,,,,,,,0,0,Grand Total,,,0,0,,,,,
14,Wed,2026-04-01 00:00:00,Converting ,H Pack 2,,,,,,,,,,0,0,Grand Total,,,0,0,,,,,
14,Thu,2026-04-02 00:00:00,Converting ,H Pack 2,,,,,,,,,,0,0,Grand Total,,,0,0,,,,,
14,Fri,2026-04-03 00:00:00,Converting ,H Pack 2,,,,,,,,,,0,0,Grand Total,,,0,0,,,,,
14,Sat,2026-04-04 00:00:00,Converting ,H Pack 2,,,,,,,,,,0,0,Grand Total,,,0,0,,,,,
14,Sun,2026-04-05 00:00:00,Converting ,H Pack 2,,,,,,,,,,0,0,Grand Total,,,0,0,,,,,
15,Mon,2026-04-06 00:00:00,Converting ,H Pack 2,,,,,,,,,,0,0,Grand Total,,,0,0,,,,,
15,Tue,2026-04-07 00:00:00,Converting ,H Pack 2,,,,,,,,,,0,0,Grand Total,,,0,0,,,,,
15,Wed,2026-04-08 00:00:00,Converting ,H Pack 2,,,,,,,,,,0,0,Grand Total,,,0,0,,,,,
15,Thu,2026-04-09 00:00:00,Converting ,H Pack 2,,,,,,,,,,0,0,Grand Total,,,0,0,,,,,
15,Fri,2026-04-10 00:00:00,Converting ,H Pack 2,,,,,,,,,,0,0,Grand Total,,,0,0,,,,,
15,Sat,2026-04-11 00:00:00,Converting ,H Pack 2,,,,,,,,,,0,0,Grand Total,,,0,0,,,,,
15,Sun,2026-04-12 00:00:00,Converting ,H Pack 2,,,,,,,,,,0,0,Grand Total,,,0,0,,,,,
16,Mon,2026-04-13 00:00:00,Converting ,H Pack 2,,,,,,,,,,0,0,Grand Total,,,0,0,,,,,
16,Tue,2026-04-14 00:00:00,Converting ,H Pack 2,,,,,,,,,,0,0,Grand Total,,,0,0,,,,,
16,Wed,2026-04-15 00:00:00,Converting ,H Pack 2,,,,,,,,,,0,0,Grand Total,,,0,0,,,,,
16,Thu,2026-04-16 00:00:00,Converting ,H Pack 2,,,,,,,,,,0,0,Grand Total,,,0,0,,,,,
16,Fri,2026-04-17 00:00:00,Converting ,H Pack 2,,,,,,,,,,0,0,Grand Total,,,0,0,,,,,
16,Sat,2026-04-18 00:00:00,Converting ,H Pack 2,,,,,,,,,,0,0,Grand Total,,,0,0,,,,,
16,Sun,2026-04-19 00:00:00,Converting ,H Pack 2,,,,,,,,,,0,0,Grand Total,,,0,0,,,,,
17,Mon,2026-04-20 00:00:00,Converting ,H Pack 2,,,,,,,,,,0,0,Grand Total,,,0,0,,,,,
17,Tue,2026-04-21 00:00:00,Converting ,H Pack 2,,,,,,,,,,0,0,Grand Total,,,0,0,,,,,
17,Wed,2026-04-22 00:00:00,Converting ,H Pack 2,,,,,,,,,,0,0,Grand Total,,,0,0,,,,,
17,Thu,2026-04-23 00:00:00,Converting ,H Pack 2,,,,,,,,,,0,0,Grand Total,,,0,0,,,,,
17,Fri,2026-04-24 00:00:00,Converting ,H Pack 2,,,,,,,,,,0,0,Grand Total,,,0,0,,,,,
17,Sat,2026-04-25 00:00:00,Converting ,H Pack 2,,,,,,,,,,0,0,Grand Total,,,0,0,,,,,
17,Sun,2026-04-26 00:00:00,Converting ,H Pack 2,,,,,,,,,,0,0,Grand Total,,,0,0,,,,,
18,Mon,2026-04-27 00:00:00,Converting ,H Pack 2,,,,,,,,,,0,0,Grand Total,,,0,0,,,,,
18,Tue,2026-04-28 00:00:00,Converting ,H Pack 2,,,,,,,,,,0,0,Grand Total,,,0,0,,,,,
18,Wed,2026-04-29 00:00:00,Converting ,H Pack 2,,,,,,,,,,0,0,Grand Total,,,0,0,,,,,
18,Thu,2026-04-30 00:00:00,Converting ,H Pack 2,,,,,,,,,,0,0,Grand Total,,,0,0,,,,,
18,Fri,2026-05-01 00:00:00,Converting ,H Pack 2,,,,,,,,,,0,0,Grand Total,,,0,0,,,,,
18,Sat,2026-05-02 00:00:00,Converting ,H Pack 2,,,,,,,,,,0,0,Grand Total,,,0,0,,,,,
18,Sun,2026-05-03 00:00:00,Converting ,H Pack 2,,,,,,,,,,0,0,Grand Total,,,0,0,,,,,
19,Mon,2026-05-04 00:00:00,Converting ,H Pack 2,,,,,,,,,,0,0,Grand Total,,,0,0,,,,,
19,Tue,2026-05-05 00:00:00,Converting ,H Pack 2,,,,,,,,,,0,0,Grand Total,,,0,0,,,,,
19,Wed,2026-05-06 00:00:00,Converting ,H Pack 2,,,,,,,,,,0,0,Grand Total,,,0,0,,,,,
19,Thu,2026-05-07 00:00:00,Converting ,H Pack 2,,,,,,,,,,0,0,Grand Total,,,0,0,,,,,
19,Fri,2026-05-08 00:00:00,Converting ,H Pack 2,,,,,,,,,,0,0,Grand Total,,,0,0,,,,,
19,Sat,2026-05-09 00:00:00,Converting ,H Pack 2,,,,,,,,,,0,0,Grand Total,,,0,0,,,,,
19,Sun,2026-05-10 00:00:00,Converting ,H Pack 2,,,,,,,,,,0,0,Grand Total,,,0,0,,,,,
20,Mon,2026-05-11 00:00:00,Converting ,H Pack 2,,,,,,,,,,0,0,Grand Total,,,0,0,,,,,
20,Tue,2026-05-12 00:00:00,Converting ,H Pack 2,,,,,,,,,,0,0,Grand Total,,,0,0,,,,,
20,Wed,2026-05-13 00:00:00,Converting ,H Pack 2,,,,,,,,,,0,0,Grand Total,,,0,0,,,,,
20,Thu,2026-05-14 00:00:00,Converting ,H Pack 2,,,,,,,,,,0,0,Grand Total,,,0,0,,,,,
20,Fri,2026-05-15 00:00:00,Converting ,H Pack 2,,,,,,,,,,0,0,Grand Total,,,0,0,,,,,
20,Sat,2026-05-16 00:00:00,Converting ,H Pack 2,,,,,,,,,,0,0,Grand Total,,,0,0,,,,,
20,Sun,2026-05-17 00:00:00,Converting ,H Pack 2,,,,,,,,,,0,0,Grand Total,,,0,0,,,,,
21,Mon,2026-05-18 00:00:00,Converting ,H Pack 2,,,,,,,,,,0,0,Grand Total,,,0,0,,,,,
21,Tue,2026-05-19 00:00:00,Converting ,H Pack 2,,,,,,,,,,0,0,Grand Total,,,0,0,,,,,
21,Wed,2026-05-20 00:00:00,Converting ,H Pack 2,,,,,,,,,,0,0,Grand Total,,,0,0,,,,,
21,Thu,2026-05-21 00:00:00,Converting ,H Pack 2,,,,,,,,,,0,0,Grand Total,,,0,0,,,,,
21,Fri,2026-05-22 00:00:00,Converting ,H Pack 2,,,,,,,,,,0,0,Grand Total,,,0,0,,,,,
21,Sat,2026-05-23 00:00:00,Converting ,H Pack 2,,,,,,,,,,0,0,Grand Total,,,0,0,,,,,
21,Sun,2026-05-24 00:00:00,Converting ,H Pack 2,,,,,,,,,,0,0,Grand Total,,,0,0,,,,,
22,Mon,2026-05-25 00:00:00,Converting ,H Pack 2,,,,,,,,,,0,0,Grand Total,,,0,0,,,,,
22,Tue,2026-05-26 00:00:00,Converting ,H Pack 2,,,,,,,,,,0,0,Grand Total,,,0,0,,,,,
22,Wed,2026-05-27 00:00:00,Converting ,H Pack 2,,,,,,,,,,0,0,Grand Total,,,0,0,,,,,
22,Thu,2026-05-28 00:00:00,Converting ,H Pack 2,,,,,,,,,,0,0,Grand Total,,,0,0,,,,,
22,Fri,2026-05-29 00:00:00,Converting ,H Pack 2,,,,,,,,,,0,0,Grand Total,,,0,0,,,,,
22,Sat,2026-05-30 00:00:00,Converting ,H Pack 2,,,,,,,,,,0,0,Grand Total,,,0,0,,,,,
22,Sun,2026-05-31 00:00:00,Converting ,H Pack 2,,,,,,,,,,0,0,Grand Total,,,0,0,,,,,
23,Mon,2026-06-01 00:00:00,Converting ,H Pack 2,,,,,,,,,,0,0,Grand Total,,,0,0,,,,,
23,Tue,2026-06-02 00:00:00,Converting ,H Pack 2,,,,,,,,,,0,0,Grand Total,,,0,0,,,,,
23,Wed,2026-06-03 00:00:00,Converting ,H Pack 2,,,,,,,,,,0,0,Grand Total,,,0,0,,,,,
23,Thu,2026-06-04 00:00:00,Converting ,H Pack 2,,,,,,,,,,0,0,Grand Total,,,0,0,,,,,
23,Fri,2026-06-05 00:00:00,Converting ,H Pack 2,,,,,,,,,,0,0,Grand Total,,,0,0,,,,,
23,Sat,2026-06-06 00:00:00,Converting ,H Pack 2,,,,,,,,,,0,0,Grand Total,,,0,0,,,,,
23,Sun,2026-06-07 00:00:00,Converting ,H Pack 2,,,,,,,,,,0,0,Grand Total,,,0,0,,,,,
24,Mon,2026-06-08 00:00:00,Converting ,H Pack 2,,,,,,,,,,0,0,Grand Total,,,0,0,,,,,
24,Tue,2026-06-09 00:00:00,Converting ,H Pack 2,,,,,,,,,,0,0,Grand Total,,,0,0,,,,,
24,Wed,2026-06-10 00:00:00,Converting ,H Pack 2,,,,,,,,,,0,0,Grand Total,,,0,0,,,,,
24,Thu,2026-06-11 00:00:00,Converting ,H Pack 2,,,,,,,,,,0,0,Grand Total,,,0,0,,,,,
24,Fri,2026-06-12 00:00:00,Converting ,H Pack 2,,,,,,,,,,0,0,Grand Total,,,0,0,,,,,
24,Sat,2026-06-13 00:00:00,Converting ,H Pack 2,,,,,,,,,,0,0,Grand Total,,,0,0,,,,,
24,Sun,2026-06-14 00:00:00,Converting ,H Pack 2,,,,,,,,,,0,0,Grand Total,,,0,0,,,,,
25,Mon,2026-06-15 00:00:00,Converting ,H Pack 2,,,,,,,,,,0,0,Grand Total,,,0,0,,,,,
25,Tue,2026-06-16 00:00:00,Converting ,H Pack 2,,,,,,,,,,0,0,Grand Total,,,0,0,,,,,
25,Wed,2026-06-17 00:00:00,Converting ,H Pack 2,,,,,,,,,,0,0,Grand Total,,,0,0,,,,,
25,Thu,2026-06-18 00:00:00,Converting ,H Pack 2,,,,,,,,,,0,0,Grand Total,,,0,0,,,,,
25,Fri,2026-06-19 00:00:00,Converting ,H Pack 2,,,,,,,,,,0,0,Grand Total,,,0,0,,,,,
25,Sat,2026-06-20 00:00:00,Converting ,H Pack 2,,,,,,,,,,0,0,Grand Total,,,0,0,,,,,
25,Sun,2026-06-21 00:00:00,Converting ,H Pack 2,,,,,,,,,,0,0,Grand Total,,,0,0,,,,,
26,Mon,2026-06-22 00:00:00,Converting ,H Pack 2,,,,,,,,,,0,0,Grand Total,,,0,0,,,,,
26,Tue,2026-06-23 00:00:00,Converting ,H Pack 2,,,,,,,,,,0,0,Grand Total,,,0,0,,,,,
26,Wed,2026-06-24 00:00:00,Converting ,H Pack 2,,,,,,,,,,0,0,Grand Total,,,0,0,,,,,
26,Thu,2026-06-25 00:00:00,Converting ,H Pack 2,,,,,,,,,,0,0,Grand Total,,,0,0,,,,,
26,Fri,2026-06-26 00:00:00,Converting ,H Pack 2,,,,,,,,,,0,0,Grand Total,,,0,0,,,,,
26,Sat,2026-06-27 00:00:00,Converting ,H Pack 2,,,,,,,,,,0,0,Grand Total,,,0,0,,,,,
26,Sun,2026-06-28 00:00:00,Converting ,H Pack 2,,,,,,,,,,0,0,Grand Total,,,0,0,,,,,
27,Mon,2026-06-29 00:00:00,Converting ,H Pack 2,,,,,,,,,,0,0,Grand Total,,,0,0,,,,,
27,Tue,2026-06-30 00:00:00,Converting ,H Pack 2,,,,,,,,,,0,0,Grand Total,,,0,0,,,,,
27,Wed,2026-07-01 00:00:00,Converting ,H Pack 2,,,,,,,,,,0,0,Grand Total,,,0,0,,,,,
27,Thu,2026-07-02 00:00:00,Converting ,H Pack 2,,,,,,,,,,0,0,Grand Total,,,0,0,,,,,
27,Fri,2026-07-03 00:00:00,Converting ,H Pack 2,,,,,,,,,,0,0,Grand Total,,,0,0,,,,,
27,Sat,2026-07-04 00:00:00,Converting ,H Pack 2,,,,,,,,,,0,0,Grand Total,,,0,0,,,,,
27,Sun,2026-07-05 00:00:00,Converting ,H Pack 2,,,,,,,,,,0,0,Grand Total,,,0,0,,,,,
28,Mon,2026-07-06 00:00:00,Converting ,H Pack 2,,,,,,,,,,0,0,Grand Total,,,0,0,,,,,
28,Tue,2026-07-07 00:00:00,Converting ,H Pack 2,,,,,,,,,,0,0,Grand Total,,,0,0,,,,,
28,Wed,2026-07-08 00:00:00,Converting ,H Pack 2,,,,,,,,,,0,0,Grand Total,,,0,0,,,,,
28,Thu,2026-07-09 00:00:00,Converting ,H Pack 2,,,,,,,,,,0,0,Grand Total,,,0,0,,,,,
28,Fri,2026-07-10 00:00:00,Converting ,H Pack 2,,,,,,,,,,0,0,Grand Total,,,0,0,,,,,
28,Sat,2026-07-11 00:00:00,Converting ,H Pack 2,,,,,,,,,,0,0,Grand Total,,,0,0,,,,,
28,Sun,2026-07-12 00:00:00,Converting ,H Pack 2,,,,,,,,,,0,0,Grand Total,,,0,0,,,,,
29,Mon,2026-07-13 00:00:00,Converting ,H Pack 2,,,,,,,,,,0,0,Grand Total,,,0,0,,,,,
29,Tue,2026-07-14 00:00:00,Converting ,H Pack 2,,,,,,,,,,0,0,Grand Total,,,0,0,,,,,
29,Wed,2026-07-15 00:00:00,Converting ,H Pack 2,,,,,,,,,,0,0,Grand Total,,,0,0,,,,,
29,Thu,2026-07-16 00:00:00,Converting ,H Pack 2,,,,,,,,,,0,0,Grand Total,,,0,0,,,,,
29,Fri,2026-07-17 00:00:00,Converting ,H Pack 2,,,,,,,,,,0,0,Grand Total,,,0,0,,,,,
29,Sat,2026-07-18 00:00:00,Converting ,H Pack 2,,,,,,,,,,0,0,Grand Total,,,0,0,,,,,
29,Sun,2026-07-19 00:00:00,Converting ,H Pack 2,,,,,,,,,,0,0,Grand Total,,,0,0,,,,,
30,Mon,2026-07-20 00:00:00,Converting ,H Pack 2,,,,,,,,,,0,0,Grand Total,,,0,0,,,,,
30,Tue,2026-07-21 00:00:00,Converting ,H Pack 2,,,,,,,,,,0,0,Grand Total,,,0,0,,,,,
30,Wed,2026-07-22 00:00:00,Converting ,H Pack 2,,,,,,,,,,0,0,Grand Total,,,0,0,,,,,
30,Thu,2026-07-23 00:00:00,Converting ,H Pack 2,,,,,,,,,,0,0,Grand Total,,,0,0,,,,,
30,Fri,2026-07-24 00:00:00,Converting ,H Pack 2,,,,,,,,,,0,0,Grand Total,,,0,0,,,,,
30,Sat,2026-07-25 00:00:00,Converting ,H Pack 2,,,,,,,,,,0,0,Grand Total,,,0,0,,,,,
30,Sun,2026-07-26 00:00:00,Converting ,H Pack 2,,,,,,,,,,0,0,Grand Total,,,0,0,,,,,
31,Mon,2026-07-27 00:00:00,Converting ,H Pack 2,,,,,,,,,,0,0,Grand Total,,,0,0,,,,,
31,Tue,2026-07-28 00:00:00,Converting ,H Pack 2,,,,,,,,,,0,0,Grand Total,,,0,0,,,,,
31,Wed,2026-07-29 00:00:00,Converting ,H Pack 2,,,,,,,,,,0,0,Grand Total,,,0,0,,,,,
31,Thu,2026-07-30 00:00:00,Converting ,H Pack 2,,,,,,,,,,0,0,Grand Total,,,0,0,,,,,
31,Fri,2026-07-31 00:00:00,Converting ,H Pack 2,,,,,,,,,,0,0,Grand Total,,,0,0,,,,,
31,Sat,2026-08-01 00:00:00,Converting ,H Pack 2,,,,,,,,,,0,0,Grand Total,,,0,0,,,,,
31,Sun,2026-08-02 00:00:00,Converting ,H Pack 2,,,,,,,,,,0,0,Grand Total,,,0,0,,,,,
32,Mon,2026-08-03 00:00:00,Converting ,H Pack 2,,,,,,,,,,0,0,Grand Total,,,0,0,,,,,
32,Tue,2026-08-04 00:00:00,Converting ,H Pack 2,,,,,,,,,,0,0,Grand Total,,,0,0,,,,,
32,Wed,2026-08-05 00:00:00,Converting ,H Pack 2,,,,,,,,,,0,0,Grand Total,,,0,0,,,,,
32,Thu,2026-08-06 00:00:00,Converting ,H Pack 2,,,,,,,,,,0,0,Grand Total,,,0,0,,,,,
32,Fri,2026-08-07 00:00:00,Converting ,H Pack 2,,,,,,,,,,0,0,Grand Total,,,0,0,,,,,
32,Sat,2026-08-08 00:00:00,Converting ,H Pack 2,,,,,,,,,,0,0,Grand Total,,,0,0,,,,,
32,Sun,2026-08-09 00:00:00,Converting ,H Pack 2,,,,,,,,,,0,0,Grand Total,,,0,0,,,,,
33,Mon,2026-08-10 00:00:00,Converting ,H Pack 2,,,,,,,,,,0,0,Grand Total,,,0,0,,,,,
33,Tue,2026-08-11 00:00:00,Converting ,H Pack 2,,,,,,,,,,0,0,Grand Total,,,0,0,,,,,
33,Wed,2026-08-12 00:00:00,Converting ,H Pack 2,,,,,,,,,,0,0,Grand Total,,,0,0,,,,,
33,Thu,2026-08-13 00:00:00,Converting ,H Pack 2,,,,,,,,,,0,0,Grand Total,,,0,0,,,,,
33,Fri,2026-08-14 00:00:00,Converting ,H Pack 2,,,,,,,,,,0,0,Grand Total,,,0,0,,,,,
33,Sat,2026-08-15 00:00:00,Converting ,H Pack 2,,,,,,,,,,0,0,Grand Total,,,0,0,,,,,
33,Sun,2026-08-16 00:00:00,Converting ,H Pack 2,,,,,,,,,,0,0,Grand Total,,,0,0,,,,,
34,Mon,2026-08-17 00:00:00,Converting ,H Pack 2,,,,,,,,,,0,0,Grand Total,,,0,0,,,,,
34,Tue,2026-08-18 00:00:00,Converting ,H Pack 2,,,,,,,,,,0,0,Grand Total,,,0,0,,,,,
34,Wed,2026-08-19 00:00:00,Converting ,H Pack 2,,,,,,,,,,0,0,Grand Total,,,0,0,,,,,
34,Thu,2026-08-20 00:00:00,Converting ,H Pack 2,,,,,,,,,,0,0,Grand Total,,,0,0,,,,,
34,Fri,2026-08-21 00:00:00,Converting ,H Pack 2,,,,,,,,,,0,0,Grand Total,,,0,0,,,,,
34,Sat,2026-08-22 00:00:00,Converting ,H Pack 2,,,,,,,,,,0,0,Grand Total,,,0,0,,,,,
34,Sun,2026-08-23 00:00:00,Converting ,H Pack 2,,,,,,,,,,0,0,Grand Total,,,0,0,,,,,
35,Mon,2026-08-24 00:00:00,Converting ,H Pack 2,,,,,,,,,,0,0,Grand Total,,,0,0,,,,,
35,Tue,2026-08-25 00:00:00,Converting ,H Pack 2,,,,,,,,,,0,0,Grand Total,,,0,0,,,,,
35,Wed,2026-08-26 00:00:00,Converting ,H Pack 2,,,,,,,,,,0,0,Grand Total,,,0,0,,,,,
35,Thu,2026-08-27 00:00:00,Converting ,H Pack 2,,,,,,,,,,0,0,Grand Total,,,0,0,,,,,
35,Fri,2026-08-28 00:00:00,Converting ,H Pack 2,,,,,,,,,,0,0,Grand Total,,,0,0,,,,,
35,Sat,2026-08-29 00:00:00,Converting ,H Pack 2,,,,,,,,,,0,0,Grand Total,,,0,0,,,,,
35,Sun,2026-08-30 00:00:00,Converting ,H Pack 2,,,,,,,,,,0,0,Grand Total,,,0,0,,,,,
36,Mon,2026-08-31 00:00:00,Converting ,H Pack 2,,,,,,,,,,0,0,Grand Total,,,0,0,,,,,
36,Tue,2026-09-01 00:00:00,Converting ,H Pack 2,,,,,,,,,,0,0,Grand Total,,,0,0,,,,,
36,Wed,2026-09-02 00:00:00,Converting ,H Pack 2,,,,,,,,,,0,0,Grand Total,,,0,0,,,,,
36,Thu,2026-09-03 00:00:00,Converting ,H Pack 2,,,,,,,,,,0,0,Grand Total,,,0,0,,,,,
36,Fri,2026-09-04 00:00:00,Converting ,H Pack 2,,,,,,,,,,0,0,Grand Total,,,0,0,,,,,
36,Sat,2026-09-05 00:00:00,Converting ,H Pack 2,,,,,,,,,,0,0,Grand Total,,,0,0,,,,,
36,Sun,2026-09-06 00:00:00,Converting ,H Pack 2,,,,,,,,,,0,0,Grand Total,,,0,0,,,,,
37,Mon,2026-09-07 00:00:00,Converting ,H Pack 2,,,,,,,,,,0,0,Grand Total,,,0,0,,,,,
37,Tue,2026-09-08 00:00:00,Converting ,H Pack 2,,,,,,,,,,0,0,Grand Total,,,0,0,,,,,
37,Wed,2026-09-09 00:00:00,Converting ,H Pack 2,,,,,,,,,,0,0,Grand Total,,,0,0,,,,,
37,Thu,2026-09-10 00:00:00,Converting ,H Pack 2,,,,,,,,,,0,0,Grand Total,,,0,0,,,,,
37,Fri,2026-09-11 00:00:00,Converting ,H Pack 2,,,,,,,,,,0,0,Grand Total,,,0,0,,,,,
37,Sat,2026-09-12 00:00:00,Converting ,H Pack 2,,,,,,,,,,0,0,Grand Total,,,0,0,,,,,
37,Sun,2026-09-13 00:00:00,Converting ,H Pack 2,,,,,,,,,,0,0,Grand Total,,,0,0,,,,,
38,Mon,2026-09-14 00:00:00,Converting ,H Pack 2,,,,,,,,,,0,0,Grand Total,,,0,0,,,,,
38,Tue,2026-09-15 00:00:00,Converting ,H Pack 2,,,,,,,,,,0,0,Grand Total,,,0,0,,,,,
38,Wed,2026-09-16 00:00:00,Converting ,H Pack 2,,,,,,,,,,0,0,Grand Total,,,0,0,,,,,
38,Thu,2026-09-17 00:00:00,Converting ,H Pack 2,,,,,,,,,,0,0,Grand Total,,,0,0,,,,,
38,Fri,2026-09-18 00:00:00,Converting ,H Pack 2,,,,,,,,,,0,0,Grand Total,,,0,0,,,,,
38,Sat,2026-09-19 00:00:00,Converting ,H Pack 2,,,,,,,,,,0,0,Grand Total,,,0,0,,,,,
38,Sun,2026-09-20 00:00:00,Converting ,H Pack 2,,,,,,,,,,0,0,Grand Total,,,0,0,,,,,
39,Mon,2026-09-21 00:00:00,Converting ,H Pack 2,,,,,,,,,,0,0,Grand Total,,,0,0,,,,,
39,Tue,2026-09-22 00:00:00,Converting ,H Pack 2,,,,,,,,,,0,0,Grand Total,,,0,0,,,,,
39,Thu,2026-09-24 00:00:00,Converting ,H Pack 2,,,,,,,,,,0,0,Grand Total,,,0,0,,,,,
39,Fri,2026-09-25 00:00:00,Converting ,H Pack 2,,,,,,,,,,0,0,Grand Total,,,0,0,,,,,
39,Sat,2026-09-26 00:00:00,Converting ,H Pack 2,,,,,,,,,,0,0,Grand Total,,,0,0,,,,,
39,Sun,2026-09-27 00:00:00,Converting ,H Pack 2,,,,,,,,,,0,0,Grand Total,,,0,0,,,,,
40,Mon,2026-09-28 00:00:00,Converting ,H Pack 2,,,,,,,,,,0,0,Grand Total,,,0,0,,,,,
40,Tue,2026-09-29 00:00:00,Converting ,H Pack 2,,,,,,,,,,0,0,Grand Total,,,0,0,,,,,
40,Wed,2026-09-30 00:00:00,Converting ,H Pack 2,,,,,,,,,,0,0,Grand Total,,,0,0,,,,,
40,Thu,2026-10-01 00:00:00,Converting ,H Pack 2,,,,,,,,,,0,0,Grand Total,,,0,0,,,,,
40,Fri,2026-10-02 00:00:00,Converting ,H Pack 2,,,,,,,,,,0,0,Grand Total,,,0,0,,,,,
40,Sat,2026-10-03 00:00:00,Converting ,H Pack 2,,,,,,,,,,0,0,Grand Total,,,0,0,,,,,
40,Sun,2026-10-04 00:00:00,Converting ,H Pack 2,,,,,,,,,,0,0,Grand Total,,,0,0,,,,,
41,Mon,2026-10-05 00:00:00,Converting ,H Pack 2,,,,,,,,,,0,0,Grand Total,,,0,0,,,,,
41,Tue,2026-10-06 00:00:00,Converting ,H Pack 2,,,,,,,,,,0,0,Grand Total,,,0,0,,,,,
41,Wed,2026-10-07 00:00:00,Converting ,H Pack 2,,,,,,,,,,0,0,Grand Total,,,0,0,,,,,
41,Thu,2026-10-08 00:00:00,Converting ,H Pack 2,,,,,,,,,,0,0,Grand Total,,,0,0,,,,,
41,Fri,2026-10-09 00:00:00,Converting ,H Pack 2,,,,,,,,,,0,0,Grand Total,,,0,0,,,,,
41,Sat,2026-10-10 00:00:00,Converting ,H Pack 2,,,,,,,,,,0,0,Grand Total,,,0,0,,,,,
41,Sun,2026-10-11 00:00:00,Converting ,H Pack 2,,,,,,,,,,0,0,Grand Total,,,0,0,,,,,
42,Mon,2026-10-12 00:00:00,Converting ,H Pack 2,,,,,,,,,,0,0,Grand Total,,,0,0,,,,,
42,Tue,2026-10-13 00:00:00,Converting ,H Pack 2,,,,,,,,,,0,0,Grand Total,,,0,0,,,,,
42,Wed,2026-10-14 00:00:00,Converting ,H Pack 2,,,,,,,,,,0,0,Grand Total,,,0,0,,,,,
42,Thu,2026-10-15 00:00:00,Converting ,H Pack 2,,,,,,,,,,0,0,Grand Total,,,0,0,,,,,
42,Fri,2026-10-16 00:00:00,Converting ,H Pack 2,,,,,,,,,,0,0,Grand Total,,,0,0,,,,,
42,Sat,2026-10-17 00:00:00,Converting ,H Pack 2,,,,,,,,,,0,0,Grand Total,,,0,0,,,,,
42,Sun,2026-10-18 00:00:00,Converting ,H Pack 2,,,,,,,,,,0,0,Grand Total,,,0,0,,,,,
43,Mon,2026-10-19 00:00:00,Converting ,H Pack 2,,,,,,,,,,0,0,Grand Total,,,0,0,,,,,
43,Tue,2026-10-20 00:00:00,Converting ,H Pack 2,,,,,,,,,,0,0,Grand Total,,,0,0,,,,,
43,Wed,2026-10-21 00:00:00,Converting ,H Pack 2,,,,,,,,,,0,0,Grand Total,,,0,0,,,,,
43,Thu,2026-10-22 00:00:00,Converting ,H Pack 2,,,,,,,,,,0,0,Grand Total,,,0,0,,,,,
43,Fri,2026-10-23 00:00:00,Converting ,H Pack 2,,,,,,,,,,0,0,Grand Total,,,0,0,,,,,
43,Sat,2026-10-24 00:00:00,Converting ,H Pack 2,,,,,,,,,,0,0,Grand Total,,,0,0,,,,,
43,Sun,2026-10-25 00:00:00,Converting ,H Pack 2,,,,,,,,,,0,0,Grand Total,,,0,0,,,,,
44,Mon,2026-10-26 00:00:00,Converting ,H Pack 2,,,,,,,,,,0,0,Grand Total,,,0,0,,,,,
44,Tue,2026-10-27 00:00:00,Converting ,H Pack 2,,,,,,,,,,0,0,Grand Total,,,0,0,,,,,
44,Wed,2026-10-28 00:00:00,Converting ,H Pack 2,,,,,,,,,,0,0,Grand Total,,,0,0,,,,,
44,Thu,2026-10-29 00:00:00,Converting ,H Pack 2,,,,,,,,,,0,0,Grand Total,,,0,0,,,,,
44,Fri,2026-10-30 00:00:00,Converting ,H Pack 2,,,,,,,,,,0,0,Grand Total,,,0,0,,,,,
44,Sat,2026-10-31 00:00:00,Converting ,H Pack 2,,,,,,,,,,0,0,Grand Total,,,0,0,,,,,
44,Sun,2026-11-01 00:00:00,Converting ,H Pack 2,,,,,,,,,,0,0,Grand Total,,,0,0,,,,,
45,Mon,2026-11-02 00:00:00,Converting ,H Pack 2,,,,,,,,,,0,0,Grand Total,,,0,0,,,,,
45,Tue,2026-11-03 00:00:00,Converting ,H Pack 2,,,,,,,,,,0,0,Grand Total,,,0,0,,,,,
45,Wed,2026-11-04 00:00:00,Converting ,H Pack 2,,,,,,,,,,0,0,Grand Total,,,0,0,,,,,
45,Thu,2026-11-05 00:00:00,Converting ,H Pack 2,,,,,,,,,,0,0,Grand Total,,,0,0,,,,,
45,Fri,2026-11-06 00:00:00,Converting ,H Pack 2,,,,,,,,,,0,0,Grand Total,,,0,0,,,,,
45,Sat,2026-11-07 00:00:00,Converting ,H Pack 2,,,,,,,,,,0,0,Grand Total,,,0,0,,,,,
45,Sun,2026-11-08 00:00:00,Converting ,H Pack 2,,,,,,,,,,0,0,Grand Total,,,0,0,,,,,
46,Mon,2026-11-09 00:00:00,Converting ,H Pack 2,,,,,,,,,,0,0,Grand Total,,,0,0,,,,,
46,Tue,2026-11-10 00:00:00,Converting ,H Pack 2,,,,,,,,,,0,0,Grand Total,,,0,0,,,,,
46,Wed,2026-11-11 00:00:00,Converting ,H Pack 2,,,,,,,,,,0,0,Grand Total,,,0,0,,,,,
46,Thu,2026-11-12 00:00:00,Converting ,H Pack 2,,,,,,,,,,0,0,Grand Total,,,0,0,,,,,
46,Fri,2026-11-13 00:00:00,Converting ,H Pack 2,,,,,,,,,,0,0,Grand Total,,,0,0,,,,,
46,Sat,2026-11-14 00:00:00,Converting ,H Pack 2,,,,,,,,,,0,0,Grand Total,,,0,0,,,,,
46,Sun,2026-11-15 00:00:00,Converting ,H Pack 2,,,,,,,,,,0,0,Grand Total,,,0,0,,,,,
47,Mon,2026-11-16 00:00:00,Converting ,H Pack 2,,,,,,,,,,0,0,Grand Total,,,0,0,,,,,
47,Tue,2026-11-17 00:00:00,Converting ,H Pack 2,,,,,,,,,,0,0,Grand Total,,,0,0,,,,,
47,Wed,2026-11-18 00:00:00,Converting ,H Pack 2,,,,,,,,,,0,0,Grand Total,,,0,0,,,,,
47,Thu,2026-11-19 00:00:00,Converting ,H Pack 2,,,,,,,,,,0,0,Grand Total,,,0,0,,,,,
47,Fri,2026-11-20 00:00:00,Converting ,H Pack 2,,,,,,,,,,0,0,Grand Total,,,0,0,,,,,
47,Sat,2026-11-21 00:00:00,Converting ,H Pack 2,,,,,,,,,,0,0,Grand Total,,,0,0,,,,,
47,Sun,2026-11-22 00:00:00,Converting ,H Pack 2,,,,,,,,,,0,0,Grand Total,,,0,0,,,,,
48,Mon,2026-11-23 00:00:00,Converting ,H Pack 2,,,,,,,,,,0,0,Grand Total,,,0,0,,,,,
48,Tue,2026-11-24 00:00:00,Converting ,H Pack 2,,,,,,,,,,0,0,Grand Total,,,0,0,,,,,
48,Wed,2026-11-25 00:00:00,Converting ,H Pack 2,,,,,,,,,,0,0,Grand Total,,,0,0,,,,,
48,Thu,2026-11-26 00:00:00,Converting ,H Pack 2,,,,,,,,,,0,0,Grand Total,,,0,0,,,,,
48,Fri,2026-11-27 00:00:00,Converting ,H Pack 2,,,,,,,,,,0,0,Grand Total,,,0,0,,,,,
48,Sat,2026-11-28 00:00:00,Converting ,H Pack 2,,,,,,,,,,0,0,Grand Total,,,0,0,,,,,
48,Sun,2026-11-29 00:00:00,Converting ,H Pack 2,,,,,,,,,,0,0,Grand Total,,,0,0,,,,,
49,Mon,2026-11-30 00:00:00,Converting ,H Pack 2,,,,,,,,,,0,0,Grand Total,,,0,0,,,,,
49,Tue,2026-12-01 00:00:00,Converting ,H Pack 2,,,,,,,,,,0,0,Grand Total,,,0,0,,,,,
49,Wed,2026-12-02 00:00:00,Converting ,H Pack 2,,,,,,,,,,0,0,Grand Total,,,0,0,,,,,
49,Thu,2026-12-03 00:00:00,Converting ,H Pack 2,,,,,,,,,,0,0,Grand Total,,,0,0,,,,,
49,Fri,2026-12-04 00:00:00,Converting ,H Pack 2,,,,,,,,,,0,0,Grand Total,,,0,0,,,,,
49,Sat,2026-12-05 00:00:00,Converting ,H Pack 2,,,,,,,,,,0,0,Grand Total,,,0,0,,,,,
49,Sun,2026-12-06 00:00:00,Converting ,H Pack 2,,,,,,,,,,0,0,Grand Total,,,0,0,,,,,
50,Mon,2026-12-07 00:00:00,Converting ,H Pack 2,,,,,,,,,,0,0,Grand Total,,,0,0,,,,,
50,Tue,2026-12-08 00:00:00,Converting ,H Pack 2,,,,,,,,,,0,0,Grand Total,,,0,0,,,,,
50,Wed,2026-12-09 00:00:00,Converting ,H Pack 2,,,,,,,,,,0,0,Grand Total,,,0,0,,,,,
50,Thu,2026-12-10 00:00:00,Converting ,H Pack 2,,,,,,,,,,0,0,Grand Total,,,0,0,,,,,
50,Fri,2026-12-11 00:00:00,Converting ,H Pack 2,,,,,,,,,,0,0,Grand Total,,,0,0,,,,,
50,Sat,2026-12-12 00:00:00,Converting ,H Pack 2,,,,,,,,,,0,0,Grand Total,,,0,0,,,,,
50,Sun,2026-12-13 00:00:00,Converting ,H Pack 2,,,,,,,,,,0,0,Grand Total,,,0,0,,,,,
51,Mon,2026-12-14 00:00:00,Converting ,H Pack 2,,,,,,,,,,0,0,Grand Total,,,0,0,,,,,
51,Tue,2026-12-15 00:00:00,Converting ,H Pack 2,,,,,,,,,,0,0,Grand Total,,,0,0,,,,,
51,Wed,2026-12-16 00:00:00,Converting ,H Pack 2,,,,,,,,,,0,0,Grand Total,,,0,0,,,,,
51,Thu,2026-12-17 00:00:00,Converting ,H Pack 2,,,,,,,,,,0,0,Grand Total,,,0,0,,,,,
51,Fri,2026-12-18 00:00:00,Converting ,H Pack 2,,,,,,,,,,0,0,Grand Total,,,0,0,,,,,
51,Sat,2026-12-19 00:00:00,Converting ,H Pack 2,,,,,,,,,,0,0,Grand Total,,,0,0,,,,,
51,Sun,2026-12-20 00:00:00,Converting ,H Pack 2,,,,,,,,,,0,0,Grand Total,,,0,0,,,,,
52,Mon,2026-12-21 00:00:00,Converting ,H Pack 2,,,,,,,,,,0,0,Grand Total,,,0,0,,,,,
52,Tue,2026-12-22 00:00:00,Converting ,H Pack 2,,,,,,,,,,0,0,Grand Total,,,0,0,,,,,
52,Wed,2026-12-23 00:00:00,Converting ,H Pack 2,,,,,,,,,,0,0,Grand Total,,,0,0,,,,,
52,Thu,2026-12-24 00:00:00,Converting ,H Pack 2,,,,,,,,,,0,0,Grand Total,,,0,0,,,,,
52,Fri,2026-12-25 00:00:00,Converting ,H Pack 2,,,,,,,,,,0,0,Grand Total,,,0,0,,,,,
52,Sat,2026-12-26 00:00:00,Converting ,H Pack 2,,,,,,,,,,0,0,Grand Total,,,0,0,,,,,
52,Sun,2026-12-27 00:00:00,Converting ,H Pack 2,,,,,,,,,,0,0,Grand Total,,,0,0,,,,,
53,Mon,2026-12-28 00:00:00,Converting ,H Pack 2,,,,,,,,,,0,0,Grand Total,,,0,0,,,,,
53,Tue,2026-12-29 00:00:00,Converting ,H Pack 2,,,,,,,,,,0,0,Grand Total,,,0,0,,,,,
53,Wed,2026-12-30 00:00:00,Converting ,H Pack 2,,,,,,,,,,0,0,Grand Total,,,0,0,,,,,
53,Thu,2026-12-31 00:00:00,Converting ,H Pack 2,,,,,,,,,,0,0,Grand Total,,,0,0,,,,,
1,Thu,2026-01-01 00:00:00,Converting ,H Pack 3,,,,,,,,,,0,0,Grand Total,,,0,0,,,,,
1,Fri,2026-01-02 00:00:00,Converting ,H Pack 3,,,,,,,,,,0,0,Grand Total,,,0,0,,,,,
1,Tue,2023-01-03 00:00:00,Converting ,H Pack 3,,,,,,,,,,0,0,Grand Total,,,0,0,,,,,
1,Sun,2026-01-04 00:00:00,Converting ,H Pack 3,,,,,,,,,,0,0,Grand Total,,,0,0,,,,,
2,Mon,2026-01-05 00:00:00,Converting ,H Pack 3,,,,,,,,,,0,0,Grand Total,,,0,0,,,,,
2,Tue,2026-01-06 00:00:00,Converting ,H Pack 3,,,,,,,,,,0,0,Grand Total,,,0,0,,,,,
2,Wed,2026-01-07 00:00:00,Converting ,H Pack 3,,,,,,,,,,0,0,Grand Total,,,0,0,,,,,
2,Thu,2026-01-08 00:00:00,Converting ,H Pack 3,,,,,,,,,,0,0,Grand Total,,,0,0,,,,,
2,Fri,2026-01-09 00:00:00,Converting ,H Pack 3,,,,,,,,,,0,0,Grand Total,,,0,0,,,,,
2,Sat,2026-01-10 00:00:00,Converting ,H Pack 3,,,,,,,,,,0,0,Grand Total,,,0,0,,,,,
2,Sun,2026-01-11 00:00:00,Converting ,H Pack 3,,,,,,,,,,0,0,Grand Total,,,0,0,,,,,
3,Mon,2026-01-12 00:00:00,Converting ,H Pack 3,,,,,,,,,,0,0,Grand Total,,,0,0,,,,,
3,Tue,2026-01-13 00:00:00,Converting ,H Pack 3,Yes,Pre-Sterile ,5005,54173,,7,17160,3500,CTN,8680,3423.6755000000003,Grand Total,45,5268,13064.64,5153.120724,,,,,
3,Wed,2026-01-14 00:00:00,Converting ,H Pack 3,Yes,Pre-Sterile ,5005,54173,,7,17160,3500,CTN,8680,3423.6755000000003,Grand Total,20,2628,6517.44,2570.691204,,,,,
3,Thu,2026-01-15 00:00:00,Converting ,H Pack 3,Yes,Pre-Sterile ,5005,54173,,7,17160,3500,CTN,8680,3423.6755000000003,Grand Total,20,1344,3333.12,1314.6913920000002,,,,,
3,Fri,2026-01-16 00:00:00,Converting ,H Pack 3,Yes,Pre-Sterile ,5005,54173,,7,17160,3500,CTN,8680,3423.6755000000003,Grand Total,,,0,0,,,,,
3,Sat,2026-01-17 00:00:00,Converting ,H Pack 3,,,,,,,,,,0,0,Grand Total,,,0,0,,,,,
3,Sun,2026-01-18 00:00:00,Converting ,H Pack 3,,,,,,,,,,0,0,Grand Total,,,0,0,,,,,
4,Mon,2026-01-19 00:00:00,Converting ,H Pack 3,Yes,Pre-Sterile ,5005,54173,,7,17160,3160,CTN,7836.8,3091.0898800000004,Grand Total,,,0,0,,,,,
4,Tue,2026-01-20 00:00:00,Converting ,H Pack 3,,,,,,,,,,0,0,Grand Total,,,0,0,,,,,
4,Wed,2026-01-21 00:00:00,Converting ,H Pack 3,,,,,,,,,,0,0,Grand Total,,,0,0,,,,,
4,Thu,2026-01-22 00:00:00,Converting ,H Pack 3,,,,,,,,,,0,0,Grand Total,,,0,0,,,,,
4,Fri,2026-01-23 00:00:00,Converting ,H Pack 3,,,,,,,,,,0,0,Grand Total,,,0,0,,,,,
4,Sat,2026-01-24 00:00:00,Converting ,H Pack 3,,,,,,,,,,0,0,Grand Total,,,0,0,,,,,
4,Sun,2026-01-25 00:00:00,Converting ,H Pack 3,,,,,,,,,,0,0,Grand Total,,,0,0,,,,,
5,Mon,2026-01-26 00:00:00,Converting ,H Pack 3,,,,,,,,,,0,0,Grand Total,,,0,0,,,,,
5,Tue,2026-01-27 00:00:00,Converting ,H Pack 3,,,,,,,,,,0,0,Grand Total,,,0,0,,,,,
5,Wed,2026-01-28 00:00:00,Converting ,H Pack 3,,,,,,,,,,0,0,Grand Total,,,0,0,,,,,
5,Thu,2026-01-29 00:00:00,Converting ,H Pack 3,,,,,,,,,,0,0,Grand Total,,,0,0,,,,,
5,Fri,2026-01-30 00:00:00,Converting ,H Pack 3,,,,,,,,,,0,0,Grand Total,,,0,0,,,,,
5,Sat,2026-01-31 00:00:00,Converting ,H Pack 3,,,,,,,,,,0,0,Grand Total,,,0,0,,,,,
5,Sun,2026-02-01 00:00:00,Converting ,H Pack 3,,,,,,,,,,0,0,Grand Total,,,0,0,,,,,
6,Mon,2026-02-02 00:00:00,Converting ,H Pack 3,,,,,,,,,,0,0,Grand Total,,,0,0,,,,,
6,Tue,2026-02-03 00:00:00,Converting ,H Pack 3,,,,,,,,,,0,0,Grand Total,,,0,0,,,,,
6,Wed,2026-02-04 00:00:00,Converting ,H Pack 3,,,,,,,,,,0,0,Grand Total,,,0,0,,,,,
6,Thu,2026-02-05 00:00:00,Converting ,H Pack 3,,,,,,,,,,0,0,Grand Total,,,0,0,,,,,
6,Fri,2026-02-06 00:00:00,Converting ,H Pack 3,,,,,,,,,,0,0,Grand Total,,,0,0,,,,,
6,Sat,2026-02-07 00:00:00,Converting ,H Pack 3,,,,,,,,,,0,0,Grand Total,,,0,0,,,,,
6,Sun,2026-02-08 00:00:00,Converting ,H Pack 3,,,,,,,,,,0,0,Grand Total,,,0,0,,,,,
7,Mon,2026-02-09 00:00:00,Converting ,H Pack 3,,,,,,,,,,0,0,Grand Total,,,0,0,,,,,
7,Tue,2026-02-10 00:00:00,Converting ,H Pack 3,,,,,,,,,,0,0,Grand Total,,,0,0,,,,,
7,Wed,2026-02-11 00:00:00,Converting ,H Pack 3,,,,,,,,,,0,0,Grand Total,,,0,0,,,,,
7,Thu,2026-02-12 00:00:00,Converting ,H Pack 3,,,,,,,,,,0,0,Grand Total,,,0,0,,,,,
7,Fri,2026-02-13 00:00:00,Converting ,H Pack 3,,,,,,,,,,0,0,Grand Total,,,0,0,,,,,
7,Sat,2026-02-14 00:00:00,Converting ,H Pack 3,,,,,,,,,,0,0,Grand Total,,,0,0,,,,,
7,Sun,2026-02-15 00:00:00,Converting ,H Pack 3,,,,,,,,,,0,0,Grand Total,,,0,0,,,,,
8,Mon,2026-02-16 00:00:00,Converting ,H Pack 3,,,,,,,,,,0,0,Grand Total,,,0,0,,,,,
8,Tue,2026-02-17 00:00:00,Converting ,H Pack 3,,,,,,,,,,0,0,Grand Total,,,0,0,,,,,
8,Wed,2026-02-18 00:00:00,Converting ,H Pack 3,,,,,,,,,,0,0,Grand Total,,,0,0,,,,,
8,Thu,2026-02-19 00:00:00,Converting ,H Pack 3,Yes,Pre-Sterile ,5005,54173,,7,17160,3500,CTN,8680,3423.6755000000003,Grand Total,45,5268,13064.64,5153.120724,,,,,
8,Fri,2026-02-20 00:00:00,Converting ,H Pack 3,Yes,Pre-Sterile ,5005,54173,,7,17160,3500,CTN,8680,3423.6755000000003,Grand Total,7,1128,2797.44,1103.401704,,,,,
8,Sat,2026-02-21 00:00:00,Converting ,H Pack 3,,,,,,,,,,0,0,Grand Total,,,0,0,,,,,
8,Sun,2026-02-22 00:00:00,Converting ,H Pack 3,,,,,,,,,,0,0,Grand Total,,,0,0,,,,,
9,Mon,2026-02-23 00:00:00,Converting ,H Pack 3,Yes,Pre-Sterile ,5005,54173,,7,17160,3500,CTN,8680,3423.6755000000003,Grand Total,,,0,0,,,,,
9,Tue,2026-02-24 00:00:00,Converting ,H Pack 3,Yes,Pre-Sterile ,5005,54173,,7,17160,3500,CTN,8680,3423.6755000000003,Grand Total,,,0,0,,,,,
9,Wed,2026-02-25 00:00:00,Converting ,H Pack 3,Yes,Pre-Sterile ,5005,54173,,7,17160,3160,CTN,7836.8,3091.0898800000004,Grand Total,,,0,0,,,,,
9,Thu,2026-02-26 00:00:00,Converting ,H Pack 3,,,,,,,,,,0,0,Grand Total,,,0,0,,,,,
9,Fri,2026-02-27 00:00:00,Converting ,H Pack 3,,,,,,,,,,0,0,Grand Total,,,0,0,,,,,
9,Sat,2026-02-28 00:00:00,Converting ,H Pack 3,,,,,,,,,,0,0,Grand Total,,,0,0,,,,,
9,Sun,2026-03-01 00:00:00,Converting ,H Pack 3,,,,,,,,,,0,0,Grand Total,,,0,0,,,,,
10,Mon,2026-03-02 00:00:00,Converting ,H Pack 3,,,,,,,,,,0,0,Grand Total,,,0,0,,,,,
10,Tue,2026-03-03 00:00:00,Converting ,H Pack 3,,,,,,,,,,0,0,Grand Total,,,0,0,,,,,
10,Wed,2026-03-04 00:00:00,Converting ,H Pack 3,,,,,,,,,,0,0,Grand Total,,,0,0,,,,,
10,Thu,2026-03-05 00:00:00,Converting ,H Pack 3,,,,,,,,,,0,0,Grand Total,,,0,0,,,,,
10,Fri,2026-03-06 00:00:00,Converting ,H Pack 3,,,,,,,,,,0,0,Grand Total,,,0,0,,,,,
10,Sat,2026-03-07 00:00:00,Converting ,H Pack 3,,,,,,,,,,0,0,Grand Total,,,0,0,,,,,
10,Sun,2026-03-08 00:00:00,Converting ,H Pack 3,,,,,,,,,,0,0,Grand Total,,,0,0,,,,,
11,Mon,2026-03-09 00:00:00,Converting ,H Pack 3,,,,,,,,,,0,0,Grand Total,,,0,0,,,,,
11,Tue,2026-03-10 00:00:00,Converting ,H Pack 3,,,,,,,,,,0,0,Grand Total,,,0,0,,,,,
11,Wed,2026-03-11 00:00:00,Converting ,H Pack 3,,,,,,,,,,0,0,Grand Total,,,0,0,,,,,
11,Thu,2026-03-12 00:00:00,Converting ,H Pack 3,,,,,,,,,,0,0,Grand Total,,,0,0,,,,,
11,Fri,2026-03-13 00:00:00,Converting ,H Pack 3,,,,,,,,,,0,0,Grand Total,,,0,0,,,,,
11,Sat,2026-03-14 00:00:00,Converting ,H Pack 3,,,,,,,,,,0,0,Grand Total,,,0,0,,,,,
11,Sun,2026-03-15 00:00:00,Converting ,H Pack 3,,,,,,,,,,0,0,Grand Total,,,0,0,,,,,
12,Mon,2026-03-16 00:00:00,Converting ,H Pack 3,,,,,,,,,,0,0,Grand Total,,,0,0,,,,,
12,Tue,2026-03-17 00:00:00,Converting ,H Pack 3,,,,,,,,,,0,0,Grand Total,,,0,0,,,,,
12,Wed,2026-03-18 00:00:00,Converting ,H Pack 3,,,,,,,,,,0,0,Grand Total,,,0,0,,,,,
12,Thu,2026-03-19 00:00:00,Converting ,H Pack 3,,,,,,,,,,0,0,Grand Total,,,0,0,,,,,
12,Fri,2026-03-20 00:00:00,Converting ,H Pack 3,,,,,,,,,,0,0,Grand Total,,,0,0,,,,,
12,Sat,2026-03-21 00:00:00,Converting ,H Pack 3,,,,,,,,,,0,0,Grand Total,,,0,0,,,,,
12,Sun,2026-03-22 00:00:00,Converting ,H Pack 3,,,,,,,,,,0,0,Grand Total,,,0,0,,,,,
13,Mon,2026-03-23 00:00:00,Converting ,H Pack 3,,,,,,,,,,0,0,Grand Total,,,0,0,,,,,
13,Tue,2026-03-24 00:00:00,Converting ,H Pack 3,,,,,,,,,,0,0,Grand Total,,,0,0,,,,,
13,Wed,2026-03-25 00:00:00,Converting ,H Pack 3,,,,,,,,,,0,0,Grand Total,,,0,0,,,,,
13,Thu,2026-03-26 00:00:00,Converting ,H Pack 3,,,,,,,,,,0,0,Grand Total,,,0,0,,,,,
13,Fri,2026-03-27 00:00:00,Converting ,H Pack 3,,,,,,,,,,0,0,Grand Total,,,0,0,,,,,
13,Sat,2026-03-28 00:00:00,Converting ,H Pack 3,,,,,,,,,,0,0,Grand Total,,,0,0,,,,,
13,Sun,2026-03-29 00:00:00,Converting ,H Pack 3,,,,,,,,,,0,0,Grand Total,,,0,0,,,,,
14,Mon,2026-03-30 00:00:00,Converting ,H Pack 3,,,,,,,,,,0,0,Grand Total,,,0,0,,,,,
14,Tue,2026-03-31 00:00:00,Converting ,H Pack 3,,,,,,,,,,0,0,Grand Total,,,0,0,,,,,
14,Wed,2026-04-01 00:00:00,Converting ,H Pack 3,,,,,,,,,,0,0,Grand Total,,,0,0,,,,,
14,Thu,2026-04-02 00:00:00,Converting ,H Pack 3,,,,,,,,,,0,0,Grand Total,,,0,0,,,,,
14,Fri,2026-04-03 00:00:00,Converting ,H Pack 3,,,,,,,,,,0,0,Grand Total,,,0,0,,,,,
14,Sat,2026-04-04 00:00:00,Converting ,H Pack 3,,,,,,,,,,0,0,Grand Total,,,0,0,,,,,
14,Sun,2026-04-05 00:00:00,Converting ,H Pack 3,,,,,,,,,,0,0,Grand Total,,,0,0,,,,,
15,Mon,2026-04-06 00:00:00,Converting ,H Pack 3,,,,,,,,,,0,0,Grand Total,,,0,0,,,,,
15,Tue,2026-04-07 00:00:00,Converting ,H Pack 3,,,,,,,,,,0,0,Grand Total,,,0,0,,,,,
15,Wed,2026-04-08 00:00:00,Converting ,H Pack 3,,,,,,,,,,0,0,Grand Total,,,0,0,,,,,
15,Thu,2026-04-09 00:00:00,Converting ,H Pack 3,,,,,,,,,,0,0,Grand Total,,,0,0,,,,,
15,Fri,2026-04-10 00:00:00,Converting ,H Pack 3,,,,,,,,,,0,0,Grand Total,,,0,0,,,,,
15,Sat,2026-04-11 00:00:00,Converting ,H Pack 3,,,,,,,,,,0,0,Grand Total,,,0,0,,,,,
15,Sun,2026-04-12 00:00:00,Converting ,H Pack 3,,,,,,,,,,0,0,Grand Total,,,0,0,,,,,
16,Mon,2026-04-13 00:00:00,Converting ,H Pack 3,,,,,,,,,,0,0,Grand Total,,,0,0,,,,,
16,Tue,2026-04-14 00:00:00,Converting ,H Pack 3,,,,,,,,,,0,0,Grand Total,,,0,0,,,,,
16,Wed,2026-04-15 00:00:00,Converting ,H Pack 3,,,,,,,,,,0,0,Grand Total,,,0,0,,,,,
16,Thu,2026-04-16 00:00:00,Converting ,H Pack 3,,,,,,,,,,0,0,Grand Total,,,0,0,,,,,
16,Fri,2026-04-17 00:00:00,Converting ,H Pack 3,,,,,,,,,,0,0,Grand Total,,,0,0,,,,,
16,Sat,2026-04-18 00:00:00,Converting ,H Pack 3,,,,,,,,,,0,0,Grand Total,,,0,0,,,,,
16,Sun,2026-04-19 00:00:00,Converting ,H Pack 3,,,,,,,,,,0,0,Grand Total,,,0,0,,,,,
17,Mon,2026-04-20 00:00:00,Converting ,H Pack 3,,,,,,,,,,0,0,Grand Total,,,0,0,,,,,
17,Tue,2026-04-21 00:00:00,Converting ,H Pack 3,,,,,,,,,,0,0,Grand Total,,,0,0,,,,,
17,Wed,2026-04-22 00:00:00,Converting ,H Pack 3,,,,,,,,,,0,0,Grand Total,,,0,0,,,,,
17,Thu,2026-04-23 00:00:00,Converting ,H Pack 3,,,,,,,,,,0,0,Grand Total,,,0,0,,,,,
17,Fri,2026-04-24 00:00:00,Converting ,H Pack 3,,,,,,,,,,0,0,Grand Total,,,0,0,,,,,
17,Sat,2026-04-25 00:00:00,Converting ,H Pack 3,,,,,,,,,,0,0,Grand Total,,,0,0,,,,,
17,Sun,2026-04-26 00:00:00,Converting ,H Pack 3,,,,,,,,,,0,0,Grand Total,,,0,0,,,,,
18,Mon,2026-04-27 00:00:00,Converting ,H Pack 3,,,,,,,,,,0,0,Grand Total,,,0,0,,,,,
18,Tue,2026-04-28 00:00:00,Converting ,H Pack 3,,,,,,,,,,0,0,Grand Total,,,0,0,,,,,
18,Wed,2026-04-29 00:00:00,Converting ,H Pack 3,,,,,,,,,,0,0,Grand Total,,,0,0,,,,,
18,Thu,2026-04-30 00:00:00,Converting ,H Pack 3,,,,,,,,,,0,0,Grand Total,,,0,0,,,,,
18,Fri,2026-05-01 00:00:00,Converting ,H Pack 3,,,,,,,,,,0,0,Grand Total,,,0,0,,,,,
18,Sat,2026-05-02 00:00:00,Converting ,H Pack 3,,,,,,,,,,0,0,Grand Total,,,0,0,,,,,
18,Sun,2026-05-03 00:00:00,Converting ,H Pack 3,,,,,,,,,,0,0,Grand Total,,,0,0,,,,,
19,Mon,2026-05-04 00:00:00,Converting ,H Pack 3,,,,,,,,,,0,0,Grand Total,,,0,0,,,,,
19,Tue,2026-05-05 00:00:00,Converting ,H Pack 3,,,,,,,,,,0,0,Grand Total,,,0,0,,,,,
19,Wed,2026-05-06 00:00:00,Converting ,H Pack 3,,,,,,,,,,0,0,Grand Total,,,0,0,,,,,
19,Thu,2026-05-07 00:00:00,Converting ,H Pack 3,,,,,,,,,,0,0,Grand Total,,,0,0,,,,,
19,Fri,2026-05-08 00:00:00,Converting ,H Pack 3,,,,,,,,,,0,0,Grand Total,,,0,0,,,,,
19,Sat,2026-05-09 00:00:00,Converting ,H Pack 3,,,,,,,,,,0,0,Grand Total,,,0,0,,,,,
19,Sun,2026-05-10 00:00:00,Converting ,H Pack 3,,,,,,,,,,0,0,Grand Total,,,0,0,,,,,
20,Mon,2026-05-11 00:00:00,Converting ,H Pack 3,,,,,,,,,,0,0,Grand Total,,,0,0,,,,,
20,Tue,2026-05-12 00:00:00,Converting ,H Pack 3,,,,,,,,,,0,0,Grand Total,,,0,0,,,,,
20,Wed,2026-05-13 00:00:00,Converting ,H Pack 3,,,,,,,,,,0,0,Grand Total,,,0,0,,,,,
20,Thu,2026-05-14 00:00:00,Converting ,H Pack 3,,,,,,,,,,0,0,Grand Total,,,0,0,,,,,
20,Fri,2026-05-15 00:00:00,Converting ,H Pack 3,,,,,,,,,,0,0,Grand Total,,,0,0,,,,,
20,Sat,2026-05-16 00:00:00,Converting ,H Pack 3,,,,,,,,,,0,0,Grand Total,,,0,0,,,,,
20,Sun,2026-05-17 00:00:00,Converting ,H Pack 3,,,,,,,,,,0,0,Grand Total,,,0,0,,,,,
21,Mon,2026-05-18 00:00:00,Converting ,H Pack 3,,,,,,,,,,0,0,Grand Total,,,0,0,,,,,
21,Tue,2026-05-19 00:00:00,Converting ,H Pack 3,,,,,,,,,,0,0,Grand Total,,,0,0,,,,,
21,Wed,2026-05-20 00:00:00,Converting ,H Pack 3,,,,,,,,,,0,0,Grand Total,,,0,0,,,,,
21,Thu,2026-05-21 00:00:00,Converting ,H Pack 3,,,,,,,,,,0,0,Grand Total,,,0,0,,,,,
21,Fri,2026-05-22 00:00:00,Converting ,H Pack 3,,,,,,,,,,0,0,Grand Total,,,0,0,,,,,
21,Sat,2026-05-23 00:00:00,Converting ,H Pack 3,,,,,,,,,,0,0,Grand Total,,,0,0,,,,,
21,Sun,2026-05-24 00:00:00,Converting ,H Pack 3,,,,,,,,,,0,0,Grand Total,,,0,0,,,,,
22,Mon,2026-05-25 00:00:00,Converting ,H Pack 3,,,,,,,,,,0,0,Grand Total,,,0,0,,,,,
22,Tue,2026-05-26 00:00:00,Converting ,H Pack 3,,,,,,,,,,0,0,Grand Total,,,0,0,,,,,
22,Wed,2026-05-27 00:00:00,Converting ,H Pack 3,,,,,,,,,,0,0,Grand Total,,,0,0,,,,,
22,Thu,2026-05-28 00:00:00,Converting ,H Pack 3,,,,,,,,,,0,0,Grand Total,,,0,0,,,,,
22,Fri,2026-05-29 00:00:00,Converting ,H Pack 3,,,,,,,,,,0,0,Grand Total,,,0,0,,,,,
22,Sat,2026-05-30 00:00:00,Converting ,H Pack 3,,,,,,,,,,0,0,Grand Total,,,0,0,,,,,
22,Sun,2026-05-31 00:00:00,Converting ,H Pack 3,,,,,,,,,,0,0,Grand Total,,,0,0,,,,,
23,Mon,2026-06-01 00:00:00,Converting ,H Pack 3,,,,,,,,,,0,0,Grand Total,,,0,0,,,,,
23,Tue,2026-06-02 00:00:00,Converting ,H Pack 3,,,,,,,,,,0,0,Grand Total,,,0,0,,,,,
23,Wed,2026-06-03 00:00:00,Converting ,H Pack 3,,,,,,,,,,0,0,Grand Total,,,0,0,,,,,
23,Thu,2026-06-04 00:00:00,Converting ,H Pack 3,,,,,,,,,,0,0,Grand Total,,,0,0,,,,,
23,Fri,2026-06-05 00:00:00,Converting ,H Pack 3,,,,,,,,,,0,0,Grand Total,,,0,0,,,,,
23,Sat,2026-06-06 00:00:00,Converting ,H Pack 3,,,,,,,,,,0,0,Grand Total,,,0,0,,,,,
23,Sun,2026-06-07 00:00:00,Converting ,H Pack 3,,,,,,,,,,0,0,Grand Total,,,0,0,,,,,
24,Mon,2026-06-08 00:00:00,Converting ,H Pack 3,,,,,,,,,,0,0,Grand Total,,,0,0,,,,,
24,Tue,2026-06-09 00:00:00,Converting ,H Pack 3,,,,,,,,,,0,0,Grand Total,,,0,0,,,,,
24,Wed,2026-06-10 00:00:00,Converting ,H Pack 3,,,,,,,,,,0,0,Grand Total,,,0,0,,,,,
24,Thu,2026-06-11 00:00:00,Converting ,H Pack 3,,,,,,,,,,0,0,Grand Total,,,0,0,,,,,
24,Fri,2026-06-12 00:00:00,Converting ,H Pack 3,,,,,,,,,,0,0,Grand Total,,,0,0,,,,,
24,Sat,2026-06-13 00:00:00,Converting ,H Pack 3,,,,,,,,,,0,0,Grand Total,,,0,0,,,,,
24,Sun,2026-06-14 00:00:00,Converting ,H Pack 3,,,,,,,,,,0,0,Grand Total,,,0,0,,,,,
25,Mon,2026-06-15 00:00:00,Converting ,H Pack 3,,,,,,,,,,0,0,Grand Total,,,0,0,,,,,
25,Tue,2026-06-16 00:00:00,Converting ,H Pack 3,,,,,,,,,,0,0,Grand Total,,,0,0,,,,,
25,Wed,2026-06-17 00:00:00,Converting ,H Pack 3,,,,,,,,,,0,0,Grand Total,,,0,0,,,,,
25,Thu,2026-06-18 00:00:00,Converting ,H Pack 3,,,,,,,,,,0,0,Grand Total,,,0,0,,,,,
25,Fri,2026-06-19 00:00:00,Converting ,H Pack 3,,,,,,,,,,0,0,Grand Total,,,0,0,,,,,
25,Sat,2026-06-20 00:00:00,Converting ,H Pack 3,,,,,,,,,,0,0,Grand Total,,,0,0,,,,,
25,Sun,2026-06-21 00:00:00,Converting ,H Pack 3,,,,,,,,,,0,0,Grand Total,,,0,0,,,,,
26,Mon,2026-06-22 00:00:00,Converting ,H Pack 3,,,,,,,,,,0,0,Grand Total,,,0,0,,,,,
26,Tue,2026-06-23 00:00:00,Converting ,H Pack 3,,,,,,,,,,0,0,Grand Total,,,0,0,,,,,
26,Wed,2026-06-24 00:00:00,Converting ,H Pack 3,,,,,,,,,,0,0,Grand Total,,,0,0,,,,,
26,Thu,2026-06-25 00:00:00,Converting ,H Pack 3,,,,,,,,,,0,0,Grand Total,,,0,0,,,,,
26,Fri,2026-06-26 00:00:00,Converting ,H Pack 3,,,,,,,,,,0,0,Grand Total,,,0,0,,,,,
26,Sat,2026-06-27 00:00:00,Converting ,H Pack 3,,,,,,,,,,0,0,Grand Total,,,0,0,,,,,
26,Sun,2026-06-28 00:00:00,Converting ,H Pack 3,,,,,,,,,,0,0,Grand Total,,,0,0,,,,,
27,Mon,2026-06-29 00:00:00,Converting ,H Pack 3,,,,,,,,,,0,0,Grand Total,,,0,0,,,,,
27,Tue,2026-06-30 00:00:00,Converting ,H Pack 3,,,,,,,,,,0,0,Grand Total,,,0,0,,,,,
27,Wed,2026-07-01 00:00:00,Converting ,H Pack 3,,,,,,,,,,0,0,Grand Total,,,0,0,,,,,
27,Thu,2026-07-02 00:00:00,Converting ,H Pack 3,,,,,,,,,,0,0,Grand Total,,,0,0,,,,,
27,Fri,2026-07-03 00:00:00,Converting ,H Pack 3,,,,,,,,,,0,0,Grand Total,,,0,0,,,,,
27,Sat,2026-07-04 00:00:00,Converting ,H Pack 3,,,,,,,,,,0,0,Grand Total,,,0,0,,,,,
27,Sun,2026-07-05 00:00:00,Converting ,H Pack 3,,,,,,,,,,0,0,Grand Total,,,0,0,,,,,
28,Mon,2026-07-06 00:00:00,Converting ,H Pack 3,,,,,,,,,,0,0,Grand Total,,,0,0,,,,,
28,Tue,2026-07-07 00:00:00,Converting ,H Pack 3,,,,,,,,,,0,0,Grand Total,,,0,0,,,,,
28,Wed,2026-07-08 00:00:00,Converting ,H Pack 3,,,,,,,,,,0,0,Grand Total,,,0,0,,,,,
28,Thu,2026-07-09 00:00:00,Converting ,H Pack 3,,,,,,,,,,0,0,Grand Total,,,0,0,,,,,
28,Fri,2026-07-10 00:00:00,Converting ,H Pack 3,,,,,,,,,,0,0,Grand Total,,,0,0,,,,,
28,Sat,2026-07-11 00:00:00,Converting ,H Pack 3,,,,,,,,,,0,0,Grand Total,,,0,0,,,,,
28,Sun,2026-07-12 00:00:00,Converting ,H Pack 3,,,,,,,,,,0,0,Grand Total,,,0,0,,,,,
29,Mon,2026-07-13 00:00:00,Converting ,H Pack 3,,,,,,,,,,0,0,Grand Total,,,0,0,,,,,
29,Tue,2026-07-14 00:00:00,Converting ,H Pack 3,,,,,,,,,,0,0,Grand Total,,,0,0,,,,,
29,Wed,2026-07-15 00:00:00,Converting ,H Pack 3,,,,,,,,,,0,0,Grand Total,,,0,0,,,,,
29,Thu,2026-07-16 00:00:00,Converting ,H Pack 3,,,,,,,,,,0,0,Grand Total,,,0,0,,,,,
29,Fri,2026-07-17 00:00:00,Converting ,H Pack 3,,,,,,,,,,0,0,Grand Total,,,0,0,,,,,
29,Sat,2026-07-18 00:00:00,Converting ,H Pack 3,,,,,,,,,,0,0,Grand Total,,,0,0,,,,,
29,Sun,2026-07-19 00:00:00,Converting ,H Pack 3,,,,,,,,,,0,0,Grand Total,,,0,0,,,,,
30,Mon,2026-07-20 00:00:00,Converting ,H Pack 3,,,,,,,,,,0,0,Grand Total,,,0,0,,,,,
30,Tue,2026-07-21 00:00:00,Converting ,H Pack 3,,,,,,,,,,0,0,Grand Total,,,0,0,,,,,
30,Wed,2026-07-22 00:00:00,Converting ,H Pack 3,,,,,,,,,,0,0,Grand Total,,,0,0,,,,,
30,Thu,2026-07-23 00:00:00,Converting ,H Pack 3,,,,,,,,,,0,0,Grand Total,,,0,0,,,,,
30,Fri,2026-07-24 00:00:00,Converting ,H Pack 3,,,,,,,,,,0,0,Grand Total,,,0,0,,,,,
30,Sat,2026-07-25 00:00:00,Converting ,H Pack 3,,,,,,,,,,0,0,Grand Total,,,0,0,,,,,
30,Sun,2026-07-26 00:00:00,Converting ,H Pack 3,,,,,,,,,,0,0,Grand Total,,,0,0,,,,,
31,Mon,2026-07-27 00:00:00,Converting ,H Pack 3,,,,,,,,,,0,0,Grand Total,,,0,0,,,,,
31,Tue,2026-07-28 00:00:00,Converting ,H Pack 3,,,,,,,,,,0,0,Grand Total,,,0,0,,,,,
31,Wed,2026-07-29 00:00:00,Converting ,H Pack 3,,,,,,,,,,0,0,Grand Total,,,0,0,,,,,
31,Thu,2026-07-30 00:00:00,Converting ,H Pack 3,,,,,,,,,,0,0,Grand Total,,,0,0,,,,,
31,Fri,2026-07-31 00:00:00,Converting ,H Pack 3,,,,,,,,,,0,0,Grand Total,,,0,0,,,,,
31,Sat,2026-08-01 00:00:00,Converting ,H Pack 3,,,,,,,,,,0,0,Grand Total,,,0,0,,,,,
31,Sun,2026-08-02 00:00:00,Converting ,H Pack 3,,,,,,,,,,0,0,Grand Total,,,0,0,,,,,
32,Mon,2026-08-03 00:00:00,Converting ,H Pack 3,,,,,,,,,,0,0,Grand Total,,,0,0,,,,,
32,Tue,2026-08-04 00:00:00,Converting ,H Pack 3,,,,,,,,,,0,0,Grand Total,,,0,0,,,,,
32,Wed,2026-08-05 00:00:00,Converting ,H Pack 3,,,,,,,,,,0,0,Grand Total,,,0,0,,,,,
32,Thu,2026-08-06 00:00:00,Converting ,H Pack 3,,,,,,,,,,0,0,Grand Total,,,0,0,,,,,
32,Fri,2026-08-07 00:00:00,Converting ,H Pack 3,,,,,,,,,,0,0,Grand Total,,,0,0,,,,,
32,Sat,2026-08-08 00:00:00,Converting ,H Pack 3,,,,,,,,,,0,0,Grand Total,,,0,0,,,,,
32,Sun,2026-08-09 00:00:00,Converting ,H Pack 3,,,,,,,,,,0,0,Grand Total,,,0,0,,,,,
33,Mon,2026-08-10 00:00:00,Converting ,H Pack 3,,,,,,,,,,0,0,Grand Total,,,0,0,,,,,
33,Tue,2026-08-11 00:00:00,Converting ,H Pack 3,,,,,,,,,,0,0,Grand Total,,,0,0,,,,,
33,Wed,2026-08-12 00:00:00,Converting ,H Pack 3,,,,,,,,,,0,0,Grand Total,,,0,0,,,,,
33,Thu,2026-08-13 00:00:00,Converting ,H Pack 3,,,,,,,,,,0,0,Grand Total,,,0,0,,,,,
33,Fri,2026-08-14 00:00:00,Converting ,H Pack 3,,,,,,,,,,0,0,Grand Total,,,0,0,,,,,
33,Sat,2026-08-15 00:00:00,Converting ,H Pack 3,,,,,,,,,,0,0,Grand Total,,,0,0,,,,,
33,Sun,2026-08-16 00:00:00,Converting ,H Pack 3,,,,,,,,,,0,0,Grand Total,,,0,0,,,,,
34,Mon,2026-08-17 00:00:00,Converting ,H Pack 3,,,,,,,,,,0,0,Grand Total,,,0,0,,,,,
34,Tue,2026-08-18 00:00:00,Converting ,H Pack 3,,,,,,,,,,0,0,Grand Total,,,0,0,,,,,
34,Wed,2026-08-19 00:00:00,Converting ,H Pack 3,,,,,,,,,,0,0,Grand Total,,,0,0,,,,,
34,Thu,2026-08-20 00:00:00,Converting ,H Pack 3,,,,,,,,,,0,0,Grand Total,,,0,0,,,,,
34,Fri,2026-08-21 00:00:00,Converting ,H Pack 3,,,,,,,,,,0,0,Grand Total,,,0,0,,,,,
34,Sat,2026-08-22 00:00:00,Converting ,H Pack 3,,,,,,,,,,0,0,Grand Total,,,0,0,,,,,
34,Sun,2026-08-23 00:00:00,Converting ,H Pack 3,,,,,,,,,,0,0,Grand Total,,,0,0,,,,,
35,Mon,2026-08-24 00:00:00,Converting ,H Pack 3,,,,,,,,,,0,0,Grand Total,,,0,0,,,,,
35,Tue,2026-08-25 00:00:00,Converting ,H Pack 3,,,,,,,,,,0,0,Grand Total,,,0,0,,,,,
35,Wed,2026-08-26 00:00:00,Converting ,H Pack 3,,,,,,,,,,0,0,Grand Total,,,0,0,,,,,
35,Thu,2026-08-27 00:00:00,Converting ,H Pack 3,,,,,,,,,,0,0,Grand Total,,,0,0,,,,,
35,Fri,2026-08-28 00:00:00,Converting ,H Pack 3,,,,,,,,,,0,0,Grand Total,,,0,0,,,,,
35,Sat,2026-08-29 00:00:00,Converting ,H Pack 3,,,,,,,,,,0,0,Grand Total,,,0,0,,,,,
35,Sun,2026-08-30 00:00:00,Converting ,H Pack 3,,,,,,,,,,0,0,Grand Total,,,0,0,,,,,
36,Mon,2026-08-31 00:00:00,Converting ,H Pack 3,,,,,,,,,,0,0,Grand Total,,,0,0,,,,,
36,Tue,2026-09-01 00:00:00,Converting ,H Pack 3,,,,,,,,,,0,0,Grand Total,,,0,0,,,,,
36,Wed,2026-09-02 00:00:00,Converting ,H Pack 3,,,,,,,,,,0,0,Grand Total,,,0,0,,,,,
36,Thu,2026-09-03 00:00:00,Converting ,H Pack 3,,,,,,,,,,0,0,Grand Total,,,0,0,,,,,
36,Fri,2026-09-04 00:00:00,Converting ,H Pack 3,,,,,,,,,,0,0,Grand Total,,,0,0,,,,,
36,Sat,2026-09-05 00:00:00,Converting ,H Pack 3,,,,,,,,,,0,0,Grand Total,,,0,0,,,,,
36,Sun,2026-09-06 00:00:00,Converting ,H Pack 3,,,,,,,,,,0,0,Grand Total,,,0,0,,,,,
37,Mon,2026-09-07 00:00:00,Converting ,H Pack 3,,,,,,,,,,0,0,Grand Total,,,0,0,,,,,
37,Tue,2026-09-08 00:00:00,Converting ,H Pack 3,,,,,,,,,,0,0,Grand Total,,,0,0,,,,,
37,Wed,2026-09-09 00:00:00,Converting ,H Pack 3,,,,,,,,,,0,0,Grand Total,,,0,0,,,,,
37,Thu,2026-09-10 00:00:00,Converting ,H Pack 3,,,,,,,,,,0,0,Grand Total,,,0,0,,,,,
37,Fri,2026-09-11 00:00:00,Converting ,H Pack 3,,,,,,,,,,0,0,Grand Total,,,0,0,,,,,
37,Sat,2026-09-12 00:00:00,Converting ,H Pack 3,,,,,,,,,,0,0,Grand Total,,,0,0,,,,,
37,Sun,2026-09-13 00:00:00,Converting ,H Pack 3,,,,,,,,,,0,0,Grand Total,,,0,0,,,,,
38,Mon,2026-09-14 00:00:00,Converting ,H Pack 3,,,,,,,,,,0,0,Grand Total,,,0,0,,,,,
38,Tue,2026-09-15 00:00:00,Converting ,H Pack 3,,,,,,,,,,0,0,Grand Total,,,0,0,,,,,
38,Wed,2026-09-16 00:00:00,Converting ,H Pack 3,,,,,,,,,,0,0,Grand Total,,,0,0,,,,,
38,Thu,2026-09-17 00:00:00,Converting ,H Pack 3,,,,,,,,,,0,0,Grand Total,,,0,0,,,,,
38,Fri,2026-09-18 00:00:00,Converting ,H Pack 3,,,,,,,,,,0,0,Grand Total,,,0,0,,,,,
38,Sat,2026-09-19 00:00:00,Converting ,H Pack 3,,,,,,,,,,0,0,Grand Total,,,0,0,,,,,
38,Sun,2026-09-20 00:00:00,Converting ,H Pack 3,,,,,,,,,,0,0,Grand Total,,,0,0,,,,,
39,Mon,2026-09-21 00:00:00,Converting ,H Pack 3,,,,,,,,,,0,0,Grand Total,,,0,0,,,,,
39,Tue,2026-09-22 00:00:00,Converting ,H Pack 3,,,,,,,,,,0,0,Grand Total,,,0,0,,,,,
39,Thu,2026-09-24 00:00:00,Converting ,H Pack 3,,,,,,,,,,0,0,Grand Total,,,0,0,,,,,
39,Fri,2026-09-25 00:00:00,Converting ,H Pack 3,,,,,,,,,,0,0,Grand Total,,,0,0,,,,,
39,Sat,2026-09-26 00:00:00,Converting ,H Pack 3,,,,,,,,,,0,0,Grand Total,,,0,0,,,,,
39,Sun,2026-09-27 00:00:00,Converting ,H Pack 3,,,,,,,,,,0,0,Grand Total,,,0,0,,,,,
40,Mon,2026-09-28 00:00:00,Converting ,H Pack 3,,,,,,,,,,0,0,Grand Total,,,0,0,,,,,
40,Tue,2026-09-29 00:00:00,Converting ,H Pack 3,,,,,,,,,,0,0,Grand Total,,,0,0,,,,,
40,Wed,2026-09-30 00:00:00,Converting ,H Pack 3,,,,,,,,,,0,0,Grand Total,,,0,0,,,,,
40,Thu,2026-10-01 00:00:00,Converting ,H Pack 2,,,,,,,,,,0,0,Grand Total,,,0,0,,,,,
40,Fri,2026-10-02 00:00:00,Converting ,H Pack 2,,,,,,,,,,0,0,Grand Total,,,0,0,,,,,
40,Sat,2026-10-03 00:00:00,Converting ,H Pack 2,,,,,,,,,,0,0,Grand Total,,,0,0,,,,,
40,Sun,2026-10-04 00:00:00,Converting ,H Pack 2,,,,,,,,,,0,0,Grand Total,,,0,0,,,,,
41,Mon,2026-10-05 00:00:00,Converting ,H Pack 2,,,,,,,,,,0,0,Grand Total,,,0,0,,,,,
41,Tue,2026-10-06 00:00:00,Converting ,H Pack 2,,,,,,,,,,0,0,Grand Total,,,0,0,,,,,
41,Wed,2026-10-07 00:00:00,Converting ,H Pack 2,,,,,,,,,,0,0,Grand Total,,,0,0,,,,,
41,Thu,2026-10-08 00:00:00,Converting ,H Pack 2,,,,,,,,,,0,0,Grand Total,,,0,0,,,,,
41,Fri,2026-10-09 00:00:00,Converting ,H Pack 2,,,,,,,,,,0,0,Grand Total,,,0,0,,,,,
41,Sat,2026-10-10 00:00:00,Converting ,H Pack 2,,,,,,,,,,0,0,Grand Total,,,0,0,,,,,
41,Sun,2026-10-11 00:00:00,Converting ,H Pack 2,,,,,,,,,,0,0,Grand Total,,,0,0,,,,,
42,Mon,2026-10-12 00:00:00,Converting ,H Pack 2,,,,,,,,,,0,0,Grand Total,,,0,0,,,,,
42,Tue,2026-10-13 00:00:00,Converting ,H Pack 3,,,,,,,,,,0,0,Grand Total,,,0,0,,,,,
42,Wed,2026-10-14 00:00:00,Converting ,H Pack 3,,,,,,,,,,0,0,Grand Total,,,0,0,,,,,
42,Thu,2026-10-15 00:00:00,Converting ,H Pack 3,,,,,,,,,,0,0,Grand Total,,,0,0,,,,,
42,Fri,2026-10-16 00:00:00,Converting ,H Pack 3,,,,,,,,,,0,0,Grand Total,,,0,0,,,,,
42,Sat,2026-10-17 00:00:00,Converting ,H Pack 3,,,,,,,,,,0,0,Grand Total,,,0,0,,,,,
42,Sun,2026-10-18 00:00:00,Converting ,H Pack 3,,,,,,,,,,0,0,Grand Total,,,0,0,,,,,
43,Mon,2026-10-19 00:00:00,Converting ,H Pack 3,,,,,,,,,,0,0,Grand Total,,,0,0,,,,,
43,Tue,2026-10-20 00:00:00,Converting ,H Pack 3,,,,,,,,,,0,0,Grand Total,,,0,0,,,,,
43,Wed,2026-10-21 00:00:00,Converting ,H Pack 3,,,,,,,,,,0,0,Grand Total,,,0,0,,,,,
43,Thu,2026-10-22 00:00:00,Converting ,H Pack 3,,,,,,,,,,0,0,Grand Total,,,0,0,,,,,
43,Fri,2026-10-23 00:00:00,Converting ,H Pack 3,,,,,,,,,,0,0,Grand Total,,,0,0,,,,,
43,Sat,2026-10-24 00:00:00,Converting ,H Pack 3,,,,,,,,,,0,0,Grand Total,,,0,0,,,,,
43,Sun,2026-10-25 00:00:00,Converting ,H Pack 3,,,,,,,,,,0,0,Grand Total,,,0,0,,,,,
44,Mon,2026-10-26 00:00:00,Converting ,H Pack 3,,,,,,,,,,0,0,Grand Total,,,0,0,,,,,
44,Tue,2026-10-27 00:00:00,Converting ,H Pack 3,,,,,,,,,,0,0,Grand Total,,,0,0,,,,,
44,Wed,2026-10-28 00:00:00,Converting ,H Pack 3,,,,,,,,,,0,0,Grand Total,,,0,0,,,,,
44,Thu,2026-10-29 00:00:00,Converting ,H Pack 3,,,,,,,,,,0,0,Grand Total,,,0,0,,,,,
44,Fri,2026-10-30 00:00:00,Converting ,H Pack 3,,,,,,,,,,0,0,Grand Total,,,0,0,,,,,
44,Sat,2026-10-31 00:00:00,Converting ,H Pack 3,,,,,,,,,,0,0,Grand Total,,,0,0,,,,,
44,Sun,2026-11-01 00:00:00,Converting ,H Pack 3,,,,,,,,,,0,0,Grand Total,,,0,0,,,,,
45,Mon,2026-11-02 00:00:00,Converting ,H Pack 3,,,,,,,,,,0,0,Grand Total,,,0,0,,,,,
45,Tue,2026-11-03 00:00:00,Converting ,H Pack 3,,,,,,,,,,0,0,Grand Total,,,0,0,,,,,
45,Wed,2026-11-04 00:00:00,Converting ,H Pack 3,,,,,,,,,,0,0,Grand Total,,,0,0,,,,,
45,Thu,2026-11-05 00:00:00,Converting ,H Pack 3,,,,,,,,,,0,0,Grand Total,,,0,0,,,,,
45,Fri,2026-11-06 00:00:00,Converting ,H Pack 3,,,,,,,,,,0,0,Grand Total,,,0,0,,,,,
45,Sat,2026-11-07 00:00:00,Converting ,H Pack 3,,,,,,,,,,0,0,Grand Total,,,0,0,,,,,
45,Sun,2026-11-08 00:00:00,Converting ,H Pack 3,,,,,,,,,,0,0,Grand Total,,,0,0,,,,,
46,Mon,2026-11-09 00:00:00,Converting ,H Pack 3,,,,,,,,,,0,0,Grand Total,,,0,0,,,,,
46,Tue,2026-11-10 00:00:00,Converting ,H Pack 3,,,,,,,,,,0,0,Grand Total,,,0,0,,,,,
46,Wed,2026-11-11 00:00:00,Converting ,H Pack 3,,,,,,,,,,0,0,Grand Total,,,0,0,,,,,
46,Thu,2026-11-12 00:00:00,Converting ,H Pack 3,,,,,,,,,,0,0,Grand Total,,,0,0,,,,,
46,Fri,2026-11-13 00:00:00,Converting ,H Pack 3,,,,,,,,,,0,0,Grand Total,,,0,0,,,,,
46,Sat,2026-11-14 00:00:00,Converting ,H Pack 3,,,,,,,,,,0,0,Grand Total,,,0,0,,,,,
46,Sun,2026-11-15 00:00:00,Converting ,H Pack 3,,,,,,,,,,0,0,Grand Total,,,0,0,,,,,
47,Mon,2026-11-16 00:00:00,Converting ,H Pack 3,,,,,,,,,,0,0,Grand Total,,,0,0,,,,,
47,Tue,2026-11-17 00:00:00,Converting ,H Pack 3,,,,,,,,,,0,0,Grand Total,,,0,0,,,,,
47,Wed,2026-11-18 00:00:00,Converting ,H Pack 3,,,,,,,,,,0,0,Grand Total,,,0,0,,,,,
47,Thu,2026-11-19 00:00:00,Converting ,H Pack 3,,,,,,,,,,0,0,Grand Total,,,0,0,,,,,
47,Fri,2026-11-20 00:00:00,Converting ,H Pack 3,,,,,,,,,,0,0,Grand Total,,,0,0,,,,,
47,Sat,2026-11-21 00:00:00,Converting ,H Pack 3,,,,,,,,,,0,0,Grand Total,,,0,0,,,,,
47,Sun,2026-11-22 00:00:00,Converting ,H Pack 3,,,,,,,,,,0,0,Grand Total,,,0,0,,,,,
48,Mon,2026-11-23 00:00:00,Converting ,H Pack 3,,,,,,,,,,0,0,Grand Total,,,0,0,,,,,
48,Tue,2026-11-24 00:00:00,Converting ,H Pack 3,,,,,,,,,,0,0,Grand Total,,,0,0,,,,,
48,Wed,2026-11-25 00:00:00,Converting ,H Pack 3,,,,,,,,,,0,0,Grand Total,,,0,0,,,,,
48,Thu,2026-11-26 00:00:00,Converting ,H Pack 3,,,,,,,,,,0,0,Grand Total,,,0,0,,,,,
48,Fri,2026-11-27 00:00:00,Converting ,H Pack 3,,,,,,,,,,0,0,Grand Total,,,0,0,,,,,
48,Sat,2026-11-28 00:00:00,Converting ,H Pack 3,,,,,,,,,,0,0,Grand Total,,,0,0,,,,,
48,Sun,2026-11-29 00:00:00,Converting ,H Pack 3,,,,,,,,,,0,0,Grand Total,,,0,0,,,,,
49,Mon,2026-11-30 00:00:00,Converting ,H Pack 3,,,,,,,,,,0,0,Grand Total,,,0,0,,,,,
49,Tue,2026-12-01 00:00:00,Converting ,H Pack 3,,,,,,,,,,0,0,Grand Total,,,0,0,,,,,
49,Wed,2026-12-02 00:00:00,Converting ,H Pack 3,,,,,,,,,,0,0,Grand Total,,,0,0,,,,,
49,Thu,2026-12-03 00:00:00,Converting ,H Pack 3,,,,,,,,,,0,0,Grand Total,,,0,0,,,,,
49,Fri,2026-12-04 00:00:00,Converting ,H Pack 3,,,,,,,,,,0,0,Grand Total,,,0,0,,,,,
49,Sat,2026-12-05 00:00:00,Converting ,H Pack 3,,,,,,,,,,0,0,Grand Total,,,0,0,,,,,
49,Sun,2026-12-06 00:00:00,Converting ,H Pack 3,,,,,,,,,,0,0,Grand Total,,,0,0,,,,,
50,Mon,2026-12-07 00:00:00,Converting ,H Pack 3,,,,,,,,,,0,0,Grand Total,,,0,0,,,,,
50,Tue,2026-12-08 00:00:00,Converting ,H Pack 3,,,,,,,,,,0,0,Grand Total,,,0,0,,,,,
50,Wed,2026-12-09 00:00:00,Converting ,H Pack 3,,,,,,,,,,0,0,Grand Total,,,0,0,,,,,
50,Thu,2026-12-10 00:00:00,Converting ,H Pack 3,,,,,,,,,,0,0,Grand Total,,,0,0,,,,,
50,Fri,2026-12-11 00:00:00,Converting ,H Pack 3,,,,,,,,,,0,0,Grand Total,,,0,0,,,,,
50,Sat,2026-12-12 00:00:00,Converting ,H Pack 3,,,,,,,,,,0,0,Grand Total,,,0,0,,,,,
50,Sun,2026-12-13 00:00:00,Converting ,H Pack 3,,,,,,,,,,0,0,Grand Total,,,0,0,,,,,
51,Mon,2026-12-14 00:00:00,Converting ,H Pack 3,,,,,,,,,,0,0,Grand Total,,,0,0,,,,,
51,Tue,2026-12-15 00:00:00,Converting ,H Pack 3,,,,,,,,,,0,0,Grand Total,,,0,0,,,,,
51,Wed,2026-12-16 00:00:00,Converting ,H Pack 3,,,,,,,,,,0,0,Grand Total,,,0,0,,,,,
51,Thu,2026-12-17 00:00:00,Converting ,H Pack 3,,,,,,,,,,0,0,Grand Total,,,0,0,,,,,
51,Fri,2026-12-18 00:00:00,Converting ,H Pack 3,,,,,,,,,,0,0,Grand Total,,,0,0,,,,,
51,Sat,2026-12-19 00:00:00,Converting ,H Pack 3,,,,,,,,,,0,0,Grand Total,,,0,0,,,,,
51,Sun,2026-12-20 00:00:00,Converting ,H Pack 3,,,,,,,,,,0,0,Grand Total,,,0,0,,,,,
52,Mon,2026-12-21 00:00:00,Converting ,H Pack 3,,,,,,,,,,0,0,Grand Total,,,0,0,,,,,
52,Tue,2026-12-22 00:00:00,Converting ,H Pack 3,,,,,,,,,,0,0,Grand Total,,,0,0,,,,,
52,Wed,2026-12-23 00:00:00,Converting ,H Pack 3,,,,,,,,,,0,0,Grand Total,,,0,0,,,,,
52,Thu,2026-12-24 00:00:00,Converting ,H Pack 3,,,,,,,,,,0,0,Grand Total,,,0,0,,,,,
52,Fri,2026-12-25 00:00:00,Converting ,H Pack 3,,,,,,,,,,0,0,Grand Total,,,0,0,,,,,
52,Sat,2026-12-26 00:00:00,Converting ,H Pack 3,,,,,,,,,,0,0,Grand Total,,,0,0,,,,,
52,Sun,2026-12-27 00:00:00,Converting ,H Pack 3,,,,,,,,,,0,0,Grand Total,,,0,0,,,,,
53,Mon,2026-12-28 00:00:00,Converting ,H Pack 3,,,,,,,,,,0,0,Grand Total,,,0,0,,,,,
53,Tue,2026-12-29 00:00:00,Converting ,H Pack 3,,,,,,,,,,0,0,Grand Total,,,0,0,,,,,
53,Wed,2026-12-30 00:00:00,Converting ,H Pack 3,,,,,,,,,,0,0,Grand Total,,,0,0,,,,,
53,Thu,2026-12-31 00:00:00,Converting ,H Pack 3,,,,,,,,,,0,0,Grand Total,,,0,0,,,,,
1,Thu,2026-01-01 00:00:00,Converting ,Rewind 1,,,,,,,,,,0,0,Grand Total,,,0,0,,,,,
1,Fri,2026-01-02 00:00:00,Converting ,Rewind 1,,,,,,,,,,0,0,Grand Total,,,0,0,,,,,
1,Tue,2023-01-03 00:00:00,Converting ,Rewind 1,,,,,,,,,,0,0,Grand Total,,,0,0,,,,,
1,Sun,2026-01-04 00:00:00,Converting ,Rewind 1,,,,,,,,,,0,0,Grand Total,,,0,0,,,,,
2,Mon,2026-01-05 00:00:00,Converting ,Rewind 1,,,,,,,,,,0,0,Grand Total,,,0,0,,,,,
2,Tue,2026-01-06 00:00:00,Converting ,Rewind 1,,,,,,,,,,0,0,Grand Total,,,0,0,,,,,
2,Wed,2026-01-07 00:00:00,Converting ,Rewind 1,,,,,,,,,,0,0,Grand Total,,,0,0,,,,,
2,Thu,2026-01-08 00:00:00,Converting ,Rewind 1,,,,,,,,,,0,0,Grand Total,,,0,0,,,,,
2,Fri,2026-01-09 00:00:00,Converting ,Rewind 1,,,,,,,,,,0,0,Grand Total,,,0,0,,,,,
2,Sat,2026-01-10 00:00:00,Converting ,Rewind 1,,,,,,,,,,0,0,Grand Total,,,0,0,,,,,
2,Sun,2026-01-11 00:00:00,Converting ,Rewind 1,,,,,,,,,,0,0,Grand Total,,,0,0,,,,,
3,Mon,2026-01-12 00:00:00,Converting ,Rewind 1,,,,,,,,,,0,0,Grand Total,,,0,0,,,,,
3,Tue,2026-01-13 00:00:00,Converting ,Rewind 1,,,,,,,,,,0,0,Grand Total,,,0,0,,,,,
3,Wed,2026-01-14 00:00:00,Converting ,Rewind 1,,,,,,,,,,0,0,Grand Total,,,0,0,,,,,
3,Thu,2026-01-15 00:00:00,Converting ,Rewind 1,,,,,,,,,,0,0,Grand Total,,,0,0,,,,,
3,Fri,2026-01-16 00:00:00,Converting ,Rewind 1,,,,,,,,,,0,0,Grand Total,,,0,0,,,,,
3,Sat,2026-01-17 00:00:00,Converting ,Rewind 1,,,,,,,,,,0,0,Grand Total,,,0,0,,,,,
3,Sun,2026-01-18 00:00:00,Converting ,Rewind 1,,,,,,,,,,0,0,Grand Total,,,0,0,,,,,
4,Mon,2026-01-19 00:00:00,Converting ,Rewind 1,,,,,,,,,,0,0,Grand Total,,,0,0,,,,,
4,Tue,2026-01-20 00:00:00,Converting ,Rewind 1,,,,,,,,,,0,0,Grand Total,,,0,0,,,,,
4,Wed,2026-01-21 00:00:00,Converting ,Rewind 1,,,,,,,,,,0,0,Grand Total,,,0,0,,,,,
4,Thu,2026-01-22 00:00:00,Converting ,Rewind 1,,,,,,,,,,0,0,Grand Total,,,0,0,,,,,
4,Fri,2026-01-23 00:00:00,Converting ,Rewind 1,,,,,,,,,,0,0,Grand Total,,,0,0,,,,,
4,Sat,2026-01-24 00:00:00,Converting ,Rewind 1,,,,,,,,,,0,0,Grand Total,,,0,0,,,,,
4,Sun,2026-01-25 00:00:00,Converting ,Rewind 1,,,,,,,,,,0,0,Grand Total,,,0,0,,,,,
5,Mon,2026-01-26 00:00:00,Converting ,Rewind 1,,,,PM,,,,,,0,0,Grand Total,,,0,0,,,,,
5,Tue,2026-01-27 00:00:00,Converting ,Rewind 1,,,,,,,,,,0,0,Grand Total,,,0,0,,,,,
5,Wed,2026-01-28 00:00:00,Converting ,Rewind 1,,,,,,,,,,0,0,Grand Total,,,0,0,,,,,
5,Thu,2026-01-29 00:00:00,Converting ,Rewind 1,,,,,,,,,,0,0,Grand Total,,,0,0,,,,,
5,Fri,2026-01-30 00:00:00,Converting ,Rewind 1,,,,,,,,,,0,0,Grand Total,,,0,0,,,,,
5,Sat,2026-01-31 00:00:00,Converting ,Rewind 1,,,,,,,,,,0,0,Grand Total,,,0,0,,,,,
5,Sun,2026-02-01 00:00:00,Converting ,Rewind 1,,,,,,,,,,0,0,Grand Total,,,0,0,,,,,
6,Mon,2026-02-02 00:00:00,Converting ,Rewind 1,,,,,,,,,,0,0,Grand Total,,,0,0,,,,,
6,Tue,2026-02-03 00:00:00,Converting ,Rewind 1,,,,,,,,,,0,0,Grand Total,,,0,0,,,,,
6,Wed,2026-02-04 00:00:00,Converting ,Rewind 1,,,,,,,,,,0,0,Grand Total,,,0,0,,,,,
6,Thu,2026-02-05 00:00:00,Converting ,Rewind 1,,,,,,,,,,0,0,Grand Total,,,0,0,,,,,
6,Fri,2026-02-06 00:00:00,Converting ,Rewind 1,,,,,,,,,,0,0,Grand Total,,,0,0,,,,,
6,Sat,2026-02-07 00:00:00,Converting ,Rewind 1,,,,,,,,,,0,0,Grand Total,,,0,0,,,,,
6,Sun,2026-02-08 00:00:00,Converting ,Rewind 1,,,,,,,,,,0,0,Grand Total,,,0,0,,,,,
7,Mon,2026-02-09 00:00:00,Converting ,Rewind 1,,,,,,,,,,0,0,Grand Total,,,0,0,,,,,
7,Tue,2026-02-10 00:00:00,Converting ,Rewind 1,,,,,,,,,,0,0,Grand Total,,,0,0,,,,,
7,Wed,2026-02-11 00:00:00,Converting ,Rewind 1,,,,,,,,,,0,0,Grand Total,,,0,0,,,,,
7,Thu,2026-02-12 00:00:00,Converting ,Rewind 1,,,,,,,,,,0,0,Grand Total,,,0,0,,,,,
7,Fri,2026-02-13 00:00:00,Converting ,Rewind 1,,,,,,,,,,0,0,Grand Total,,,0,0,,,,,
7,Sat,2026-02-14 00:00:00,Converting ,Rewind 1,,,,,,,,,,0,0,Grand Total,,,0,0,,,,,
7,Sun,2026-02-15 00:00:00,Converting ,Rewind 1,,,,,,,,,,0,0,Grand Total,,,0,0,,,,,
8,Mon,2026-02-16 00:00:00,Converting ,Rewind 1,,,,,,,,,,0,0,Grand Total,,,0,0,,,,,
8,Tue,2026-02-17 00:00:00,Converting ,Rewind 1,,,,,,,,,,0,0,Grand Total,,,0,0,,,,,
8,Wed,2026-02-18 00:00:00,Converting ,Rewind 1,Yes,Non-Sterile,F-22007                 ,54535,,7,40,40,RL,8599.199999999999,5724.502359999999,Grand Total,5,38,8169.24,5438.277241999999,,,,,
8,Thu,2026-02-19 00:00:00,Converting ,Rewind 1,Yes,Non-Sterile,F-22008                 ,54536,,7,40,40,RL,4134.4,1654.2248,Grand Total,5,39,4031.04,1612.8691800000001,,,,,
8,Fri,2026-02-20 00:00:00,Converting ,Rewind 1,,,,,,,,,,0,0,Grand Total,,,0,0,,,,,
8,Sat,2026-02-21 00:00:00,Converting ,Rewind 1,,,,,,,,,,0,0,Grand Total,,,0,0,,,,,
8,Sun,2026-02-22 00:00:00,Converting ,Rewind 1,,,,,,,,,,0,0,Grand Total,,,0,0,,,,,
9,Mon,2026-02-23 00:00:00,Converting ,Rewind 1,,,,,,,,,,0,0,Grand Total,,,0,0,,,,,
9,Tue,2026-02-24 00:00:00,Converting ,Rewind 1,,,,,,,,,,0,0,Grand Total,,,0,0,,,,,
9,Wed,2026-02-25 00:00:00,Converting ,Rewind 1,,,,,,,,,,0,0,Grand Total,,,0,0,,,,,
9,Thu,2026-02-26 00:00:00,Converting ,Rewind 1,,,,,,,,,,0,0,Grand Total,,,0,0,,,,,
9,Fri,2026-02-27 00:00:00,Converting ,Rewind 1,,,,,,,,,,0,0,Grand Total,,,0,0,,,,,
9,Sat,2026-02-28 00:00:00,Converting ,Rewind 1,,,,,,,,,,0,0,Grand Total,,,0,0,,,,,
9,Sun,2026-03-01 00:00:00,Converting ,Rewind 1,,,,,,,,,,0,0,Grand Total,,,0,0,,,,,
10,Mon,2026-03-02 00:00:00,Converting ,Rewind 1,,,,,,,,,,0,0,Grand Total,,,0,0,,,,,
10,Tue,2026-03-03 00:00:00,Converting ,Rewind 1,,,,,,,,,,0,0,Grand Total,,,0,0,,,,,
10,Wed,2026-03-04 00:00:00,Converting ,Rewind 1,,,,,,,,,,0,0,Grand Total,,,0,0,,,,,
10,Thu,2026-03-05 00:00:00,Converting ,Rewind 1,,,,,,,,,,0,0,Grand Total,,,0,0,,,,,
10,Fri,2026-03-06 00:00:00,Converting ,Rewind 1,,,,,,,,,,0,0,Grand Total,,,0,0,,,,,
10,Sat,2026-03-07 00:00:00,Converting ,Rewind 1,,,,,,,,,,0,0,Grand Total,,,0,0,,,,,
10,Sun,2026-03-08 00:00:00,Converting ,Rewind 1,,,,,,,,,,0,0,Grand Total,,,0,0,,,,,
11,Mon,2026-03-09 00:00:00,Converting ,Rewind 1,,,,,,,,,,0,0,Grand Total,,,0,0,,,,,
11,Tue,2026-03-10 00:00:00,Converting ,Rewind 1,,,,,,,,,,0,0,Grand Total,,,0,0,,,,,
11,Wed,2026-03-11 00:00:00,Converting ,Rewind 1,,,,,,,,,,0,0,Grand Total,,,0,0,,,,,
11,Thu,2026-03-12 00:00:00,Converting ,Rewind 1,,,,,,,,,,0,0,Grand Total,,,0,0,,,,,
11,Fri,2026-03-13 00:00:00,Converting ,Rewind 1,,,,,,,,,,0,0,Grand Total,,,0,0,,,,,
11,Sat,2026-03-14 00:00:00,Converting ,Rewind 1,,,,,,,,,,0,0,Grand Total,,,0,0,,,,,
11,Sun,2026-03-15 00:00:00,Converting ,Rewind 1,,,,,,,,,,0,0,Grand Total,,,0,0,,,,,
12,Mon,2026-03-16 00:00:00,Converting ,Rewind 1,,,,,,,,,,0,0,Grand Total,,,0,0,,,,,
12,Tue,2026-03-17 00:00:00,Converting ,Rewind 1,,,,,,,,,,0,0,Grand Total,,,0,0,,,,,
12,Wed,2026-03-18 00:00:00,Converting ,Rewind 1,,,,,,,,,,0,0,Grand Total,,,0,0,,,,,
12,Thu,2026-03-19 00:00:00,Converting ,Rewind 1,,,,,,,,,,0,0,Grand Total,,,0,0,,,,,
12,Fri,2026-03-20 00:00:00,Converting ,Rewind 1,,,,,,,,,,0,0,Grand Total,,,0,0,,,,,
12,Sat,2026-03-21 00:00:00,Converting ,Rewind 1,,,,,,,,,,0,0,Grand Total,,,0,0,,,,,
12,Sun,2026-03-22 00:00:00,Converting ,Rewind 1,,,,,,,,,,0,0,Grand Total,,,0,0,,,,,
13,Mon,2026-03-23 00:00:00,Converting ,Rewind 1,,,,,,,,,,0,0,Grand Total,,,0,0,,,,,
13,Tue,2026-03-24 00:00:00,Converting ,Rewind 1,,,,,,,,,,0,0,Grand Total,,,0,0,,,,,
13,Wed,2026-03-25 00:00:00,Converting ,Rewind 1,,,,,,,,,,0,0,Grand Total,,,0,0,,,,,
13,Thu,2026-03-26 00:00:00,Converting ,Rewind 1,,,,,,,,,,0,0,Grand Total,,,0,0,,,,,
13,Fri,2026-03-27 00:00:00,Converting ,Rewind 1,,,,,,,,,,0,0,Grand Total,,,0,0,,,,,
13,Sat,2026-03-28 00:00:00,Converting ,Rewind 1,,,,,,,,,,0,0,Grand Total,,,0,0,,,,,
13,Sun,2026-03-29 00:00:00,Converting ,Rewind 1,,,,,,,,,,0,0,Grand Total,,,0,0,,,,,
14,Mon,2026-03-30 00:00:00,Converting ,Rewind 1,,,,,,,,,,0,0,Grand Total,,,0,0,,,,,
14,Tue,2026-03-31 00:00:00,Converting ,Rewind 1,,,,,,,,,,0,0,Grand Total,,,0,0,,,,,
14,Wed,2026-04-01 00:00:00,Converting ,Rewind 1,,,,,,,,,,0,0,Grand Total,,,0,0,,,,,
14,Thu,2026-04-02 00:00:00,Converting ,Rewind 1,,,,,,,,,,0,0,Grand Total,,,0,0,,,,,
14,Fri,2026-04-03 00:00:00,Converting ,Rewind 1,,,,,,,,,,0,0,Grand Total,,,0,0,,,,,
14,Sat,2026-04-04 00:00:00,Converting ,Rewind 1,,,,,,,,,,0,0,Grand Total,,,0,0,,,,,
14,Sun,2026-04-05 00:00:00,Converting ,Rewind 1,,,,,,,,,,0,0,Grand Total,,,0,0,,,,,
15,Mon,2026-04-06 00:00:00,Converting ,Rewind 1,,,,,,,,,,0,0,Grand Total,,,0,0,,,,,
15,Tue,2026-04-07 00:00:00,Converting ,Rewind 1,,,,,,,,,,0,0,Grand Total,,,0,0,,,,,
15,Wed,2026-04-08 00:00:00,Converting ,Rewind 1,,,,,,,,,,0,0,Grand Total,,,0,0,,,,,
15,Thu,2026-04-09 00:00:00,Converting ,Rewind 1,,,,,,,,,,0,0,Grand Total,,,0,0,,,,,
15,Fri,2026-04-10 00:00:00,Converting ,Rewind 1,,,,,,,,,,0,0,Grand Total,,,0,0,,,,,
15,Sat,2026-04-11 00:00:00,Converting ,Rewind 1,,,,,,,,,,0,0,Grand Total,,,0,0,,,,,
15,Sun,2026-04-12 00:00:00,Converting ,Rewind 1,,,,,,,,,,0,0,Grand Total,,,0,0,,,,,
16,Mon,2026-04-13 00:00:00,Converting ,Rewind 1,,,,,,,,,,0,0,Grand Total,,,0,0,,,,,
16,Tue,2026-04-14 00:00:00,Converting ,Rewind 1,,,,,,,,,,0,0,Grand Total,,,0,0,,,,,
16,Wed,2026-04-15 00:00:00,Converting ,Rewind 1,,,,,,,,,,0,0,Grand Total,,,0,0,,,,,
16,Thu,2026-04-16 00:00:00,Converting ,Rewind 1,,,,,,,,,,0,0,Grand Total,,,0,0,,,,,
16,Fri,2026-04-17 00:00:00,Converting ,Rewind 1,,,,,,,,,,0,0,Grand Total,,,0,0,,,,,
16,Sat,2026-04-18 00:00:00,Converting ,Rewind 1,,,,,,,,,,0,0,Grand Total,,,0,0,,,,,
16,Sun,2026-04-19 00:00:00,Converting ,Rewind 1,,,,,,,,,,0,0,Grand Total,,,0,0,,,,,
17,Mon,2026-04-20 00:00:00,Converting ,Rewind 1,,,,,,,,,,0,0,Grand Total,,,0,0,,,,,
17,Tue,2026-04-21 00:00:00,Converting ,Rewind 1,,,,,,,,,,0,0,Grand Total,,,0,0,,,,,
17,Wed,2026-04-22 00:00:00,Converting ,Rewind 1,,,,,,,,,,0,0,Grand Total,,,0,0,,,,,
17,Thu,2026-04-23 00:00:00,Converting ,Rewind 1,,,,,,,,,,0,0,Grand Total,,,0,0,,,,,
17,Fri,2026-04-24 00:00:00,Converting ,Rewind 1,,,,,,,,,,0,0,Grand Total,,,0,0,,,,,
17,Sat,2026-04-25 00:00:00,Converting ,Rewind 1,,,,,,,,,,0,0,Grand Total,,,0,0,,,,,
17,Sun,2026-04-26 00:00:00,Converting ,Rewind 1,,,,,,,,,,0,0,Grand Total,,,0,0,,,,,
18,Mon,2026-04-27 00:00:00,Converting ,Rewind 1,,,,,,,,,,0,0,Grand Total,,,0,0,,,,,
18,Tue,2026-04-28 00:00:00,Converting ,Rewind 1,,,,,,,,,,0,0,Grand Total,,,0,0,,,,,
18,Wed,2026-04-29 00:00:00,Converting ,Rewind 1,,,,,,,,,,0,0,Grand Total,,,0,0,,,,,
18,Thu,2026-04-30 00:00:00,Converting ,Rewind 1,,,,,,,,,,0,0,Grand Total,,,0,0,,,,,
18,Fri,2026-05-01 00:00:00,Converting ,Rewind 1,,,,,,,,,,0,0,Grand Total,,,0,0,,,,,
18,Sat,2026-05-02 00:00:00,Converting ,Rewind 1,,,,,,,,,,0,0,Grand Total,,,0,0,,,,,
18,Sun,2026-05-03 00:00:00,Converting ,Rewind 1,,,,,,,,,,0,0,Grand Total,,,0,0,,,,,
19,Mon,2026-05-04 00:00:00,Converting ,Rewind 1,,,,,,,,,,0,0,Grand Total,,,0,0,,,,,
19,Tue,2026-05-05 00:00:00,Converting ,Rewind 1,,,,,,,,,,0,0,Grand Total,,,0,0,,,,,
19,Wed,2026-05-06 00:00:00,Converting ,Rewind 1,,,,,,,,,,0,0,Grand Total,,,0,0,,,,,
19,Thu,2026-05-07 00:00:00,Converting ,Rewind 1,,,,,,,,,,0,0,Grand Total,,,0,0,,,,,
19,Fri,2026-05-08 00:00:00,Converting ,Rewind 1,,,,,,,,,,0,0,Grand Total,,,0,0,,,,,
19,Sat,2026-05-09 00:00:00,Converting ,Rewind 1,,,,,,,,,,0,0,Grand Total,,,0,0,,,,,
19,Sun,2026-05-10 00:00:00,Converting ,Rewind 1,,,,,,,,,,0,0,Grand Total,,,0,0,,,,,
20,Mon,2026-05-11 00:00:00,Converting ,Rewind 1,,,,,,,,,,0,0,Grand Total,,,0,0,,,,,
20,Tue,2026-05-12 00:00:00,Converting ,Rewind 1,,,,,,,,,,0,0,Grand Total,,,0,0,,,,,
20,Wed,2026-05-13 00:00:00,Converting ,Rewind 1,,,,,,,,,,0,0,Grand Total,,,0,0,,,,,
20,Thu,2026-05-14 00:00:00,Converting ,Rewind 1,,,,,,,,,,0,0,Grand Total,,,0,0,,,,,
20,Fri,2026-05-15 00:00:00,Converting ,Rewind 1,,,,,,,,,,0,0,Grand Total,,,0,0,,,,,
20,Sat,2026-05-16 00:00:00,Converting ,Rewind 1,,,,,,,,,,0,0,Grand Total,,,0,0,,,,,
20,Sun,2026-05-17 00:00:00,Converting ,Rewind 1,,,,,,,,,,0,0,Grand Total,,,0,0,,,,,
21,Mon,2026-05-18 00:00:00,Converting ,Rewind 1,,,,,,,,,,0,0,Grand Total,,,0,0,,,,,
21,Tue,2026-05-19 00:00:00,Converting ,Rewind 1,,,,,,,,,,0,0,Grand Total,,,0,0,,,,,
21,Wed,2026-05-20 00:00:00,Converting ,Rewind 1,,,,,,,,,,0,0,Grand Total,,,0,0,,,,,
21,Thu,2026-05-21 00:00:00,Converting ,Rewind 1,,,,,,,,,,0,0,Grand Total,,,0,0,,,,,
21,Fri,2026-05-22 00:00:00,Converting ,Rewind 1,,,,,,,,,,0,0,Grand Total,,,0,0,,,,,
21,Sat,2026-05-23 00:00:00,Converting ,Rewind 1,,,,,,,,,,0,0,Grand Total,,,0,0,,,,,
21,Sun,2026-05-24 00:00:00,Converting ,Rewind 1,,,,,,,,,,0,0,Grand Total,,,0,0,,,,,
22,Mon,2026-05-25 00:00:00,Converting ,Rewind 1,,,,,,,,,,0,0,Grand Total,,,0,0,,,,,
22,Tue,2026-05-26 00:00:00,Converting ,Rewind 1,,,,,,,,,,0,0,Grand Total,,,0,0,,,,,
22,Wed,2026-05-27 00:00:00,Converting ,Rewind 1,,,,,,,,,,0,0,Grand Total,,,0,0,,,,,
22,Thu,2026-05-28 00:00:00,Converting ,Rewind 1,,,,,,,,,,0,0,Grand Total,,,0,0,,,,,
22,Fri,2026-05-29 00:00:00,Converting ,Rewind 1,,,,,,,,,,0,0,Grand Total,,,0,0,,,,,
22,Sat,2026-05-30 00:00:00,Converting ,Rewind 1,,,,,,,,,,0,0,Grand Total,,,0,0,,,,,
22,Sun,2026-05-31 00:00:00,Converting ,Rewind 1,,,,,,,,,,0,0,Grand Total,,,0,0,,,,,
23,Mon,2026-06-01 00:00:00,Converting ,Rewind 1,,,,,,,,,,0,0,Grand Total,,,0,0,,,,,
23,Tue,2026-06-02 00:00:00,Converting ,Rewind 1,,,,,,,,,,0,0,Grand Total,,,0,0,,,,,
23,Wed,2026-06-03 00:00:00,Converting ,Rewind 1,,,,,,,,,,0,0,Grand Total,,,0,0,,,,,
23,Thu,2026-06-04 00:00:00,Converting ,Rewind 1,,,,,,,,,,0,0,Grand Total,,,0,0,,,,,
23,Fri,2026-06-05 00:00:00,Converting ,Rewind 1,,,,,,,,,,0,0,Grand Total,,,0,0,,,,,
23,Sat,2026-06-06 00:00:00,Converting ,Rewind 1,,,,,,,,,,0,0,Grand Total,,,0,0,,,,,
23,Sun,2026-06-07 00:00:00,Converting ,Rewind 1,,,,,,,,,,0,0,Grand Total,,,0,0,,,,,
24,Mon,2026-06-08 00:00:00,Converting ,Rewind 1,,,,,,,,,,0,0,Grand Total,,,0,0,,,,,
24,Tue,2026-06-09 00:00:00,Converting ,Rewind 1,,,,,,,,,,0,0,Grand Total,,,0,0,,,,,
24,Wed,2026-06-10 00:00:00,Converting ,Rewind 1,,,,,,,,,,0,0,Grand Total,,,0,0,,,,,
24,Thu,2026-06-11 00:00:00,Converting ,Rewind 1,,,,,,,,,,0,0,Grand Total,,,0,0,,,,,
24,Fri,2026-06-12 00:00:00,Converting ,Rewind 1,,,,,,,,,,0,0,Grand Total,,,0,0,,,,,
24,Sat,2026-06-13 00:00:00,Converting ,Rewind 1,,,,,,,,,,0,0,Grand Total,,,0,0,,,,,
24,Sun,2026-06-14 00:00:00,Converting ,Rewind 1,,,,,,,,,,0,0,Grand Total,,,0,0,,,,,
25,Mon,2026-06-15 00:00:00,Converting ,Rewind 1,,,,,,,,,,0,0,Grand Total,,,0,0,,,,,
25,Tue,2026-06-16 00:00:00,Converting ,Rewind 1,,,,,,,,,,0,0,Grand Total,,,0,0,,,,,
25,Wed,2026-06-17 00:00:00,Converting ,Rewind 1,,,,,,,,,,0,0,Grand Total,,,0,0,,,,,
25,Thu,2026-06-18 00:00:00,Converting ,Rewind 1,,,,,,,,,,0,0,Grand Total,,,0,0,,,,,
25,Fri,2026-06-19 00:00:00,Converting ,Rewind 1,,,,,,,,,,0,0,Grand Total,,,0,0,,,,,
25,Sat,2026-06-20 00:00:00,Converting ,Rewind 1,,,,,,,,,,0,0,Grand Total,,,0,0,,,,,
25,Sun,2026-06-21 00:00:00,Converting ,Rewind 1,,,,,,,,,,0,0,Grand Total,,,0,0,,,,,
26,Mon,2026-06-22 00:00:00,Converting ,Rewind 1,,,,,,,,,,0,0,Grand Total,,,0,0,,,,,
26,Tue,2026-06-23 00:00:00,Converting ,Rewind 1,,,,,,,,,,0,0,Grand Total,,,0,0,,,,,
26,Wed,2026-06-24 00:00:00,Converting ,Rewind 1,,,,,,,,,,0,0,Grand Total,,,0,0,,,,,
26,Thu,2026-06-25 00:00:00,Converting ,Rewind 1,,,,,,,,,,0,0,Grand Total,,,0,0,,,,,
26,Fri,2026-06-26 00:00:00,Converting ,Rewind 1,,,,,,,,,,0,0,Grand Total,,,0,0,,,,,
26,Sat,2026-06-27 00:00:00,Converting ,Rewind 1,,,,,,,,,,0,0,Grand Total,,,0,0,,,,,
26,Sun,2026-06-28 00:00:00,Converting ,Rewind 1,,,,,,,,,,0,0,Grand Total,,,0,0,,,,,
27,Mon,2026-06-29 00:00:00,Converting ,Rewind 1,,,,,,,,,,0,0,Grand Total,,,0,0,,,,,
27,Tue,2026-06-30 00:00:00,Converting ,Rewind 1,,,,,,,,,,0,0,Grand Total,,,0,0,,,,,
27,Wed,2026-07-01 00:00:00,Converting ,Rewind 1,,,,,,,,,,0,0,Grand Total,,,0,0,,,,,
27,Thu,2026-07-02 00:00:00,Converting ,Rewind 1,,,,,,,,,,0,0,Grand Total,,,0,0,,,,,
27,Fri,2026-07-03 00:00:00,Converting ,Rewind 1,,,,,,,,,,0,0,Grand Total,,,0,0,,,,,
27,Sat,2026-07-04 00:00:00,Converting ,Rewind 1,,,,,,,,,,0,0,Grand Total,,,0,0,,,,,
27,Sun,2026-07-05 00:00:00,Converting ,Rewind 1,,,,,,,,,,0,0,Grand Total,,,0,0,,,,,
28,Mon,2026-07-06 00:00:00,Converting ,Rewind 1,,,,,,,,,,0,0,Grand Total,,,0,0,,,,,
28,Tue,2026-07-07 00:00:00,Converting ,Rewind 1,,,,,,,,,,0,0,Grand Total,,,0,0,,,,,
28,Wed,2026-07-08 00:00:00,Converting ,Rewind 1,,,,,,,,,,0,0,Grand Total,,,0,0,,,,,
28,Thu,2026-07-09 00:00:00,Converting ,Rewind 1,,,,,,,,,,0,0,Grand Total,,,0,0,,,,,
28,Fri,2026-07-10 00:00:00,Converting ,Rewind 1,,,,,,,,,,0,0,Grand Total,,,0,0,,,,,
28,Sat,2026-07-11 00:00:00,Converting ,Rewind 1,,,,,,,,,,0,0,Grand Total,,,0,0,,,,,
28,Sun,2026-07-12 00:00:00,Converting ,Rewind 1,,,,,,,,,,0,0,Grand Total,,,0,0,,,,,
29,Mon,2026-07-13 00:00:00,Converting ,Rewind 1,,,,,,,,,,0,0,Grand Total,,,0,0,,,,,
29,Tue,2026-07-14 00:00:00,Converting ,Rewind 1,,,,,,,,,,0,0,Grand Total,,,0,0,,,,,
29,Wed,2026-07-15 00:00:00,Converting ,Rewind 1,,,,,,,,,,0,0,Grand Total,,,0,0,,,,,
29,Thu,2026-07-16 00:00:00,Converting ,Rewind 1,,,,,,,,,,0,0,Grand Total,,,0,0,,,,,
29,Fri,2026-07-17 00:00:00,Converting ,Rewind 1,,,,,,,,,,0,0,Grand Total,,,0,0,,,,,
29,Sat,2026-07-18 00:00:00,Converting ,Rewind 1,,,,,,,,,,0,0,Grand Total,,,0,0,,,,,
29,Sun,2026-07-19 00:00:00,Converting ,Rewind 1,,,,,,,,,,0,0,Grand Total,,,0,0,,,,,
30,Mon,2026-07-20 00:00:00,Converting ,Rewind 1,,,,,,,,,,0,0,Grand Total,,,0,0,,,,,
30,Tue,2026-07-21 00:00:00,Converting ,Rewind 1,,,,,,,,,,0,0,Grand Total,,,0,0,,,,,
30,Wed,2026-07-22 00:00:00,Converting ,Rewind 1,,,,,,,,,,0,0,Grand Total,,,0,0,,,,,
30,Thu,2026-07-23 00:00:00,Converting ,Rewind 1,,,,,,,,,,0,0,Grand Total,,,0,0,,,,,
30,Fri,2026-07-24 00:00:00,Converting ,Rewind 1,,,,,,,,,,0,0,Grand Total,,,0,0,,,,,
30,Sat,2026-07-25 00:00:00,Converting ,Rewind 1,,,,,,,,,,0,0,Grand Total,,,0,0,,,,,
30,Sun,2026-07-26 00:00:00,Converting ,Rewind 1,,,,,,,,,,0,0,Grand Total,,,0,0,,,,,
31,Mon,2026-07-27 00:00:00,Converting ,Rewind 1,,,,,,,,,,0,0,Grand Total,,,0,0,,,,,
31,Tue,2026-07-28 00:00:00,Converting ,Rewind 1,,,,,,,,,,0,0,Grand Total,,,0,0,,,,,
31,Wed,2026-07-29 00:00:00,Converting ,Rewind 1,,,,,,,,,,0,0,Grand Total,,,0,0,,,,,
31,Thu,2026-07-30 00:00:00,Converting ,Rewind 1,,,,,,,,,,0,0,Grand Total,,,0,0,,,,,
31,Fri,2026-07-31 00:00:00,Converting ,Rewind 1,,,,,,,,,,0,0,Grand Total,,,0,0,,,,,
31,Sat,2026-08-01 00:00:00,Converting ,Rewind 1,,,,,,,,,,0,0,Grand Total,,,0,0,,,,,
31,Sun,2026-08-02 00:00:00,Converting ,Rewind 1,,,,,,,,,,0,0,Grand Total,,,0,0,,,,,
32,Mon,2026-08-03 00:00:00,Converting ,Rewind 1,,,,,,,,,,0,0,Grand Total,,,0,0,,,,,
32,Tue,2026-08-04 00:00:00,Converting ,Rewind 1,,,,,,,,,,0,0,Grand Total,,,0,0,,,,,
32,Wed,2026-08-05 00:00:00,Converting ,Rewind 1,,,,,,,,,,0,0,Grand Total,,,0,0,,,,,
32,Thu,2026-08-06 00:00:00,Converting ,Rewind 1,,,,,,,,,,0,0,Grand Total,,,0,0,,,,,
32,Fri,2026-08-07 00:00:00,Converting ,Rewind 1,,,,,,,,,,0,0,Grand Total,,,0,0,,,,,
32,Sat,2026-08-08 00:00:00,Converting ,Rewind 1,,,,,,,,,,0,0,Grand Total,,,0,0,,,,,
32,Sun,2026-08-09 00:00:00,Converting ,Rewind 1,,,,,,,,,,0,0,Grand Total,,,0,0,,,,,
33,Mon,2026-08-10 00:00:00,Converting ,Rewind 1,,,,,,,,,,0,0,Grand Total,,,0,0,,,,,
33,Tue,2026-08-11 00:00:00,Converting ,Rewind 1,,,,,,,,,,0,0,Grand Total,,,0,0,,,,,
33,Wed,2026-08-12 00:00:00,Converting ,Rewind 1,,,,,,,,,,0,0,Grand Total,,,0,0,,,,,
33,Thu,2026-08-13 00:00:00,Converting ,Rewind 1,,,,,,,,,,0,0,Grand Total,,,0,0,,,,,
33,Fri,2026-08-14 00:00:00,Converting ,Rewind 1,,,,,,,,,,0,0,Grand Total,,,0,0,,,,,
33,Sat,2026-08-15 00:00:00,Converting ,Rewind 1,,,,,,,,,,0,0,Grand Total,,,0,0,,,,,
33,Sun,2026-08-16 00:00:00,Converting ,Rewind 1,,,,,,,,,,0,0,Grand Total,,,0,0,,,,,
34,Mon,2026-08-17 00:00:00,Converting ,Rewind 1,,,,,,,,,,0,0,Grand Total,,,0,0,,,,,
34,Tue,2026-08-18 00:00:00,Converting ,Rewind 1,,,,,,,,,,0,0,Grand Total,,,0,0,,,,,
34,Wed,2026-08-19 00:00:00,Converting ,Rewind 1,,,,,,,,,,0,0,Grand Total,,,0,0,,,,,
34,Thu,2026-08-20 00:00:00,Converting ,Rewind 1,,,,,,,,,,0,0,Grand Total,,,0,0,,,,,
34,Fri,2026-08-21 00:00:00,Converting ,Rewind 1,,,,,,,,,,0,0,Grand Total,,,0,0,,,,,
34,Sat,2026-08-22 00:00:00,Converting ,Rewind 1,,,,,,,,,,0,0,Grand Total,,,0,0,,,,,
34,Sun,2026-08-23 00:00:00,Converting ,Rewind 1,,,,,,,,,,0,0,Grand Total,,,0,0,,,,,
35,Mon,2026-08-24 00:00:00,Converting ,Rewind 1,,,,,,,,,,0,0,Grand Total,,,0,0,,,,,
35,Tue,2026-08-25 00:00:00,Converting ,Rewind 1,,,,,,,,,,0,0,Grand Total,,,0,0,,,,,
35,Wed,2026-08-26 00:00:00,Converting ,Rewind 1,,,,,,,,,,0,0,Grand Total,,,0,0,,,,,
35,Thu,2026-08-27 00:00:00,Converting ,Rewind 1,,,,,,,,,,0,0,Grand Total,,,0,0,,,,,
35,Fri,2026-08-28 00:00:00,Converting ,Rewind 1,,,,,,,,,,0,0,Grand Total,,,0,0,,,,,
35,Sat,2026-08-29 00:00:00,Converting ,Rewind 1,,,,,,,,,,0,0,Grand Total,,,0,0,,,,,
35,Sun,2026-08-30 00:00:00,Converting ,Rewind 1,,,,,,,,,,0,0,Grand Total,,,0,0,,,,,
36,Mon,2026-08-31 00:00:00,Converting ,Rewind 1,,,,,,,,,,0,0,Grand Total,,,0,0,,,,,
36,Tue,2026-09-01 00:00:00,Converting ,Rewind 1,,,,,,,,,,0,0,Grand Total,,,0,0,,,,,
36,Wed,2026-09-02 00:00:00,Converting ,Rewind 1,,,,,,,,,,0,0,Grand Total,,,0,0,,,,,
36,Thu,2026-09-03 00:00:00,Converting ,Rewind 1,,,,,,,,,,0,0,Grand Total,,,0,0,,,,,
36,Fri,2026-09-04 00:00:00,Converting ,Rewind 1,,,,,,,,,,0,0,Grand Total,,,0,0,,,,,
36,Sat,2026-09-05 00:00:00,Converting ,Rewind 1,,,,,,,,,,0,0,Grand Total,,,0,0,,,,,
36,Sun,2026-09-06 00:00:00,Converting ,Rewind 1,,,,,,,,,,0,0,Grand Total,,,0,0,,,,,
37,Mon,2026-09-07 00:00:00,Converting ,Rewind 1,,,,,,,,,,0,0,Grand Total,,,0,0,,,,,
37,Tue,2026-09-08 00:00:00,Converting ,Rewind 1,,,,,,,,,,0,0,Grand Total,,,0,0,,,,,
37,Wed,2026-09-09 00:00:00,Converting ,Rewind 1,,,,,,,,,,0,0,Grand Total,,,0,0,,,,,
37,Thu,2026-09-10 00:00:00,Converting ,Rewind 1,,,,,,,,,,0,0,Grand Total,,,0,0,,,,,
37,Fri,2026-09-11 00:00:00,Converting ,Rewind 1,,,,,,,,,,0,0,Grand Total,,,0,0,,,,,
37,Sat,2026-09-12 00:00:00,Converting ,Rewind 1,,,,,,,,,,0,0,Grand Total,,,0,0,,,,,
37,Sun,2026-09-13 00:00:00,Converting ,Rewind 1,,,,,,,,,,0,0,Grand Total,,,0,0,,,,,
38,Mon,2026-09-14 00:00:00,Converting ,Rewind 1,,,,,,,,,,0,0,Grand Total,,,0,0,,,,,
38,Tue,2026-09-15 00:00:00,Converting ,Rewind 1,,,,,,,,,,0,0,Grand Total,,,0,0,,,,,
38,Wed,2026-09-16 00:00:00,Converting ,Rewind 1,,,,,,,,,,0,0,Grand Total,,,0,0,,,,,
38,Thu,2026-09-17 00:00:00,Converting ,Rewind 1,,,,,,,,,,0,0,Grand Total,,,0,0,,,,,
38,Fri,2026-09-18 00:00:00,Converting ,Rewind 1,,,,,,,,,,0,0,Grand Total,,,0,0,,,,,
38,Sat,2026-09-19 00:00:00,Converting ,Rewind 1,,,,,,,,,,0,0,Grand Total,,,0,0,,,,,
38,Sun,2026-09-20 00:00:00,Converting ,Rewind 1,,,,,,,,,,0,0,Grand Total,,,0,0,,,,,
39,Mon,2026-09-21 00:00:00,Converting ,Rewind 1,,,,,,,,,,0,0,Grand Total,,,0,0,,,,,
39,Tue,2026-09-22 00:00:00,Converting ,Rewind 1,,,,,,,,,,0,0,Grand Total,,,0,0,,,,,
39,Thu,2026-09-24 00:00:00,Converting ,Rewind 1,,,,,,,,,,0,0,Grand Total,,,0,0,,,,,
39,Fri,2026-09-25 00:00:00,Converting ,Rewind 1,,,,,,,,,,0,0,Grand Total,,,0,0,,,,,
39,Sat,2026-09-26 00:00:00,Converting ,Rewind 1,,,,,,,,,,0,0,Grand Total,,,0,0,,,,,
39,Sun,2026-09-27 00:00:00,Converting ,Rewind 1,,,,,,,,,,0,0,Grand Total,,,0,0,,,,,
40,Mon,2026-09-28 00:00:00,Converting ,Rewind 1,,,,,,,,,,0,0,Grand Total,,,0,0,,,,,
40,Tue,2026-09-29 00:00:00,Converting ,Rewind 1,,,,,,,,,,0,0,Grand Total,,,0,0,,,,,
40,Wed,2026-09-30 00:00:00,Converting ,Rewind 1,,,,,,,,,,0,0,Grand Total,,,0,0,,,,,
40,Thu,2026-10-01 00:00:00,Converting ,Rewind 1,,,,,,,,,,0,0,Grand Total,,,0,0,,,,,
40,Fri,2026-10-02 00:00:00,Converting ,Rewind 1,,,,,,,,,,0,0,Grand Total,,,0,0,,,,,
40,Sat,2026-10-03 00:00:00,Converting ,Rewind 1,,,,,,,,,,0,0,Grand Total,,,0,0,,,,,
40,Sun,2026-10-04 00:00:00,Converting ,Rewind 1,,,,,,,,,,0,0,Grand Total,,,0,0,,,,,
41,Mon,2026-10-05 00:00:00,Converting ,Rewind 1,,,,,,,,,,0,0,Grand Total,,,0,0,,,,,
41,Tue,2026-10-06 00:00:00,Converting ,Rewind 1,,,,,,,,,,0,0,Grand Total,,,0,0,,,,,
41,Wed,2026-10-07 00:00:00,Converting ,Rewind 1,,,,,,,,,,0,0,Grand Total,,,0,0,,,,,
41,Thu,2026-10-08 00:00:00,Converting ,Rewind 1,,,,,,,,,,0,0,Grand Total,,,0,0,,,,,
41,Fri,2026-10-09 00:00:00,Converting ,Rewind 1,,,,,,,,,,0,0,Grand Total,,,0,0,,,,,
41,Sat,2026-10-10 00:00:00,Converting ,Rewind 1,,,,,,,,,,0,0,Grand Total,,,0,0,,,,,
41,Sun,2026-10-11 00:00:00,Converting ,Rewind 1,,,,,,,,,,0,0,Grand Total,,,0,0,,,,,
42,Mon,2026-10-12 00:00:00,Converting ,Rewind 1,,,,,,,,,,0,0,Grand Total,,,0,0,,,,,
42,Tue,2026-10-13 00:00:00,Converting ,Rewind 1,,,,,,,,,,0,0,Grand Total,,,0,0,,,,,
42,Wed,2026-10-14 00:00:00,Converting ,Rewind 1,,,,,,,,,,0,0,Grand Total,,,0,0,,,,,
42,Thu,2026-10-15 00:00:00,Converting ,Rewind 1,,,,,,,,,,0,0,Grand Total,,,0,0,,,,,
42,Fri,2026-10-16 00:00:00,Converting ,Rewind 1,,,,,,,,,,0,0,Grand Total,,,0,0,,,,,
42,Sat,2026-10-17 00:00:00,Converting ,Rewind 1,,,,,,,,,,0,0,Grand Total,,,0,0,,,,,
42,Sun,2026-10-18 00:00:00,Converting ,Rewind 1,,,,,,,,,,0,0,Grand Total,,,0,0,,,,,
43,Mon,2026-10-19 00:00:00,Converting ,Rewind 1,,,,,,,,,,0,0,Grand Total,,,0,0,,,,,
43,Tue,2026-10-20 00:00:00,Converting ,Rewind 1,,,,,,,,,,0,0,Grand Total,,,0,0,,,,,
43,Wed,2026-10-21 00:00:00,Converting ,Rewind 1,,,,,,,,,,0,0,Grand Total,,,0,0,,,,,
43,Thu,2026-10-22 00:00:00,Converting ,Rewind 1,,,,,,,,,,0,0,Grand Total,,,0,0,,,,,
43,Fri,2026-10-23 00:00:00,Converting ,Rewind 1,,,,,,,,,,0,0,Grand Total,,,0,0,,,,,
43,Sat,2026-10-24 00:00:00,Converting ,Rewind 1,,,,,,,,,,0,0,Grand Total,,,0,0,,,,,
43,Sun,2026-10-25 00:00:00,Converting ,Rewind 1,,,,,,,,,,0,0,Grand Total,,,0,0,,,,,
44,Mon,2026-10-26 00:00:00,Converting ,Rewind 1,,,,,,,,,,0,0,Grand Total,,,0,0,,,,,
44,Tue,2026-10-27 00:00:00,Converting ,Rewind 1,,,,,,,,,,0,0,Grand Total,,,0,0,,,,,
44,Wed,2026-10-28 00:00:00,Converting ,Rewind 1,,,,,,,,,,0,0,Grand Total,,,0,0,,,,,
44,Thu,2026-10-29 00:00:00,Converting ,Rewind 1,,,,,,,,,,0,0,Grand Total,,,0,0,,,,,
44,Fri,2026-10-30 00:00:00,Converting ,Rewind 1,,,,,,,,,,0,0,Grand Total,,,0,0,,,,,
44,Sat,2026-10-31 00:00:00,Converting ,Rewind 1,,,,,,,,,,0,0,Grand Total,,,0,0,,,,,
44,Sun,2026-11-01 00:00:00,Converting ,Rewind 1,,,,,,,,,,0,0,Grand Total,,,0,0,,,,,
45,Mon,2026-11-02 00:00:00,Converting ,Rewind 1,,,,,,,,,,0,0,Grand Total,,,0,0,,,,,
45,Tue,2026-11-03 00:00:00,Converting ,Rewind 1,,,,,,,,,,0,0,Grand Total,,,0,0,,,,,
45,Wed,2026-11-04 00:00:00,Converting ,Rewind 1,,,,,,,,,,0,0,Grand Total,,,0,0,,,,,
45,Thu,2026-11-05 00:00:00,Converting ,Rewind 1,,,,,,,,,,0,0,Grand Total,,,0,0,,,,,
45,Fri,2026-11-06 00:00:00,Converting ,Rewind 1,,,,,,,,,,0,0,Grand Total,,,0,0,,,,,
45,Sat,2026-11-07 00:00:00,Converting ,Rewind 1,,,,,,,,,,0,0,Grand Total,,,0,0,,,,,
45,Sun,2026-11-08 00:00:00,Converting ,Rewind 1,,,,,,,,,,0,0,Grand Total,,,0,0,,,,,
46,Mon,2026-11-09 00:00:00,Converting ,Rewind 1,,,,,,,,,,0,0,Grand Total,,,0,0,,,,,
46,Tue,2026-11-10 00:00:00,Converting ,Rewind 1,,,,,,,,,,0,0,Grand Total,,,0,0,,,,,
46,Wed,2026-11-11 00:00:00,Converting ,Rewind 1,,,,,,,,,,0,0,Grand Total,,,0,0,,,,,
46,Thu,2026-11-12 00:00:00,Converting ,Rewind 1,,,,,,,,,,0,0,Grand Total,,,0,0,,,,,
46,Fri,2026-11-13 00:00:00,Converting ,Rewind 1,,,,,,,,,,0,0,Grand Total,,,0,0,,,,,
46,Sat,2026-11-14 00:00:00,Converting ,Rewind 1,,,,,,,,,,0,0,Grand Total,,,0,0,,,,,
46,Sun,2026-11-15 00:00:00,Converting ,Rewind 1,,,,,,,,,,0,0,Grand Total,,,0,0,,,,,
47,Mon,2026-11-16 00:00:00,Converting ,Rewind 1,,,,,,,,,,0,0,Grand Total,,,0,0,,,,,
47,Tue,2026-11-17 00:00:00,Converting ,Rewind 1,,,,,,,,,,0,0,Grand Total,,,0,0,,,,,
47,Wed,2026-11-18 00:00:00,Converting ,Rewind 1,,,,,,,,,,0,0,Grand Total,,,0,0,,,,,
47,Thu,2026-11-19 00:00:00,Converting ,Rewind 1,,,,,,,,,,0,0,Grand Total,,,0,0,,,,,
47,Fri,2026-11-20 00:00:00,Converting ,Rewind 1,,,,,,,,,,0,0,Grand Total,,,0,0,,,,,
47,Sat,2026-11-21 00:00:00,Converting ,Rewind 1,,,,,,,,,,0,0,Grand Total,,,0,0,,,,,
47,Sun,2026-11-22 00:00:00,Converting ,Rewind 1,,,,,,,,,,0,0,Grand Total,,,0,0,,,,,
48,Mon,2026-11-23 00:00:00,Converting ,Rewind 1,,,,,,,,,,0,0,Grand Total,,,0,0,,,,,
48,Tue,2026-11-24 00:00:00,Converting ,Rewind 1,,,,,,,,,,0,0,Grand Total,,,0,0,,,,,
48,Wed,2026-11-25 00:00:00,Converting ,Rewind 1,,,,,,,,,,0,0,Grand Total,,,0,0,,,,,
48,Thu,2026-11-26 00:00:00,Converting ,Rewind 1,,,,,,,,,,0,0,Grand Total,,,0,0,,,,,
48,Fri,2026-11-27 00:00:00,Converting ,Rewind 1,,,,,,,,,,0,0,Grand Total,,,0,0,,,,,
48,Sat,2026-11-28 00:00:00,Converting ,Rewind 1,,,,,,,,,,0,0,Grand Total,,,0,0,,,,,
48,Sun,2026-11-29 00:00:00,Converting ,Rewind 1,,,,,,,,,,0,0,Grand Total,,,0,0,,,,,
49,Mon,2026-11-30 00:00:00,Converting ,Rewind 1,,,,,,,,,,0,0,Grand Total,,,0,0,,,,,
49,Tue,2026-12-01 00:00:00,Converting ,Rewind 1,,,,,,,,,,0,0,Grand Total,,,0,0,,,,,
49,Wed,2026-12-02 00:00:00,Converting ,Rewind 1,,,,,,,,,,0,0,Grand Total,,,0,0,,,,,
49,Thu,2026-12-03 00:00:00,Converting ,Rewind 1,,,,,,,,,,0,0,Grand Total,,,0,0,,,,,
49,Fri,2026-12-04 00:00:00,Converting ,Rewind 1,,,,,,,,,,0,0,Grand Total,,,0,0,,,,,
49,Sat,2026-12-05 00:00:00,Converting ,Rewind 1,,,,,,,,,,0,0,Grand Total,,,0,0,,,,,
49,Sun,2026-12-06 00:00:00,Converting ,Rewind 1,,,,,,,,,,0,0,Grand Total,,,0,0,,,,,
50,Mon,2026-12-07 00:00:00,Converting ,Rewind 1,,,,,,,,,,0,0,Grand Total,,,0,0,,,,,
50,Tue,2026-12-08 00:00:00,Converting ,Rewind 1,,,,,,,,,,0,0,Grand Total,,,0,0,,,,,
50,Wed,2026-12-09 00:00:00,Converting ,Rewind 1,,,,,,,,,,0,0,Grand Total,,,0,0,,,,,
50,Thu,2026-12-10 00:00:00,Converting ,Rewind 1,,,,,,,,,,0,0,Grand Total,,,0,0,,,,,
50,Fri,2026-12-11 00:00:00,Converting ,Rewind 1,,,,,,,,,,0,0,Grand Total,,,0,0,,,,,
50,Sat,2026-12-12 00:00:00,Converting ,Rewind 1,,,,,,,,,,0,0,Grand Total,,,0,0,,,,,
50,Sun,2026-12-13 00:00:00,Converting ,Rewind 1,,,,,,,,,,0,0,Grand Total,,,0,0,,,,,
51,Mon,2026-12-14 00:00:00,Converting ,Rewind 1,,,,,,,,,,0,0,Grand Total,,,0,0,,,,,
51,Tue,2026-12-15 00:00:00,Converting ,Rewind 1,,,,,,,,,,0,0,Grand Total,,,0,0,,,,,
51,Wed,2026-12-16 00:00:00,Converting ,Rewind 1,,,,,,,,,,0,0,Grand Total,,,0,0,,,,,
51,Thu,2026-12-17 00:00:00,Converting ,Rewind 1,,,,,,,,,,0,0,Grand Total,,,0,0,,,,,
51,Fri,2026-12-18 00:00:00,Converting ,Rewind 1,,,,,,,,,,0,0,Grand Total,,,0,0,,,,,
51,Sat,2026-12-19 00:00:00,Converting ,Rewind 1,,,,,,,,,,0,0,Grand Total,,,0,0,,,,,
51,Sun,2026-12-20 00:00:00,Converting ,Rewind 1,,,,,,,,,,0,0,Grand Total,,,0,0,,,,,
52,Mon,2026-12-21 00:00:00,Converting ,Rewind 1,,,,,,,,,,0,0,Grand Total,,,0,0,,,,,
52,Tue,2026-12-22 00:00:00,Converting ,Rewind 1,,,,,,,,,,0,0,Grand Total,,,0,0,,,,,
52,Wed,2026-12-23 00:00:00,Converting ,Rewind 1,,,,,,,,,,0,0,Grand Total,,,0,0,,,,,
52,Thu,2026-12-24 00:00:00,Converting ,Rewind 1,,,,,,,,,,0,0,Grand Total,,,0,0,,,,,
52,Fri,2026-12-25 00:00:00,Converting ,Rewind 1,,,,,,,,,,0,0,Grand Total,,,0,0,,,,,
52,Sat,2026-12-26 00:00:00,Converting ,Rewind 1,,,,,,,,,,0,0,Grand Total,,,0,0,,,,,
52,Sun,2026-12-27 00:00:00,Converting ,Rewind 1,,,,,,,,,,0,0,Grand Total,,,0,0,,,,,
53,Mon,2026-12-28 00:00:00,Converting ,Rewind 1,,,,,,,,,,0,0,Grand Total,,,0,0,,,,,
53,Tue,2026-12-29 00:00:00,Converting ,Rewind 1,,,,,,,,,,0,0,Grand Total,,,0,0,,,,,
53,Wed,2026-12-30 00:00:00,Converting ,Rewind 1,,,,,,,,,,0,0,Grand Total,,,0,0,,,,,
53,Thu,2026-12-31 00:00:00,Converting ,Rewind 1,,,,,,,,,,0,0,Grand Total,,,0,0,,,,,
1,Thu,2026-01-01 00:00:00,Converting ,Rewind 2,,,,,,,,,,0,0,Grand Total,,,0,0,,,,,
1,Fri,2026-01-02 00:00:00,Converting ,Rewind 2,,,,,,,,,,0,0,Grand Total,,,0,0,,,,,
1,Tue,2023-01-03 00:00:00,Converting ,Rewind 2,,,,,,,,,,0,0,Grand Total,,,0,0,,,,,
1,Sun,2026-01-04 00:00:00,Converting ,Rewind 2,,,,,,,,,,0,0,Grand Total,,,0,0,,,,,
2,Mon,2026-01-05 00:00:00,Converting ,Rewind 2,,,,,,,,,,0,0,Grand Total,,,0,0,,,,,
2,Tue,2026-01-06 00:00:00,Converting ,Rewind 2,,,,,,,,,,0,0,Grand Total,,,0,0,,,,,
2,Wed,2026-01-07 00:00:00,Converting ,Rewind 2,,,,,,,,,,0,0,Grand Total,,,0,0,,,,,
2,Thu,2026-01-08 00:00:00,Converting ,Rewind 2,,,,,,,,,,0,0,Grand Total,,,0,0,,,,,
2,Fri,2026-01-09 00:00:00,Converting ,Rewind 2,,,,,,,,,,0,0,Grand Total,,,0,0,,,,,
2,Sat,2026-01-10 00:00:00,Converting ,Rewind 2,,,,,,,,,,0,0,Grand Total,,,0,0,,,,,
2,Sun,2026-01-11 00:00:00,Converting ,Rewind 2,,,,,,,,,,0,0,Grand Total,,,0,0,,,,,
3,Mon,2026-01-12 00:00:00,Converting ,Rewind 2,,,,,,,,,,0,0,Grand Total,,,0,0,,,,,
3,Tue,2026-01-13 00:00:00,Converting ,Rewind 2,,,,,,,,,,0,0,Grand Total,,,0,0,,,,,
3,Wed,2026-01-14 00:00:00,Converting ,Rewind 2,,,,,,,,,,0,0,Grand Total,,,0,0,,,,,
3,Thu,2026-01-15 00:00:00,Converting ,Rewind 2,,,,,,,,,,0,0,Grand Total,,,0,0,,,,,
3,Fri,2026-01-16 00:00:00,Converting ,Rewind 2,,,,,,,,,,0,0,Grand Total,,,0,0,,,,,
3,Sat,2026-01-17 00:00:00,Converting ,Rewind 2,,,,,,,,,,0,0,Grand Total,,,0,0,,,,,
3,Sun,2026-01-18 00:00:00,Converting ,Rewind 2,,,,,,,,,,0,0,Grand Total,,,0,0,,,,,
4,Mon,2026-01-19 00:00:00,Converting ,Rewind 2,,,,,,,,,,0,0,Grand Total,,,0,0,,,,,
4,Tue,2026-01-20 00:00:00,Converting ,Rewind 2,,,,,,,,,,0,0,Grand Total,,,0,0,,,,,
4,Wed,2026-01-21 00:00:00,Converting ,Rewind 2,,,,,,,,,,0,0,Grand Total,,,0,0,,,,,
4,Thu,2026-01-22 00:00:00,Converting ,Rewind 2,,,,,,,,,,0,0,Grand Total,,,0,0,,,,,
4,Fri,2026-01-23 00:00:00,Converting ,Rewind 2,,,,,,,,,,0,0,Grand Total,,,0,0,,,,,
4,Sat,2026-01-24 00:00:00,Converting ,Rewind 2,,,,,,,,,,0,0,Grand Total,,,0,0,,,,,
4,Sun,2026-01-25 00:00:00,Converting ,Rewind 2,,,,,,,,,,0,0,Grand Total,,,0,0,,,,,
5,Mon,2026-01-26 00:00:00,Converting ,Rewind 2,,,,,,,,,,0,0,Grand Total,,,0,0,,,,,
5,Tue,2026-01-27 00:00:00,Converting ,Rewind 2,,,,,,,,,,0,0,Grand Total,,,0,0,,,,,
5,Wed,2026-01-28 00:00:00,Converting ,Rewind 2,,,,,,,,,,0,0,Grand Total,,,0,0,,,,,
5,Thu,2026-01-29 00:00:00,Converting ,Rewind 2,,,,,,,,,,0,0,Grand Total,,,0,0,,,,,
5,Fri,2026-01-30 00:00:00,Converting ,Rewind 2,,,,,,,,,,0,0,Grand Total,,,0,0,,,,,
5,Sat,2026-01-31 00:00:00,Converting ,Rewind 2,,,,,,,,,,0,0,Grand Total,,,0,0,,,,,
5,Sun,2026-02-01 00:00:00,Converting ,Rewind 2,,,,,,,,,,0,0,Grand Total,,,0,0,,,,,
6,Mon,2026-02-02 00:00:00,Converting ,Rewind 2,,,,,,,,,,0,0,Grand Total,,,0,0,,,,,
6,Tue,2026-02-03 00:00:00,Converting ,Rewind 2,,,,,,,,,,0,0,Grand Total,,,0,0,,,,,
6,Wed,2026-02-04 00:00:00,Converting ,Rewind 2,,,,,,,,,,0,0,Grand Total,,,0,0,,,,,
6,Thu,2026-02-05 00:00:00,Converting ,Rewind 2,,,,,,,,,,0,0,Grand Total,,,0,0,,,,,
6,Fri,2026-02-06 00:00:00,Converting ,Rewind 2,,,,,,,,,,0,0,Grand Total,,,0,0,,,,,
6,Sat,2026-02-07 00:00:00,Converting ,Rewind 2,,,,,,,,,,0,0,Grand Total,,,0,0,,,,,
6,Sun,2026-02-08 00:00:00,Converting ,Rewind 2,,,,,,,,,,0,0,Grand Total,,,0,0,,,,,
7,Mon,2026-02-09 00:00:00,Converting ,Rewind 2,,,,,,,,,,0,0,Grand Total,,,0,0,,,,,
7,Tue,2026-02-10 00:00:00,Converting ,Rewind 2,,,,,,,,,,0,0,Grand Total,,,0,0,,,,,
7,Wed,2026-02-11 00:00:00,Converting ,Rewind 2,,,,,,,,,,0,0,Grand Total,,,0,0,,,,,
7,Thu,2026-02-12 00:00:00,Converting ,Rewind 2,,,,,,,,,,0,0,Grand Total,,,0,0,,,,,
7,Fri,2026-02-13 00:00:00,Converting ,Rewind 2,,,,,,,,,,0,0,Grand Total,,,0,0,,,,,
7,Sat,2026-02-14 00:00:00,Converting ,Rewind 2,,,,,,,,,,0,0,Grand Total,,,0,0,,,,,
7,Sun,2026-02-15 00:00:00,Converting ,Rewind 2,,,,,,,,,,0,0,Grand Total,,,0,0,,,,,
8,Mon,2026-02-16 00:00:00,Converting ,Rewind 2,,,,,,,,,,0,0,Grand Total,,,0,0,,,,,
8,Tue,2026-02-17 00:00:00,Converting ,Rewind 2,,,,,,,,,,0,0,Grand Total,,,0,0,,,,,
8,Wed,2026-02-18 00:00:00,Converting ,Rewind 2,,,,,,,,,,0,0,Grand Total,,,0,0,,,,,
8,Thu,2026-02-19 00:00:00,Converting ,Rewind 2,,,,,,,,,,0,0,Grand Total,,,0,0,,,,,
8,Fri,2026-02-20 00:00:00,Converting ,Rewind 2,,,,,,,,,,0,0,Grand Total,,,0,0,,,,,
8,Sat,2026-02-21 00:00:00,Converting ,Rewind 2,,,,,,,,,,0,0,Grand Total,,,0,0,,,,,
8,Sun,2026-02-22 00:00:00,Converting ,Rewind 2,,,,,,,,,,0,0,Grand Total,,,0,0,,,,,
9,Mon,2026-02-23 00:00:00,Converting ,Rewind 2,,,,,,,,,,0,0,Grand Total,,,0,0,,,,,
9,Tue,2026-02-24 00:00:00,Converting ,Rewind 2,,,,,,,,,,0,0,Grand Total,,,0,0,,,,,
9,Wed,2026-02-25 00:00:00,Converting ,Rewind 2,,,,,,,,,,0,0,Grand Total,,,0,0,,,,,
9,Thu,2026-02-26 00:00:00,Converting ,Rewind 2,,,,,,,,,,0,0,Grand Total,,,0,0,,,,,
9,Fri,2026-02-27 00:00:00,Converting ,Rewind 2,,,,,,,,,,0,0,Grand Total,,,0,0,,,,,
9,Sat,2026-02-28 00:00:00,Converting ,Rewind 2,,,,,,,,,,0,0,Grand Total,,,0,0,,,,,
9,Sun,2026-03-01 00:00:00,Converting ,Rewind 2,,,,,,,,,,0,0,Grand Total,,,0,0,,,,,
10,Mon,2026-03-02 00:00:00,Converting ,Rewind 2,,,,,,,,,,0,0,Grand Total,,,0,0,,,,,
10,Tue,2026-03-03 00:00:00,Converting ,Rewind 2,,,,,,,,,,0,0,Grand Total,,,0,0,,,,,
10,Wed,2026-03-04 00:00:00,Converting ,Rewind 2,,,,,,,,,,0,0,Grand Total,,,0,0,,,,,
10,Thu,2026-03-05 00:00:00,Converting ,Rewind 2,,,,,,,,,,0,0,Grand Total,,,0,0,,,,,
10,Fri,2026-03-06 00:00:00,Converting ,Rewind 2,,,,,,,,,,0,0,Grand Total,,,0,0,,,,,
10,Sat,2026-03-07 00:00:00,Converting ,Rewind 2,,,,,,,,,,0,0,Grand Total,,,0,0,,,,,
10,Sun,2026-03-08 00:00:00,Converting ,Rewind 2,,,,,,,,,,0,0,Grand Total,,,0,0,,,,,
11,Mon,2026-03-09 00:00:00,Converting ,Rewind 2,,,,,,,,,,0,0,Grand Total,,,0,0,,,,,
11,Tue,2026-03-10 00:00:00,Converting ,Rewind 2,,,,,,,,,,0,0,Grand Total,,,0,0,,,,,
11,Wed,2026-03-11 00:00:00,Converting ,Rewind 2,,,,,,,,,,0,0,Grand Total,,,0,0,,,,,
11,Thu,2026-03-12 00:00:00,Converting ,Rewind 2,,,,,,,,,,0,0,Grand Total,,,0,0,,,,,
11,Fri,2026-03-13 00:00:00,Converting ,Rewind 2,,,,,,,,,,0,0,Grand Total,,,0,0,,,,,
11,Sat,2026-03-14 00:00:00,Converting ,Rewind 2,,,,,,,,,,0,0,Grand Total,,,0,0,,,,,
11,Sun,2026-03-15 00:00:00,Converting ,Rewind 2,,,,,,,,,,0,0,Grand Total,,,0,0,,,,,
12,Mon,2026-03-16 00:00:00,Converting ,Rewind 2,,,,,,,,,,0,0,Grand Total,,,0,0,,,,,
12,Tue,2026-03-17 00:00:00,Converting ,Rewind 2,,,,,,,,,,0,0,Grand Total,,,0,0,,,,,
12,Wed,2026-03-18 00:00:00,Converting ,Rewind 2,,,,,,,,,,0,0,Grand Total,,,0,0,,,,,
12,Thu,2026-03-19 00:00:00,Converting ,Rewind 2,,,,,,,,,,0,0,Grand Total,,,0,0,,,,,
12,Fri,2026-03-20 00:00:00,Converting ,Rewind 2,,,,,,,,,,0,0,Grand Total,,,0,0,,,,,
12,Sat,2026-03-21 00:00:00,Converting ,Rewind 2,,,,,,,,,,0,0,Grand Total,,,0,0,,,,,
12,Sun,2026-03-22 00:00:00,Converting ,Rewind 2,,,,,,,,,,0,0,Grand Total,,,0,0,,,,,
13,Mon,2026-03-23 00:00:00,Converting ,Rewind 2,,,,,,,,,,0,0,Grand Total,,,0,0,,,,,
13,Tue,2026-03-24 00:00:00,Converting ,Rewind 2,,,,,,,,,,0,0,Grand Total,,,0,0,,,,,
13,Wed,2026-03-25 00:00:00,Converting ,Rewind 2,,,,,,,,,,0,0,Grand Total,,,0,0,,,,,
13,Thu,2026-03-26 00:00:00,Converting ,Rewind 2,,,,,,,,,,0,0,Grand Total,,,0,0,,,,,
13,Fri,2026-03-27 00:00:00,Converting ,Rewind 2,,,,,,,,,,0,0,Grand Total,,,0,0,,,,,
13,Sat,2026-03-28 00:00:00,Converting ,Rewind 2,,,,,,,,,,0,0,Grand Total,,,0,0,,,,,
13,Sun,2026-03-29 00:00:00,Converting ,Rewind 2,,,,,,,,,,0,0,Grand Total,,,0,0,,,,,
14,Mon,2026-03-30 00:00:00,Converting ,Rewind 2,,,,,,,,,,0,0,Grand Total,,,0,0,,,,,
14,Tue,2026-03-31 00:00:00,Converting ,Rewind 2,,,,,,,,,,0,0,Grand Total,,,0,0,,,,,
14,Wed,2026-04-01 00:00:00,Converting ,Rewind 2,,,,,,,,,,0,0,Grand Total,,,0,0,,,,,
14,Thu,2026-04-02 00:00:00,Converting ,Rewind 2,,,,,,,,,,0,0,Grand Total,,,0,0,,,,,
14,Fri,2026-04-03 00:00:00,Converting ,Rewind 2,,,,,,,,,,0,0,Grand Total,,,0,0,,,,,
14,Sat,2026-04-04 00:00:00,Converting ,Rewind 2,,,,,,,,,,0,0,Grand Total,,,0,0,,,,,
14,Sun,2026-04-05 00:00:00,Converting ,Rewind 2,,,,,,,,,,0,0,Grand Total,,,0,0,,,,,
15,Mon,2026-04-06 00:00:00,Converting ,Rewind 2,,,,,,,,,,0,0,Grand Total,,,0,0,,,,,
15,Tue,2026-04-07 00:00:00,Converting ,Rewind 2,,,,,,,,,,0,0,Grand Total,,,0,0,,,,,
15,Wed,2026-04-08 00:00:00,Converting ,Rewind 2,,,,,,,,,,0,0,Grand Total,,,0,0,,,,,
15,Thu,2026-04-09 00:00:00,Converting ,Rewind 2,,,,,,,,,,0,0,Grand Total,,,0,0,,,,,
15,Fri,2026-04-10 00:00:00,Converting ,Rewind 2,,,,,,,,,,0,0,Grand Total,,,0,0,,,,,
15,Sat,2026-04-11 00:00:00,Converting ,Rewind 2,,,,,,,,,,0,0,Grand Total,,,0,0,,,,,
15,Sun,2026-04-12 00:00:00,Converting ,Rewind 2,,,,,,,,,,0,0,Grand Total,,,0,0,,,,,
16,Mon,2026-04-13 00:00:00,Converting ,Rewind 2,,,,,,,,,,0,0,Grand Total,,,0,0,,,,,
16,Tue,2026-04-14 00:00:00,Converting ,Rewind 2,,,,,,,,,,0,0,Grand Total,,,0,0,,,,,
16,Wed,2026-04-15 00:00:00,Converting ,Rewind 2,,,,,,,,,,0,0,Grand Total,,,0,0,,,,,
16,Thu,2026-04-16 00:00:00,Converting ,Rewind 2,,,,,,,,,,0,0,Grand Total,,,0,0,,,,,
16,Fri,2026-04-17 00:00:00,Converting ,Rewind 2,,,,,,,,,,0,0,Grand Total,,,0,0,,,,,
16,Sat,2026-04-18 00:00:00,Converting ,Rewind 2,,,,,,,,,,0,0,Grand Total,,,0,0,,,,,
16,Sun,2026-04-19 00:00:00,Converting ,Rewind 2,,,,,,,,,,0,0,Grand Total,,,0,0,,,,,
17,Mon,2026-04-20 00:00:00,Converting ,Rewind 2,,,,,,,,,,0,0,Grand Total,,,0,0,,,,,
17,Tue,2026-04-21 00:00:00,Converting ,Rewind 2,,,,,,,,,,0,0,Grand Total,,,0,0,,,,,
17,Wed,2026-04-22 00:00:00,Converting ,Rewind 2,,,,,,,,,,0,0,Grand Total,,,0,0,,,,,
17,Thu,2026-04-23 00:00:00,Converting ,Rewind 2,,,,,,,,,,0,0,Grand Total,,,0,0,,,,,
17,Fri,2026-04-24 00:00:00,Converting ,Rewind 2,,,,,,,,,,0,0,Grand Total,,,0,0,,,,,
17,Sat,2026-04-25 00:00:00,Converting ,Rewind 2,,,,,,,,,,0,0,Grand Total,,,0,0,,,,,
17,Sun,2026-04-26 00:00:00,Converting ,Rewind 2,,,,,,,,,,0,0,Grand Total,,,0,0,,,,,
18,Mon,2026-04-27 00:00:00,Converting ,Rewind 2,,,,,,,,,,0,0,Grand Total,,,0,0,,,,,
18,Tue,2026-04-28 00:00:00,Converting ,Rewind 2,,,,,,,,,,0,0,Grand Total,,,0,0,,,,,
18,Wed,2026-04-29 00:00:00,Converting ,Rewind 2,,,,,,,,,,0,0,Grand Total,,,0,0,,,,,
18,Thu,2026-04-30 00:00:00,Converting ,Rewind 2,,,,,,,,,,0,0,Grand Total,,,0,0,,,,,
18,Fri,2026-05-01 00:00:00,Converting ,Rewind 2,,,,,,,,,,0,0,Grand Total,,,0,0,,,,,
18,Sat,2026-05-02 00:00:00,Converting ,Rewind 2,,,,,,,,,,0,0,Grand Total,,,0,0,,,,,
18,Sun,2026-05-03 00:00:00,Converting ,Rewind 2,,,,,,,,,,0,0,Grand Total,,,0,0,,,,,
19,Mon,2026-05-04 00:00:00,Converting ,Rewind 2,,,,,,,,,,0,0,Grand Total,,,0,0,,,,,
19,Tue,2026-05-05 00:00:00,Converting ,Rewind 2,,,,,,,,,,0,0,Grand Total,,,0,0,,,,,
19,Wed,2026-05-06 00:00:00,Converting ,Rewind 2,,,,,,,,,,0,0,Grand Total,,,0,0,,,,,
19,Thu,2026-05-07 00:00:00,Converting ,Rewind 2,,,,,,,,,,0,0,Grand Total,,,0,0,,,,,
19,Fri,2026-05-08 00:00:00,Converting ,Rewind 2,,,,,,,,,,0,0,Grand Total,,,0,0,,,,,
19,Sat,2026-05-09 00:00:00,Converting ,Rewind 2,,,,,,,,,,0,0,Grand Total,,,0,0,,,,,
19,Sun,2026-05-10 00:00:00,Converting ,Rewind 2,,,,,,,,,,0,0,Grand Total,,,0,0,,,,,
20,Mon,2026-05-11 00:00:00,Converting ,Rewind 2,,,,,,,,,,0,0,Grand Total,,,0,0,,,,,
20,Tue,2026-05-12 00:00:00,Converting ,Rewind 2,,,,,,,,,,0,0,Grand Total,,,0,0,,,,,
20,Wed,2026-05-13 00:00:00,Converting ,Rewind 2,,,,,,,,,,0,0,Grand Total,,,0,0,,,,,
20,Thu,2026-05-14 00:00:00,Converting ,Rewind 2,,,,,,,,,,0,0,Grand Total,,,0,0,,,,,
20,Fri,2026-05-15 00:00:00,Converting ,Rewind 2,,,,,,,,,,0,0,Grand Total,,,0,0,,,,,
20,Sat,2026-05-16 00:00:00,Converting ,Rewind 2,,,,,,,,,,0,0,Grand Total,,,0,0,,,,,
20,Sun,2026-05-17 00:00:00,Converting ,Rewind 2,,,,,,,,,,0,0,Grand Total,,,0,0,,,,,
21,Mon,2026-05-18 00:00:00,Converting ,Rewind 2,,,,,,,,,,0,0,Grand Total,,,0,0,,,,,
21,Tue,2026-05-19 00:00:00,Converting ,Rewind 2,,,,,,,,,,0,0,Grand Total,,,0,0,,,,,
21,Wed,2026-05-20 00:00:00,Converting ,Rewind 2,,,,,,,,,,0,0,Grand Total,,,0,0,,,,,
21,Thu,2026-05-21 00:00:00,Converting ,Rewind 2,,,,,,,,,,0,0,Grand Total,,,0,0,,,,,
21,Fri,2026-05-22 00:00:00,Converting ,Rewind 2,,,,,,,,,,0,0,Grand Total,,,0,0,,,,,
21,Sat,2026-05-23 00:00:00,Converting ,Rewind 2,,,,,,,,,,0,0,Grand Total,,,0,0,,,,,
21,Sun,2026-05-24 00:00:00,Converting ,Rewind 2,,,,,,,,,,0,0,Grand Total,,,0,0,,,,,
22,Mon,2026-05-25 00:00:00,Converting ,Rewind 2,,,,,,,,,,0,0,Grand Total,,,0,0,,,,,
22,Tue,2026-05-26 00:00:00,Converting ,Rewind 2,,,,,,,,,,0,0,Grand Total,,,0,0,,,,,
22,Wed,2026-05-27 00:00:00,Converting ,Rewind 2,,,,,,,,,,0,0,Grand Total,,,0,0,,,,,
22,Thu,2026-05-28 00:00:00,Converting ,Rewind 2,,,,,,,,,,0,0,Grand Total,,,0,0,,,,,
22,Fri,2026-05-29 00:00:00,Converting ,Rewind 2,,,,,,,,,,0,0,Grand Total,,,0,0,,,,,
22,Sat,2026-05-30 00:00:00,Converting ,Rewind 2,,,,,,,,,,0,0,Grand Total,,,0,0,,,,,
22,Sun,2026-05-31 00:00:00,Converting ,Rewind 2,,,,,,,,,,0,0,Grand Total,,,0,0,,,,,
23,Mon,2026-06-01 00:00:00,Converting ,Rewind 2,,,,,,,,,,0,0,Grand Total,,,0,0,,,,,
23,Tue,2026-06-02 00:00:00,Converting ,Rewind 2,,,,,,,,,,0,0,Grand Total,,,0,0,,,,,
23,Wed,2026-06-03 00:00:00,Converting ,Rewind 2,,,,,,,,,,0,0,Grand Total,,,0,0,,,,,
23,Thu,2026-06-04 00:00:00,Converting ,Rewind 2,,,,,,,,,,0,0,Grand Total,,,0,0,,,,,
23,Fri,2026-06-05 00:00:00,Converting ,Rewind 2,,,,,,,,,,0,0,Grand Total,,,0,0,,,,,
23,Sat,2026-06-06 00:00:00,Converting ,Rewind 2,,,,,,,,,,0,0,Grand Total,,,0,0,,,,,
23,Sun,2026-06-07 00:00:00,Converting ,Rewind 2,,,,,,,,,,0,0,Grand Total,,,0,0,,,,,
24,Mon,2026-06-08 00:00:00,Converting ,Rewind 2,,,,,,,,,,0,0,Grand Total,,,0,0,,,,,
24,Tue,2026-06-09 00:00:00,Converting ,Rewind 2,,,,,,,,,,0,0,Grand Total,,,0,0,,,,,
24,Wed,2026-06-10 00:00:00,Converting ,Rewind 2,,,,,,,,,,0,0,Grand Total,,,0,0,,,,,
24,Thu,2026-06-11 00:00:00,Converting ,Rewind 2,,,,,,,,,,0,0,Grand Total,,,0,0,,,,,
24,Fri,2026-06-12 00:00:00,Converting ,Rewind 2,,,,,,,,,,0,0,Grand Total,,,0,0,,,,,
24,Sat,2026-06-13 00:00:00,Converting ,Rewind 2,,,,,,,,,,0,0,Grand Total,,,0,0,,,,,
24,Sun,2026-06-14 00:00:00,Converting ,Rewind 2,,,,,,,,,,0,0,Grand Total,,,0,0,,,,,
25,Mon,2026-06-15 00:00:00,Converting ,Rewind 2,,,,,,,,,,0,0,Grand Total,,,0,0,,,,,
25,Tue,2026-06-16 00:00:00,Converting ,Rewind 2,,,,,,,,,,0,0,Grand Total,,,0,0,,,,,
25,Wed,2026-06-17 00:00:00,Converting ,Rewind 2,,,,,,,,,,0,0,Grand Total,,,0,0,,,,,
25,Thu,2026-06-18 00:00:00,Converting ,Rewind 2,,,,,,,,,,0,0,Grand Total,,,0,0,,,,,
25,Fri,2026-06-19 00:00:00,Converting ,Rewind 2,,,,,,,,,,0,0,Grand Total,,,0,0,,,,,
25,Sat,2026-06-20 00:00:00,Converting ,Rewind 2,,,,,,,,,,0,0,Grand Total,,,0,0,,,,,
25,Sun,2026-06-21 00:00:00,Converting ,Rewind 2,,,,,,,,,,0,0,Grand Total,,,0,0,,,,,
26,Mon,2026-06-22 00:00:00,Converting ,Rewind 2,,,,,,,,,,0,0,Grand Total,,,0,0,,,,,
26,Tue,2026-06-23 00:00:00,Converting ,Rewind 2,,,,,,,,,,0,0,Grand Total,,,0,0,,,,,
26,Wed,2026-06-24 00:00:00,Converting ,Rewind 2,,,,,,,,,,0,0,Grand Total,,,0,0,,,,,
26,Thu,2026-06-25 00:00:00,Converting ,Rewind 2,,,,,,,,,,0,0,Grand Total,,,0,0,,,,,
26,Fri,2026-06-26 00:00:00,Converting ,Rewind 2,,,,,,,,,,0,0,Grand Total,,,0,0,,,,,
26,Sat,2026-06-27 00:00:00,Converting ,Rewind 2,,,,,,,,,,0,0,Grand Total,,,0,0,,,,,
26,Sun,2026-06-28 00:00:00,Converting ,Rewind 2,,,,,,,,,,0,0,Grand Total,,,0,0,,,,,
27,Mon,2026-06-29 00:00:00,Converting ,Rewind 2,,,,,,,,,,0,0,Grand Total,,,0,0,,,,,
27,Tue,2026-06-30 00:00:00,Converting ,Rewind 2,,,,,,,,,,0,0,Grand Total,,,0,0,,,,,
27,Wed,2026-07-01 00:00:00,Converting ,Rewind 2,,,,,,,,,,0,0,Grand Total,,,0,0,,,,,
27,Thu,2026-07-02 00:00:00,Converting ,Rewind 2,,,,,,,,,,0,0,Grand Total,,,0,0,,,,,
27,Fri,2026-07-03 00:00:00,Converting ,Rewind 2,,,,,,,,,,0,0,Grand Total,,,0,0,,,,,
27,Sat,2026-07-04 00:00:00,Converting ,Rewind 2,,,,,,,,,,0,0,Grand Total,,,0,0,,,,,
27,Sun,2026-07-05 00:00:00,Converting ,Rewind 2,,,,,,,,,,0,0,Grand Total,,,0,0,,,,,
28,Mon,2026-07-06 00:00:00,Converting ,Rewind 2,,,,,,,,,,0,0,Grand Total,,,0,0,,,,,
28,Tue,2026-07-07 00:00:00,Converting ,Rewind 2,,,,,,,,,,0,0,Grand Total,,,0,0,,,,,
28,Wed,2026-07-08 00:00:00,Converting ,Rewind 2,,,,,,,,,,0,0,Grand Total,,,0,0,,,,,
28,Thu,2026-07-09 00:00:00,Converting ,Rewind 2,,,,,,,,,,0,0,Grand Total,,,0,0,,,,,
28,Fri,2026-07-10 00:00:00,Converting ,Rewind 2,,,,,,,,,,0,0,Grand Total,,,0,0,,,,,
28,Sat,2026-07-11 00:00:00,Converting ,Rewind 2,,,,,,,,,,0,0,Grand Total,,,0,0,,,,,
28,Sun,2026-07-12 00:00:00,Converting ,Rewind 2,,,,,,,,,,0,0,Grand Total,,,0,0,,,,,
29,Mon,2026-07-13 00:00:00,Converting ,Rewind 2,,,,,,,,,,0,0,Grand Total,,,0,0,,,,,
29,Tue,2026-07-14 00:00:00,Converting ,Rewind 2,,,,,,,,,,0,0,Grand Total,,,0,0,,,,,
29,Wed,2026-07-15 00:00:00,Converting ,Rewind 2,,,,,,,,,,0,0,Grand Total,,,0,0,,,,,
29,Thu,2026-07-16 00:00:00,Converting ,Rewind 2,,,,,,,,,,0,0,Grand Total,,,0,0,,,,,
29,Fri,2026-07-17 00:00:00,Converting ,Rewind 2,,,,,,,,,,0,0,Grand Total,,,0,0,,,,,
29,Sat,2026-07-18 00:00:00,Converting ,Rewind 2,,,,,,,,,,0,0,Grand Total,,,0,0,,,,,
29,Sun,2026-07-19 00:00:00,Converting ,Rewind 2,,,,,,,,,,0,0,Grand Total,,,0,0,,,,,
30,Mon,2026-07-20 00:00:00,Converting ,Rewind 2,,,,,,,,,,0,0,Grand Total,,,0,0,,,,,
30,Tue,2026-07-21 00:00:00,Converting ,Rewind 2,,,,,,,,,,0,0,Grand Total,,,0,0,,,,,
30,Wed,2026-07-22 00:00:00,Converting ,Rewind 2,,,,,,,,,,0,0,Grand Total,,,0,0,,,,,
30,Thu,2026-07-23 00:00:00,Converting ,Rewind 2,,,,,,,,,,0,0,Grand Total,,,0,0,,,,,
30,Fri,2026-07-24 00:00:00,Converting ,Rewind 2,,,,,,,,,,0,0,Grand Total,,,0,0,,,,,
30,Sat,2026-07-25 00:00:00,Converting ,Rewind 2,,,,,,,,,,0,0,Grand Total,,,0,0,,,,,
30,Sun,2026-07-26 00:00:00,Converting ,Rewind 2,,,,,,,,,,0,0,Grand Total,,,0,0,,,,,
31,Mon,2026-07-27 00:00:00,Converting ,Rewind 2,,,,,,,,,,0,0,Grand Total,,,0,0,,,,,
31,Tue,2026-07-28 00:00:00,Converting ,Rewind 2,,,,,,,,,,0,0,Grand Total,,,0,0,,,,,
31,Wed,2026-07-29 00:00:00,Converting ,Rewind 2,,,,,,,,,,0,0,Grand Total,,,0,0,,,,,
31,Thu,2026-07-30 00:00:00,Converting ,Rewind 2,,,,,,,,,,0,0,Grand Total,,,0,0,,,,,
31,Fri,2026-07-31 00:00:00,Converting ,Rewind 2,,,,,,,,,,0,0,Grand Total,,,0,0,,,,,
31,Sat,2026-08-01 00:00:00,Converting ,Rewind 2,,,,,,,,,,0,0,Grand Total,,,0,0,,,,,
31,Sun,2026-08-02 00:00:00,Converting ,Rewind 2,,,,,,,,,,0,0,Grand Total,,,0,0,,,,,
32,Mon,2026-08-03 00:00:00,Converting ,Rewind 2,,,,,,,,,,0,0,Grand Total,,,0,0,,,,,
32,Tue,2026-08-04 00:00:00,Converting ,Rewind 2,,,,,,,,,,0,0,Grand Total,,,0,0,,,,,
32,Wed,2026-08-05 00:00:00,Converting ,Rewind 2,,,,,,,,,,0,0,Grand Total,,,0,0,,,,,
32,Thu,2026-08-06 00:00:00,Converting ,Rewind 2,,,,,,,,,,0,0,Grand Total,,,0,0,,,,,
32,Fri,2026-08-07 00:00:00,Converting ,Rewind 2,,,,,,,,,,0,0,Grand Total,,,0,0,,,,,
32,Sat,2026-08-08 00:00:00,Converting ,Rewind 2,,,,,,,,,,0,0,Grand Total,,,0,0,,,,,
32,Sun,2026-08-09 00:00:00,Converting ,Rewind 2,,,,,,,,,,0,0,Grand Total,,,0,0,,,,,
33,Mon,2026-08-10 00:00:00,Converting ,Rewind 2,,,,,,,,,,0,0,Grand Total,,,0,0,,,,,
33,Tue,2026-08-11 00:00:00,Converting ,Rewind 2,,,,,,,,,,0,0,Grand Total,,,0,0,,,,,
33,Wed,2026-08-12 00:00:00,Converting ,Rewind 2,,,,,,,,,,0,0,Grand Total,,,0,0,,,,,
33,Thu,2026-08-13 00:00:00,Converting ,Rewind 2,,,,,,,,,,0,0,Grand Total,,,0,0,,,,,
33,Fri,2026-08-14 00:00:00,Converting ,Rewind 2,,,,,,,,,,0,0,Grand Total,,,0,0,,,,,
33,Sat,2026-08-15 00:00:00,Converting ,Rewind 2,,,,,,,,,,0,0,Grand Total,,,0,0,,,,,
33,Sun,2026-08-16 00:00:00,Converting ,Rewind 2,,,,,,,,,,0,0,Grand Total,,,0,0,,,,,
34,Mon,2026-08-17 00:00:00,Converting ,Rewind 2,,,,,,,,,,0,0,Grand Total,,,0,0,,,,,
34,Tue,2026-08-18 00:00:00,Converting ,Rewind 2,,,,,,,,,,0,0,Grand Total,,,0,0,,,,,
34,Wed,2026-08-19 00:00:00,Converting ,Rewind 2,,,,,,,,,,0,0,Grand Total,,,0,0,,,,,
34,Thu,2026-08-20 00:00:00,Converting ,Rewind 2,,,,,,,,,,0,0,Grand Total,,,0,0,,,,,
34,Fri,2026-08-21 00:00:00,Converting ,Rewind 2,,,,,,,,,,0,0,Grand Total,,,0,0,,,,,
34,Sat,2026-08-22 00:00:00,Converting ,Rewind 2,,,,,,,,,,0,0,Grand Total,,,0,0,,,,,
34,Sun,2026-08-23 00:00:00,Converting ,Rewind 2,,,,,,,,,,0,0,Grand Total,,,0,0,,,,,
35,Mon,2026-08-24 00:00:00,Converting ,Rewind 2,,,,,,,,,,0,0,Grand Total,,,0,0,,,,,
35,Tue,2026-08-25 00:00:00,Converting ,Rewind 2,,,,,,,,,,0,0,Grand Total,,,0,0,,,,,
35,Wed,2026-08-26 00:00:00,Converting ,Rewind 2,,,,,,,,,,0,0,Grand Total,,,0,0,,,,,
35,Thu,2026-08-27 00:00:00,Converting ,Rewind 2,,,,,,,,,,0,0,Grand Total,,,0,0,,,,,
35,Fri,2026-08-28 00:00:00,Converting ,Rewind 2,,,,,,,,,,0,0,Grand Total,,,0,0,,,,,
35,Sat,2026-08-29 00:00:00,Converting ,Rewind 2,,,,,,,,,,0,0,Grand Total,,,0,0,,,,,
35,Sun,2026-08-30 00:00:00,Converting ,Rewind 2,,,,,,,,,,0,0,Grand Total,,,0,0,,,,,
36,Mon,2026-08-31 00:00:00,Converting ,Rewind 2,,,,,,,,,,0,0,Grand Total,,,0,0,,,,,
36,Tue,2026-09-01 00:00:00,Converting ,Rewind 2,,,,,,,,,,0,0,Grand Total,,,0,0,,,,,
36,Wed,2026-09-02 00:00:00,Converting ,Rewind 2,,,,,,,,,,0,0,Grand Total,,,0,0,,,,,
36,Thu,2026-09-03 00:00:00,Converting ,Rewind 2,,,,,,,,,,0,0,Grand Total,,,0,0,,,,,
36,Fri,2026-09-04 00:00:00,Converting ,Rewind 2,,,,,,,,,,0,0,Grand Total,,,0,0,,,,,
36,Sat,2026-09-05 00:00:00,Converting ,Rewind 2,,,,,,,,,,0,0,Grand Total,,,0,0,,,,,
36,Sun,2026-09-06 00:00:00,Converting ,Rewind 2,,,,,,,,,,0,0,Grand Total,,,0,0,,,,,
37,Mon,2026-09-07 00:00:00,Converting ,Rewind 2,,,,,,,,,,0,0,Grand Total,,,0,0,,,,,
37,Tue,2026-09-08 00:00:00,Converting ,Rewind 2,,,,,,,,,,0,0,Grand Total,,,0,0,,,,,
37,Wed,2026-09-09 00:00:00,Converting ,Rewind 2,,,,,,,,,,0,0,Grand Total,,,0,0,,,,,
37,Thu,2026-09-10 00:00:00,Converting ,Rewind 2,,,,,,,,,,0,0,Grand Total,,,0,0,,,,,
37,Fri,2026-09-11 00:00:00,Converting ,Rewind 2,,,,,,,,,,0,0,Grand Total,,,0,0,,,,,
37,Sat,2026-09-12 00:00:00,Converting ,Rewind 2,,,,,,,,,,0,0,Grand Total,,,0,0,,,,,
37,Sun,2026-09-13 00:00:00,Converting ,Rewind 2,,,,,,,,,,0,0,Grand Total,,,0,0,,,,,
38,Mon,2026-09-14 00:00:00,Converting ,Rewind 2,,,,,,,,,,0,0,Grand Total,,,0,0,,,,,
38,Tue,2026-09-15 00:00:00,Converting ,Rewind 2,,,,,,,,,,0,0,Grand Total,,,0,0,,,,,
38,Wed,2026-09-16 00:00:00,Converting ,Rewind 2,,,,,,,,,,0,0,Grand Total,,,0,0,,,,,
38,Thu,2026-09-17 00:00:00,Converting ,Rewind 2,,,,,,,,,,0,0,Grand Total,,,0,0,,,,,
38,Fri,2026-09-18 00:00:00,Converting ,Rewind 2,,,,,,,,,,0,0,Grand Total,,,0,0,,,,,
38,Sat,2026-09-19 00:00:00,Converting ,Rewind 2,,,,,,,,,,0,0,Grand Total,,,0,0,,,,,
38,Sun,2026-09-20 00:00:00,Converting ,Rewind 2,,,,,,,,,,0,0,Grand Total,,,0,0,,,,,
39,Mon,2026-09-21 00:00:00,Converting ,Rewind 2,,,,,,,,,,0,0,Grand Total,,,0,0,,,,,
39,Tue,2026-09-22 00:00:00,Converting ,Rewind 2,,,,,,,,,,0,0,Grand Total,,,0,0,,,,,
39,Thu,2026-09-24 00:00:00,Converting ,Rewind 2,,,,,,,,,,0,0,Grand Total,,,0,0,,,,,
39,Fri,2026-09-25 00:00:00,Converting ,Rewind 2,,,,,,,,,,0,0,Grand Total,,,0,0,,,,,
39,Sat,2026-09-26 00:00:00,Converting ,Rewind 2,,,,,,,,,,0,0,Grand Total,,,0,0,,,,,
39,Sun,2026-09-27 00:00:00,Converting ,Rewind 2,,,,,,,,,,0,0,Grand Total,,,0,0,,,,,
40,Mon,2026-09-28 00:00:00,Converting ,Rewind 2,,,,,,,,,,0,0,Grand Total,,,0,0,,,,,
40,Tue,2026-09-29 00:00:00,Converting ,Rewind 2,,,,,,,,,,0,0,Grand Total,,,0,0,,,,,
40,Wed,2026-09-30 00:00:00,Converting ,Rewind 2,,,,,,,,,,0,0,Grand Total,,,0,0,,,,,
40,Thu,2026-10-01 00:00:00,Converting ,Rewind 2,,,,,,,,,,0,0,Grand Total,,,0,0,,,,,
40,Fri,2026-10-02 00:00:00,Converting ,Rewind 2,,,,,,,,,,0,0,Grand Total,,,0,0,,,,,
40,Sat,2026-10-03 00:00:00,Converting ,Rewind 2,,,,,,,,,,0,0,Grand Total,,,0,0,,,,,
40,Sun,2026-10-04 00:00:00,Converting ,Rewind 2,,,,,,,,,,0,0,Grand Total,,,0,0,,,,,
41,Mon,2026-10-05 00:00:00,Converting ,Rewind 2,,,,,,,,,,0,0,Grand Total,,,0,0,,,,,
41,Tue,2026-10-06 00:00:00,Converting ,Rewind 2,,,,,,,,,,0,0,Grand Total,,,0,0,,,,,
41,Wed,2026-10-07 00:00:00,Converting ,Rewind 2,,,,,,,,,,0,0,Grand Total,,,0,0,,,,,
41,Thu,2026-10-08 00:00:00,Converting ,Rewind 2,,,,,,,,,,0,0,Grand Total,,,0,0,,,,,
41,Fri,2026-10-09 00:00:00,Converting ,Rewind 2,,,,,,,,,,0,0,Grand Total,,,0,0,,,,,
41,Sat,2026-10-10 00:00:00,Converting ,Rewind 2,,,,,,,,,,0,0,Grand Total,,,0,0,,,,,
41,Sun,2026-10-11 00:00:00,Converting ,Rewind 2,,,,,,,,,,0,0,Grand Total,,,0,0,,,,,
42,Mon,2026-10-12 00:00:00,Converting ,Rewind 2,,,,,,,,,,0,0,Grand Total,,,0,0,,,,,
42,Tue,2026-10-13 00:00:00,Converting ,Rewind 2,,,,,,,,,,0,0,Grand Total,,,0,0,,,,,
42,Wed,2026-10-14 00:00:00,Converting ,Rewind 2,,,,,,,,,,0,0,Grand Total,,,0,0,,,,,
42,Thu,2026-10-15 00:00:00,Converting ,Rewind 2,,,,,,,,,,0,0,Grand Total,,,0,0,,,,,
42,Fri,2026-10-16 00:00:00,Converting ,Rewind 2,,,,,,,,,,0,0,Grand Total,,,0,0,,,,,
42,Sat,2026-10-17 00:00:00,Converting ,Rewind 2,,,,,,,,,,0,0,Grand Total,,,0,0,,,,,
42,Sun,2026-10-18 00:00:00,Converting ,Rewind 2,,,,,,,,,,0,0,Grand Total,,,0,0,,,,,
43,Mon,2026-10-19 00:00:00,Converting ,Rewind 2,,,,,,,,,,0,0,Grand Total,,,0,0,,,,,
43,Tue,2026-10-20 00:00:00,Converting ,Rewind 2,,,,,,,,,,0,0,Grand Total,,,0,0,,,,,
43,Wed,2026-10-21 00:00:00,Converting ,Rewind 2,,,,,,,,,,0,0,Grand Total,,,0,0,,,,,
43,Thu,2026-10-22 00:00:00,Converting ,Rewind 2,,,,,,,,,,0,0,Grand Total,,,0,0,,,,,
43,Fri,2026-10-23 00:00:00,Converting ,Rewind 2,,,,,,,,,,0,0,Grand Total,,,0,0,,,,,
43,Sat,2026-10-24 00:00:00,Converting ,Rewind 2,,,,,,,,,,0,0,Grand Total,,,0,0,,,,,
43,Sun,2026-10-25 00:00:00,Converting ,Rewind 2,,,,,,,,,,0,0,Grand Total,,,0,0,,,,,
44,Mon,2026-10-26 00:00:00,Converting ,Rewind 2,,,,,,,,,,0,0,Grand Total,,,0,0,,,,,
44,Tue,2026-10-27 00:00:00,Converting ,Rewind 2,,,,,,,,,,0,0,Grand Total,,,0,0,,,,,
44,Wed,2026-10-28 00:00:00,Converting ,Rewind 2,,,,,,,,,,0,0,Grand Total,,,0,0,,,,,
44,Thu,2026-10-29 00:00:00,Converting ,Rewind 2,,,,,,,,,,0,0,Grand Total,,,0,0,,,,,
44,Fri,2026-10-30 00:00:00,Converting ,Rewind 2,,,,,,,,,,0,0,Grand Total,,,0,0,,,,,
44,Sat,2026-10-31 00:00:00,Converting ,Rewind 2,,,,,,,,,,0,0,Grand Total,,,0,0,,,,,
44,Sun,2026-11-01 00:00:00,Converting ,Rewind 2,,,,,,,,,,0,0,Grand Total,,,0,0,,,,,
45,Mon,2026-11-02 00:00:00,Converting ,Rewind 2,,,,,,,,,,0,0,Grand Total,,,0,0,,,,,
45,Tue,2026-11-03 00:00:00,Converting ,Rewind 2,,,,,,,,,,0,0,Grand Total,,,0,0,,,,,
45,Wed,2026-11-04 00:00:00,Converting ,Rewind 2,,,,,,,,,,0,0,Grand Total,,,0,0,,,,,
45,Thu,2026-11-05 00:00:00,Converting ,Rewind 2,,,,,,,,,,0,0,Grand Total,,,0,0,,,,,
45,Fri,2026-11-06 00:00:00,Converting ,Rewind 2,,,,,,,,,,0,0,Grand Total,,,0,0,,,,,
45,Sat,2026-11-07 00:00:00,Converting ,Rewind 2,,,,,,,,,,0,0,Grand Total,,,0,0,,,,,
45,Sun,2026-11-08 00:00:00,Converting ,Rewind 2,,,,,,,,,,0,0,Grand Total,,,0,0,,,,,
46,Mon,2026-11-09 00:00:00,Converting ,Rewind 2,,,,,,,,,,0,0,Grand Total,,,0,0,,,,,
46,Tue,2026-11-10 00:00:00,Converting ,Rewind 2,,,,,,,,,,0,0,Grand Total,,,0,0,,,,,
46,Wed,2026-11-11 00:00:00,Converting ,Rewind 2,,,,,,,,,,0,0,Grand Total,,,0,0,,,,,
46,Thu,2026-11-12 00:00:00,Converting ,Rewind 2,,,,,,,,,,0,0,Grand Total,,,0,0,,,,,
46,Fri,2026-11-13 00:00:00,Converting ,Rewind 2,,,,,,,,,,0,0,Grand Total,,,0,0,,,,,
46,Sat,2026-11-14 00:00:00,Converting ,Rewind 2,,,,,,,,,,0,0,Grand Total,,,0,0,,,,,
46,Sun,2026-11-15 00:00:00,Converting ,Rewind 2,,,,,,,,,,0,0,Grand Total,,,0,0,,,,,
47,Mon,2026-11-16 00:00:00,Converting ,Rewind 2,,,,,,,,,,0,0,Grand Total,,,0,0,,,,,
47,Tue,2026-11-17 00:00:00,Converting ,Rewind 2,,,,,,,,,,0,0,Grand Total,,,0,0,,,,,
47,Wed,2026-11-18 00:00:00,Converting ,Rewind 2,,,,,,,,,,0,0,Grand Total,,,0,0,,,,,
47,Thu,2026-11-19 00:00:00,Converting ,Rewind 2,,,,,,,,,,0,0,Grand Total,,,0,0,,,,,
47,Fri,2026-11-20 00:00:00,Converting ,Rewind 2,,,,,,,,,,0,0,Grand Total,,,0,0,,,,,
47,Sat,2026-11-21 00:00:00,Converting ,Rewind 2,,,,,,,,,,0,0,Grand Total,,,0,0,,,,,
47,Sun,2026-11-22 00:00:00,Converting ,Rewind 2,,,,,,,,,,0,0,Grand Total,,,0,0,,,,,
48,Mon,2026-11-23 00:00:00,Converting ,Rewind 2,,,,,,,,,,0,0,Grand Total,,,0,0,,,,,
48,Tue,2026-11-24 00:00:00,Converting ,Rewind 2,,,,,,,,,,0,0,Grand Total,,,0,0,,,,,
48,Wed,2026-11-25 00:00:00,Converting ,Rewind 2,,,,,,,,,,0,0,Grand Total,,,0,0,,,,,
48,Thu,2026-11-26 00:00:00,Converting ,Rewind 2,,,,,,,,,,0,0,Grand Total,,,0,0,,,,,
48,Fri,2026-11-27 00:00:00,Converting ,Rewind 2,,,,,,,,,,0,0,Grand Total,,,0,0,,,,,
48,Sat,2026-11-28 00:00:00,Converting ,Rewind 2,,,,,,,,,,0,0,Grand Total,,,0,0,,,,,
48,Sun,2026-11-29 00:00:00,Converting ,Rewind 2,,,,,,,,,,0,0,Grand Total,,,0,0,,,,,
49,Mon,2026-11-30 00:00:00,Converting ,Rewind 2,,,,,,,,,,0,0,Grand Total,,,0,0,,,,,
49,Tue,2026-12-01 00:00:00,Converting ,Rewind 2,,,,,,,,,,0,0,Grand Total,,,0,0,,,,,
49,Wed,2026-12-02 00:00:00,Converting ,Rewind 2,,,,,,,,,,0,0,Grand Total,,,0,0,,,,,
49,Thu,2026-12-03 00:00:00,Converting ,Rewind 2,,,,,,,,,,0,0,Grand Total,,,0,0,,,,,
49,Fri,2026-12-04 00:00:00,Converting ,Rewind 2,,,,,,,,,,0,0,Grand Total,,,0,0,,,,,
49,Sat,2026-12-05 00:00:00,Converting ,Rewind 2,,,,,,,,,,0,0,Grand Total,,,0,0,,,,,
49,Sun,2026-12-06 00:00:00,Converting ,Rewind 2,,,,,,,,,,0,0,Grand Total,,,0,0,,,,,
50,Mon,2026-12-07 00:00:00,Converting ,Rewind 2,,,,,,,,,,0,0,Grand Total,,,0,0,,,,,
50,Tue,2026-12-08 00:00:00,Converting ,Rewind 2,,,,,,,,,,0,0,Grand Total,,,0,0,,,,,
50,Wed,2026-12-09 00:00:00,Converting ,Rewind 2,,,,,,,,,,0,0,Grand Total,,,0,0,,,,,
50,Thu,2026-12-10 00:00:00,Converting ,Rewind 2,,,,,,,,,,0,0,Grand Total,,,0,0,,,,,
50,Fri,2026-12-11 00:00:00,Converting ,Rewind 2,,,,,,,,,,0,0,Grand Total,,,0,0,,,,,
50,Sat,2026-12-12 00:00:00,Converting ,Rewind 2,,,,,,,,,,0,0,Grand Total,,,0,0,,,,,
50,Sun,2026-12-13 00:00:00,Converting ,Rewind 2,,,,,,,,,,0,0,Grand Total,,,0,0,,,,,
51,Mon,2026-12-14 00:00:00,Converting ,Rewind 2,,,,,,,,,,0,0,Grand Total,,,0,0,,,,,
51,Tue,2026-12-15 00:00:00,Converting ,Rewind 2,,,,,,,,,,0,0,Grand Total,,,0,0,,,,,
51,Wed,2026-12-16 00:00:00,Converting ,Rewind 2,,,,,,,,,,0,0,Grand Total,,,0,0,,,,,
51,Thu,2026-12-17 00:00:00,Converting ,Rewind 2,,,,,,,,,,0,0,Grand Total,,,0,0,,,,,
51,Fri,2026-12-18 00:00:00,Converting ,Rewind 2,,,,,,,,,,0,0,Grand Total,,,0,0,,,,,
51,Sat,2026-12-19 00:00:00,Converting ,Rewind 2,,,,,,,,,,0,0,Grand Total,,,0,0,,,,,
51,Sun,2026-12-20 00:00:00,Converting ,Rewind 2,,,,,,,,,,0,0,Grand Total,,,0,0,,,,,
52,Mon,2026-12-21 00:00:00,Converting ,Rewind 2,,,,,,,,,,0,0,Grand Total,,,0,0,,,,,
52,Tue,2026-12-22 00:00:00,Converting ,Rewind 2,,,,,,,,,,0,0,Grand Total,,,0,0,,,,,
52,Wed,2026-12-23 00:00:00,Converting ,Rewind 2,,,,,,,,,,0,0,Grand Total,,,0,0,,,,,
52,Thu,2026-12-24 00:00:00,Converting ,Rewind 2,,,,,,,,,,0,0,Grand Total,,,0,0,,,,,
52,Fri,2026-12-25 00:00:00,Converting ,Rewind 2,,,,,,,,,,0,0,Grand Total,,,0,0,,,,,
52,Sat,2026-12-26 00:00:00,Converting ,Rewind 2,,,,,,,,,,0,0,Grand Total,,,0,0,,,,,
52,Sun,2026-12-27 00:00:00,Converting ,Rewind 2,,,,,,,,,,0,0,Grand Total,,,0,0,,,,,
53,Mon,2026-12-28 00:00:00,Converting ,Rewind 2,,,,,,,,,,0,0,Grand Total,,,0,0,,,,,
53,Tue,2026-12-29 00:00:00,Converting ,Rewind 2,,,,,,,,,,0,0,Grand Total,,,0,0,,,,,
53,Wed,2026-12-30 00:00:00,Converting ,Rewind 2,,,,,,,,,,0,0,Grand Total,,,0,0,,,,,
53,Thu,2026-12-31 00:00:00,Converting ,Rewind 2,,,,,,,,,,0,0,Grand Total,,,0,0,,,,,
1,Thu,2026-01-01 00:00:00,Converting ,Cartoner 1,,,,,,,,,,0,0,Grand Total,,,0,0,,,,,
1,Fri,2026-01-02 00:00:00,Converting ,Cartoner 1,,,,,,,,,,0,0,Grand Total,,,0,0,,,,,
1,Tue,2023-01-03 00:00:00,Converting ,Cartoner 1,,,,,,,,,,0,0,Grand Total,,,0,0,,,,,
1,Sun,2026-01-04 00:00:00,Converting ,Cartoner 1,,,,,,,,,,0,0,Grand Total,,,0,0,,,,,
2,Mon,2026-01-05 00:00:00,Converting ,Cartoner 1,,,,,,,,,,0,0,Grand Total,,,0,0,,,,,
2,Tue,2026-01-06 00:00:00,Converting ,Cartoner 1,,,,,,,,,,0,0,Grand Total,,,0,0,,,,,
2,Wed,2026-01-07 00:00:00,Converting ,Cartoner 1,,,,,,,,,,0,0,Grand Total,,,0,0,,,,,
2,Thu,2026-01-08 00:00:00,Converting ,Cartoner 1,,,,,,,,,,0,0,Grand Total,,,0,0,,,,,
2,Fri,2026-01-09 00:00:00,Converting ,Cartoner 1,,,,,,,,,,0,0,Grand Total,,,0,0,,,,,
2,Sat,2026-01-10 00:00:00,Converting ,Cartoner 1,,,,,,,,,,0,0,Grand Total,,,0,0,,,,,
2,Sun,2026-01-11 00:00:00,Converting ,Cartoner 1,,,,,,,,,,0,0,Grand Total,,,0,0,,,,,
3,Mon,2026-01-12 00:00:00,Converting ,Cartoner 1,,,,,,,,,,0,0,Grand Total,,,0,0,,,,,
3,Tue,2026-01-13 00:00:00,Converting ,Cartoner 1,,,,,,,,,,0,0,Grand Total,,,0,0,,,,,
3,Wed,2026-01-14 00:00:00,Converting ,Cartoner 1,,,,,,,,,,0,0,Grand Total,,,0,0,,,,,
3,Thu,2026-01-15 00:00:00,Converting ,Cartoner 1,,,,,,,,,,0,0,Grand Total,,,0,0,,,,,
3,Fri,2026-01-16 00:00:00,Converting ,Cartoner 1,,,,,,,,,,0,0,Grand Total,,,0,0,,,,,
3,Sat,2026-01-17 00:00:00,Converting ,Cartoner 1,,,,,,,,,,0,0,Grand Total,,,0,0,,,,,
3,Sun,2026-01-18 00:00:00,Converting ,Cartoner 1,,,,,,,,,,0,0,Grand Total,,,0,0,,,,,
4,Mon,2026-01-19 00:00:00,Converting ,Cartoner 1,,,,,,,,,,0,0,Grand Total,,,0,0,,,,,
4,Tue,2026-01-20 00:00:00,Converting ,Cartoner 1,,,,,,,,,,0,0,Grand Total,,,0,0,,,,,
4,Wed,2026-01-21 00:00:00,Converting ,Cartoner 1,,,,,,,,,,0,0,Grand Total,,,0,0,,,,,
4,Thu,2026-01-22 00:00:00,Converting ,Cartoner 1,,,,,,,,,,0,0,Grand Total,,,0,0,,,,,
4,Fri,2026-01-23 00:00:00,Converting ,Cartoner 1,,,,,,,,,,0,0,Grand Total,,,0,0,,,,,
4,Sat,2026-01-24 00:00:00,Converting ,Cartoner 1,,,,,,,,,,0,0,Grand Total,,,0,0,,,,,
4,Sun,2026-01-25 00:00:00,Converting ,Cartoner 1,,,,,,,,,,0,0,Grand Total,,,0,0,,,,,
5,Mon,2026-01-26 00:00:00,Converting ,Cartoner 1,,,,,,,,,,0,0,Grand Total,,,0,0,,,,,
5,Tue,2026-01-27 00:00:00,Converting ,Cartoner 1,,,,,,,,,,0,0,Grand Total,,,0,0,,,,,
5,Wed,2026-01-28 00:00:00,Converting ,Cartoner 1,,,,,,,,,,0,0,Grand Total,,,0,0,,,,,
5,Thu,2026-01-29 00:00:00,Converting ,Cartoner 1,,,,,,,,,,0,0,Grand Total,,,0,0,,,,,
5,Fri,2026-01-30 00:00:00,Converting ,Cartoner 1,,,,,,,,,,0,0,Grand Total,,,0,0,,,,,
5,Sat,2026-01-31 00:00:00,Converting ,Cartoner 1,,,,,,,,,,0,0,Grand Total,,,0,0,,,,,
5,Sun,2026-02-01 00:00:00,Converting ,Cartoner 1,,,,,,,,,,0,0,Grand Total,,,0,0,,,,,
6,Mon,2026-02-02 00:00:00,Converting ,Cartoner 1,,,,,,,,,,0,0,Grand Total,,,0,0,,,,,
6,Tue,2026-02-03 00:00:00,Converting ,Cartoner 1,,,,,,,,,,0,0,Grand Total,,,0,0,,,,,
6,Wed,2026-02-04 00:00:00,Converting ,Cartoner 1,,,,,,,,,,0,0,Grand Total,,,0,0,,,,,
6,Thu,2026-02-05 00:00:00,Converting ,Cartoner 1,,,,,,,,,,0,0,Grand Total,,,0,0,,,,,
6,Fri,2026-02-06 00:00:00,Converting ,Cartoner 1,,,,,,,,,,0,0,Grand Total,,,0,0,,,,,
6,Sat,2026-02-07 00:00:00,Converting ,Cartoner 1,,,,,,,,,,0,0,Grand Total,,,0,0,,,,,
6,Sun,2026-02-08 00:00:00,Converting ,Cartoner 1,,,,,,,,,,0,0,Grand Total,,,0,0,,,,,
7,Mon,2026-02-09 00:00:00,Converting ,Cartoner 1,,,,,,,,,,0,0,Grand Total,,,0,0,,,,,
7,Tue,2026-02-10 00:00:00,Converting ,Cartoner 1,,,,,,,,,,0,0,Grand Total,,,0,0,,,,,
7,Wed,2026-02-11 00:00:00,Converting ,Cartoner 1,,,,,,,,,,0,0,Grand Total,,,0,0,,,,,
7,Thu,2026-02-12 00:00:00,Converting ,Cartoner 1,,,,,,,,,,0,0,Grand Total,,,0,0,,,,,
7,Fri,2026-02-13 00:00:00,Converting ,Cartoner 1,,,,,,,,,,0,0,Grand Total,,,0,0,,,,,
7,Sat,2026-02-14 00:00:00,Converting ,Cartoner 1,,,,,,,,,,0,0,Grand Total,,,0,0,,,,,
7,Sun,2026-02-15 00:00:00,Converting ,Cartoner 1,,,,,,,,,,0,0,Grand Total,,,0,0,,,,,
8,Mon,2026-02-16 00:00:00,Converting ,Cartoner 1,,,,,,,,,,0,0,Grand Total,,,0,0,,,,,
8,Tue,2026-02-17 00:00:00,Converting ,Cartoner 1,,,,,,,,,,0,0,Grand Total,,,0,0,,,,,
8,Wed,2026-02-18 00:00:00,Converting ,Cartoner 1,,,,,,,,,,0,0,Grand Total,,,0,0,,,,,
8,Thu,2026-02-19 00:00:00,Converting ,Cartoner 1,,,,,,,,,,0,0,Grand Total,,,0,0,,,,,
8,Fri,2026-02-20 00:00:00,Converting ,Cartoner 1,,,,,,,,,,0,0,Grand Total,,,0,0,,,,,
8,Sat,2026-02-21 00:00:00,Converting ,Cartoner 1,,,,,,,,,,0,0,Grand Total,,,0,0,,,,,
8,Sun,2026-02-22 00:00:00,Converting ,Cartoner 1,,,,,,,,,,0,0,Grand Total,,,0,0,,,,,
9,Mon,2026-02-23 00:00:00,Converting ,Cartoner 1,,,,,,,,,,0,0,Grand Total,,,0,0,,,,,
9,Tue,2026-02-24 00:00:00,Converting ,Cartoner 1,,,,,,,,,,0,0,Grand Total,,,0,0,,,,,
9,Wed,2026-02-25 00:00:00,Converting ,Cartoner 1,,,,,,,,,,0,0,Grand Total,,,0,0,,,,,
9,Thu,2026-02-26 00:00:00,Converting ,Cartoner 1,,,,,,,,,,0,0,Grand Total,,,0,0,,,,,
9,Fri,2026-02-27 00:00:00,Converting ,Cartoner 1,,,,,,,,,,0,0,Grand Total,,,0,0,,,,,
9,Sat,2026-02-28 00:00:00,Converting ,Cartoner 1,,,,,,,,,,0,0,Grand Total,,,0,0,,,,,
9,Sun,2026-03-01 00:00:00,Converting ,Cartoner 1,,,,,,,,,,0,0,Grand Total,,,0,0,,,,,
10,Mon,2026-03-02 00:00:00,Converting ,Cartoner 1,,,,,,,,,,0,0,Grand Total,,,0,0,,,,,
10,Tue,2026-03-03 00:00:00,Converting ,Cartoner 1,,,,,,,,,,0,0,Grand Total,,,0,0,,,,,
10,Wed,2026-03-04 00:00:00,Converting ,Cartoner 1,,,,,,,,,,0,0,Grand Total,,,0,0,,,,,
10,Thu,2026-03-05 00:00:00,Converting ,Cartoner 1,,,,,,,,,,0,0,Grand Total,,,0,0,,,,,
10,Fri,2026-03-06 00:00:00,Converting ,Cartoner 1,,,,,,,,,,0,0,Grand Total,,,0,0,,,,,
10,Sat,2026-03-07 00:00:00,Converting ,Cartoner 1,,,,,,,,,,0,0,Grand Total,,,0,0,,,,,
10,Sun,2026-03-08 00:00:00,Converting ,Cartoner 1,,,,,,,,,,0,0,Grand Total,,,0,0,,,,,
11,Mon,2026-03-09 00:00:00,Converting ,Cartoner 1,,,,,,,,,,0,0,Grand Total,,,0,0,,,,,
11,Tue,2026-03-10 00:00:00,Converting ,Cartoner 1,,,,,,,,,,0,0,Grand Total,,,0,0,,,,,
11,Wed,2026-03-11 00:00:00,Converting ,Cartoner 1,,,,,,,,,,0,0,Grand Total,,,0,0,,,,,
11,Thu,2026-03-12 00:00:00,Converting ,Cartoner 1,,,,,,,,,,0,0,Grand Total,,,0,0,,,,,
11,Fri,2026-03-13 00:00:00,Converting ,Cartoner 1,,,,,,,,,,0,0,Grand Total,,,0,0,,,,,
11,Sat,2026-03-14 00:00:00,Converting ,Cartoner 1,,,,,,,,,,0,0,Grand Total,,,0,0,,,,,
11,Sun,2026-03-15 00:00:00,Converting ,Cartoner 1,,,,,,,,,,0,0,Grand Total,,,0,0,,,,,
12,Mon,2026-03-16 00:00:00,Converting ,Cartoner 1,,,,,,,,,,0,0,Grand Total,,,0,0,,,,,
12,Tue,2026-03-17 00:00:00,Converting ,Cartoner 1,,,,,,,,,,0,0,Grand Total,,,0,0,,,,,
12,Wed,2026-03-18 00:00:00,Converting ,Cartoner 1,,,,,,,,,,0,0,Grand Total,,,0,0,,,,,
12,Thu,2026-03-19 00:00:00,Converting ,Cartoner 1,,,,,,,,,,0,0,Grand Total,,,0,0,,,,,
12,Fri,2026-03-20 00:00:00,Converting ,Cartoner 1,,,,,,,,,,0,0,Grand Total,,,0,0,,,,,
12,Sat,2026-03-21 00:00:00,Converting ,Cartoner 1,,,,,,,,,,0,0,Grand Total,,,0,0,,,,,
12,Sun,2026-03-22 00:00:00,Converting ,Cartoner 1,,,,,,,,,,0,0,Grand Total,,,0,0,,,,,
13,Mon,2026-03-23 00:00:00,Converting ,Cartoner 1,,,,,,,,,,0,0,Grand Total,,,0,0,,,,,
13,Tue,2026-03-24 00:00:00,Converting ,Cartoner 1,,,,,,,,,,0,0,Grand Total,,,0,0,,,,,
13,Wed,2026-03-25 00:00:00,Converting ,Cartoner 1,,,,,,,,,,0,0,Grand Total,,,0,0,,,,,
13,Thu,2026-03-26 00:00:00,Converting ,Cartoner 1,,,,,,,,,,0,0,Grand Total,,,0,0,,,,,
13,Fri,2026-03-27 00:00:00,Converting ,Cartoner 1,,,,,,,,,,0,0,Grand Total,,,0,0,,,,,
13,Sat,2026-03-28 00:00:00,Converting ,Cartoner 1,,,,,,,,,,0,0,Grand Total,,,0,0,,,,,
13,Sun,2026-03-29 00:00:00,Converting ,Cartoner 1,,,,,,,,,,0,0,Grand Total,,,0,0,,,,,
14,Mon,2026-03-30 00:00:00,Converting ,Cartoner 1,,,,,,,,,,0,0,Grand Total,,,0,0,,,,,
14,Tue,2026-03-31 00:00:00,Converting ,Cartoner 1,,,,,,,,,,0,0,Grand Total,,,0,0,,,,,
14,Wed,2026-04-01 00:00:00,Converting ,Cartoner 1,,,,,,,,,,0,0,Grand Total,,,0,0,,,,,
14,Thu,2026-04-02 00:00:00,Converting ,Cartoner 1,,,,,,,,,,0,0,Grand Total,,,0,0,,,,,
14,Fri,2026-04-03 00:00:00,Converting ,Cartoner 1,,,,,,,,,,0,0,Grand Total,,,0,0,,,,,
14,Sat,2026-04-04 00:00:00,Converting ,Cartoner 1,,,,,,,,,,0,0,Grand Total,,,0,0,,,,,
14,Sun,2026-04-05 00:00:00,Converting ,Cartoner 1,,,,,,,,,,0,0,Grand Total,,,0,0,,,,,
15,Mon,2026-04-06 00:00:00,Converting ,Cartoner 1,,,,,,,,,,0,0,Grand Total,,,0,0,,,,,
15,Tue,2026-04-07 00:00:00,Converting ,Cartoner 1,,,,,,,,,,0,0,Grand Total,,,0,0,,,,,
15,Wed,2026-04-08 00:00:00,Converting ,Cartoner 1,,,,,,,,,,0,0,Grand Total,,,0,0,,,,,
15,Thu,2026-04-09 00:00:00,Converting ,Cartoner 1,,,,,,,,,,0,0,Grand Total,,,0,0,,,,,
15,Fri,2026-04-10 00:00:00,Converting ,Cartoner 1,,,,,,,,,,0,0,Grand Total,,,0,0,,,,,
15,Sat,2026-04-11 00:00:00,Converting ,Cartoner 1,,,,,,,,,,0,0,Grand Total,,,0,0,,,,,
15,Sun,2026-04-12 00:00:00,Converting ,Cartoner 1,,,,,,,,,,0,0,Grand Total,,,0,0,,,,,
16,Mon,2026-04-13 00:00:00,Converting ,Cartoner 1,,,,,,,,,,0,0,Grand Total,,,0,0,,,,,
16,Tue,2026-04-14 00:00:00,Converting ,Cartoner 1,,,,,,,,,,0,0,Grand Total,,,0,0,,,,,
16,Wed,2026-04-15 00:00:00,Converting ,Cartoner 1,,,,,,,,,,0,0,Grand Total,,,0,0,,,,,
16,Thu,2026-04-16 00:00:00,Converting ,Cartoner 1,,,,,,,,,,0,0,Grand Total,,,0,0,,,,,
16,Fri,2026-04-17 00:00:00,Converting ,Cartoner 1,,,,,,,,,,0,0,Grand Total,,,0,0,,,,,
16,Sat,2026-04-18 00:00:00,Converting ,Cartoner 1,,,,,,,,,,0,0,Grand Total,,,0,0,,,,,
16,Sun,2026-04-19 00:00:00,Converting ,Cartoner 1,,,,,,,,,,0,0,Grand Total,,,0,0,,,,,
17,Mon,2026-04-20 00:00:00,Converting ,Cartoner 1,,,,,,,,,,0,0,Grand Total,,,0,0,,,,,
17,Tue,2026-04-21 00:00:00,Converting ,Cartoner 1,,,,,,,,,,0,0,Grand Total,,,0,0,,,,,
17,Wed,2026-04-22 00:00:00,Converting ,Cartoner 1,,,,,,,,,,0,0,Grand Total,,,0,0,,,,,
17,Thu,2026-04-23 00:00:00,Converting ,Cartoner 1,,,,,,,,,,0,0,Grand Total,,,0,0,,,,,
17,Fri,2026-04-24 00:00:00,Converting ,Cartoner 1,,,,,,,,,,0,0,Grand Total,,,0,0,,,,,
17,Sat,2026-04-25 00:00:00,Converting ,Cartoner 1,,,,,,,,,,0,0,Grand Total,,,0,0,,,,,
17,Sun,2026-04-26 00:00:00,Converting ,Cartoner 1,,,,,,,,,,0,0,Grand Total,,,0,0,,,,,
18,Mon,2026-04-27 00:00:00,Converting ,Cartoner 1,,,,,,,,,,0,0,Grand Total,,,0,0,,,,,
18,Tue,2026-04-28 00:00:00,Converting ,Cartoner 1,,,,,,,,,,0,0,Grand Total,,,0,0,,,,,
18,Wed,2026-04-29 00:00:00,Converting ,Cartoner 1,,,,,,,,,,0,0,Grand Total,,,0,0,,,,,
18,Thu,2026-04-30 00:00:00,Converting ,Cartoner 1,,,,,,,,,,0,0,Grand Total,,,0,0,,,,,
18,Fri,2026-05-01 00:00:00,Converting ,Cartoner 1,,,,,,,,,,0,0,Grand Total,,,0,0,,,,,
18,Sat,2026-05-02 00:00:00,Converting ,Cartoner 1,,,,,,,,,,0,0,Grand Total,,,0,0,,,,,
18,Sun,2026-05-03 00:00:00,Converting ,Cartoner 1,,,,,,,,,,0,0,Grand Total,,,0,0,,,,,
19,Mon,2026-05-04 00:00:00,Converting ,Cartoner 1,,,,,,,,,,0,0,Grand Total,,,0,0,,,,,
19,Tue,2026-05-05 00:00:00,Converting ,Cartoner 1,,,,,,,,,,0,0,Grand Total,,,0,0,,,,,
19,Wed,2026-05-06 00:00:00,Converting ,Cartoner 1,,,,,,,,,,0,0,Grand Total,,,0,0,,,,,
19,Thu,2026-05-07 00:00:00,Converting ,Cartoner 1,,,,,,,,,,0,0,Grand Total,,,0,0,,,,,
19,Fri,2026-05-08 00:00:00,Converting ,Cartoner 1,,,,,,,,,,0,0,Grand Total,,,0,0,,,,,
19,Sat,2026-05-09 00:00:00,Converting ,Cartoner 1,,,,,,,,,,0,0,Grand Total,,,0,0,,,,,
19,Sun,2026-05-10 00:00:00,Converting ,Cartoner 1,,,,,,,,,,0,0,Grand Total,,,0,0,,,,,
20,Mon,2026-05-11 00:00:00,Converting ,Cartoner 1,,,,,,,,,,0,0,Grand Total,,,0,0,,,,,
20,Tue,2026-05-12 00:00:00,Converting ,Cartoner 1,,,,,,,,,,0,0,Grand Total,,,0,0,,,,,
20,Wed,2026-05-13 00:00:00,Converting ,Cartoner 1,,,,,,,,,,0,0,Grand Total,,,0,0,,,,,
20,Thu,2026-05-14 00:00:00,Converting ,Cartoner 1,,,,,,,,,,0,0,Grand Total,,,0,0,,,,,
20,Fri,2026-05-15 00:00:00,Converting ,Cartoner 1,,,,,,,,,,0,0,Grand Total,,,0,0,,,,,
20,Sat,2026-05-16 00:00:00,Converting ,Cartoner 1,,,,,,,,,,0,0,Grand Total,,,0,0,,,,,
20,Sun,2026-05-17 00:00:00,Converting ,Cartoner 1,,,,,,,,,,0,0,Grand Total,,,0,0,,,,,
21,Mon,2026-05-18 00:00:00,Converting ,Cartoner 1,,,,,,,,,,0,0,Grand Total,,,0,0,,,,,
21,Tue,2026-05-19 00:00:00,Converting ,Cartoner 1,,,,,,,,,,0,0,Grand Total,,,0,0,,,,,
21,Wed,2026-05-20 00:00:00,Converting ,Cartoner 1,,,,,,,,,,0,0,Grand Total,,,0,0,,,,,
21,Thu,2026-05-21 00:00:00,Converting ,Cartoner 1,,,,,,,,,,0,0,Grand Total,,,0,0,,,,,
21,Fri,2026-05-22 00:00:00,Converting ,Cartoner 1,,,,,,,,,,0,0,Grand Total,,,0,0,,,,,
21,Sat,2026-05-23 00:00:00,Converting ,Cartoner 1,,,,,,,,,,0,0,Grand Total,,,0,0,,,,,
21,Sun,2026-05-24 00:00:00,Converting ,Cartoner 1,,,,,,,,,,0,0,Grand Total,,,0,0,,,,,
22,Mon,2026-05-25 00:00:00,Converting ,Cartoner 1,,,,,,,,,,0,0,Grand Total,,,0,0,,,,,
22,Tue,2026-05-26 00:00:00,Converting ,Cartoner 1,,,,,,,,,,0,0,Grand Total,,,0,0,,,,,
22,Wed,2026-05-27 00:00:00,Converting ,Cartoner 1,,,,,,,,,,0,0,Grand Total,,,0,0,,,,,
22,Thu,2026-05-28 00:00:00,Converting ,Cartoner 1,,,,,,,,,,0,0,Grand Total,,,0,0,,,,,
22,Fri,2026-05-29 00:00:00,Converting ,Cartoner 1,,,,,,,,,,0,0,Grand Total,,,0,0,,,,,
22,Sat,2026-05-30 00:00:00,Converting ,Cartoner 1,,,,,,,,,,0,0,Grand Total,,,0,0,,,,,
22,Sun,2026-05-31 00:00:00,Converting ,Cartoner 1,,,,,,,,,,0,0,Grand Total,,,0,0,,,,,
23,Mon,2026-06-01 00:00:00,Converting ,Cartoner 1,,,,,,,,,,0,0,Grand Total,,,0,0,,,,,
23,Tue,2026-06-02 00:00:00,Converting ,Cartoner 1,,,,,,,,,,0,0,Grand Total,,,0,0,,,,,
23,Wed,2026-06-03 00:00:00,Converting ,Cartoner 1,,,,,,,,,,0,0,Grand Total,,,0,0,,,,,
23,Thu,2026-06-04 00:00:00,Converting ,Cartoner 1,,,,,,,,,,0,0,Grand Total,,,0,0,,,,,
23,Fri,2026-06-05 00:00:00,Converting ,Cartoner 1,,,,,,,,,,0,0,Grand Total,,,0,0,,,,,
23,Sat,2026-06-06 00:00:00,Converting ,Cartoner 1,,,,,,,,,,0,0,Grand Total,,,0,0,,,,,
23,Sun,2026-06-07 00:00:00,Converting ,Cartoner 1,,,,,,,,,,0,0,Grand Total,,,0,0,,,,,
24,Mon,2026-06-08 00:00:00,Converting ,Cartoner 1,,,,,,,,,,0,0,Grand Total,,,0,0,,,,,
24,Tue,2026-06-09 00:00:00,Converting ,Cartoner 1,,,,,,,,,,0,0,Grand Total,,,0,0,,,,,
24,Wed,2026-06-10 00:00:00,Converting ,Cartoner 1,,,,,,,,,,0,0,Grand Total,,,0,0,,,,,
24,Thu,2026-06-11 00:00:00,Converting ,Cartoner 1,,,,,,,,,,0,0,Grand Total,,,0,0,,,,,
24,Fri,2026-06-12 00:00:00,Converting ,Cartoner 1,,,,,,,,,,0,0,Grand Total,,,0,0,,,,,
24,Sat,2026-06-13 00:00:00,Converting ,Cartoner 1,,,,,,,,,,0,0,Grand Total,,,0,0,,,,,
24,Sun,2026-06-14 00:00:00,Converting ,Cartoner 1,,,,,,,,,,0,0,Grand Total,,,0,0,,,,,
25,Mon,2026-06-15 00:00:00,Converting ,Cartoner 1,,,,,,,,,,0,0,Grand Total,,,0,0,,,,,
25,Tue,2026-06-16 00:00:00,Converting ,Cartoner 1,,,,,,,,,,0,0,Grand Total,,,0,0,,,,,
25,Wed,2026-06-17 00:00:00,Converting ,Cartoner 1,,,,,,,,,,0,0,Grand Total,,,0,0,,,,,
25,Thu,2026-06-18 00:00:00,Converting ,Cartoner 1,,,,,,,,,,0,0,Grand Total,,,0,0,,,,,
25,Fri,2026-06-19 00:00:00,Converting ,Cartoner 1,,,,,,,,,,0,0,Grand Total,,,0,0,,,,,
25,Sat,2026-06-20 00:00:00,Converting ,Cartoner 1,,,,,,,,,,0,0,Grand Total,,,0,0,,,,,
25,Sun,2026-06-21 00:00:00,Converting ,Cartoner 1,,,,,,,,,,0,0,Grand Total,,,0,0,,,,,
26,Mon,2026-06-22 00:00:00,Converting ,Cartoner 1,,,,,,,,,,0,0,Grand Total,,,0,0,,,,,
26,Tue,2026-06-23 00:00:00,Converting ,Cartoner 1,,,,,,,,,,0,0,Grand Total,,,0,0,,,,,
26,Wed,2026-06-24 00:00:00,Converting ,Cartoner 1,,,,,,,,,,0,0,Grand Total,,,0,0,,,,,
26,Thu,2026-06-25 00:00:00,Converting ,Cartoner 1,,,,,,,,,,0,0,Grand Total,,,0,0,,,,,
26,Fri,2026-06-26 00:00:00,Converting ,Cartoner 1,,,,,,,,,,0,0,Grand Total,,,0,0,,,,,
26,Sat,2026-06-27 00:00:00,Converting ,Cartoner 1,,,,,,,,,,0,0,Grand Total,,,0,0,,,,,
26,Sun,2026-06-28 00:00:00,Converting ,Cartoner 1,,,,,,,,,,0,0,Grand Total,,,0,0,,,,,
27,Mon,2026-06-29 00:00:00,Converting ,Cartoner 1,,,,,,,,,,0,0,Grand Total,,,0,0,,,,,
27,Tue,2026-06-30 00:00:00,Converting ,Cartoner 1,,,,,,,,,,0,0,Grand Total,,,0,0,,,,,
27,Wed,2026-07-01 00:00:00,Converting ,Cartoner 1,,,,,,,,,,0,0,Grand Total,,,0,0,,,,,
27,Thu,2026-07-02 00:00:00,Converting ,Cartoner 1,,,,,,,,,,0,0,Grand Total,,,0,0,,,,,
27,Fri,2026-07-03 00:00:00,Converting ,Cartoner 1,,,,,,,,,,0,0,Grand Total,,,0,0,,,,,
27,Sat,2026-07-04 00:00:00,Converting ,Cartoner 1,,,,,,,,,,0,0,Grand Total,,,0,0,,,,,
27,Sun,2026-07-05 00:00:00,Converting ,Cartoner 1,,,,,,,,,,0,0,Grand Total,,,0,0,,,,,
28,Mon,2026-07-06 00:00:00,Converting ,Cartoner 1,,,,,,,,,,0,0,Grand Total,,,0,0,,,,,
28,Tue,2026-07-07 00:00:00,Converting ,Cartoner 1,,,,,,,,,,0,0,Grand Total,,,0,0,,,,,
28,Wed,2026-07-08 00:00:00,Converting ,Cartoner 1,,,,,,,,,,0,0,Grand Total,,,0,0,,,,,
28,Thu,2026-07-09 00:00:00,Converting ,Cartoner 1,,,,,,,,,,0,0,Grand Total,,,0,0,,,,,
28,Fri,2026-07-10 00:00:00,Converting ,Cartoner 1,,,,,,,,,,0,0,Grand Total,,,0,0,,,,,
28,Sat,2026-07-11 00:00:00,Converting ,Cartoner 1,,,,,,,,,,0,0,Grand Total,,,0,0,,,,,
28,Sun,2026-07-12 00:00:00,Converting ,Cartoner 1,,,,,,,,,,0,0,Grand Total,,,0,0,,,,,
29,Mon,2026-07-13 00:00:00,Converting ,Cartoner 1,,,,,,,,,,0,0,Grand Total,,,0,0,,,,,
29,Tue,2026-07-14 00:00:00,Converting ,Cartoner 1,,,,,,,,,,0,0,Grand Total,,,0,0,,,,,
29,Wed,2026-07-15 00:00:00,Converting ,Cartoner 1,,,,,,,,,,0,0,Grand Total,,,0,0,,,,,
29,Thu,2026-07-16 00:00:00,Converting ,Cartoner 1,,,,,,,,,,0,0,Grand Total,,,0,0,,,,,
29,Fri,2026-07-17 00:00:00,Converting ,Cartoner 1,,,,,,,,,,0,0,Grand Total,,,0,0,,,,,
29,Sat,2026-07-18 00:00:00,Converting ,Cartoner 1,,,,,,,,,,0,0,Grand Total,,,0,0,,,,,
29,Sun,2026-07-19 00:00:00,Converting ,Cartoner 1,,,,,,,,,,0,0,Grand Total,,,0,0,,,,,
30,Mon,2026-07-20 00:00:00,Converting ,Cartoner 1,,,,,,,,,,0,0,Grand Total,,,0,0,,,,,
30,Tue,2026-07-21 00:00:00,Converting ,Cartoner 1,,,,,,,,,,0,0,Grand Total,,,0,0,,,,,
30,Wed,2026-07-22 00:00:00,Converting ,Cartoner 1,,,,,,,,,,0,0,Grand Total,,,0,0,,,,,
30,Thu,2026-07-23 00:00:00,Converting ,Cartoner 1,,,,,,,,,,0,0,Grand Total,,,0,0,,,,,
30,Fri,2026-07-24 00:00:00,Converting ,Cartoner 1,,,,,,,,,,0,0,Grand Total,,,0,0,,,,,
30,Sat,2026-07-25 00:00:00,Converting ,Cartoner 1,,,,,,,,,,0,0,Grand Total,,,0,0,,,,,
30,Sun,2026-07-26 00:00:00,Converting ,Cartoner 1,,,,,,,,,,0,0,Grand Total,,,0,0,,,,,
31,Mon,2026-07-27 00:00:00,Converting ,Cartoner 1,,,,,,,,,,0,0,Grand Total,,,0,0,,,,,
31,Tue,2026-07-28 00:00:00,Converting ,Cartoner 1,,,,,,,,,,0,0,Grand Total,,,0,0,,,,,
31,Wed,2026-07-29 00:00:00,Converting ,Cartoner 1,,,,,,,,,,0,0,Grand Total,,,0,0,,,,,
31,Thu,2026-07-30 00:00:00,Converting ,Cartoner 1,,,,,,,,,,0,0,Grand Total,,,0,0,,,,,
31,Fri,2026-07-31 00:00:00,Converting ,Cartoner 1,,,,,,,,,,0,0,Grand Total,,,0,0,,,,,
31,Sat,2026-08-01 00:00:00,Converting ,Cartoner 1,,,,,,,,,,0,0,Grand Total,,,0,0,,,,,
31,Sun,2026-08-02 00:00:00,Converting ,Cartoner 1,,,,,,,,,,0,0,Grand Total,,,0,0,,,,,
32,Mon,2026-08-03 00:00:00,Converting ,Cartoner 1,,,,,,,,,,0,0,Grand Total,,,0,0,,,,,
32,Tue,2026-08-04 00:00:00,Converting ,Cartoner 1,,,,,,,,,,0,0,Grand Total,,,0,0,,,,,
32,Wed,2026-08-05 00:00:00,Converting ,Cartoner 1,,,,,,,,,,0,0,Grand Total,,,0,0,,,,,
32,Thu,2026-08-06 00:00:00,Converting ,Cartoner 1,,,,,,,,,,0,0,Grand Total,,,0,0,,,,,
32,Fri,2026-08-07 00:00:00,Converting ,Cartoner 1,,,,,,,,,,0,0,Grand Total,,,0,0,,,,,
32,Sat,2026-08-08 00:00:00,Converting ,Cartoner 1,,,,,,,,,,0,0,Grand Total,,,0,0,,,,,
32,Sun,2026-08-09 00:00:00,Converting ,Cartoner 1,,,,,,,,,,0,0,Grand Total,,,0,0,,,,,
33,Mon,2026-08-10 00:00:00,Converting ,Cartoner 1,,,,,,,,,,0,0,Grand Total,,,0,0,,,,,
33,Tue,2026-08-11 00:00:00,Converting ,Cartoner 1,,,,,,,,,,0,0,Grand Total,,,0,0,,,,,
33,Wed,2026-08-12 00:00:00,Converting ,Cartoner 1,,,,,,,,,,0,0,Grand Total,,,0,0,,,,,
33,Thu,2026-08-13 00:00:00,Converting ,Cartoner 1,,,,,,,,,,0,0,Grand Total,,,0,0,,,,,
33,Fri,2026-08-14 00:00:00,Converting ,Cartoner 1,,,,,,,,,,0,0,Grand Total,,,0,0,,,,,
33,Sat,2026-08-15 00:00:00,Converting ,Cartoner 1,,,,,,,,,,0,0,Grand Total,,,0,0,,,,,
33,Sun,2026-08-16 00:00:00,Converting ,Cartoner 1,,,,,,,,,,0,0,Grand Total,,,0,0,,,,,
34,Mon,2026-08-17 00:00:00,Converting ,Cartoner 1,,,,,,,,,,0,0,Grand Total,,,0,0,,,,,
34,Tue,2026-08-18 00:00:00,Converting ,Cartoner 1,,,,,,,,,,0,0,Grand Total,,,0,0,,,,,
34,Wed,2026-08-19 00:00:00,Converting ,Cartoner 1,,,,,,,,,,0,0,Grand Total,,,0,0,,,,,
34,Thu,2026-08-20 00:00:00,Converting ,Cartoner 1,,,,,,,,,,0,0,Grand Total,,,0,0,,,,,
34,Fri,2026-08-21 00:00:00,Converting ,Cartoner 1,,,,,,,,,,0,0,Grand Total,,,0,0,,,,,
34,Sat,2026-08-22 00:00:00,Converting ,Cartoner 1,,,,,,,,,,0,0,Grand Total,,,0,0,,,,,
34,Sun,2026-08-23 00:00:00,Converting ,Cartoner 1,,,,,,,,,,0,0,Grand Total,,,0,0,,,,,
35,Mon,2026-08-24 00:00:00,Converting ,Cartoner 1,,,,,,,,,,0,0,Grand Total,,,0,0,,,,,
35,Tue,2026-08-25 00:00:00,Converting ,Cartoner 1,,,,,,,,,,0,0,Grand Total,,,0,0,,,,,
35,Wed,2026-08-26 00:00:00,Converting ,Cartoner 1,,,,,,,,,,0,0,Grand Total,,,0,0,,,,,
35,Thu,2026-08-27 00:00:00,Converting ,Cartoner 1,,,,,,,,,,0,0,Grand Total,,,0,0,,,,,
35,Fri,2026-08-28 00:00:00,Converting ,Cartoner 1,,,,,,,,,,0,0,Grand Total,,,0,0,,,,,
35,Sat,2026-08-29 00:00:00,Converting ,Cartoner 1,,,,,,,,,,0,0,Grand Total,,,0,0,,,,,
35,Sun,2026-08-30 00:00:00,Converting ,Cartoner 1,,,,,,,,,,0,0,Grand Total,,,0,0,,,,,
36,Mon,2026-08-31 00:00:00,Converting ,Cartoner 1,,,,,,,,,,0,0,Grand Total,,,0,0,,,,,
36,Tue,2026-09-01 00:00:00,Converting ,Cartoner 1,,,,,,,,,,0,0,Grand Total,,,0,0,,,,,
36,Wed,2026-09-02 00:00:00,Converting ,Cartoner 1,,,,,,,,,,0,0,Grand Total,,,0,0,,,,,
36,Thu,2026-09-03 00:00:00,Converting ,Cartoner 1,,,,,,,,,,0,0,Grand Total,,,0,0,,,,,
36,Fri,2026-09-04 00:00:00,Converting ,Cartoner 1,,,,,,,,,,0,0,Grand Total,,,0,0,,,,,
36,Sat,2026-09-05 00:00:00,Converting ,Cartoner 1,,,,,,,,,,0,0,Grand Total,,,0,0,,,,,
36,Sun,2026-09-06 00:00:00,Converting ,Cartoner 1,,,,,,,,,,0,0,Grand Total,,,0,0,,,,,
37,Mon,2026-09-07 00:00:00,Converting ,Cartoner 1,,,,,,,,,,0,0,Grand Total,,,0,0,,,,,
37,Tue,2026-09-08 00:00:00,Converting ,Cartoner 1,,,,,,,,,,0,0,Grand Total,,,0,0,,,,,
37,Wed,2026-09-09 00:00:00,Converting ,Cartoner 1,,,,,,,,,,0,0,Grand Total,,,0,0,,,,,
37,Thu,2026-09-10 00:00:00,Converting ,Cartoner 1,,,,,,,,,,0,0,Grand Total,,,0,0,,,,,
37,Fri,2026-09-11 00:00:00,Converting ,Cartoner 1,,,,,,,,,,0,0,Grand Total,,,0,0,,,,,
37,Sat,2026-09-12 00:00:00,Converting ,Cartoner 1,,,,,,,,,,0,0,Grand Total,,,0,0,,,,,
37,Sun,2026-09-13 00:00:00,Converting ,Cartoner 1,,,,,,,,,,0,0,Grand Total,,,0,0,,,,,
38,Mon,2026-09-14 00:00:00,Converting ,Cartoner 1,,,,,,,,,,0,0,Grand Total,,,0,0,,,,,
38,Tue,2026-09-15 00:00:00,Converting ,Cartoner 1,,,,,,,,,,0,0,Grand Total,,,0,0,,,,,
38,Wed,2026-09-16 00:00:00,Converting ,Cartoner 1,,,,,,,,,,0,0,Grand Total,,,0,0,,,,,
38,Thu,2026-09-17 00:00:00,Converting ,Cartoner 1,,,,,,,,,,0,0,Grand Total,,,0,0,,,,,
38,Fri,2026-09-18 00:00:00,Converting ,Cartoner 1,,,,,,,,,,0,0,Grand Total,,,0,0,,,,,
38,Sat,2026-09-19 00:00:00,Converting ,Cartoner 1,,,,,,,,,,0,0,Grand Total,,,0,0,,,,,
38,Sun,2026-09-20 00:00:00,Converting ,Cartoner 1,,,,,,,,,,0,0,Grand Total,,,0,0,,,,,
39,Mon,2026-09-21 00:00:00,Converting ,Cartoner 1,,,,,,,,,,0,0,Grand Total,,,0,0,,,,,
39,Tue,2026-09-22 00:00:00,Converting ,Cartoner 1,,,,,,,,,,0,0,Grand Total,,,0,0,,,,,
39,Thu,2026-09-24 00:00:00,Converting ,Cartoner 1,,,,,,,,,,0,0,Grand Total,,,0,0,,,,,
39,Fri,2026-09-25 00:00:00,Converting ,Cartoner 1,,,,,,,,,,0,0,Grand Total,,,0,0,,,,,
39,Sat,2026-09-26 00:00:00,Converting ,Cartoner 1,,,,,,,,,,0,0,Grand Total,,,0,0,,,,,
39,Sun,2026-09-27 00:00:00,Converting ,Cartoner 1,,,,,,,,,,0,0,Grand Total,,,0,0,,,,,
40,Mon,2026-09-28 00:00:00,Converting ,Cartoner 1,,,,,,,,,,0,0,Grand Total,,,0,0,,,,,
40,Tue,2026-09-29 00:00:00,Converting ,Cartoner 1,,,,,,,,,,0,0,Grand Total,,,0,0,,,,,
40,Wed,2026-09-30 00:00:00,Converting ,Cartoner 1,,,,,,,,,,0,0,Grand Total,,,0,0,,,,,
40,Thu,2026-10-01 00:00:00,Converting ,Cartoner 1,,,,,,,,,,0,0,Grand Total,,,0,0,,,,,
40,Fri,2026-10-02 00:00:00,Converting ,Cartoner 1,,,,,,,,,,0,0,Grand Total,,,0,0,,,,,
40,Sat,2026-10-03 00:00:00,Converting ,Cartoner 1,,,,,,,,,,0,0,Grand Total,,,0,0,,,,,
40,Sun,2026-10-04 00:00:00,Converting ,Cartoner 1,,,,,,,,,,0,0,Grand Total,,,0,0,,,,,
41,Mon,2026-10-05 00:00:00,Converting ,Cartoner 1,,,,,,,,,,0,0,Grand Total,,,0,0,,,,,
41,Tue,2026-10-06 00:00:00,Converting ,Cartoner 1,,,,,,,,,,0,0,Grand Total,,,0,0,,,,,
41,Wed,2026-10-07 00:00:00,Converting ,Cartoner 1,,,,,,,,,,0,0,Grand Total,,,0,0,,,,,
41,Thu,2026-10-08 00:00:00,Converting ,Cartoner 1,,,,,,,,,,0,0,Grand Total,,,0,0,,,,,
41,Fri,2026-10-09 00:00:00,Converting ,Cartoner 1,,,,,,,,,,0,0,Grand Total,,,0,0,,,,,
41,Sat,2026-10-10 00:00:00,Converting ,Cartoner 1,,,,,,,,,,0,0,Grand Total,,,0,0,,,,,
41,Sun,2026-10-11 00:00:00,Converting ,Cartoner 1,,,,,,,,,,0,0,Grand Total,,,0,0,,,,,
42,Mon,2026-10-12 00:00:00,Converting ,Cartoner 1,,,,,,,,,,0,0,Grand Total,,,0,0,,,,,
42,Tue,2026-10-13 00:00:00,Converting ,Cartoner 1,,,,,,,,,,0,0,Grand Total,,,0,0,,,,,
42,Wed,2026-10-14 00:00:00,Converting ,Cartoner 1,,,,,,,,,,0,0,Grand Total,,,0,0,,,,,
42,Thu,2026-10-15 00:00:00,Converting ,Cartoner 1,,,,,,,,,,0,0,Grand Total,,,0,0,,,,,
42,Fri,2026-10-16 00:00:00,Converting ,Cartoner 1,,,,,,,,,,0,0,Grand Total,,,0,0,,,,,
42,Sat,2026-10-17 00:00:00,Converting ,Cartoner 1,,,,,,,,,,0,0,Grand Total,,,0,0,,,,,
42,Sun,2026-10-18 00:00:00,Converting ,Cartoner 1,,,,,,,,,,0,0,Grand Total,,,0,0,,,,,
43,Mon,2026-10-19 00:00:00,Converting ,Cartoner 1,,,,,,,,,,0,0,Grand Total,,,0,0,,,,,
43,Tue,2026-10-20 00:00:00,Converting ,Cartoner 1,,,,,,,,,,0,0,Grand Total,,,0,0,,,,,
43,Wed,2026-10-21 00:00:00,Converting ,Cartoner 1,,,,,,,,,,0,0,Grand Total,,,0,0,,,,,
43,Thu,2026-10-22 00:00:00,Converting ,Cartoner 1,,,,,,,,,,0,0,Grand Total,,,0,0,,,,,
43,Fri,2026-10-23 00:00:00,Converting ,Cartoner 1,,,,,,,,,,0,0,Grand Total,,,0,0,,,,,
43,Sat,2026-10-24 00:00:00,Converting ,Cartoner 1,,,,,,,,,,0,0,Grand Total,,,0,0,,,,,
43,Sun,2026-10-25 00:00:00,Converting ,Cartoner 1,,,,,,,,,,0,0,Grand Total,,,0,0,,,,,
44,Mon,2026-10-26 00:00:00,Converting ,Cartoner 1,,,,,,,,,,0,0,Grand Total,,,0,0,,,,,
44,Tue,2026-10-27 00:00:00,Converting ,Cartoner 1,,,,,,,,,,0,0,Grand Total,,,0,0,,,,,
44,Wed,2026-10-28 00:00:00,Converting ,Cartoner 1,,,,,,,,,,0,0,Grand Total,,,0,0,,,,,
44,Thu,2026-10-29 00:00:00,Converting ,Cartoner 1,,,,,,,,,,0,0,Grand Total,,,0,0,,,,,
44,Fri,2026-10-30 00:00:00,Converting ,Cartoner 1,,,,,,,,,,0,0,Grand Total,,,0,0,,,,,
44,Sat,2026-10-31 00:00:00,Converting ,Cartoner 1,,,,,,,,,,0,0,Grand Total,,,0,0,,,,,
44,Sun,2026-11-01 00:00:00,Converting ,Cartoner 1,,,,,,,,,,0,0,Grand Total,,,0,0,,,,,
45,Mon,2026-11-02 00:00:00,Converting ,Cartoner 1,,,,,,,,,,0,0,Grand Total,,,0,0,,,,,
45,Tue,2026-11-03 00:00:00,Converting ,Cartoner 1,,,,,,,,,,0,0,Grand Total,,,0,0,,,,,
45,Wed,2026-11-04 00:00:00,Converting ,Cartoner 1,,,,,,,,,,0,0,Grand Total,,,0,0,,,,,
45,Thu,2026-11-05 00:00:00,Converting ,Cartoner 1,,,,,,,,,,0,0,Grand Total,,,0,0,,,,,
45,Fri,2026-11-06 00:00:00,Converting ,Cartoner 1,,,,,,,,,,0,0,Grand Total,,,0,0,,,,,
45,Sat,2026-11-07 00:00:00,Converting ,Cartoner 1,,,,,,,,,,0,0,Grand Total,,,0,0,,,,,
45,Sun,2026-11-08 00:00:00,Converting ,Cartoner 1,,,,,,,,,,0,0,Grand Total,,,0,0,,,,,
46,Mon,2026-11-09 00:00:00,Converting ,Cartoner 1,,,,,,,,,,0,0,Grand Total,,,0,0,,,,,
46,Tue,2026-11-10 00:00:00,Converting ,Cartoner 1,,,,,,,,,,0,0,Grand Total,,,0,0,,,,,
46,Wed,2026-11-11 00:00:00,Converting ,Cartoner 1,,,,,,,,,,0,0,Grand Total,,,0,0,,,,,
46,Thu,2026-11-12 00:00:00,Converting ,Cartoner 1,,,,,,,,,,0,0,Grand Total,,,0,0,,,,,
46,Fri,2026-11-13 00:00:00,Converting ,Cartoner 1,,,,,,,,,,0,0,Grand Total,,,0,0,,,,,
46,Sat,2026-11-14 00:00:00,Converting ,Cartoner 1,,,,,,,,,,0,0,Grand Total,,,0,0,,,,,
46,Sun,2026-11-15 00:00:00,Converting ,Cartoner 1,,,,,,,,,,0,0,Grand Total,,,0,0,,,,,
47,Mon,2026-11-16 00:00:00,Converting ,Cartoner 1,,,,,,,,,,0,0,Grand Total,,,0,0,,,,,
47,Tue,2026-11-17 00:00:00,Converting ,Cartoner 1,,,,,,,,,,0,0,Grand Total,,,0,0,,,,,
47,Wed,2026-11-18 00:00:00,Converting ,Cartoner 1,,,,,,,,,,0,0,Grand Total,,,0,0,,,,,
47,Thu,2026-11-19 00:00:00,Converting ,Cartoner 1,,,,,,,,,,0,0,Grand Total,,,0,0,,,,,
47,Fri,2026-11-20 00:00:00,Converting ,Cartoner 1,,,,,,,,,,0,0,Grand Total,,,0,0,,,,,
47,Sat,2026-11-21 00:00:00,Converting ,Cartoner 1,,,,,,,,,,0,0,Grand Total,,,0,0,,,,,
47,Sun,2026-11-22 00:00:00,Converting ,Cartoner 1,,,,,,,,,,0,0,Grand Total,,,0,0,,,,,
48,Mon,2026-11-23 00:00:00,Converting ,Cartoner 1,,,,,,,,,,0,0,Grand Total,,,0,0,,,,,
48,Tue,2026-11-24 00:00:00,Converting ,Cartoner 1,,,,,,,,,,0,0,Grand Total,,,0,0,,,,,
48,Wed,2026-11-25 00:00:00,Converting ,Cartoner 1,,,,,,,,,,0,0,Grand Total,,,0,0,,,,,
48,Thu,2026-11-26 00:00:00,Converting ,Cartoner 1,,,,,,,,,,0,0,Grand Total,,,0,0,,,,,
48,Fri,2026-11-27 00:00:00,Converting ,Cartoner 1,,,,,,,,,,0,0,Grand Total,,,0,0,,,,,
48,Sat,2026-11-28 00:00:00,Converting ,Cartoner 1,,,,,,,,,,0,0,Grand Total,,,0,0,,,,,
48,Sun,2026-11-29 00:00:00,Converting ,Cartoner 1,,,,,,,,,,0,0,Grand Total,,,0,0,,,,,
49,Mon,2026-11-30 00:00:00,Converting ,Cartoner 1,,,,,,,,,,0,0,Grand Total,,,0,0,,,,,
49,Tue,2026-12-01 00:00:00,Converting ,Cartoner 1,,,,,,,,,,0,0,Grand Total,,,0,0,,,,,
49,Wed,2026-12-02 00:00:00,Converting ,Cartoner 1,,,,,,,,,,0,0,Grand Total,,,0,0,,,,,
49,Thu,2026-12-03 00:00:00,Converting ,Cartoner 1,,,,,,,,,,0,0,Grand Total,,,0,0,,,,,
49,Fri,2026-12-04 00:00:00,Converting ,Cartoner 1,,,,,,,,,,0,0,Grand Total,,,0,0,,,,,
49,Sat,2026-12-05 00:00:00,Converting ,Cartoner 1,,,,,,,,,,0,0,Grand Total,,,0,0,,,,,
49,Sun,2026-12-06 00:00:00,Converting ,Cartoner 1,,,,,,,,,,0,0,Grand Total,,,0,0,,,,,
50,Mon,2026-12-07 00:00:00,Converting ,Cartoner 1,,,,,,,,,,0,0,Grand Total,,,0,0,,,,,
50,Tue,2026-12-08 00:00:00,Converting ,Cartoner 1,,,,,,,,,,0,0,Grand Total,,,0,0,,,,,
50,Wed,2026-12-09 00:00:00,Converting ,Cartoner 1,,,,,,,,,,0,0,Grand Total,,,0,0,,,,,
50,Thu,2026-12-10 00:00:00,Converting ,Cartoner 1,,,,,,,,,,0,0,Grand Total,,,0,0,,,,,
50,Fri,2026-12-11 00:00:00,Converting ,Cartoner 1,,,,,,,,,,0,0,Grand Total,,,0,0,,,,,
50,Sat,2026-12-12 00:00:00,Converting ,Cartoner 1,,,,,,,,,,0,0,Grand Total,,,0,0,,,,,
50,Sun,2026-12-13 00:00:00,Converting ,Cartoner 1,,,,,,,,,,0,0,Grand Total,,,0,0,,,,,
51,Mon,2026-12-14 00:00:00,Converting ,Cartoner 1,,,,,,,,,,0,0,Grand Total,,,0,0,,,,,
51,Tue,2026-12-15 00:00:00,Converting ,Cartoner 1,,,,,,,,,,0,0,Grand Total,,,0,0,,,,,
51,Wed,2026-12-16 00:00:00,Converting ,Cartoner 1,,,,,,,,,,0,0,Grand Total,,,0,0,,,,,
51,Thu,2026-12-17 00:00:00,Converting ,Cartoner 1,,,,,,,,,,0,0,Grand Total,,,0,0,,,,,
51,Fri,2026-12-18 00:00:00,Converting ,Cartoner 1,,,,,,,,,,0,0,Grand Total,,,0,0,,,,,
51,Sat,2026-12-19 00:00:00,Converting ,Cartoner 1,,,,,,,,,,0,0,Grand Total,,,0,0,,,,,
51,Sun,2026-12-20 00:00:00,Converting ,Cartoner 1,,,,,,,,,,0,0,Grand Total,,,0,0,,,,,
52,Mon,2026-12-21 00:00:00,Converting ,Cartoner 1,,,,,,,,,,0,0,Grand Total,,,0,0,,,,,
52,Tue,2026-12-22 00:00:00,Converting ,Cartoner 1,,,,,,,,,,0,0,Grand Total,,,0,0,,,,,
52,Wed,2026-12-23 00:00:00,Converting ,Cartoner 1,,,,,,,,,,0,0,Grand Total,,,0,0,,,,,
52,Thu,2026-12-24 00:00:00,Converting ,Cartoner 1,,,,,,,,,,0,0,Grand Total,,,0,0,,,,,
52,Fri,2026-12-25 00:00:00,Converting ,Cartoner 1,,,,,,,,,,0,0,Grand Total,,,0,0,,,,,
52,Sat,2026-12-26 00:00:00,Converting ,Cartoner 1,,,,,,,,,,0,0,Grand Total,,,0,0,,,,,
52,Sun,2026-12-27 00:00:00,Converting ,Cartoner 1,,,,,,,,,,0,0,Grand Total,,,0,0,,,,,
53,Mon,2026-12-28 00:00:00,Converting ,Cartoner 1,,,,,,,,,,0,0,Grand Total,,,0,0,,,,,
53,Tue,2026-12-29 00:00:00,Converting ,Cartoner 1,,,,,,,,,,0,0,Grand Total,,,0,0,,,,,
53,Wed,2026-12-30 00:00:00,Converting ,Cartoner 1,,,,,,,,,,0,0,Grand Total,,,0,0,,,,,
53,Thu,2026-12-31 00:00:00,Converting ,Cartoner 1,,,,,,,,,,0,0,Grand Total,,,0,0,,,,,
1,Thu,2026-01-01 00:00:00,Converting ,Tray Sealer,,,,,,,,,,0,0,Grand Total,,,0,0,,,,,
1,Fri,2026-01-02 00:00:00,Converting ,Tray Sealer,,,,,,,,,,0,0,Grand Total,,,0,0,,,,,
1,Tue,2023-01-03 00:00:00,Converting ,Tray Sealer,,,,,,,,,,0,0,Grand Total,,,0,0,,,,,
1,Sun,2026-01-04 00:00:00,Converting ,Tray Sealer,,,,,,,,,,0,0,Grand Total,,,0,0,,,,,
2,Mon,2026-01-05 00:00:00,Converting ,Tray Sealer,,,,,,,,,,0,0,Grand Total,,,0,0,,,,,
2,Tue,2026-01-06 00:00:00,Converting ,Tray Sealer,,,,,,,,,,0,0,Grand Total,,,0,0,,,,,
2,Wed,2026-01-07 00:00:00,Converting ,Tray Sealer,,,,,,,,,,0,0,Grand Total,,,0,0,,,,,
2,Thu,2026-01-08 00:00:00,Converting ,Tray Sealer,,,,,,,,,,0,0,Grand Total,,,0,0,,,,,
2,Fri,2026-01-09 00:00:00,Converting ,Tray Sealer,,,,,,,,,,0,0,Grand Total,,,0,0,,,,,
2,Sat,2026-01-10 00:00:00,Converting ,Tray Sealer,,,,,,,,,,0,0,Grand Total,,,0,0,,,,,
2,Sun,2026-01-11 00:00:00,Converting ,Tray Sealer,,,,,,,,,,0,0,Grand Total,,,0,0,,,,,
3,Mon,2026-01-12 00:00:00,Converting ,Tray Sealer,,,,,,,,,,0,0,Grand Total,,,0,0,,,,,
3,Tue,2026-01-13 00:00:00,Converting ,Tray Sealer,,,,,,,,,,0,0,Grand Total,,,0,0,,,,,
3,Wed,2026-01-14 00:00:00,Converting ,Tray Sealer,,,,,,,,,,0,0,Grand Total,,,0,0,,,,,
3,Thu,2026-01-15 00:00:00,Converting ,Tray Sealer,,,,,,,,,,0,0,Grand Total,,,0,0,,,,,
3,Fri,2026-01-16 00:00:00,Converting ,Tray Sealer,,,,,,,,,,0,0,Grand Total,,,0,0,,,,,
3,Sat,2026-01-17 00:00:00,Converting ,Tray Sealer,,,,,,,,,,0,0,Grand Total,,,0,0,,,,,
3,Sun,2026-01-18 00:00:00,Converting ,Tray Sealer,,,,,,,,,,0,0,Grand Total,,,0,0,,,,,
4,Mon,2026-01-19 00:00:00,Converting ,Tray Sealer,,,,,,,,,,0,0,Grand Total,,,0,0,,,,,
4,Tue,2026-01-20 00:00:00,Converting ,Tray Sealer,,,,,,,,,,0,0,Grand Total,,,0,0,,,,,
4,Wed,2026-01-21 00:00:00,Converting ,Tray Sealer,,,,,,,,,,0,0,Grand Total,,,0,0,,,,,
4,Thu,2026-01-22 00:00:00,Converting ,Tray Sealer,,,,,,,,,,0,0,Grand Total,,,0,0,,,,,
4,Fri,2026-01-23 00:00:00,Converting ,Tray Sealer,,,,,,,,,,0,0,Grand Total,,,0,0,,,,,
4,Sat,2026-01-24 00:00:00,Converting ,Tray Sealer,,,,,,,,,,0,0,Grand Total,,,0,0,,,,,
4,Sun,2026-01-25 00:00:00,Converting ,Tray Sealer,,,,,,,,,,0,0,Grand Total,,,0,0,,,,,
5,Mon,2026-01-26 00:00:00,Converting ,Tray Sealer,,,,,,,,,,0,0,Grand Total,,,0,0,,,,,
5,Tue,2026-01-27 00:00:00,Converting ,Tray Sealer,,,,,,,,,,0,0,Grand Total,,,0,0,,,,,
5,Wed,2026-01-28 00:00:00,Converting ,Tray Sealer,,,,,,,,,,0,0,Grand Total,,,0,0,,,,,
5,Thu,2026-01-29 00:00:00,Converting ,Tray Sealer,,,,,,,,,,0,0,Grand Total,,,0,0,,,,,
5,Fri,2026-01-30 00:00:00,Converting ,Tray Sealer,,,,,,,,,,0,0,Grand Total,,,0,0,,,,,
5,Sat,2026-01-31 00:00:00,Converting ,Tray Sealer,,,,,,,,,,0,0,Grand Total,,,0,0,,,,,
5,Sun,2026-02-01 00:00:00,Converting ,Tray Sealer,,,,,,,,,,0,0,Grand Total,,,0,0,,,,,
6,Mon,2026-02-02 00:00:00,Converting ,Tray Sealer,,,,,,,,,,0,0,Grand Total,,,0,0,,,,,
6,Tue,2026-02-03 00:00:00,Converting ,Tray Sealer,,,,,,,,,,0,0,Grand Total,,,0,0,,,,,
6,Wed,2026-02-04 00:00:00,Converting ,Tray Sealer,,,,,,,,,,0,0,Grand Total,,,0,0,,,,,
6,Thu,2026-02-05 00:00:00,Converting ,Tray Sealer,,,,,,,,,,0,0,Grand Total,,,0,0,,,,,
6,Fri,2026-02-06 00:00:00,Converting ,Tray Sealer,,,,,,,,,,0,0,Grand Total,,,0,0,,,,,
6,Sat,2026-02-07 00:00:00,Converting ,Tray Sealer,,,,,,,,,,0,0,Grand Total,,,0,0,,,,,
6,Sun,2026-02-08 00:00:00,Converting ,Tray Sealer,,,,,,,,,,0,0,Grand Total,,,0,0,,,,,
7,Mon,2026-02-09 00:00:00,Converting ,Tray Sealer,,,,,,,,,,0,0,Grand Total,,,0,0,,,,,
7,Tue,2026-02-10 00:00:00,Converting ,Tray Sealer,,,,,,,,,,0,0,Grand Total,,,0,0,,,,,
7,Wed,2026-02-11 00:00:00,Converting ,Tray Sealer,,,,,,,,,,0,0,Grand Total,,,0,0,,,,,
7,Thu,2026-02-12 00:00:00,Converting ,Tray Sealer,,,,,,,,,,0,0,Grand Total,,,0,0,,,,,
7,Fri,2026-02-13 00:00:00,Converting ,Tray Sealer,,,,,,,,,,0,0,Grand Total,,,0,0,,,,,
7,Sat,2026-02-14 00:00:00,Converting ,Tray Sealer,,,,,,,,,,0,0,Grand Total,,,0,0,,,,,
7,Sun,2026-02-15 00:00:00,Converting ,Tray Sealer,,,,,,,,,,0,0,Grand Total,,,0,0,,,,,
8,Mon,2026-02-16 00:00:00,Converting ,Tray Sealer,,,,,,,,,,0,0,Grand Total,,,0,0,,,,,
8,Tue,2026-02-17 00:00:00,Converting ,Tray Sealer,,,,,,,,,,0,0,Grand Total,,,0,0,,,,,
8,Wed,2026-02-18 00:00:00,Converting ,Tray Sealer,,,,,,,,,,0,0,Grand Total,,,0,0,,,,,
8,Thu,2026-02-19 00:00:00,Converting ,Tray Sealer,,,,,,,,,,0,0,Grand Total,,,0,0,,,,,
8,Fri,2026-02-20 00:00:00,Converting ,Tray Sealer,,,,,,,,,,0,0,Grand Total,,,0,0,,,,,
8,Sat,2026-02-21 00:00:00,Converting ,Tray Sealer,,,,,,,,,,0,0,Grand Total,,,0,0,,,,,
8,Sun,2026-02-22 00:00:00,Converting ,Tray Sealer,,,,,,,,,,0,0,Grand Total,,,0,0,,,,,
9,Mon,2026-02-23 00:00:00,Converting ,Tray Sealer,,,,,,,,,,0,0,Grand Total,,,0,0,,,,,
9,Tue,2026-02-24 00:00:00,Converting ,Tray Sealer,,,,,,,,,,0,0,Grand Total,,,0,0,,,,,
9,Wed,2026-02-25 00:00:00,Converting ,Tray Sealer,,,,,,,,,,0,0,Grand Total,,,0,0,,,,,
9,Thu,2026-02-26 00:00:00,Converting ,Tray Sealer,,,,,,,,,,0,0,Grand Total,,,0,0,,,,,
9,Fri,2026-02-27 00:00:00,Converting ,Tray Sealer,,,,,,,,,,0,0,Grand Total,,,0,0,,,,,
9,Sat,2026-02-28 00:00:00,Converting ,Tray Sealer,,,,,,,,,,0,0,Grand Total,,,0,0,,,,,
9,Sun,2026-03-01 00:00:00,Converting ,Tray Sealer,,,,,,,,,,0,0,Grand Total,,,0,0,,,,,
10,Mon,2026-03-02 00:00:00,Converting ,Tray Sealer,,,,,,,,,,0,0,Grand Total,,,0,0,,,,,
10,Tue,2026-03-03 00:00:00,Converting ,Tray Sealer,,,,,,,,,,0,0,Grand Total,,,0,0,,,,,
10,Wed,2026-03-04 00:00:00,Converting ,Tray Sealer,,,,,,,,,,0,0,Grand Total,,,0,0,,,,,
10,Thu,2026-03-05 00:00:00,Converting ,Tray Sealer,,,,,,,,,,0,0,Grand Total,,,0,0,,,,,
10,Fri,2026-03-06 00:00:00,Converting ,Tray Sealer,,,,,,,,,,0,0,Grand Total,,,0,0,,,,,
10,Sat,2026-03-07 00:00:00,Converting ,Tray Sealer,,,,,,,,,,0,0,Grand Total,,,0,0,,,,,
10,Sun,2026-03-08 00:00:00,Converting ,Tray Sealer,,,,,,,,,,0,0,Grand Total,,,0,0,,,,,
11,Mon,2026-03-09 00:00:00,Converting ,Tray Sealer,,,,,,,,,,0,0,Grand Total,,,0,0,,,,,
11,Tue,2026-03-10 00:00:00,Converting ,Tray Sealer,,,,,,,,,,0,0,Grand Total,,,0,0,,,,,
11,Wed,2026-03-11 00:00:00,Converting ,Tray Sealer,,,,,,,,,,0,0,Grand Total,,,0,0,,,,,
11,Thu,2026-03-12 00:00:00,Converting ,Tray Sealer,,,,,,,,,,0,0,Grand Total,,,0,0,,,,,
11,Fri,2026-03-13 00:00:00,Converting ,Tray Sealer,,,,,,,,,,0,0,Grand Total,,,0,0,,,,,
11,Sat,2026-03-14 00:00:00,Converting ,Tray Sealer,,,,,,,,,,0,0,Grand Total,,,0,0,,,,,
11,Sun,2026-03-15 00:00:00,Converting ,Tray Sealer,,,,,,,,,,0,0,Grand Total,,,0,0,,,,,
12,Mon,2026-03-16 00:00:00,Converting ,Tray Sealer,,,,,,,,,,0,0,Grand Total,,,0,0,,,,,
12,Tue,2026-03-17 00:00:00,Converting ,Tray Sealer,,,,,,,,,,0,0,Grand Total,,,0,0,,,,,
12,Wed,2026-03-18 00:00:00,Converting ,Tray Sealer,,,,,,,,,,0,0,Grand Total,,,0,0,,,,,
12,Thu,2026-03-19 00:00:00,Converting ,Tray Sealer,,,,,,,,,,0,0,Grand Total,,,0,0,,,,,
12,Fri,2026-03-20 00:00:00,Converting ,Tray Sealer,,,,,,,,,,0,0,Grand Total,,,0,0,,,,,
12,Sat,2026-03-21 00:00:00,Converting ,Tray Sealer,,,,,,,,,,0,0,Grand Total,,,0,0,,,,,
12,Sun,2026-03-22 00:00:00,Converting ,Tray Sealer,,,,,,,,,,0,0,Grand Total,,,0,0,,,,,
13,Mon,2026-03-23 00:00:00,Converting ,Tray Sealer,,,,,,,,,,0,0,Grand Total,,,0,0,,,,,
13,Tue,2026-03-24 00:00:00,Converting ,Tray Sealer,,,,,,,,,,0,0,Grand Total,,,0,0,,,,,
13,Wed,2026-03-25 00:00:00,Converting ,Tray Sealer,,,,,,,,,,0,0,Grand Total,,,0,0,,,,,
13,Thu,2026-03-26 00:00:00,Converting ,Tray Sealer,,,,,,,,,,0,0,Grand Total,,,0,0,,,,,
13,Fri,2026-03-27 00:00:00,Converting ,Tray Sealer,,,,,,,,,,0,0,Grand Total,,,0,0,,,,,
13,Sat,2026-03-28 00:00:00,Converting ,Tray Sealer,,,,,,,,,,0,0,Grand Total,,,0,0,,,,,
13,Sun,2026-03-29 00:00:00,Converting ,Tray Sealer,,,,,,,,,,0,0,Grand Total,,,0,0,,,,,
14,Mon,2026-03-30 00:00:00,Converting ,Tray Sealer,,,,,,,,,,0,0,Grand Total,,,0,0,,,,,
14,Tue,2026-03-31 00:00:00,Converting ,Tray Sealer,,,,,,,,,,0,0,Grand Total,,,0,0,,,,,
14,Wed,2026-04-01 00:00:00,Converting ,Tray Sealer,,,,,,,,,,0,0,Grand Total,,,0,0,,,,,
14,Thu,2026-04-02 00:00:00,Converting ,Tray Sealer,,,,,,,,,,0,0,Grand Total,,,0,0,,,,,
14,Fri,2026-04-03 00:00:00,Converting ,Tray Sealer,,,,,,,,,,0,0,Grand Total,,,0,0,,,,,
14,Sat,2026-04-04 00:00:00,Converting ,Tray Sealer,,,,,,,,,,0,0,Grand Total,,,0,0,,,,,
14,Sun,2026-04-05 00:00:00,Converting ,Tray Sealer,,,,,,,,,,0,0,Grand Total,,,0,0,,,,,
15,Mon,2026-04-06 00:00:00,Converting ,Tray Sealer,,,,,,,,,,0,0,Grand Total,,,0,0,,,,,
15,Tue,2026-04-07 00:00:00,Converting ,Tray Sealer,,,,,,,,,,0,0,Grand Total,,,0,0,,,,,
15,Wed,2026-04-08 00:00:00,Converting ,Tray Sealer,,,,,,,,,,0,0,Grand Total,,,0,0,,,,,
15,Thu,2026-04-09 00:00:00,Converting ,Tray Sealer,,,,,,,,,,0,0,Grand Total,,,0,0,,,,,
15,Fri,2026-04-10 00:00:00,Converting ,Tray Sealer,,,,,,,,,,0,0,Grand Total,,,0,0,,,,,
15,Sat,2026-04-11 00:00:00,Converting ,Tray Sealer,,,,,,,,,,0,0,Grand Total,,,0,0,,,,,
15,Sun,2026-04-12 00:00:00,Converting ,Tray Sealer,,,,,,,,,,0,0,Grand Total,,,0,0,,,,,
16,Mon,2026-04-13 00:00:00,Converting ,Tray Sealer,,,,,,,,,,0,0,Grand Total,,,0,0,,,,,
16,Tue,2026-04-14 00:00:00,Converting ,Tray Sealer,,,,,,,,,,0,0,Grand Total,,,0,0,,,,,
16,Wed,2026-04-15 00:00:00,Converting ,Tray Sealer,,,,,,,,,,0,0,Grand Total,,,0,0,,,,,
16,Thu,2026-04-16 00:00:00,Converting ,Tray Sealer,,,,,,,,,,0,0,Grand Total,,,0,0,,,,,
16,Fri,2026-04-17 00:00:00,Converting ,Tray Sealer,,,,,,,,,,0,0,Grand Total,,,0,0,,,,,
16,Sat,2026-04-18 00:00:00,Converting ,Tray Sealer,,,,,,,,,,0,0,Grand Total,,,0,0,,,,,
16,Sun,2026-04-19 00:00:00,Converting ,Tray Sealer,,,,,,,,,,0,0,Grand Total,,,0,0,,,,,
17,Mon,2026-04-20 00:00:00,Converting ,Tray Sealer,,,,,,,,,,0,0,Grand Total,,,0,0,,,,,
17,Tue,2026-04-21 00:00:00,Converting ,Tray Sealer,,,,,,,,,,0,0,Grand Total,,,0,0,,,,,
17,Wed,2026-04-22 00:00:00,Converting ,Tray Sealer,,,,,,,,,,0,0,Grand Total,,,0,0,,,,,
17,Thu,2026-04-23 00:00:00,Converting ,Tray Sealer,,,,,,,,,,0,0,Grand Total,,,0,0,,,,,
17,Fri,2026-04-24 00:00:00,Converting ,Tray Sealer,,,,,,,,,,0,0,Grand Total,,,0,0,,,,,
17,Sat,2026-04-25 00:00:00,Converting ,Tray Sealer,,,,,,,,,,0,0,Grand Total,,,0,0,,,,,
17,Sun,2026-04-26 00:00:00,Converting ,Tray Sealer,,,,,,,,,,0,0,Grand Total,,,0,0,,,,,
18,Mon,2026-04-27 00:00:00,Converting ,Tray Sealer,,,,,,,,,,0,0,Grand Total,,,0,0,,,,,
18,Tue,2026-04-28 00:00:00,Converting ,Tray Sealer,,,,,,,,,,0,0,Grand Total,,,0,0,,,,,
18,Wed,2026-04-29 00:00:00,Converting ,Tray Sealer,,,,,,,,,,0,0,Grand Total,,,0,0,,,,,
18,Thu,2026-04-30 00:00:00,Converting ,Tray Sealer,,,,,,,,,,0,0,Grand Total,,,0,0,,,,,
18,Fri,2026-05-01 00:00:00,Converting ,Tray Sealer,,,,,,,,,,0,0,Grand Total,,,0,0,,,,,
18,Sat,2026-05-02 00:00:00,Converting ,Tray Sealer,,,,,,,,,,0,0,Grand Total,,,0,0,,,,,
18,Sun,2026-05-03 00:00:00,Converting ,Tray Sealer,,,,,,,,,,0,0,Grand Total,,,0,0,,,,,
19,Mon,2026-05-04 00:00:00,Converting ,Tray Sealer,,,,,,,,,,0,0,Grand Total,,,0,0,,,,,
19,Tue,2026-05-05 00:00:00,Converting ,Tray Sealer,,,,,,,,,,0,0,Grand Total,,,0,0,,,,,
19,Wed,2026-05-06 00:00:00,Converting ,Tray Sealer,,,,,,,,,,0,0,Grand Total,,,0,0,,,,,
19,Thu,2026-05-07 00:00:00,Converting ,Tray Sealer,,,,,,,,,,0,0,Grand Total,,,0,0,,,,,
19,Fri,2026-05-08 00:00:00,Converting ,Tray Sealer,,,,,,,,,,0,0,Grand Total,,,0,0,,,,,
19,Sat,2026-05-09 00:00:00,Converting ,Tray Sealer,,,,,,,,,,0,0,Grand Total,,,0,0,,,,,
19,Sun,2026-05-10 00:00:00,Converting ,Tray Sealer,,,,,,,,,,0,0,Grand Total,,,0,0,,,,,
20,Mon,2026-05-11 00:00:00,Converting ,Tray Sealer,,,,,,,,,,0,0,Grand Total,,,0,0,,,,,
20,Tue,2026-05-12 00:00:00,Converting ,Tray Sealer,,,,,,,,,,0,0,Grand Total,,,0,0,,,,,
20,Wed,2026-05-13 00:00:00,Converting ,Tray Sealer,,,,,,,,,,0,0,Grand Total,,,0,0,,,,,
20,Thu,2026-05-14 00:00:00,Converting ,Tray Sealer,,,,,,,,,,0,0,Grand Total,,,0,0,,,,,
20,Fri,2026-05-15 00:00:00,Converting ,Tray Sealer,,,,,,,,,,0,0,Grand Total,,,0,0,,,,,
20,Sat,2026-05-16 00:00:00,Converting ,Tray Sealer,,,,,,,,,,0,0,Grand Total,,,0,0,,,,,
20,Sun,2026-05-17 00:00:00,Converting ,Tray Sealer,,,,,,,,,,0,0,Grand Total,,,0,0,,,,,
21,Mon,2026-05-18 00:00:00,Converting ,Tray Sealer,,,,,,,,,,0,0,Grand Total,,,0,0,,,,,
21,Tue,2026-05-19 00:00:00,Converting ,Tray Sealer,,,,,,,,,,0,0,Grand Total,,,0,0,,,,,
21,Wed,2026-05-20 00:00:00,Converting ,Tray Sealer,,,,,,,,,,0,0,Grand Total,,,0,0,,,,,
21,Thu,2026-05-21 00:00:00,Converting ,Tray Sealer,,,,,,,,,,0,0,Grand Total,,,0,0,,,,,
21,Fri,2026-05-22 00:00:00,Converting ,Tray Sealer,,,,,,,,,,0,0,Grand Total,,,0,0,,,,,
21,Sat,2026-05-23 00:00:00,Converting ,Tray Sealer,,,,,,,,,,0,0,Grand Total,,,0,0,,,,,
21,Sun,2026-05-24 00:00:00,Converting ,Tray Sealer,,,,,,,,,,0,0,Grand Total,,,0,0,,,,,
22,Mon,2026-05-25 00:00:00,Converting ,Tray Sealer,,,,,,,,,,0,0,Grand Total,,,0,0,,,,,
22,Tue,2026-05-26 00:00:00,Converting ,Tray Sealer,,,,,,,,,,0,0,Grand Total,,,0,0,,,,,
22,Wed,2026-05-27 00:00:00,Converting ,Tray Sealer,,,,,,,,,,0,0,Grand Total,,,0,0,,,,,
22,Thu,2026-05-28 00:00:00,Converting ,Tray Sealer,,,,,,,,,,0,0,Grand Total,,,0,0,,,,,
22,Fri,2026-05-29 00:00:00,Converting ,Tray Sealer,,,,,,,,,,0,0,Grand Total,,,0,0,,,,,
22,Sat,2026-05-30 00:00:00,Converting ,Tray Sealer,,,,,,,,,,0,0,Grand Total,,,0,0,,,,,
22,Sun,2026-05-31 00:00:00,Converting ,Tray Sealer,,,,,,,,,,0,0,Grand Total,,,0,0,,,,,
23,Mon,2026-06-01 00:00:00,Converting ,Tray Sealer,,,,,,,,,,0,0,Grand Total,,,0,0,,,,,
23,Tue,2026-06-02 00:00:00,Converting ,Tray Sealer,,,,,,,,,,0,0,Grand Total,,,0,0,,,,,
23,Wed,2026-06-03 00:00:00,Converting ,Tray Sealer,,,,,,,,,,0,0,Grand Total,,,0,0,,,,,
23,Thu,2026-06-04 00:00:00,Converting ,Tray Sealer,,,,,,,,,,0,0,Grand Total,,,0,0,,,,,
23,Fri,2026-06-05 00:00:00,Converting ,Tray Sealer,,,,,,,,,,0,0,Grand Total,,,0,0,,,,,
23,Sat,2026-06-06 00:00:00,Converting ,Tray Sealer,,,,,,,,,,0,0,Grand Total,,,0,0,,,,,
23,Sun,2026-06-07 00:00:00,Converting ,Tray Sealer,,,,,,,,,,0,0,Grand Total,,,0,0,,,,,
24,Mon,2026-06-08 00:00:00,Converting ,Tray Sealer,,,,,,,,,,0,0,Grand Total,,,0,0,,,,,
24,Tue,2026-06-09 00:00:00,Converting ,Tray Sealer,,,,,,,,,,0,0,Grand Total,,,0,0,,,,,
24,Wed,2026-06-10 00:00:00,Converting ,Tray Sealer,,,,,,,,,,0,0,Grand Total,,,0,0,,,,,
24,Thu,2026-06-11 00:00:00,Converting ,Tray Sealer,,,,,,,,,,0,0,Grand Total,,,0,0,,,,,
24,Fri,2026-06-12 00:00:00,Converting ,Tray Sealer,,,,,,,,,,0,0,Grand Total,,,0,0,,,,,
24,Sat,2026-06-13 00:00:00,Converting ,Tray Sealer,,,,,,,,,,0,0,Grand Total,,,0,0,,,,,
24,Sun,2026-06-14 00:00:00,Converting ,Tray Sealer,,,,,,,,,,0,0,Grand Total,,,0,0,,,,,
25,Mon,2026-06-15 00:00:00,Converting ,Tray Sealer,,,,,,,,,,0,0,Grand Total,,,0,0,,,,,
25,Tue,2026-06-16 00:00:00,Converting ,Tray Sealer,,,,,,,,,,0,0,Grand Total,,,0,0,,,,,
25,Wed,2026-06-17 00:00:00,Converting ,Tray Sealer,,,,,,,,,,0,0,Grand Total,,,0,0,,,,,
25,Thu,2026-06-18 00:00:00,Converting ,Tray Sealer,,,,,,,,,,0,0,Grand Total,,,0,0,,,,,
25,Fri,2026-06-19 00:00:00,Converting ,Tray Sealer,,,,,,,,,,0,0,Grand Total,,,0,0,,,,,
25,Sat,2026-06-20 00:00:00,Converting ,Tray Sealer,,,,,,,,,,0,0,Grand Total,,,0,0,,,,,
25,Sun,2026-06-21 00:00:00,Converting ,Tray Sealer,,,,,,,,,,0,0,Grand Total,,,0,0,,,,,
26,Mon,2026-06-22 00:00:00,Converting ,Tray Sealer,,,,,,,,,,0,0,Grand Total,,,0,0,,,,,
26,Tue,2026-06-23 00:00:00,Converting ,Tray Sealer,,,,,,,,,,0,0,Grand Total,,,0,0,,,,,
26,Wed,2026-06-24 00:00:00,Converting ,Tray Sealer,,,,,,,,,,0,0,Grand Total,,,0,0,,,,,
26,Thu,2026-06-25 00:00:00,Converting ,Tray Sealer,,,,,,,,,,0,0,Grand Total,,,0,0,,,,,
26,Fri,2026-06-26 00:00:00,Converting ,Tray Sealer,,,,,,,,,,0,0,Grand Total,,,0,0,,,,,
26,Sat,2026-06-27 00:00:00,Converting ,Tray Sealer,,,,,,,,,,0,0,Grand Total,,,0,0,,,,,
26,Sun,2026-06-28 00:00:00,Converting ,Tray Sealer,,,,,,,,,,0,0,Grand Total,,,0,0,,,,,
27,Mon,2026-06-29 00:00:00,Converting ,Tray Sealer,,,,,,,,,,0,0,Grand Total,,,0,0,,,,,
27,Tue,2026-06-30 00:00:00,Converting ,Tray Sealer,,,,,,,,,,0,0,Grand Total,,,0,0,,,,,
27,Wed,2026-07-01 00:00:00,Converting ,Tray Sealer,,,,,,,,,,0,0,Grand Total,,,0,0,,,,,
27,Thu,2026-07-02 00:00:00,Converting ,Tray Sealer,,,,,,,,,,0,0,Grand Total,,,0,0,,,,,
27,Fri,2026-07-03 00:00:00,Converting ,Tray Sealer,,,,,,,,,,0,0,Grand Total,,,0,0,,,,,
27,Sat,2026-07-04 00:00:00,Converting ,Tray Sealer,,,,,,,,,,0,0,Grand Total,,,0,0,,,,,
27,Sun,2026-07-05 00:00:00,Converting ,Tray Sealer,,,,,,,,,,0,0,Grand Total,,,0,0,,,,,
28,Mon,2026-07-06 00:00:00,Converting ,Tray Sealer,,,,,,,,,,0,0,Grand Total,,,0,0,,,,,
28,Tue,2026-07-07 00:00:00,Converting ,Tray Sealer,,,,,,,,,,0,0,Grand Total,,,0,0,,,,,
28,Wed,2026-07-08 00:00:00,Converting ,Tray Sealer,,,,,,,,,,0,0,Grand Total,,,0,0,,,,,
28,Thu,2026-07-09 00:00:00,Converting ,Tray Sealer,,,,,,,,,,0,0,Grand Total,,,0,0,,,,,
28,Fri,2026-07-10 00:00:00,Converting ,Tray Sealer,,,,,,,,,,0,0,Grand Total,,,0,0,,,,,
28,Sat,2026-07-11 00:00:00,Converting ,Tray Sealer,,,,,,,,,,0,0,Grand Total,,,0,0,,,,,
28,Sun,2026-07-12 00:00:00,Converting ,Tray Sealer,,,,,,,,,,0,0,Grand Total,,,0,0,,,,,
29,Mon,2026-07-13 00:00:00,Converting ,Tray Sealer,,,,,,,,,,0,0,Grand Total,,,0,0,,,,,
29,Tue,2026-07-14 00:00:00,Converting ,Tray Sealer,,,,,,,,,,0,0,Grand Total,,,0,0,,,,,
29,Wed,2026-07-15 00:00:00,Converting ,Tray Sealer,,,,,,,,,,0,0,Grand Total,,,0,0,,,,,
29,Thu,2026-07-16 00:00:00,Converting ,Tray Sealer,,,,,,,,,,0,0,Grand Total,,,0,0,,,,,
29,Fri,2026-07-17 00:00:00,Converting ,Tray Sealer,,,,,,,,,,0,0,Grand Total,,,0,0,,,,,
29,Sat,2026-07-18 00:00:00,Converting ,Tray Sealer,,,,,,,,,,0,0,Grand Total,,,0,0,,,,,
29,Sun,2026-07-19 00:00:00,Converting ,Tray Sealer,,,,,,,,,,0,0,Grand Total,,,0,0,,,,,
30,Mon,2026-07-20 00:00:00,Converting ,Tray Sealer,,,,,,,,,,0,0,Grand Total,,,0,0,,,,,
30,Tue,2026-07-21 00:00:00,Converting ,Tray Sealer,,,,,,,,,,0,0,Grand Total,,,0,0,,,,,
30,Wed,2026-07-22 00:00:00,Converting ,Tray Sealer,,,,,,,,,,0,0,Grand Total,,,0,0,,,,,
30,Thu,2026-07-23 00:00:00,Converting ,Tray Sealer,,,,,,,,,,0,0,Grand Total,,,0,0,,,,,
30,Fri,2026-07-24 00:00:00,Converting ,Tray Sealer,,,,,,,,,,0,0,Grand Total,,,0,0,,,,,
30,Sat,2026-07-25 00:00:00,Converting ,Tray Sealer,,,,,,,,,,0,0,Grand Total,,,0,0,,,,,
30,Sun,2026-07-26 00:00:00,Converting ,Tray Sealer,,,,,,,,,,0,0,Grand Total,,,0,0,,,,,
31,Mon,2026-07-27 00:00:00,Converting ,Tray Sealer,,,,,,,,,,0,0,Grand Total,,,0,0,,,,,
31,Tue,2026-07-28 00:00:00,Converting ,Tray Sealer,,,,,,,,,,0,0,Grand Total,,,0,0,,,,,
31,Wed,2026-07-29 00:00:00,Converting ,Tray Sealer,,,,,,,,,,0,0,Grand Total,,,0,0,,,,,
31,Thu,2026-07-30 00:00:00,Converting ,Tray Sealer,,,,,,,,,,0,0,Grand Total,,,0,0,,,,,
31,Fri,2026-07-31 00:00:00,Converting ,Tray Sealer,,,,,,,,,,0,0,Grand Total,,,0,0,,,,,
31,Sat,2026-08-01 00:00:00,Converting ,Tray Sealer,,,,,,,,,,0,0,Grand Total,,,0,0,,,,,
31,Sun,2026-08-02 00:00:00,Converting ,Tray Sealer,,,,,,,,,,0,0,Grand Total,,,0,0,,,,,
32,Mon,2026-08-03 00:00:00,Converting ,Tray Sealer,,,,,,,,,,0,0,Grand Total,,,0,0,,,,,
32,Tue,2026-08-04 00:00:00,Converting ,Tray Sealer,,,,,,,,,,0,0,Grand Total,,,0,0,,,,,
32,Wed,2026-08-05 00:00:00,Converting ,Tray Sealer,,,,,,,,,,0,0,Grand Total,,,0,0,,,,,
32,Thu,2026-08-06 00:00:00,Converting ,Tray Sealer,,,,,,,,,,0,0,Grand Total,,,0,0,,,,,
32,Fri,2026-08-07 00:00:00,Converting ,Tray Sealer,,,,,,,,,,0,0,Grand Total,,,0,0,,,,,
32,Sat,2026-08-08 00:00:00,Converting ,Tray Sealer,,,,,,,,,,0,0,Grand Total,,,0,0,,,,,
32,Sun,2026-08-09 00:00:00,Converting ,Tray Sealer,,,,,,,,,,0,0,Grand Total,,,0,0,,,,,
33,Mon,2026-08-10 00:00:00,Converting ,Tray Sealer,,,,,,,,,,0,0,Grand Total,,,0,0,,,,,
33,Tue,2026-08-11 00:00:00,Converting ,Tray Sealer,,,,,,,,,,0,0,Grand Total,,,0,0,,,,,
33,Wed,2026-08-12 00:00:00,Converting ,Tray Sealer,,,,,,,,,,0,0,Grand Total,,,0,0,,,,,
33,Thu,2026-08-13 00:00:00,Converting ,Tray Sealer,,,,,,,,,,0,0,Grand Total,,,0,0,,,,,
33,Fri,2026-08-14 00:00:00,Converting ,Tray Sealer,,,,,,,,,,0,0,Grand Total,,,0,0,,,,,
33,Sat,2026-08-15 00:00:00,Converting ,Tray Sealer,,,,,,,,,,0,0,Grand Total,,,0,0,,,,,
33,Sun,2026-08-16 00:00:00,Converting ,Tray Sealer,,,,,,,,,,0,0,Grand Total,,,0,0,,,,,
34,Mon,2026-08-17 00:00:00,Converting ,Tray Sealer,,,,,,,,,,0,0,Grand Total,,,0,0,,,,,
34,Tue,2026-08-18 00:00:00,Converting ,Tray Sealer,,,,,,,,,,0,0,Grand Total,,,0,0,,,,,
34,Wed,2026-08-19 00:00:00,Converting ,Tray Sealer,,,,,,,,,,0,0,Grand Total,,,0,0,,,,,
34,Thu,2026-08-20 00:00:00,Converting ,Tray Sealer,,,,,,,,,,0,0,Grand Total,,,0,0,,,,,
34,Fri,2026-08-21 00:00:00,Converting ,Tray Sealer,,,,,,,,,,0,0,Grand Total,,,0,0,,,,,
34,Sat,2026-08-22 00:00:00,Converting ,Tray Sealer,,,,,,,,,,0,0,Grand Total,,,0,0,,,,,
34,Sun,2026-08-23 00:00:00,Converting ,Tray Sealer,,,,,,,,,,0,0,Grand Total,,,0,0,,,,,
35,Mon,2026-08-24 00:00:00,Converting ,Tray Sealer,,,,,,,,,,0,0,Grand Total,,,0,0,,,,,
35,Tue,2026-08-25 00:00:00,Converting ,Tray Sealer,,,,,,,,,,0,0,Grand Total,,,0,0,,,,,
35,Wed,2026-08-26 00:00:00,Converting ,Tray Sealer,,,,,,,,,,0,0,Grand Total,,,0,0,,,,,
35,Thu,2026-08-27 00:00:00,Converting ,Tray Sealer,,,,,,,,,,0,0,Grand Total,,,0,0,,,,,
35,Fri,2026-08-28 00:00:00,Converting ,Tray Sealer,,,,,,,,,,0,0,Grand Total,,,0,0,,,,,
35,Sat,2026-08-29 00:00:00,Converting ,Tray Sealer,,,,,,,,,,0,0,Grand Total,,,0,0,,,,,
35,Sun,2026-08-30 00:00:00,Converting ,Tray Sealer,,,,,,,,,,0,0,Grand Total,,,0,0,,,,,
36,Mon,2026-08-31 00:00:00,Converting ,Tray Sealer,,,,,,,,,,0,0,Grand Total,,,0,0,,,,,
36,Tue,2026-09-01 00:00:00,Converting ,Tray Sealer,,,,,,,,,,0,0,Grand Total,,,0,0,,,,,
36,Wed,2026-09-02 00:00:00,Converting ,Tray Sealer,,,,,,,,,,0,0,Grand Total,,,0,0,,,,,
36,Thu,2026-09-03 00:00:00,Converting ,Tray Sealer,,,,,,,,,,0,0,Grand Total,,,0,0,,,,,
36,Fri,2026-09-04 00:00:00,Converting ,Tray Sealer,,,,,,,,,,0,0,Grand Total,,,0,0,,,,,
36,Sat,2026-09-05 00:00:00,Converting ,Tray Sealer,,,,,,,,,,0,0,Grand Total,,,0,0,,,,,
36,Sun,2026-09-06 00:00:00,Converting ,Tray Sealer,,,,,,,,,,0,0,Grand Total,,,0,0,,,,,
37,Mon,2026-09-07 00:00:00,Converting ,Tray Sealer,,,,,,,,,,0,0,Grand Total,,,0,0,,,,,
37,Tue,2026-09-08 00:00:00,Converting ,Tray Sealer,,,,,,,,,,0,0,Grand Total,,,0,0,,,,,
37,Wed,2026-09-09 00:00:00,Converting ,Tray Sealer,,,,,,,,,,0,0,Grand Total,,,0,0,,,,,
37,Thu,2026-09-10 00:00:00,Converting ,Tray Sealer,,,,,,,,,,0,0,Grand Total,,,0,0,,,,,
37,Fri,2026-09-11 00:00:00,Converting ,Tray Sealer,,,,,,,,,,0,0,Grand Total,,,0,0,,,,,
37,Sat,2026-09-12 00:00:00,Converting ,Tray Sealer,,,,,,,,,,0,0,Grand Total,,,0,0,,,,,
37,Sun,2026-09-13 00:00:00,Converting ,Tray Sealer,,,,,,,,,,0,0,Grand Total,,,0,0,,,,,
38,Mon,2026-09-14 00:00:00,Converting ,Tray Sealer,,,,,,,,,,0,0,Grand Total,,,0,0,,,,,
38,Tue,2026-09-15 00:00:00,Converting ,Tray Sealer,,,,,,,,,,0,0,Grand Total,,,0,0,,,,,
38,Wed,2026-09-16 00:00:00,Converting ,Tray Sealer,,,,,,,,,,0,0,Grand Total,,,0,0,,,,,
38,Thu,2026-09-17 00:00:00,Converting ,Tray Sealer,,,,,,,,,,0,0,Grand Total,,,0,0,,,,,
38,Fri,2026-09-18 00:00:00,Converting ,Tray Sealer,,,,,,,,,,0,0,Grand Total,,,0,0,,,,,
38,Sat,2026-09-19 00:00:00,Converting ,Tray Sealer,,,,,,,,,,0,0,Grand Total,,,0,0,,,,,
38,Sun,2026-09-20 00:00:00,Converting ,Tray Sealer,,,,,,,,,,0,0,Grand Total,,,0,0,,,,,
39,Mon,2026-09-21 00:00:00,Converting ,Tray Sealer,,,,,,,,,,0,0,Grand Total,,,0,0,,,,,
39,Tue,2026-09-22 00:00:00,Converting ,Tray Sealer,,,,,,,,,,0,0,Grand Total,,,0,0,,,,,
39,Thu,2026-09-24 00:00:00,Converting ,Tray Sealer,,,,,,,,,,0,0,Grand Total,,,0,0,,,,,
39,Fri,2026-09-25 00:00:00,Converting ,Tray Sealer,,,,,,,,,,0,0,Grand Total,,,0,0,,,,,
39,Sat,2026-09-26 00:00:00,Converting ,Tray Sealer,,,,,,,,,,0,0,Grand Total,,,0,0,,,,,
39,Sun,2026-09-27 00:00:00,Converting ,Tray Sealer,,,,,,,,,,0,0,Grand Total,,,0,0,,,,,
40,Mon,2026-09-28 00:00:00,Converting ,Tray Sealer,,,,,,,,,,0,0,Grand Total,,,0,0,,,,,
40,Tue,2026-09-29 00:00:00,Converting ,Tray Sealer,,,,,,,,,,0,0,Grand Total,,,0,0,,,,,
40,Wed,2026-09-30 00:00:00,Converting ,Tray Sealer,,,,,,,,,,0,0,Grand Total,,,0,0,,,,,
40,Thu,2026-10-01 00:00:00,Converting ,Tray Sealer,,,,,,,,,,0,0,Grand Total,,,0,0,,,,,
40,Fri,2026-10-02 00:00:00,Converting ,Tray Sealer,,,,,,,,,,0,0,Grand Total,,,0,0,,,,,
40,Sat,2026-10-03 00:00:00,Converting ,Tray Sealer,,,,,,,,,,0,0,Grand Total,,,0,0,,,,,
40,Sun,2026-10-04 00:00:00,Converting ,Tray Sealer,,,,,,,,,,0,0,Grand Total,,,0,0,,,,,
41,Mon,2026-10-05 00:00:00,Converting ,Tray Sealer,,,,,,,,,,0,0,Grand Total,,,0,0,,,,,
41,Tue,2026-10-06 00:00:00,Converting ,Tray Sealer,,,,,,,,,,0,0,Grand Total,,,0,0,,,,,
41,Wed,2026-10-07 00:00:00,Converting ,Tray Sealer,,,,,,,,,,0,0,Grand Total,,,0,0,,,,,
41,Thu,2026-10-08 00:00:00,Converting ,Tray Sealer,,,,,,,,,,0,0,Grand Total,,,0,0,,,,,
41,Fri,2026-10-09 00:00:00,Converting ,Tray Sealer,,,,,,,,,,0,0,Grand Total,,,0,0,,,,,
41,Sat,2026-10-10 00:00:00,Converting ,Tray Sealer,,,,,,,,,,0,0,Grand Total,,,0,0,,,,,
41,Sun,2026-10-11 00:00:00,Converting ,Tray Sealer,,,,,,,,,,0,0,Grand Total,,,0,0,,,,,
42,Mon,2026-10-12 00:00:00,Converting ,Tray Sealer,,,,,,,,,,0,0,Grand Total,,,0,0,,,,,
42,Tue,2026-10-13 00:00:00,Converting ,Tray Sealer,,,,,,,,,,0,0,Grand Total,,,0,0,,,,,
42,Wed,2026-10-14 00:00:00,Converting ,Tray Sealer,,,,,,,,,,0,0,Grand Total,,,0,0,,,,,
42,Thu,2026-10-15 00:00:00,Converting ,Tray Sealer,,,,,,,,,,0,0,Grand Total,,,0,0,,,,,
42,Fri,2026-10-16 00:00:00,Converting ,Tray Sealer,,,,,,,,,,0,0,Grand Total,,,0,0,,,,,
42,Sat,2026-10-17 00:00:00,Converting ,Tray Sealer,,,,,,,,,,0,0,Grand Total,,,0,0,,,,,
42,Sun,2026-10-18 00:00:00,Converting ,Tray Sealer,,,,,,,,,,0,0,Grand Total,,,0,0,,,,,
43,Mon,2026-10-19 00:00:00,Converting ,Tray Sealer,,,,,,,,,,0,0,Grand Total,,,0,0,,,,,
43,Tue,2026-10-20 00:00:00,Converting ,Tray Sealer,,,,,,,,,,0,0,Grand Total,,,0,0,,,,,
43,Wed,2026-10-21 00:00:00,Converting ,Tray Sealer,,,,,,,,,,0,0,Grand Total,,,0,0,,,,,
43,Thu,2026-10-22 00:00:00,Converting ,Tray Sealer,,,,,,,,,,0,0,Grand Total,,,0,0,,,,,
43,Fri,2026-10-23 00:00:00,Converting ,Tray Sealer,,,,,,,,,,0,0,Grand Total,,,0,0,,,,,
43,Sat,2026-10-24 00:00:00,Converting ,Tray Sealer,,,,,,,,,,0,0,Grand Total,,,0,0,,,,,
43,Sun,2026-10-25 00:00:00,Converting ,Tray Sealer,,,,,,,,,,0,0,Grand Total,,,0,0,,,,,
44,Mon,2026-10-26 00:00:00,Converting ,Tray Sealer,,,,,,,,,,0,0,Grand Total,,,0,0,,,,,
44,Tue,2026-10-27 00:00:00,Converting ,Tray Sealer,,,,,,,,,,0,0,Grand Total,,,0,0,,,,,
44,Wed,2026-10-28 00:00:00,Converting ,Tray Sealer,,,,,,,,,,0,0,Grand Total,,,0,0,,,,,
44,Thu,2026-10-29 00:00:00,Converting ,Tray Sealer,,,,,,,,,,0,0,Grand Total,,,0,0,,,,,
44,Fri,2026-10-30 00:00:00,Converting ,Tray Sealer,,,,,,,,,,0,0,Grand Total,,,0,0,,,,,
44,Sat,2026-10-31 00:00:00,Converting ,Tray Sealer,,,,,,,,,,0,0,Grand Total,,,0,0,,,,,
44,Sun,2026-11-01 00:00:00,Converting ,Tray Sealer,,,,,,,,,,0,0,Grand Total,,,0,0,,,,,
45,Mon,2026-11-02 00:00:00,Converting ,Tray Sealer,,,,,,,,,,0,0,Grand Total,,,0,0,,,,,
45,Tue,2026-11-03 00:00:00,Converting ,Tray Sealer,,,,,,,,,,0,0,Grand Total,,,0,0,,,,,
45,Wed,2026-11-04 00:00:00,Converting ,Tray Sealer,,,,,,,,,,0,0,Grand Total,,,0,0,,,,,
45,Thu,2026-11-05 00:00:00,Converting ,Tray Sealer,,,,,,,,,,0,0,Grand Total,,,0,0,,,,,
45,Fri,2026-11-06 00:00:00,Converting ,Tray Sealer,,,,,,,,,,0,0,Grand Total,,,0,0,,,,,
45,Sat,2026-11-07 00:00:00,Converting ,Tray Sealer,,,,,,,,,,0,0,Grand Total,,,0,0,,,,,
45,Sun,2026-11-08 00:00:00,Converting ,Tray Sealer,,,,,,,,,,0,0,Grand Total,,,0,0,,,,,
46,Mon,2026-11-09 00:00:00,Converting ,Tray Sealer,,,,,,,,,,0,0,Grand Total,,,0,0,,,,,
46,Tue,2026-11-10 00:00:00,Converting ,Tray Sealer,,,,,,,,,,0,0,Grand Total,,,0,0,,,,,
46,Wed,2026-11-11 00:00:00,Converting ,Tray Sealer,,,,,,,,,,0,0,Grand Total,,,0,0,,,,,
46,Thu,2026-11-12 00:00:00,Converting ,Tray Sealer,,,,,,,,,,0,0,Grand Total,,,0,0,,,,,
46,Fri,2026-11-13 00:00:00,Converting ,Tray Sealer,,,,,,,,,,0,0,Grand Total,,,0,0,,,,,
46,Sat,2026-11-14 00:00:00,Converting ,Tray Sealer,,,,,,,,,,0,0,Grand Total,,,0,0,,,,,
46,Sun,2026-11-15 00:00:00,Converting ,Tray Sealer,,,,,,,,,,0,0,Grand Total,,,0,0,,,,,
47,Mon,2026-11-16 00:00:00,Converting ,Tray Sealer,,,,,,,,,,0,0,Grand Total,,,0,0,,,,,
47,Tue,2026-11-17 00:00:00,Converting ,Tray Sealer,,,,,,,,,,0,0,Grand Total,,,0,0,,,,,
47,Wed,2026-11-18 00:00:00,Converting ,Tray Sealer,,,,,,,,,,0,0,Grand Total,,,0,0,,,,,
47,Thu,2026-11-19 00:00:00,Converting ,Tray Sealer,,,,,,,,,,0,0,Grand Total,,,0,0,,,,,
47,Fri,2026-11-20 00:00:00,Converting ,Tray Sealer,,,,,,,,,,0,0,Grand Total,,,0,0,,,,,
47,Sat,2026-11-21 00:00:00,Converting ,Tray Sealer,,,,,,,,,,0,0,Grand Total,,,0,0,,,,,
47,Sun,2026-11-22 00:00:00,Converting ,Tray Sealer,,,,,,,,,,0,0,Grand Total,,,0,0,,,,,
48,Mon,2026-11-23 00:00:00,Converting ,Tray Sealer,,,,,,,,,,0,0,Grand Total,,,0,0,,,,,
48,Tue,2026-11-24 00:00:00,Converting ,Tray Sealer,,,,,,,,,,0,0,Grand Total,,,0,0,,,,,
48,Wed,2026-11-25 00:00:00,Converting ,Tray Sealer,,,,,,,,,,0,0,Grand Total,,,0,0,,,,,
48,Thu,2026-11-26 00:00:00,Converting ,Tray Sealer,,,,,,,,,,0,0,Grand Total,,,0,0,,,,,
48,Fri,2026-11-27 00:00:00,Converting ,Tray Sealer,,,,,,,,,,0,0,Grand Total,,,0,0,,,,,
48,Sat,2026-11-28 00:00:00,Converting ,Tray Sealer,,,,,,,,,,0,0,Grand Total,,,0,0,,,,,
48,Sun,2026-11-29 00:00:00,Converting ,Tray Sealer,,,,,,,,,,0,0,Grand Total,,,0,0,,,,,
49,Mon,2026-11-30 00:00:00,Converting ,Tray Sealer,,,,,,,,,,0,0,Grand Total,,,0,0,,,,,
49,Tue,2026-12-01 00:00:00,Converting ,Tray Sealer,,,,,,,,,,0,0,Grand Total,,,0,0,,,,,
49,Wed,2026-12-02 00:00:00,Converting ,Tray Sealer,,,,,,,,,,0,0,Grand Total,,,0,0,,,,,
49,Thu,2026-12-03 00:00:00,Converting ,Tray Sealer,,,,,,,,,,0,0,Grand Total,,,0,0,,,,,
49,Fri,2026-12-04 00:00:00,Converting ,Tray Sealer,,,,,,,,,,0,0,Grand Total,,,0,0,,,,,
49,Sat,2026-12-05 00:00:00,Converting ,Tray Sealer,,,,,,,,,,0,0,Grand Total,,,0,0,,,,,
49,Sun,2026-12-06 00:00:00,Converting ,Tray Sealer,,,,,,,,,,0,0,Grand Total,,,0,0,,,,,
50,Mon,2026-12-07 00:00:00,Converting ,Tray Sealer,,,,,,,,,,0,0,Grand Total,,,0,0,,,,,
50,Tue,2026-12-08 00:00:00,Converting ,Tray Sealer,,,,,,,,,,0,0,Grand Total,,,0,0,,,,,
50,Wed,2026-12-09 00:00:00,Converting ,Tray Sealer,,,,,,,,,,0,0,Grand Total,,,0,0,,,,,
50,Thu,2026-12-10 00:00:00,Converting ,Tray Sealer,,,,,,,,,,0,0,Grand Total,,,0,0,,,,,
50,Fri,2026-12-11 00:00:00,Converting ,Tray Sealer,,,,,,,,,,0,0,Grand Total,,,0,0,,,,,
50,Sat,2026-12-12 00:00:00,Converting ,Tray Sealer,,,,,,,,,,0,0,Grand Total,,,0,0,,,,,
50,Sun,2026-12-13 00:00:00,Converting ,Tray Sealer,,,,,,,,,,0,0,Grand Total,,,0,0,,,,,
51,Mon,2026-12-14 00:00:00,Converting ,Tray Sealer,,,,,,,,,,0,0,Grand Total,,,0,0,,,,,
51,Tue,2026-12-15 00:00:00,Converting ,Tray Sealer,,,,,,,,,,0,0,Grand Total,,,0,0,,,,,
51,Wed,2026-12-16 00:00:00,Converting ,Tray Sealer,,,,,,,,,,0,0,Grand Total,,,0,0,,,,,
51,Thu,2026-12-17 00:00:00,Converting ,Tray Sealer,,,,,,,,,,0,0,Grand Total,,,0,0,,,,,
51,Fri,2026-12-18 00:00:00,Converting ,Tray Sealer,,,,,,,,,,0,0,Grand Total,,,0,0,,,,,
51,Sat,2026-12-19 00:00:00,Converting ,Tray Sealer,,,,,,,,,,0,0,Grand Total,,,0,0,,,,,
51,Sun,2026-12-20 00:00:00,Converting ,Tray Sealer,,,,,,,,,,0,0,Grand Total,,,0,0,,,,,
52,Mon,2026-12-21 00:00:00,Converting ,Tray Sealer,,,,,,,,,,0,0,Grand Total,,,0,0,,,,,
52,Tue,2026-12-22 00:00:00,Converting ,Tray Sealer,,,,,,,,,,0,0,Grand Total,,,0,0,,,,,
52,Wed,2026-12-23 00:00:00,Converting ,Tray Sealer,,,,,,,,,,0,0,Grand Total,,,0,0,,,,,
52,Thu,2026-12-24 00:00:00,Converting ,Tray Sealer,,,,,,,,,,0,0,Grand Total,,,0,0,,,,,
52,Fri,2026-12-25 00:00:00,Converting ,Tray Sealer,,,,,,,,,,0,0,Grand Total,,,0,0,,,,,
52,Sat,2026-12-26 00:00:00,Converting ,Tray Sealer,,,,,,,,,,0,0,Grand Total,,,0,0,,,,,
52,Sun,2026-12-27 00:00:00,Converting ,Tray Sealer,,,,,,,,,,0,0,Grand Total,,,0,0,,,,,
53,Mon,2026-12-28 00:00:00,Converting ,Tray Sealer,,,,,,,,,,0,0,Grand Total,,,0,0,,,,,
53,Tue,2026-12-29 00:00:00,Converting ,Tray Sealer,,,,,,,,,,0,0,Grand Total,,,0,0,,,,,
53,Wed,2026-12-30 00:00:00,Converting ,Tray Sealer,,,,,,,,,,0,0,Grand Total,,,0,0,,,,,
53,Thu,2026-12-31 00:00:00,Converting ,Tray Sealer,,,,,,,,,,0,0,Grand Total,,,0,0,,,,,
1,Thu,2026-01-01 00:00:00,Converting ,Spooler,,,,,,,,,,0,0,Grand Total,,,0,0,,,,,
1,Fri,2026-01-02 00:00:00,Converting ,Spooler,,,,,,,,,,0,0,Grand Total,,,0,0,,,,,
1,Tue,2023-01-03 00:00:00,Converting ,Spooler,,,,,,,,,,0,0,Grand Total,,,0,0,,,,,
1,Sun,2026-01-04 00:00:00,Converting ,Spooler,,,,,,,,,,0,0,Grand Total,,,0,0,,,,,
2,Mon,2026-01-05 00:00:00,Converting ,Spooler,,,,,,,,,,0,0,Grand Total,,,0,0,,,,,
2,Tue,2026-01-06 00:00:00,Converting ,Spooler,,,,,,,,,,0,0,Grand Total,,,0,0,,,,,
2,Wed,2026-01-07 00:00:00,Converting ,Spooler,,,,,,,,,,0,0,Grand Total,,,0,0,,,,,
2,Thu,2026-01-08 00:00:00,Converting ,Spooler,,,,,,,,,,0,0,Grand Total,,,0,0,,,,,
2,Fri,2026-01-09 00:00:00,Converting ,Spooler,,,,,,,,,,0,0,Grand Total,,,0,0,,,,,
2,Sat,2026-01-10 00:00:00,Converting ,Spooler,,,,,,,,,,0,0,Grand Total,,,0,0,,,,,
2,Sun,2026-01-11 00:00:00,Converting ,Spooler,,,,,,,,,,0,0,Grand Total,,,0,0,,,,,
3,Mon,2026-01-12 00:00:00,Converting ,Spooler,,,,,,,,,,0,0,Grand Total,,,0,0,,,,,
3,Tue,2026-01-13 00:00:00,Converting ,Spooler,,,,,,,,,,0,0,Grand Total,,,0,0,,,,,
3,Wed,2026-01-14 00:00:00,Converting ,Spooler,,,,,,,,,,0,0,Grand Total,,,0,0,,,,,
3,Thu,2026-01-15 00:00:00,Converting ,Spooler,,,,,,,,,,0,0,Grand Total,,,0,0,,,,,
3,Fri,2026-01-16 00:00:00,Converting ,Spooler,,,,,,,,,,0,0,Grand Total,,,0,0,,,,,
3,Sat,2026-01-17 00:00:00,Converting ,Spooler,,,,,,,,,,0,0,Grand Total,,,0,0,,,,,
3,Sun,2026-01-18 00:00:00,Converting ,Spooler,,,,,,,,,,0,0,Grand Total,,,0,0,,,,,
4,Mon,2026-01-19 00:00:00,Converting ,Spooler,,,,,,,,,,0,0,Grand Total,,,0,0,,,,,
4,Tue,2026-01-20 00:00:00,Converting ,Spooler,,,,,,,,,,0,0,Grand Total,,,0,0,,,,,
4,Wed,2026-01-21 00:00:00,Converting ,Spooler,,,,,,,,,,0,0,Grand Total,,,0,0,,,,,
4,Thu,2026-01-22 00:00:00,Converting ,Spooler,,,,,,,,,,0,0,Grand Total,,,0,0,,,,,
4,Fri,2026-01-23 00:00:00,Converting ,Spooler,,,,,,,,,,0,0,Grand Total,,,0,0,,,,,
4,Sat,2026-01-24 00:00:00,Converting ,Spooler,,,,,,,,,,0,0,Grand Total,,,0,0,,,,,
4,Sun,2026-01-25 00:00:00,Converting ,Spooler,,,,,,,,,,0,0,Grand Total,,,0,0,,,,,
5,Mon,2026-01-26 00:00:00,Converting ,Spooler,,,,,,,,,,0,0,Grand Total,,,0,0,,,,,
5,Tue,2026-01-27 00:00:00,Converting ,Spooler,,,,,,,,,,0,0,Grand Total,,,0,0,,,,,
5,Wed,2026-01-28 00:00:00,Converting ,Spooler,,,,,,,,,,0,0,Grand Total,,,0,0,,,,,
5,Thu,2026-01-29 00:00:00,Converting ,Spooler,,,,,,,,,,0,0,Grand Total,,,0,0,,,,,
5,Fri,2026-01-30 00:00:00,Converting ,Spooler,,,,,,,,,,0,0,Grand Total,,,0,0,,,,,
5,Sat,2026-01-31 00:00:00,Converting ,Spooler,,,,,,,,,,0,0,Grand Total,,,0,0,,,,,
5,Sun,2026-02-01 00:00:00,Converting ,Spooler,,,,,,,,,,0,0,Grand Total,,,0,0,,,,,
6,Mon,2026-02-02 00:00:00,Converting ,Spooler,,,,,,,,,,0,0,Grand Total,,,0,0,,,,,
6,Tue,2026-02-03 00:00:00,Converting ,Spooler,,,,,,,,,,0,0,Grand Total,,,0,0,,,,,
6,Wed,2026-02-04 00:00:00,Converting ,Spooler,,,,,,,,,,0,0,Grand Total,,,0,0,,,,,
6,Thu,2026-02-05 00:00:00,Converting ,Spooler,,,,,,,,,,0,0,Grand Total,,,0,0,,,,,
6,Fri,2026-02-06 00:00:00,Converting ,Spooler,,,,,,,,,,0,0,Grand Total,,,0,0,,,,,
6,Sat,2026-02-07 00:00:00,Converting ,Spooler,,,,,,,,,,0,0,Grand Total,,,0,0,,,,,
6,Sun,2026-02-08 00:00:00,Converting ,Spooler,,,,,,,,,,0,0,Grand Total,,,0,0,,,,,
7,Mon,2026-02-09 00:00:00,Converting ,Spooler,,,,,,,,,,0,0,Grand Total,,,0,0,,,,,
7,Tue,2026-02-10 00:00:00,Converting ,Spooler,,,,,,,,,,0,0,Grand Total,,,0,0,,,,,
7,Wed,2026-02-11 00:00:00,Converting ,Spooler,,,,,,,,,,0,0,Grand Total,,,0,0,,,,,
7,Thu,2026-02-12 00:00:00,Converting ,Spooler,,,,,,,,,,0,0,Grand Total,,,0,0,,,,,
7,Fri,2026-02-13 00:00:00,Converting ,Spooler,,,,,,,,,,0,0,Grand Total,,,0,0,,,,,
7,Sat,2026-02-14 00:00:00,Converting ,Spooler,,,,,,,,,,0,0,Grand Total,,,0,0,,,,,
7,Sun,2026-02-15 00:00:00,Converting ,Spooler,,,,,,,,,,0,0,Grand Total,,,0,0,,,,,
8,Mon,2026-02-16 00:00:00,Converting ,Spooler,,,,,,,,,,0,0,Grand Total,,,0,0,,,,,
8,Tue,2026-02-17 00:00:00,Converting ,Spooler,,,,,,,,,,0,0,Grand Total,,,0,0,,,,,
8,Wed,2026-02-18 00:00:00,Converting ,Spooler,,,,,,,,,,0,0,Grand Total,,,0,0,,,,,
8,Thu,2026-02-19 00:00:00,Converting ,Spooler,,,,,,,,,,0,0,Grand Total,,,0,0,,,,,
8,Fri,2026-02-20 00:00:00,Converting ,Spooler,,,,,,,,,,0,0,Grand Total,,,0,0,,,,,
8,Sat,2026-02-21 00:00:00,Converting ,Spooler,,,,,,,,,,0,0,Grand Total,,,0,0,,,,,
8,Sun,2026-02-22 00:00:00,Converting ,Spooler,,,,,,,,,,0,0,Grand Total,,,0,0,,,,,
9,Mon,2026-02-23 00:00:00,Converting ,Spooler,,,,,,,,,,0,0,Grand Total,,,0,0,,,,,
9,Tue,2026-02-24 00:00:00,Converting ,Spooler,,,,,,,,,,0,0,Grand Total,,,0,0,,,,,
9,Wed,2026-02-25 00:00:00,Converting ,Spooler,,,,,,,,,,0,0,Grand Total,,,0,0,,,,,
9,Thu,2026-02-26 00:00:00,Converting ,Spooler,,,,,,,,,,0,0,Grand Total,,,0,0,,,,,
9,Fri,2026-02-27 00:00:00,Converting ,Spooler,,,,,,,,,,0,0,Grand Total,,,0,0,,,,,
9,Sat,2026-02-28 00:00:00,Converting ,Spooler,,,,,,,,,,0,0,Grand Total,,,0,0,,,,,
9,Sun,2026-03-01 00:00:00,Converting ,Spooler,,,,,,,,,,0,0,Grand Total,,,0,0,,,,,
10,Mon,2026-03-02 00:00:00,Converting ,Spooler,,,,,,,,,,0,0,Grand Total,,,0,0,,,,,
10,Tue,2026-03-03 00:00:00,Converting ,Spooler,,,,,,,,,,0,0,Grand Total,,,0,0,,,,,
10,Wed,2026-03-04 00:00:00,Converting ,Spooler,,,,,,,,,,0,0,Grand Total,,,0,0,,,,,
10,Thu,2026-03-05 00:00:00,Converting ,Spooler,,,,,,,,,,0,0,Grand Total,,,0,0,,,,,
10,Fri,2026-03-06 00:00:00,Converting ,Spooler,,,,,,,,,,0,0,Grand Total,,,0,0,,,,,
10,Sat,2026-03-07 00:00:00,Converting ,Spooler,,,,,,,,,,0,0,Grand Total,,,0,0,,,,,
10,Sun,2026-03-08 00:00:00,Converting ,Spooler,,,,,,,,,,0,0,Grand Total,,,0,0,,,,,
11,Mon,2026-03-09 00:00:00,Converting ,Spooler,,,,,,,,,,0,0,Grand Total,,,0,0,,,,,
11,Tue,2026-03-10 00:00:00,Converting ,Spooler,,,,,,,,,,0,0,Grand Total,,,0,0,,,,,
11,Wed,2026-03-11 00:00:00,Converting ,Spooler,,,,,,,,,,0,0,Grand Total,,,0,0,,,,,
11,Thu,2026-03-12 00:00:00,Converting ,Spooler,Yes,Non-Sterile,104,54641,,7,330000,24000,LY,5832,2793.1199999999994,Grand Total,,,0,0,,,,,
11,Fri,2026-03-13 00:00:00,Converting ,Spooler,Yes,Non-Sterile,104,54641,,7,330000,28000,LY,6804,3258.6399999999994,Grand Total,,,0,0,,,,,
11,Sat,2026-03-14 00:00:00,Converting ,Spooler,,,,,,,,,,0,0,Grand Total,,,0,0,,,,,
11,Sun,2026-03-15 00:00:00,Converting ,Spooler,,,,,,,,,,0,0,Grand Total,,,0,0,,,,,
12,Mon,2026-03-16 00:00:00,Converting ,Spooler,Yes,Non-Sterile,104,54641,,7,330000,28000,LY,6804,3258.6399999999994,Grand Total,,,0,0,,,,,
12,Tue,2026-03-17 00:00:00,Converting ,Spooler,Yes,Non-Sterile,104,54641,,7,330000,28000,LY,6804,3258.6399999999994,Grand Total,,,0,0,,,,,
12,Wed,2026-03-18 00:00:00,Converting ,Spooler,Yes,Non-Sterile,104,54641,,7,330000,28000,LY,6804,3258.6399999999994,Grand Total,,,0,0,,,,,
12,Thu,2026-03-19 00:00:00,Converting ,Spooler,Yes,Non-Sterile,104,54641,,7,330000,28000,LY,6804,3258.6399999999994,Grand Total,,,0,0,,,,,
12,Fri,2026-03-20 00:00:00,Converting ,Spooler,Yes,Non-Sterile,104,54641,,7,330000,28000,LY,6804,3258.6399999999994,Grand Total,,,0,0,,,,,
12,Sat,2026-03-21 00:00:00,Converting ,Spooler,,,,,,,,,,0,0,Grand Total,,,0,0,,,,,
12,Sun,2026-03-22 00:00:00,Converting ,Spooler,,,,,,,,,,0,0,Grand Total,,,0,0,,,,,
13,Mon,2026-03-23 00:00:00,Converting ,Spooler,Yes,Non-Sterile,104,54641,,7,330000,28000,LY,6804,3258.6399999999994,Grand Total,,,0,0,,,,,
13,Tue,2026-03-24 00:00:00,Converting ,Spooler,Yes,Non-Sterile,104,54641,,7,330000,28000,LY,6804,3258.6399999999994,Grand Total,,,0,0,,,,,
13,Wed,2026-03-25 00:00:00,Converting ,Spooler,Yes,Non-Sterile,104,54641,,7,330000,28000,LY,6804,3258.6399999999994,Grand Total,,,0,0,,,,,
13,Thu,2026-03-26 00:00:00,Converting ,Spooler,Yes,Non-Sterile,104,54641,,7,330000,28000,LY,6804,3258.6399999999994,Grand Total,,,0,0,,,,,
13,Fri,2026-03-27 00:00:00,Converting ,Spooler,Yes,Non-Sterile,104,54641,,7,330000,26000,LY,6318,3025.8799999999997,Grand Total,,,0,0,,,,,
13,Sat,2026-03-28 00:00:00,Converting ,Spooler,,,,,,,,,,0,0,Grand Total,,,0,0,,,,,
13,Sun,2026-03-29 00:00:00,Converting ,Spooler,,,,,,,,,,0,0,Grand Total,,,0,0,,,,,
14,Mon,2026-03-30 00:00:00,Converting ,Spooler,,,,,,,,,,0,0,Grand Total,,,0,0,,,,,
14,Tue,2026-03-31 00:00:00,Converting ,Spooler,,,,,,,,,,0,0,Grand Total,,,0,0,,,,,
14,Wed,2026-04-01 00:00:00,Converting ,Spooler,,,,,,,,,,0,0,Grand Total,,,0,0,,,,,
14,Thu,2026-04-02 00:00:00,Converting ,Spooler,,,,,,,,,,0,0,Grand Total,,,0,0,,,,,
14,Fri,2026-04-03 00:00:00,Converting ,Spooler,,,,,,,,,,0,0,Grand Total,,,0,0,,,,,
14,Sat,2026-04-04 00:00:00,Converting ,Spooler,,,,,,,,,,0,0,Grand Total,,,0,0,,,,,
14,Sun,2026-04-05 00:00:00,Converting ,Spooler,,,,,,,,,,0,0,Grand Total,,,0,0,,,,,
15,Mon,2026-04-06 00:00:00,Converting ,Spooler,,,,,,,,,,0,0,Grand Total,,,0,0,,,,,
15,Tue,2026-04-07 00:00:00,Converting ,Spooler,,,,,,,,,,0,0,Grand Total,,,0,0,,,,,
15,Wed,2026-04-08 00:00:00,Converting ,Spooler,,,,,,,,,,0,0,Grand Total,,,0,0,,,,,
15,Thu,2026-04-09 00:00:00,Converting ,Spooler,,,,,,,,,,0,0,Grand Total,,,0,0,,,,,
15,Fri,2026-04-10 00:00:00,Converting ,Spooler,,,,,,,,,,0,0,Grand Total,,,0,0,,,,,
15,Sat,2026-04-11 00:00:00,Converting ,Spooler,,,,,,,,,,0,0,Grand Total,,,0,0,,,,,
15,Sun,2026-04-12 00:00:00,Converting ,Spooler,,,,,,,,,,0,0,Grand Total,,,0,0,,,,,
16,Mon,2026-04-13 00:00:00,Converting ,Spooler,,,,,,,,,,0,0,Grand Total,,,0,0,,,,,
16,Tue,2026-04-14 00:00:00,Converting ,Spooler,,,,,,,,,,0,0,Grand Total,,,0,0,,,,,
16,Wed,2026-04-15 00:00:00,Converting ,Spooler,,,,,,,,,,0,0,Grand Total,,,0,0,,,,,
16,Thu,2026-04-16 00:00:00,Converting ,Spooler,,,,,,,,,,0,0,Grand Total,,,0,0,,,,,
16,Fri,2026-04-17 00:00:00,Converting ,Spooler,,,,,,,,,,0,0,Grand Total,,,0,0,,,,,
16,Sat,2026-04-18 00:00:00,Converting ,Spooler,,,,,,,,,,0,0,Grand Total,,,0,0,,,,,
16,Sun,2026-04-19 00:00:00,Converting ,Spooler,,,,,,,,,,0,0,Grand Total,,,0,0,,,,,
17,Mon,2026-04-20 00:00:00,Converting ,Spooler,,,,,,,,,,0,0,Grand Total,,,0,0,,,,,
17,Tue,2026-04-21 00:00:00,Converting ,Spooler,,,,,,,,,,0,0,Grand Total,,,0,0,,,,,
17,Wed,2026-04-22 00:00:00,Converting ,Spooler,,,,,,,,,,0,0,Grand Total,,,0,0,,,,,
17,Thu,2026-04-23 00:00:00,Converting ,Spooler,,,,,,,,,,0,0,Grand Total,,,0,0,,,,,
17,Fri,2026-04-24 00:00:00,Converting ,Spooler,,,,,,,,,,0,0,Grand Total,,,0,0,,,,,
17,Sat,2026-04-25 00:00:00,Converting ,Spooler,,,,,,,,,,0,0,Grand Total,,,0,0,,,,,
17,Sun,2026-04-26 00:00:00,Converting ,Spooler,,,,,,,,,,0,0,Grand Total,,,0,0,,,,,
18,Mon,2026-04-27 00:00:00,Converting ,Spooler,,,,,,,,,,0,0,Grand Total,,,0,0,,,,,
18,Tue,2026-04-28 00:00:00,Converting ,Spooler,,,,,,,,,,0,0,Grand Total,,,0,0,,,,,
18,Wed,2026-04-29 00:00:00,Converting ,Spooler,,,,,,,,,,0,0,Grand Total,,,0,0,,,,,
18,Thu,2026-04-30 00:00:00,Converting ,Spooler,,,,,,,,,,0,0,Grand Total,,,0,0,,,,,
18,Fri,2026-05-01 00:00:00,Converting ,Spooler,,,,,,,,,,0,0,Grand Total,,,0,0,,,,,
18,Sat,2026-05-02 00:00:00,Converting ,Spooler,,,,,,,,,,0,0,Grand Total,,,0,0,,,,,
18,Sun,2026-05-03 00:00:00,Converting ,Spooler,,,,,,,,,,0,0,Grand Total,,,0,0,,,,,
19,Mon,2026-05-04 00:00:00,Converting ,Spooler,,,,,,,,,,0,0,Grand Total,,,0,0,,,,,
19,Tue,2026-05-05 00:00:00,Converting ,Spooler,,,,,,,,,,0,0,Grand Total,,,0,0,,,,,
19,Wed,2026-05-06 00:00:00,Converting ,Spooler,,,,,,,,,,0,0,Grand Total,,,0,0,,,,,
19,Thu,2026-05-07 00:00:00,Converting ,Spooler,,,,,,,,,,0,0,Grand Total,,,0,0,,,,,
19,Fri,2026-05-08 00:00:00,Converting ,Spooler,,,,,,,,,,0,0,Grand Total,,,0,0,,,,,
19,Sat,2026-05-09 00:00:00,Converting ,Spooler,,,,,,,,,,0,0,Grand Total,,,0,0,,,,,
19,Sun,2026-05-10 00:00:00,Converting ,Spooler,,,,,,,,,,0,0,Grand Total,,,0,0,,,,,
20,Mon,2026-05-11 00:00:00,Converting ,Spooler,,,,,,,,,,0,0,Grand Total,,,0,0,,,,,
20,Tue,2026-05-12 00:00:00,Converting ,Spooler,,,,,,,,,,0,0,Grand Total,,,0,0,,,,,
20,Wed,2026-05-13 00:00:00,Converting ,Spooler,,,,,,,,,,0,0,Grand Total,,,0,0,,,,,
20,Thu,2026-05-14 00:00:00,Converting ,Spooler,,,,,,,,,,0,0,Grand Total,,,0,0,,,,,
20,Fri,2026-05-15 00:00:00,Converting ,Spooler,,,,,,,,,,0,0,Grand Total,,,0,0,,,,,
20,Sat,2026-05-16 00:00:00,Converting ,Spooler,,,,,,,,,,0,0,Grand Total,,,0,0,,,,,
20,Sun,2026-05-17 00:00:00,Converting ,Spooler,,,,,,,,,,0,0,Grand Total,,,0,0,,,,,
21,Mon,2026-05-18 00:00:00,Converting ,Spooler,,,,,,,,,,0,0,Grand Total,,,0,0,,,,,
21,Tue,2026-05-19 00:00:00,Converting ,Spooler,,,,,,,,,,0,0,Grand Total,,,0,0,,,,,
21,Wed,2026-05-20 00:00:00,Converting ,Spooler,,,,,,,,,,0,0,Grand Total,,,0,0,,,,,
21,Thu,2026-05-21 00:00:00,Converting ,Spooler,,,,,,,,,,0,0,Grand Total,,,0,0,,,,,
21,Fri,2026-05-22 00:00:00,Converting ,Spooler,,,,,,,,,,0,0,Grand Total,,,0,0,,,,,
21,Sat,2026-05-23 00:00:00,Converting ,Spooler,,,,,,,,,,0,0,Grand Total,,,0,0,,,,,
21,Sun,2026-05-24 00:00:00,Converting ,Spooler,,,,,,,,,,0,0,Grand Total,,,0,0,,,,,
22,Mon,2026-05-25 00:00:00,Converting ,Spooler,,,,,,,,,,0,0,Grand Total,,,0,0,,,,,
22,Tue,2026-05-26 00:00:00,Converting ,Spooler,,,,,,,,,,0,0,Grand Total,,,0,0,,,,,
22,Wed,2026-05-27 00:00:00,Converting ,Spooler,,,,,,,,,,0,0,Grand Total,,,0,0,,,,,
22,Thu,2026-05-28 00:00:00,Converting ,Spooler,,,,,,,,,,0,0,Grand Total,,,0,0,,,,,
22,Fri,2026-05-29 00:00:00,Converting ,Spooler,,,,,,,,,,0,0,Grand Total,,,0,0,,,,,
22,Sat,2026-05-30 00:00:00,Converting ,Spooler,,,,,,,,,,0,0,Grand Total,,,0,0,,,,,
22,Sun,2026-05-31 00:00:00,Converting ,Spooler,,,,,,,,,,0,0,Grand Total,,,0,0,,,,,
23,Mon,2026-06-01 00:00:00,Converting ,Spooler,,,,,,,,,,0,0,Grand Total,,,0,0,,,,,
23,Tue,2026-06-02 00:00:00,Converting ,Spooler,,,,,,,,,,0,0,Grand Total,,,0,0,,,,,
23,Wed,2026-06-03 00:00:00,Converting ,Spooler,,,,,,,,,,0,0,Grand Total,,,0,0,,,,,
23,Thu,2026-06-04 00:00:00,Converting ,Spooler,,,,,,,,,,0,0,Grand Total,,,0,0,,,,,
23,Fri,2026-06-05 00:00:00,Converting ,Spooler,,,,,,,,,,0,0,Grand Total,,,0,0,,,,,
23,Sat,2026-06-06 00:00:00,Converting ,Spooler,,,,,,,,,,0,0,Grand Total,,,0,0,,,,,
23,Sun,2026-06-07 00:00:00,Converting ,Spooler,,,,,,,,,,0,0,Grand Total,,,0,0,,,,,
24,Mon,2026-06-08 00:00:00,Converting ,Spooler,,,,,,,,,,0,0,Grand Total,,,0,0,,,,,
24,Tue,2026-06-09 00:00:00,Converting ,Spooler,,,,,,,,,,0,0,Grand Total,,,0,0,,,,,
24,Wed,2026-06-10 00:00:00,Converting ,Spooler,,,,,,,,,,0,0,Grand Total,,,0,0,,,,,
24,Thu,2026-06-11 00:00:00,Converting ,Spooler,,,,,,,,,,0,0,Grand Total,,,0,0,,,,,
24,Fri,2026-06-12 00:00:00,Converting ,Spooler,,,,,,,,,,0,0,Grand Total,,,0,0,,,,,
24,Sat,2026-06-13 00:00:00,Converting ,Spooler,,,,,,,,,,0,0,Grand Total,,,0,0,,,,,
24,Sun,2026-06-14 00:00:00,Converting ,Spooler,,,,,,,,,,0,0,Grand Total,,,0,0,,,,,
25,Mon,2026-06-15 00:00:00,Converting ,Spooler,,,,,,,,,,0,0,Grand Total,,,0,0,,,,,
25,Tue,2026-06-16 00:00:00,Converting ,Spooler,,,,,,,,,,0,0,Grand Total,,,0,0,,,,,
25,Wed,2026-06-17 00:00:00,Converting ,Spooler,,,,,,,,,,0,0,Grand Total,,,0,0,,,,,
25,Thu,2026-06-18 00:00:00,Converting ,Spooler,,,,,,,,,,0,0,Grand Total,,,0,0,,,,,
25,Fri,2026-06-19 00:00:00,Converting ,Spooler,,,,,,,,,,0,0,Grand Total,,,0,0,,,,,
25,Sat,2026-06-20 00:00:00,Converting ,Spooler,,,,,,,,,,0,0,Grand Total,,,0,0,,,,,
25,Sun,2026-06-21 00:00:00,Converting ,Spooler,,,,,,,,,,0,0,Grand Total,,,0,0,,,,,
26,Mon,2026-06-22 00:00:00,Converting ,Spooler,,,,,,,,,,0,0,Grand Total,,,0,0,,,,,
26,Tue,2026-06-23 00:00:00,Converting ,Spooler,,,,,,,,,,0,0,Grand Total,,,0,0,,,,,
26,Wed,2026-06-24 00:00:00,Converting ,Spooler,,,,,,,,,,0,0,Grand Total,,,0,0,,,,,
26,Thu,2026-06-25 00:00:00,Converting ,Spooler,,,,,,,,,,0,0,Grand Total,,,0,0,,,,,
26,Fri,2026-06-26 00:00:00,Converting ,Spooler,,,,,,,,,,0,0,Grand Total,,,0,0,,,,,
26,Sat,2026-06-27 00:00:00,Converting ,Spooler,,,,,,,,,,0,0,Grand Total,,,0,0,,,,,
26,Sun,2026-06-28 00:00:00,Converting ,Spooler,,,,,,,,,,0,0,Grand Total,,,0,0,,,,,
27,Mon,2026-06-29 00:00:00,Converting ,Spooler,,,,,,,,,,0,0,Grand Total,,,0,0,,,,,
27,Tue,2026-06-30 00:00:00,Converting ,Spooler,,,,,,,,,,0,0,Grand Total,,,0,0,,,,,
27,Wed,2026-07-01 00:00:00,Converting ,Spooler,,,,,,,,,,0,0,Grand Total,,,0,0,,,,,
27,Thu,2026-07-02 00:00:00,Converting ,Spooler,,,,,,,,,,0,0,Grand Total,,,0,0,,,,,
27,Fri,2026-07-03 00:00:00,Converting ,Spooler,,,,,,,,,,0,0,Grand Total,,,0,0,,,,,
27,Sat,2026-07-04 00:00:00,Converting ,Spooler,,,,,,,,,,0,0,Grand Total,,,0,0,,,,,
27,Sun,2026-07-05 00:00:00,Converting ,Spooler,,,,,,,,,,0,0,Grand Total,,,0,0,,,,,
28,Mon,2026-07-06 00:00:00,Converting ,Spooler,,,,,,,,,,0,0,Grand Total,,,0,0,,,,,
28,Tue,2026-07-07 00:00:00,Converting ,Spooler,,,,,,,,,,0,0,Grand Total,,,0,0,,,,,
28,Wed,2026-07-08 00:00:00,Converting ,Spooler,,,,,,,,,,0,0,Grand Total,,,0,0,,,,,
28,Thu,2026-07-09 00:00:00,Converting ,Spooler,,,,,,,,,,0,0,Grand Total,,,0,0,,,,,
28,Fri,2026-07-10 00:00:00,Converting ,Spooler,,,,,,,,,,0,0,Grand Total,,,0,0,,,,,
28,Sat,2026-07-11 00:00:00,Converting ,Spooler,,,,,,,,,,0,0,Grand Total,,,0,0,,,,,
28,Sun,2026-07-12 00:00:00,Converting ,Spooler,,,,,,,,,,0,0,Grand Total,,,0,0,,,,,
29,Mon,2026-07-13 00:00:00,Converting ,Spooler,,,,,,,,,,0,0,Grand Total,,,0,0,,,,,
29,Tue,2026-07-14 00:00:00,Converting ,Spooler,,,,,,,,,,0,0,Grand Total,,,0,0,,,,,
29,Wed,2026-07-15 00:00:00,Converting ,Spooler,,,,,,,,,,0,0,Grand Total,,,0,0,,,,,
29,Thu,2026-07-16 00:00:00,Converting ,Spooler,,,,,,,,,,0,0,Grand Total,,,0,0,,,,,
29,Fri,2026-07-17 00:00:00,Converting ,Spooler,,,,,,,,,,0,0,Grand Total,,,0,0,,,,,
29,Sat,2026-07-18 00:00:00,Converting ,Spooler,,,,,,,,,,0,0,Grand Total,,,0,0,,,,,
29,Sun,2026-07-19 00:00:00,Converting ,Spooler,,,,,,,,,,0,0,Grand Total,,,0,0,,,,,
30,Mon,2026-07-20 00:00:00,Converting ,Spooler,,,,,,,,,,0,0,Grand Total,,,0,0,,,,,
30,Tue,2026-07-21 00:00:00,Converting ,Spooler,,,,,,,,,,0,0,Grand Total,,,0,0,,,,,
30,Wed,2026-07-22 00:00:00,Converting ,Spooler,,,,,,,,,,0,0,Grand Total,,,0,0,,,,,
30,Thu,2026-07-23 00:00:00,Converting ,Spooler,,,,,,,,,,0,0,Grand Total,,,0,0,,,,,
30,Fri,2026-07-24 00:00:00,Converting ,Spooler,,,,,,,,,,0,0,Grand Total,,,0,0,,,,,
30,Sat,2026-07-25 00:00:00,Converting ,Spooler,,,,,,,,,,0,0,Grand Total,,,0,0,,,,,
30,Sun,2026-07-26 00:00:00,Converting ,Spooler,,,,,,,,,,0,0,Grand Total,,,0,0,,,,,
31,Mon,2026-07-27 00:00:00,Converting ,Spooler,,,,,,,,,,0,0,Grand Total,,,0,0,,,,,
31,Tue,2026-07-28 00:00:00,Converting ,Spooler,,,,,,,,,,0,0,Grand Total,,,0,0,,,,,
31,Wed,2026-07-29 00:00:00,Converting ,Spooler,,,,,,,,,,0,0,Grand Total,,,0,0,,,,,
31,Thu,2026-07-30 00:00:00,Converting ,Spooler,,,,,,,,,,0,0,Grand Total,,,0,0,,,,,
31,Fri,2026-07-31 00:00:00,Converting ,Spooler,,,,,,,,,,0,0,Grand Total,,,0,0,,,,,
31,Sat,2026-08-01 00:00:00,Converting ,Spooler,,,,,,,,,,0,0,Grand Total,,,0,0,,,,,
31,Sun,2026-08-02 00:00:00,Converting ,Spooler,,,,,,,,,,0,0,Grand Total,,,0,0,,,,,
32,Mon,2026-08-03 00:00:00,Converting ,Spooler,,,,,,,,,,0,0,Grand Total,,,0,0,,,,,
32,Tue,2026-08-04 00:00:00,Converting ,Spooler,,,,,,,,,,0,0,Grand Total,,,0,0,,,,,
32,Wed,2026-08-05 00:00:00,Converting ,Spooler,,,,,,,,,,0,0,Grand Total,,,0,0,,,,,
32,Thu,2026-08-06 00:00:00,Converting ,Spooler,,,,,,,,,,0,0,Grand Total,,,0,0,,,,,
32,Fri,2026-08-07 00:00:00,Converting ,Spooler,,,,,,,,,,0,0,Grand Total,,,0,0,,,,,
32,Sat,2026-08-08 00:00:00,Converting ,Spooler,,,,,,,,,,0,0,Grand Total,,,0,0,,,,,
32,Sun,2026-08-09 00:00:00,Converting ,Spooler,,,,,,,,,,0,0,Grand Total,,,0,0,,,,,
33,Mon,2026-08-10 00:00:00,Converting ,Spooler,,,,,,,,,,0,0,Grand Total,,,0,0,,,,,
33,Tue,2026-08-11 00:00:00,Converting ,Spooler,,,,,,,,,,0,0,Grand Total,,,0,0,,,,,
33,Wed,2026-08-12 00:00:00,Converting ,Spooler,,,,,,,,,,0,0,Grand Total,,,0,0,,,,,
33,Thu,2026-08-13 00:00:00,Converting ,Spooler,,,,,,,,,,0,0,Grand Total,,,0,0,,,,,
33,Fri,2026-08-14 00:00:00,Converting ,Spooler,,,,,,,,,,0,0,Grand Total,,,0,0,,,,,
33,Sat,2026-08-15 00:00:00,Converting ,Spooler,,,,,,,,,,0,0,Grand Total,,,0,0,,,,,
33,Sun,2026-08-16 00:00:00,Converting ,Spooler,,,,,,,,,,0,0,Grand Total,,,0,0,,,,,
34,Mon,2026-08-17 00:00:00,Converting ,Spooler,,,,,,,,,,0,0,Grand Total,,,0,0,,,,,
34,Tue,2026-08-18 00:00:00,Converting ,Spooler,,,,,,,,,,0,0,Grand Total,,,0,0,,,,,
34,Wed,2026-08-19 00:00:00,Converting ,Spooler,,,,,,,,,,0,0,Grand Total,,,0,0,,,,,
34,Thu,2026-08-20 00:00:00,Converting ,Spooler,,,,,,,,,,0,0,Grand Total,,,0,0,,,,,
34,Fri,2026-08-21 00:00:00,Converting ,Spooler,,,,,,,,,,0,0,Grand Total,,,0,0,,,,,
34,Sat,2026-08-22 00:00:00,Converting ,Spooler,,,,,,,,,,0,0,Grand Total,,,0,0,,,,,
34,Sun,2026-08-23 00:00:00,Converting ,Spooler,,,,,,,,,,0,0,Grand Total,,,0,0,,,,,
35,Mon,2026-08-24 00:00:00,Converting ,Spooler,,,,,,,,,,0,0,Grand Total,,,0,0,,,,,
35,Tue,2026-08-25 00:00:00,Converting ,Spooler,,,,,,,,,,0,0,Grand Total,,,0,0,,,,,
35,Wed,2026-08-26 00:00:00,Converting ,Spooler,,,,,,,,,,0,0,Grand Total,,,0,0,,,,,
35,Thu,2026-08-27 00:00:00,Converting ,Spooler,,,,,,,,,,0,0,Grand Total,,,0,0,,,,,
35,Fri,2026-08-28 00:00:00,Converting ,Spooler,,,,,,,,,,0,0,Grand Total,,,0,0,,,,,
35,Sat,2026-08-29 00:00:00,Converting ,Spooler,,,,,,,,,,0,0,Grand Total,,,0,0,,,,,
35,Sun,2026-08-30 00:00:00,Converting ,Spooler,,,,,,,,,,0,0,Grand Total,,,0,0,,,,,
36,Mon,2026-08-31 00:00:00,Converting ,Spooler,,,,,,,,,,0,0,Grand Total,,,0,0,,,,,
36,Tue,2026-09-01 00:00:00,Converting ,Spooler,,,,,,,,,,0,0,Grand Total,,,0,0,,,,,
36,Wed,2026-09-02 00:00:00,Converting ,Spooler,,,,,,,,,,0,0,Grand Total,,,0,0,,,,,
36,Thu,2026-09-03 00:00:00,Converting ,Spooler,,,,,,,,,,0,0,Grand Total,,,0,0,,,,,
36,Fri,2026-09-04 00:00:00,Converting ,Spooler,,,,,,,,,,0,0,Grand Total,,,0,0,,,,,
36,Sat,2026-09-05 00:00:00,Converting ,Spooler,,,,,,,,,,0,0,Grand Total,,,0,0,,,,,
36,Sun,2026-09-06 00:00:00,Converting ,Spooler,,,,,,,,,,0,0,Grand Total,,,0,0,,,,,
37,Mon,2026-09-07 00:00:00,Converting ,Spooler,,,,,,,,,,0,0,Grand Total,,,0,0,,,,,
37,Tue,2026-09-08 00:00:00,Converting ,Spooler,,,,,,,,,,0,0,Grand Total,,,0,0,,,,,
37,Wed,2026-09-09 00:00:00,Converting ,Spooler,,,,,,,,,,0,0,Grand Total,,,0,0,,,,,
37,Thu,2026-09-10 00:00:00,Converting ,Spooler,,,,,,,,,,0,0,Grand Total,,,0,0,,,,,
37,Fri,2026-09-11 00:00:00,Converting ,Spooler,,,,,,,,,,0,0,Grand Total,,,0,0,,,,,
37,Sat,2026-09-12 00:00:00,Converting ,Spooler,,,,,,,,,,0,0,Grand Total,,,0,0,,,,,
37,Sun,2026-09-13 00:00:00,Converting ,Spooler,,,,,,,,,,0,0,Grand Total,,,0,0,,,,,
38,Mon,2026-09-14 00:00:00,Converting ,Spooler,,,,,,,,,,0,0,Grand Total,,,0,0,,,,,
38,Tue,2026-09-15 00:00:00,Converting ,Spooler,,,,,,,,,,0,0,Grand Total,,,0,0,,,,,
38,Wed,2026-09-16 00:00:00,Converting ,Spooler,,,,,,,,,,0,0,Grand Total,,,0,0,,,,,
38,Thu,2026-09-17 00:00:00,Converting ,Spooler,,,,,,,,,,0,0,Grand Total,,,0,0,,,,,
38,Fri,2026-09-18 00:00:00,Converting ,Spooler,,,,,,,,,,0,0,Grand Total,,,0,0,,,,,
38,Sat,2026-09-19 00:00:00,Converting ,Spooler,,,,,,,,,,0,0,Grand Total,,,0,0,,,,,
38,Sun,2026-09-20 00:00:00,Converting ,Spooler,,,,,,,,,,0,0,Grand Total,,,0,0,,,,,
39,Mon,2026-09-21 00:00:00,Converting ,Spooler,,,,,,,,,,0,0,Grand Total,,,0,0,,,,,
39,Tue,2026-09-22 00:00:00,Converting ,Spooler,,,,,,,,,,0,0,Grand Total,,,0,0,,,,,
39,Thu,2026-09-24 00:00:00,Converting ,Spooler,,,,,,,,,,0,0,Grand Total,,,0,0,,,,,
39,Fri,2026-09-25 00:00:00,Converting ,Spooler,,,,,,,,,,0,0,Grand Total,,,0,0,,,,,
39,Sat,2026-09-26 00:00:00,Converting ,Spooler,,,,,,,,,,0,0,Grand Total,,,0,0,,,,,
39,Sun,2026-09-27 00:00:00,Converting ,Spooler,,,,,,,,,,0,0,Grand Total,,,0,0,,,,,
40,Mon,2026-09-28 00:00:00,Converting ,Spooler,,,,,,,,,,0,0,Grand Total,,,0,0,,,,,
40,Tue,2026-09-29 00:00:00,Converting ,Spooler,,,,,,,,,,0,0,Grand Total,,,0,0,,,,,
40,Wed,2026-09-30 00:00:00,Converting ,Spooler,,,,,,,,,,0,0,Grand Total,,,0,0,,,,,
40,Thu,2026-10-01 00:00:00,Converting ,Spooler,,,,,,,,,,0,0,Grand Total,,,0,0,,,,,
40,Fri,2026-10-02 00:00:00,Converting ,Spooler,,,,,,,,,,0,0,Grand Total,,,0,0,,,,,
40,Sat,2026-10-03 00:00:00,Converting ,Spooler,,,,,,,,,,0,0,Grand Total,,,0,0,,,,,
40,Sun,2026-10-04 00:00:00,Converting ,Spooler,,,,,,,,,,0,0,Grand Total,,,0,0,,,,,
41,Mon,2026-10-05 00:00:00,Converting ,Spooler,,,,,,,,,,0,0,Grand Total,,,0,0,,,,,
41,Tue,2026-10-06 00:00:00,Converting ,Spooler,,,,,,,,,,0,0,Grand Total,,,0,0,,,,,
41,Wed,2026-10-07 00:00:00,Converting ,Spooler,,,,,,,,,,0,0,Grand Total,,,0,0,,,,,
41,Thu,2026-10-08 00:00:00,Converting ,Spooler,,,,,,,,,,0,0,Grand Total,,,0,0,,,,,
41,Fri,2026-10-09 00:00:00,Converting ,Spooler,,,,,,,,,,0,0,Grand Total,,,0,0,,,,,
41,Sat,2026-10-10 00:00:00,Converting ,Spooler,,,,,,,,,,0,0,Grand Total,,,0,0,,,,,
41,Sun,2026-10-11 00:00:00,Converting ,Spooler,,,,,,,,,,0,0,Grand Total,,,0,0,,,,,
42,Mon,2026-10-12 00:00:00,Converting ,Spooler,,,,,,,,,,0,0,Grand Total,,,0,0,,,,,
42,Tue,2026-10-13 00:00:00,Converting ,Spooler,,,,,,,,,,0,0,Grand Total,,,0,0,,,,,
42,Wed,2026-10-14 00:00:00,Converting ,Spooler,,,,,,,,,,0,0,Grand Total,,,0,0,,,,,
42,Thu,2026-10-15 00:00:00,Converting ,Spooler,,,,,,,,,,0,0,Grand Total,,,0,0,,,,,
42,Fri,2026-10-16 00:00:00,Converting ,Spooler,,,,,,,,,,0,0,Grand Total,,,0,0,,,,,
42,Sat,2026-10-17 00:00:00,Converting ,Spooler,,,,,,,,,,0,0,Grand Total,,,0,0,,,,,
42,Sun,2026-10-18 00:00:00,Converting ,Spooler,,,,,,,,,,0,0,Grand Total,,,0,0,,,,,
43,Mon,2026-10-19 00:00:00,Converting ,Spooler,,,,,,,,,,0,0,Grand Total,,,0,0,,,,,
43,Tue,2026-10-20 00:00:00,Converting ,Spooler,,,,,,,,,,0,0,Grand Total,,,0,0,,,,,
43,Wed,2026-10-21 00:00:00,Converting ,Spooler,,,,,,,,,,0,0,Grand Total,,,0,0,,,,,
43,Thu,2026-10-22 00:00:00,Converting ,Spooler,,,,,,,,,,0,0,Grand Total,,,0,0,,,,,
43,Fri,2026-10-23 00:00:00,Converting ,Spooler,,,,,,,,,,0,0,Grand Total,,,0,0,,,,,
43,Sat,2026-10-24 00:00:00,Converting ,Spooler,,,,,,,,,,0,0,Grand Total,,,0,0,,,,,
43,Sun,2026-10-25 00:00:00,Converting ,Spooler,,,,,,,,,,0,0,Grand Total,,,0,0,,,,,
44,Mon,2026-10-26 00:00:00,Converting ,Spooler,,,,,,,,,,0,0,Grand Total,,,0,0,,,,,
44,Tue,2026-10-27 00:00:00,Converting ,Spooler,,,,,,,,,,0,0,Grand Total,,,0,0,,,,,
44,Wed,2026-10-28 00:00:00,Converting ,Spooler,,,,,,,,,,0,0,Grand Total,,,0,0,,,,,
44,Thu,2026-10-29 00:00:00,Converting ,Spooler,,,,,,,,,,0,0,Grand Total,,,0,0,,,,,
44,Fri,2026-10-30 00:00:00,Converting ,Spooler,,,,,,,,,,0,0,Grand Total,,,0,0,,,,,
44,Sat,2026-10-31 00:00:00,Converting ,Spooler,,,,,,,,,,0,0,Grand Total,,,0,0,,,,,
44,Sun,2026-11-01 00:00:00,Converting ,Spooler,,,,,,,,,,0,0,Grand Total,,,0,0,,,,,
45,Mon,2026-11-02 00:00:00,Converting ,Spooler,,,,,,,,,,0,0,Grand Total,,,0,0,,,,,
45,Tue,2026-11-03 00:00:00,Converting ,Spooler,,,,,,,,,,0,0,Grand Total,,,0,0,,,,,
45,Wed,2026-11-04 00:00:00,Converting ,Spooler,,,,,,,,,,0,0,Grand Total,,,0,0,,,,,
45,Thu,2026-11-05 00:00:00,Converting ,Spooler,,,,,,,,,,0,0,Grand Total,,,0,0,,,,,
45,Fri,2026-11-06 00:00:00,Converting ,Spooler,,,,,,,,,,0,0,Grand Total,,,0,0,,,,,
45,Sat,2026-11-07 00:00:00,Converting ,Spooler,,,,,,,,,,0,0,Grand Total,,,0,0,,,,,
45,Sun,2026-11-08 00:00:00,Converting ,Spooler,,,,,,,,,,0,0,Grand Total,,,0,0,,,,,
46,Mon,2026-11-09 00:00:00,Converting ,Spooler,,,,,,,,,,0,0,Grand Total,,,0,0,,,,,
46,Tue,2026-11-10 00:00:00,Converting ,Spooler,,,,,,,,,,0,0,Grand Total,,,0,0,,,,,
46,Wed,2026-11-11 00:00:00,Converting ,Spooler,,,,,,,,,,0,0,Grand Total,,,0,0,,,,,
46,Thu,2026-11-12 00:00:00,Converting ,Spooler,,,,,,,,,,0,0,Grand Total,,,0,0,,,,,
46,Fri,2026-11-13 00:00:00,Converting ,Spooler,,,,,,,,,,0,0,Grand Total,,,0,0,,,,,
46,Sat,2026-11-14 00:00:00,Converting ,Spooler,,,,,,,,,,0,0,Grand Total,,,0,0,,,,,
46,Sun,2026-11-15 00:00:00,Converting ,Spooler,,,,,,,,,,0,0,Grand Total,,,0,0,,,,,
47,Mon,2026-11-16 00:00:00,Converting ,Spooler,,,,,,,,,,0,0,Grand Total,,,0,0,,,,,
47,Tue,2026-11-17 00:00:00,Converting ,Spooler,,,,,,,,,,0,0,Grand Total,,,0,0,,,,,
47,Wed,2026-11-18 00:00:00,Converting ,Spooler,,,,,,,,,,0,0,Grand Total,,,0,0,,,,,
47,Thu,2026-11-19 00:00:00,Converting ,Spooler,,,,,,,,,,0,0,Grand Total,,,0,0,,,,,
47,Fri,2026-11-20 00:00:00,Converting ,Spooler,,,,,,,,,,0,0,Grand Total,,,0,0,,,,,
47,Sat,2026-11-21 00:00:00,Converting ,Spooler,,,,,,,,,,0,0,Grand Total,,,0,0,,,,,
47,Sun,2026-11-22 00:00:00,Converting ,Spooler,,,,,,,,,,0,0,Grand Total,,,0,0,,,,,
48,Mon,2026-11-23 00:00:00,Converting ,Spooler,,,,,,,,,,0,0,Grand Total,,,0,0,,,,,
48,Tue,2026-11-24 00:00:00,Converting ,Spooler,,,,,,,,,,0,0,Grand Total,,,0,0,,,,,
48,Wed,2026-11-25 00:00:00,Converting ,Spooler,,,,,,,,,,0,0,Grand Total,,,0,0,,,,,
48,Thu,2026-11-26 00:00:00,Converting ,Spooler,,,,,,,,,,0,0,Grand Total,,,0,0,,,,,
48,Fri,2026-11-27 00:00:00,Converting ,Spooler,,,,,,,,,,0,0,Grand Total,,,0,0,,,,,
48,Sat,2026-11-28 00:00:00,Converting ,Spooler,,,,,,,,,,0,0,Grand Total,,,0,0,,,,,
48,Sun,2026-11-29 00:00:00,Converting ,Spooler,,,,,,,,,,0,0,Grand Total,,,0,0,,,,,
49,Mon,2026-11-30 00:00:00,Converting ,Spooler,,,,,,,,,,0,0,Grand Total,,,0,0,,,,,
49,Tue,2026-12-01 00:00:00,Converting ,Spooler,,,,,,,,,,0,0,Grand Total,,,0,0,,,,,
49,Wed,2026-12-02 00:00:00,Converting ,Spooler,,,,,,,,,,0,0,Grand Total,,,0,0,,,,,
49,Thu,2026-12-03 00:00:00,Converting ,Spooler,,,,,,,,,,0,0,Grand Total,,,0,0,,,,,
49,Fri,2026-12-04 00:00:00,Converting ,Spooler,,,,,,,,,,0,0,Grand Total,,,0,0,,,,,
49,Sat,2026-12-05 00:00:00,Converting ,Spooler,,,,,,,,,,0,0,Grand Total,,,0,0,,,,,
49,Sun,2026-12-06 00:00:00,Converting ,Spooler,,,,,,,,,,0,0,Grand Total,,,0,0,,,,,
50,Mon,2026-12-07 00:00:00,Converting ,Spooler,,,,,,,,,,0,0,Grand Total,,,0,0,,,,,
50,Tue,2026-12-08 00:00:00,Converting ,Spooler,,,,,,,,,,0,0,Grand Total,,,0,0,,,,,
50,Wed,2026-12-09 00:00:00,Converting ,Spooler,,,,,,,,,,0,0,Grand Total,,,0,0,,,,,
50,Thu,2026-12-10 00:00:00,Converting ,Spooler,,,,,,,,,,0,0,Grand Total,,,0,0,,,,,
50,Fri,2026-12-11 00:00:00,Converting ,Spooler,,,,,,,,,,0,0,Grand Total,,,0,0,,,,,
50,Sat,2026-12-12 00:00:00,Converting ,Spooler,,,,,,,,,,0,0,Grand Total,,,0,0,,,,,
50,Sun,2026-12-13 00:00:00,Converting ,Spooler,,,,,,,,,,0,0,Grand Total,,,0,0,,,,,
51,Mon,2026-12-14 00:00:00,Converting ,Spooler,,,,,,,,,,0,0,Grand Total,,,0,0,,,,,
51,Tue,2026-12-15 00:00:00,Converting ,Spooler,,,,,,,,,,0,0,Grand Total,,,0,0,,,,,
51,Wed,2026-12-16 00:00:00,Converting ,Spooler,,,,,,,,,,0,0,Grand Total,,,0,0,,,,,
51,Thu,2026-12-17 00:00:00,Converting ,Spooler,,,,,,,,,,0,0,Grand Total,,,0,0,,,,,
51,Fri,2026-12-18 00:00:00,Converting ,Spooler,,,,,,,,,,0,0,Grand Total,,,0,0,,,,,
51,Sat,2026-12-19 00:00:00,Converting ,Spooler,,,,,,,,,,0,0,Grand Total,,,0,0,,,,,
51,Sun,2026-12-20 00:00:00,Converting ,Spooler,,,,,,,,,,0,0,Grand Total,,,0,0,,,,,
52,Mon,2026-12-21 00:00:00,Converting ,Spooler,,,,,,,,,,0,0,Grand Total,,,0,0,,,,,
52,Tue,2026-12-22 00:00:00,Converting ,Spooler,,,,,,,,,,0,0,Grand Total,,,0,0,,,,,
52,Wed,2026-12-23 00:00:00,Converting ,Spooler,,,,,,,,,,0,0,Grand Total,,,0,0,,,,,
52,Thu,2026-12-24 00:00:00,Converting ,Spooler,,,,,,,,,,0,0,Grand Total,,,0,0,,,,,
52,Fri,2026-12-25 00:00:00,Converting ,Spooler,,,,,,,,,,0,0,Grand Total,,,0,0,,,,,
52,Sat,2026-12-26 00:00:00,Converting ,Spooler,,,,,,,,,,0,0,Grand Total,,,0,0,,,,,
52,Sun,2026-12-27 00:00:00,Converting ,Spooler,,,,,,,,,,0,0,Grand Total,,,0,0,,,,,
53,Mon,2026-12-28 00:00:00,Converting ,Spooler,,,,,,,,,,0,0,Grand Total,,,0,0,,,,,
53,Tue,2026-12-29 00:00:00,Converting ,Spooler,,,,,,,,,,0,0,Grand Total,,,0,0,,,,,
53,Wed,2026-12-30 00:00:00,Converting ,Spooler,,,,,,,,,,0,0,Grand Total,,,0,0,,,,,
53,Thu,2026-12-31 00:00:00,Converting ,Spooler,,,,,,,,,,0,0,Grand Total,,,0,0,,,,,
1,Thu,2026-01-01 00:00:00,Converting ,Preco,,,,,,,,,,0,0,Grand Total,,,0,0,,,,,
1,Fri,2026-01-02 00:00:00,Converting ,Preco,,,,,,,,,,0,0,Grand Total,,,0,0,,,,,
1,Tue,2023-01-03 00:00:00,Converting ,Preco,,,,,,,,,,0,0,Grand Total,,,0,0,,,,,
1,Sun,2026-01-04 00:00:00,Converting ,Preco,,,,,,,,,,0,0,Grand Total,,,0,0,,,,,
2,Mon,2026-01-05 00:00:00,Converting ,Preco,,,,,,,,,,0,0,Grand Total,,,0,0,,,,,
2,Tue,2026-01-06 00:00:00,Converting ,Preco,,,,,,,,,,0,0,Grand Total,,,0,0,,,,,
2,Wed,2026-01-07 00:00:00,Converting ,Preco,,,,,,,,,,0,0,Grand Total,,,0,0,,,,,
2,Thu,2026-01-08 00:00:00,Converting ,Preco,,,,,,,,,,0,0,Grand Total,,,0,0,,,,,
2,Fri,2026-01-09 00:00:00,Converting ,Preco,,,,,,,,,,0,0,Grand Total,,,0,0,,,,,
2,Sat,2026-01-10 00:00:00,Converting ,Preco,,,,,,,,,,0,0,Grand Total,,,0,0,,,,,
2,Sun,2026-01-11 00:00:00,Converting ,Preco,,,,,,,,,,0,0,Grand Total,,,0,0,,,,,
3,Mon,2026-01-12 00:00:00,Converting ,Preco,,,,,,,,,,0,0,Grand Total,,,0,0,,,,,
3,Tue,2026-01-13 00:00:00,Converting ,Preco,,,,,,,,,,0,0,Grand Total,,,0,0,,,,,
3,Wed,2026-01-14 00:00:00,Converting ,Preco,No,Non-Sterile,4830,53797,,7,10000,2400,EA,0,0,Grand Total,16,6240,0,0,,,,,
3,Thu,2026-01-15 00:00:00,Converting ,Preco,No,Non-Sterile,4830,53797,,7,10000,7600,EA,0,0,Grand Total,8,2700,0,0,,,,,
3,Fri,2026-01-16 00:00:00,Converting ,Preco,,,,,,,,,,0,0,Grand Total,,,0,0,,,,,
3,Sat,2026-01-17 00:00:00,Converting ,Preco,,,,,,,,,,0,0,Grand Total,,,0,0,,,,,
3,Sun,2026-01-18 00:00:00,Converting ,Preco,,,,,,,,,,0,0,Grand Total,,,0,0,,,,,
4,Mon,2026-01-19 00:00:00,Converting ,Preco,,,,,,,,,,0,0,Grand Total,,,0,0,,,,,
4,Tue,2026-01-20 00:00:00,Converting ,Preco,,,,,,,,,,0,0,Grand Total,,,0,0,,,,,
4,Wed,2026-01-21 00:00:00,Converting ,Preco,,,,,,,,,,0,0,Grand Total,,,0,0,,,,,
4,Thu,2026-01-22 00:00:00,Converting ,Preco,,,,,,,,,,0,0,Grand Total,,,0,0,,,,,
4,Fri,2026-01-23 00:00:00,Converting ,Preco,,,,,,,,,,0,0,Grand Total,,,0,0,,,,,
4,Sat,2026-01-24 00:00:00,Converting ,Preco,,,,,,,,,,0,0,Grand Total,,,0,0,,,,,
4,Sun,2026-01-25 00:00:00,Converting ,Preco,,,,,,,,,,0,0,Grand Total,,,0,0,,,,,
5,Mon,2026-01-26 00:00:00,Converting ,Preco,,,,,,,,,,0,0,Grand Total,,,0,0,,,,,
5,Tue,2026-01-27 00:00:00,Converting ,Preco,,,,,,,,,,0,0,Grand Total,,,0,0,,,,,
5,Wed,2026-01-28 00:00:00,Converting ,Preco,,,,,,,,,,0,0,Grand Total,,,0,0,,,,,
5,Thu,2026-01-29 00:00:00,Converting ,Preco,,,,,,,,,,0,0,Grand Total,,,0,0,,,,,
5,Fri,2026-01-30 00:00:00,Converting ,Preco,,,,,,,,,,0,0,Grand Total,,,0,0,,,,,
5,Sat,2026-01-31 00:00:00,Converting ,Preco,,,,,,,,,,0,0,Grand Total,,,0,0,,,,,
5,Sun,2026-02-01 00:00:00,Converting ,Preco,,,,,,,,,,0,0,Grand Total,,,0,0,,,,,
6,Mon,2026-02-02 00:00:00,Converting ,Preco,Yes,Non-Sterile,5342,52954,,7,7300,3500,EA,25200,8544.6375,Grand Total,2,850,6120,2075.12625,,,,,
6,Tue,2026-02-03 00:00:00,Converting ,Preco,Yes,Non-Sterile,5342,52954,,7,7300,3500,EA,25200,8544.6375,Grand Total,36,5632,40550.4,13749.5424,,,,,
6,Wed,2026-02-04 00:00:00,Converting ,Preco,Yes,Non-Sterile,5342,52954,,2,7300,300,EA,2160,732.3975,Grand Total,8,680,4896,1660.1009999999999,,,,,
6,Thu,2026-02-05 00:00:00,Converting ,Preco,,,,,,,,,,0,0,Grand Total,,,0,0,,,,,
6,Fri,2026-02-06 00:00:00,Converting ,Preco,,,,,,,,,,0,0,Grand Total,,,0,0,,,,,
6,Sat,2026-02-07 00:00:00,Converting ,Preco,,,,,,,,,,0,0,Grand Total,,,0,0,,,,,
6,Sun,2026-02-08 00:00:00,Converting ,Preco,,,,,,,,,,0,0,Grand Total,,,0,0,,,,,
7,Mon,2026-02-09 00:00:00,Converting ,Preco,,,,,,,,,,0,0,Grand Total,,,0,0,,,,,
7,Tue,2026-02-10 00:00:00,Converting ,Preco,,,,,,,,,,0,0,Grand Total,,,0,0,,,,,
7,Wed,2026-02-11 00:00:00,Converting ,Preco,,,,,,,,,,0,0,Grand Total,,,0,0,,,,,
7,Thu,2026-02-12 00:00:00,Converting ,Preco,,,,PM,,,,,,0,0,Grand Total,,,0,0,,,,,
7,Fri,2026-02-13 00:00:00,Converting ,Preco,,,,,,,,,,0,0,Grand Total,,,0,0,,,,,
7,Sat,2026-02-14 00:00:00,Converting ,Preco,,,,,,,,,,0,0,Grand Total,,,0,0,,,,,
7,Sun,2026-02-15 00:00:00,Converting ,Preco,,,,,,,,,,0,0,Grand Total,,,0,0,,,,,
8,Mon,2026-02-16 00:00:00,Converting ,Preco,,,,,,,,,,0,0,Grand Total,,,0,0,,,,,
8,Tue,2026-02-17 00:00:00,Converting ,Preco,,,,,,,,,,0,0,Grand Total,,,0,0,,,,,
8,Wed,2026-02-18 00:00:00,Converting ,Preco,,,,,,,,,,0,0,Grand Total,,,0,0,,,,,
8,Thu,2026-02-19 00:00:00,Converting ,Preco,,,,,,,,,,0,0,Grand Total,,,0,0,,,,,
8,Fri,2026-02-20 00:00:00,Converting ,Preco,,,,,,,,,,0,0,Grand Total,,,0,0,,,,,
8,Sat,2026-02-21 00:00:00,Converting ,Preco,,,,,,,,,,0,0,Grand Total,,,0,0,,,,,
8,Sun,2026-02-22 00:00:00,Converting ,Preco,,,,,,,,,,0,0,Grand Total,,,0,0,,,,,
9,Mon,2026-02-23 00:00:00,Converting ,Preco,,,,,,,,,,0,0,Grand Total,,,0,0,,,,,
9,Tue,2026-02-24 00:00:00,Converting ,Preco,,,,,,,,,,0,0,Grand Total,,,0,0,,,,,
9,Wed,2026-02-25 00:00:00,Converting ,Preco,No,Non-Sterile,5341,53247,,7,5500,1500,EA,0,0,Grand Total,,,0,0,,,,,
9,Thu,2026-02-26 00:00:00,Converting ,Preco,No,Non-Sterile,5341,53247,,7,5500,2100,EA,0,0,Grand Total,,,0,0,,,,,
9,Fri,2026-02-27 00:00:00,Converting ,Preco,No,Non-Sterile,5341,53247,,7,5500,1900,EA,0,0,Grand Total,,,0,0,,,,,
9,Sat,2026-02-28 00:00:00,Converting ,Preco,,,,,,,,,,0,0,Grand Total,,,0,0,,,,,
9,Sun,2026-03-01 00:00:00,Converting ,Preco,,,,,,,,,,0,0,Grand Total,,,0,0,,,,,
10,Mon,2026-03-02 00:00:00,Converting ,Preco,,,,,,,,,,0,0,Grand Total,,,0,0,,,,,
10,Tue,2026-03-03 00:00:00,Converting ,Preco,,,,,,,,,,0,0,Grand Total,,,0,0,,,,,
10,Wed,2026-03-04 00:00:00,Converting ,Preco,,,,,,,,,,0,0,Grand Total,,,0,0,,,,,
10,Thu,2026-03-05 00:00:00,Converting ,Preco,,,,,,,,,,0,0,Grand Total,,,0,0,,,,,
10,Fri,2026-03-06 00:00:00,Converting ,Preco,,,,,,,,,,0,0,Grand Total,,,0,0,,,,,
10,Sat,2026-03-07 00:00:00,Converting ,Preco,,,,,,,,,,0,0,Grand Total,,,0,0,,,,,
10,Sun,2026-03-08 00:00:00,Converting ,Preco,,,,,,,,,,0,0,Grand Total,,,0,0,,,,,
11,Mon,2026-03-09 00:00:00,Converting ,Preco,,,,,,,,,,0,0,Grand Total,,,0,0,,,,,
11,Tue,2026-03-10 00:00:00,Converting ,Preco,,,,,,,,,,0,0,Grand Total,,,0,0,,,,,
11,Wed,2026-03-11 00:00:00,Converting ,Preco,,,,,,,,,,0,0,Grand Total,,,0,0,,,,,
11,Thu,2026-03-12 00:00:00,Converting ,Preco,,,,,,,,,,0,0,Grand Total,,,0,0,,,,,
11,Fri,2026-03-13 00:00:00,Converting ,Preco,,,,,,,,,,0,0,Grand Total,,,0,0,,,,,
11,Sat,2026-03-14 00:00:00,Converting ,Preco,,,,,,,,,,0,0,Grand Total,,,0,0,,,,,
11,Sun,2026-03-15 00:00:00,Converting ,Preco,,,,,,,,,,0,0,Grand Total,,,0,0,,,,,
12,Mon,2026-03-16 00:00:00,Converting ,Preco,,,,,,,,,,0,0,Grand Total,,,0,0,,,,,
12,Tue,2026-03-17 00:00:00,Converting ,Preco,,,,,,,,,,0,0,Grand Total,,,0,0,,,,,
12,Wed,2026-03-18 00:00:00,Converting ,Preco,,,,,,,,,,0,0,Grand Total,,,0,0,,,,,
12,Thu,2026-03-19 00:00:00,Converting ,Preco,,,,,,,,,,0,0,Grand Total,,,0,0,,,,,
12,Fri,2026-03-20 00:00:00,Converting ,Preco,,,,,,,,,,0,0,Grand Total,,,0,0,,,,,
12,Sat,2026-03-21 00:00:00,Converting ,Preco,,,,,,,,,,0,0,Grand Total,,,0,0,,,,,
12,Sun,2026-03-22 00:00:00,Converting ,Preco,,,,,,,,,,0,0,Grand Total,,,0,0,,,,,
13,Mon,2026-03-23 00:00:00,Converting ,Preco,,,,,,,,,,0,0,Grand Total,,,0,0,,,,,
13,Tue,2026-03-24 00:00:00,Converting ,Preco,,,,,,,,,,0,0,Grand Total,,,0,0,,,,,
13,Wed,2026-03-25 00:00:00,Converting ,Preco,,,,,,,,,,0,0,Grand Total,,,0,0,,,,,
13,Thu,2026-03-26 00:00:00,Converting ,Preco,,,,,,,,,,0,0,Grand Total,,,0,0,,,,,
13,Fri,2026-03-27 00:00:00,Converting ,Preco,,,,,,,,,,0,0,Grand Total,,,0,0,,,,,
13,Sat,2026-03-28 00:00:00,Converting ,Preco,,,,,,,,,,0,0,Grand Total,,,0,0,,,,,
13,Sun,2026-03-29 00:00:00,Converting ,Preco,,,,,,,,,,0,0,Grand Total,,,0,0,,,,,
14,Mon,2026-03-30 00:00:00,Converting ,Preco,,,,,,,,,,0,0,Grand Total,,,0,0,,,,,
14,Tue,2026-03-31 00:00:00,Converting ,Preco,,,,,,,,,,0,0,Grand Total,,,0,0,,,,,
14,Wed,2026-04-01 00:00:00,Converting ,Preco,,,,,,,,,,0,0,Grand Total,,,0,0,,,,,
14,Thu,2026-04-02 00:00:00,Converting ,Preco,,,,,,,,,,0,0,Grand Total,,,0,0,,,,,
14,Fri,2026-04-03 00:00:00,Converting ,Preco,,,,,,,,,,0,0,Grand Total,,,0,0,,,,,
14,Sat,2026-04-04 00:00:00,Converting ,Preco,,,,,,,,,,0,0,Grand Total,,,0,0,,,,,
14,Sun,2026-04-05 00:00:00,Converting ,Preco,,,,,,,,,,0,0,Grand Total,,,0,0,,,,,
15,Mon,2026-04-06 00:00:00,Converting ,Preco,,,,,,,,,,0,0,Grand Total,,,0,0,,,,,
15,Tue,2026-04-07 00:00:00,Converting ,Preco,,,,,,,,,,0,0,Grand Total,,,0,0,,,,,
15,Wed,2026-04-08 00:00:00,Converting ,Preco,,,,,,,,,,0,0,Grand Total,,,0,0,,,,,
15,Thu,2026-04-09 00:00:00,Converting ,Preco,,,,,,,,,,0,0,Grand Total,,,0,0,,,,,
15,Fri,2026-04-10 00:00:00,Converting ,Preco,,,,,,,,,,0,0,Grand Total,,,0,0,,,,,
15,Sat,2026-04-11 00:00:00,Converting ,Preco,,,,,,,,,,0,0,Grand Total,,,0,0,,,,,
15,Sun,2026-04-12 00:00:00,Converting ,Preco,,,,,,,,,,0,0,Grand Total,,,0,0,,,,,
16,Mon,2026-04-13 00:00:00,Converting ,Preco,,,,,,,,,,0,0,Grand Total,,,0,0,,,,,
16,Tue,2026-04-14 00:00:00,Converting ,Preco,,,,,,,,,,0,0,Grand Total,,,0,0,,,,,
16,Wed,2026-04-15 00:00:00,Converting ,Preco,,,,,,,,,,0,0,Grand Total,,,0,0,,,,,
16,Thu,2026-04-16 00:00:00,Converting ,Preco,,,,,,,,,,0,0,Grand Total,,,0,0,,,,,
16,Fri,2026-04-17 00:00:00,Converting ,Preco,,,,,,,,,,0,0,Grand Total,,,0,0,,,,,
16,Sat,2026-04-18 00:00:00,Converting ,Preco,,,,,,,,,,0,0,Grand Total,,,0,0,,,,,
16,Sun,2026-04-19 00:00:00,Converting ,Preco,,,,,,,,,,0,0,Grand Total,,,0,0,,,,,
17,Mon,2026-04-20 00:00:00,Converting ,Preco,,,,,,,,,,0,0,Grand Total,,,0,0,,,,,
17,Tue,2026-04-21 00:00:00,Converting ,Preco,,,,,,,,,,0,0,Grand Total,,,0,0,,,,,
17,Wed,2026-04-22 00:00:00,Converting ,Preco,,,,,,,,,,0,0,Grand Total,,,0,0,,,,,
17,Thu,2026-04-23 00:00:00,Converting ,Preco,,,,,,,,,,0,0,Grand Total,,,0,0,,,,,
17,Fri,2026-04-24 00:00:00,Converting ,Preco,,,,,,,,,,0,0,Grand Total,,,0,0,,,,,
17,Sat,2026-04-25 00:00:00,Converting ,Preco,,,,,,,,,,0,0,Grand Total,,,0,0,,,,,
17,Sun,2026-04-26 00:00:00,Converting ,Preco,,,,,,,,,,0,0,Grand Total,,,0,0,,,,,
18,Mon,2026-04-27 00:00:00,Converting ,Preco,,,,,,,,,,0,0,Grand Total,,,0,0,,,,,
18,Tue,2026-04-28 00:00:00,Converting ,Preco,,,,,,,,,,0,0,Grand Total,,,0,0,,,,,
18,Wed,2026-04-29 00:00:00,Converting ,Preco,,,,,,,,,,0,0,Grand Total,,,0,0,,,,,
18,Thu,2026-04-30 00:00:00,Converting ,Preco,,,,,,,,,,0,0,Grand Total,,,0,0,,,,,
18,Fri,2026-05-01 00:00:00,Converting ,Preco,,,,,,,,,,0,0,Grand Total,,,0,0,,,,,
18,Sat,2026-05-02 00:00:00,Converting ,Preco,,,,,,,,,,0,0,Grand Total,,,0,0,,,,,
18,Sun,2026-05-03 00:00:00,Converting ,Preco,,,,,,,,,,0,0,Grand Total,,,0,0,,,,,
19,Mon,2026-05-04 00:00:00,Converting ,Preco,,,,,,,,,,0,0,Grand Total,,,0,0,,,,,
19,Tue,2026-05-05 00:00:00,Converting ,Preco,,,,,,,,,,0,0,Grand Total,,,0,0,,,,,
19,Wed,2026-05-06 00:00:00,Converting ,Preco,,,,,,,,,,0,0,Grand Total,,,0,0,,,,,
19,Thu,2026-05-07 00:00:00,Converting ,Preco,,,,,,,,,,0,0,Grand Total,,,0,0,,,,,
19,Fri,2026-05-08 00:00:00,Converting ,Preco,,,,,,,,,,0,0,Grand Total,,,0,0,,,,,
19,Sat,2026-05-09 00:00:00,Converting ,Preco,,,,,,,,,,0,0,Grand Total,,,0,0,,,,,
19,Sun,2026-05-10 00:00:00,Converting ,Preco,,,,,,,,,,0,0,Grand Total,,,0,0,,,,,
20,Mon,2026-05-11 00:00:00,Converting ,Preco,,,,,,,,,,0,0,Grand Total,,,0,0,,,,,
20,Tue,2026-05-12 00:00:00,Converting ,Preco,,,,,,,,,,0,0,Grand Total,,,0,0,,,,,
20,Wed,2026-05-13 00:00:00,Converting ,Preco,,,,,,,,,,0,0,Grand Total,,,0,0,,,,,
20,Thu,2026-05-14 00:00:00,Converting ,Preco,,,,,,,,,,0,0,Grand Total,,,0,0,,,,,
20,Fri,2026-05-15 00:00:00,Converting ,Preco,,,,,,,,,,0,0,Grand Total,,,0,0,,,,,
20,Sat,2026-05-16 00:00:00,Converting ,Preco,,,,,,,,,,0,0,Grand Total,,,0,0,,,,,
20,Sun,2026-05-17 00:00:00,Converting ,Preco,,,,,,,,,,0,0,Grand Total,,,0,0,,,,,
21,Mon,2026-05-18 00:00:00,Converting ,Preco,,,,,,,,,,0,0,Grand Total,,,0,0,,,,,
21,Tue,2026-05-19 00:00:00,Converting ,Preco,,,,,,,,,,0,0,Grand Total,,,0,0,,,,,
21,Wed,2026-05-20 00:00:00,Converting ,Preco,,,,,,,,,,0,0,Grand Total,,,0,0,,,,,
21,Thu,2026-05-21 00:00:00,Converting ,Preco,,,,,,,,,,0,0,Grand Total,,,0,0,,,,,
21,Fri,2026-05-22 00:00:00,Converting ,Preco,,,,,,,,,,0,0,Grand Total,,,0,0,,,,,
21,Sat,2026-05-23 00:00:00,Converting ,Preco,,,,,,,,,,0,0,Grand Total,,,0,0,,,,,
21,Sun,2026-05-24 00:00:00,Converting ,Preco,,,,,,,,,,0,0,Grand Total,,,0,0,,,,,
22,Mon,2026-05-25 00:00:00,Converting ,Preco,,,,,,,,,,0,0,Grand Total,,,0,0,,,,,
22,Tue,2026-05-26 00:00:00,Converting ,Preco,,,,,,,,,,0,0,Grand Total,,,0,0,,,,,
22,Wed,2026-05-27 00:00:00,Converting ,Preco,,,,,,,,,,0,0,Grand Total,,,0,0,,,,,
22,Thu,2026-05-28 00:00:00,Converting ,Preco,,,,,,,,,,0,0,Grand Total,,,0,0,,,,,
22,Fri,2026-05-29 00:00:00,Converting ,Preco,,,,,,,,,,0,0,Grand Total,,,0,0,,,,,
22,Sat,2026-05-30 00:00:00,Converting ,Preco,,,,,,,,,,0,0,Grand Total,,,0,0,,,,,
22,Sun,2026-05-31 00:00:00,Converting ,Preco,,,,,,,,,,0,0,Grand Total,,,0,0,,,,,
23,Mon,2026-06-01 00:00:00,Converting ,Preco,,,,,,,,,,0,0,Grand Total,,,0,0,,,,,
23,Tue,2026-06-02 00:00:00,Converting ,Preco,,,,,,,,,,0,0,Grand Total,,,0,0,,,,,
23,Wed,2026-06-03 00:00:00,Converting ,Preco,,,,,,,,,,0,0,Grand Total,,,0,0,,,,,
23,Thu,2026-06-04 00:00:00,Converting ,Preco,,,,,,,,,,0,0,Grand Total,,,0,0,,,,,
23,Fri,2026-06-05 00:00:00,Converting ,Preco,,,,,,,,,,0,0,Grand Total,,,0,0,,,,,
23,Sat,2026-06-06 00:00:00,Converting ,Preco,,,,,,,,,,0,0,Grand Total,,,0,0,,,,,
23,Sun,2026-06-07 00:00:00,Converting ,Preco,,,,,,,,,,0,0,Grand Total,,,0,0,,,,,
24,Mon,2026-06-08 00:00:00,Converting ,Preco,,,,,,,,,,0,0,Grand Total,,,0,0,,,,,
24,Tue,2026-06-09 00:00:00,Converting ,Preco,,,,,,,,,,0,0,Grand Total,,,0,0,,,,,
24,Wed,2026-06-10 00:00:00,Converting ,Preco,,,,,,,,,,0,0,Grand Total,,,0,0,,,,,
24,Thu,2026-06-11 00:00:00,Converting ,Preco,,,,,,,,,,0,0,Grand Total,,,0,0,,,,,
24,Fri,2026-06-12 00:00:00,Converting ,Preco,,,,,,,,,,0,0,Grand Total,,,0,0,,,,,
24,Sat,2026-06-13 00:00:00,Converting ,Preco,,,,,,,,,,0,0,Grand Total,,,0,0,,,,,
24,Sun,2026-06-14 00:00:00,Converting ,Preco,,,,,,,,,,0,0,Grand Total,,,0,0,,,,,
25,Mon,2026-06-15 00:00:00,Converting ,Preco,,,,,,,,,,0,0,Grand Total,,,0,0,,,,,
25,Tue,2026-06-16 00:00:00,Converting ,Preco,,,,,,,,,,0,0,Grand Total,,,0,0,,,,,
25,Wed,2026-06-17 00:00:00,Converting ,Preco,,,,,,,,,,0,0,Grand Total,,,0,0,,,,,
25,Thu,2026-06-18 00:00:00,Converting ,Preco,,,,,,,,,,0,0,Grand Total,,,0,0,,,,,
25,Fri,2026-06-19 00:00:00,Converting ,Preco,,,,,,,,,,0,0,Grand Total,,,0,0,,,,,
25,Sat,2026-06-20 00:00:00,Converting ,Preco,,,,,,,,,,0,0,Grand Total,,,0,0,,,,,
25,Sun,2026-06-21 00:00:00,Converting ,Preco,,,,,,,,,,0,0,Grand Total,,,0,0,,,,,
26,Mon,2026-06-22 00:00:00,Converting ,Preco,,,,,,,,,,0,0,Grand Total,,,0,0,,,,,
26,Tue,2026-06-23 00:00:00,Converting ,Preco,,,,,,,,,,0,0,Grand Total,,,0,0,,,,,
26,Wed,2026-06-24 00:00:00,Converting ,Preco,,,,,,,,,,0,0,Grand Total,,,0,0,,,,,
26,Thu,2026-06-25 00:00:00,Converting ,Preco,,,,,,,,,,0,0,Grand Total,,,0,0,,,,,
26,Fri,2026-06-26 00:00:00,Converting ,Preco,,,,,,,,,,0,0,Grand Total,,,0,0,,,,,
26,Sat,2026-06-27 00:00:00,Converting ,Preco,,,,,,,,,,0,0,Grand Total,,,0,0,,,,,
26,Sun,2026-06-28 00:00:00,Converting ,Preco,,,,,,,,,,0,0,Grand Total,,,0,0,,,,,
27,Mon,2026-06-29 00:00:00,Converting ,Preco,,,,,,,,,,0,0,Grand Total,,,0,0,,,,,
27,Tue,2026-06-30 00:00:00,Converting ,Preco,,,,,,,,,,0,0,Grand Total,,,0,0,,,,,
27,Wed,2026-07-01 00:00:00,Converting ,Preco,,,,,,,,,,0,0,Grand Total,,,0,0,,,,,
27,Thu,2026-07-02 00:00:00,Converting ,Preco,,,,,,,,,,0,0,Grand Total,,,0,0,,,,,
27,Fri,2026-07-03 00:00:00,Converting ,Preco,,,,,,,,,,0,0,Grand Total,,,0,0,,,,,
27,Sat,2026-07-04 00:00:00,Converting ,Preco,,,,,,,,,,0,0,Grand Total,,,0,0,,,,,
27,Sun,2026-07-05 00:00:00,Converting ,Preco,,,,,,,,,,0,0,Grand Total,,,0,0,,,,,
28,Mon,2026-07-06 00:00:00,Converting ,Preco,,,,,,,,,,0,0,Grand Total,,,0,0,,,,,
28,Tue,2026-07-07 00:00:00,Converting ,Preco,,,,,,,,,,0,0,Grand Total,,,0,0,,,,,
28,Wed,2026-07-08 00:00:00,Converting ,Preco,,,,,,,,,,0,0,Grand Total,,,0,0,,,,,
28,Thu,2026-07-09 00:00:00,Converting ,Preco,,,,,,,,,,0,0,Grand Total,,,0,0,,,,,
28,Fri,2026-07-10 00:00:00,Converting ,Preco,,,,,,,,,,0,0,Grand Total,,,0,0,,,,,
28,Sat,2026-07-11 00:00:00,Converting ,Preco,,,,,,,,,,0,0,Grand Total,,,0,0,,,,,
28,Sun,2026-07-12 00:00:00,Converting ,Preco,,,,,,,,,,0,0,Grand Total,,,0,0,,,,,
29,Mon,2026-07-13 00:00:00,Converting ,Preco,,,,,,,,,,0,0,Grand Total,,,0,0,,,,,
29,Tue,2026-07-14 00:00:00,Converting ,Preco,,,,,,,,,,0,0,Grand Total,,,0,0,,,,,
29,Wed,2026-07-15 00:00:00,Converting ,Preco,,,,,,,,,,0,0,Grand Total,,,0,0,,,,,
29,Thu,2026-07-16 00:00:00,Converting ,Preco,,,,,,,,,,0,0,Grand Total,,,0,0,,,,,
29,Fri,2026-07-17 00:00:00,Converting ,Preco,,,,,,,,,,0,0,Grand Total,,,0,0,,,,,
29,Sat,2026-07-18 00:00:00,Converting ,Preco,,,,,,,,,,0,0,Grand Total,,,0,0,,,,,
29,Sun,2026-07-19 00:00:00,Converting ,Preco,,,,,,,,,,0,0,Grand Total,,,0,0,,,,,
30,Mon,2026-07-20 00:00:00,Converting ,Preco,,,,,,,,,,0,0,Grand Total,,,0,0,,,,,
30,Tue,2026-07-21 00:00:00,Converting ,Preco,,,,,,,,,,0,0,Grand Total,,,0,0,,,,,
30,Wed,2026-07-22 00:00:00,Converting ,Preco,,,,,,,,,,0,0,Grand Total,,,0,0,,,,,
30,Thu,2026-07-23 00:00:00,Converting ,Preco,,,,,,,,,,0,0,Grand Total,,,0,0,,,,,
30,Fri,2026-07-24 00:00:00,Converting ,Preco,,,,,,,,,,0,0,Grand Total,,,0,0,,,,,
30,Sat,2026-07-25 00:00:00,Converting ,Preco,,,,,,,,,,0,0,Grand Total,,,0,0,,,,,
30,Sun,2026-07-26 00:00:00,Converting ,Preco,,,,,,,,,,0,0,Grand Total,,,0,0,,,,,
31,Mon,2026-07-27 00:00:00,Converting ,Preco,,,,,,,,,,0,0,Grand Total,,,0,0,,,,,
31,Tue,2026-07-28 00:00:00,Converting ,Preco,,,,,,,,,,0,0,Grand Total,,,0,0,,,,,
31,Wed,2026-07-29 00:00:00,Converting ,Preco,,,,,,,,,,0,0,Grand Total,,,0,0,,,,,
31,Thu,2026-07-30 00:00:00,Converting ,Preco,,,,,,,,,,0,0,Grand Total,,,0,0,,,,,
31,Fri,2026-07-31 00:00:00,Converting ,Preco,,,,,,,,,,0,0,Grand Total,,,0,0,,,,,
31,Sat,2026-08-01 00:00:00,Converting ,Preco,,,,,,,,,,0,0,Grand Total,,,0,0,,,,,
31,Sun,2026-08-02 00:00:00,Converting ,Preco,,,,,,,,,,0,0,Grand Total,,,0,0,,,,,
32,Mon,2026-08-03 00:00:00,Converting ,Preco,,,,,,,,,,0,0,Grand Total,,,0,0,,,,,
32,Tue,2026-08-04 00:00:00,Converting ,Preco,,,,,,,,,,0,0,Grand Total,,,0,0,,,,,
32,Wed,2026-08-05 00:00:00,Converting ,Preco,,,,,,,,,,0,0,Grand Total,,,0,0,,,,,
32,Thu,2026-08-06 00:00:00,Converting ,Preco,,,,,,,,,,0,0,Grand Total,,,0,0,,,,,
32,Fri,2026-08-07 00:00:00,Converting ,Preco,,,,,,,,,,0,0,Grand Total,,,0,0,,,,,
32,Sat,2026-08-08 00:00:00,Converting ,Preco,,,,,,,,,,0,0,Grand Total,,,0,0,,,,,
32,Sun,2026-08-09 00:00:00,Converting ,Preco,,,,,,,,,,0,0,Grand Total,,,0,0,,,,,
33,Mon,2026-08-10 00:00:00,Converting ,Preco,,,,,,,,,,0,0,Grand Total,,,0,0,,,,,
33,Tue,2026-08-11 00:00:00,Converting ,Preco,,,,,,,,,,0,0,Grand Total,,,0,0,,,,,
33,Wed,2026-08-12 00:00:00,Converting ,Preco,,,,,,,,,,0,0,Grand Total,,,0,0,,,,,
33,Thu,2026-08-13 00:00:00,Converting ,Preco,,,,,,,,,,0,0,Grand Total,,,0,0,,,,,
33,Fri,2026-08-14 00:00:00,Converting ,Preco,,,,,,,,,,0,0,Grand Total,,,0,0,,,,,
33,Sat,2026-08-15 00:00:00,Converting ,Preco,,,,,,,,,,0,0,Grand Total,,,0,0,,,,,
33,Sun,2026-08-16 00:00:00,Converting ,Preco,,,,,,,,,,0,0,Grand Total,,,0,0,,,,,
34,Mon,2026-08-17 00:00:00,Converting ,Preco,,,,,,,,,,0,0,Grand Total,,,0,0,,,,,
34,Tue,2026-08-18 00:00:00,Converting ,Preco,,,,,,,,,,0,0,Grand Total,,,0,0,,,,,
34,Wed,2026-08-19 00:00:00,Converting ,Preco,,,,,,,,,,0,0,Grand Total,,,0,0,,,,,
34,Thu,2026-08-20 00:00:00,Converting ,Preco,,,,,,,,,,0,0,Grand Total,,,0,0,,,,,
34,Fri,2026-08-21 00:00:00,Converting ,Preco,,,,,,,,,,0,0,Grand Total,,,0,0,,,,,
34,Sat,2026-08-22 00:00:00,Converting ,Preco,,,,,,,,,,0,0,Grand Total,,,0,0,,,,,
34,Sun,2026-08-23 00:00:00,Converting ,Preco,,,,,,,,,,0,0,Grand Total,,,0,0,,,,,
35,Mon,2026-08-24 00:00:00,Converting ,Preco,,,,,,,,,,0,0,Grand Total,,,0,0,,,,,
35,Tue,2026-08-25 00:00:00,Converting ,Preco,,,,,,,,,,0,0,Grand Total,,,0,0,,,,,
35,Wed,2026-08-26 00:00:00,Converting ,Preco,,,,,,,,,,0,0,Grand Total,,,0,0,,,,,
35,Thu,2026-08-27 00:00:00,Converting ,Preco,,,,,,,,,,0,0,Grand Total,,,0,0,,,,,
35,Fri,2026-08-28 00:00:00,Converting ,Preco,,,,,,,,,,0,0,Grand Total,,,0,0,,,,,
35,Sat,2026-08-29 00:00:00,Converting ,Preco,,,,,,,,,,0,0,Grand Total,,,0,0,,,,,
35,Sun,2026-08-30 00:00:00,Converting ,Preco,,,,,,,,,,0,0,Grand Total,,,0,0,,,,,
36,Mon,2026-08-31 00:00:00,Converting ,Preco,,,,,,,,,,0,0,Grand Total,,,0,0,,,,,
36,Tue,2026-09-01 00:00:00,Converting ,Preco,,,,,,,,,,0,0,Grand Total,,,0,0,,,,,
36,Wed,2026-09-02 00:00:00,Converting ,Preco,,,,,,,,,,0,0,Grand Total,,,0,0,,,,,
36,Thu,2026-09-03 00:00:00,Converting ,Preco,,,,,,,,,,0,0,Grand Total,,,0,0,,,,,
36,Fri,2026-09-04 00:00:00,Converting ,Preco,,,,,,,,,,0,0,Grand Total,,,0,0,,,,,
36,Sat,2026-09-05 00:00:00,Converting ,Preco,,,,,,,,,,0,0,Grand Total,,,0,0,,,,,
36,Sun,2026-09-06 00:00:00,Converting ,Preco,,,,,,,,,,0,0,Grand Total,,,0,0,,,,,
37,Mon,2026-09-07 00:00:00,Converting ,Preco,,,,,,,,,,0,0,Grand Total,,,0,0,,,,,
37,Tue,2026-09-08 00:00:00,Converting ,Preco,,,,,,,,,,0,0,Grand Total,,,0,0,,,,,
37,Wed,2026-09-09 00:00:00,Converting ,Preco,,,,,,,,,,0,0,Grand Total,,,0,0,,,,,
37,Thu,2026-09-10 00:00:00,Converting ,Preco,,,,,,,,,,0,0,Grand Total,,,0,0,,,,,
37,Fri,2026-09-11 00:00:00,Converting ,Preco,,,,,,,,,,0,0,Grand Total,,,0,0,,,,,
37,Sat,2026-09-12 00:00:00,Converting ,Preco,,,,,,,,,,0,0,Grand Total,,,0,0,,,,,
37,Sun,2026-09-13 00:00:00,Converting ,Preco,,,,,,,,,,0,0,Grand Total,,,0,0,,,,,
38,Mon,2026-09-14 00:00:00,Converting ,Preco,,,,,,,,,,0,0,Grand Total,,,0,0,,,,,
38,Tue,2026-09-15 00:00:00,Converting ,Preco,,,,,,,,,,0,0,Grand Total,,,0,0,,,,,
38,Wed,2026-09-16 00:00:00,Converting ,Preco,,,,,,,,,,0,0,Grand Total,,,0,0,,,,,
38,Thu,2026-09-17 00:00:00,Converting ,Preco,,,,,,,,,,0,0,Grand Total,,,0,0,,,,,
38,Fri,2026-09-18 00:00:00,Converting ,Preco,,,,,,,,,,0,0,Grand Total,,,0,0,,,,,
38,Sat,2026-09-19 00:00:00,Converting ,Preco,,,,,,,,,,0,0,Grand Total,,,0,0,,,,,
38,Sun,2026-09-20 00:00:00,Converting ,Preco,,,,,,,,,,0,0,Grand Total,,,0,0,,,,,
39,Mon,2026-09-21 00:00:00,Converting ,Preco,,,,,,,,,,0,0,Grand Total,,,0,0,,,,,
39,Tue,2026-09-22 00:00:00,Converting ,Preco,,,,,,,,,,0,0,Grand Total,,,0,0,,,,,
39,Thu,2026-09-24 00:00:00,Converting ,Preco,,,,,,,,,,0,0,Grand Total,,,0,0,,,,,
39,Fri,2026-09-25 00:00:00,Converting ,Preco,,,,,,,,,,0,0,Grand Total,,,0,0,,,,,
39,Sat,2026-09-26 00:00:00,Converting ,Preco,,,,,,,,,,0,0,Grand Total,,,0,0,,,,,
39,Sun,2026-09-27 00:00:00,Converting ,Preco,,,,,,,,,,0,0,Grand Total,,,0,0,,,,,
40,Mon,2026-09-28 00:00:00,Converting ,Preco,,,,,,,,,,0,0,Grand Total,,,0,0,,,,,
40,Tue,2026-09-29 00:00:00,Converting ,Preco,,,,,,,,,,0,0,Grand Total,,,0,0,,,,,
40,Wed,2026-09-30 00:00:00,Converting ,Preco,,,,,,,,,,0,0,Grand Total,,,0,0,,,,,
40,Thu,2026-10-01 00:00:00,Converting ,Preco,,,,,,,,,,0,0,Grand Total,,,0,0,,,,,
40,Fri,2026-10-02 00:00:00,Converting ,Preco,,,,,,,,,,0,0,Grand Total,,,0,0,,,,,
40,Sat,2026-10-03 00:00:00,Converting ,Preco,,,,,,,,,,0,0,Grand Total,,,0,0,,,,,
40,Sun,2026-10-04 00:00:00,Converting ,Preco,,,,,,,,,,0,0,Grand Total,,,0,0,,,,,
41,Mon,2026-10-05 00:00:00,Converting ,Preco,,,,,,,,,,0,0,Grand Total,,,0,0,,,,,
41,Tue,2026-10-06 00:00:00,Converting ,Preco,,,,,,,,,,0,0,Grand Total,,,0,0,,,,,
41,Wed,2026-10-07 00:00:00,Converting ,Preco,,,,,,,,,,0,0,Grand Total,,,0,0,,,,,
41,Thu,2026-10-08 00:00:00,Converting ,Preco,,,,,,,,,,0,0,Grand Total,,,0,0,,,,,
41,Fri,2026-10-09 00:00:00,Converting ,Preco,,,,,,,,,,0,0,Grand Total,,,0,0,,,,,
41,Sat,2026-10-10 00:00:00,Converting ,Preco,,,,,,,,,,0,0,Grand Total,,,0,0,,,,,
41,Sun,2026-10-11 00:00:00,Converting ,Preco,,,,,,,,,,0,0,Grand Total,,,0,0,,,,,
42,Mon,2026-10-12 00:00:00,Converting ,Preco,,,,,,,,,,0,0,Grand Total,,,0,0,,,,,
42,Tue,2026-10-13 00:00:00,Converting ,Preco,,,,,,,,,,0,0,Grand Total,,,0,0,,,,,
42,Wed,2026-10-14 00:00:00,Converting ,Preco,,,,,,,,,,0,0,Grand Total,,,0,0,,,,,
42,Thu,2026-10-15 00:00:00,Converting ,Preco,,,,,,,,,,0,0,Grand Total,,,0,0,,,,,
42,Fri,2026-10-16 00:00:00,Converting ,Preco,,,,,,,,,,0,0,Grand Total,,,0,0,,,,,
42,Sat,2026-10-17 00:00:00,Converting ,Preco,,,,,,,,,,0,0,Grand Total,,,0,0,,,,,
42,Sun,2026-10-18 00:00:00,Converting ,Preco,,,,,,,,,,0,0,Grand Total,,,0,0,,,,,
43,Mon,2026-10-19 00:00:00,Converting ,Preco,,,,,,,,,,0,0,Grand Total,,,0,0,,,,,
43,Tue,2026-10-20 00:00:00,Converting ,Preco,,,,,,,,,,0,0,Grand Total,,,0,0,,,,,
43,Wed,2026-10-21 00:00:00,Converting ,Preco,,,,,,,,,,0,0,Grand Total,,,0,0,,,,,
43,Thu,2026-10-22 00:00:00,Converting ,Preco,,,,,,,,,,0,0,Grand Total,,,0,0,,,,,
43,Fri,2026-10-23 00:00:00,Converting ,Preco,,,,,,,,,,0,0,Grand Total,,,0,0,,,,,
43,Sat,2026-10-24 00:00:00,Converting ,Preco,,,,,,,,,,0,0,Grand Total,,,0,0,,,,,
43,Sun,2026-10-25 00:00:00,Converting ,Preco,,,,,,,,,,0,0,Grand Total,,,0,0,,,,,
44,Mon,2026-10-26 00:00:00,Converting ,Preco,,,,,,,,,,0,0,Grand Total,,,0,0,,,,,
44,Tue,2026-10-27 00:00:00,Converting ,Preco,,,,,,,,,,0,0,Grand Total,,,0,0,,,,,
44,Wed,2026-10-28 00:00:00,Converting ,Preco,,,,,,,,,,0,0,Grand Total,,,0,0,,,,,
44,Thu,2026-10-29 00:00:00,Converting ,Preco,,,,,,,,,,0,0,Grand Total,,,0,0,,,,,
44,Fri,2026-10-30 00:00:00,Converting ,Preco,,,,,,,,,,0,0,Grand Total,,,0,0,,,,,
44,Sat,2026-10-31 00:00:00,Converting ,Preco,,,,,,,,,,0,0,Grand Total,,,0,0,,,,,
44,Sun,2026-11-01 00:00:00,Converting ,Preco,,,,,,,,,,0,0,Grand Total,,,0,0,,,,,
45,Mon,2026-11-02 00:00:00,Converting ,Preco,,,,,,,,,,0,0,Grand Total,,,0,0,,,,,
45,Tue,2026-11-03 00:00:00,Converting ,Preco,,,,,,,,,,0,0,Grand Total,,,0,0,,,,,
45,Wed,2026-11-04 00:00:00,Converting ,Preco,,,,,,,,,,0,0,Grand Total,,,0,0,,,,,
45,Thu,2026-11-05 00:00:00,Converting ,Preco,,,,,,,,,,0,0,Grand Total,,,0,0,,,,,
45,Fri,2026-11-06 00:00:00,Converting ,Preco,,,,,,,,,,0,0,Grand Total,,,0,0,,,,,
45,Sat,2026-11-07 00:00:00,Converting ,Preco,,,,,,,,,,0,0,Grand Total,,,0,0,,,,,
45,Sun,2026-11-08 00:00:00,Converting ,Preco,,,,,,,,,,0,0,Grand Total,,,0,0,,,,,
46,Mon,2026-11-09 00:00:00,Converting ,Preco,,,,,,,,,,0,0,Grand Total,,,0,0,,,,,
46,Tue,2026-11-10 00:00:00,Converting ,Preco,,,,,,,,,,0,0,Grand Total,,,0,0,,,,,
46,Wed,2026-11-11 00:00:00,Converting ,Preco,,,,,,,,,,0,0,Grand Total,,,0,0,,,,,
46,Thu,2026-11-12 00:00:00,Converting ,Preco,,,,,,,,,,0,0,Grand Total,,,0,0,,,,,
46,Fri,2026-11-13 00:00:00,Converting ,Preco,,,,,,,,,,0,0,Grand Total,,,0,0,,,,,
46,Sat,2026-11-14 00:00:00,Converting ,Preco,,,,,,,,,,0,0,Grand Total,,,0,0,,,,,
46,Sun,2026-11-15 00:00:00,Converting ,Preco,,,,,,,,,,0,0,Grand Total,,,0,0,,,,,
47,Mon,2026-11-16 00:00:00,Converting ,Preco,,,,,,,,,,0,0,Grand Total,,,0,0,,,,,
47,Tue,2026-11-17 00:00:00,Converting ,Preco,,,,,,,,,,0,0,Grand Total,,,0,0,,,,,
47,Wed,2026-11-18 00:00:00,Converting ,Preco,,,,,,,,,,0,0,Grand Total,,,0,0,,,,,
47,Thu,2026-11-19 00:00:00,Converting ,Preco,,,,,,,,,,0,0,Grand Total,,,0,0,,,,,
47,Fri,2026-11-20 00:00:00,Converting ,Preco,,,,,,,,,,0,0,Grand Total,,,0,0,,,,,
47,Sat,2026-11-21 00:00:00,Converting ,Preco,,,,,,,,,,0,0,Grand Total,,,0,0,,,,,
47,Sun,2026-11-22 00:00:00,Converting ,Preco,,,,,,,,,,0,0,Grand Total,,,0,0,,,,,
48,Mon,2026-11-23 00:00:00,Converting ,Preco,,,,,,,,,,0,0,Grand Total,,,0,0,,,,,
48,Tue,2026-11-24 00:00:00,Converting ,Preco,,,,,,,,,,0,0,Grand Total,,,0,0,,,,,
48,Wed,2026-11-25 00:00:00,Converting ,Preco,,,,,,,,,,0,0,Grand Total,,,0,0,,,,,
48,Thu,2026-11-26 00:00:00,Converting ,Preco,,,,,,,,,,0,0,Grand Total,,,0,0,,,,,
48,Fri,2026-11-27 00:00:00,Converting ,Preco,,,,,,,,,,0,0,Grand Total,,,0,0,,,,,
48,Sat,2026-11-28 00:00:00,Converting ,Preco,,,,,,,,,,0,0,Grand Total,,,0,0,,,,,
48,Sun,2026-11-29 00:00:00,Converting ,Preco,,,,,,,,,,0,0,Grand Total,,,0,0,,,,,
49,Mon,2026-11-30 00:00:00,Converting ,Preco,,,,,,,,,,0,0,Grand Total,,,0,0,,,,,
49,Tue,2026-12-01 00:00:00,Converting ,Preco,,,,,,,,,,0,0,Grand Total,,,0,0,,,,,
49,Wed,2026-12-02 00:00:00,Converting ,Preco,,,,,,,,,,0,0,Grand Total,,,0,0,,,,,
49,Thu,2026-12-03 00:00:00,Converting ,Preco,,,,,,,,,,0,0,Grand Total,,,0,0,,,,,
49,Fri,2026-12-04 00:00:00,Converting ,Preco,,,,,,,,,,0,0,Grand Total,,,0,0,,,,,
49,Sat,2026-12-05 00:00:00,Converting ,Preco,,,,,,,,,,0,0,Grand Total,,,0,0,,,,,
49,Sun,2026-12-06 00:00:00,Converting ,Preco,,,,,,,,,,0,0,Grand Total,,,0,0,,,,,
50,Mon,2026-12-07 00:00:00,Converting ,Preco,,,,,,,,,,0,0,Grand Total,,,0,0,,,,,
50,Tue,2026-12-08 00:00:00,Converting ,Preco,,,,,,,,,,0,0,Grand Total,,,0,0,,,,,
50,Wed,2026-12-09 00:00:00,Converting ,Preco,,,,,,,,,,0,0,Grand Total,,,0,0,,,,,
50,Thu,2026-12-10 00:00:00,Converting ,Preco,,,,,,,,,,0,0,Grand Total,,,0,0,,,,,
50,Fri,2026-12-11 00:00:00,Converting ,Preco,,,,,,,,,,0,0,Grand Total,,,0,0,,,,,
50,Sat,2026-12-12 00:00:00,Converting ,Preco,,,,,,,,,,0,0,Grand Total,,,0,0,,,,,
50,Sun,2026-12-13 00:00:00,Converting ,Preco,,,,,,,,,,0,0,Grand Total,,,0,0,,,,,
51,Mon,2026-12-14 00:00:00,Converting ,Preco,,,,,,,,,,0,0,Grand Total,,,0,0,,,,,
51,Tue,2026-12-15 00:00:00,Converting ,Preco,,,,,,,,,,0,0,Grand Total,,,0,0,,,,,
51,Wed,2026-12-16 00:00:00,Converting ,Preco,,,,,,,,,,0,0,Grand Total,,,0,0,,,,,
51,Thu,2026-12-17 00:00:00,Converting ,Preco,,,,,,,,,,0,0,Grand Total,,,0,0,,,,,
51,Fri,2026-12-18 00:00:00,Converting ,Preco,,,,,,,,,,0,0,Grand Total,,,0,0,,,,,
51,Sat,2026-12-19 00:00:00,Converting ,Preco,,,,,,,,,,0,0,Grand Total,,,0,0,,,,,
51,Sun,2026-12-20 00:00:00,Converting ,Preco,,,,,,,,,,0,0,Grand Total,,,0,0,,,,,
52,Mon,2026-12-21 00:00:00,Converting ,Preco,,,,,,,,,,0,0,Grand Total,,,0,0,,,,,
52,Tue,2026-12-22 00:00:00,Converting ,Preco,,,,,,,,,,0,0,Grand Total,,,0,0,,,,,
52,Wed,2026-12-23 00:00:00,Converting ,Preco,,,,,,,,,,0,0,Grand Total,,,0,0,,,,,
52,Thu,2026-12-24 00:00:00,Converting ,Preco,,,,,,,,,,0,0,Grand Total,,,0,0,,,,,
52,Fri,2026-12-25 00:00:00,Converting ,Preco,,,,,,,,,,0,0,Grand Total,,,0,0,,,,,
52,Sat,2026-12-26 00:00:00,Converting ,Preco,,,,,,,,,,0,0,Grand Total,,,0,0,,,,,
52,Sun,2026-12-27 00:00:00,Converting ,Preco,,,,,,,,,,0,0,Grand Total,,,0,0,,,,,
53,Mon,2026-12-28 00:00:00,Converting ,Preco,,,,,,,,,,0,0,Grand Total,,,0,0,,,,,
53,Tue,2026-12-29 00:00:00,Converting ,Preco,,,,,,,,,,0,0,Grand Total,,,0,0,,,,,
53,Wed,2026-12-30 00:00:00,Converting ,Preco,,,,,,,,,,0,0,Grand Total,,,0,0,,,,,
53,Thu,2026-12-31 00:00:00,Converting ,Preco,,,,,,,,,,0,0,Grand Total,,,0,0,,,,,
1,Thu,2026-01-01 00:00:00,Converting ,Adaptiv Machine,,,,,,,,,,0,0,Grand Total,,,0,0,,,,,
1,Fri,2026-01-02 00:00:00,Converting ,Adaptiv Machine,,,,,,,,,,0,0,Grand Total,,,0,0,,,,,
1,Tue,2023-01-03 00:00:00,Converting ,Adaptiv Machine,,,,,,,,,,0,0,Grand Total,,,0,0,,,,,
1,Sun,2026-01-04 00:00:00,Converting ,Adaptiv Machine,,,,,,,,,,0,0,Grand Total,,,0,0,,,,,
2,Mon,2026-01-05 00:00:00,Converting ,Adaptiv Machine,,,,,,,,,,0,0,Grand Total,,,0,0,,,,,
2,Tue,2026-01-06 00:00:00,Converting ,Adaptiv Machine,,,,,,,,,,0,0,Grand Total,,,0,0,,,,,
2,Wed,2026-01-07 00:00:00,Converting ,Adaptiv Machine,,,,,,,,,,0,0,Grand Total,,,0,0,,,,,
2,Thu,2026-01-08 00:00:00,Converting ,Adaptiv Machine,,,,,,,,,,0,0,Grand Total,,,0,0,,,,,
2,Fri,2026-01-09 00:00:00,Converting ,Adaptiv Machine,,,,,,,,,,0,0,Grand Total,,,0,0,,,,,
2,Sat,2026-01-10 00:00:00,Converting ,Adaptiv Machine,,,,,,,,,,0,0,Grand Total,,,0,0,,,,,
2,Sun,2026-01-11 00:00:00,Converting ,Adaptiv Machine,,,,,,,,,,0,0,Grand Total,,,0,0,,,,,
3,Mon,2026-01-12 00:00:00,Converting ,Adaptiv Machine,,,,,,,,,,0,0,Grand Total,,,0,0,,,,,
3,Tue,2026-01-13 00:00:00,Converting ,Adaptiv Machine,,,,,,,,,,0,0,Grand Total,,,0,0,,,,,
3,Wed,2026-01-14 00:00:00,Converting ,Adaptiv Machine,,,,,,,,,,0,0,Grand Total,,,0,0,,,,,
3,Thu,2026-01-15 00:00:00,Converting ,Adaptiv Machine,,,,,,,,,,0,0,Grand Total,,,0,0,,,,,
3,Fri,2026-01-16 00:00:00,Converting ,Adaptiv Machine,,,,,,,,,,0,0,Grand Total,,,0,0,,,,,
3,Sat,2026-01-17 00:00:00,Converting ,Adaptiv Machine,,,,,,,,,,0,0,Grand Total,,,0,0,,,,,
3,Sun,2026-01-18 00:00:00,Converting ,Adaptiv Machine,,,,,,,,,,0,0,Grand Total,,,0,0,,,,,
4,Mon,2026-01-19 00:00:00,Converting ,Adaptiv Machine,,,,,,,,,,0,0,Grand Total,,,0,0,,,,,
4,Tue,2026-01-20 00:00:00,Converting ,Adaptiv Machine,,,,PM,,,,,,0,0,Grand Total,,,0,0,,,,,
4,Wed,2026-01-21 00:00:00,Converting ,Adaptiv Machine,,,,,,,,,,0,0,Grand Total,,,0,0,,,,,
4,Thu,2026-01-22 00:00:00,Converting ,Adaptiv Machine,,,,,,,,,,0,0,Grand Total,,,0,0,,,,,
4,Fri,2026-01-23 00:00:00,Converting ,Adaptiv Machine,,,,,,,,,,0,0,Grand Total,,,0,0,,,,,
4,Sat,2026-01-24 00:00:00,Converting ,Adaptiv Machine,,,,,,,,,,0,0,Grand Total,,,0,0,,,,,
4,Sun,2026-01-25 00:00:00,Converting ,Adaptiv Machine,,,,,,,,,,0,0,Grand Total,,,0,0,,,,,
5,Mon,2026-01-26 00:00:00,Converting ,Adaptiv Machine,,,,,,,,,,0,0,Grand Total,,,0,0,,,,,
5,Tue,2026-01-27 00:00:00,Converting ,Adaptiv Machine,,,,,,,,,,0,0,Grand Total,,,0,0,,,,,
5,Wed,2026-01-28 00:00:00,Converting ,Adaptiv Machine,,,,,,,,,,0,0,Grand Total,,,0,0,,,,,
5,Thu,2026-01-29 00:00:00,Converting ,Adaptiv Machine,,,,,,,,,,0,0,Grand Total,,,0,0,,,,,
5,Fri,2026-01-30 00:00:00,Converting ,Adaptiv Machine,,,,,,,,,,0,0,Grand Total,,,0,0,,,,,
5,Sat,2026-01-31 00:00:00,Converting ,Adaptiv Machine,,,,,,,,,,0,0,Grand Total,,,0,0,,,,,
5,Sun,2026-02-01 00:00:00,Converting ,Adaptiv Machine,,,,,,,,,,0,0,Grand Total,,,0,0,,,,,
6,Mon,2026-02-02 00:00:00,Converting ,Adaptiv Machine,,,,,,,,,,0,0,Grand Total,,,0,0,,,,,
6,Tue,2026-02-03 00:00:00,Converting ,Adaptiv Machine,,,,,,,,,,0,0,Grand Total,,,0,0,,,,,
6,Wed,2026-02-04 00:00:00,Converting ,Adaptiv Machine,,,,,,,,,,0,0,Grand Total,,,0,0,,,,,
6,Thu,2026-02-05 00:00:00,Converting ,Adaptiv Machine,,,,,,,,,,0,0,Grand Total,,,0,0,,,,,
6,Fri,2026-02-06 00:00:00,Converting ,Adaptiv Machine,,,,,,,,,,0,0,Grand Total,,,0,0,,,,,
6,Sat,2026-02-07 00:00:00,Converting ,Adaptiv Machine,,,,,,,,,,0,0,Grand Total,,,0,0,,,,,
6,Sun,2026-02-08 00:00:00,Converting ,Adaptiv Machine,,,,,,,,,,0,0,Grand Total,,,0,0,,,,,
7,Mon,2026-02-09 00:00:00,Converting ,Adaptiv Machine,,,,,,,,,,0,0,Grand Total,,,0,0,,,,,
7,Tue,2026-02-10 00:00:00,Converting ,Adaptiv Machine,,,,,,,,,,0,0,Grand Total,,,0,0,,,,,
7,Wed,2026-02-11 00:00:00,Converting ,Adaptiv Machine,,,,,,,,,,0,0,Grand Total,,,0,0,,,,,
7,Thu,2026-02-12 00:00:00,Converting ,Adaptiv Machine,,,,,,,,,,0,0,Grand Total,,,0,0,,,,,
7,Fri,2026-02-13 00:00:00,Converting ,Adaptiv Machine,,,,,,,,,,0,0,Grand Total,,,0,0,,,,,
7,Sat,2026-02-14 00:00:00,Converting ,Adaptiv Machine,,,,,,,,,,0,0,Grand Total,,,0,0,,,,,
7,Sun,2026-02-15 00:00:00,Converting ,Adaptiv Machine,,,,,,,,,,0,0,Grand Total,,,0,0,,,,,
8,Mon,2026-02-16 00:00:00,Converting ,Adaptiv Machine,,,,,,,,,,0,0,Grand Total,,,0,0,,,,,
8,Tue,2026-02-17 00:00:00,Converting ,Adaptiv Machine,,,,,,,,,,0,0,Grand Total,,,0,0,,,,,
8,Wed,2026-02-18 00:00:00,Converting ,Adaptiv Machine,,,,,,,,,,0,0,Grand Total,,,0,0,,,,,
8,Thu,2026-02-19 00:00:00,Converting ,Adaptiv Machine,,,,,,,,,,0,0,Grand Total,,,0,0,,,,,
8,Fri,2026-02-20 00:00:00,Converting ,Adaptiv Machine,,,,,,,,,,0,0,Grand Total,,,0,0,,,,,
8,Sat,2026-02-21 00:00:00,Converting ,Adaptiv Machine,,,,,,,,,,0,0,Grand Total,,,0,0,,,,,
8,Sun,2026-02-22 00:00:00,Converting ,Adaptiv Machine,,,,,,,,,,0,0,Grand Total,,,0,0,,,,,
9,Mon,2026-02-23 00:00:00,Converting ,Adaptiv Machine,,,,PM,,,,,,0,0,Grand Total,,,0,0,,,,,
9,Tue,2026-02-24 00:00:00,Converting ,Adaptiv Machine,,,,,,,,,,0,0,Grand Total,,,0,0,,,,,
9,Wed,2026-02-25 00:00:00,Converting ,Adaptiv Machine,,,,,,,,,,0,0,Grand Total,,,0,0,,,,,
9,Thu,2026-02-26 00:00:00,Converting ,Adaptiv Machine,,,,,,,,,,0,0,Grand Total,,,0,0,,,,,
9,Fri,2026-02-27 00:00:00,Converting ,Adaptiv Machine,,,,,,,,,,0,0,Grand Total,,,0,0,,,,,
9,Sat,2026-02-28 00:00:00,Converting ,Adaptiv Machine,,,,,,,,,,0,0,Grand Total,,,0,0,,,,,
9,Sun,2026-03-01 00:00:00,Converting ,Adaptiv Machine,,,,,,,,,,0,0,Grand Total,,,0,0,,,,,
10,Mon,2026-03-02 00:00:00,Converting ,Adaptiv Machine,,,,,,,,,,0,0,Grand Total,,,0,0,,,,,
10,Tue,2026-03-03 00:00:00,Converting ,Adaptiv Machine,,,,,,,,,,0,0,Grand Total,,,0,0,,,,,
10,Wed,2026-03-04 00:00:00,Converting ,Adaptiv Machine,,,,,,,,,,0,0,Grand Total,,,0,0,,,,,
10,Thu,2026-03-05 00:00:00,Converting ,Adaptiv Machine,,,,,,,,,,0,0,Grand Total,,,0,0,,,,,
10,Fri,2026-03-06 00:00:00,Converting ,Adaptiv Machine,,,,,,,,,,0,0,Grand Total,,,0,0,,,,,
10,Sat,2026-03-07 00:00:00,Converting ,Adaptiv Machine,,,,,,,,,,0,0,Grand Total,,,0,0,,,,,
10,Sun,2026-03-08 00:00:00,Converting ,Adaptiv Machine,,,,,,,,,,0,0,Grand Total,,,0,0,,,,,
11,Mon,2026-03-09 00:00:00,Converting ,Adaptiv Machine,,,,,,,,,,0,0,Grand Total,,,0,0,,,,,
11,Tue,2026-03-10 00:00:00,Converting ,Adaptiv Machine,,,,,,,,,,0,0,Grand Total,,,0,0,,,,,
11,Wed,2026-03-11 00:00:00,Converting ,Adaptiv Machine,,,,,,,,,,0,0,Grand Total,,,0,0,,,,,
11,Thu,2026-03-12 00:00:00,Converting ,Adaptiv Machine,,,,,,,,,,0,0,Grand Total,,,0,0,,,,,
11,Fri,2026-03-13 00:00:00,Converting ,Adaptiv Machine,,,,,,,,,,0,0,Grand Total,,,0,0,,,,,
11,Sat,2026-03-14 00:00:00,Converting ,Adaptiv Machine,,,,,,,,,,0,0,Grand Total,,,0,0,,,,,
11,Sun,2026-03-15 00:00:00,Converting ,Adaptiv Machine,,,,,,,,,,0,0,Grand Total,,,0,0,,,,,
12,Mon,2026-03-16 00:00:00,Converting ,Adaptiv Machine,,,,,,,,,,0,0,Grand Total,,,0,0,,,,,
12,Tue,2026-03-17 00:00:00,Converting ,Adaptiv Machine,,,,,,,,,,0,0,Grand Total,,,0,0,,,,,
12,Wed,2026-03-18 00:00:00,Converting ,Adaptiv Machine,,,,,,,,,,0,0,Grand Total,,,0,0,,,,,
12,Thu,2026-03-19 00:00:00,Converting ,Adaptiv Machine,,,,,,,,,,0,0,Grand Total,,,0,0,,,,,
12,Fri,2026-03-20 00:00:00,Converting ,Adaptiv Machine,,,,,,,,,,0,0,Grand Total,,,0,0,,,,,
12,Sat,2026-03-21 00:00:00,Converting ,Adaptiv Machine,,,,,,,,,,0,0,Grand Total,,,0,0,,,,,
12,Sun,2026-03-22 00:00:00,Converting ,Adaptiv Machine,,,,,,,,,,0,0,Grand Total,,,0,0,,,,,
13,Mon,2026-03-23 00:00:00,Converting ,Adaptiv Machine,,,,,,,,,,0,0,Grand Total,,,0,0,,,,,
13,Tue,2026-03-24 00:00:00,Converting ,Adaptiv Machine,,,,,,,,,,0,0,Grand Total,,,0,0,,,,,
13,Wed,2026-03-25 00:00:00,Converting ,Adaptiv Machine,,,,,,,,,,0,0,Grand Total,,,0,0,,,,,
13,Thu,2026-03-26 00:00:00,Converting ,Adaptiv Machine,,,,,,,,,,0,0,Grand Total,,,0,0,,,,,
13,Fri,2026-03-27 00:00:00,Converting ,Adaptiv Machine,,,,,,,,,,0,0,Grand Total,,,0,0,,,,,
13,Sat,2026-03-28 00:00:00,Converting ,Adaptiv Machine,,,,,,,,,,0,0,Grand Total,,,0,0,,,,,
13,Sun,2026-03-29 00:00:00,Converting ,Adaptiv Machine,,,,,,,,,,0,0,Grand Total,,,0,0,,,,,
14,Mon,2026-03-30 00:00:00,Converting ,Adaptiv Machine,,,,,,,,,,0,0,Grand Total,,,0,0,,,,,
14,Tue,2026-03-31 00:00:00,Converting ,Adaptiv Machine,,,,,,,,,,0,0,Grand Total,,,0,0,,,,,
14,Wed,2026-04-01 00:00:00,Converting ,Adaptiv Machine,,,,,,,,,,0,0,Grand Total,,,0,0,,,,,
14,Thu,2026-04-02 00:00:00,Converting ,Adaptiv Machine,,,,,,,,,,0,0,Grand Total,,,0,0,,,,,
14,Fri,2026-04-03 00:00:00,Converting ,Adaptiv Machine,,,,,,,,,,0,0,Grand Total,,,0,0,,,,,
14,Sat,2026-04-04 00:00:00,Converting ,Adaptiv Machine,,,,,,,,,,0,0,Grand Total,,,0,0,,,,,
14,Sun,2026-04-05 00:00:00,Converting ,Adaptiv Machine,,,,,,,,,,0,0,Grand Total,,,0,0,,,,,
15,Mon,2026-04-06 00:00:00,Converting ,Adaptiv Machine,,,,,,,,,,0,0,Grand Total,,,0,0,,,,,
15,Tue,2026-04-07 00:00:00,Converting ,Adaptiv Machine,,,,,,,,,,0,0,Grand Total,,,0,0,,,,,
15,Wed,2026-04-08 00:00:00,Converting ,Adaptiv Machine,,,,,,,,,,0,0,Grand Total,,,0,0,,,,,
15,Thu,2026-04-09 00:00:00,Converting ,Adaptiv Machine,,,,,,,,,,0,0,Grand Total,,,0,0,,,,,
15,Fri,2026-04-10 00:00:00,Converting ,Adaptiv Machine,,,,,,,,,,0,0,Grand Total,,,0,0,,,,,
15,Sat,2026-04-11 00:00:00,Converting ,Adaptiv Machine,,,,,,,,,,0,0,Grand Total,,,0,0,,,,,
15,Sun,2026-04-12 00:00:00,Converting ,Adaptiv Machine,,,,,,,,,,0,0,Grand Total,,,0,0,,,,,
16,Mon,2026-04-13 00:00:00,Converting ,Adaptiv Machine,,,,,,,,,,0,0,Grand Total,,,0,0,,,,,
16,Tue,2026-04-14 00:00:00,Converting ,Adaptiv Machine,,,,,,,,,,0,0,Grand Total,,,0,0,,,,,
16,Wed,2026-04-15 00:00:00,Converting ,Adaptiv Machine,,,,,,,,,,0,0,Grand Total,,,0,0,,,,,
16,Thu,2026-04-16 00:00:00,Converting ,Adaptiv Machine,,,,,,,,,,0,0,Grand Total,,,0,0,,,,,
16,Fri,2026-04-17 00:00:00,Converting ,Adaptiv Machine,,,,,,,,,,0,0,Grand Total,,,0,0,,,,,
16,Sat,2026-04-18 00:00:00,Converting ,Adaptiv Machine,,,,,,,,,,0,0,Grand Total,,,0,0,,,,,
16,Sun,2026-04-19 00:00:00,Converting ,Adaptiv Machine,,,,,,,,,,0,0,Grand Total,,,0,0,,,,,
17,Mon,2026-04-20 00:00:00,Converting ,Adaptiv Machine,,,,,,,,,,0,0,Grand Total,,,0,0,,,,,
17,Tue,2026-04-21 00:00:00,Converting ,Adaptiv Machine,,,,,,,,,,0,0,Grand Total,,,0,0,,,,,
17,Wed,2026-04-22 00:00:00,Converting ,Adaptiv Machine,,,,,,,,,,0,0,Grand Total,,,0,0,,,,,
17,Thu,2026-04-23 00:00:00,Converting ,Adaptiv Machine,,,,,,,,,,0,0,Grand Total,,,0,0,,,,,
17,Fri,2026-04-24 00:00:00,Converting ,Adaptiv Machine,,,,,,,,,,0,0,Grand Total,,,0,0,,,,,
17,Sat,2026-04-25 00:00:00,Converting ,Adaptiv Machine,,,,,,,,,,0,0,Grand Total,,,0,0,,,,,
17,Sun,2026-04-26 00:00:00,Converting ,Adaptiv Machine,,,,,,,,,,0,0,Grand Total,,,0,0,,,,,
18,Mon,2026-04-27 00:00:00,Converting ,Adaptiv Machine,,,,,,,,,,0,0,Grand Total,,,0,0,,,,,
18,Tue,2026-04-28 00:00:00,Converting ,Adaptiv Machine,,,,,,,,,,0,0,Grand Total,,,0,0,,,,,
18,Wed,2026-04-29 00:00:00,Converting ,Adaptiv Machine,,,,,,,,,,0,0,Grand Total,,,0,0,,,,,
18,Thu,2026-04-30 00:00:00,Converting ,Adaptiv Machine,,,,,,,,,,0,0,Grand Total,,,0,0,,,,,
18,Fri,2026-05-01 00:00:00,Converting ,Adaptiv Machine,,,,,,,,,,0,0,Grand Total,,,0,0,,,,,
18,Sat,2026-05-02 00:00:00,Converting ,Adaptiv Machine,,,,,,,,,,0,0,Grand Total,,,0,0,,,,,
18,Sun,2026-05-03 00:00:00,Converting ,Adaptiv Machine,,,,,,,,,,0,0,Grand Total,,,0,0,,,,,
19,Mon,2026-05-04 00:00:00,Converting ,Adaptiv Machine,,,,,,,,,,0,0,Grand Total,,,0,0,,,,,
19,Tue,2026-05-05 00:00:00,Converting ,Adaptiv Machine,,,,,,,,,,0,0,Grand Total,,,0,0,,,,,
19,Wed,2026-05-06 00:00:00,Converting ,Adaptiv Machine,,,,,,,,,,0,0,Grand Total,,,0,0,,,,,
19,Thu,2026-05-07 00:00:00,Converting ,Adaptiv Machine,,,,,,,,,,0,0,Grand Total,,,0,0,,,,,
19,Fri,2026-05-08 00:00:00,Converting ,Adaptiv Machine,,,,,,,,,,0,0,Grand Total,,,0,0,,,,,
19,Sat,2026-05-09 00:00:00,Converting ,Adaptiv Machine,,,,,,,,,,0,0,Grand Total,,,0,0,,,,,
19,Sun,2026-05-10 00:00:00,Converting ,Adaptiv Machine,,,,,,,,,,0,0,Grand Total,,,0,0,,,,,
20,Mon,2026-05-11 00:00:00,Converting ,Adaptiv Machine,,,,,,,,,,0,0,Grand Total,,,0,0,,,,,
20,Tue,2026-05-12 00:00:00,Converting ,Adaptiv Machine,,,,,,,,,,0,0,Grand Total,,,0,0,,,,,
20,Wed,2026-05-13 00:00:00,Converting ,Adaptiv Machine,,,,,,,,,,0,0,Grand Total,,,0,0,,,,,
20,Thu,2026-05-14 00:00:00,Converting ,Adaptiv Machine,,,,,,,,,,0,0,Grand Total,,,0,0,,,,,
20,Fri,2026-05-15 00:00:00,Converting ,Adaptiv Machine,,,,,,,,,,0,0,Grand Total,,,0,0,,,,,
20,Sat,2026-05-16 00:00:00,Converting ,Adaptiv Machine,,,,,,,,,,0,0,Grand Total,,,0,0,,,,,
20,Sun,2026-05-17 00:00:00,Converting ,Adaptiv Machine,,,,,,,,,,0,0,Grand Total,,,0,0,,,,,
21,Mon,2026-05-18 00:00:00,Converting ,Adaptiv Machine,,,,,,,,,,0,0,Grand Total,,,0,0,,,,,
21,Tue,2026-05-19 00:00:00,Converting ,Adaptiv Machine,,,,,,,,,,0,0,Grand Total,,,0,0,,,,,
21,Wed,2026-05-20 00:00:00,Converting ,Adaptiv Machine,,,,,,,,,,0,0,Grand Total,,,0,0,,,,,
21,Thu,2026-05-21 00:00:00,Converting ,Adaptiv Machine,,,,,,,,,,0,0,Grand Total,,,0,0,,,,,
21,Fri,2026-05-22 00:00:00,Converting ,Adaptiv Machine,,,,,,,,,,0,0,Grand Total,,,0,0,,,,,
21,Sat,2026-05-23 00:00:00,Converting ,Adaptiv Machine,,,,,,,,,,0,0,Grand Total,,,0,0,,,,,
21,Sun,2026-05-24 00:00:00,Converting ,Adaptiv Machine,,,,,,,,,,0,0,Grand Total,,,0,0,,,,,
22,Mon,2026-05-25 00:00:00,Converting ,Adaptiv Machine,,,,,,,,,,0,0,Grand Total,,,0,0,,,,,
22,Tue,2026-05-26 00:00:00,Converting ,Adaptiv Machine,,,,,,,,,,0,0,Grand Total,,,0,0,,,,,
22,Wed,2026-05-27 00:00:00,Converting ,Adaptiv Machine,,,,,,,,,,0,0,Grand Total,,,0,0,,,,,
22,Thu,2026-05-28 00:00:00,Converting ,Adaptiv Machine,,,,,,,,,,0,0,Grand Total,,,0,0,,,,,
22,Fri,2026-05-29 00:00:00,Converting ,Adaptiv Machine,,,,,,,,,,0,0,Grand Total,,,0,0,,,,,
22,Sat,2026-05-30 00:00:00,Converting ,Adaptiv Machine,,,,,,,,,,0,0,Grand Total,,,0,0,,,,,
22,Sun,2026-05-31 00:00:00,Converting ,Adaptiv Machine,,,,,,,,,,0,0,Grand Total,,,0,0,,,,,
23,Mon,2026-06-01 00:00:00,Converting ,Adaptiv Machine,,,,,,,,,,0,0,Grand Total,,,0,0,,,,,
23,Tue,2026-06-02 00:00:00,Converting ,Adaptiv Machine,,,,,,,,,,0,0,Grand Total,,,0,0,,,,,
23,Wed,2026-06-03 00:00:00,Converting ,Adaptiv Machine,,,,,,,,,,0,0,Grand Total,,,0,0,,,,,
23,Thu,2026-06-04 00:00:00,Converting ,Adaptiv Machine,,,,,,,,,,0,0,Grand Total,,,0,0,,,,,
23,Fri,2026-06-05 00:00:00,Converting ,Adaptiv Machine,,,,,,,,,,0,0,Grand Total,,,0,0,,,,,
23,Sat,2026-06-06 00:00:00,Converting ,Adaptiv Machine,,,,,,,,,,0,0,Grand Total,,,0,0,,,,,
23,Sun,2026-06-07 00:00:00,Converting ,Adaptiv Machine,,,,,,,,,,0,0,Grand Total,,,0,0,,,,,
24,Mon,2026-06-08 00:00:00,Converting ,Adaptiv Machine,,,,,,,,,,0,0,Grand Total,,,0,0,,,,,
24,Tue,2026-06-09 00:00:00,Converting ,Adaptiv Machine,,,,,,,,,,0,0,Grand Total,,,0,0,,,,,
24,Wed,2026-06-10 00:00:00,Converting ,Adaptiv Machine,,,,,,,,,,0,0,Grand Total,,,0,0,,,,,
24,Thu,2026-06-11 00:00:00,Converting ,Adaptiv Machine,,,,,,,,,,0,0,Grand Total,,,0,0,,,,,
24,Fri,2026-06-12 00:00:00,Converting ,Adaptiv Machine,,,,,,,,,,0,0,Grand Total,,,0,0,,,,,
24,Sat,2026-06-13 00:00:00,Converting ,Adaptiv Machine,,,,,,,,,,0,0,Grand Total,,,0,0,,,,,
24,Sun,2026-06-14 00:00:00,Converting ,Adaptiv Machine,,,,,,,,,,0,0,Grand Total,,,0,0,,,,,
25,Mon,2026-06-15 00:00:00,Converting ,Adaptiv Machine,,,,,,,,,,0,0,Grand Total,,,0,0,,,,,
25,Tue,2026-06-16 00:00:00,Converting ,Adaptiv Machine,,,,,,,,,,0,0,Grand Total,,,0,0,,,,,
25,Wed,2026-06-17 00:00:00,Converting ,Adaptiv Machine,,,,,,,,,,0,0,Grand Total,,,0,0,,,,,
25,Thu,2026-06-18 00:00:00,Converting ,Adaptiv Machine,,,,,,,,,,0,0,Grand Total,,,0,0,,,,,
25,Fri,2026-06-19 00:00:00,Converting ,Adaptiv Machine,,,,,,,,,,0,0,Grand Total,,,0,0,,,,,
25,Sat,2026-06-20 00:00:00,Converting ,Adaptiv Machine,,,,,,,,,,0,0,Grand Total,,,0,0,,,,,
25,Sun,2026-06-21 00:00:00,Converting ,Adaptiv Machine,,,,,,,,,,0,0,Grand Total,,,0,0,,,,,
26,Mon,2026-06-22 00:00:00,Converting ,Adaptiv Machine,,,,,,,,,,0,0,Grand Total,,,0,0,,,,,
26,Tue,2026-06-23 00:00:00,Converting ,Adaptiv Machine,,,,,,,,,,0,0,Grand Total,,,0,0,,,,,
26,Wed,2026-06-24 00:00:00,Converting ,Adaptiv Machine,,,,,,,,,,0,0,Grand Total,,,0,0,,,,,
26,Thu,2026-06-25 00:00:00,Converting ,Adaptiv Machine,,,,,,,,,,0,0,Grand Total,,,0,0,,,,,
26,Fri,2026-06-26 00:00:00,Converting ,Adaptiv Machine,,,,,,,,,,0,0,Grand Total,,,0,0,,,,,
26,Sat,2026-06-27 00:00:00,Converting ,Adaptiv Machine,,,,,,,,,,0,0,Grand Total,,,0,0,,,,,
26,Sun,2026-06-28 00:00:00,Converting ,Adaptiv Machine,,,,,,,,,,0,0,Grand Total,,,0,0,,,,,
27,Mon,2026-06-29 00:00:00,Converting ,Adaptiv Machine,,,,,,,,,,0,0,Grand Total,,,0,0,,,,,
27,Tue,2026-06-30 00:00:00,Converting ,Adaptiv Machine,,,,,,,,,,0,0,Grand Total,,,0,0,,,,,
27,Wed,2026-07-01 00:00:00,Converting ,Adaptiv Machine,,,,,,,,,,0,0,Grand Total,,,0,0,,,,,
27,Thu,2026-07-02 00:00:00,Converting ,Adaptiv Machine,,,,,,,,,,0,0,Grand Total,,,0,0,,,,,
27,Fri,2026-07-03 00:00:00,Converting ,Adaptiv Machine,,,,,,,,,,0,0,Grand Total,,,0,0,,,,,
27,Sat,2026-07-04 00:00:00,Converting ,Adaptiv Machine,,,,,,,,,,0,0,Grand Total,,,0,0,,,,,
27,Sun,2026-07-05 00:00:00,Converting ,Adaptiv Machine,,,,,,,,,,0,0,Grand Total,,,0,0,,,,,
28,Mon,2026-07-06 00:00:00,Converting ,Adaptiv Machine,,,,,,,,,,0,0,Grand Total,,,0,0,,,,,
28,Tue,2026-07-07 00:00:00,Converting ,Adaptiv Machine,,,,,,,,,,0,0,Grand Total,,,0,0,,,,,
28,Wed,2026-07-08 00:00:00,Converting ,Adaptiv Machine,,,,,,,,,,0,0,Grand Total,,,0,0,,,,,
28,Thu,2026-07-09 00:00:00,Converting ,Adaptiv Machine,,,,,,,,,,0,0,Grand Total,,,0,0,,,,,
28,Fri,2026-07-10 00:00:00,Converting ,Adaptiv Machine,,,,,,,,,,0,0,Grand Total,,,0,0,,,,,
28,Sat,2026-07-11 00:00:00,Converting ,Adaptiv Machine,,,,,,,,,,0,0,Grand Total,,,0,0,,,,,
28,Sun,2026-07-12 00:00:00,Converting ,Adaptiv Machine,,,,,,,,,,0,0,Grand Total,,,0,0,,,,,
29,Mon,2026-07-13 00:00:00,Converting ,Adaptiv Machine,,,,,,,,,,0,0,Grand Total,,,0,0,,,,,
29,Tue,2026-07-14 00:00:00,Converting ,Adaptiv Machine,,,,,,,,,,0,0,Grand Total,,,0,0,,,,,
29,Wed,2026-07-15 00:00:00,Converting ,Adaptiv Machine,,,,,,,,,,0,0,Grand Total,,,0,0,,,,,
29,Thu,2026-07-16 00:00:00,Converting ,Adaptiv Machine,,,,,,,,,,0,0,Grand Total,,,0,0,,,,,
29,Fri,2026-07-17 00:00:00,Converting ,Adaptiv Machine,,,,,,,,,,0,0,Grand Total,,,0,0,,,,,
29,Sat,2026-07-18 00:00:00,Converting ,Adaptiv Machine,,,,,,,,,,0,0,Grand Total,,,0,0,,,,,
29,Sun,2026-07-19 00:00:00,Converting ,Adaptiv Machine,,,,,,,,,,0,0,Grand Total,,,0,0,,,,,
30,Mon,2026-07-20 00:00:00,Converting ,Adaptiv Machine,,,,,,,,,,0,0,Grand Total,,,0,0,,,,,
30,Tue,2026-07-21 00:00:00,Converting ,Adaptiv Machine,,,,,,,,,,0,0,Grand Total,,,0,0,,,,,
30,Wed,2026-07-22 00:00:00,Converting ,Adaptiv Machine,,,,,,,,,,0,0,Grand Total,,,0,0,,,,,
30,Thu,2026-07-23 00:00:00,Converting ,Adaptiv Machine,,,,,,,,,,0,0,Grand Total,,,0,0,,,,,
30,Fri,2026-07-24 00:00:00,Converting ,Adaptiv Machine,,,,,,,,,,0,0,Grand Total,,,0,0,,,,,
30,Sat,2026-07-25 00:00:00,Converting ,Adaptiv Machine,,,,,,,,,,0,0,Grand Total,,,0,0,,,,,
30,Sun,2026-07-26 00:00:00,Converting ,Adaptiv Machine,,,,,,,,,,0,0,Grand Total,,,0,0,,,,,
31,Mon,2026-07-27 00:00:00,Converting ,Adaptiv Machine,,,,,,,,,,0,0,Grand Total,,,0,0,,,,,
31,Tue,2026-07-28 00:00:00,Converting ,Adaptiv Machine,,,,,,,,,,0,0,Grand Total,,,0,0,,,,,
31,Wed,2026-07-29 00:00:00,Converting ,Adaptiv Machine,,,,,,,,,,0,0,Grand Total,,,0,0,,,,,
31,Thu,2026-07-30 00:00:00,Converting ,Adaptiv Machine,,,,,,,,,,0,0,Grand Total,,,0,0,,,,,
31,Fri,2026-07-31 00:00:00,Converting ,Adaptiv Machine,,,,,,,,,,0,0,Grand Total,,,0,0,,,,,
31,Sat,2026-08-01 00:00:00,Converting ,Adaptiv Machine,,,,,,,,,,0,0,Grand Total,,,0,0,,,,,
31,Sun,2026-08-02 00:00:00,Converting ,Adaptiv Machine,,,,,,,,,,0,0,Grand Total,,,0,0,,,,,
32,Mon,2026-08-03 00:00:00,Converting ,Adaptiv Machine,,,,,,,,,,0,0,Grand Total,,,0,0,,,,,
32,Tue,2026-08-04 00:00:00,Converting ,Adaptiv Machine,,,,,,,,,,0,0,Grand Total,,,0,0,,,,,
32,Wed,2026-08-05 00:00:00,Converting ,Adaptiv Machine,,,,,,,,,,0,0,Grand Total,,,0,0,,,,,
32,Thu,2026-08-06 00:00:00,Converting ,Adaptiv Machine,,,,,,,,,,0,0,Grand Total,,,0,0,,,,,
32,Fri,2026-08-07 00:00:00,Converting ,Adaptiv Machine,,,,,,,,,,0,0,Grand Total,,,0,0,,,,,
32,Sat,2026-08-08 00:00:00,Converting ,Adaptiv Machine,,,,,,,,,,0,0,Grand Total,,,0,0,,,,,
32,Sun,2026-08-09 00:00:00,Converting ,Adaptiv Machine,,,,,,,,,,0,0,Grand Total,,,0,0,,,,,
33,Mon,2026-08-10 00:00:00,Converting ,Adaptiv Machine,,,,,,,,,,0,0,Grand Total,,,0,0,,,,,
33,Tue,2026-08-11 00:00:00,Converting ,Adaptiv Machine,,,,,,,,,,0,0,Grand Total,,,0,0,,,,,
33,Wed,2026-08-12 00:00:00,Converting ,Adaptiv Machine,,,,,,,,,,0,0,Grand Total,,,0,0,,,,,
33,Thu,2026-08-13 00:00:00,Converting ,Adaptiv Machine,,,,,,,,,,0,0,Grand Total,,,0,0,,,,,
33,Fri,2026-08-14 00:00:00,Converting ,Adaptiv Machine,,,,,,,,,,0,0,Grand Total,,,0,0,,,,,
33,Sat,2026-08-15 00:00:00,Converting ,Adaptiv Machine,,,,,,,,,,0,0,Grand Total,,,0,0,,,,,
33,Sun,2026-08-16 00:00:00,Converting ,Adaptiv Machine,,,,,,,,,,0,0,Grand Total,,,0,0,,,,,
34,Mon,2026-08-17 00:00:00,Converting ,Adaptiv Machine,,,,,,,,,,0,0,Grand Total,,,0,0,,,,,
34,Tue,2026-08-18 00:00:00,Converting ,Adaptiv Machine,,,,,,,,,,0,0,Grand Total,,,0,0,,,,,
34,Wed,2026-08-19 00:00:00,Converting ,Adaptiv Machine,,,,,,,,,,0,0,Grand Total,,,0,0,,,,,
34,Thu,2026-08-20 00:00:00,Converting ,Adaptiv Machine,,,,,,,,,,0,0,Grand Total,,,0,0,,,,,
34,Fri,2026-08-21 00:00:00,Converting ,Adaptiv Machine,,,,,,,,,,0,0,Grand Total,,,0,0,,,,,
34,Sat,2026-08-22 00:00:00,Converting ,Adaptiv Machine,,,,,,,,,,0,0,Grand Total,,,0,0,,,,,
34,Sun,2026-08-23 00:00:00,Converting ,Adaptiv Machine,,,,,,,,,,0,0,Grand Total,,,0,0,,,,,
35,Mon,2026-08-24 00:00:00,Converting ,Adaptiv Machine,,,,,,,,,,0,0,Grand Total,,,0,0,,,,,
35,Tue,2026-08-25 00:00:00,Converting ,Adaptiv Machine,,,,,,,,,,0,0,Grand Total,,,0,0,,,,,
35,Wed,2026-08-26 00:00:00,Converting ,Adaptiv Machine,,,,,,,,,,0,0,Grand Total,,,0,0,,,,,
35,Thu,2026-08-27 00:00:00,Converting ,Adaptiv Machine,,,,,,,,,,0,0,Grand Total,,,0,0,,,,,
35,Fri,2026-08-28 00:00:00,Converting ,Adaptiv Machine,,,,,,,,,,0,0,Grand Total,,,0,0,,,,,
35,Sat,2026-08-29 00:00:00,Converting ,Adaptiv Machine,,,,,,,,,,0,0,Grand Total,,,0,0,,,,,
35,Sun,2026-08-30 00:00:00,Converting ,Adaptiv Machine,,,,,,,,,,0,0,Grand Total,,,0,0,,,,,
36,Mon,2026-08-31 00:00:00,Converting ,Adaptiv Machine,,,,,,,,,,0,0,Grand Total,,,0,0,,,,,
36,Tue,2026-09-01 00:00:00,Converting ,Adaptiv Machine,,,,,,,,,,0,0,Grand Total,,,0,0,,,,,
36,Wed,2026-09-02 00:00:00,Converting ,Adaptiv Machine,,,,,,,,,,0,0,Grand Total,,,0,0,,,,,
36,Thu,2026-09-03 00:00:00,Converting ,Adaptiv Machine,,,,,,,,,,0,0,Grand Total,,,0,0,,,,,
36,Fri,2026-09-04 00:00:00,Converting ,Adaptiv Machine,,,,,,,,,,0,0,Grand Total,,,0,0,,,,,
36,Sat,2026-09-05 00:00:00,Converting ,Adaptiv Machine,,,,,,,,,,0,0,Grand Total,,,0,0,,,,,
36,Sun,2026-09-06 00:00:00,Converting ,Adaptiv Machine,,,,,,,,,,0,0,Grand Total,,,0,0,,,,,
37,Mon,2026-09-07 00:00:00,Converting ,Adaptiv Machine,,,,,,,,,,0,0,Grand Total,,,0,0,,,,,
37,Tue,2026-09-08 00:00:00,Converting ,Adaptiv Machine,,,,,,,,,,0,0,Grand Total,,,0,0,,,,,
37,Wed,2026-09-09 00:00:00,Converting ,Adaptiv Machine,,,,,,,,,,0,0,Grand Total,,,0,0,,,,,
37,Thu,2026-09-10 00:00:00,Converting ,Adaptiv Machine,,,,,,,,,,0,0,Grand Total,,,0,0,,,,,
37,Fri,2026-09-11 00:00:00,Converting ,Adaptiv Machine,,,,,,,,,,0,0,Grand Total,,,0,0,,,,,
37,Sat,2026-09-12 00:00:00,Converting ,Adaptiv Machine,,,,,,,,,,0,0,Grand Total,,,0,0,,,,,
37,Sun,2026-09-13 00:00:00,Converting ,Adaptiv Machine,,,,,,,,,,0,0,Grand Total,,,0,0,,,,,
38,Mon,2026-09-14 00:00:00,Converting ,Adaptiv Machine,,,,,,,,,,0,0,Grand Total,,,0,0,,,,,
38,Tue,2026-09-15 00:00:00,Converting ,Adaptiv Machine,,,,,,,,,,0,0,Grand Total,,,0,0,,,,,
38,Wed,2026-09-16 00:00:00,Converting ,Adaptiv Machine,,,,,,,,,,0,0,Grand Total,,,0,0,,,,,
38,Thu,2026-09-17 00:00:00,Converting ,Adaptiv Machine,,,,,,,,,,0,0,Grand Total,,,0,0,,,,,
38,Fri,2026-09-18 00:00:00,Converting ,Adaptiv Machine,,,,,,,,,,0,0,Grand Total,,,0,0,,,,,
38,Sat,2026-09-19 00:00:00,Converting ,Adaptiv Machine,,,,,,,,,,0,0,Grand Total,,,0,0,,,,,
38,Sun,2026-09-20 00:00:00,Converting ,Adaptiv Machine,,,,,,,,,,0,0,Grand Total,,,0,0,,,,,
39,Mon,2026-09-21 00:00:00,Converting ,Adaptiv Machine,,,,,,,,,,0,0,Grand Total,,,0,0,,,,,
39,Tue,2026-09-22 00:00:00,Converting ,Adaptiv Machine,,,,,,,,,,0,0,Grand Total,,,0,0,,,,,
39,Thu,2026-09-24 00:00:00,Converting ,Adaptiv Machine,,,,,,,,,,0,0,Grand Total,,,0,0,,,,,
39,Fri,2026-09-25 00:00:00,Converting ,Adaptiv Machine,,,,,,,,,,0,0,Grand Total,,,0,0,,,,,
39,Sat,2026-09-26 00:00:00,Converting ,Adaptiv Machine,,,,,,,,,,0,0,Grand Total,,,0,0,,,,,
39,Sun,2026-09-27 00:00:00,Converting ,Adaptiv Machine,,,,,,,,,,0,0,Grand Total,,,0,0,,,,,
40,Mon,2026-09-28 00:00:00,Converting ,Adaptiv Machine,,,,,,,,,,0,0,Grand Total,,,0,0,,,,,
40,Tue,2026-09-29 00:00:00,Converting ,Adaptiv Machine,,,,,,,,,,0,0,Grand Total,,,0,0,,,,,
40,Wed,2026-09-30 00:00:00,Converting ,Adaptiv Machine,,,,,,,,,,0,0,Grand Total,,,0,0,,,,,
40,Thu,2026-10-01 00:00:00,Converting ,Adaptiv Machine,,,,,,,,,,0,0,Grand Total,,,0,0,,,,,
40,Fri,2026-10-02 00:00:00,Converting ,Adaptiv Machine,,,,,,,,,,0,0,Grand Total,,,0,0,,,,,
40,Sat,2026-10-03 00:00:00,Converting ,Adaptiv Machine,,,,,,,,,,0,0,Grand Total,,,0,0,,,,,
40,Sun,2026-10-04 00:00:00,Converting ,Adaptiv Machine,,,,,,,,,,0,0,Grand Total,,,0,0,,,,,
41,Mon,2026-10-05 00:00:00,Converting ,Adaptiv Machine,,,,,,,,,,0,0,Grand Total,,,0,0,,,,,
41,Tue,2026-10-06 00:00:00,Converting ,Adaptiv Machine,,,,,,,,,,0,0,Grand Total,,,0,0,,,,,
41,Wed,2026-10-07 00:00:00,Converting ,Adaptiv Machine,,,,,,,,,,0,0,Grand Total,,,0,0,,,,,
41,Thu,2026-10-08 00:00:00,Converting ,Adaptiv Machine,,,,,,,,,,0,0,Grand Total,,,0,0,,,,,
41,Fri,2026-10-09 00:00:00,Converting ,Adaptiv Machine,,,,,,,,,,0,0,Grand Total,,,0,0,,,,,
41,Sat,2026-10-10 00:00:00,Converting ,Adaptiv Machine,,,,,,,,,,0,0,Grand Total,,,0,0,,,,,
41,Sun,2026-10-11 00:00:00,Converting ,Adaptiv Machine,,,,,,,,,,0,0,Grand Total,,,0,0,,,,,
42,Mon,2026-10-12 00:00:00,Converting ,Adaptiv Machine,,,,,,,,,,0,0,Grand Total,,,0,0,,,,,
42,Tue,2026-10-13 00:00:00,Converting ,Adaptiv Machine,,,,,,,,,,0,0,Grand Total,,,0,0,,,,,
42,Wed,2026-10-14 00:00:00,Converting ,Adaptiv Machine,,,,,,,,,,0,0,Grand Total,,,0,0,,,,,
42,Thu,2026-10-15 00:00:00,Converting ,Adaptiv Machine,,,,,,,,,,0,0,Grand Total,,,0,0,,,,,
42,Fri,2026-10-16 00:00:00,Converting ,Adaptiv Machine,,,,,,,,,,0,0,Grand Total,,,0,0,,,,,
42,Sat,2026-10-17 00:00:00,Converting ,Adaptiv Machine,,,,,,,,,,0,0,Grand Total,,,0,0,,,,,
42,Sun,2026-10-18 00:00:00,Converting ,Adaptiv Machine,,,,,,,,,,0,0,Grand Total,,,0,0,,,,,
43,Mon,2026-10-19 00:00:00,Converting ,Adaptiv Machine,,,,,,,,,,0,0,Grand Total,,,0,0,,,,,
43,Tue,2026-10-20 00:00:00,Converting ,Adaptiv Machine,,,,,,,,,,0,0,Grand Total,,,0,0,,,,,
43,Wed,2026-10-21 00:00:00,Converting ,Adaptiv Machine,,,,,,,,,,0,0,Grand Total,,,0,0,,,,,
43,Thu,2026-10-22 00:00:00,Converting ,Adaptiv Machine,,,,,,,,,,0,0,Grand Total,,,0,0,,,,,
43,Fri,2026-10-23 00:00:00,Converting ,Adaptiv Machine,,,,,,,,,,0,0,Grand Total,,,0,0,,,,,
43,Sat,2026-10-24 00:00:00,Converting ,Adaptiv Machine,,,,,,,,,,0,0,Grand Total,,,0,0,,,,,
43,Sun,2026-10-25 00:00:00,Converting ,Adaptiv Machine,,,,,,,,,,0,0,Grand Total,,,0,0,,,,,
44,Mon,2026-10-26 00:00:00,Converting ,Adaptiv Machine,,,,,,,,,,0,0,Grand Total,,,0,0,,,,,
44,Tue,2026-10-27 00:00:00,Converting ,Adaptiv Machine,,,,,,,,,,0,0,Grand Total,,,0,0,,,,,
44,Wed,2026-10-28 00:00:00,Converting ,Adaptiv Machine,,,,,,,,,,0,0,Grand Total,,,0,0,,,,,
44,Thu,2026-10-29 00:00:00,Converting ,Adaptiv Machine,,,,,,,,,,0,0,Grand Total,,,0,0,,,,,
44,Fri,2026-10-30 00:00:00,Converting ,Adaptiv Machine,,,,,,,,,,0,0,Grand Total,,,0,0,,,,,
44,Sat,2026-10-31 00:00:00,Converting ,Adaptiv Machine,,,,,,,,,,0,0,Grand Total,,,0,0,,,,,
44,Sun,2026-11-01 00:00:00,Converting ,Adaptiv Machine,,,,,,,,,,0,0,Grand Total,,,0,0,,,,,
45,Mon,2026-11-02 00:00:00,Converting ,Adaptiv Machine,,,,,,,,,,0,0,Grand Total,,,0,0,,,,,
45,Tue,2026-11-03 00:00:00,Converting ,Adaptiv Machine,,,,,,,,,,0,0,Grand Total,,,0,0,,,,,
45,Wed,2026-11-04 00:00:00,Converting ,Adaptiv Machine,,,,,,,,,,0,0,Grand Total,,,0,0,,,,,
45,Thu,2026-11-05 00:00:00,Converting ,Adaptiv Machine,,,,,,,,,,0,0,Grand Total,,,0,0,,,,,
45,Fri,2026-11-06 00:00:00,Converting ,Adaptiv Machine,,,,,,,,,,0,0,Grand Total,,,0,0,,,,,
45,Sat,2026-11-07 00:00:00,Converting ,Adaptiv Machine,,,,,,,,,,0,0,Grand Total,,,0,0,,,,,
45,Sun,2026-11-08 00:00:00,Converting ,Adaptiv Machine,,,,,,,,,,0,0,Grand Total,,,0,0,,,,,
46,Mon,2026-11-09 00:00:00,Converting ,Adaptiv Machine,,,,,,,,,,0,0,Grand Total,,,0,0,,,,,
46,Tue,2026-11-10 00:00:00,Converting ,Adaptiv Machine,,,,,,,,,,0,0,Grand Total,,,0,0,,,,,
46,Wed,2026-11-11 00:00:00,Converting ,Adaptiv Machine,,,,,,,,,,0,0,Grand Total,,,0,0,,,,,
46,Thu,2026-11-12 00:00:00,Converting ,Adaptiv Machine,,,,,,,,,,0,0,Grand Total,,,0,0,,,,,
46,Fri,2026-11-13 00:00:00,Converting ,Adaptiv Machine,,,,,,,,,,0,0,Grand Total,,,0,0,,,,,
46,Sat,2026-11-14 00:00:00,Converting ,Adaptiv Machine,,,,,,,,,,0,0,Grand Total,,,0,0,,,,,
46,Sun,2026-11-15 00:00:00,Converting ,Adaptiv Machine,,,,,,,,,,0,0,Grand Total,,,0,0,,,,,
47,Mon,2026-11-16 00:00:00,Converting ,Adaptiv Machine,,,,,,,,,,0,0,Grand Total,,,0,0,,,,,
47,Tue,2026-11-17 00:00:00,Converting ,Adaptiv Machine,,,,,,,,,,0,0,Grand Total,,,0,0,,,,,
47,Wed,2026-11-18 00:00:00,Converting ,Adaptiv Machine,,,,,,,,,,0,0,Grand Total,,,0,0,,,,,
47,Thu,2026-11-19 00:00:00,Converting ,Adaptiv Machine,,,,,,,,,,0,0,Grand Total,,,0,0,,,,,
47,Fri,2026-11-20 00:00:00,Converting ,Adaptiv Machine,,,,,,,,,,0,0,Grand Total,,,0,0,,,,,
47,Sat,2026-11-21 00:00:00,Converting ,Adaptiv Machine,,,,,,,,,,0,0,Grand Total,,,0,0,,,,,
47,Sun,2026-11-22 00:00:00,Converting ,Adaptiv Machine,,,,,,,,,,0,0,Grand Total,,,0,0,,,,,
48,Mon,2026-11-23 00:00:00,Converting ,Adaptiv Machine,,,,,,,,,,0,0,Grand Total,,,0,0,,,,,
48,Tue,2026-11-24 00:00:00,Converting ,Adaptiv Machine,,,,,,,,,,0,0,Grand Total,,,0,0,,,,,
48,Wed,2026-11-25 00:00:00,Converting ,Adaptiv Machine,,,,,,,,,,0,0,Grand Total,,,0,0,,,,,
48,Thu,2026-11-26 00:00:00,Converting ,Adaptiv Machine,,,,,,,,,,0,0,Grand Total,,,0,0,,,,,
48,Fri,2026-11-27 00:00:00,Converting ,Adaptiv Machine,,,,,,,,,,0,0,Grand Total,,,0,0,,,,,
48,Sat,2026-11-28 00:00:00,Converting ,Adaptiv Machine,,,,,,,,,,0,0,Grand Total,,,0,0,,,,,
48,Sun,2026-11-29 00:00:00,Converting ,Adaptiv Machine,,,,,,,,,,0,0,Grand Total,,,0,0,,,,,
49,Mon,2026-11-30 00:00:00,Converting ,Adaptiv Machine,,,,,,,,,,0,0,Grand Total,,,0,0,,,,,
49,Tue,2026-12-01 00:00:00,Converting ,Adaptiv Machine,,,,,,,,,,0,0,Grand Total,,,0,0,,,,,
49,Wed,2026-12-02 00:00:00,Converting ,Adaptiv Machine,,,,,,,,,,0,0,Grand Total,,,0,0,,,,,
49,Thu,2026-12-03 00:00:00,Converting ,Adaptiv Machine,,,,,,,,,,0,0,Grand Total,,,0,0,,,,,
49,Fri,2026-12-04 00:00:00,Converting ,Adaptiv Machine,,,,,,,,,,0,0,Grand Total,,,0,0,,,,,
49,Sat,2026-12-05 00:00:00,Converting ,Adaptiv Machine,,,,,,,,,,0,0,Grand Total,,,0,0,,,,,
49,Sun,2026-12-06 00:00:00,Converting ,Adaptiv Machine,,,,,,,,,,0,0,Grand Total,,,0,0,,,,,
50,Mon,2026-12-07 00:00:00,Converting ,Adaptiv Machine,,,,,,,,,,0,0,Grand Total,,,0,0,,,,,
50,Tue,2026-12-08 00:00:00,Converting ,Adaptiv Machine,,,,,,,,,,0,0,Grand Total,,,0,0,,,,,
50,Wed,2026-12-09 00:00:00,Converting ,Adaptiv Machine,,,,,,,,,,0,0,Grand Total,,,0,0,,,,,
50,Thu,2026-12-10 00:00:00,Converting ,Adaptiv Machine,,,,,,,,,,0,0,Grand Total,,,0,0,,,,,
50,Fri,2026-12-11 00:00:00,Converting ,Adaptiv Machine,,,,,,,,,,0,0,Grand Total,,,0,0,,,,,
50,Sat,2026-12-12 00:00:00,Converting ,Adaptiv Machine,,,,,,,,,,0,0,Grand Total,,,0,0,,,,,
50,Sun,2026-12-13 00:00:00,Converting ,Adaptiv Machine,,,,,,,,,,0,0,Grand Total,,,0,0,,,,,
51,Mon,2026-12-14 00:00:00,Converting ,Adaptiv Machine,,,,,,,,,,0,0,Grand Total,,,0,0,,,,,
51,Tue,2026-12-15 00:00:00,Converting ,Adaptiv Machine,,,,,,,,,,0,0,Grand Total,,,0,0,,,,,
51,Wed,2026-12-16 00:00:00,Converting ,Adaptiv Machine,,,,,,,,,,0,0,Grand Total,,,0,0,,,,,
51,Thu,2026-12-17 00:00:00,Converting ,Adaptiv Machine,,,,,,,,,,0,0,Grand Total,,,0,0,,,,,
51,Fri,2026-12-18 00:00:00,Converting ,Adaptiv Machine,,,,,,,,,,0,0,Grand Total,,,0,0,,,,,
51,Sat,2026-12-19 00:00:00,Converting ,Adaptiv Machine,,,,,,,,,,0,0,Grand Total,,,0,0,,,,,
51,Sun,2026-12-20 00:00:00,Converting ,Adaptiv Machine,,,,,,,,,,0,0,Grand Total,,,0,0,,,,,
52,Mon,2026-12-21 00:00:00,Converting ,Adaptiv Machine,,,,,,,,,,0,0,Grand Total,,,0,0,,,,,
52,Tue,2026-12-22 00:00:00,Converting ,Adaptiv Machine,,,,,,,,,,0,0,Grand Total,,,0,0,,,,,
52,Wed,2026-12-23 00:00:00,Converting ,Adaptiv Machine,,,,,,,,,,0,0,Grand Total,,,0,0,,,,,
52,Thu,2026-12-24 00:00:00,Converting ,Adaptiv Machine,,,,,,,,,,0,0,Grand Total,,,0,0,,,,,
52,Fri,2026-12-25 00:00:00,Converting ,Adaptiv Machine,,,,,,,,,,0,0,Grand Total,,,0,0,,,,,
52,Sat,2026-12-26 00:00:00,Converting ,Adaptiv Machine,,,,,,,,,,0,0,Grand Total,,,0,0,,,,,
52,Sun,2026-12-27 00:00:00,Converting ,Adaptiv Machine,,,,,,,,,,0,0,Grand Total,,,0,0,,,,,
53,Mon,2026-12-28 00:00:00,Converting ,Adaptiv Machine,,,,,,,,,,0,0,Grand Total,,,0,0,,,,,
53,Tue,2026-12-29 00:00:00,Converting ,Adaptiv Machine,,,,,,,,,,0,0,Grand Total,,,0,0,,,,,
53,Wed,2026-12-30 00:00:00,Converting ,Adaptiv Machine,,,,,,,,,,0,0,Grand Total,,,0,0,,,,,
53,Thu,2026-12-31 00:00:00,Converting ,Adaptiv Machine,,,,,,,,,,0,0,Grand Total,,,0,0,,,,,
1,Thu,2026-01-01 00:00:00,Converting ,Sterilizer GAMMA,,,,,,,,,,0,0,Grand Total,,,0,0,,,,,
1,Fri,2026-01-02 00:00:00,Converting ,Sterilizer GAMMA,,,,,,,,,,0,0,Grand Total,,,0,0,,,,,
1,Tue,2023-01-03 00:00:00,Converting ,Sterilizer GAMMA,,,,,,,,,,0,0,Grand Total,,,0,0,,,,,
1,Sun,2026-01-04 00:00:00,Converting ,Sterilizer GAMMA,,,,,,,,,,0,0,Grand Total,,,0,0,,,,,
2,Mon,2026-01-05 00:00:00,Converting ,Sterilizer GAMMA,,,,,,,,,,0,0,Grand Total,,,0,0,,,,,
2,Tue,2026-01-06 00:00:00,Converting ,Sterilizer GAMMA,,,,,,,,,,0,0,Grand Total,,,0,0,,,,,
2,Wed,2026-01-07 00:00:00,Converting ,Sterilizer GAMMA,,,,,,,,,,0,0,Grand Total,,,0,0,,,,,
2,Thu,2026-01-08 00:00:00,Converting ,Sterilizer GAMMA,,,,,,,,,,0,0,Grand Total,,,0,0,,,,,
2,Fri,2026-01-09 00:00:00,Converting ,Sterilizer GAMMA,,,,,,,,,,0,0,Grand Total,,,0,0,,,,,
2,Sat,2026-01-10 00:00:00,Converting ,Sterilizer GAMMA,,,,,,,,,,0,0,Grand Total,,,0,0,,,,,
2,Sun,2026-01-11 00:00:00,Converting ,Sterilizer GAMMA,,,,,,,,,,0,0,Grand Total,,,0,0,,,,,
3,Mon,2026-01-12 00:00:00,Converting ,Sterilizer GAMMA,,,,,,,,,,0,0,Grand Total,,,0,0,,,,,
3,Tue,2026-01-13 00:00:00,Converting ,Sterilizer GAMMA,,,,,,,,,,0,0,Grand Total,,,0,0,,,,,
3,Wed,2026-01-14 00:00:00,Converting ,Sterilizer GAMMA,,,,,,,,,,0,0,Grand Total,,,0,0,,,,,
3,Thu,2026-01-15 00:00:00,Converting ,Sterilizer GAMMA,,,,,,,,,,0,0,Grand Total,,,0,0,,,,,
3,Fri,2026-01-16 00:00:00,Converting ,Sterilizer GAMMA,,,,,,,,,,0,0,Grand Total,,,0,0,,,,,
3,Sat,2026-01-17 00:00:00,Converting ,Sterilizer GAMMA,,,,,,,,,,0,0,Grand Total,,,0,0,,,,,
3,Sun,2026-01-18 00:00:00,Converting ,Sterilizer GAMMA,,,,,,,,,,0,0,Grand Total,,,0,0,,,,,
4,Mon,2026-01-19 00:00:00,Converting ,Sterilizer GAMMA,,,,,,,,,,0,0,Grand Total,,,0,0,,,,,
4,Tue,2026-01-20 00:00:00,Converting ,Sterilizer GAMMA,,,,,,,,,,0,0,Grand Total,,,0,0,,,,,
4,Wed,2026-01-21 00:00:00,Converting ,Sterilizer GAMMA,,,,,,,,,,0,0,Grand Total,,,0,0,,,,,
4,Thu,2026-01-22 00:00:00,Converting ,Sterilizer GAMMA,,,,,,,,,,0,0,Grand Total,,,0,0,,,,,
4,Fri,2026-01-23 00:00:00,Converting ,Sterilizer GAMMA,,,,,,,,,,0,0,Grand Total,,,0,0,,,,,
4,Sat,2026-01-24 00:00:00,Converting ,Sterilizer GAMMA,,,,,,,,,,0,0,Grand Total,,,0,0,,,,,
4,Sun,2026-01-25 00:00:00,Converting ,Sterilizer GAMMA,,,,,,,,,,0,0,Grand Total,,,0,0,,,,,
5,Mon,2026-01-26 00:00:00,Converting ,Sterilizer GAMMA,,,,,,,,,,0,0,Grand Total,,,0,0,,,,,
5,Tue,2026-01-27 00:00:00,Converting ,Sterilizer GAMMA,,,,,,,,,,0,0,Grand Total,,,0,0,,,,,
5,Wed,2026-01-28 00:00:00,Converting ,Sterilizer GAMMA,,,,,,,,,,0,0,Grand Total,,,0,0,,,,,
5,Thu,2026-01-29 00:00:00,Converting ,Sterilizer GAMMA,,,,,,,,,,0,0,Grand Total,,,0,0,,,,,
5,Fri,2026-01-30 00:00:00,Converting ,Sterilizer GAMMA,,,,,,,,,,0,0,Grand Total,,,0,0,,,,,
5,Sat,2026-01-31 00:00:00,Converting ,Sterilizer GAMMA,,,,,,,,,,0,0,Grand Total,,,0,0,,,,,
5,Sun,2026-02-01 00:00:00,Converting ,Sterilizer GAMMA,,,,,,,,,,0,0,Grand Total,,,0,0,,,,,
6,Mon,2026-02-02 00:00:00,Converting ,Sterilizer GAMMA,Yes,Sterile,5005,54173,,,17160,17160,CTN,42556.8,16785.79188,Grand Total,,,0,0,,,,,
6,Tue,2026-02-03 00:00:00,Converting ,Sterilizer GAMMA,,,,,,,,,,0,0,Grand Total,,,0,0,,,,,
6,Wed,2026-02-04 00:00:00,Converting ,Sterilizer GAMMA,,,,,,,,,,0,0,Grand Total,,,0,0,,,,,
6,Thu,2026-02-05 00:00:00,Converting ,Sterilizer GAMMA,,,,,,,,,,0,0,Grand Total,,,0,0,,,,,
6,Fri,2026-02-06 00:00:00,Converting ,Sterilizer GAMMA,,,,,,,,,,0,0,Grand Total,,,0,0,,,,,
6,Sat,2026-02-07 00:00:00,Converting ,Sterilizer GAMMA,,,,,,,,,,0,0,Grand Total,,,0,0,,,,,
6,Sun,2026-02-08 00:00:00,Converting ,Sterilizer GAMMA,,,,,,,,,,0,0,Grand Total,,,0,0,,,,,
7,Mon,2026-02-09 00:00:00,Converting ,Sterilizer GAMMA,,,,,,,,,,0,0,Grand Total,,,0,0,,,,,
7,Tue,2026-02-10 00:00:00,Converting ,Sterilizer GAMMA,,,,,,,,,,0,0,Grand Total,,,0,0,,,,,
7,Wed,2026-02-11 00:00:00,Converting ,Sterilizer GAMMA,,,,,,,,,,0,0,Grand Total,,,0,0,,,,,
7,Thu,2026-02-12 00:00:00,Converting ,Sterilizer GAMMA,,,,,,,,,,0,0,Grand Total,,,0,0,,,,,
7,Fri,2026-02-13 00:00:00,Converting ,Sterilizer GAMMA,,,,,,,,,,0,0,Grand Total,,,0,0,,,,,
7,Sat,2026-02-14 00:00:00,Converting ,Sterilizer GAMMA,,,,,,,,,,0,0,Grand Total,,,0,0,,,,,
7,Sun,2026-02-15 00:00:00,Converting ,Sterilizer GAMMA,,,,,,,,,,0,0,Grand Total,,,0,0,,,,,
8,Mon,2026-02-16 00:00:00,Converting ,Sterilizer GAMMA,,,,,,,,,,0,0,Grand Total,,,0,0,,,,,
8,Tue,2026-02-17 00:00:00,Converting ,Sterilizer GAMMA,,,,,,,,,,0,0,Grand Total,,,0,0,,,,,
8,Wed,2026-02-18 00:00:00,Converting ,Sterilizer GAMMA,,,,,,,,,,0,0,Grand Total,,,0,0,,,,,
8,Thu,2026-02-19 00:00:00,Converting ,Sterilizer GAMMA,,,,,,,,,,0,0,Grand Total,,,0,0,,,,,
8,Fri,2026-02-20 00:00:00,Converting ,Sterilizer GAMMA,,,,,,,,,,0,0,Grand Total,,,0,0,,,,,
8,Sat,2026-02-21 00:00:00,Converting ,Sterilizer GAMMA,,,,,,,,,,0,0,Grand Total,,,0,0,,,,,
8,Sun,2026-02-22 00:00:00,Converting ,Sterilizer GAMMA,,,,,,,,,,0,0,Grand Total,,,0,0,,,,,
9,Mon,2026-02-23 00:00:00,Converting ,Sterilizer GAMMA,Yes,Sterile,5342,52954,,,7300,7300,EA,52560,17821.6725,Grand Total,,,0,0,,,,,
9,Tue,2026-02-24 00:00:00,Converting ,Sterilizer GAMMA,,,,,,,,,,0,0,Grand Total,,,0,0,,,,,
9,Wed,2026-02-25 00:00:00,Converting ,Sterilizer GAMMA,,,,,,,,,,0,0,Grand Total,,,0,0,,,,,
9,Thu,2026-02-26 00:00:00,Converting ,Sterilizer GAMMA,,,,,,,,,,0,0,Grand Total,,,0,0,,,,,
9,Fri,2026-02-27 00:00:00,Converting ,Sterilizer GAMMA,,,,,,,,,,0,0,Grand Total,,,0,0,,,,,
9,Sat,2026-02-28 00:00:00,Converting ,Sterilizer GAMMA,,,,,,,,,,0,0,Grand Total,,,0,0,,,,,
9,Sun,2026-03-01 00:00:00,Converting ,Collagen (CME),,,,,,,,,,0,0,Grand Total,,,0,0,,,,,
10,Mon,2026-03-02 00:00:00,Converting ,Collagen (CME),,,,,,,,,,0,0,Grand Total,,,0,0,,,,,
10,Tue,2026-03-03 00:00:00,Converting ,Collagen (CME),,,,,,,,,,0,0,Grand Total,,,0,0,,,,,
10,Wed,2026-03-04 00:00:00,Converting ,Collagen (CME),,,,,,,,,,0,0,Grand Total,,,0,0,,,,,
10,Thu,2026-03-05 00:00:00,Converting ,Collagen (CME),,,,,,,,,,0,0,Grand Total,,,0,0,,,,,
10,Fri,2026-03-06 00:00:00,Converting ,Collagen (CME),,,,,,,,,,0,0,Grand Total,,,0,0,,,,,
10,Sat,2026-03-07 00:00:00,Converting ,Collagen (CME),,,,,,,,,,0,0,Grand Total,,,0,0,,,,,
10,Sun,2026-03-08 00:00:00,Converting ,Collagen (CME),,,,,,,,,,0,0,Grand Total,,,0,0,,,,,
11,Mon,2026-03-09 00:00:00,Converting ,Collagen (CME),No,Non-Sterile,5674,54797,,7,2400,1200,EA,0,0,Grand Total,,,0,0,No ,Material not available,006355 ETA 3/6,,
11,Tue,2026-03-10 00:00:00,Converting ,Collagen (CME),No,Non-Sterile,5674,54797,,6,2400,1200,EA,0,0,Grand Total,,,0,0,No ,,,,
11,Wed,2026-03-11 00:00:00,Converting ,Collagen (CME),,,,,,,,,,0,0,Grand Total,,,0,0,,,,,
11,Thu,2026-03-12 00:00:00,Converting ,Collagen (CME),,,,,,,,,,0,0,Grand Total,,,0,0,,,,,
11,Fri,2026-03-13 00:00:00,Converting ,Collagen (CME),,,,,,,,,,0,0,Grand Total,,,0,0,,,,,
11,Sat,2026-03-14 00:00:00,Converting ,Collagen (CME),,,,,,,,,,0,0,Grand Total,,,0,0,,,,,
11,Sun,2026-03-15 00:00:00,Converting ,Collagen (CME),,,,,,,,,,0,0,Grand Total,,,0,0,,,,,
12,Mon,2026-03-16 00:00:00,Converting ,Collagen (CME),,,,,,,,,,0,0,Grand Total,,,0,0,,,,,
12,Tue,2026-03-17 00:00:00,Converting ,Collagen (CME),,,,,,,,,,0,0,Grand Total,,,0,0,,,,,
12,Wed,2026-03-18 00:00:00,Converting ,Collagen (CME),,,,,,,,,,0,0,Grand Total,,,0,0,,,,,
12,Thu,2026-03-19 00:00:00,Converting ,Collagen (CME),,,,,,,,,,0,0,Grand Total,,,0,0,,,,,
12,Fri,2026-03-20 00:00:00,Converting ,Collagen (CME),,,,,,,,,,0,0,Grand Total,,,0,0,,,,,
12,Sat,2026-03-21 00:00:00,Converting ,Collagen (CME),,,,,,,,,,0,0,Grand Total,,,0,0,,,,,
12,Sun,2026-03-22 00:00:00,Converting ,Collagen (CME),,,,,,,,,,0,0,Grand Total,,,0,0,,,,,
13,Mon,2026-03-23 00:00:00,Converting ,Collagen (CME),,,,,,,,,,0,0,Grand Total,,,0,0,,,,,
13,Tue,2026-03-24 00:00:00,Converting ,Collagen (CME),,,,,,,,,,0,0,Grand Total,,,0,0,,,,,
13,Wed,2026-03-25 00:00:00,Converting ,Collagen (CME),,,,,,,,,,0,0,Grand Total,,,0,0,,,,,
13,Thu,2026-03-26 00:00:00,Converting ,Collagen (CME),,,,,,,,,,0,0,Grand Total,,,0,0,,,,,
13,Fri,2026-03-27 00:00:00,Converting ,Collagen (CME),,,,,,,,,,0,0,Grand Total,,,0,0,,,,,
13,Sat,2026-03-28 00:00:00,Converting ,Collagen (CME),,,,,,,,,,0,0,Grand Total,,,0,0,,,,,
13,Sun,2026-03-29 00:00:00,Converting ,Collagen (CME),,,,,,,,,,0,0,Grand Total,,,0,0,,,,,
14,Mon,2026-03-30 00:00:00,Converting ,Collagen (CME),,,,,,,,,,0,0,Grand Total,,,0,0,,,,,
14,Tue,2026-03-31 00:00:00,Converting ,Collagen (CME),,,,,,,,,,0,0,Grand Total,,,0,0,,,,,
9,Sun,2026-03-01 00:00:00,Converting ,Sterilizer GAMMA,,,,,,,,,,0,0,Grand Total,,,0,0,,,,,
10,Mon,2026-03-02 00:00:00,Converting ,Sterilizer GAMMA,,,,,,,,,,0,0,Grand Total,,,0,0,,,,,
10,Tue,2026-03-03 00:00:00,Converting ,Sterilizer GAMMA,,,,,,,,,,0,0,Grand Total,,,0,0,,,,,
10,Wed,2026-03-04 00:00:00,Converting ,Sterilizer GAMMA,,,,,,,,,,0,0,Grand Total,,,0,0,,,,,
10,Thu,2026-03-05 00:00:00,Converting ,Sterilizer GAMMA,,,,,,,,,,0,0,Grand Total,,,0,0,,,,,
10,Fri,2026-03-06 00:00:00,Converting ,Sterilizer GAMMA,,,,,,,,,,0,0,Grand Total,,,0,0,,,,,
10,Sat,2026-03-07 00:00:00,Converting ,Sterilizer GAMMA,,,,,,,,,,0,0,Grand Total,,,0,0,,,,,
10,Sun,2026-03-08 00:00:00,Converting ,Sterilizer GAMMA,,,,,,,,,,0,0,Grand Total,,,0,0,,,,,
11,Mon,2026-03-09 00:00:00,Converting ,Sterilizer GAMMA,,,,,,,,,,0,0,Grand Total,,,0,0,,,,,
11,Tue,2026-03-10 00:00:00,Converting ,Sterilizer GAMMA,,,,,,,,,,0,0,Grand Total,,,0,0,,,,,
11,Wed,2026-03-11 00:00:00,Converting ,Sterilizer GAMMA,,,,,,,,,,0,0,Grand Total,,,0,0,,,,,
11,Thu,2026-03-12 00:00:00,Converting ,Sterilizer GAMMA,,,,,,,,,,0,0,Grand Total,,,0,0,,,,,
11,Fri,2026-03-13 00:00:00,Converting ,Sterilizer GAMMA,,,,,,,,,,0,0,Grand Total,,,0,0,,,,,
11,Sat,2026-03-14 00:00:00,Converting ,Sterilizer GAMMA,,,,,,,,,,0,0,Grand Total,,,0,0,,,,,
11,Sun,2026-03-15 00:00:00,Converting ,Sterilizer GAMMA,,,,,,,,,,0,0,Grand Total,,,0,0,,,,,
12,Mon,2026-03-16 00:00:00,Converting ,Sterilizer GAMMA,,,,,,,,,,0,0,Grand Total,,,0,0,,,,,
12,Tue,2026-03-17 00:00:00,Converting ,Sterilizer GAMMA,,,,,,,,,,0,0,Grand Total,,,0,0,,,,,
12,Wed,2026-03-18 00:00:00,Converting ,Sterilizer GAMMA,,,,,,,,,,0,0,Grand Total,,,0,0,,,,,
12,Thu,2026-03-19 00:00:00,Converting ,Sterilizer GAMMA,,,,,,,,,,0,0,Grand Total,,,0,0,,,,,
12,Fri,2026-03-20 00:00:00,Converting ,Sterilizer GAMMA,,,,,,,,,,0,0,Grand Total,,,0,0,,,,,
12,Sat,2026-03-21 00:00:00,Converting ,Sterilizer GAMMA,,,,,,,,,,0,0,Grand Total,,,0,0,,,,,
12,Sun,2026-03-22 00:00:00,Converting ,Sterilizer GAMMA,,,,,,,,,,0,0,Grand Total,,,0,0,,,,,
13,Mon,2026-03-23 00:00:00,Converting ,Sterilizer GAMMA,,,,,,,,,,0,0,Grand Total,,,0,0,,,,,
13,Tue,2026-03-24 00:00:00,Converting ,Sterilizer GAMMA,,,,,,,,,,0,0,Grand Total,,,0,0,,,,,
13,Wed,2026-03-25 00:00:00,Converting ,Sterilizer GAMMA,,,,,,,,,,0,0,Grand Total,,,0,0,,,,,
13,Thu,2026-03-26 00:00:00,Converting ,Sterilizer GAMMA,,,,,,,,,,0,0,Grand Total,,,0,0,,,,,
13,Fri,2026-03-27 00:00:00,Converting ,Sterilizer GAMMA,,,,,,,,,,0,0,Grand Total,,,0,0,,,,,
13,Sat,2026-03-28 00:00:00,Converting ,Sterilizer GAMMA,,,,,,,,,,0,0,Grand Total,,,0,0,,,,,
13,Sun,2026-03-29 00:00:00,Converting ,Sterilizer GAMMA,,,,,,,,,,0,0,Grand Total,,,0,0,,,,,
14,Mon,2026-03-30 00:00:00,Converting ,Sterilizer GAMMA,,,,,,,,,,0,0,Grand Total,,,0,0,,,,,
14,Tue,2026-03-31 00:00:00,Converting ,Sterilizer GAMMA,Yes,Sterile,5341,53247,,,5500,5500,EA,54450,20145.812500000004,Grand Total,,,0,0,,,,,
14,Wed,2026-04-01 00:00:00,Converting ,Sterilizer GAMMA,,,,,,,,,,0,0,Grand Total,,,0,0,,,,,
14,Thu,2026-04-02 00:00:00,Converting ,Sterilizer GAMMA,,,,,,,,,,0,0,Grand Total,,,0,0,,,,,
14,Fri,2026-04-03 00:00:00,Converting ,Sterilizer GAMMA,,,,,,,,,,0,0,Grand Total,,,0,0,,,,,
14,Sat,2026-04-04 00:00:00,Converting ,Sterilizer GAMMA,,,,,,,,,,0,0,Grand Total,,,0,0,,,,,
14,Sun,2026-04-05 00:00:00,Converting ,Sterilizer GAMMA,,,,,,,,,,0,0,Grand Total,,,0,0,,,,,
15,Mon,2026-04-06 00:00:00,Converting ,Sterilizer GAMMA,,,,,,,,,,0,0,Grand Total,,,0,0,,,,,
15,Tue,2026-04-07 00:00:00,Converting ,Sterilizer GAMMA,,,,,,,,,,0,0,Grand Total,,,0,0,,,,,
15,Wed,2026-04-08 00:00:00,Converting ,Sterilizer GAMMA,,,,,,,,,,0,0,Grand Total,,,0,0,,,,,
15,Thu,2026-04-09 00:00:00,Converting ,Sterilizer GAMMA,,,,,,,,,,0,0,Grand Total,,,0,0,,,,,
15,Fri,2026-04-10 00:00:00,Converting ,Sterilizer GAMMA,,,,,,,,,,0,0,Grand Total,,,0,0,,,,,
15,Sat,2026-04-11 00:00:00,Converting ,Sterilizer GAMMA,,,,,,,,,,0,0,Grand Total,,,0,0,,,,,
15,Sun,2026-04-12 00:00:00,Converting ,Sterilizer GAMMA,,,,,,,,,,0,0,Grand Total,,,0,0,,,,,
16,Mon,2026-04-13 00:00:00,Converting ,Sterilizer GAMMA,,,,,,,,,,0,0,Grand Total,,,0,0,,,,,
16,Tue,2026-04-14 00:00:00,Converting ,Sterilizer GAMMA,,,,,,,,,,0,0,Grand Total,,,0,0,,,,,
16,Wed,2026-04-15 00:00:00,Converting ,Sterilizer GAMMA,,,,,,,,,,0,0,Grand Total,,,0,0,,,,,
16,Thu,2026-04-16 00:00:00,Converting ,Sterilizer GAMMA,,,,,,,,,,0,0,Grand Total,,,0,0,,,,,
16,Fri,2026-04-17 00:00:00,Converting ,Sterilizer GAMMA,,,,,,,,,,0,0,Grand Total,,,0,0,,,,,
16,Sat,2026-04-18 00:00:00,Converting ,Sterilizer GAMMA,,,,,,,,,,0,0,Grand Total,,,0,0,,,,,
16,Sun,2026-04-19 00:00:00,Converting ,Sterilizer GAMMA,,,,,,,,,,0,0,Grand Total,,,0,0,,,,,
17,Mon,2026-04-20 00:00:00,Converting ,Sterilizer GAMMA,,,,,,,,,,0,0,Grand Total,,,0,0,,,,,
17,Tue,2026-04-21 00:00:00,Converting ,Sterilizer GAMMA,,,,,,,,,,0,0,Grand Total,,,0,0,,,,,
17,Wed,2026-04-22 00:00:00,Converting ,Sterilizer GAMMA,,,,,,,,,,0,0,Grand Total,,,0,0,,,,,
17,Thu,2026-04-23 00:00:00,Converting ,Sterilizer GAMMA,,,,,,,,,,0,0,Grand Total,,,0,0,,,,,
17,Fri,2026-04-24 00:00:00,Converting ,Sterilizer GAMMA,,,,,,,,,,0,0,Grand Total,,,0,0,,,,,
17,Sat,2026-04-25 00:00:00,Converting ,Sterilizer GAMMA,,,,,,,,,,0,0,Grand Total,,,0,0,,,,,
17,Sun,2026-04-26 00:00:00,Converting ,Sterilizer GAMMA,,,,,,,,,,0,0,Grand Total,,,0,0,,,,,
18,Mon,2026-04-27 00:00:00,Converting ,Sterilizer GAMMA,,,,,,,,,,0,0,Grand Total,,,0,0,,,,,
18,Tue,2026-04-28 00:00:00,Converting ,Sterilizer GAMMA,,,,,,,,,,0,0,Grand Total,,,0,0,,,,,
18,Wed,2026-04-29 00:00:00,Converting ,Sterilizer GAMMA,,,,,,,,,,0,0,Grand Total,,,0,0,,,,,
18,Thu,2026-04-30 00:00:00,Converting ,Sterilizer GAMMA,,,,,,,,,,0,0,Grand Total,,,0,0,,,,,
18,Fri,2026-05-01 00:00:00,Converting ,Sterilizer GAMMA,,,,,,,,,,0,0,Grand Total,,,0,0,,,,,
18,Sat,2026-05-02 00:00:00,Converting ,Sterilizer GAMMA,,,,,,,,,,0,0,Grand Total,,,0,0,,,,,
18,Sun,2026-05-03 00:00:00,Converting ,Sterilizer GAMMA,,,,,,,,,,0,0,Grand Total,,,0,0,,,,,
19,Mon,2026-05-04 00:00:00,Converting ,Sterilizer GAMMA,,,,,,,,,,0,0,Grand Total,,,0,0,,,,,
19,Tue,2026-05-05 00:00:00,Converting ,Sterilizer GAMMA,,,,,,,,,,0,0,Grand Total,,,0,0,,,,,
19,Wed,2026-05-06 00:00:00,Converting ,Sterilizer GAMMA,,,,,,,,,,0,0,Grand Total,,,0,0,,,,,
19,Thu,2026-05-07 00:00:00,Converting ,Sterilizer GAMMA,,,,,,,,,,0,0,Grand Total,,,0,0,,,,,
19,Fri,2026-05-08 00:00:00,Converting ,Sterilizer GAMMA,,,,,,,,,,0,0,Grand Total,,,0,0,,,,,
19,Sat,2026-05-09 00:00:00,Converting ,Sterilizer GAMMA,,,,,,,,,,0,0,Grand Total,,,0,0,,,,,
19,Sun,2026-05-10 00:00:00,Converting ,Sterilizer GAMMA,,,,,,,,,,0,0,Grand Total,,,0,0,,,,,
20,Mon,2026-05-11 00:00:00,Converting ,Sterilizer GAMMA,,,,,,,,,,0,0,Grand Total,,,0,0,,,,,
20,Tue,2026-05-12 00:00:00,Converting ,Sterilizer GAMMA,,,,,,,,,,0,0,Grand Total,,,0,0,,,,,
20,Wed,2026-05-13 00:00:00,Converting ,Sterilizer GAMMA,,,,,,,,,,0,0,Grand Total,,,0,0,,,,,
20,Thu,2026-05-14 00:00:00,Converting ,Sterilizer GAMMA,,,,,,,,,,0,0,Grand Total,,,0,0,,,,,
20,Fri,2026-05-15 00:00:00,Converting ,Sterilizer GAMMA,,,,,,,,,,0,0,Grand Total,,,0,0,,,,,
20,Sat,2026-05-16 00:00:00,Converting ,Sterilizer GAMMA,,,,,,,,,,0,0,Grand Total,,,0,0,,,,,
20,Sun,2026-05-17 00:00:00,Converting ,Sterilizer GAMMA,,,,,,,,,,0,0,Grand Total,,,0,0,,,,,
21,Mon,2026-05-18 00:00:00,Converting ,Sterilizer GAMMA,,,,,,,,,,0,0,Grand Total,,,0,0,,,,,
21,Tue,2026-05-19 00:00:00,Converting ,Sterilizer GAMMA,,,,,,,,,,0,0,Grand Total,,,0,0,,,,,
21,Wed,2026-05-20 00:00:00,Converting ,Sterilizer GAMMA,,,,,,,,,,0,0,Grand Total,,,0,0,,,,,
21,Thu,2026-05-21 00:00:00,Converting ,Sterilizer GAMMA,,,,,,,,,,0,0,Grand Total,,,0,0,,,,,
21,Fri,2026-05-22 00:00:00,Converting ,Sterilizer GAMMA,,,,,,,,,,0,0,Grand Total,,,0,0,,,,,
21,Sat,2026-05-23 00:00:00,Converting ,Sterilizer GAMMA,,,,,,,,,,0,0,Grand Total,,,0,0,,,,,
21,Sun,2026-05-24 00:00:00,Converting ,Sterilizer GAMMA,,,,,,,,,,0,0,Grand Total,,,0,0,,,,,
22,Mon,2026-05-25 00:00:00,Converting ,Sterilizer GAMMA,,,,,,,,,,0,0,Grand Total,,,0,0,,,,,
22,Tue,2026-05-26 00:00:00,Converting ,Sterilizer GAMMA,,,,,,,,,,0,0,Grand Total,,,0,0,,,,,
22,Wed,2026-05-27 00:00:00,Converting ,Sterilizer GAMMA,,,,,,,,,,0,0,Grand Total,,,0,0,,,,,
22,Thu,2026-05-28 00:00:00,Converting ,Sterilizer GAMMA,,,,,,,,,,0,0,Grand Total,,,0,0,,,,,
22,Fri,2026-05-29 00:00:00,Converting ,Sterilizer GAMMA,,,,,,,,,,0,0,Grand Total,,,0,0,,,,,
22,Sat,2026-05-30 00:00:00,Converting ,Sterilizer GAMMA,,,,,,,,,,0,0,Grand Total,,,0,0,,,,,
22,Sun,2026-05-31 00:00:00,Converting ,Sterilizer GAMMA,,,,,,,,,,0,0,Grand Total,,,0,0,,,,,
23,Mon,2026-06-01 00:00:00,Converting ,Sterilizer GAMMA,,,,,,,,,,0,0,Grand Total,,,0,0,,,,,
23,Tue,2026-06-02 00:00:00,Converting ,Sterilizer GAMMA,,,,,,,,,,0,0,Grand Total,,,0,0,,,,,
23,Wed,2026-06-03 00:00:00,Converting ,Sterilizer GAMMA,,,,,,,,,,0,0,Grand Total,,,0,0,,,,,
23,Thu,2026-06-04 00:00:00,Converting ,Sterilizer GAMMA,,,,,,,,,,0,0,Grand Total,,,0,0,,,,,
23,Fri,2026-06-05 00:00:00,Converting ,Sterilizer GAMMA,,,,,,,,,,0,0,Grand Total,,,0,0,,,,,
23,Sat,2026-06-06 00:00:00,Converting ,Sterilizer GAMMA,,,,,,,,,,0,0,Grand Total,,,0,0,,,,,
23,Sun,2026-06-07 00:00:00,Converting ,Sterilizer GAMMA,,,,,,,,,,0,0,Grand Total,,,0,0,,,,,
24,Mon,2026-06-08 00:00:00,Converting ,Sterilizer GAMMA,,,,,,,,,,0,0,Grand Total,,,0,0,,,,,
24,Tue,2026-06-09 00:00:00,Converting ,Sterilizer GAMMA,,,,,,,,,,0,0,Grand Total,,,0,0,,,,,
24,Wed,2026-06-10 00:00:00,Converting ,Sterilizer GAMMA,,,,,,,,,,0,0,Grand Total,,,0,0,,,,,
24,Thu,2026-06-11 00:00:00,Converting ,Sterilizer GAMMA,,,,,,,,,,0,0,Grand Total,,,0,0,,,,,
24,Fri,2026-06-12 00:00:00,Converting ,Sterilizer GAMMA,,,,,,,,,,0,0,Grand Total,,,0,0,,,,,
24,Sat,2026-06-13 00:00:00,Converting ,Sterilizer GAMMA,,,,,,,,,,0,0,Grand Total,,,0,0,,,,,
24,Sun,2026-06-14 00:00:00,Converting ,Sterilizer GAMMA,,,,,,,,,,0,0,Grand Total,,,0,0,,,,,
25,Mon,2026-06-15 00:00:00,Converting ,Sterilizer GAMMA,,,,,,,,,,0,0,Grand Total,,,0,0,,,,,
25,Tue,2026-06-16 00:00:00,Converting ,Sterilizer GAMMA,,,,,,,,,,0,0,Grand Total,,,0,0,,,,,
25,Wed,2026-06-17 00:00:00,Converting ,Sterilizer GAMMA,,,,,,,,,,0,0,Grand Total,,,0,0,,,,,
25,Thu,2026-06-18 00:00:00,Converting ,Sterilizer GAMMA,,,,,,,,,,0,0,Grand Total,,,0,0,,,,,
25,Fri,2026-06-19 00:00:00,Converting ,Sterilizer GAMMA,,,,,,,,,,0,0,Grand Total,,,0,0,,,,,
25,Sat,2026-06-20 00:00:00,Converting ,Sterilizer GAMMA,,,,,,,,,,0,0,Grand Total,,,0,0,,,,,
25,Sun,2026-06-21 00:00:00,Converting ,Sterilizer GAMMA,,,,,,,,,,0,0,Grand Total,,,0,0,,,,,
26,Mon,2026-06-22 00:00:00,Converting ,Sterilizer GAMMA,,,,,,,,,,0,0,Grand Total,,,0,0,,,,,
26,Tue,2026-06-23 00:00:00,Converting ,Sterilizer GAMMA,,,,,,,,,,0,0,Grand Total,,,0,0,,,,,
26,Wed,2026-06-24 00:00:00,Converting ,Sterilizer GAMMA,,,,,,,,,,0,0,Grand Total,,,0,0,,,,,
26,Thu,2026-06-25 00:00:00,Converting ,Sterilizer GAMMA,,,,,,,,,,0,0,Grand Total,,,0,0,,,,,
26,Fri,2026-06-26 00:00:00,Converting ,Sterilizer GAMMA,,,,,,,,,,0,0,Grand Total,,,0,0,,,,,
26,Sat,2026-06-27 00:00:00,Converting ,Sterilizer GAMMA,,,,,,,,,,0,0,Grand Total,,,0,0,,,,,
26,Sun,2026-06-28 00:00:00,Converting ,Sterilizer GAMMA,,,,,,,,,,0,0,Grand Total,,,0,0,,,,,
27,Mon,2026-06-29 00:00:00,Converting ,Sterilizer GAMMA,,,,,,,,,,0,0,Grand Total,,,0,0,,,,,
27,Tue,2026-06-30 00:00:00,Converting ,Sterilizer GAMMA,,,,,,,,,,0,0,Grand Total,,,0,0,,,,,
27,Wed,2026-07-01 00:00:00,Converting ,Sterilizer GAMMA,,,,,,,,,,0,0,Grand Total,,,0,0,,,,,
27,Thu,2026-07-02 00:00:00,Converting ,Sterilizer GAMMA,,,,,,,,,,0,0,Grand Total,,,0,0,,,,,
27,Fri,2026-07-03 00:00:00,Converting ,Sterilizer GAMMA,,,,,,,,,,0,0,Grand Total,,,0,0,,,,,
27,Sat,2026-07-04 00:00:00,Converting ,Sterilizer GAMMA,,,,,,,,,,0,0,Grand Total,,,0,0,,,,,
27,Sun,2026-07-05 00:00:00,Converting ,Sterilizer GAMMA,,,,,,,,,,0,0,Grand Total,,,0,0,,,,,
28,Mon,2026-07-06 00:00:00,Converting ,Sterilizer GAMMA,,,,,,,,,,0,0,Grand Total,,,0,0,,,,,
28,Tue,2026-07-07 00:00:00,Converting ,Sterilizer GAMMA,,,,,,,,,,0,0,Grand Total,,,0,0,,,,,
28,Wed,2026-07-08 00:00:00,Converting ,Sterilizer GAMMA,,,,,,,,,,0,0,Grand Total,,,0,0,,,,,
28,Thu,2026-07-09 00:00:00,Converting ,Sterilizer GAMMA,,,,,,,,,,0,0,Grand Total,,,0,0,,,,,
28,Fri,2026-07-10 00:00:00,Converting ,Sterilizer GAMMA,,,,,,,,,,0,0,Grand Total,,,0,0,,,,,
28,Sat,2026-07-11 00:00:00,Converting ,Sterilizer GAMMA,,,,,,,,,,0,0,Grand Total,,,0,0,,,,,
28,Sun,2026-07-12 00:00:00,Converting ,Sterilizer GAMMA,,,,,,,,,,0,0,Grand Total,,,0,0,,,,,
29,Mon,2026-07-13 00:00:00,Converting ,Sterilizer GAMMA,,,,,,,,,,0,0,Grand Total,,,0,0,,,,,
29,Tue,2026-07-14 00:00:00,Converting ,Sterilizer GAMMA,,,,,,,,,,0,0,Grand Total,,,0,0,,,,,
29,Wed,2026-07-15 00:00:00,Converting ,Sterilizer GAMMA,,,,,,,,,,0,0,Grand Total,,,0,0,,,,,
29,Thu,2026-07-16 00:00:00,Converting ,Sterilizer GAMMA,,,,,,,,,,0,0,Grand Total,,,0,0,,,,,
29,Fri,2026-07-17 00:00:00,Converting ,Sterilizer GAMMA,,,,,,,,,,0,0,Grand Total,,,0,0,,,,,
29,Sat,2026-07-18 00:00:00,Converting ,Sterilizer GAMMA,,,,,,,,,,0,0,Grand Total,,,0,0,,,,,
29,Sun,2026-07-19 00:00:00,Converting ,Sterilizer GAMMA,,,,,,,,,,0,0,Grand Total,,,0,0,,,,,
30,Mon,2026-07-20 00:00:00,Converting ,Sterilizer GAMMA,,,,,,,,,,0,0,Grand Total,,,0,0,,,,,
30,Tue,2026-07-21 00:00:00,Converting ,Sterilizer GAMMA,,,,,,,,,,0,0,Grand Total,,,0,0,,,,,
30,Wed,2026-07-22 00:00:00,Converting ,Sterilizer GAMMA,,,,,,,,,,0,0,Grand Total,,,0,0,,,,,
30,Thu,2026-07-23 00:00:00,Converting ,Sterilizer GAMMA,,,,,,,,,,0,0,Grand Total,,,0,0,,,,,
30,Fri,2026-07-24 00:00:00,Converting ,Sterilizer GAMMA,,,,,,,,,,0,0,Grand Total,,,0,0,,,,,
30,Sat,2026-07-25 00:00:00,Converting ,Sterilizer GAMMA,,,,,,,,,,0,0,Grand Total,,,0,0,,,,,
30,Sun,2026-07-26 00:00:00,Converting ,Sterilizer GAMMA,,,,,,,,,,0,0,Grand Total,,,0,0,,,,,
31,Mon,2026-07-27 00:00:00,Converting ,Sterilizer GAMMA,,,,,,,,,,0,0,Grand Total,,,0,0,,,,,
31,Tue,2026-07-28 00:00:00,Converting ,Sterilizer GAMMA,,,,,,,,,,0,0,Grand Total,,,0,0,,,,,
31,Wed,2026-07-29 00:00:00,Converting ,Sterilizer GAMMA,,,,,,,,,,0,0,Grand Total,,,0,0,,,,,
31,Thu,2026-07-30 00:00:00,Converting ,Sterilizer GAMMA,,,,,,,,,,0,0,Grand Total,,,0,0,,,,,
31,Fri,2026-07-31 00:00:00,Converting ,Sterilizer GAMMA,,,,,,,,,,0,0,Grand Total,,,0,0,,,,,
31,Sat,2026-08-01 00:00:00,Converting ,Sterilizer GAMMA,,,,,,,,,,0,0,Grand Total,,,0,0,,,,,
31,Sun,2026-08-02 00:00:00,Converting ,Sterilizer GAMMA,,,,,,,,,,0,0,Grand Total,,,0,0,,,,,
32,Mon,2026-08-03 00:00:00,Converting ,Sterilizer GAMMA,,,,,,,,,,0,0,Grand Total,,,0,0,,,,,
32,Tue,2026-08-04 00:00:00,Converting ,Sterilizer GAMMA,,,,,,,,,,0,0,Grand Total,,,0,0,,,,,
32,Wed,2026-08-05 00:00:00,Converting ,Sterilizer GAMMA,,,,,,,,,,0,0,Grand Total,,,0,0,,,,,
32,Thu,2026-08-06 00:00:00,Converting ,Sterilizer GAMMA,,,,,,,,,,0,0,Grand Total,,,0,0,,,,,
32,Fri,2026-08-07 00:00:00,Converting ,Sterilizer GAMMA,,,,,,,,,,0,0,Grand Total,,,0,0,,,,,
32,Sat,2026-08-08 00:00:00,Converting ,Sterilizer GAMMA,,,,,,,,,,0,0,Grand Total,,,0,0,,,,,
32,Sun,2026-08-09 00:00:00,Converting ,Sterilizer GAMMA,,,,,,,,,,0,0,Grand Total,,,0,0,,,,,
33,Mon,2026-08-10 00:00:00,Converting ,Sterilizer GAMMA,,,,,,,,,,0,0,Grand Total,,,0,0,,,,,
33,Tue,2026-08-11 00:00:00,Converting ,Sterilizer GAMMA,,,,,,,,,,0,0,Grand Total,,,0,0,,,,,
33,Wed,2026-08-12 00:00:00,Converting ,Sterilizer GAMMA,,,,,,,,,,0,0,Grand Total,,,0,0,,,,,
33,Thu,2026-08-13 00:00:00,Converting ,Sterilizer GAMMA,,,,,,,,,,0,0,Grand Total,,,0,0,,,,,
33,Fri,2026-08-14 00:00:00,Converting ,Sterilizer GAMMA,,,,,,,,,,0,0,Grand Total,,,0,0,,,,,
33,Sat,2026-08-15 00:00:00,Converting ,Sterilizer GAMMA,,,,,,,,,,0,0,Grand Total,,,0,0,,,,,
33,Sun,2026-08-16 00:00:00,Converting ,Sterilizer GAMMA,,,,,,,,,,0,0,Grand Total,,,0,0,,,,,
34,Mon,2026-08-17 00:00:00,Converting ,Sterilizer GAMMA,,,,,,,,,,0,0,Grand Total,,,0,0,,,,,
34,Tue,2026-08-18 00:00:00,Converting ,Sterilizer GAMMA,,,,,,,,,,0,0,Grand Total,,,0,0,,,,,
34,Wed,2026-08-19 00:00:00,Converting ,Sterilizer GAMMA,,,,,,,,,,0,0,Grand Total,,,0,0,,,,,
34,Thu,2026-08-20 00:00:00,Converting ,Sterilizer GAMMA,,,,,,,,,,0,0,Grand Total,,,0,0,,,,,
34,Fri,2026-08-21 00:00:00,Converting ,Sterilizer GAMMA,,,,,,,,,,0,0,Grand Total,,,0,0,,,,,
34,Sat,2026-08-22 00:00:00,Converting ,Sterilizer GAMMA,,,,,,,,,,0,0,Grand Total,,,0,0,,,,,
34,Sun,2026-08-23 00:00:00,Converting ,Sterilizer GAMMA,,,,,,,,,,0,0,Grand Total,,,0,0,,,,,
35,Mon,2026-08-24 00:00:00,Converting ,Sterilizer GAMMA,,,,,,,,,,0,0,Grand Total,,,0,0,,,,,
35,Tue,2026-08-25 00:00:00,Converting ,Sterilizer GAMMA,,,,,,,,,,0,0,Grand Total,,,0,0,,,,,
35,Wed,2026-08-26 00:00:00,Converting ,Sterilizer GAMMA,,,,,,,,,,0,0,Grand Total,,,0,0,,,,,
35,Thu,2026-08-27 00:00:00,Converting ,Sterilizer GAMMA,,,,,,,,,,0,0,Grand Total,,,0,0,,,,,
35,Fri,2026-08-28 00:00:00,Converting ,Sterilizer GAMMA,,,,,,,,,,0,0,Grand Total,,,0,0,,,,,
35,Sat,2026-08-29 00:00:00,Converting ,Sterilizer GAMMA,,,,,,,,,,0,0,Grand Total,,,0,0,,,,,
35,Sun,2026-08-30 00:00:00,Converting ,Sterilizer GAMMA,,,,,,,,,,0,0,Grand Total,,,0,0,,,,,
36,Mon,2026-08-31 00:00:00,Converting ,Sterilizer GAMMA,,,,,,,,,,0,0,Grand Total,,,0,0,,,,,
36,Tue,2026-09-01 00:00:00,Converting ,Sterilizer GAMMA,,,,,,,,,,0,0,Grand Total,,,0,0,,,,,
36,Wed,2026-09-02 00:00:00,Converting ,Sterilizer GAMMA,,,,,,,,,,0,0,Grand Total,,,0,0,,,,,
36,Thu,2026-09-03 00:00:00,Converting ,Sterilizer GAMMA,,,,,,,,,,0,0,Grand Total,,,0,0,,,,,
36,Fri,2026-09-04 00:00:00,Converting ,Sterilizer GAMMA,,,,,,,,,,0,0,Grand Total,,,0,0,,,,,
36,Sat,2026-09-05 00:00:00,Converting ,Sterilizer GAMMA,,,,,,,,,,0,0,Grand Total,,,0,0,,,,,
36,Sun,2026-09-06 00:00:00,Converting ,Sterilizer GAMMA,,,,,,,,,,0,0,Grand Total,,,0,0,,,,,
37,Mon,2026-09-07 00:00:00,Converting ,Sterilizer GAMMA,,,,,,,,,,0,0,Grand Total,,,0,0,,,,,
37,Tue,2026-09-08 00:00:00,Converting ,Sterilizer GAMMA,,,,,,,,,,0,0,Grand Total,,,0,0,,,,,
37,Wed,2026-09-09 00:00:00,Converting ,Sterilizer GAMMA,,,,,,,,,,0,0,Grand Total,,,0,0,,,,,
37,Thu,2026-09-10 00:00:00,Converting ,Sterilizer GAMMA,,,,,,,,,,0,0,Grand Total,,,0,0,,,,,
37,Fri,2026-09-11 00:00:00,Converting ,Sterilizer GAMMA,,,,,,,,,,0,0,Grand Total,,,0,0,,,,,
37,Sat,2026-09-12 00:00:00,Converting ,Sterilizer GAMMA,,,,,,,,,,0,0,Grand Total,,,0,0,,,,,
37,Sun,2026-09-13 00:00:00,Converting ,Sterilizer GAMMA,,,,,,,,,,0,0,Grand Total,,,0,0,,,,,
38,Mon,2026-09-14 00:00:00,Converting ,Sterilizer GAMMA,,,,,,,,,,0,0,Grand Total,,,0,0,,,,,
38,Tue,2026-09-15 00:00:00,Converting ,Sterilizer GAMMA,,,,,,,,,,0,0,Grand Total,,,0,0,,,,,
38,Wed,2026-09-16 00:00:00,Converting ,Sterilizer GAMMA,,,,,,,,,,0,0,Grand Total,,,0,0,,,,,
38,Thu,2026-09-17 00:00:00,Converting ,Sterilizer GAMMA,,,,,,,,,,0,0,Grand Total,,,0,0,,,,,
38,Fri,2026-09-18 00:00:00,Converting ,Sterilizer GAMMA,,,,,,,,,,0,0,Grand Total,,,0,0,,,,,
38,Sat,2026-09-19 00:00:00,Converting ,Sterilizer GAMMA,,,,,,,,,,0,0,Grand Total,,,0,0,,,,,
38,Sun,2026-09-20 00:00:00,Converting ,Sterilizer GAMMA,,,,,,,,,,0,0,Grand Total,,,0,0,,,,,
39,Mon,2026-09-21 00:00:00,Converting ,Sterilizer GAMMA,,,,,,,,,,0,0,Grand Total,,,0,0,,,,,
39,Tue,2026-09-22 00:00:00,Converting ,Sterilizer GAMMA,,,,,,,,,,0,0,Grand Total,,,0,0,,,,,
39,Thu,2026-09-24 00:00:00,Converting ,Sterilizer GAMMA,,,,,,,,,,0,0,Grand Total,,,0,0,,,,,
39,Fri,2026-09-25 00:00:00,Converting ,Sterilizer GAMMA,,,,,,,,,,0,0,Grand Total,,,0,0,,,,,
39,Sat,2026-09-26 00:00:00,Converting ,Sterilizer GAMMA,,,,,,,,,,0,0,Grand Total,,,0,0,,,,,
39,Sun,2026-09-27 00:00:00,Converting ,Sterilizer GAMMA,,,,,,,,,,0,0,Grand Total,,,0,0,,,,,
40,Mon,2026-09-28 00:00:00,Converting ,Sterilizer GAMMA,,,,,,,,,,0,0,Grand Total,,,0,0,,,,,
40,Tue,2026-09-29 00:00:00,Converting ,Sterilizer GAMMA,,,,,,,,,,0,0,Grand Total,,,0,0,,,,,
40,Wed,2026-09-30 00:00:00,Converting ,Sterilizer GAMMA,,,,,,,,,,0,0,Grand Total,,,0,0,,,,,
40,Thu,2026-10-01 00:00:00,Converting ,Sterilizer GAMMA,,,,,,,,,,0,0,Grand Total,,,0,0,,,,,
40,Fri,2026-10-02 00:00:00,Converting ,Sterilizer GAMMA,,,,,,,,,,0,0,Grand Total,,,0,0,,,,,
40,Sat,2026-10-03 00:00:00,Converting ,Sterilizer GAMMA,,,,,,,,,,0,0,Grand Total,,,0,0,,,,,
40,Sun,2026-10-04 00:00:00,Converting ,Sterilizer GAMMA,,,,,,,,,,0,0,Grand Total,,,0,0,,,,,
41,Mon,2026-10-05 00:00:00,Converting ,Sterilizer GAMMA,,,,,,,,,,0,0,Grand Total,,,0,0,,,,,
41,Tue,2026-10-06 00:00:00,Converting ,Sterilizer GAMMA,,,,,,,,,,0,0,Grand Total,,,0,0,,,,,
41,Wed,2026-10-07 00:00:00,Converting ,Sterilizer GAMMA,,,,,,,,,,0,0,Grand Total,,,0,0,,,,,
41,Thu,2026-10-08 00:00:00,Converting ,Sterilizer GAMMA,,,,,,,,,,0,0,Grand Total,,,0,0,,,,,
41,Fri,2026-10-09 00:00:00,Converting ,Sterilizer GAMMA,,,,,,,,,,0,0,Grand Total,,,0,0,,,,,
41,Sat,2026-10-10 00:00:00,Converting ,Sterilizer GAMMA,,,,,,,,,,0,0,Grand Total,,,0,0,,,,,
41,Sun,2026-10-11 00:00:00,Converting ,Sterilizer GAMMA,,,,,,,,,,0,0,Grand Total,,,0,0,,,,,
42,Mon,2026-10-12 00:00:00,Converting ,Sterilizer GAMMA,,,,,,,,,,0,0,Grand Total,,,0,0,,,,,
42,Tue,2026-10-13 00:00:00,Converting ,Sterilizer GAMMA,,,,,,,,,,0,0,Grand Total,,,0,0,,,,,
42,Wed,2026-10-14 00:00:00,Converting ,Sterilizer GAMMA,,,,,,,,,,0,0,Grand Total,,,0,0,,,,,
42,Thu,2026-10-15 00:00:00,Converting ,Sterilizer GAMMA,,,,,,,,,,0,0,Grand Total,,,0,0,,,,,
42,Fri,2026-10-16 00:00:00,Converting ,Sterilizer GAMMA,,,,,,,,,,0,0,Grand Total,,,0,0,,,,,
42,Sat,2026-10-17 00:00:00,Converting ,Sterilizer GAMMA,,,,,,,,,,0,0,Grand Total,,,0,0,,,,,
42,Sun,2026-10-18 00:00:00,Converting ,Sterilizer GAMMA,,,,,,,,,,0,0,Grand Total,,,0,0,,,,,
43,Mon,2026-10-19 00:00:00,Converting ,Sterilizer GAMMA,,,,,,,,,,0,0,Grand Total,,,0,0,,,,,
43,Tue,2026-10-20 00:00:00,Converting ,Sterilizer GAMMA,,,,,,,,,,0,0,Grand Total,,,0,0,,,,,
43,Wed,2026-10-21 00:00:00,Converting ,Sterilizer GAMMA,,,,,,,,,,0,0,Grand Total,,,0,0,,,,,
43,Thu,2026-10-22 00:00:00,Converting ,Sterilizer GAMMA,,,,,,,,,,0,0,Grand Total,,,0,0,,,,,
43,Fri,2026-10-23 00:00:00,Converting ,Sterilizer GAMMA,,,,,,,,,,0,0,Grand Total,,,0,0,,,,,
43,Sat,2026-10-24 00:00:00,Converting ,Sterilizer GAMMA,,,,,,,,,,0,0,Grand Total,,,0,0,,,,,
43,Sun,2026-10-25 00:00:00,Converting ,Sterilizer GAMMA,,,,,,,,,,0,0,Grand Total,,,0,0,,,,,
44,Mon,2026-10-26 00:00:00,Converting ,Sterilizer GAMMA,,,,,,,,,,0,0,Grand Total,,,0,0,,,,,
44,Tue,2026-10-27 00:00:00,Converting ,Sterilizer GAMMA,,,,,,,,,,0,0,Grand Total,,,0,0,,,,,
44,Wed,2026-10-28 00:00:00,Converting ,Sterilizer GAMMA,,,,,,,,,,0,0,Grand Total,,,0,0,,,,,
44,Thu,2026-10-29 00:00:00,Converting ,Sterilizer GAMMA,,,,,,,,,,0,0,Grand Total,,,0,0,,,,,
44,Fri,2026-10-30 00:00:00,Converting ,Sterilizer GAMMA,,,,,,,,,,0,0,Grand Total,,,0,0,,,,,
44,Sat,2026-10-31 00:00:00,Converting ,Sterilizer GAMMA,,,,,,,,,,0,0,Grand Total,,,0,0,,,,,
44,Sun,2026-11-01 00:00:00,Converting ,Sterilizer GAMMA,,,,,,,,,,0,0,Grand Total,,,0,0,,,,,
45,Mon,2026-11-02 00:00:00,Converting ,Sterilizer GAMMA,,,,,,,,,,0,0,Grand Total,,,0,0,,,,,
45,Tue,2026-11-03 00:00:00,Converting ,Sterilizer GAMMA,,,,,,,,,,0,0,Grand Total,,,0,0,,,,,
45,Wed,2026-11-04 00:00:00,Converting ,Sterilizer GAMMA,,,,,,,,,,0,0,Grand Total,,,0,0,,,,,
45,Thu,2026-11-05 00:00:00,Converting ,Sterilizer GAMMA,,,,,,,,,,0,0,Grand Total,,,0,0,,,,,
45,Fri,2026-11-06 00:00:00,Converting ,Sterilizer GAMMA,,,,,,,,,,0,0,Grand Total,,,0,0,,,,,
45,Sat,2026-11-07 00:00:00,Converting ,Sterilizer GAMMA,,,,,,,,,,0,0,Grand Total,,,0,0,,,,,
45,Sun,2026-11-08 00:00:00,Converting ,Sterilizer GAMMA,,,,,,,,,,0,0,Grand Total,,,0,0,,,,,
46,Mon,2026-11-09 00:00:00,Converting ,Sterilizer GAMMA,,,,,,,,,,0,0,Grand Total,,,0,0,,,,,
46,Tue,2026-11-10 00:00:00,Converting ,Sterilizer GAMMA,,,,,,,,,,0,0,Grand Total,,,0,0,,,,,
46,Wed,2026-11-11 00:00:00,Converting ,Sterilizer GAMMA,,,,,,,,,,0,0,Grand Total,,,0,0,,,,,
46,Thu,2026-11-12 00:00:00,Converting ,Sterilizer GAMMA,,,,,,,,,,0,0,Grand Total,,,0,0,,,,,
46,Fri,2026-11-13 00:00:00,Converting ,Sterilizer GAMMA,,,,,,,,,,0,0,Grand Total,,,0,0,,,,,
46,Sat,2026-11-14 00:00:00,Converting ,Sterilizer GAMMA,,,,,,,,,,0,0,Grand Total,,,0,0,,,,,
46,Sun,2026-11-15 00:00:00,Converting ,Sterilizer GAMMA,,,,,,,,,,0,0,Grand Total,,,0,0,,,,,
47,Mon,2026-11-16 00:00:00,Converting ,Sterilizer GAMMA,,,,,,,,,,0,0,Grand Total,,,0,0,,,,,
47,Tue,2026-11-17 00:00:00,Converting ,Sterilizer GAMMA,,,,,,,,,,0,0,Grand Total,,,0,0,,,,,
47,Wed,2026-11-18 00:00:00,Converting ,Sterilizer GAMMA,,,,,,,,,,0,0,Grand Total,,,0,0,,,,,
47,Thu,2026-11-19 00:00:00,Converting ,Sterilizer GAMMA,,,,,,,,,,0,0,Grand Total,,,0,0,,,,,
47,Fri,2026-11-20 00:00:00,Converting ,Sterilizer GAMMA,,,,,,,,,,0,0,Grand Total,,,0,0,,,,,
47,Sat,2026-11-21 00:00:00,Converting ,Sterilizer GAMMA,,,,,,,,,,0,0,Grand Total,,,0,0,,,,,
47,Sun,2026-11-22 00:00:00,Converting ,Sterilizer GAMMA,,,,,,,,,,0,0,Grand Total,,,0,0,,,,,
48,Mon,2026-11-23 00:00:00,Converting ,Sterilizer GAMMA,,,,,,,,,,0,0,Grand Total,,,0,0,,,,,
48,Tue,2026-11-24 00:00:00,Converting ,Sterilizer GAMMA,,,,,,,,,,0,0,Grand Total,,,0,0,,,,,
48,Wed,2026-11-25 00:00:00,Converting ,Sterilizer GAMMA,,,,,,,,,,0,0,Grand Total,,,0,0,,,,,
48,Thu,2026-11-26 00:00:00,Converting ,Sterilizer GAMMA,,,,,,,,,,0,0,Grand Total,,,0,0,,,,,
48,Fri,2026-11-27 00:00:00,Converting ,Sterilizer GAMMA,,,,,,,,,,0,0,Grand Total,,,0,0,,,,,
48,Sat,2026-11-28 00:00:00,Converting ,Sterilizer GAMMA,,,,,,,,,,0,0,Grand Total,,,0,0,,,,,
48,Sun,2026-11-29 00:00:00,Converting ,Sterilizer GAMMA,,,,,,,,,,0,0,Grand Total,,,0,0,,,,,
49,Mon,2026-11-30 00:00:00,Converting ,Sterilizer GAMMA,,,,,,,,,,0,0,Grand Total,,,0,0,,,,,
49,Tue,2026-12-01 00:00:00,Converting ,Sterilizer GAMMA,,,,,,,,,,0,0,Grand Total,,,0,0,,,,,
49,Wed,2026-12-02 00:00:00,Converting ,Sterilizer GAMMA,,,,,,,,,,0,0,Grand Total,,,0,0,,,,,
49,Thu,2026-12-03 00:00:00,Converting ,Sterilizer GAMMA,,,,,,,,,,0,0,Grand Total,,,0,0,,,,,
49,Fri,2026-12-04 00:00:00,Converting ,Sterilizer GAMMA,,,,,,,,,,0,0,Grand Total,,,0,0,,,,,
49,Sat,2026-12-05 00:00:00,Converting ,Sterilizer GAMMA,,,,,,,,,,0,0,Grand Total,,,0,0,,,,,
49,Sun,2026-12-06 00:00:00,Converting ,Sterilizer GAMMA,,,,,,,,,,0,0,Grand Total,,,0,0,,,,,
50,Mon,2026-12-07 00:00:00,Converting ,Sterilizer GAMMA,,,,,,,,,,0,0,Grand Total,,,0,0,,,,,
50,Tue,2026-12-08 00:00:00,Converting ,Sterilizer GAMMA,,,,,,,,,,0,0,Grand Total,,,0,0,,,,,
50,Wed,2026-12-09 00:00:00,Converting ,Sterilizer GAMMA,,,,,,,,,,0,0,Grand Total,,,0,0,,,,,
50,Thu,2026-12-10 00:00:00,Converting ,Sterilizer GAMMA,,,,,,,,,,0,0,Grand Total,,,0,0,,,,,
50,Fri,2026-12-11 00:00:00,Converting ,Sterilizer GAMMA,,,,,,,,,,0,0,Grand Total,,,0,0,,,,,
50,Sat,2026-12-12 00:00:00,Converting ,Sterilizer GAMMA,,,,,,,,,,0,0,Grand Total,,,0,0,,,,,
50,Sun,2026-12-13 00:00:00,Converting ,Sterilizer GAMMA,,,,,,,,,,0,0,Grand Total,,,0,0,,,,,
51,Mon,2026-12-14 00:00:00,Converting ,Sterilizer GAMMA,,,,,,,,,,0,0,Grand Total,,,0,0,,,,,
51,Tue,2026-12-15 00:00:00,Converting ,Sterilizer GAMMA,,,,,,,,,,0,0,Grand Total,,,0,0,,,,,
51,Wed,2026-12-16 00:00:00,Converting ,Sterilizer GAMMA,,,,,,,,,,0,0,Grand Total,,,0,0,,,,,
51,Thu,2026-12-17 00:00:00,Converting ,Sterilizer GAMMA,,,,,,,,,,0,0,Grand Total,,,0,0,,,,,
51,Fri,2026-12-18 00:00:00,Converting ,Sterilizer GAMMA,,,,,,,,,,0,0,Grand Total,,,0,0,,,,,
51,Sat,2026-12-19 00:00:00,Converting ,Sterilizer GAMMA,,,,,,,,,,0,0,Grand Total,,,0,0,,,,,
51,Sun,2026-12-20 00:00:00,Converting ,Sterilizer GAMMA,,,,,,,,,,0,0,Grand Total,,,0,0,,,,,
52,Mon,2026-12-21 00:00:00,Converting ,Sterilizer GAMMA,,,,,,,,,,0,0,Grand Total,,,0,0,,,,,
52,Tue,2026-12-22 00:00:00,Converting ,Sterilizer GAMMA,,,,,,,,,,0,0,Grand Total,,,0,0,,,,,
52,Wed,2026-12-23 00:00:00,Converting ,Sterilizer GAMMA,,,,,,,,,,0,0,Grand Total,,,0,0,,,,,
52,Thu,2026-12-24 00:00:00,Converting ,Sterilizer GAMMA,,,,,,,,,,0,0,Grand Total,,,0,0,,,,,
52,Fri,2026-12-25 00:00:00,Converting ,Sterilizer GAMMA,,,,,,,,,,0,0,Grand Total,,,0,0,,,,,
52,Sat,2026-12-26 00:00:00,Converting ,Sterilizer GAMMA,,,,,,,,,,0,0,Grand Total,,,0,0,,,,,
52,Sun,2026-12-27 00:00:00,Converting ,Sterilizer GAMMA,,,,,,,,,,0,0,Grand Total,,,0,0,,,,,
53,Mon,2026-12-28 00:00:00,Converting ,Sterilizer GAMMA,,,,,,,,,,0,0,Grand Total,,,0,0,,,,,
53,Tue,2026-12-29 00:00:00,Converting ,Sterilizer GAMMA,,,,,,,,,,0,0,Grand Total,,,0,0,,,,,
53,Wed,2026-12-30 00:00:00,Converting ,Sterilizer GAMMA,,,,,,,,,,0,0,Grand Total,,,0,0,,,,,
53,Thu,2026-12-31 00:00:00,Converting ,Sterilizer GAMMA,,,,,,,,,,0,0,Grand Total,,,0,0,,,,,
1,Thu,2026-01-01 00:00:00,Converting ,Sterilizer EO,,,,,,,,,,0,0,Grand Total,,,0,0,,,,,
1,Fri,2026-01-02 00:00:00,Converting ,Sterilizer EO,,,,,,,,,,0,0,Grand Total,,,0,0,,,,,
1,Tue,2023-01-03 00:00:00,Converting ,Sterilizer EO,,,,,,,,,,0,0,Grand Total,,,0,0,,,,,
1,Sun,2026-01-04 00:00:00,Converting ,Sterilizer EO,,,,,,,,,,0,0,Grand Total,,,0,0,,,,,
2,Mon,2026-01-05 00:00:00,Converting ,Sterilizer EO,,,,,,,,,,0,0,Grand Total,,,0,0,,,,,
2,Tue,2026-01-06 00:00:00,Converting ,Sterilizer EO,,,,,,,,,,0,0,Grand Total,,,0,0,,,,,
2,Wed,2026-01-07 00:00:00,Converting ,Sterilizer EO,,,,,,,,,,0,0,Grand Total,,,0,0,,,,,
2,Thu,2026-01-08 00:00:00,Converting ,Sterilizer EO,,,,,,,,,,0,0,Grand Total,,,0,0,,,,,
2,Fri,2026-01-09 00:00:00,Converting ,Sterilizer EO,,,,,,,,,,0,0,Grand Total,,,0,0,,,,,
2,Sat,2026-01-10 00:00:00,Converting ,Sterilizer EO,,,,,,,,,,0,0,Grand Total,,,0,0,,,,,
2,Sun,2026-01-11 00:00:00,Converting ,Sterilizer EO,,,,,,,,,,0,0,Grand Total,,,0,0,,,,,
3,Mon,2026-01-12 00:00:00,Converting ,Sterilizer EO,,,,,,,,,,0,0,Grand Total,,,0,0,,,,,
3,Tue,2026-01-13 00:00:00,Converting ,Sterilizer EO,,,,,,,,,,0,0,Grand Total,,,0,0,,,,,
3,Wed,2026-01-14 00:00:00,Converting ,Sterilizer EO,,,,,,,,,,0,0,Grand Total,,,0,0,,,,,
3,Thu,2026-01-15 00:00:00,Converting ,Sterilizer EO,,,,,,,,,,0,0,Grand Total,,,0,0,,,,,
3,Fri,2026-01-16 00:00:00,Converting ,Sterilizer EO,,,,,,,,,,0,0,Grand Total,,,0,0,,,,,
3,Sat,2026-01-17 00:00:00,Converting ,Sterilizer EO,,,,,,,,,,0,0,Grand Total,,,0,0,,,,,
3,Sun,2026-01-18 00:00:00,Converting ,Sterilizer EO,,,,,,,,,,0,0,Grand Total,,,0,0,,,,,
4,Mon,2026-01-19 00:00:00,Converting ,Sterilizer EO,,,,,,,,,,0,0,Grand Total,,,0,0,,,,,
4,Tue,2026-01-20 00:00:00,Converting ,Sterilizer EO,,,,,,,,,,0,0,Grand Total,,,0,0,,,,,
4,Wed,2026-01-21 00:00:00,Converting ,Sterilizer EO,,,,,,,,,,0,0,Grand Total,,,0,0,,,,,
4,Thu,2026-01-22 00:00:00,Converting ,Sterilizer EO,,,,,,,,,,0,0,Grand Total,,,0,0,,,,,
4,Fri,2026-01-23 00:00:00,Converting ,Sterilizer EO,,,,,,,,,,0,0,Grand Total,,,0,0,,,,,
4,Fri,2026-01-23 00:00:00,Converting ,Sterilizer EO,Yes,Sterile,6039,53933,,,800,800,BOX,16480,9704.9336,Grand Total,,,0,0,,,,,
4,Sat,2026-01-24 00:00:00,Converting ,Sterilizer EO,,,,,,,,,,0,0,Grand Total,,,0,0,,,,,
4,Sun,2026-01-25 00:00:00,Converting ,Sterilizer EO,,,,,,,,,,0,0,Grand Total,,,0,0,,,,,
5,Mon,2026-01-26 00:00:00,Converting ,Sterilizer EO,,,,,,,,,,0,0,Grand Total,,,0,0,,,,,
5,Tue,2026-01-27 00:00:00,Converting ,Sterilizer EO,,,,,,,,,,0,0,Grand Total,,,0,0,,,,,
5,Wed,2026-01-28 00:00:00,Converting ,Sterilizer EO,Yes,Sterile,3424,54078,,,11000,11000,EA,69300,13475.253000000002,Grand Total,,,0,0,,,,,
5,Thu,2026-01-29 00:00:00,Converting ,Sterilizer EO,,,,,,,,,,0,0,Grand Total,,,0,0,,,,,
5,Fri,2026-01-30 00:00:00,Converting ,Sterilizer EO,,,,,,,,,,0,0,Grand Total,,,0,0,,,,,
5,Sat,2026-01-31 00:00:00,Converting ,Sterilizer EO,Yes,Sterile,7486,53602,,,900,30,CS,7778.16,4299.91611,Grand Total,,30,7778.16,4299.91611,,,,,
5,Sat,2026-01-31 00:00:00,Converting ,Sterilizer EO,Yes,Sterile,7482,53931,,,2631,2631,CS,86507.28000000001,18490.412793000007,Grand Total,,646,21240.480000000003,4540.025338000001,,,,,
5,Sat,2026-01-31 00:00:00,Converting ,Sterilizer EO,Yes,Sterile,7487,53929,,,900,900,CS,242784,136001.1096,Grand Total,,600,161856,90667.4064,,,,,
5,Sun,2026-02-01 00:00:00,Converting ,Sterilizer EO,,,,,,,,,,0,0,Grand Total,,,0,0,,,,,
6,Mon,2026-02-02 00:00:00,Converting ,Sterilizer EO,,,,,,,,,,0,0,Grand Total,,,0,0,,,,,
6,Tue,2026-02-03 00:00:00,Converting ,Sterilizer EO,,,,,,,,,,0,0,Grand Total,,,0,0,,,,,
6,Wed,2026-02-04 00:00:00,Converting ,Sterilizer EO,,,,,,,,,,0,0,Grand Total,,,0,0,,,,,
6,Thu,2026-02-05 00:00:00,Converting ,Sterilizer EO,,,,,,,,,,0,0,Grand Total,,,0,0,,,,,
6,Fri,2026-02-06 00:00:00,Converting ,Sterilizer EO,,,,,,,,,,0,0,Grand Total,,,0,0,,,,,
6,Sat,2026-02-07 00:00:00,Converting ,Sterilizer EO,,,,,,,,,,0,0,Grand Total,,,0,0,,,,,
6,Sun,2026-02-08 00:00:00,Converting ,Sterilizer EO,,,,,,,,,,0,0,Grand Total,,,0,0,,,,,
7,Mon,2026-02-09 00:00:00,Converting ,Sterilizer EO,,,,,,,,,,0,0,Grand Total,,,0,0,,,,,
7,Tue,2026-02-10 00:00:00,Converting ,Sterilizer EO,,,,,,,,,,0,0,Grand Total,,,0,0,,,,,
7,Wed,2026-02-11 00:00:00,Converting ,Sterilizer EO,,,,,,,,,,0,0,Grand Total,,,0,0,,,,,
7,Thu,2026-02-12 00:00:00,Converting ,Sterilizer EO,,,,,,,,,,0,0,Grand Total,,,0,0,,,,,
7,Fri,2026-02-13 00:00:00,Converting ,Sterilizer EO,,,,,,,,,,0,0,Grand Total,,,0,0,,,,,
7,Sat,2026-02-14 00:00:00,Converting ,Sterilizer EO,,,,,,,,,,0,0,Grand Total,,,0,0,,,,,
7,Sun,2026-02-15 00:00:00,Converting ,Sterilizer EO,,,,,,,,,,0,0,Grand Total,,,0,0,,,,,
8,Mon,2026-02-16 00:00:00,Converting ,Sterilizer EO,,,,,,,,,,0,0,Grand Total,,,0,0,,,,,
8,Tue,2026-02-17 00:00:00,Converting ,Sterilizer EO,,,,,,,,,,0,0,Grand Total,,,0,0,,,,,
8,Wed,2026-02-18 00:00:00,Converting ,Sterilizer EO,,,,,,,,,,0,0,Grand Total,,,0,0,,,,,
8,Thu,2026-02-19 00:00:00,Converting ,Sterilizer EO,,,,,,,,,,0,0,Grand Total,,,0,0,,,,,
8,Fri,2026-02-20 00:00:00,Converting ,Sterilizer EO,,,,,,,,,,0,0,Grand Total,,,0,0,,,,,
8,Sat,2026-02-21 00:00:00,Converting ,Sterilizer EO,,,,,,,,,,0,0,Grand Total,,,0,0,,,,,
8,Sun,2026-02-22 00:00:00,Converting ,Sterilizer EO,,,,,,,,,,0,0,Grand Total,,,0,0,,,,,
9,Mon,2026-02-23 00:00:00,Converting ,Sterilizer EO,,,,,,,,,,0,0,Grand Total,,,0,0,,,,,
9,Tue,2026-02-24 00:00:00,Converting ,Sterilizer EO,Yes,Sterile,6039,53933,,,800,800,BOX,16480,9704.9336,Grand Total,,,0,0,,,,,
9,Tue,2026-02-24 00:00:00,Converting ,Sterilizer EO,Yes,Sterile,7487,53929,,,900,300,CS,80928,45333.7032,Grand Total,,,0,0,,,,,
9,Tue,2026-02-24 00:00:00,Converting ,Sterilizer EO,Yes,Sterile,5045,53227,,,27500,27500,EA,44825,15730.412499999999,Grand Total,,,0,0,,,,,
9,Tue,2026-02-24 00:00:00,Converting ,Sterilizer EO,Yes,Sterile,6011,54629,,,340,340,CS,43227.6,19960.21238,Grand Total,,,0,0,,,,,
9,Tue,2026-02-24 00:00:00,Converting ,Sterilizer EO,Yes,Sterile,6013,54648,,,279,279,CS,34317,16648.076754,Grand Total,,,0,0,,,,,
9,Tue,2026-02-24 00:00:00,Converting ,Sterilizer EO,Yes,Sterile,6008,54646,,,149,149,CS,10719.06,4348.405719,Grand Total,,,0,0,,,,,
9,Tue,2026-02-24 00:00:00,Converting ,Sterilizer EO,,,,,,,,,,0,0,Grand Total,,,0,0,,,,,
9,Wed,2026-02-25 00:00:00,Converting ,Sterilizer EO,Yes,Sterile,4152,54388,,,1200,1200,CS,104483.99999999999,18490.645199999988,Grand Total,,,0,0,,,,,
9,Thu,2026-02-26 00:00:00,Converting ,Sterilizer EO,,,,,,,,,,0,0,Grand Total,,,0,0,,,,,
9,Fri,2026-02-27 00:00:00,Converting ,Sterilizer EO,,,,,,,,,,0,0,Grand Total,,,0,0,,,,,
9,Sat,2026-02-28 00:00:00,Converting ,Sterilizer EO,,,,,,,,,,0,0,Grand Total,,,0,0,,,,,
9,Sun,2026-03-01 00:00:00,Converting ,Sterilizer EO,,,,,,,,,,0,0,Grand Total,,,0,0,,,,,
10,Mon,2026-03-02 00:00:00,Converting ,Sterilizer EO,,,,,,,,,,0,0,Grand Total,,,0,0,,,,,
10,Tue,2026-03-03 00:00:00,Converting ,Sterilizer EO,,,,,,,,,,0,0,Grand Total,,,0,0,,,,,
10,Wed,2026-03-04 00:00:00,Converting ,Sterilizer EO,,,,,,,,,,0,0,Grand Total,,,0,0,,,,,
10,Thu,2026-03-05 00:00:00,Converting ,Sterilizer EO,,,,,,,,,,0,0,Grand Total,,,0,0,,,,,
10,Fri,2026-03-06 00:00:00,Converting ,Sterilizer EO,,,,,,,,,,0,0,Grand Total,,,0,0,,,,,
10,Sat,2026-03-07 00:00:00,Converting ,Sterilizer EO,,,,,,,,,,0,0,Grand Total,,,0,0,,,,,
10,Sun,2026-03-08 00:00:00,Converting ,Sterilizer EO,,,,,,,,,,0,0,Grand Total,,,0,0,,,,,
11,Mon,2026-03-09 00:00:00,Converting ,Sterilizer EO,,,,,,,,,,0,0,Grand Total,,,0,0,,,,,
11,Tue,2026-03-10 00:00:00,Converting ,Sterilizer EO,,,,,,,,,,0,0,Grand Total,,,0,0,,,,,
11,Wed,2026-03-11 00:00:00,Converting ,Sterilizer EO,,,,,,,,,,0,0,Grand Total,,,0,0,,,,,
11,Thu,2026-03-12 00:00:00,Converting ,Sterilizer EO,Yes,Sterile,4152,54388,,,1200,1200,CS,104483.99999999999,18490.645199999988,Grand Total,,,0,0,,,,,
11,Fri,2026-03-13 00:00:00,Converting ,Sterilizer EO,,,,,,,,,,0,0,Grand Total,,,0,0,,,,,
11,Sat,2026-03-14 00:00:00,Converting ,Sterilizer EO,,,,,,,,,,0,0,Grand Total,,,0,0,,,,,
11,Sun,2026-03-15 00:00:00,Converting ,Sterilizer EO,,,,,,,,,,0,0,Grand Total,,,0,0,,,,,
12,Mon,2026-03-16 00:00:00,Converting ,Sterilizer EO,Yes,Sterile,3424,54078,,,11000,11000,EA,69300,13475.253000000002,Grand Total,,,0,0,,,,,
12,Tue,2026-03-17 00:00:00,Converting ,Sterilizer EO,,,,,,,,,,0,0,Grand Total,,,0,0,,,,,
12,Wed,2026-03-18 00:00:00,Converting ,Sterilizer EO,,,,,,,,,,0,0,Grand Total,,,0,0,,,,,
12,Thu,2026-03-19 00:00:00,Converting ,Sterilizer EO,,,,,,,,,,0,0,Grand Total,,,0,0,,,,,
12,Fri,2026-03-20 00:00:00,Converting ,Sterilizer EO,,,,,,,,,,0,0,Grand Total,,,0,0,,,,,
12,Sat,2026-03-21 00:00:00,Converting ,Sterilizer EO,,,,,,,,,,0,0,Grand Total,,,0,0,,,,,
12,Sun,2026-03-22 00:00:00,Converting ,Sterilizer EO,,,,,,,,,,0,0,Grand Total,,,0,0,,,,,
13,Mon,2026-03-23 00:00:00,Converting ,Sterilizer EO,,,,,,,,,,0,0,Grand Total,,,0,0,,,,,
13,Tue,2026-03-24 00:00:00,Converting ,Sterilizer EO,,,,,,,,,,0,0,Grand Total,,,0,0,,,,,
13,Wed,2026-03-25 00:00:00,Converting ,Sterilizer EO,,,,,,,,,,0,0,Grand Total,,,0,0,,,,,
13,Thu,2026-03-26 00:00:00,Converting ,Sterilizer EO,,,,,,,,,,0,0,Grand Total,,,0,0,,,,,
13,Fri,2026-03-27 00:00:00,Converting ,Sterilizer EO,,,,,,,,,,0,0,Grand Total,,,0,0,,,,,
13,Sat,2026-03-28 00:00:00,Converting ,Sterilizer EO,,,,,,,,,,0,0,Grand Total,,,0,0,,,,,
13,Sun,2026-03-29 00:00:00,Converting ,Sterilizer EO,,,,,,,,,,0,0,Grand Total,,,0,0,,,,,
14,Mon,2026-03-30 00:00:00,Converting ,Sterilizer EO,,,,,,,,,,0,0,Grand Total,,,0,0,,,,,
14,Tue,2026-03-31 00:00:00,Converting ,Sterilizer EO,,,,,,,,,,0,0,Grand Total,,,0,0,,,,,
14,Wed,2026-04-01 00:00:00,Converting ,Sterilizer EO,,,,,,,,,,0,0,Grand Total,,,0,0,,,,,
14,Thu,2026-04-02 00:00:00,Converting ,Sterilizer EO,,,,,,,,,,0,0,Grand Total,,,0,0,,,,,
14,Fri,2026-04-03 00:00:00,Converting ,Sterilizer EO,,,,,,,,,,0,0,Grand Total,,,0,0,,,,,
14,Sat,2026-04-04 00:00:00,Converting ,Sterilizer EO,,,,,,,,,,0,0,Grand Total,,,0,0,,,,,
14,Sun,2026-04-05 00:00:00,Converting ,Sterilizer EO,,,,,,,,,,0,0,Grand Total,,,0,0,,,,,
15,Mon,2026-04-06 00:00:00,Converting ,Sterilizer EO,,,,,,,,,,0,0,Grand Total,,,0,0,,,,,
15,Tue,2026-04-07 00:00:00,Converting ,Sterilizer EO,,,,,,,,,,0,0,Grand Total,,,0,0,,,,,
15,Wed,2026-04-08 00:00:00,Converting ,Sterilizer EO,,,,,,,,,,0,0,Grand Total,,,0,0,,,,,
15,Thu,2026-04-09 00:00:00,Converting ,Sterilizer EO,,,,,,,,,,0,0,Grand Total,,,0,0,,,,,
15,Fri,2026-04-10 00:00:00,Converting ,Sterilizer EO,,,,,,,,,,0,0,Grand Total,,,0,0,,,,,
15,Sat,2026-04-11 00:00:00,Converting ,Sterilizer EO,,,,,,,,,,0,0,Grand Total,,,0,0,,,,,
15,Sun,2026-04-12 00:00:00,Converting ,Sterilizer EO,,,,,,,,,,0,0,Grand Total,,,0,0,,,,,
16,Mon,2026-04-13 00:00:00,Converting ,Sterilizer EO,,,,,,,,,,0,0,Grand Total,,,0,0,,,,,
16,Tue,2026-04-14 00:00:00,Converting ,Sterilizer EO,,,,,,,,,,0,0,Grand Total,,,0,0,,,,,
16,Wed,2026-04-15 00:00:00,Converting ,Sterilizer EO,,,,,,,,,,0,0,Grand Total,,,0,0,,,,,
16,Thu,2026-04-16 00:00:00,Converting ,Sterilizer EO,,,,,,,,,,0,0,Grand Total,,,0,0,,,,,
16,Fri,2026-04-17 00:00:00,Converting ,Sterilizer EO,,,,,,,,,,0,0,Grand Total,,,0,0,,,,,
16,Sat,2026-04-18 00:00:00,Converting ,Sterilizer EO,,,,,,,,,,0,0,Grand Total,,,0,0,,,,,
16,Sun,2026-04-19 00:00:00,Converting ,Sterilizer EO,,,,,,,,,,0,0,Grand Total,,,0,0,,,,,
17,Mon,2026-04-20 00:00:00,Converting ,Sterilizer EO,,,,,,,,,,0,0,Grand Total,,,0,0,,,,,
17,Tue,2026-04-21 00:00:00,Converting ,Sterilizer EO,,,,,,,,,,0,0,Grand Total,,,0,0,,,,,
17,Wed,2026-04-22 00:00:00,Converting ,Sterilizer EO,,,,,,,,,,0,0,Grand Total,,,0,0,,,,,
17,Thu,2026-04-23 00:00:00,Converting ,Sterilizer EO,,,,,,,,,,0,0,Grand Total,,,0,0,,,,,
17,Fri,2026-04-24 00:00:00,Converting ,Sterilizer EO,,,,,,,,,,0,0,Grand Total,,,0,0,,,,,
17,Sat,2026-04-25 00:00:00,Converting ,Sterilizer EO,,,,,,,,,,0,0,Grand Total,,,0,0,,,,,
17,Sun,2026-04-26 00:00:00,Converting ,Sterilizer EO,,,,,,,,,,0,0,Grand Total,,,0,0,,,,,
18,Mon,2026-04-27 00:00:00,Converting ,Sterilizer EO,,,,,,,,,,0,0,Grand Total,,,0,0,,,,,
18,Tue,2026-04-28 00:00:00,Converting ,Sterilizer EO,,,,,,,,,,0,0,Grand Total,,,0,0,,,,,
18,Wed,2026-04-29 00:00:00,Converting ,Sterilizer EO,,,,,,,,,,0,0,Grand Total,,,0,0,,,,,
18,Thu,2026-04-30 00:00:00,Converting ,Sterilizer EO,,,,,,,,,,0,0,Grand Total,,,0,0,,,,,
18,Fri,2026-05-01 00:00:00,Converting ,Sterilizer EO,,,,,,,,,,0,0,Grand Total,,,0,0,,,,,
18,Sat,2026-05-02 00:00:00,Converting ,Sterilizer EO,,,,,,,,,,0,0,Grand Total,,,0,0,,,,,
18,Sun,2026-05-03 00:00:00,Converting ,Sterilizer EO,,,,,,,,,,0,0,Grand Total,,,0,0,,,,,
19,Mon,2026-05-04 00:00:00,Converting ,Sterilizer EO,,,,,,,,,,0,0,Grand Total,,,0,0,,,,,
19,Tue,2026-05-05 00:00:00,Converting ,Sterilizer EO,,,,,,,,,,0,0,Grand Total,,,0,0,,,,,
19,Wed,2026-05-06 00:00:00,Converting ,Sterilizer EO,,,,,,,,,,0,0,Grand Total,,,0,0,,,,,
19,Thu,2026-05-07 00:00:00,Converting ,Sterilizer EO,,,,,,,,,,0,0,Grand Total,,,0,0,,,,,
19,Fri,2026-05-08 00:00:00,Converting ,Sterilizer EO,,,,,,,,,,0,0,Grand Total,,,0,0,,,,,
19,Sat,2026-05-09 00:00:00,Converting ,Sterilizer EO,,,,,,,,,,0,0,Grand Total,,,0,0,,,,,
19,Sun,2026-05-10 00:00:00,Converting ,Sterilizer EO,,,,,,,,,,0,0,Grand Total,,,0,0,,,,,
20,Mon,2026-05-11 00:00:00,Converting ,Sterilizer EO,,,,,,,,,,0,0,Grand Total,,,0,0,,,,,
20,Tue,2026-05-12 00:00:00,Converting ,Sterilizer EO,,,,,,,,,,0,0,Grand Total,,,0,0,,,,,
20,Wed,2026-05-13 00:00:00,Converting ,Sterilizer EO,,,,,,,,,,0,0,Grand Total,,,0,0,,,,,
20,Thu,2026-05-14 00:00:00,Converting ,Sterilizer EO,,,,,,,,,,0,0,Grand Total,,,0,0,,,,,
20,Fri,2026-05-15 00:00:00,Converting ,Sterilizer EO,,,,,,,,,,0,0,Grand Total,,,0,0,,,,,
20,Sat,2026-05-16 00:00:00,Converting ,Sterilizer EO,,,,,,,,,,0,0,Grand Total,,,0,0,,,,,
20,Sun,2026-05-17 00:00:00,Converting ,Sterilizer EO,,,,,,,,,,0,0,Grand Total,,,0,0,,,,,
21,Mon,2026-05-18 00:00:00,Converting ,Sterilizer EO,,,,,,,,,,0,0,Grand Total,,,0,0,,,,,
21,Tue,2026-05-19 00:00:00,Converting ,Sterilizer EO,,,,,,,,,,0,0,Grand Total,,,0,0,,,,,
21,Wed,2026-05-20 00:00:00,Converting ,Sterilizer EO,,,,,,,,,,0,0,Grand Total,,,0,0,,,,,
21,Thu,2026-05-21 00:00:00,Converting ,Sterilizer EO,Yes,Pre-Sterile ,3424,54857,,,11000,11000,EA,69300,13475.253000000002,Grand Total,,,0,0,,,,,
21,Fri,2026-05-22 00:00:00,Converting ,Sterilizer EO,,,,,,,,,,0,0,Grand Total,,,0,0,,,,,
21,Sat,2026-05-23 00:00:00,Converting ,Sterilizer EO,,,,,,,,,,0,0,Grand Total,,,0,0,,,,,
21,Sun,2026-05-24 00:00:00,Converting ,Sterilizer EO,,,,,,,,,,0,0,Grand Total,,,0,0,,,,,
22,Mon,2026-05-25 00:00:00,Converting ,Sterilizer EO,,,,,,,,,,0,0,Grand Total,,,0,0,,,,,
22,Tue,2026-05-26 00:00:00,Converting ,Sterilizer EO,,,,,,,,,,0,0,Grand Total,,,0,0,,,,,
22,Wed,2026-05-27 00:00:00,Converting ,Sterilizer EO,,,,,,,,,,0,0,Grand Total,,,0,0,,,,,
22,Thu,2026-05-28 00:00:00,Converting ,Sterilizer EO,,,,,,,,,,0,0,Grand Total,,,0,0,,,,,
22,Fri,2026-05-29 00:00:00,Converting ,Sterilizer EO,,,,,,,,,,0,0,Grand Total,,,0,0,,,,,
22,Sat,2026-05-30 00:00:00,Converting ,Sterilizer EO,,,,,,,,,,0,0,Grand Total,,,0,0,,,,,
22,Sun,2026-05-31 00:00:00,Converting ,Sterilizer EO,,,,,,,,,,0,0,Grand Total,,,0,0,,,,,
23,Mon,2026-06-01 00:00:00,Converting ,Sterilizer EO,,,,,,,,,,0,0,Grand Total,,,0,0,,,,,
23,Tue,2026-06-02 00:00:00,Converting ,Sterilizer EO,,,,,,,,,,0,0,Grand Total,,,0,0,,,,,
23,Wed,2026-06-03 00:00:00,Converting ,Sterilizer EO,,,,,,,,,,0,0,Grand Total,,,0,0,,,,,
23,Thu,2026-06-04 00:00:00,Converting ,Sterilizer EO,,,,,,,,,,0,0,Grand Total,,,0,0,,,,,
23,Fri,2026-06-05 00:00:00,Converting ,Sterilizer EO,,,,,,,,,,0,0,Grand Total,,,0,0,,,,,
23,Sat,2026-06-06 00:00:00,Converting ,Sterilizer EO,,,,,,,,,,0,0,Grand Total,,,0,0,,,,,
23,Sun,2026-06-07 00:00:00,Converting ,Sterilizer EO,,,,,,,,,,0,0,Grand Total,,,0,0,,,,,
24,Mon,2026-06-08 00:00:00,Converting ,Sterilizer EO,,,,,,,,,,0,0,Grand Total,,,0,0,,,,,
24,Tue,2026-06-09 00:00:00,Converting ,Sterilizer EO,,,,,,,,,,0,0,Grand Total,,,0,0,,,,,
24,Wed,2026-06-10 00:00:00,Converting ,Sterilizer EO,,,,,,,,,,0,0,Grand Total,,,0,0,,,,,
24,Thu,2026-06-11 00:00:00,Converting ,Sterilizer EO,,,,,,,,,,0,0,Grand Total,,,0,0,,,,,
24,Fri,2026-06-12 00:00:00,Converting ,Sterilizer EO,,,,,,,,,,0,0,Grand Total,,,0,0,,,,,
24,Sat,2026-06-13 00:00:00,Converting ,Sterilizer EO,,,,,,,,,,0,0,Grand Total,,,0,0,,,,,
24,Sun,2026-06-14 00:00:00,Converting ,Sterilizer EO,,,,,,,,,,0,0,Grand Total,,,0,0,, ,,,
25,Mon,2026-06-15 00:00:00,Converting ,Sterilizer EO,,,,,,,,,,0,0,Grand Total,,,0,0,,,,,
25,Tue,2026-06-16 00:00:00,Converting ,Sterilizer EO,,,,,,,,,,0,0,Grand Total,,,0,0,,,,,
25,Wed,2026-06-17 00:00:00,Converting ,Sterilizer EO,,,,,,,,,,0,0,Grand Total,,,0,0,,,,,
25,Thu,2026-06-18 00:00:00,Converting ,Sterilizer EO,,,,,,,,,,0,0,Grand Total,,,0,0,,,,,
25,Fri,2026-06-19 00:00:00,Converting ,Sterilizer EO,,,,,,,,,,0,0,Grand Total,,,0,0,,,,,
25,Sat,2026-06-20 00:00:00,Converting ,Sterilizer EO,,,,,,,,,,0,0,Grand Total,,,0,0,,,,,
25,Sun,2026-06-21 00:00:00,Converting ,Sterilizer EO,,,,,,,,,,0,0,Grand Total,,,0,0,,,,,
26,Mon,2026-06-22 00:00:00,Converting ,Sterilizer EO,,,,,,,,,,0,0,Grand Total,,,0,0,,,,,
26,Tue,2026-06-23 00:00:00,Converting ,Sterilizer EO,,,,,,,,,,0,0,Grand Total,,,0,0,,,,,
26,Wed,2026-06-24 00:00:00,Converting ,Sterilizer EO,,,,,,,,,,0,0,Grand Total,,,0,0,,,,,
26,Thu,2026-06-25 00:00:00,Converting ,Sterilizer EO,,,,,,,,,,0,0,Grand Total,,,0,0,,,,,
26,Fri,2026-06-26 00:00:00,Converting ,Sterilizer EO,,,,,,,,,,0,0,Grand Total,,,0,0,,,,,
26,Sat,2026-06-27 00:00:00,Converting ,Sterilizer EO,,,,,,,,,,0,0,Grand Total,,,0,0,,,,,
26,Sun,2026-06-28 00:00:00,Converting ,Sterilizer EO,,,,,,,,,,0,0,Grand Total,,,0,0,,,,,
27,Mon,2026-06-29 00:00:00,Converting ,Sterilizer EO,,,,,,,,,,0,0,Grand Total,,,0,0,,,,,
27,Tue,2026-06-30 00:00:00,Converting ,Sterilizer EO,,,,,,,,,,0,0,Grand Total,,,0,0,,,,,
27,Wed,2026-07-01 00:00:00,Converting ,Sterilizer EO,,,,,,,,,,0,0,Grand Total,,,0,0,,,,,
27,Thu,2026-07-02 00:00:00,Converting ,Sterilizer EO,,,,,,,,,,0,0,Grand Total,,,0,0,,,,,
27,Fri,2026-07-03 00:00:00,Converting ,Sterilizer EO,,,,,,,,,,0,0,Grand Total,,,0,0,,,,,
27,Sat,2026-07-04 00:00:00,Converting ,Sterilizer EO,,,,,,,,,,0,0,Grand Total,,,0,0,,,,,
27,Sun,2026-07-05 00:00:00,Converting ,Sterilizer EO,,,,,,,,,,0,0,Grand Total,,,0,0,,,,,
28,Mon,2026-07-06 00:00:00,Converting ,Sterilizer EO,,,,,,,,,,0,0,Grand Total,,,0,0,,,,,
28,Tue,2026-07-07 00:00:00,Converting ,Sterilizer EO,,,,,,,,,,0,0,Grand Total,,,0,0,,,,,
28,Wed,2026-07-08 00:00:00,Converting ,Sterilizer EO,,,,,,,,,,0,0,Grand Total,,,0,0,,,,,
28,Thu,2026-07-09 00:00:00,Converting ,Sterilizer EO,,,,,,,,,,0,0,Grand Total,,,0,0,,,,,
28,Fri,2026-07-10 00:00:00,Converting ,Sterilizer EO,,,,,,,,,,0,0,Grand Total,,,0,0,,,,,
28,Sat,2026-07-11 00:00:00,Converting ,Sterilizer EO,,,,,,,,,,0,0,Grand Total,,,0,0,,,,,
28,Sun,2026-07-12 00:00:00,Converting ,Sterilizer EO,,,,,,,,,,0,0,Grand Total,,,0,0,,,,,
29,Mon,2026-07-13 00:00:00,Converting ,Sterilizer EO,,,,,,,,,,0,0,Grand Total,,,0,0,,,,,
29,Tue,2026-07-14 00:00:00,Converting ,Sterilizer EO,,,,,,,,,,0,0,Grand Total,,,0,0,,,,,
29,Wed,2026-07-15 00:00:00,Converting ,Sterilizer EO,,,,,,,,,,0,0,Grand Total,,,0,0,,,,,
29,Thu,2026-07-16 00:00:00,Converting ,Sterilizer EO,,,,,,,,,,0,0,Grand Total,,,0,0,,,,,
29,Fri,2026-07-17 00:00:00,Converting ,Sterilizer EO,,,,,,,,,,0,0,Grand Total,,,0,0,,,,,
29,Sat,2026-07-18 00:00:00,Converting ,Sterilizer EO,,,,,,,,,,0,0,Grand Total,,,0,0,,,,,
29,Sun,2026-07-19 00:00:00,Converting ,Sterilizer EO,,,,,,,,,,0,0,Grand Total,,,0,0,,,,,
30,Mon,2026-07-20 00:00:00,Converting ,Sterilizer EO,,,,,,,,,,0,0,Grand Total,,,0,0,,,,,
30,Tue,2026-07-21 00:00:00,Converting ,Sterilizer EO,,,,,,,,,,0,0,Grand Total,,,0,0,,,,,
30,Wed,2026-07-22 00:00:00,Converting ,Sterilizer EO,,,,,,,,,,0,0,Grand Total,,,0,0,,,,,
30,Thu,2026-07-23 00:00:00,Converting ,Sterilizer EO,,,,,,,,,,0,0,Grand Total,,,0,0,,,,,
30,Fri,2026-07-24 00:00:00,Converting ,Sterilizer EO,,,,,,,,,,0,0,Grand Total,,,0,0,,,,,
30,Sat,2026-07-25 00:00:00,Converting ,Sterilizer EO,,,,,,,,,,0,0,Grand Total,,,0,0,,,,,
30,Sun,2026-07-26 00:00:00,Converting ,Sterilizer EO,,,,,,,,,,0,0,Grand Total,,,0,0,,,,,
31,Mon,2026-07-27 00:00:00,Converting ,Sterilizer EO,,,,,,,,,,0,0,Grand Total,,,0,0,,,,,
31,Tue,2026-07-28 00:00:00,Converting ,Sterilizer EO,,,,,,,,,,0,0,Grand Total,,,0,0,,,,,
31,Wed,2026-07-29 00:00:00,Converting ,Sterilizer EO,,,,,,,,,,0,0,Grand Total,,,0,0,,,,,
31,Thu,2026-07-30 00:00:00,Converting ,Sterilizer EO,,,,,,,,,,0,0,Grand Total,,,0,0,,,,,
31,Fri,2026-07-31 00:00:00,Converting ,Sterilizer EO,,,,,,,,,,0,0,Grand Total,,,0,0,,,,,
31,Sat,2026-08-01 00:00:00,Converting ,Sterilizer EO,,,,,,,,,,0,0,Grand Total,,,0,0,,,,,
31,Sun,2026-08-02 00:00:00,Converting ,Sterilizer EO,,,,,,,,,,0,0,Grand Total,,,0,0,,,,,
32,Mon,2026-08-03 00:00:00,Converting ,Sterilizer EO,,,,,,,,,,0,0,Grand Total,,,0,0,,,,,
32,Tue,2026-08-04 00:00:00,Converting ,Sterilizer EO,,,,,,,,,,0,0,Grand Total,,,0,0,,,,,
32,Wed,2026-08-05 00:00:00,Converting ,Sterilizer EO,,,,,,,,,,0,0,Grand Total,,,0,0,,,,,
32,Thu,2026-08-06 00:00:00,Converting ,Sterilizer EO,,,,,,,,,,0,0,Grand Total,,,0,0,,,,,
32,Fri,2026-08-07 00:00:00,Converting ,Sterilizer EO,,,,,,,,,,0,0,Grand Total,,,0,0,,,,,
32,Sat,2026-08-08 00:00:00,Converting ,Sterilizer EO,,,,,,,,,,0,0,Grand Total,,,0,0,,,,,
32,Sun,2026-08-09 00:00:00,Converting ,Sterilizer EO,,,,,,,,,,0,0,Grand Total,,,0,0,,,,,
33,Mon,2026-08-10 00:00:00,Converting ,Sterilizer EO,,,,,,,,,,0,0,Grand Total,,,0,0,,,,,
33,Tue,2026-08-11 00:00:00,Converting ,Sterilizer EO,,,,,,,,,,0,0,Grand Total,,,0,0,,,,,
33,Wed,2026-08-12 00:00:00,Converting ,Sterilizer EO,,,,,,,,,,0,0,Grand Total,,,0,0,,,,,
33,Thu,2026-08-13 00:00:00,Converting ,Sterilizer EO,,,,,,,,,,0,0,Grand Total,,,0,0,,,,,
33,Fri,2026-08-14 00:00:00,Converting ,Sterilizer EO,,,,,,,,,,0,0,Grand Total,,,0,0,,,,,
33,Sat,2026-08-15 00:00:00,Converting ,Sterilizer EO,,,,,,,,,,0,0,Grand Total,,,0,0,,,,,
33,Sun,2026-08-16 00:00:00,Converting ,Sterilizer EO,,,,,,,,,,0,0,Grand Total,,,0,0,,,,,
34,Mon,2026-08-17 00:00:00,Converting ,Sterilizer EO,,,,,,,,,,0,0,Grand Total,,,0,0,,,,,
34,Tue,2026-08-18 00:00:00,Converting ,Sterilizer EO,,,,,,,,,,0,0,Grand Total,,,0,0,,,,,
34,Wed,2026-08-19 00:00:00,Converting ,Sterilizer EO,,,,,,,,,,0,0,Grand Total,,,0,0,,,,,
34,Thu,2026-08-20 00:00:00,Converting ,Sterilizer EO,,,,,,,,,,0,0,Grand Total,,,0,0,,,,,
34,Fri,2026-08-21 00:00:00,Converting ,Sterilizer EO,,,,,,,,,,0,0,Grand Total,,,0,0,,,,,
34,Sat,2026-08-22 00:00:00,Converting ,Sterilizer EO,,,,,,,,,,0,0,Grand Total,,,0,0,,,,,
34,Sun,2026-08-23 00:00:00,Converting ,Sterilizer EO,,,,,,,,,,0,0,Grand Total,,,0,0,,,,,
35,Mon,2026-08-24 00:00:00,Converting ,Sterilizer EO,,,,,,,,,,0,0,Grand Total,,,0,0,,,,,
35,Tue,2026-08-25 00:00:00,Converting ,Sterilizer EO,,,,,,,,,,0,0,Grand Total,,,0,0,,,,,
35,Wed,2026-08-26 00:00:00,Converting ,Sterilizer EO,,,,,,,,,,0,0,Grand Total,,,0,0,,,,,
35,Thu,2026-08-27 00:00:00,Converting ,Sterilizer EO,,,,,,,,,,0,0,Grand Total,,,0,0,,,,,
35,Fri,2026-08-28 00:00:00,Converting ,Sterilizer EO,,,,,,,,,,0,0,Grand Total,,,0,0,,,,,
35,Sat,2026-08-29 00:00:00,Converting ,Sterilizer EO,,,,,,,,,,0,0,Grand Total,,,0,0,,,,,
35,Sun,2026-08-30 00:00:00,Converting ,Sterilizer EO,,,,,,,,,,0,0,Grand Total,,,0,0,,,,,
36,Mon,2026-08-31 00:00:00,Converting ,Sterilizer EO,,,,,,,,,,0,0,Grand Total,,,0,0,,,,,
36,Tue,2026-09-01 00:00:00,Converting ,Sterilizer EO,,,,,,,,,,0,0,Grand Total,,,0,0,,,,,
36,Wed,2026-09-02 00:00:00,Converting ,Sterilizer EO,,,,,,,,,,0,0,Grand Total,,,0,0,,,,,
36,Thu,2026-09-03 00:00:00,Converting ,Sterilizer EO,,,,,,,,,,0,0,Grand Total,,,0,0,,,,,
36,Fri,2026-09-04 00:00:00,Converting ,Sterilizer EO,,,,,,,,,,0,0,Grand Total,,,0,0,,,,,
36,Sat,2026-09-05 00:00:00,Converting ,Sterilizer EO,,,,,,,,,,0,0,Grand Total,,,0,0,,,,,
36,Sun,2026-09-06 00:00:00,Converting ,Sterilizer EO,,,,,,,,,,0,0,Grand Total,,,0,0,,,,,
37,Mon,2026-09-07 00:00:00,Converting ,Sterilizer EO,,,,,,,,,,0,0,Grand Total,,,0,0,,,,,
37,Tue,2026-09-08 00:00:00,Converting ,Sterilizer EO,,,,,,,,,,0,0,Grand Total,,,0,0,,,,,
37,Wed,2026-09-09 00:00:00,Converting ,Sterilizer EO,,,,,,,,,,0,0,Grand Total,,,0,0,,,,,
37,Thu,2026-09-10 00:00:00,Converting ,Sterilizer EO,,,,,,,,,,0,0,Grand Total,,,0,0,,,,,
37,Fri,2026-09-11 00:00:00,Converting ,Sterilizer EO,,,,,,,,,,0,0,Grand Total,,,0,0,,,,,
37,Sat,2026-09-12 00:00:00,Converting ,Sterilizer EO,,,,,,,,,,0,0,Grand Total,,,0,0,,,,,
37,Sun,2026-09-13 00:00:00,Converting ,Sterilizer EO,,,,,,,,,,0,0,Grand Total,,,0,0,,,,,
38,Mon,2026-09-14 00:00:00,Converting ,Sterilizer EO,,,,,,,,,,0,0,Grand Total,,,0,0,,,,,
38,Tue,2026-09-15 00:00:00,Converting ,Sterilizer EO,,,,,,,,,,0,0,Grand Total,,,0,0,,,,,
38,Wed,2026-09-16 00:00:00,Converting ,Sterilizer EO,,,,,,,,,,0,0,Grand Total,,,0,0,,,,,
38,Thu,2026-09-17 00:00:00,Converting ,Sterilizer EO,,,,,,,,,,0,0,Grand Total,,,0,0,,,,,
38,Fri,2026-09-18 00:00:00,Converting ,Sterilizer EO,,,,,,,,,,0,0,Grand Total,,,0,0,,,,,
38,Sat,2026-09-19 00:00:00,Converting ,Sterilizer EO,,,,,,,,,,0,0,Grand Total,,,0,0,,,,,
38,Sun,2026-09-20 00:00:00,Converting ,Sterilizer EO,,,,,,,,,,0,0,Grand Total,,,0,0,,,,,
39,Mon,2026-09-21 00:00:00,Converting ,Sterilizer EO,,,,,,,,,,0,0,Grand Total,,,0,0,,,,,
39,Tue,2026-09-22 00:00:00,Converting ,Sterilizer EO,,,,,,,,,,0,0,Grand Total,,,0,0,,,,,
39,Thu,2026-09-24 00:00:00,Converting ,Sterilizer EO,,,,,,,,,,0,0,Grand Total,,,0,0,,,,,
39,Fri,2026-09-25 00:00:00,Converting ,Sterilizer EO,,,,,,,,,,0,0,Grand Total,,,0,0,,,,,
39,Sat,2026-09-26 00:00:00,Converting ,Sterilizer EO,,,,,,,,,,0,0,Grand Total,,,0,0,,,,,
39,Sun,2026-09-27 00:00:00,Converting ,Sterilizer EO,,,,,,,,,,0,0,Grand Total,,,0,0,,,,,
40,Mon,2026-09-28 00:00:00,Converting ,Sterilizer EO,,,,,,,,,,0,0,Grand Total,,,0,0,,,,,
40,Tue,2026-09-29 00:00:00,Converting ,Sterilizer EO,,,,,,,,,,0,0,Grand Total,,,0,0,,,,,
40,Wed,2026-09-30 00:00:00,Converting ,Sterilizer EO,,,,,,,,,,0,0,Grand Total,,,0,0,,,,,
40,Thu,2026-10-01 00:00:00,Converting ,Sterilizer EO,,,,,,,,,,0,0,Grand Total,,,0,0,,,,,
40,Fri,2026-10-02 00:00:00,Converting ,Sterilizer EO,,,,,,,,,,0,0,Grand Total,,,0,0,,,,,
40,Sat,2026-10-03 00:00:00,Converting ,Sterilizer EO,,,,,,,,,,0,0,Grand Total,,,0,0,,,,,
40,Sun,2026-10-04 00:00:00,Converting ,Sterilizer EO,,,,,,,,,,0,0,Grand Total,,,0,0,,,,,
41,Mon,2026-10-05 00:00:00,Converting ,Sterilizer EO,,,,,,,,,,0,0,Grand Total,,,0,0,,,,,
41,Tue,2026-10-06 00:00:00,Converting ,Sterilizer EO,,,,,,,,,,0,0,Grand Total,,,0,0,,,,,
41,Wed,2026-10-07 00:00:00,Converting ,Sterilizer EO,,,,,,,,,,0,0,Grand Total,,,0,0,,,,,
41,Thu,2026-10-08 00:00:00,Converting ,Sterilizer EO,,,,,,,,,,0,0,Grand Total,,,0,0,,,,,
41,Fri,2026-10-09 00:00:00,Converting ,Sterilizer EO,,,,,,,,,,0,0,Grand Total,,,0,0,,,,,
41,Sat,2026-10-10 00:00:00,Converting ,Sterilizer EO,,,,,,,,,,0,0,Grand Total,,,0,0,,,,,
41,Sun,2026-10-11 00:00:00,Converting ,Sterilizer EO,,,,,,,,,,0,0,Grand Total,,,0,0,,,,,
42,Mon,2026-10-12 00:00:00,Converting ,Sterilizer EO,,,,,,,,,,0,0,Grand Total,,,0,0,,,,,
42,Tue,2026-10-13 00:00:00,Converting ,Sterilizer EO,,,,,,,,,,0,0,Grand Total,,,0,0,,,,,
42,Wed,2026-10-14 00:00:00,Converting ,Sterilizer EO,,,,,,,,,,0,0,Grand Total,,,0,0,,,,,
42,Thu,2026-10-15 00:00:00,Converting ,Sterilizer EO,,,,,,,,,,0,0,Grand Total,,,0,0,,,,,
42,Fri,2026-10-16 00:00:00,Converting ,Sterilizer EO,,,,,,,,,,0,0,Grand Total,,,0,0,,,,,
42,Sat,2026-10-17 00:00:00,Converting ,Sterilizer EO,,,,,,,,,,0,0,Grand Total,,,0,0,,,,,
42,Sun,2026-10-18 00:00:00,Converting ,Sterilizer EO,,,,,,,,,,0,0,Grand Total,,,0,0,,,,,
43,Mon,2026-10-19 00:00:00,Converting ,Sterilizer EO,,,,,,,,,,0,0,Grand Total,,,0,0,,,,,
43,Tue,2026-10-20 00:00:00,Converting ,Sterilizer EO,,,,,,,,,,0,0,Grand Total,,,0,0,,,,,
43,Wed,2026-10-21 00:00:00,Converting ,Sterilizer EO,,,,,,,,,,0,0,Grand Total,,,0,0,,,,,
43,Thu,2026-10-22 00:00:00,Converting ,Sterilizer EO,,,,,,,,,,0,0,Grand Total,,,0,0,,,,,
43,Fri,2026-10-23 00:00:00,Converting ,Sterilizer EO,,,,,,,,,,0,0,Grand Total,,,0,0,,,,,
43,Sat,2026-10-24 00:00:00,Converting ,Sterilizer EO,,,,,,,,,,0,0,Grand Total,,,0,0,,,,,
43,Sun,2026-10-25 00:00:00,Converting ,Sterilizer EO,,,,,,,,,,0,0,Grand Total,,,0,0,,,,,
44,Mon,2026-10-26 00:00:00,Converting ,Sterilizer EO,,,,,,,,,,0,0,Grand Total,,,0,0,,,,,
44,Tue,2026-10-27 00:00:00,Converting ,Sterilizer EO,,,,,,,,,,0,0,Grand Total,,,0,0,,,,,
44,Wed,2026-10-28 00:00:00,Converting ,Sterilizer EO,,,,,,,,,,0,0,Grand Total,,,0,0,,,,,
44,Thu,2026-10-29 00:00:00,Converting ,Sterilizer EO,,,,,,,,,,0,0,Grand Total,,,0,0,,,,,
44,Fri,2026-10-30 00:00:00,Converting ,Sterilizer EO,,,,,,,,,,0,0,Grand Total,,,0,0,,,,,
44,Sat,2026-10-31 00:00:00,Converting ,Sterilizer EO,,,,,,,,,,0,0,Grand Total,,,0,0,,,,,
44,Sun,2026-11-01 00:00:00,Converting ,Sterilizer EO,,,,,,,,,,0,0,Grand Total,,,0,0,,,,,
45,Mon,2026-11-02 00:00:00,Converting ,Sterilizer EO,,,,,,,,,,0,0,Grand Total,,,0,0,,,,,
45,Tue,2026-11-03 00:00:00,Converting ,Sterilizer EO,,,,,,,,,,0,0,Grand Total,,,0,0,,,,,
45,Wed,2026-11-04 00:00:00,Converting ,Sterilizer EO,,,,,,,,,,0,0,Grand Total,,,0,0,,,,,
45,Thu,2026-11-05 00:00:00,Converting ,Sterilizer EO,,,,,,,,,,0,0,Grand Total,,,0,0,,,,,
45,Fri,2026-11-06 00:00:00,Converting ,Sterilizer EO,,,,,,,,,,0,0,Grand Total,,,0,0,,,,,
45,Sat,2026-11-07 00:00:00,Converting ,Sterilizer EO,,,,,,,,,,0,0,Grand Total,,,0,0,,,,,
45,Sun,2026-11-08 00:00:00,Converting ,Sterilizer EO,,,,,,,,,,0,0,Grand Total,,,0,0,,,,,
46,Mon,2026-11-09 00:00:00,Converting ,Sterilizer EO,,,,,,,,,,0,0,Grand Total,,,0,0,,,,,
46,Tue,2026-11-10 00:00:00,Converting ,Sterilizer EO,,,,,,,,,,0,0,Grand Total,,,0,0,,,,,
46,Wed,2026-11-11 00:00:00,Converting ,Sterilizer EO,,,,,,,,,,0,0,Grand Total,,,0,0,,,,,
46,Thu,2026-11-12 00:00:00,Converting ,Sterilizer EO,,,,,,,,,,0,0,Grand Total,,,0,0,,,,,
46,Fri,2026-11-13 00:00:00,Converting ,Sterilizer EO,,,,,,,,,,0,0,Grand Total,,,0,0,,,,,
46,Sat,2026-11-14 00:00:00,Converting ,Sterilizer EO,,,,,,,,,,0,0,Grand Total,,,0,0,,,,,
46,Sun,2026-11-15 00:00:00,Converting ,Sterilizer EO,,,,,,,,,,0,0,Grand Total,,,0,0,,,,,
47,Mon,2026-11-16 00:00:00,Converting ,Sterilizer EO,,,,,,,,,,0,0,Grand Total,,,0,0,,,,,
47,Tue,2026-11-17 00:00:00,Converting ,Sterilizer EO,,,,,,,,,,0,0,Grand Total,,,0,0,,,,,
47,Wed,2026-11-18 00:00:00,Converting ,Sterilizer EO,,,,,,,,,,0,0,Grand Total,,,0,0,,,,,
47,Thu,2026-11-19 00:00:00,Converting ,Sterilizer EO,,,,,,,,,,0,0,Grand Total,,,0,0,,,,,
47,Fri,2026-11-20 00:00:00,Converting ,Sterilizer EO,,,,,,,,,,0,0,Grand Total,,,0,0,,,,,
47,Sat,2026-11-21 00:00:00,Converting ,Sterilizer EO,,,,,,,,,,0,0,Grand Total,,,0,0,,,,,
47,Sun,2026-11-22 00:00:00,Converting ,Sterilizer EO,,,,,,,,,,0,0,Grand Total,,,0,0,,,,,
48,Mon,2026-11-23 00:00:00,Converting ,Sterilizer EO,,,,,,,,,,0,0,Grand Total,,,0,0,,,,,
48,Tue,2026-11-24 00:00:00,Converting ,Sterilizer EO,,,,,,,,,,0,0,Grand Total,,,0,0,,,,,
48,Wed,2026-11-25 00:00:00,Converting ,Sterilizer EO,,,,,,,,,,0,0,Grand Total,,,0,0,,,,,
48,Thu,2026-11-26 00:00:00,Converting ,Sterilizer EO,,,,,,,,,,0,0,Grand Total,,,0,0,,,,,
48,Fri,2026-11-27 00:00:00,Converting ,Sterilizer EO,,,,,,,,,,0,0,Grand Total,,,0,0,,,,,
48,Sat,2026-11-28 00:00:00,Converting ,Sterilizer EO,,,,,,,,,,0,0,Grand Total,,,0,0,,,,,
48,Sun,2026-11-29 00:00:00,Converting ,Sterilizer EO,,,,,,,,,,0,0,Grand Total,,,0,0,,,,,
49,Mon,2026-11-30 00:00:00,Converting ,Sterilizer EO,,,,,,,,,,0,0,Grand Total,,,0,0,,,,,
49,Tue,2026-12-01 00:00:00,Converting ,Sterilizer EO,,,,,,,,,,0,0,Grand Total,,,0,0,,,,,
49,Wed,2026-12-02 00:00:00,Converting ,Sterilizer EO,,,,,,,,,,0,0,Grand Total,,,0,0,,,,,
49,Thu,2026-12-03 00:00:00,Converting ,Sterilizer EO,,,,,,,,,,0,0,Grand Total,,,0,0,,,,,
49,Fri,2026-12-04 00:00:00,Converting ,Sterilizer EO,,,,,,,,,,0,0,Grand Total,,,0,0,,,,,
49,Sat,2026-12-05 00:00:00,Converting ,Sterilizer EO,,,,,,,,,,0,0,Grand Total,,,0,0,,,,,
49,Sun,2026-12-06 00:00:00,Converting ,Sterilizer EO,,,,,,,,,,0,0,Grand Total,,,0,0,,,,,
50,Mon,2026-12-07 00:00:00,Converting ,Sterilizer EO,,,,,,,,,,0,0,Grand Total,,,0,0,,,,,
50,Tue,2026-12-08 00:00:00,Converting ,Sterilizer EO,,,,,,,,,,0,0,Grand Total,,,0,0,,,,,
50,Wed,2026-12-09 00:00:00,Converting ,Sterilizer EO,,,,,,,,,,0,0,Grand Total,,,0,0,,,,,
50,Thu,2026-12-10 00:00:00,Converting ,Sterilizer EO,,,,,,,,,,0,0,Grand Total,,,0,0,,,,,
50,Fri,2026-12-11 00:00:00,Converting ,Sterilizer EO,,,,,,,,,,0,0,Grand Total,,,0,0,,,,,
50,Sat,2026-12-12 00:00:00,Converting ,Sterilizer EO,,,,,,,,,,0,0,Grand Total,,,0,0,,,,,
50,Sun,2026-12-13 00:00:00,Converting ,Sterilizer EO,,,,,,,,,,0,0,Grand Total,,,0,0,,,,,
51,Mon,2026-12-14 00:00:00,Converting ,Sterilizer EO,,,,,,,,,,0,0,Grand Total,,,0,0,,,,,
51,Tue,2026-12-15 00:00:00,Converting ,Sterilizer EO,,,,,,,,,,0,0,Grand Total,,,0,0,,,,,
51,Wed,2026-12-16 00:00:00,Converting ,Sterilizer EO,,,,,,,,,,0,0,Grand Total,,,0,0,,,,,
51,Thu,2026-12-17 00:00:00,Converting ,Sterilizer EO,,,,,,,,,,0,0,Grand Total,,,0,0,,,,,
51,Fri,2026-12-18 00:00:00,Converting ,Sterilizer EO,,,,,,,,,,0,0,Grand Total,,,0,0,,,,,
51,Sat,2026-12-19 00:00:00,Converting ,Sterilizer EO,,,,,,,,,,0,0,Grand Total,,,0,0,,,,,
51,Sun,2026-12-20 00:00:00,Converting ,Sterilizer EO,,,,,,,,,,0,0,Grand Total,,,0,0,,,,,
52,Mon,2026-12-21 00:00:00,Converting ,Sterilizer EO,,,,,,,,,,0,0,Grand Total,,,0,0,,,,,
52,Tue,2026-12-22 00:00:00,Converting ,Sterilizer EO,,,,,,,,,,0,0,Grand Total,,,0,0,,,,,
52,Wed,2026-12-23 00:00:00,Converting ,Sterilizer EO,,,,,,,,,,0,0,Grand Total,,,0,0,,,,,
52,Thu,2026-12-24 00:00:00,Converting ,Sterilizer EO,,,,,,,,,,0,0,Grand Total,,,0,0,,,,,
52,Fri,2026-12-25 00:00:00,Converting ,Sterilizer EO,,,,,,,,,,0,0,Grand Total,,,0,0,,,,,
52,Sat,2026-12-26 00:00:00,Converting ,Sterilizer EO,,,,,,,,,,0,0,Grand Total,,,0,0,,,,,
52,Sun,2026-12-27 00:00:00,Converting ,Sterilizer EO,,,,,,,,,,0,0,Grand Total,,,0,0,,,,,
53,Mon,2026-12-28 00:00:00,Converting ,Sterilizer EO,,,,,,,,,,0,0,Grand Total,,,0,0,,,,,
53,Tue,2026-12-29 00:00:00,Converting ,Sterilizer EO,,,,,,,,,,0,0,Grand Total,,,0,0,,,,,
53,Wed,2026-12-30 00:00:00,Converting ,Sterilizer EO,,,,,,,,,,0,0,Grand Total,,,0,0,,,,,
53,Thu,2026-12-31 00:00:00,Converting ,Sterilizer EO,,,,,,,,,,0,0,Grand Total,,,0,0,,,,,
