Week,Day,Date,Dept,Line/Machine,Finished Goods,Mfg or Quality Release,Part Number,Lot Numbers,ABW Hours,Plan Hours,Wo Qty,Planned Qty,UOM,Planned Revenue,Planned Profit,Grand T,Actual Man Hours,Act Qty,Actual Revenue,Actual Profit,Can Make,Reason,Comments,HC Required,Actual
1,Thu,2026-01-01 00:00:00,Filling,Bottle Line ,,,,,,,,,,0,0,Grand Total,,,0,0,,,,,
1,Fri,2026-01-02 00:00:00,Filling,Bottle Line ,,,,,,,,,,0,0,Grand Total,,,0,0,,,,,
1,Tue,2023-01-03 00:00:00,Filling,Bottle Line ,,,,,,,,,,0,0,Grand Total,,,0,0,,,,,
1,Sun,2026-01-04 00:00:00,Filling,Bottle Line ,,,,,,,,,,0,0,Grand Total,,,0,0,,,,,
2,Mon,2026-01-05 00:00:00,Filling,Bottle Line ,Yes,Non Sterile,7560,53913,,7,15000,2450,EA,4165,3088.3426,Grand Total,49,2856,4855.2,3600.125088,,,,,
2,Tue,2026-01-06 00:00:00,Filling,Bottle Line ,Yes,Non Sterile,7560,53913,,7,15000,2450,EA,4165,3088.3426,Grand Total,49,3279,5574.3,4133.336892,,,,,
2,Wed,2026-01-07 00:00:00,Filling,Bottle Line ,Yes,Non Sterile,7560,53913,,7,15000,2450,EA,4165,3088.3426,Grand Total,45,2983,5071.099999999999,3760.214684,,,,,
2,Thu,2026-01-08 00:00:00,Filling,Bottle Line ,Yes,Non Sterile,7560,53913,,5,15000,1700,EA,2890,2142.9316,Grand Total,66,5774,9815.8,7278.404152,,,,,
2,Fri,2026-01-09 00:00:00,Filling,Bottle Line ,,,,,,,,,,0,0,Grand Total,,,0,0,,,,,
2,Sat,2026-01-10 00:00:00,Filling,Bottle Line ,,,,,,,,,,0,0,Grand Total,,,0,0,,,,,
2,Sun,2026-01-11 00:00:00,Filling,Bottle Line ,,,,,,,,,,0,0,Grand Total,,,0,0,,,,,
3,Mon,2026-01-12 00:00:00,Filling,Bottle Line ,,,,,,,,,,0,0,Grand Total,,,0,0,,,,,
3,Tue,2026-01-13 00:00:00,Filling,Bottle Line ,,,,,,,,,,0,0,Grand Total,,,0,0,,,,,
3,Wed,2026-01-14 00:00:00,Filling,Bottle Line ,,,,,,,,,,0,0,Grand Total,,,0,0,,,,,
3,Thu,2026-01-15 00:00:00,Filling,Bottle Line ,,,,,,,,,,0,0,Grand Total,,,0,0,,,,,
3,Fri,2026-01-16 00:00:00,Filling,Bottle Line ,Yes,Non Sterile,7561,53912,,14,15000,6400,EA,10048,8219.9872,Grand Total,28,1272,1997.0400000000002,1633.722456,,,,,
3,Sat,2026-01-17 00:00:00,Filling,Bottle Line ,,,,,,,,,,0,0,Grand Total,,,0,0,,,,,
3,Sun,2026-01-18 00:00:00,Filling,Bottle Line ,,,,,,,,,,0,0,Grand Total,,,0,0,,,,,
4,Mon,2026-01-19 00:00:00,Filling,Bottle Line ,Yes,Non Sterile,7561,53912,,7,15000,4480,EA,7033.6,5753.99104,Grand Total,90,8832,13866.24,11343.582336,,,,,
4,Tue,2026-01-20 00:00:00,Filling,Bottle Line ,Yes,Non Sterile,7561,53912,,7,15000,4120,EA,6468.400000000001,5291.61676,Grand Total,56,4632,7272.240000000001,5949.215736,,,,,
4,Wed,2026-01-21 00:00:00,Filling,Bottle Line ,,,,,,,,,,0,0,Grand Total,,,0,0,,,,,
4,Thu,2026-01-22 00:00:00,Filling,Bottle Line ,,,,PM,,,,,,0,0,Grand Total,,,0,0,,,,,
4,Fri,2026-01-23 00:00:00,Filling,Bottle Line ,Yes,Non Sterile,6370,54364,,14,90000,9600,EA,17077.44,1603.372799999999,Grand Total,84,12394,22047.686599999997,2070.0210919999986,,,,,
4,Sat,2026-01-24 00:00:00,Filling,Bottle Line ,,,,,,,,,,0,0,Grand Total,,,0,0,,,,,
4,Sun,2026-01-25 00:00:00,Filling,Bottle Line ,,,,,,,,,,0,0,Grand Total,,,0,0,,,,,
5,Mon,2026-01-26 00:00:00,Filling,Bottle Line ,Yes,Non Sterile,6370,54364,,14,90000,16800,EA,29885.52,2805.902399999998,Grand Total,127,19475,34644.0775,3252.6755499999977,,,,,
5,Tue,2026-01-27 00:00:00,Filling,Bottle Line ,Yes,Non Sterile,6370,54364,,14,90000,16800,EA,29885.52,2805.902399999998,Grand Total,72,8225,14631.4525,1373.7230499999991,,,,,
5,Wed,2026-01-28 00:00:00,Filling,Bottle Line ,Yes,Non Sterile,6370,54364,,14,90000,16800,EA,29885.52,2805.902399999998,Grand Total,,,0,0,,,,,
5,Thu,2026-01-29 00:00:00,Filling,Bottle Line ,Yes,Non Sterile,6370,54364,,14,90000,16800,EA,29885.52,2805.902399999998,Grand Total,,,0,0,,,,,
5,Fri,2026-01-30 00:00:00,Filling,Bottle Line ,Yes,Non Sterile,6370,54364,,11,90000,13200,EA,23481.48,2204.6375999999987,Grand Total,,,0,0,,,,,
5,Sat,2026-01-31 00:00:00,Filling,Bottle Line ,,,,,,,,,,0,0,Grand Total,,,0,0,,,,,
5,Sun,2026-02-01 00:00:00,Filling,Bottle Line ,,,,,,,,,,0,0,Grand Total,,,0,0,,,,,
6,Mon,2026-02-02 00:00:00,Filling,Bottle Line ,Yes,Non Sterile,6370,54789,,14,30000,14400,EA,25616.16,2405.0591999999983,Grand Total,,,0,0,,,,,
6,Tue,2026-02-03 00:00:00,Filling,Bottle Line ,Yes,Non Sterile,6370,54789,,13,30000,15600,EA,27750.84,2605.4807999999985,Grand Total,,,0,0,,,,,
6,Wed,2026-02-04 00:00:00,Filling,Bottle Line ,,,,,,,,,,0,0,Grand Total,,,0,0,,,,,
6,Thu,2026-02-05 00:00:00,Filling,Bottle Line ,,,,,,,,,,0,0,Grand Total,,,0,0,,,,,
6,Fri,2026-02-06 00:00:00,Filling,Bottle Line ,,,,,,,,,,0,0,Grand Total,,,0,0,,,,,
6,Sat,2026-02-07 00:00:00,Filling,Bottle Line ,,,,,,,,,,0,0,Grand Total,,,0,0,,,,,
6,Sun,2026-02-08 00:00:00,Filling,Bottle Line ,,,,,,,,,,0,0,Grand Total,,,0,0,,,,,
7,Mon,2026-02-09 00:00:00,Filling,Bottle Line ,,,,,,,,,,0,0,Grand Total,,,0,0,,,,,
7,Tue,2026-02-10 00:00:00,Filling,Bottle Line ,,,,,,,,,,0,0,Grand Total,,,0,0,,,,,
7,Wed,2026-02-11 00:00:00,Filling,Bottle Line ,,,,,,,,,,0,0,Grand Total,,,0,0,,,,,
7,Thu,2026-02-12 00:00:00,Filling,Bottle Line ,,,,,,,,,,0,0,Grand Total,,,0,0,,,,,
7,Fri,2026-02-13 00:00:00,Filling,Bottle Line ,,,,,,,,,,0,0,Grand Total,,,0,0,,,,,
7,Sat,2026-02-14 00:00:00,Filling,Bottle Line ,,,,,,,,,,0,0,Grand Total,,,0,0,,,,,
7,Sun,2026-02-15 00:00:00,Filling,Bottle Line ,,,,,,,,,,0,0,Grand Total,,,0,0,,,,,
8,Mon,2026-02-16 00:00:00,Filling,Bottle Line ,,,,,,,,,,0,0,Grand Total,,,0,0,,,,,
8,Tue,2026-02-17 00:00:00,Filling,Bottle Line ,,,,,,,,,,0,0,Grand Total,,,0,0,,,,,
8,Wed,2026-02-18 00:00:00,Filling,Bottle Line ,,,,PM,,,,,,0,0,Grand Total,,,0,0,,,,,
8,Thu,2026-02-19 00:00:00,Filling,Bottle Line ,,,,,,,,,,0,0,Grand Total,,,0,0,,,,,
8,Fri,2026-02-20 00:00:00,Filling,Bottle Line ,,,,,,,,,,0,0,Grand Total,,,0,0,,,,,
8,Sat,2026-02-21 00:00:00,Filling,Bottle Line ,,,,,,,,,,0,0,Grand Total,,,0,0,,,,,
8,Sun,2026-02-22 00:00:00,Filling,Bottle Line ,,,,,,,,,,0,0,Grand Total,,,0,0,,,,,
9,Mon,2026-02-23 00:00:00,Filling,Bottle Line ,,,,,,,,,,0,0,Grand Total,,,0,0,,,,,
9,Tue,2026-02-24 00:00:00,Filling,Bottle Line ,,,,,,,,,,0,0,Grand Total,,,0,0,,,,,
9,Wed,2026-02-25 00:00:00,Filling,Bottle Line ,,,,,,,,,,0,0,Grand Total,,,0,0,,,,,
9,Thu,2026-02-26 00:00:00,Filling,Bottle Line ,,,,,,,,,,0,0,Grand Total,,,0,0,,,,,
9,Fri,2026-02-27 00:00:00,Filling,Bottle Line ,,,,,,,,,,0,0,Grand Total,,,0,0,,,,,
9,Sat,2026-02-28 00:00:00,Filling,Bottle Line ,,,,,,,,,,0,0,Grand Total,,,0,0,,,,,
9,Sun,2026-03-01 00:00:00,Filling,Bottle Line ,,,,,,,,,,0,0,Grand Total,,,0,0,,,,,
10,Mon,2026-03-02 00:00:00,Filling,Bottle Line ,,,,,,,,,,0,0,Grand Total,,,0,0,,,,,
10,Tue,2026-03-03 00:00:00,Filling,Bottle Line ,,,,,,,,,,0,0,Grand Total,,,0,0,,,,,
10,Wed,2026-03-04 00:00:00,Filling,Bottle Line ,,,,,,,,,,0,0,Grand Total,,,0,0,,,,,
10,Thu,2026-03-05 00:00:00,Filling,Bottle Line ,,,,,,,,,,0,0,Grand Total,,,0,0,,,,,
10,Fri,2026-03-06 00:00:00,Filling,Bottle Line ,,,,,,,,,,0,0,Grand Total,,,0,0,,,,,
10,Sat,2026-03-07 00:00:00,Filling,Bottle Line ,,,,,,,,,,0,0,Grand Total,,,0,0,,,,,
10,Sun,2026-03-08 00:00:00,Filling,Bottle Line ,,,,,,,,,,0,0,Grand Total,,,0,0,,,,,
11,Mon,2026-03-09 00:00:00,Filling,Bottle Line ,,,,,,,,,,0,0,Grand Total,,,0,0,,,,,
11,Tue,2026-03-10 00:00:00,Filling,Bottle Line ,,,,,,,,,,0,0,Grand Total,,,0,0,,,,,
11,Wed,2026-03-11 00:00:00,Filling,Bottle Line ,,,,,,,,,,0,0,Grand Total,,,0,0,,,,,
11,Thu,2026-03-12 00:00:00,Filling,Bottle Line ,,,,,,,,,,0,0,Grand Total,,,0,0,,,,,
11,Fri,2026-03-13 00:00:00,Filling,Bottle Line ,,,,,,,,,,0,0,Grand Total,,,0,0,,,,,
11,Sat,2026-03-14 00:00:00,Filling,Bottle Line ,,,,,,,,,,0,0,Grand Total,,,0,0,,,,,
11,Sun,2026-03-15 00:00:00,Filling,Bottle Line ,,,,,,,,,,0,0,Grand Total,,,0,0,,,,,
12,Mon,2026-03-16 00:00:00,Filling,Bottle Line ,,,,,,,,,,0,0,Grand Total,,,0,0,,,,,
12,Tue,2026-03-17 00:00:00,Filling,Bottle Line ,,,,,,,,,,0,0,Grand Total,,,0,0,,,,,
12,Wed,2026-03-18 00:00:00,Filling,Bottle Line ,,,,,,,,,,0,0,Grand Total,,,0,0,,,,,
12,Thu,2026-03-19 00:00:00,Filling,Bottle Line ,,,,,,,,,,0,0,Grand Total,,,0,0,,,,,
12,Fri,2026-03-20 00:00:00,Filling,Bottle Line ,,,,,,,,,,0,0,Grand Total,,,0,0,,,,,
12,Sat,2026-03-21 00:00:00,Filling,Bottle Line ,,,,,,,,,,0,0,Grand Total,,,0,0,,,,,
12,Sun,2026-03-22 00:00:00,Filling,Bottle Line ,,,,,,,,,,0,0,Grand Total,,,0,0,,,,,
13,Mon,2026-03-23 00:00:00,Filling,Bottle Line ,,,,,,,,,,0,0,Grand Total,,,0,0,,,,,
13,Tue,2026-03-24 00:00:00,Filling,Bottle Line ,,,,,,,,,,0,0,Grand Total,,,0,0,,,,,
13,Wed,2026-03-25 00:00:00,Filling,Bottle Line ,,,,,,,,,,0,0,Grand Total,,,0,0,,,,,
13,Thu,2026-03-26 00:00:00,Filling,Bottle Line ,,,,,,,,,,0,0,Grand Total,,,0,0,,,,,
13,Fri,2026-03-27 00:00:00,Filling,Bottle Line ,,,,,,,,,,0,0,Grand Total,,,0,0,,,,,
13,Sat,2026-03-28 00:00:00,Filling,Bottle Line ,,,,,,,,,,0,0,Grand Total,,,0,0,,,,,
13,Sun,2026-03-29 00:00:00,Filling,Bottle Line ,,,,,,,,,,0,0,Grand Total,,,0,0,,,,,
14,Mon,2026-03-30 00:00:00,Filling,Bottle Line ,,,,,,,,,,0,0,Grand Total,,,0,0,,,,,
14,Tue,2026-03-31 00:00:00,Filling,Bottle Line ,,,,,,,,,,0,0,Grand Total,,,0,0,,,,,
14,Wed,2026-04-01 00:00:00,Filling,Bottle Line ,,,,,,,,,,0,0,Grand Total,,,0,0,,,,,
14,Thu,2026-04-02 00:00:00,Filling,Bottle Line ,,,,,,,,,,0,0,Grand Total,,,0,0,,,,,
14,Fri,2026-04-03 00:00:00,Filling,Bottle Line ,,,,,,,,,,0,0,Grand Total,,,0,0,,,,,
14,Sat,2026-04-04 00:00:00,Filling,Bottle Line ,,,,,,,,,,0,0,Grand Total,,,0,0,,,,,
14,Sun,2026-04-05 00:00:00,Filling,Bottle Line ,,,,,,,,,,0,0,Grand Total,,,0,0,,,,,
15,Mon,2026-04-06 00:00:00,Filling,Bottle Line ,,,,,,,,,,0,0,Grand Total,,,0,0,,,,,
15,Tue,2026-04-07 00:00:00,Filling,Bottle Line ,,,,,,,,,,0,0,Grand Total,,,0,0,,,,,
15,Wed,2026-04-08 00:00:00,Filling,Bottle Line ,,,,,,,,,,0,0,Grand Total,,,0,0,,,,,
15,Thu,2026-04-09 00:00:00,Filling,Bottle Line ,,,,,,,,,,0,0,Grand Total,,,0,0,,,,,
15,Fri,2026-04-10 00:00:00,Filling,Bottle Line ,,,,,,,,,,0,0,Grand Total,,,0,0,,,,,
15,Sat,2026-04-11 00:00:00,Filling,Bottle Line ,,,,,,,,,,0,0,Grand Total,,,0,0,,,,,
15,Sun,2026-04-12 00:00:00,Filling,Bottle Line ,,,,,,,,,,0,0,Grand Total,,,0,0,,,,,
16,Mon,2026-04-13 00:00:00,Filling,Bottle Line ,,,,,,,,,,0,0,Grand Total,,,0,0,,,,,
16,Tue,2026-04-14 00:00:00,Filling,Bottle Line ,,,,,,,,,,0,0,Grand Total,,,0,0,,,,,
16,Wed,2026-04-15 00:00:00,Filling,Bottle Line ,,,,,,,,,,0,0,Grand Total,,,0,0,,,,,
16,Thu,2026-04-16 00:00:00,Filling,Bottle Line ,,,,,,,,,,0,0,Grand Total,,,0,0,,,,,
16,Fri,2026-04-17 00:00:00,Filling,Bottle Line ,,,,,,,,,,0,0,Grand Total,,,0,0,,,,,
16,Sat,2026-04-18 00:00:00,Filling,Bottle Line ,,,,,,,,,,0,0,Grand Total,,,0,0,,,,,
16,Sun,2026-04-19 00:00:00,Filling,Bottle Line ,,,,,,,,,,0,0,Grand Total,,,0,0,,,,,
17,Mon,2026-04-20 00:00:00,Filling,Bottle Line ,,,,,,,,,,0,0,Grand Total,,,0,0,,,,,
17,Tue,2026-04-21 00:00:00,Filling,Bottle Line ,,,,,,,,,,0,0,Grand Total,,,0,0,,,,,
17,Wed,2026-04-22 00:00:00,Filling,Bottle Line ,,,,,,,,,,0,0,Grand Total,,,0,0,,,,,
17,Thu,2026-04-23 00:00:00,Filling,Bottle Line ,,,,,,,,,,0,0,Grand Total,,,0,0,,,,,
17,Fri,2026-04-24 00:00:00,Filling,Bottle Line ,,,,,,,,,,0,0,Grand Total,,,0,0,,,,,
17,Sat,2026-04-25 00:00:00,Filling,Bottle Line ,,,,,,,,,,0,0,Grand Total,,,0,0,,,,,
17,Sun,2026-04-26 00:00:00,Filling,Bottle Line ,,,,,,,,,,0,0,Grand Total,,,0,0,,,,,
18,Mon,2026-04-27 00:00:00,Filling,Bottle Line ,,,,,,,,,,0,0,Grand Total,,,0,0,,,,,
18,Tue,2026-04-28 00:00:00,Filling,Bottle Line ,,,,,,,,,,0,0,Grand Total,,,0,0,,,,,
18,Wed,2026-04-29 00:00:00,Filling,Bottle Line ,,,,,,,,,,0,0,Grand Total,,,0,0,,,,,
18,Thu,2026-04-30 00:00:00,Filling,Bottle Line ,,,,,,,,,,0,0,Grand Total,,,0,0,,,,,
18,Fri,2026-05-01 00:00:00,Filling,Bottle Line ,,,,,,,,,,0,0,Grand Total,,,0,0,,,,,
18,Sat,2026-05-02 00:00:00,Filling,Bottle Line ,,,,,,,,,,0,0,Grand Total,,,0,0,,,,,
18,Sun,2026-05-03 00:00:00,Filling,Bottle Line ,,,,,,,,,,0,0,Grand Total,,,0,0,,,,,
19,Mon,2026-05-04 00:00:00,Filling,Bottle Line ,,,,,,,,,,0,0,Grand Total,,,0,0,,,,,
19,Tue,2026-05-05 00:00:00,Filling,Bottle Line ,,,,,,,,,,0,0,Grand Total,,,0,0,,,,,
19,Wed,2026-05-06 00:00:00,Filling,Bottle Line ,,,,,,,,,,0,0,Grand Total,,,0,0,,,,,
19,Thu,2026-05-07 00:00:00,Filling,Bottle Line ,,,,,,,,,,0,0,Grand Total,,,0,0,,,,,
19,Fri,2026-05-08 00:00:00,Filling,Bottle Line ,,,,,,,,,,0,0,Grand Total,,,0,0,,,,,
19,Sat,2026-05-09 00:00:00,Filling,Bottle Line ,,,,,,,,,,0,0,Grand Total,,,0,0,,,,,
19,Sun,2026-05-10 00:00:00,Filling,Bottle Line ,,,,,,,,,,0,0,Grand Total,,,0,0,,,,,
20,Mon,2026-05-11 00:00:00,Filling,Bottle Line ,,,,,,,,,,0,0,Grand Total,,,0,0,,,,,
20,Tue,2026-05-12 00:00:00,Filling,Bottle Line ,,,,,,,,,,0,0,Grand Total,,,0,0,,,,,
20,Wed,2026-05-13 00:00:00,Filling,Bottle Line ,,,,,,,,,,0,0,Grand Total,,,0,0,,,,,
20,Thu,2026-05-14 00:00:00,Filling,Bottle Line ,,,,,,,,,,0,0,Grand Total,,,0,0,,,,,
20,Fri,2026-05-15 00:00:00,Filling,Bottle Line ,,,,,,,,,,0,0,Grand Total,,,0,0,,,,,
20,Sat,2026-05-16 00:00:00,Filling,Bottle Line ,,,,,,,,,,0,0,Grand Total,,,0,0,,,,,
20,Sun,2026-05-17 00:00:00,Filling,Bottle Line ,,,,,,,,,,0,0,Grand Total,,,0,0,,,,,
21,Mon,2026-05-18 00:00:00,Filling,Bottle Line ,,,,,,,,,,0,0,Grand Total,,,0,0,,,,,
21,Tue,2026-05-19 00:00:00,Filling,Bottle Line ,,,,,,,,,,0,0,Grand Total,,,0,0,,,,,
21,Wed,2026-05-20 00:00:00,Filling,Bottle Line ,,,,,,,,,,0,0,Grand Total,,,0,0,,,,,
21,Thu,2026-05-21 00:00:00,Filling,Bottle Line ,,,,,,,,,,0,0,Grand Total,,,0,0,,,,,
21,Fri,2026-05-22 00:00:00,Filling,Bottle Line ,,,,,,,,,,0,0,Grand Total,,,0,0,,,,,
21,Sat,2026-05-23 00:00:00,Filling,Bottle Line ,,,,,,,,,,0,0,Grand Total,,,0,0,,,,,
21,Sun,2026-05-24 00:00:00,Filling,Bottle Line ,,,,,,,,,,0,0,Grand Total,,,0,0,,,,,
22,Mon,2026-05-25 00:00:00,Filling,Bottle Line ,,,,,,,,,,0,0,Grand Total,,,0,0,,,,,
22,Tue,2026-05-26 00:00:00,Filling,Bottle Line ,,,,,,,,,,0,0,Grand Total,,,0,0,,,,,
22,Wed,2026-05-27 00:00:00,Filling,Bottle Line ,,,,,,,,,,0,0,Grand Total,,,0,0,,,,,
22,Thu,2026-05-28 00:00:00,Filling,Bottle Line ,,,,,,,,,,0,0,Grand Total,,,0,0,,,,,
22,Fri,2026-05-29 00:00:00,Filling,Bottle Line ,,,,,,,,,,0,0,Grand Total,,,0,0,,,,,
22,Sat,2026-05-30 00:00:00,Filling,Bottle Line ,,,,,,,,,,0,0,Grand Total,,,0,0,,,,,
22,Sun,2026-05-31 00:00:00,Filling,Bottle Line ,,,,,,,,,,0,0,Grand Total,,,0,0,,,,,
23,Mon,2026-06-01 00:00:00,Filling,Bottle Line ,,,,,,,,,,0,0,Grand Total,,,0,0,,,,,
23,Tue,2026-06-02 00:00:00,Filling,Bottle Line ,,,,,,,,,,0,0,Grand Total,,,0,0,,,,,
23,Wed,2026-06-03 00:00:00,Filling,Bottle Line ,,,,,,,,,,0,0,Grand Total,,,0,0,,,,,
23,Thu,2026-06-04 00:00:00,Filling,Bottle Line ,,,,,,,,,,0,0,Grand Total,,,0,0,,,,,
23,Fri,2026-06-05 00:00:00,Filling,Bottle Line ,,,,,,,,,,0,0,Grand Total,,,0,0,,,,,
23,Sat,2026-06-06 00:00:00,Filling,Bottle Line ,,,,,,,,,,0,0,Grand Total,,,0,0,,,,,
23,Sun,2026-06-07 00:00:00,Filling,Bottle Line ,,,,,,,,,,0,0,Grand Total,,,0,0,,,,,
24,Mon,2026-06-08 00:00:00,Filling,Bottle Line ,,,,,,,,,,0,0,Grand Total,,,0,0,,,,,
24,Tue,2026-06-09 00:00:00,Filling,Bottle Line ,,,,,,,,,,0,0,Grand Total,,,0,0,,,,,
24,Wed,2026-06-10 00:00:00,Filling,Bottle Line ,,,,,,,,,,0,0,Grand Total,,,0,0,,,,,
24,Thu,2026-06-11 00:00:00,Filling,Bottle Line ,,,,,,,,,,0,0,Grand Total,,,0,0,,,,,
24,Fri,2026-06-12 00:00:00,Filling,Bottle Line ,,,,,,,,,,0,0,Grand Total,,,0,0,,,,,
24,Sat,2026-06-13 00:00:00,Filling,Bottle Line ,,,,,,,,,,0,0,Grand Total,,,0,0,,,,,
24,Sun,2026-06-14 00:00:00,Filling,Bottle Line ,,,,,,,,,,0,0,Grand Total,,,0,0,,,,,
25,Mon,2026-06-15 00:00:00,Filling,Bottle Line ,,,,,,,,,,0,0,Grand Total,,,0,0,,,,,
25,Tue,2026-06-16 00:00:00,Filling,Bottle Line ,,,,,,,,,,0,0,Grand Total,,,0,0,,,,,
25,Wed,2026-06-17 00:00:00,Filling,Bottle Line ,,,,,,,,,,0,0,Grand Total,,,0,0,,,,,
25,Thu,2026-06-18 00:00:00,Filling,Bottle Line ,,,,,,,,,,0,0,Grand Total,,,0,0,,,,,
25,Fri,2026-06-19 00:00:00,Filling,Bottle Line ,,,,,,,,,,0,0,Grand Total,,,0,0,,,,,
25,Sat,2026-06-20 00:00:00,Filling,Bottle Line ,,,,,,,,,,0,0,Grand Total,,,0,0,,,,,
25,Sun,2026-06-21 00:00:00,Filling,Bottle Line ,,,,,,,,,,0,0,Grand Total,,,0,0,,,,,
26,Mon,2026-06-22 00:00:00,Filling,Bottle Line ,,,,,,,,,,0,0,Grand Total,,,0,0,,,,,
26,Tue,2026-06-23 00:00:00,Filling,Bottle Line ,,,,,,,,,,0,0,Grand Total,,,0,0,,,,,
26,Wed,2026-06-24 00:00:00,Filling,Bottle Line ,,,,,,,,,,0,0,Grand Total,,,0,0,,,,,
26,Thu,2026-06-25 00:00:00,Filling,Bottle Line ,,,,,,,,,,0,0,Grand Total,,,0,0,,,,,
26,Fri,2026-06-26 00:00:00,Filling,Bottle Line ,,,,,,,,,,0,0,Grand Total,,,0,0,,,,,
26,Sat,2026-06-27 00:00:00,Filling,Bottle Line ,,,,,,,,,,0,0,Grand Total,,,0,0,,,,,
26,Sun,2026-06-28 00:00:00,Filling,Bottle Line ,,,,,,,,,,0,0,Grand Total,,,0,0,,,,,
27,Mon,2026-06-29 00:00:00,Filling,Bottle Line ,,,,,,,,,,0,0,Grand Total,,,0,0,,,,,
27,Tue,2026-06-30 00:00:00,Filling,Bottle Line ,,,,,,,,,,0,0,Grand Total,,,0,0,,,,,
27,Wed,2026-07-01 00:00:00,Filling,Bottle Line ,,,,,,,,,,0,0,Grand Total,,,0,0,,,,,
27,Thu,2026-07-02 00:00:00,Filling,Bottle Line ,,,,,,,,,,0,0,Grand Total,,,0,0,,,,,
27,Fri,2026-07-03 00:00:00,Filling,Bottle Line ,,,,,,,,,,0,0,Grand Total,,,0,0,,,,,
27,Sat,2026-07-04 00:00:00,Filling,Bottle Line ,,,,,,,,,,0,0,Grand Total,,,0,0,,,,,
27,Sun,2026-07-05 00:00:00,Filling,Bottle Line ,,,,,,,,,,0,0,Grand Total,,,0,0,,,,,
28,Mon,2026-07-06 00:00:00,Filling,Bottle Line ,,,,,,,,,,0,0,Grand Total,,,0,0,,,,,
28,Tue,2026-07-07 00:00:00,Filling,Bottle Line ,,,,,,,,,,0,0,Grand Total,,,0,0,,,,,
28,Wed,2026-07-08 00:00:00,Filling,Bottle Line ,,,,,,,,,,0,0,Grand Total,,,0,0,,,,,
28,Thu,2026-07-09 00:00:00,Filling,Bottle Line ,,,,,,,,,,0,0,Grand Total,,,0,0,,,,,
28,Fri,2026-07-10 00:00:00,Filling,Bottle Line ,,,,,,,,,,0,0,Grand Total,,,0,0,,,,,
28,Sat,2026-07-11 00:00:00,Filling,Bottle Line ,,,,,,,,,,0,0,Grand Total,,,0,0,,,,,
28,Sun,2026-07-12 00:00:00,Filling,Bottle Line ,,,,,,,,,,0,0,Grand Total,,,0,0,,,,,
29,Mon,2026-07-13 00:00:00,Filling,Bottle Line ,,,,,,,,,,0,0,Grand Total,,,0,0,,,,,
29,Tue,2026-07-14 00:00:00,Filling,Bottle Line ,,,,,,,,,,0,0,Grand Total,,,0,0,,,,,
29,Wed,2026-07-15 00:00:00,Filling,Bottle Line ,,,,,,,,,,0,0,Grand Total,,,0,0,,,,,
29,Thu,2026-07-16 00:00:00,Filling,Bottle Line ,,,,,,,,,,0,0,Grand Total,,,0,0,,,,,
29,Fri,2026-07-17 00:00:00,Filling,Bottle Line ,,,,,,,,,,0,0,Grand Total,,,0,0,,,,,
29,Sat,2026-07-18 00:00:00,Filling,Bottle Line ,,,,,,,,,,0,0,Grand Total,,,0,0,,,,,
29,Sun,2026-07-19 00:00:00,Filling,Bottle Line ,,,,,,,,,,0,0,Grand Total,,,0,0,,,,,
30,Mon,2026-07-20 00:00:00,Filling,Bottle Line ,,,,,,,,,,0,0,Grand Total,,,0,0,,,,,
30,Tue,2026-07-21 00:00:00,Filling,Bottle Line ,,,,,,,,,,0,0,Grand Total,,,0,0,,,,,
30,Wed,2026-07-22 00:00:00,Filling,Bottle Line ,,,,,,,,,,0,0,Grand Total,,,0,0,,,,,
30,Thu,2026-07-23 00:00:00,Filling,Bottle Line ,,,,,,,,,,0,0,Grand Total,,,0,0,,,,,
30,Fri,2026-07-24 00:00:00,Filling,Bottle Line ,,,,,,,,,,0,0,Grand Total,,,0,0,,,,,
30,Sat,2026-07-25 00:00:00,Filling,Bottle Line ,,,,,,,,,,0,0,Grand Total,,,0,0,,,,,
30,Sun,2026-07-26 00:00:00,Filling,Bottle Line ,,,,,,,,,,0,0,Grand Total,,,0,0,,,,,
31,Mon,2026-07-27 00:00:00,Filling,Bottle Line ,,,,,,,,,,0,0,Grand Total,,,0,0,,,,,
31,Tue,2026-07-28 00:00:00,Filling,Bottle Line ,,,,,,,,,,0,0,Grand Total,,,0,0,,,,,
31,Wed,2026-07-29 00:00:00,Filling,Bottle Line ,,,,,,,,,,0,0,Grand Total,,,0,0,,,,,
31,Thu,2026-07-30 00:00:00,Filling,Bottle Line ,,,,,,,,,,0,0,Grand Total,,,0,0,,,,,
31,Fri,2026-07-31 00:00:00,Filling,Bottle Line ,,,,,,,,,,0,0,Grand Total,,,0,0,,,,,
31,Sat,2026-08-01 00:00:00,Filling,Bottle Line ,,,,,,,,,,0,0,Grand Total,,,0,0,,,,,
31,Sun,2026-08-02 00:00:00,Filling,Bottle Line ,,,,,,,,,,0,0,Grand Total,,,0,0,,,,,
32,Mon,2026-08-03 00:00:00,Filling,Bottle Line ,,,,,,,,,,0,0,Grand Total,,,0,0,,,,,
32,Tue,2026-08-04 00:00:00,Filling,Bottle Line ,,,,,,,,,,0,0,Grand Total,,,0,0,,,,,
32,Wed,2026-08-05 00:00:00,Filling,Bottle Line ,,,,,,,,,,0,0,Grand Total,,,0,0,,,,,
32,Thu,2026-08-06 00:00:00,Filling,Bottle Line ,,,,,,,,,,0,0,Grand Total,,,0,0,,,,,
32,Fri,2026-08-07 00:00:00,Filling,Bottle Line ,,,,,,,,,,0,0,Grand Total,,,0,0,,,,,
32,Sat,2026-08-08 00:00:00,Filling,Bottle Line ,,,,,,,,,,0,0,Grand Total,,,0,0,,,,,
32,Sun,2026-08-09 00:00:00,Filling,Bottle Line ,,,,,,,,,,0,0,Grand Total,,,0,0,,,,,
33,Mon,2026-08-10 00:00:00,Filling,Bottle Line ,,,,,,,,,,0,0,Grand Total,,,0,0,,,,,
33,Tue,2026-08-11 00:00:00,Filling,Bottle Line ,,,,,,,,,,0,0,Grand Total,,,0,0,,,,,
33,Wed,2026-08-12 00:00:00,Filling,Bottle Line ,,,,,,,,,,0,0,Grand Total,,,0,0,,,,,
33,Thu,2026-08-13 00:00:00,Filling,Bottle Line ,,,,,,,,,,0,0,Grand Total,,,0,0,,,,,
33,Fri,2026-08-14 00:00:00,Filling,Bottle Line ,,,,,,,,,,0,0,Grand Total,,,0,0,,,,,
33,Sat,2026-08-15 00:00:00,Filling,Bottle Line ,,,,,,,,,,0,0,Grand Total,,,0,0,,,,,
33,Sun,2026-08-16 00:00:00,Filling,Bottle Line ,,,,,,,,,,0,0,Grand Total,,,0,0,,,,,
34,Mon,2026-08-17 00:00:00,Filling,Bottle Line ,,,,,,,,,,0,0,Grand Total,,,0,0,,,,,
34,Tue,2026-08-18 00:00:00,Filling,Bottle Line ,,,,,,,,,,0,0,Grand Total,,,0,0,,,,,
34,Wed,2026-08-19 00:00:00,Filling,Bottle Line ,,,,,,,,,,0,0,Grand Total,,,0,0,,,,,
34,Thu,2026-08-20 00:00:00,Filling,Bottle Line ,,,,,,,,,,0,0,Grand Total,,,0,0,,,,,
34,Fri,2026-08-21 00:00:00,Filling,Bottle Line ,,,,,,,,,,0,0,Grand Total,,,0,0,,,,,
34,Sat,2026-08-22 00:00:00,Filling,Bottle Line ,,,,,,,,,,0,0,Grand Total,,,0,0,,,,,
34,Sun,2026-08-23 00:00:00,Filling,Bottle Line ,,,,,,,,,,0,0,Grand Total,,,0,0,,,,,
35,Mon,2026-08-24 00:00:00,Filling,Bottle Line ,,,,,,,,,,0,0,Grand Total,,,0,0,,,,,
35,Tue,2026-08-25 00:00:00,Filling,Bottle Line ,,,,,,,,,,0,0,Grand Total,,,0,0,,,,,
35,Wed,2026-08-26 00:00:00,Filling,Bottle Line ,,,,,,,,,,0,0,Grand Total,,,0,0,,,,,
35,Thu,2026-08-27 00:00:00,Filling,Bottle Line ,,,,,,,,,,0,0,Grand Total,,,0,0,,,,,
35,Fri,2026-08-28 00:00:00,Filling,Bottle Line ,,,,,,,,,,0,0,Grand Total,,,0,0,,,,,
35,Sat,2026-08-29 00:00:00,Filling,Bottle Line ,,,,,,,,,,0,0,Grand Total,,,0,0,,,,,
35,Sun,2026-08-30 00:00:00,Filling,Bottle Line ,,,,,,,,,,0,0,Grand Total,,,0,0,,,,,
36,Mon,2026-08-31 00:00:00,Filling,Bottle Line ,,,,,,,,,,0,0,Grand Total,,,0,0,,,,,
36,Tue,2026-09-01 00:00:00,Filling,Bottle Line ,,,,,,,,,,0,0,Grand Total,,,0,0,,,,,
36,Wed,2026-09-02 00:00:00,Filling,Bottle Line ,,,,,,,,,,0,0,Grand Total,,,0,0,,,,,
36,Thu,2026-09-03 00:00:00,Filling,Bottle Line ,,,,,,,,,,0,0,Grand Total,,,0,0,,,,,
36,Fri,2026-09-04 00:00:00,Filling,Bottle Line ,,,,,,,,,,0,0,Grand Total,,,0,0,,,,,
36,Sat,2026-09-05 00:00:00,Filling,Bottle Line ,,,,,,,,,,0,0,Grand Total,,,0,0,,,,,
36,Sun,2026-09-06 00:00:00,Filling,Bottle Line ,,,,,,,,,,0,0,Grand Total,,,0,0,,,,,
37,Mon,2026-09-07 00:00:00,Filling,Bottle Line ,,,,,,,,,,0,0,Grand Total,,,0,0,,,,,
37,Tue,2026-09-08 00:00:00,Filling,Bottle Line ,,,,,,,,,,0,0,Grand Total,,,0,0,,,,,
37,Wed,2026-09-09 00:00:00,Filling,Bottle Line ,,,,,,,,,,0,0,Grand Total,,,0,0,,,,,
37,Thu,2026-09-10 00:00:00,Filling,Bottle Line ,,,,,,,,,,0,0,Grand Total,,,0,0,,,,,
37,Fri,2026-09-11 00:00:00,Filling,Bottle Line ,,,,,,,,,,0,0,Grand Total,,,0,0,,,,,
37,Sat,2026-09-12 00:00:00,Filling,Bottle Line ,,,,,,,,,,0,0,Grand Total,,,0,0,,,,,
37,Sun,2026-09-13 00:00:00,Filling,Bottle Line ,,,,,,,,,,0,0,Grand Total,,,0,0,,,,,
38,Mon,2026-09-14 00:00:00,Filling,Bottle Line ,,,,,,,,,,0,0,Grand Total,,,0,0,,,,,
38,Tue,2026-09-15 00:00:00,Filling,Bottle Line ,,,,,,,,,,0,0,Grand Total,,,0,0,,,,,
38,Wed,2026-09-16 00:00:00,Filling,Bottle Line ,,,,,,,,,,0,0,Grand Total,,,0,0,,,,,
38,Thu,2026-09-17 00:00:00,Filling,Bottle Line ,,,,,,,,,,0,0,Grand Total,,,0,0,,,,,
38,Fri,2026-09-18 00:00:00,Filling,Bottle Line ,,,,,,,,,,0,0,Grand Total,,,0,0,,,,,
38,Sat,2026-09-19 00:00:00,Filling,Bottle Line ,,,,,,,,,,0,0,Grand Total,,,0,0,,,,,
38,Sun,2026-09-20 00:00:00,Filling,Bottle Line ,,,,,,,,,,0,0,Grand Total,,,0,0,,,,,
39,Mon,2026-09-21 00:00:00,Filling,Bottle Line ,,,,,,,,,,0,0,Grand Total,,,0,0,,,,,
39,Tue,2026-09-22 00:00:00,Filling,Bottle Line ,,,,,,,,,,0,0,Grand Total,,,0,0,,,,,
39,Thu,2026-09-24 00:00:00,Filling,Bottle Line ,,,,,,,,,,0,0,Grand Total,,,0,0,,,,,
39,Fri,2026-09-25 00:00:00,Filling,Bottle Line ,,,,,,,,,,0,0,Grand Total,,,0,0,,,,,
39,Sat,2026-09-26 00:00:00,Filling,Bottle Line ,,,,,,,,,,0,0,Grand Total,,,0,0,,,,,
39,Sun,2026-09-27 00:00:00,Filling,Bottle Line ,,,,,,,,,,0,0,Grand Total,,,0,0,,,,,
40,Mon,2026-09-28 00:00:00,Filling,Bottle Line ,,,,,,,,,,0,0,Grand Total,,,0,0,,,,,
40,Tue,2026-09-29 00:00:00,Filling,Bottle Line ,,,,,,,,,,0,0,Grand Total,,,0,0,,,,,
40,Wed,2026-09-30 00:00:00,Filling,Bottle Line ,,,,,,,,,,0,0,Grand Total,,,0,0,,,,,
40,Thu,2026-10-01 00:00:00,Filling,Bottle Line ,,,,,,,,,,0,0,Grand Total,,,0,0,,,,,
40,Fri,2026-10-02 00:00:00,Filling,Bottle Line ,,,,,,,,,,0,0,Grand Total,,,0,0,,,,,
40,Sat,2026-10-03 00:00:00,Filling,Bottle Line ,,,,,,,,,,0,0,Grand Total,,,0,0,,,,,
40,Sun,2026-10-04 00:00:00,Filling,Bottle Line ,,,,,,,,,,0,0,Grand Total,,,0,0,,,,,
41,Mon,2026-10-05 00:00:00,Filling,Bottle Line ,,,,,,,,,,0,0,Grand Total,,,0,0,,,,,
41,Tue,2026-10-06 00:00:00,Filling,Bottle Line ,,,,,,,,,,0,0,Grand Total,,,0,0,,,,,
41,Wed,2026-10-07 00:00:00,Filling,Bottle Line ,,,,,,,,,,0,0,Grand Total,,,0,0,,,,,
41,Thu,2026-10-08 00:00:00,Filling,Bottle Line ,,,,,,,,,,0,0,Grand Total,,,0,0,,,,,
41,Fri,2026-10-09 00:00:00,Filling,Bottle Line ,,,,,,,,,,0,0,Grand Total,,,0,0,,,,,
41,Sat,2026-10-10 00:00:00,Filling,Bottle Line ,,,,,,,,,,0,0,Grand Total,,,0,0,,,,,
41,Sun,2026-10-11 00:00:00,Filling,Bottle Line ,,,,,,,,,,0,0,Grand Total,,,0,0,,,,,
42,Mon,2026-10-12 00:00:00,Filling,Bottle Line ,,,,,,,,,,0,0,Grand Total,,,0,0,,,,,
42,Tue,2026-10-13 00:00:00,Filling,Bottle Line ,,,,,,,,,,0,0,Grand Total,,,0,0,,,,,
42,Wed,2026-10-14 00:00:00,Filling,Bottle Line ,,,,,,,,,,0,0,Grand Total,,,0,0,,,,,
42,Thu,2026-10-15 00:00:00,Filling,Bottle Line ,,,,,,,,,,0,0,Grand Total,,,0,0,,,,,
42,Fri,2026-10-16 00:00:00,Filling,Bottle Line ,,,,,,,,,,0,0,Grand Total,,,0,0,,,,,
42,Sat,2026-10-17 00:00:00,Filling,Bottle Line ,,,,,,,,,,0,0,Grand Total,,,0,0,,,,,
42,Sun,2026-10-18 00:00:00,Filling,Bottle Line ,,,,,,,,,,0,0,Grand Total,,,0,0,,,,,
43,Mon,2026-10-19 00:00:00,Filling,Bottle Line ,,,,,,,,,,0,0,Grand Total,,,0,0,,,,,
43,Tue,2026-10-20 00:00:00,Filling,Bottle Line ,,,,,,,,,,0,0,Grand Total,,,0,0,,,,,
43,Wed,2026-10-21 00:00:00,Filling,Bottle Line ,,,,,,,,,,0,0,Grand Total,,,0,0,,,,,
43,Thu,2026-10-22 00:00:00,Filling,Bottle Line ,,,,,,,,,,0,0,Grand Total,,,0,0,,,,,
43,Fri,2026-10-23 00:00:00,Filling,Bottle Line ,,,,,,,,,,0,0,Grand Total,,,0,0,,,,,
43,Sat,2026-10-24 00:00:00,Filling,Bottle Line ,,,,,,,,,,0,0,Grand Total,,,0,0,,,,,
43,Sun,2026-10-25 00:00:00,Filling,Bottle Line ,,,,,,,,,,0,0,Grand Total,,,0,0,,,,,
44,Mon,2026-10-26 00:00:00,Filling,Bottle Line ,,,,,,,,,,0,0,Grand Total,,,0,0,,,,,
44,Tue,2026-10-27 00:00:00,Filling,Bottle Line ,,,,,,,,,,0,0,Grand Total,,,0,0,,,,,
44,Wed,2026-10-28 00:00:00,Filling,Bottle Line ,,,,,,,,,,0,0,Grand Total,,,0,0,,,,,
44,Thu,2026-10-29 00:00:00,Filling,Bottle Line ,,,,,,,,,,0,0,Grand Total,,,0,0,,,,,
44,Fri,2026-10-30 00:00:00,Filling,Bottle Line ,,,,,,,,,,0,0,Grand Total,,,0,0,,,,,
44,Sat,2026-10-31 00:00:00,Filling,Bottle Line ,,,,,,,,,,0,0,Grand Total,,,0,0,,,,,
44,Sun,2026-11-01 00:00:00,Filling,Bottle Line ,,,,,,,,,,0,0,Grand Total,,,0,0,,,,,
45,Mon,2026-11-02 00:00:00,Filling,Bottle Line ,,,,,,,,,,0,0,Grand Total,,,0,0,,,,,
45,Tue,2026-11-03 00:00:00,Filling,Bottle Line ,,,,,,,,,,0,0,Grand Total,,,0,0,,,,,
45,Wed,2026-11-04 00:00:00,Filling,Bottle Line ,,,,,,,,,,0,0,Grand Total,,,0,0,,,,,
45,Thu,2026-11-05 00:00:00,Filling,Bottle Line ,,,,,,,,,,0,0,Grand Total,,,0,0,,,,,
45,Fri,2026-11-06 00:00:00,Filling,Bottle Line ,,,,,,,,,,0,0,Grand Total,,,0,0,,,,,
45,Sat,2026-11-07 00:00:00,Filling,Bottle Line ,,,,,,,,,,0,0,Grand Total,,,0,0,,,,,
45,Sun,2026-11-08 00:00:00,Filling,Bottle Line ,,,,,,,,,,0,0,Grand Total,,,0,0,,,,,
46,Mon,2026-11-09 00:00:00,Filling,Bottle Line ,,,,,,,,,,0,0,Grand Total,,,0,0,,,,,
46,Tue,2026-11-10 00:00:00,Filling,Bottle Line ,,,,,,,,,,0,0,Grand Total,,,0,0,,,,,
46,Wed,2026-11-11 00:00:00,Filling,Bottle Line ,,,,,,,,,,0,0,Grand Total,,,0,0,,,,,
46,Thu,2026-11-12 00:00:00,Filling,Bottle Line ,,,,,,,,,,0,0,Grand Total,,,0,0,,,,,
46,Fri,2026-11-13 00:00:00,Filling,Bottle Line ,,,,,,,,,,0,0,Grand Total,,,0,0,,,,,
46,Sat,2026-11-14 00:00:00,Filling,Bottle Line ,,,,,,,,,,0,0,Grand Total,,,0,0,,,,,
46,Sun,2026-11-15 00:00:00,Filling,Bottle Line ,,,,,,,,,,0,0,Grand Total,,,0,0,,,,,
47,Mon,2026-11-16 00:00:00,Filling,Bottle Line ,,,,,,,,,,0,0,Grand Total,,,0,0,,,,,
47,Tue,2026-11-17 00:00:00,Filling,Bottle Line ,,,,,,,,,,0,0,Grand Total,,,0,0,,,,,
47,Wed,2026-11-18 00:00:00,Filling,Bottle Line ,,,,,,,,,,0,0,Grand Total,,,0,0,,,,,
47,Thu,2026-11-19 00:00:00,Filling,Bottle Line ,,,,,,,,,,0,0,Grand Total,,,0,0,,,,,
47,Fri,2026-11-20 00:00:00,Filling,Bottle Line ,,,,,,,,,,0,0,Grand Total,,,0,0,,,,,
47,Sat,2026-11-21 00:00:00,Filling,Bottle Line ,,,,,,,,,,0,0,Grand Total,,,0,0,,,,,
47,Sun,2026-11-22 00:00:00,Filling,Bottle Line ,,,,,,,,,,0,0,Grand Total,,,0,0,,,,,
48,Mon,2026-11-23 00:00:00,Filling,Bottle Line ,,,,,,,,,,0,0,Grand Total,,,0,0,,,,,
48,Tue,2026-11-24 00:00:00,Filling,Bottle Line ,,,,,,,,,,0,0,Grand Total,,,0,0,,,,,
48,Wed,2026-11-25 00:00:00,Filling,Bottle Line ,,,,,,,,,,0,0,Grand Total,,,0,0,,,,,
48,Thu,2026-11-26 00:00:00,Filling,Bottle Line ,,,,,,,,,,0,0,Grand Total,,,0,0,,,,,
48,Fri,2026-11-27 00:00:00,Filling,Bottle Line ,,,,,,,,,,0,0,Grand Total,,,0,0,,,,,
48,Sat,2026-11-28 00:00:00,Filling,Bottle Line ,,,,,,,,,,0,0,Grand Total,,,0,0,,,,,
48,Sun,2026-11-29 00:00:00,Filling,Bottle Line ,,,,,,,,,,0,0,Grand Total,,,0,0,,,,,
49,Mon,2026-11-30 00:00:00,Filling,Bottle Line ,,,,,,,,,,0,0,Grand Total,,,0,0,,,,,
49,Tue,2026-12-01 00:00:00,Filling,Bottle Line ,,,,,,,,,,0,0,Grand Total,,,0,0,,,,,
49,Wed,2026-12-02 00:00:00,Filling,Bottle Line ,,,,,,,,,,0,0,Grand Total,,,0,0,,,,,
49,Thu,2026-12-03 00:00:00,Filling,Bottle Line ,,,,,,,,,,0,0,Grand Total,,,0,0,,,,,
49,Fri,2026-12-04 00:00:00,Filling,Bottle Line ,,,,,,,,,,0,0,Grand Total,,,0,0,,,,,
49,Sat,2026-12-05 00:00:00,Filling,Bottle Line ,,,,,,,,,,0,0,Grand Total,,,0,0,,,,,
49,Sun,2026-12-06 00:00:00,Filling,Bottle Line ,,,,,,,,,,0,0,Grand Total,,,0,0,,,,,
50,Mon,2026-12-07 00:00:00,Filling,Bottle Line ,,,,,,,,,,0,0,Grand Total,,,0,0,,,,,
50,Tue,2026-12-08 00:00:00,Filling,Bottle Line ,,,,,,,,,,0,0,Grand Total,,,0,0,,,,,
50,Wed,2026-12-09 00:00:00,Filling,Bottle Line ,,,,,,,,,,0,0,Grand Total,,,0,0,,,,,
50,Thu,2026-12-10 00:00:00,Filling,Bottle Line ,,,,,,,,,,0,0,Grand Total,,,0,0,,,,,
50,Fri,2026-12-11 00:00:00,Filling,Bottle Line ,,,,,,,,,,0,0,Grand Total,,,0,0,,,,,
50,Sat,2026-12-12 00:00:00,Filling,Bottle Line ,,,,,,,,,,0,0,Grand Total,,,0,0,,,,,
50,Sun,2026-12-13 00:00:00,Filling,Bottle Line ,,,,,,,,,,0,0,Grand Total,,,0,0,,,,,
51,Mon,2026-12-14 00:00:00,Filling,Bottle Line ,,,,,,,,,,0,0,Grand Total,,,0,0,,,,,
51,Tue,2026-12-15 00:00:00,Filling,Bottle Line ,,,,,,,,,,0,0,Grand Total,,,0,0,,,,,
51,Wed,2026-12-16 00:00:00,Filling,Bottle Line ,,,,,,,,,,0,0,Grand Total,,,0,0,,,,,
51,Thu,2026-12-17 00:00:00,Filling,Bottle Line ,,,,,,,,,,0,0,Grand Total,,,0,0,,,,,
51,Fri,2026-12-18 00:00:00,Filling,Bottle Line ,,,,,,,,,,0,0,Grand Total,,,0,0,,,,,
51,Sat,2026-12-19 00:00:00,Filling,Bottle Line ,,,,,,,,,,0,0,Grand Total,,,0,0,,,,,
51,Sun,2026-12-20 00:00:00,Filling,Bottle Line ,,,,,,,,,,0,0,Grand Total,,,0,0,,,,,
52,Mon,2026-12-21 00:00:00,Filling,Bottle Line ,,,,,,,,,,0,0,Grand Total,,,0,0,,,,,
52,Tue,2026-12-22 00:00:00,Filling,Bottle Line ,,,,,,,,,,0,0,Grand Total,,,0,0,,,,,
52,Wed,2026-12-23 00:00:00,Filling,Bottle Line ,,,,,,,,,,0,0,Grand Total,,,0,0,,,,,
52,Thu,2026-12-24 00:00:00,Filling,Bottle Line ,,,,,,,,,,0,0,Grand Total,,,0,0,,,,,
52,Fri,2026-12-25 00:00:00,Filling,Bottle Line ,,,,,,,,,,0,0,Grand Total,,,0,0,,,,,
52,Sat,2026-12-26 00:00:00,Filling,Bottle Line ,,,,,,,,,,0,0,Grand Total,,,0,0,,,,,
52,Sun,2026-12-27 00:00:00,Filling,Bottle Line ,,,,,,,,,,0,0,Grand Total,,,0,0,,,,,
53,Mon,2026-12-28 00:00:00,Filling,Bottle Line ,,,,,,,,,,0,0,Grand Total,,,0,0,,,,,
53,Tue,2026-12-29 00:00:00,Filling,Bottle Line ,,,,,,,,,,0,0,Grand Total,,,0,0,,,,,
53,Wed,2026-12-30 00:00:00,Filling,Bottle Line ,,,,,,,,,,0,0,Grand Total,,,0,0,,,,,
53,Thu,2026-12-31 00:00:00,Filling,Bottle Line ,,,,,,,,,,0,0,Grand Total,,,0,0,,,,,
1,Thu,2026-01-01 00:00:00,Filling,Bottle Line-URGO - VASHE,,,,,,,,,,0,0,Grand Total,,,0,0,,,,,
1,Fri,2026-01-02 00:00:00,Filling,Bottle Line-URGO - VASHE,,,,,,,,,,0,0,Grand Total,,,0,0,,,,,
1,Tue,2023-01-03 00:00:00,Filling,Bottle Line-URGO - VASHE,,,,,,,,,,0,0,Grand Total,,,0,0,,,,,
1,Sun,2026-01-04 00:00:00,Filling,Bottle Line-URGO - VASHE,,,,,,,,,,0,0,Grand Total,,,0,0,,,,,
2,Mon,2026-01-05 00:00:00,Filling,Bottle Line-URGO - VASHE,Yes,Non Sterile,7154,54138,,14,50004,16000,EA,41440,19231.375999999997,Grand Total,56,12840,33255.6,15433.179239999998,,,,,
2,Tue,2026-01-06 00:00:00,Filling,Bottle Line-URGO - VASHE,Yes,Non Sterile,7154,54138,,14,50004,16000,EA,41440,19231.375999999997,Grand Total,,,0,0,,,,,
2,Wed,2026-01-07 00:00:00,Filling,Bottle Line-URGO - VASHE,Yes,Non Sterile,7154,54138,,14,50004,16000,EA,41440,19231.375999999997,Grand Total,,,0,0,,,,,
2,Thu,2026-01-08 00:00:00,Filling,Bottle Line-URGO - VASHE,Yes,Non Sterile,7154,54138,,3,50004,2004,EA,5190.36,2408.7298439999995,Grand Total,,,0,0,,,,,
2,Fri,2026-01-09 00:00:00,Filling,Bottle Line-URGO - VASHE,Yes,Non Sterile,7153,54378,,4,119988,0,EA,0,0,Grand Total,66,18360,34516.799999999996,13607.881199999998,,,,,
2,Sat,2026-01-10 00:00:00,Filling,Bottle Line-URGO - VASHE,,,,,,,,,,0,0,Grand Total,,,0,0,,,,,
2,Sun,2026-01-11 00:00:00,Filling,Bottle Line-URGO - VASHE,,,,,,,,,,0,0,Grand Total,,,0,0,,,,,
3,Mon,2026-01-12 00:00:00,Filling,Bottle Line-URGO - VASHE,Yes,Non Sterile,7153,54378,,14,119988,26000,EA,48880,19270.42,Grand Total,98,23076,43382.88,17103.238919999996,,,,,
3,Tue,2026-01-13 00:00:00,Filling,Bottle Line-URGO - VASHE,Yes,Non Sterile,7153,54378,,14,119988,26000,EA,48880,19270.42,Grand Total,98,24792,46608.96,18375.086639999998,,,,,
3,Wed,2026-01-14 00:00:00,Filling,Bottle Line-URGO - VASHE,Yes,Non Sterile,7153,54378,,14,119988,26000,EA,48880,19270.42,Grand Total,96,19764,37156.32,14648.483879999998,,,,,
3,Thu,2026-01-15 00:00:00,Filling,Bottle Line-URGO - VASHE,Yes,Non Sterile,7153,54378,,14,119988,26000,EA,48880,19270.42,Grand Total,49,13152,24725.76,9747.867839999999,,,,,
3,Fri,2026-01-16 00:00:00,Filling,Bottle Line-URGO - VASHE,Yes,Non Sterile,7153,54378,,9,119988,15988,EA,30057.44,11849.825959999998,Grand Total,49,10332,19424.16,7657.768439999999,,,,,
3,Sat,2026-01-17 00:00:00,Filling,Bottle Line-URGO - VASHE,,,,,,,,,,0,0,Grand Total,,,0,0,,,,,
3,Sun,2026-01-18 00:00:00,Filling,Bottle Line-URGO - VASHE,,,,,,,,,,0,0,Grand Total,,,0,0,,,,,
4,Mon,2026-01-19 00:00:00,Filling,Bottle Line-URGO - VASHE,Yes,Non Sterile,7159,54380,,5,4992,4992,EA,9734.4,3934.1752319999996,Grand Total,25,5040,9828,3972.0038399999994,,,,,
4,Mon,2026-01-19 00:00:00,Filling,Bottle Line-URGO - VASHE,Yes,Non Sterile,7154,54381,,4,49992,0,EA,0,0,Grand Total,77,15588,40372.92,18736.168068,,,,,
4,Tue,2026-01-20 00:00:00,Filling,Bottle Line-URGO - VASHE,Yes,Non Sterile,7154,54381,,14,49992,15400,EA,39886,18510.199399999998,Grand Total,49,10392,26915.28,12490.778711999998,,,,,
4,Wed,2026-01-21 00:00:00,Filling,Bottle Line-URGO - VASHE,Yes,Non Sterile,7154,54381,,14,49992,15400,EA,39886,18510.199399999998,Grand Total,74,16728,43325.52,20106.403607999997,,,,,
4,Thu,2026-01-22 00:00:00,Filling,Bottle Line-URGO - VASHE,Yes,Non Sterile,7154,54381,,14,49992,15400,EA,39886,18510.199399999998,Grand Total,42,7296,18896.64,8769.507456,,,,,
4,Fri,2026-01-23 00:00:00,Filling,Bottle Line-URGO - VASHE,Yes,Non Sterile,7154,54381,,4,49992,3792,EA,9821.279999999999,4557.836111999999,Grand Total,,,0,0,,,,,
4,Fri,2026-01-23 00:00:00,Filling,Bottle Line-URGO - VASHE,Yes,Non Sterile,7152,54414,,4,124992,0,EA,0,0,Grand Total,80,13176,22530.96,9314.140752,,,,,
4,Sat,2026-01-24 00:00:00,Filling,Bottle Line-URGO - VASHE,,,,,,,,,,0,0,Grand Total,,,0,0,,,,,
4,Sun,2026-01-25 00:00:00,Filling,Bottle Line-URGO - VASHE,,,,,,,,,,0,0,Grand Total,,,0,0,,,,,
5,Mon,2026-01-26 00:00:00,Filling,Bottle Line-URGO - VASHE,Yes,Non Sterile,7152,54414,,14,124992,30000,EA,51300,21207.059999999998,Grand Total,49,11568,19781.28,8177.442335999999,,,,,
5,Tue,2026-01-27 00:00:00,Filling,Bottle Line-URGO - VASHE,Yes,Non Sterile,7152,54414,,14,124992,30000,EA,51300,21207.059999999998,Grand Total,98,27433,46910.43,19392.442565999998,,,,,
5,Wed,2026-01-28 00:00:00,Filling,Bottle Line-URGO - VASHE,Yes,Non Sterile,7152,54414,,14,124992,30000,EA,51300,21207.059999999998,Grand Total,49,14472,24747.12,10230.285743999999,,,,,
5,Thu,2026-01-29 00:00:00,Filling,Bottle Line-URGO - VASHE,Yes,Non Sterile,7152,54414,,14,124992,30000,EA,51300,21207.059999999998,Grand Total,119,38376,65622.95999999999,27128.071151999997,,,,,
5,Fri,2026-01-30 00:00:00,Filling,Bottle Line-URGO - VASHE,Yes,Non Sterile,7152,54414,,3,124992,4992,EA,8536.32,3528.8547839999997,Grand Total,56,13584,23228.64,9602.556767999999,,,,,
5,Fri,2026-01-30 00:00:00,Filling,Bottle Line-URGO - VASHE,Yes,Non Sterile,7153,54415,,4,145008,0,EA,0,0,Grand Total,,,0,0,,,,,
5,Sat,2026-01-31 00:00:00,Filling,Bottle Line-URGO - VASHE,,,,,,,,,,0,0,Grand Total,,,0,0,,,,,
5,Sun,2026-02-01 00:00:00,Filling,Bottle Line-URGO - VASHE,,,,,,,,,,0,0,Grand Total,,,0,0,,,,,
6,Mon,2026-02-02 00:00:00,Filling,Bottle Line-URGO - VASHE,Yes,Non Sterile,7153,54415,,14,145008,26000,EA,48880,19270.42,Grand Total,49,9684,18205.92,7177.490279999999,,,,,
6,Tue,2026-02-03 00:00:00,Filling,Bottle Line-URGO - VASHE,Yes,Non Sterile,7153,54415,,14,145008,26000,EA,48880,19270.42,Grand Total,50,14388,27049.44,10663.953959999999,,,,,
6,Wed,2026-02-04 00:00:00,Filling,Bottle Line-URGO - VASHE,Yes,Non Sterile,7153,54415,,14,145008,26000,EA,48880,19270.42,Grand Total,112,28896,54324.479999999996,21416.848319999997,,,,,
6,Thu,2026-02-05 00:00:00,Filling,Bottle Line-URGO - VASHE,Yes,Non Sterile,7153,54415,,14,145008,26000,EA,48880,19270.42,Grand Total,63,16524,31065.12,12247.093079999999,,,,,
6,Fri,2026-02-06 00:00:00,Filling,Bottle Line-URGO - VASHE,Yes,Non Sterile,7153,54415,,14,145008,26000,EA,48880,19270.42,Grand Total,63,17808,33479.04,13198.755359999997,,,,,
6,Sat,2026-02-07 00:00:00,Filling,Bottle Line-URGO - VASHE,,,,,,,,,,0,0,Grand Total,,,0,0,,,,,
6,Sun,2026-02-08 00:00:00,Filling,Bottle Line-URGO - VASHE,,,,,,,,,,0,0,Grand Total,,,0,0,,,,,
7,Mon,2026-02-09 00:00:00,Filling,Bottle Line-URGO - VASHE,Yes,Non Sterile,7153,54415,,9,145008,15008,EA,28215.039999999997,11123.479359999998,Grand Total,21,2952,5549.759999999999,2187.9338399999997,,,,,
7,Mon,2026-02-09 00:00:00,Filling,Bottle Line-URGO - VASHE,Yes,Non Sterile,7159,54416,,5,5004,5004,EA,9757.8,3943.6323839999995,Grand Total,28,5040,9828,3972.0038399999994,,,,,
7,Tue,2026-02-10 00:00:00,Filling,Bottle Line-URGO - VASHE,Yes,Non Sterile,7155,54417,,7,6000,6000,EA,26040,17377.086,Grand Total,,,0,0,,,,,
7,Tue,2026-02-10 00:00:00,Filling,Bottle Line-URGO - VASHE,Yes,Non Sterile,7154,54418,,7,30000,3300,EA,8547,3966.4712999999992,Grand Total,56,13308,34467.72,15995.696987999998,,,,,
7,Wed,2026-02-11 00:00:00,Filling,Bottle Line-URGO - VASHE,Yes,Non Sterile,7154,54418,,14,30000,16000,EA,41440,19231.375999999997,Grand Total,49,9864,25547.76,11856.143304,,,,,
7,Thu,2026-02-12 00:00:00,Filling,Bottle Line-URGO - VASHE,Yes,Non Sterile,7154,54418,,10,30000,10700,EA,27713,12860.982699999999,Grand Total,,,0,0,,,,,
7,Fri,2026-02-13 00:00:00,Filling,Bottle Line-URGO - VASHE,Yes,Non Sterile,7156,54419,,4,30504,0,EA,0,0,Grand Total,32,4800,24384,15412.723199999999,,,,,
7,Sat,2026-02-14 00:00:00,Filling,Bottle Line-URGO - VASHE,,,,,,,,,,0,0,Grand Total,,,0,0,,,,,
7,Sun,2026-02-15 00:00:00,Filling,Bottle Line-URGO - VASHE,,,,,,,,,,0,0,Grand Total,,,0,0,,,,,
8,Mon,2026-02-16 00:00:00,Filling,Bottle Line-URGO - VASHE,Yes,Non Sterile,7156,54419,,14,30504,14000,EA,71120,44953.776,Grand Total,90,13752,69860.16,44157.451968,,,,,
8,Tue,2026-02-17 00:00:00,Filling,Bottle Line-URGO - VASHE,Yes,Non Sterile,7156,54419,,14,30504,14000,EA,71120,44953.776,Grand Total,,,0,0,,,,,
8,Wed,2026-02-18 00:00:00,Filling,Bottle Line-URGO - VASHE,Yes,Non Sterile,7156,54419,,3,30504,2504,EA,12720.32,8040.303935999999,Grand Total,,,0,0,,,,,
8,Thu,2026-02-19 00:00:00,Filling,Bottle Line-URGO - VASHE,,,,PM,,,,,,0,0,Grand Total,,,0,0,,,,,
8,Fri,2026-02-20 00:00:00,Filling,Bottle Line-URGO - VASHE,Yes,Non Sterile,7155,54668,,7,3996,3996,EA,17342.64,11573.139276,Grand Total,,,0,0,,,,,
8,Fri,2026-02-20 00:00:00,Filling,Bottle Line-URGO - VASHE,Yes,Non Sterile,7153,54669,,7,146004,5400,EA,10152,4002.3179999999993,Grand Total,24,6612,12430.56,4900.616039999999,,,,,
8,Sat,2026-02-21 00:00:00,Filling,Bottle Line-URGO - VASHE,,,,,,,,,,0,0,Grand Total,,,0,0,,,,,
8,Sun,2026-02-22 00:00:00,Filling,Bottle Line-URGO - VASHE,,,,,,,,,,0,0,Grand Total,,,0,0,,,,,
9,Mon,2026-02-23 00:00:00,Filling,Bottle Line-URGO - VASHE,Yes,Non Sterile,7153,54669,,14,146004,26000,EA,48880,19270.42,Grand Total,45,11952,22469.76,8858.463839999999,,,,,
9,Tue,2026-02-24 00:00:00,Filling,Bottle Line-URGO - VASHE,Yes,Non Sterile,7153,54669,,14,146004,26000,EA,48880,19270.42,Grand Total,63,15360,28876.8,11384.371199999998,,,,,
9,Wed,2026-02-25 00:00:00,Filling,Bottle Line-URGO - VASHE,Yes,Non Sterile,7153,54669,,14,146004,26000,EA,48880,19270.42,Grand Total,63,16884,31741.92,12513.914279999997,,,,,
9,Thu,2026-02-26 00:00:00,Filling,Bottle Line-URGO - VASHE,Yes,Non Sterile,7153,54669,,14,146004,26000,EA,48880,19270.42,Grand Total,63,17244,32418.719999999998,12780.735479999998,,,,,
9,Fri,2026-02-27 00:00:00,Filling,Bottle Line-URGO - VASHE,Yes,Non Sterile,7153,54669,,14,146004,26000,EA,48880,19270.42,Grand Total,54,15708,29531.039999999997,11642.298359999999,,,,,
9,Sat,2026-02-28 00:00:00,Filling,Bottle Line-URGO - VASHE,,,,,,,,,,0,0,Grand Total,,,0,0,,,,,
9,Sun,2026-03-01 00:00:00,Filling,Bottle Line-URGO - VASHE,,,,,,,,,,0,0,Grand Total,,,0,0,,,,,
10,Mon,2026-03-02 00:00:00,Filling,Bottle Line-URGO - VASHE,Yes,Non Sterile,7153,54669,,6,146004,10604,EA,19935.52,7859.366679999999,Grand Total,,,0,0,,,,,
10,Mon,2026-03-02 00:00:00,Filling,Bottle Line-URGO - VASHE,Yes,Non Sterile,7152,54670,,8,244992,8400,EA,14364,5937.9767999999995,Grand Total,63,16920,28933.2,11960.781839999998,,,,,
10,Tue,2026-03-03 00:00:00,Filling,Bottle Line-URGO - VASHE,Yes,Non Sterile,7152,54670,,14,244992,30000,EA,51300,21207.059999999998,Grand Total,,,0,0,,,,,
10,Wed,2026-03-04 00:00:00,Filling,Bottle Line-URGO - VASHE,Yes,Non Sterile,7152,54670,,14,244992,30000,EA,51300,21207.059999999998,Grand Total,,,0,0,,,,,
10,Thu,2026-03-05 00:00:00,Filling,Bottle Line-URGO - VASHE,Yes,Non Sterile,7152,54670,,14,244992,30000,EA,51300,21207.059999999998,Grand Total,,,0,0,,,,,
10,Fri,2026-03-06 00:00:00,Filling,Bottle Line-URGO - VASHE,Yes,Non Sterile,7152,54670,,14,244992,30000,EA,51300,21207.059999999998,Grand Total,,,0,0,,,,,
10,Sat,2026-03-07 00:00:00,Filling,Bottle Line-URGO - VASHE,,,,,,,,,,0,0,Grand Total,,,0,0,,,,,
10,Sun,2026-03-08 00:00:00,Filling,Bottle Line-URGO - VASHE,,,,,,,,,,0,0,Grand Total,,,0,0,,,,,
11,Mon,2026-03-09 00:00:00,Filling,Bottle Line-URGO - VASHE,Yes,Non Sterile,7152,54670,,14,244992,30000,EA,51300,21207.059999999998,Grand Total,,,0,0,,,,,
11,Tue,2026-03-10 00:00:00,Filling,Bottle Line-URGO - VASHE,Yes,Non Sterile,7152,54670,,14,244992,30000,EA,51300,21207.059999999998,Grand Total,,,0,0,,,,,
11,Wed,2026-03-11 00:00:00,Filling,Bottle Line-URGO - VASHE,Yes,Non Sterile,7152,54670,,14,244992,30000,EA,51300,21207.059999999998,Grand Total,,,0,0,,,,,
11,Thu,2026-03-12 00:00:00,Filling,Bottle Line-URGO - VASHE,Yes,Non Sterile,7152,54670,,13,244992,26592,EA,45472.32,18797.937983999997,Grand Total,,,0,0,,,,,
11,Fri,2026-03-13 00:00:00,Filling,Bottle Line-URGO - VASHE,,,,,,,,,,0,0,Grand Total,,,0,0,,,,,
11,Sat,2026-03-14 00:00:00,Filling,Bottle Line-URGO - VASHE,,,,,,,,,,0,0,Grand Total,,,0,0,,,,,
11,Sun,2026-03-15 00:00:00,Filling,Bottle Line-URGO - VASHE,,,,,,,,,,0,0,Grand Total,,,0,0,,,,,
12,Mon,2026-03-16 00:00:00,Filling,Bottle Line-URGO - VASHE,,,,,,,,,,0,0,Grand Total,,,0,0,,,,,
12,Tue,2026-03-17 00:00:00,Filling,Bottle Line-URGO - VASHE,,,,,,,,,,0,0,Grand Total,,,0,0,,,,,
12,Wed,2026-03-18 00:00:00,Filling,Bottle Line-URGO - VASHE,,,,,,,,,,0,0,Grand Total,,,0,0,,,,,
12,Thu,2026-03-19 00:00:00,Filling,Bottle Line-URGO - VASHE,,,,,,,,,,0,0,Grand Total,,,0,0,,,,,
12,Fri,2026-03-20 00:00:00,Filling,Bottle Line-URGO - VASHE,,,,,,,,,,0,0,Grand Total,,,0,0,,,,,
12,Sat,2026-03-21 00:00:00,Filling,Bottle Line-URGO - VASHE,,,,,,,,,,0,0,Grand Total,,,0,0,,,,,
12,Sun,2026-03-22 00:00:00,Filling,Bottle Line-URGO - VASHE,,,,,,,,,,0,0,Grand Total,,,0,0,,,,,
13,Mon,2026-03-23 00:00:00,Filling,Bottle Line-URGO - VASHE,,,,,,,,,,0,0,Grand Total,,,0,0,,,,,
13,Tue,2026-03-24 00:00:00,Filling,Bottle Line-URGO - VASHE,,,,,,,,,,0,0,Grand Total,,,0,0,,,,,
13,Wed,2026-03-25 00:00:00,Filling,Bottle Line-URGO - VASHE,,,,,,,,,,0,0,Grand Total,,,0,0,,,,,
13,Thu,2026-03-26 00:00:00,Filling,Bottle Line-URGO - VASHE,,,,,,,,,,0,0,Grand Total,,,0,0,,,,,
13,Fri,2026-03-27 00:00:00,Filling,Bottle Line-URGO - VASHE,,,,,,,,,,0,0,Grand Total,,,0,0,,,,,
13,Sat,2026-03-28 00:00:00,Filling,Bottle Line-URGO - VASHE,,,,,,,,,,0,0,Grand Total,,,0,0,,,,,
13,Sun,2026-03-29 00:00:00,Filling,Bottle Line-URGO - VASHE,,,,,,,,,,0,0,Grand Total,,,0,0,,,,,
14,Mon,2026-03-30 00:00:00,Filling,Bottle Line-URGO - VASHE,,,,,,,,,,0,0,Grand Total,,,0,0,,,,,
14,Tue,2026-03-31 00:00:00,Filling,Bottle Line-URGO - VASHE,,,,,,,,,,0,0,Grand Total,,,0,0,,,,,
14,Wed,2026-04-01 00:00:00,Filling,Bottle Line-URGO - VASHE,,,,,,,,,,0,0,Grand Total,,,0,0,,,,,
14,Thu,2026-04-02 00:00:00,Filling,Bottle Line-URGO - VASHE,,,,,,,,,,0,0,Grand Total,,,0,0,,,,,
14,Fri,2026-04-03 00:00:00,Filling,Bottle Line-URGO - VASHE,,,,,,,,,,0,0,Grand Total,,,0,0,,,,,
14,Sat,2026-04-04 00:00:00,Filling,Bottle Line-URGO - VASHE,,,,,,,,,,0,0,Grand Total,,,0,0,,,,,
14,Sun,2026-04-05 00:00:00,Filling,Bottle Line-URGO - VASHE,,,,,,,,,,0,0,Grand Total,,,0,0,,,,,
15,Mon,2026-04-06 00:00:00,Filling,Bottle Line-URGO - VASHE,,,,,,,,,,0,0,Grand Total,,,0,0,,,,,
15,Tue,2026-04-07 00:00:00,Filling,Bottle Line-URGO - VASHE,,,,,,,,,,0,0,Grand Total,,,0,0,,,,,
15,Wed,2026-04-08 00:00:00,Filling,Bottle Line-URGO - VASHE,,,,,,,,,,0,0,Grand Total,,,0,0,,,,,
15,Thu,2026-04-09 00:00:00,Filling,Bottle Line-URGO - VASHE,,,,,,,,,,0,0,Grand Total,,,0,0,,,,,
15,Fri,2026-04-10 00:00:00,Filling,Bottle Line-URGO - VASHE,,,,,,,,,,0,0,Grand Total,,,0,0,,,,,
15,Sat,2026-04-11 00:00:00,Filling,Bottle Line-URGO - VASHE,,,,,,,,,,0,0,Grand Total,,,0,0,,,,,
15,Sun,2026-04-12 00:00:00,Filling,Bottle Line-URGO - VASHE,,,,,,,,,,0,0,Grand Total,,,0,0,,,,,
16,Mon,2026-04-13 00:00:00,Filling,Bottle Line-URGO - VASHE,,,,,,,,,,0,0,Grand Total,,,0,0,,,,,
16,Tue,2026-04-14 00:00:00,Filling,Bottle Line-URGO - VASHE,,,,,,,,,,0,0,Grand Total,,,0,0,,,,,
16,Wed,2026-04-15 00:00:00,Filling,Bottle Line-URGO - VASHE,,,,,,,,,,0,0,Grand Total,,,0,0,,,,,
16,Thu,2026-04-16 00:00:00,Filling,Bottle Line-URGO - VASHE,,,,,,,,,,0,0,Grand Total,,,0,0,,,,,
16,Fri,2026-04-17 00:00:00,Filling,Bottle Line-URGO - VASHE,,,,,,,,,,0,0,Grand Total,,,0,0,,,,,
16,Sat,2026-04-18 00:00:00,Filling,Bottle Line-URGO - VASHE,,,,,,,,,,0,0,Grand Total,,,0,0,,,,,
16,Sun,2026-04-19 00:00:00,Filling,Bottle Line-URGO - VASHE,,,,,,,,,,0,0,Grand Total,,,0,0,,,,,
17,Mon,2026-04-20 00:00:00,Filling,Bottle Line-URGO - VASHE,,,,,,,,,,0,0,Grand Total,,,0,0,,,,,
17,Tue,2026-04-21 00:00:00,Filling,Bottle Line-URGO - VASHE,,,,,,,,,,0,0,Grand Total,,,0,0,,,,,
17,Wed,2026-04-22 00:00:00,Filling,Bottle Line-URGO - VASHE,,,,,,,,,,0,0,Grand Total,,,0,0,,,,,
17,Thu,2026-04-23 00:00:00,Filling,Bottle Line-URGO - VASHE,,,,,,,,,,0,0,Grand Total,,,0,0,,,,,
17,Fri,2026-04-24 00:00:00,Filling,Bottle Line-URGO - VASHE,,,,,,,,,,0,0,Grand Total,,,0,0,,,,,
17,Sat,2026-04-25 00:00:00,Filling,Bottle Line-URGO - VASHE,,,,,,,,,,0,0,Grand Total,,,0,0,,,,,
17,Sun,2026-04-26 00:00:00,Filling,Bottle Line-URGO - VASHE,,,,,,,,,,0,0,Grand Total,,,0,0,,,,,
18,Mon,2026-04-27 00:00:00,Filling,Bottle Line-URGO - VASHE,,,,,,,,,,0,0,Grand Total,,,0,0,,,,,
18,Tue,2026-04-28 00:00:00,Filling,Bottle Line-URGO - VASHE,,,,,,,,,,0,0,Grand Total,,,0,0,,,,,
18,Wed,2026-04-29 00:00:00,Filling,Bottle Line-URGO - VASHE,,,,,,,,,,0,0,Grand Total,,,0,0,,,,,
18,Thu,2026-04-30 00:00:00,Filling,Bottle Line-URGO - VASHE,,,,,,,,,,0,0,Grand Total,,,0,0,,,,,
18,Fri,2026-05-01 00:00:00,Filling,Bottle Line-URGO - VASHE,,,,,,,,,,0,0,Grand Total,,,0,0,,,,,
18,Sat,2026-05-02 00:00:00,Filling,Bottle Line-URGO - VASHE,,,,,,,,,,0,0,Grand Total,,,0,0,,,,,
18,Sun,2026-05-03 00:00:00,Filling,Bottle Line-URGO - VASHE,,,,,,,,,,0,0,Grand Total,,,0,0,,,,,
19,Mon,2026-05-04 00:00:00,Filling,Bottle Line-URGO - VASHE,,,,,,,,,,0,0,Grand Total,,,0,0,,,,,
19,Tue,2026-05-05 00:00:00,Filling,Bottle Line-URGO - VASHE,,,,,,,,,,0,0,Grand Total,,,0,0,,,,,
19,Wed,2026-05-06 00:00:00,Filling,Bottle Line-URGO - VASHE,,,,,,,,,,0,0,Grand Total,,,0,0,,,,,
19,Thu,2026-05-07 00:00:00,Filling,Bottle Line-URGO - VASHE,,,,,,,,,,0,0,Grand Total,,,0,0,,,,,
19,Fri,2026-05-08 00:00:00,Filling,Bottle Line-URGO - VASHE,,,,,,,,,,0,0,Grand Total,,,0,0,,,,,
19,Sat,2026-05-09 00:00:00,Filling,Bottle Line-URGO - VASHE,,,,,,,,,,0,0,Grand Total,,,0,0,,,,,
19,Sun,2026-05-10 00:00:00,Filling,Bottle Line-URGO - VASHE,,,,,,,,,,0,0,Grand Total,,,0,0,,,,,
20,Mon,2026-05-11 00:00:00,Filling,Bottle Line-URGO - VASHE,,,,,,,,,,0,0,Grand Total,,,0,0,,,,,
20,Tue,2026-05-12 00:00:00,Filling,Bottle Line-URGO - VASHE,,,,,,,,,,0,0,Grand Total,,,0,0,,,,,
20,Wed,2026-05-13 00:00:00,Filling,Bottle Line-URGO - VASHE,,,,,,,,,,0,0,Grand Total,,,0,0,,,,,
20,Thu,2026-05-14 00:00:00,Filling,Bottle Line-URGO - VASHE,,,,,,,,,,0,0,Grand Total,,,0,0,,,,,
20,Fri,2026-05-15 00:00:00,Filling,Bottle Line-URGO - VASHE,,,,,,,,,,0,0,Grand Total,,,0,0,,,,,
20,Sat,2026-05-16 00:00:00,Filling,Bottle Line-URGO - VASHE,,,,,,,,,,0,0,Grand Total,,,0,0,,,,,
20,Sun,2026-05-17 00:00:00,Filling,Bottle Line-URGO - VASHE,,,,,,,,,,0,0,Grand Total,,,0,0,,,,,
21,Mon,2026-05-18 00:00:00,Filling,Bottle Line-URGO - VASHE,,,,,,,,,,0,0,Grand Total,,,0,0,,,,,
21,Tue,2026-05-19 00:00:00,Filling,Bottle Line-URGO - VASHE,,,,,,,,,,0,0,Grand Total,,,0,0,,,,,
21,Wed,2026-05-20 00:00:00,Filling,Bottle Line-URGO - VASHE,,,,,,,,,,0,0,Grand Total,,,0,0,,,,,
21,Thu,2026-05-21 00:00:00,Filling,Bottle Line-URGO - VASHE,,,,,,,,,,0,0,Grand Total,,,0,0,,,,,
21,Fri,2026-05-22 00:00:00,Filling,Bottle Line-URGO - VASHE,,,,,,,,,,0,0,Grand Total,,,0,0,,,,,
21,Sat,2026-05-23 00:00:00,Filling,Bottle Line-URGO - VASHE,,,,,,,,,,0,0,Grand Total,,,0,0,,,,,
21,Sun,2026-05-24 00:00:00,Filling,Bottle Line-URGO - VASHE,,,,,,,,,,0,0,Grand Total,,,0,0,,,,,
22,Mon,2026-05-25 00:00:00,Filling,Bottle Line-URGO - VASHE,,,,,,,,,,0,0,Grand Total,,,0,0,,,,,
22,Tue,2026-05-26 00:00:00,Filling,Bottle Line-URGO - VASHE,,,,,,,,,,0,0,Grand Total,,,0,0,,,,,
22,Wed,2026-05-27 00:00:00,Filling,Bottle Line-URGO - VASHE,,,,,,,,,,0,0,Grand Total,,,0,0,,,,,
22,Thu,2026-05-28 00:00:00,Filling,Bottle Line-URGO - VASHE,,,,,,,,,,0,0,Grand Total,,,0,0,,,,,
22,Fri,2026-05-29 00:00:00,Filling,Bottle Line-URGO - VASHE,,,,,,,,,,0,0,Grand Total,,,0,0,,,,,
22,Sat,2026-05-30 00:00:00,Filling,Bottle Line-URGO - VASHE,,,,,,,,,,0,0,Grand Total,,,0,0,,,,,
22,Sun,2026-05-31 00:00:00,Filling,Bottle Line-URGO - VASHE,,,,,,,,,,0,0,Grand Total,,,0,0,,,,,
23,Mon,2026-06-01 00:00:00,Filling,Bottle Line-URGO - VASHE,,,,,,,,,,0,0,Grand Total,,,0,0,,,,,
23,Tue,2026-06-02 00:00:00,Filling,Bottle Line-URGO - VASHE,,,,,,,,,,0,0,Grand Total,,,0,0,,,,,
23,Wed,2026-06-03 00:00:00,Filling,Bottle Line-URGO - VASHE,,,,,,,,,,0,0,Grand Total,,,0,0,,,,,
23,Thu,2026-06-04 00:00:00,Filling,Bottle Line-URGO - VASHE,,,,,,,,,,0,0,Grand Total,,,0,0,,,,,
23,Fri,2026-06-05 00:00:00,Filling,Bottle Line-URGO - VASHE,,,,,,,,,,0,0,Grand Total,,,0,0,,,,,
23,Sat,2026-06-06 00:00:00,Filling,Bottle Line-URGO - VASHE,,,,,,,,,,0,0,Grand Total,,,0,0,,,,,
23,Sun,2026-06-07 00:00:00,Filling,Bottle Line-URGO - VASHE,,,,,,,,,,0,0,Grand Total,,,0,0,,,,,
24,Mon,2026-06-08 00:00:00,Filling,Bottle Line-URGO - VASHE,,,,,,,,,,0,0,Grand Total,,,0,0,,,,,
24,Tue,2026-06-09 00:00:00,Filling,Bottle Line-URGO - VASHE,,,,,,,,,,0,0,Grand Total,,,0,0,,,,,
24,Wed,2026-06-10 00:00:00,Filling,Bottle Line-URGO - VASHE,,,,,,,,,,0,0,Grand Total,,,0,0,,,,,
24,Thu,2026-06-11 00:00:00,Filling,Bottle Line-URGO - VASHE,,,,,,,,,,0,0,Grand Total,,,0,0,,,,,
24,Fri,2026-06-12 00:00:00,Filling,Bottle Line-URGO - VASHE,,,,,,,,,,0,0,Grand Total,,,0,0,,,,,
24,Sat,2026-06-13 00:00:00,Filling,Bottle Line-URGO - VASHE,,,,,,,,,,0,0,Grand Total,,,0,0,,,,,
24,Sun,2026-06-14 00:00:00,Filling,Bottle Line-URGO - VASHE,,,,,,,,,,0,0,Grand Total,,,0,0,,,,,
25,Mon,2026-06-15 00:00:00,Filling,Bottle Line-URGO - VASHE,,,,,,,,,,0,0,Grand Total,,,0,0,,,,,
25,Tue,2026-06-16 00:00:00,Filling,Bottle Line-URGO - VASHE,,,,,,,,,,0,0,Grand Total,,,0,0,,,,,
25,Wed,2026-06-17 00:00:00,Filling,Bottle Line-URGO - VASHE,,,,,,,,,,0,0,Grand Total,,,0,0,,,,,
25,Thu,2026-06-18 00:00:00,Filling,Bottle Line-URGO - VASHE,,,,,,,,,,0,0,Grand Total,,,0,0,,,,,
25,Fri,2026-06-19 00:00:00,Filling,Bottle Line-URGO - VASHE,,,,,,,,,,0,0,Grand Total,,,0,0,,,,,
25,Sat,2026-06-20 00:00:00,Filling,Bottle Line-URGO - VASHE,,,,,,,,,,0,0,Grand Total,,,0,0,,,,,
25,Sun,2026-06-21 00:00:00,Filling,Bottle Line-URGO - VASHE,,,,,,,,,,0,0,Grand Total,,,0,0,,,,,
26,Mon,2026-06-22 00:00:00,Filling,Bottle Line-URGO - VASHE,,,,,,,,,,0,0,Grand Total,,,0,0,,,,,
26,Tue,2026-06-23 00:00:00,Filling,Bottle Line-URGO - VASHE,,,,,,,,,,0,0,Grand Total,,,0,0,,,,,
26,Wed,2026-06-24 00:00:00,Filling,Bottle Line-URGO - VASHE,,,,,,,,,,0,0,Grand Total,,,0,0,,,,,
26,Thu,2026-06-25 00:00:00,Filling,Bottle Line-URGO - VASHE,,,,,,,,,,0,0,Grand Total,,,0,0,,,,,
26,Fri,2026-06-26 00:00:00,Filling,Bottle Line-URGO - VASHE,,,,,,,,,,0,0,Grand Total,,,0,0,,,,,
26,Sat,2026-06-27 00:00:00,Filling,Bottle Line-URGO - VASHE,,,,,,,,,,0,0,Grand Total,,,0,0,,,,,
26,Sun,2026-06-28 00:00:00,Filling,Bottle Line-URGO - VASHE,,,,,,,,,,0,0,Grand Total,,,0,0,,,,,
27,Mon,2026-06-29 00:00:00,Filling,Bottle Line-URGO - VASHE,,,,,,,,,,0,0,Grand Total,,,0,0,,,,,
27,Tue,2026-06-30 00:00:00,Filling,Bottle Line-URGO - VASHE,,,,,,,,,,0,0,Grand Total,,,0,0,,,,,
27,Wed,2026-07-01 00:00:00,Filling,Bottle Line-URGO - VASHE,,,,,,,,,,0,0,Grand Total,,,0,0,,,,,
27,Thu,2026-07-02 00:00:00,Filling,Bottle Line-URGO - VASHE,,,,,,,,,,0,0,Grand Total,,,0,0,,,,,
27,Fri,2026-07-03 00:00:00,Filling,Bottle Line-URGO - VASHE,,,,,,,,,,0,0,Grand Total,,,0,0,,,,,
27,Sat,2026-07-04 00:00:00,Filling,Bottle Line-URGO - VASHE,,,,,,,,,,0,0,Grand Total,,,0,0,,,,,
27,Sun,2026-07-05 00:00:00,Filling,Bottle Line-URGO - VASHE,,,,,,,,,,0,0,Grand Total,,,0,0,,,,,
28,Mon,2026-07-06 00:00:00,Filling,Bottle Line-URGO - VASHE,,,,,,,,,,0,0,Grand Total,,,0,0,,,,,
28,Tue,2026-07-07 00:00:00,Filling,Bottle Line-URGO - VASHE,,,,,,,,,,0,0,Grand Total,,,0,0,,,,,
28,Wed,2026-07-08 00:00:00,Filling,Bottle Line-URGO - VASHE,,,,,,,,,,0,0,Grand Total,,,0,0,,,,,
28,Thu,2026-07-09 00:00:00,Filling,Bottle Line-URGO - VASHE,,,,,,,,,,0,0,Grand Total,,,0,0,,,,,
28,Fri,2026-07-10 00:00:00,Filling,Bottle Line-URGO - VASHE,,,,,,,,,,0,0,Grand Total,,,0,0,,,,,
28,Sat,2026-07-11 00:00:00,Filling,Bottle Line-URGO - VASHE,,,,,,,,,,0,0,Grand Total,,,0,0,,,,,
28,Sun,2026-07-12 00:00:00,Filling,Bottle Line-URGO - VASHE,,,,,,,,,,0,0,Grand Total,,,0,0,,,,,
29,Mon,2026-07-13 00:00:00,Filling,Bottle Line-URGO - VASHE,,,,,,,,,,0,0,Grand Total,,,0,0,,,,,
29,Tue,2026-07-14 00:00:00,Filling,Bottle Line-URGO - VASHE,,,,,,,,,,0,0,Grand Total,,,0,0,,,,,
29,Wed,2026-07-15 00:00:00,Filling,Bottle Line-URGO - VASHE,,,,,,,,,,0,0,Grand Total,,,0,0,,,,,
29,Thu,2026-07-16 00:00:00,Filling,Bottle Line-URGO - VASHE,,,,,,,,,,0,0,Grand Total,,,0,0,,,,,
29,Fri,2026-07-17 00:00:00,Filling,Bottle Line-URGO - VASHE,,,,,,,,,,0,0,Grand Total,,,0,0,,,,,
29,Sat,2026-07-18 00:00:00,Filling,Bottle Line-URGO - VASHE,,,,,,,,,,0,0,Grand Total,,,0,0,,,,,
29,Sun,2026-07-19 00:00:00,Filling,Bottle Line-URGO - VASHE,,,,,,,,,,0,0,Grand Total,,,0,0,,,,,
30,Mon,2026-07-20 00:00:00,Filling,Bottle Line-URGO - VASHE,,,,,,,,,,0,0,Grand Total,,,0,0,,,,,
30,Tue,2026-07-21 00:00:00,Filling,Bottle Line-URGO - VASHE,,,,,,,,,,0,0,Grand Total,,,0,0,,,,,
30,Wed,2026-07-22 00:00:00,Filling,Bottle Line-URGO - VASHE,,,,,,,,,,0,0,Grand Total,,,0,0,,,,,
30,Thu,2026-07-23 00:00:00,Filling,Bottle Line-URGO - VASHE,,,,,,,,,,0,0,Grand Total,,,0,0,,,,,
30,Fri,2026-07-24 00:00:00,Filling,Bottle Line-URGO - VASHE,,,,,,,,,,0,0,Grand Total,,,0,0,,,,,
30,Sat,2026-07-25 00:00:00,Filling,Bottle Line-URGO - VASHE,,,,,,,,,,0,0,Grand Total,,,0,0,,,,,
30,Sun,2026-07-26 00:00:00,Filling,Bottle Line-URGO - VASHE,,,,,,,,,,0,0,Grand Total,,,0,0,,,,,
31,Mon,2026-07-27 00:00:00,Filling,Bottle Line-URGO - VASHE,,,,,,,,,,0,0,Grand Total,,,0,0,,,,,
31,Tue,2026-07-28 00:00:00,Filling,Bottle Line-URGO - VASHE,,,,,,,,,,0,0,Grand Total,,,0,0,,,,,
31,Wed,2026-07-29 00:00:00,Filling,Bottle Line-URGO - VASHE,,,,,,,,,,0,0,Grand Total,,,0,0,,,,,
31,Thu,2026-07-30 00:00:00,Filling,Bottle Line-URGO - VASHE,,,,,,,,,,0,0,Grand Total,,,0,0,,,,,
31,Fri,2026-07-31 00:00:00,Filling,Bottle Line-URGO - VASHE,,,,,,,,,,0,0,Grand Total,,,0,0,,,,,
31,Sat,2026-08-01 00:00:00,Filling,Bottle Line-URGO - VASHE,,,,,,,,,,0,0,Grand Total,,,0,0,,,,,
31,Sun,2026-08-02 00:00:00,Filling,Bottle Line-URGO - VASHE,,,,,,,,,,0,0,Grand Total,,,0,0,,,,,
32,Mon,2026-08-03 00:00:00,Filling,Bottle Line-URGO - VASHE,,,,,,,,,,0,0,Grand Total,,,0,0,,,,,
32,Tue,2026-08-04 00:00:00,Filling,Bottle Line-URGO - VASHE,,,,,,,,,,0,0,Grand Total,,,0,0,,,,,
32,Wed,2026-08-05 00:00:00,Filling,Bottle Line-URGO - VASHE,,,,,,,,,,0,0,Grand Total,,,0,0,,,,,
32,Thu,2026-08-06 00:00:00,Filling,Bottle Line-URGO - VASHE,,,,,,,,,,0,0,Grand Total,,,0,0,,,,,
32,Fri,2026-08-07 00:00:00,Filling,Bottle Line-URGO - VASHE,,,,,,,,,,0,0,Grand Total,,,0,0,,,,,
32,Sat,2026-08-08 00:00:00,Filling,Bottle Line-URGO - VASHE,,,,,,,,,,0,0,Grand Total,,,0,0,,,,,
32,Sun,2026-08-09 00:00:00,Filling,Bottle Line-URGO - VASHE,,,,,,,,,,0,0,Grand Total,,,0,0,,,,,
33,Mon,2026-08-10 00:00:00,Filling,Bottle Line-URGO - VASHE,,,,,,,,,,0,0,Grand Total,,,0,0,,,,,
33,Tue,2026-08-11 00:00:00,Filling,Bottle Line-URGO - VASHE,,,,,,,,,,0,0,Grand Total,,,0,0,,,,,
33,Wed,2026-08-12 00:00:00,Filling,Bottle Line-URGO - VASHE,,,,,,,,,,0,0,Grand Total,,,0,0,,,,,
33,Thu,2026-08-13 00:00:00,Filling,Bottle Line-URGO - VASHE,,,,,,,,,,0,0,Grand Total,,,0,0,,,,,
33,Fri,2026-08-14 00:00:00,Filling,Bottle Line-URGO - VASHE,,,,,,,,,,0,0,Grand Total,,,0,0,,,,,
33,Sat,2026-08-15 00:00:00,Filling,Bottle Line-URGO - VASHE,,,,,,,,,,0,0,Grand Total,,,0,0,,,,,
33,Sun,2026-08-16 00:00:00,Filling,Bottle Line-URGO - VASHE,,,,,,,,,,0,0,Grand Total,,,0,0,,,,,
34,Mon,2026-08-17 00:00:00,Filling,Bottle Line-URGO - VASHE,,,,,,,,,,0,0,Grand Total,,,0,0,,,,,
34,Tue,2026-08-18 00:00:00,Filling,Bottle Line-URGO - VASHE,,,,,,,,,,0,0,Grand Total,,,0,0,,,,,
34,Wed,2026-08-19 00:00:00,Filling,Bottle Line-URGO - VASHE,,,,,,,,,,0,0,Grand Total,,,0,0,,,,,
34,Thu,2026-08-20 00:00:00,Filling,Bottle Line-URGO - VASHE,,,,,,,,,,0,0,Grand Total,,,0,0,,,,,
34,Fri,2026-08-21 00:00:00,Filling,Bottle Line-URGO - VASHE,,,,,,,,,,0,0,Grand Total,,,0,0,,,,,
34,Sat,2026-08-22 00:00:00,Filling,Bottle Line-URGO - VASHE,,,,,,,,,,0,0,Grand Total,,,0,0,,,,,
34,Sun,2026-08-23 00:00:00,Filling,Bottle Line-URGO - VASHE,,,,,,,,,,0,0,Grand Total,,,0,0,,,,,
35,Mon,2026-08-24 00:00:00,Filling,Bottle Line-URGO - VASHE,,,,,,,,,,0,0,Grand Total,,,0,0,,,,,
35,Tue,2026-08-25 00:00:00,Filling,Bottle Line-URGO - VASHE,,,,,,,,,,0,0,Grand Total,,,0,0,,,,,
35,Wed,2026-08-26 00:00:00,Filling,Bottle Line-URGO - VASHE,,,,,,,,,,0,0,Grand Total,,,0,0,,,,,
35,Thu,2026-08-27 00:00:00,Filling,Bottle Line-URGO - VASHE,,,,,,,,,,0,0,Grand Total,,,0,0,,,,,
35,Fri,2026-08-28 00:00:00,Filling,Bottle Line-URGO - VASHE,,,,,,,,,,0,0,Grand Total,,,0,0,,,,,
35,Sat,2026-08-29 00:00:00,Filling,Bottle Line-URGO - VASHE,,,,,,,,,,0,0,Grand Total,,,0,0,,,,,
35,Sun,2026-08-30 00:00:00,Filling,Bottle Line-URGO - VASHE,,,,,,,,,,0,0,Grand Total,,,0,0,,,,,
36,Mon,2026-08-31 00:00:00,Filling,Bottle Line-URGO - VASHE,,,,,,,,,,0,0,Grand Total,,,0,0,,,,,
36,Tue,2026-09-01 00:00:00,Filling,Bottle Line-URGO - VASHE,,,,,,,,,,0,0,Grand Total,,,0,0,,,,,
36,Wed,2026-09-02 00:00:00,Filling,Bottle Line-URGO - VASHE,,,,,,,,,,0,0,Grand Total,,,0,0,,,,,
36,Thu,2026-09-03 00:00:00,Filling,Bottle Line-URGO - VASHE,,,,,,,,,,0,0,Grand Total,,,0,0,,,,,
36,Fri,2026-09-04 00:00:00,Filling,Bottle Line-URGO - VASHE,,,,,,,,,,0,0,Grand Total,,,0,0,,,,,
36,Sat,2026-09-05 00:00:00,Filling,Bottle Line-URGO - VASHE,,,,,,,,,,0,0,Grand Total,,,0,0,,,,,
36,Sun,2026-09-06 00:00:00,Filling,Bottle Line-URGO - VASHE,,,,,,,,,,0,0,Grand Total,,,0,0,,,,,
37,Mon,2026-09-07 00:00:00,Filling,Bottle Line-URGO - VASHE,,,,,,,,,,0,0,Grand Total,,,0,0,,,,,
37,Tue,2026-09-08 00:00:00,Filling,Bottle Line-URGO - VASHE,,,,,,,,,,0,0,Grand Total,,,0,0,,,,,
37,Wed,2026-09-09 00:00:00,Filling,Bottle Line-URGO - VASHE,,,,,,,,,,0,0,Grand Total,,,0,0,,,,,
37,Thu,2026-09-10 00:00:00,Filling,Bottle Line-URGO - VASHE,,,,,,,,,,0,0,Grand Total,,,0,0,,,,,
37,Fri,2026-09-11 00:00:00,Filling,Bottle Line-URGO - VASHE,,,,,,,,,,0,0,Grand Total,,,0,0,,,,,
37,Sat,2026-09-12 00:00:00,Filling,Bottle Line-URGO - VASHE,,,,,,,,,,0,0,Grand Total,,,0,0,,,,,
37,Sun,2026-09-13 00:00:00,Filling,Bottle Line-URGO - VASHE,,,,,,,,,,0,0,Grand Total,,,0,0,,,,,
38,Mon,2026-09-14 00:00:00,Filling,Bottle Line-URGO - VASHE,,,,,,,,,,0,0,Grand Total,,,0,0,,,,,
38,Tue,2026-09-15 00:00:00,Filling,Bottle Line-URGO - VASHE,,,,,,,,,,0,0,Grand Total,,,0,0,,,,,
38,Wed,2026-09-16 00:00:00,Filling,Bottle Line-URGO - VASHE,,,,,,,,,,0,0,Grand Total,,,0,0,,,,,
38,Thu,2026-09-17 00:00:00,Filling,Bottle Line-URGO - VASHE,,,,,,,,,,0,0,Grand Total,,,0,0,,,,,
38,Fri,2026-09-18 00:00:00,Filling,Bottle Line-URGO - VASHE,,,,,,,,,,0,0,Grand Total,,,0,0,,,,,
38,Sat,2026-09-19 00:00:00,Filling,Bottle Line-URGO - VASHE,,,,,,,,,,0,0,Grand Total,,,0,0,,,,,
38,Sun,2026-09-20 00:00:00,Filling,Bottle Line-URGO - VASHE,,,,,,,,,,0,0,Grand Total,,,0,0,,,,,
39,Mon,2026-09-21 00:00:00,Filling,Bottle Line-URGO - VASHE,,,,,,,,,,0,0,Grand Total,,,0,0,,,,,
39,Tue,2026-09-22 00:00:00,Filling,Bottle Line-URGO - VASHE,,,,,,,,,,0,0,Grand Total,,,0,0,,,,,
39,Thu,2026-09-24 00:00:00,Filling,Bottle Line-URGO - VASHE,,,,,,,,,,0,0,Grand Total,,,0,0,,,,,
39,Fri,2026-09-25 00:00:00,Filling,Bottle Line-URGO - VASHE,,,,,,,,,,0,0,Grand Total,,,0,0,,,,,
39,Sat,2026-09-26 00:00:00,Filling,Bottle Line-URGO - VASHE,,,,,,,,,,0,0,Grand Total,,,0,0,,,,,
39,Sun,2026-09-27 00:00:00,Filling,Bottle Line-URGO - VASHE,,,,,,,,,,0,0,Grand Total,,,0,0,,,,,
40,Mon,2026-09-28 00:00:00,Filling,Bottle Line-URGO - VASHE,,,,,,,,,,0,0,Grand Total,,,0,0,,,,,
40,Tue,2026-09-29 00:00:00,Filling,Bottle Line-URGO - VASHE,,,,,,,,,,0,0,Grand Total,,,0,0,,,,,
40,Wed,2026-09-30 00:00:00,Filling,Bottle Line-URGO - VASHE,,,,,,,,,,0,0,Grand Total,,,0,0,,,,,
40,Thu,2026-10-01 00:00:00,Filling,Bottle Line-URGO - VASHE,,,,,,,,,,0,0,Grand Total,,,0,0,,,,,
40,Fri,2026-10-02 00:00:00,Filling,Bottle Line-URGO - VASHE,,,,,,,,,,0,0,Grand Total,,,0,0,,,,,
40,Sat,2026-10-03 00:00:00,Filling,Bottle Line-URGO - VASHE,,,,,,,,,,0,0,Grand Total,,,0,0,,,,,
40,Sun,2026-10-04 00:00:00,Filling,Bottle Line-URGO - VASHE,,,,,,,,,,0,0,Grand Total,,,0,0,,,,,
41,Mon,2026-10-05 00:00:00,Filling,Bottle Line-URGO - VASHE,,,,,,,,,,0,0,Grand Total,,,0,0,,,,,
41,Tue,2026-10-06 00:00:00,Filling,Bottle Line-URGO - VASHE,,,,,,,,,,0,0,Grand Total,,,0,0,,,,,
41,Wed,2026-10-07 00:00:00,Filling,Bottle Line-URGO - VASHE,,,,,,,,,,0,0,Grand Total,,,0,0,,,,,
41,Thu,2026-10-08 00:00:00,Filling,Bottle Line-URGO - VASHE,,,,,,,,,,0,0,Grand Total,,,0,0,,,,,
41,Fri,2026-10-09 00:00:00,Filling,Bottle Line-URGO - VASHE,,,,,,,,,,0,0,Grand Total,,,0,0,,,,,
41,Sat,2026-10-10 00:00:00,Filling,Bottle Line-URGO - VASHE,,,,,,,,,,0,0,Grand Total,,,0,0,,,,,
41,Sun,2026-10-11 00:00:00,Filling,Bottle Line-URGO - VASHE,,,,,,,,,,0,0,Grand Total,,,0,0,,,,,
42,Mon,2026-10-12 00:00:00,Filling,Bottle Line-URGO - VASHE,,,,,,,,,,0,0,Grand Total,,,0,0,,,,,
42,Tue,2026-10-13 00:00:00,Filling,Bottle Line-URGO - VASHE,,,,,,,,,,0,0,Grand Total,,,0,0,,,,,
42,Wed,2026-10-14 00:00:00,Filling,Bottle Line-URGO - VASHE,,,,,,,,,,0,0,Grand Total,,,0,0,,,,,
42,Thu,2026-10-15 00:00:00,Filling,Bottle Line-URGO - VASHE,,,,,,,,,,0,0,Grand Total,,,0,0,,,,,
42,Fri,2026-10-16 00:00:00,Filling,Bottle Line-URGO - VASHE,,,,,,,,,,0,0,Grand Total,,,0,0,,,,,
42,Sat,2026-10-17 00:00:00,Filling,Bottle Line-URGO - VASHE,,,,,,,,,,0,0,Grand Total,,,0,0,,,,,
42,Sun,2026-10-18 00:00:00,Filling,Bottle Line-URGO - VASHE,,,,,,,,,,0,0,Grand Total,,,0,0,,,,,
43,Mon,2026-10-19 00:00:00,Filling,Bottle Line-URGO - VASHE,,,,,,,,,,0,0,Grand Total,,,0,0,,,,,
43,Tue,2026-10-20 00:00:00,Filling,Bottle Line-URGO - VASHE,,,,,,,,,,0,0,Grand Total,,,0,0,,,,,
43,Wed,2026-10-21 00:00:00,Filling,Bottle Line-URGO - VASHE,,,,,,,,,,0,0,Grand Total,,,0,0,,,,,
43,Thu,2026-10-22 00:00:00,Filling,Bottle Line-URGO - VASHE,,,,,,,,,,0,0,Grand Total,,,0,0,,,,,
43,Fri,2026-10-23 00:00:00,Filling,Bottle Line-URGO - VASHE,,,,,,,,,,0,0,Grand Total,,,0,0,,,,,
43,Sat,2026-10-24 00:00:00,Filling,Bottle Line-URGO - VASHE,,,,,,,,,,0,0,Grand Total,,,0,0,,,,,
43,Sun,2026-10-25 00:00:00,Filling,Bottle Line-URGO - VASHE,,,,,,,,,,0,0,Grand Total,,,0,0,,,,,
44,Mon,2026-10-26 00:00:00,Filling,Bottle Line-URGO - VASHE,,,,,,,,,,0,0,Grand Total,,,0,0,,,,,
44,Tue,2026-10-27 00:00:00,Filling,Bottle Line-URGO - VASHE,,,,,,,,,,0,0,Grand Total,,,0,0,,,,,
44,Wed,2026-10-28 00:00:00,Filling,Bottle Line-URGO - VASHE,,,,,,,,,,0,0,Grand Total,,,0,0,,,,,
44,Thu,2026-10-29 00:00:00,Filling,Bottle Line-URGO - VASHE,,,,,,,,,,0,0,Grand Total,,,0,0,,,,,
44,Fri,2026-10-30 00:00:00,Filling,Bottle Line-URGO - VASHE,,,,,,,,,,0,0,Grand Total,,,0,0,,,,,
44,Sat,2026-10-31 00:00:00,Filling,Bottle Line-URGO - VASHE,,,,,,,,,,0,0,Grand Total,,,0,0,,,,,
44,Sun,2026-11-01 00:00:00,Filling,Bottle Line-URGO - VASHE,,,,,,,,,,0,0,Grand Total,,,0,0,,,,,
45,Mon,2026-11-02 00:00:00,Filling,Bottle Line-URGO - VASHE,,,,,,,,,,0,0,Grand Total,,,0,0,,,,,
45,Tue,2026-11-03 00:00:00,Filling,Bottle Line-URGO - VASHE,,,,,,,,,,0,0,Grand Total,,,0,0,,,,,
45,Wed,2026-11-04 00:00:00,Filling,Bottle Line-URGO - VASHE,,,,,,,,,,0,0,Grand Total,,,0,0,,,,,
45,Thu,2026-11-05 00:00:00,Filling,Bottle Line-URGO - VASHE,,,,,,,,,,0,0,Grand Total,,,0,0,,,,,
45,Fri,2026-11-06 00:00:00,Filling,Bottle Line-URGO - VASHE,,,,,,,,,,0,0,Grand Total,,,0,0,,,,,
45,Sat,2026-11-07 00:00:00,Filling,Bottle Line-URGO - VASHE,,,,,,,,,,0,0,Grand Total,,,0,0,,,,,
45,Sun,2026-11-08 00:00:00,Filling,Bottle Line-URGO - VASHE,,,,,,,,,,0,0,Grand Total,,,0,0,,,,,
46,Mon,2026-11-09 00:00:00,Filling,Bottle Line-URGO - VASHE,,,,,,,,,,0,0,Grand Total,,,0,0,,,,,
46,Tue,2026-11-10 00:00:00,Filling,Bottle Line-URGO - VASHE,,,,,,,,,,0,0,Grand Total,,,0,0,,,,,
46,Wed,2026-11-11 00:00:00,Filling,Bottle Line-URGO - VASHE,,,,,,,,,,0,0,Grand Total,,,0,0,,,,,
46,Thu,2026-11-12 00:00:00,Filling,Bottle Line-URGO - VASHE,,,,,,,,,,0,0,Grand Total,,,0,0,,,,,
46,Fri,2026-11-13 00:00:00,Filling,Bottle Line-URGO - VASHE,,,,,,,,,,0,0,Grand Total,,,0,0,,,,,
46,Sat,2026-11-14 00:00:00,Filling,Bottle Line-URGO - VASHE,,,,,,,,,,0,0,Grand Total,,,0,0,,,,,
46,Sun,2026-11-15 00:00:00,Filling,Bottle Line-URGO - VASHE,,,,,,,,,,0,0,Grand Total,,,0,0,,,,,
47,Mon,2026-11-16 00:00:00,Filling,Bottle Line-URGO - VASHE,,,,,,,,,,0,0,Grand Total,,,0,0,,,,,
47,Tue,2026-11-17 00:00:00,Filling,Bottle Line-URGO - VASHE,,,,,,,,,,0,0,Grand Total,,,0,0,,,,,
47,Wed,2026-11-18 00:00:00,Filling,Bottle Line-URGO - VASHE,,,,,,,,,,0,0,Grand Total,,,0,0,,,,,
47,Thu,2026-11-19 00:00:00,Filling,Bottle Line-URGO - VASHE,,,,,,,,,,0,0,Grand Total,,,0,0,,,,,
47,Fri,2026-11-20 00:00:00,Filling,Bottle Line-URGO - VASHE,,,,,,,,,,0,0,Grand Total,,,0,0,,,,,
47,Sat,2026-11-21 00:00:00,Filling,Bottle Line-URGO - VASHE,,,,,,,,,,0,0,Grand Total,,,0,0,,,,,
47,Sun,2026-11-22 00:00:00,Filling,Bottle Line-URGO - VASHE,,,,,,,,,,0,0,Grand Total,,,0,0,,,,,
48,Mon,2026-11-23 00:00:00,Filling,Bottle Line-URGO - VASHE,,,,,,,,,,0,0,Grand Total,,,0,0,,,,,
48,Tue,2026-11-24 00:00:00,Filling,Bottle Line-URGO - VASHE,,,,,,,,,,0,0,Grand Total,,,0,0,,,,,
48,Wed,2026-11-25 00:00:00,Filling,Bottle Line-URGO - VASHE,,,,,,,,,,0,0,Grand Total,,,0,0,,,,,
48,Thu,2026-11-26 00:00:00,Filling,Bottle Line-URGO - VASHE,,,,,,,,,,0,0,Grand Total,,,0,0,,,,,
48,Fri,2026-11-27 00:00:00,Filling,Bottle Line-URGO - VASHE,,,,,,,,,,0,0,Grand Total,,,0,0,,,,,
48,Sat,2026-11-28 00:00:00,Filling,Bottle Line-URGO - VASHE,,,,,,,,,,0,0,Grand Total,,,0,0,,,,,
48,Sun,2026-11-29 00:00:00,Filling,Bottle Line-URGO - VASHE,,,,,,,,,,0,0,Grand Total,,,0,0,,,,,
49,Mon,2026-11-30 00:00:00,Filling,Bottle Line-URGO - VASHE,,,,,,,,,,0,0,Grand Total,,,0,0,,,,,
49,Tue,2026-12-01 00:00:00,Filling,Bottle Line-URGO - VASHE,,,,,,,,,,0,0,Grand Total,,,0,0,,,,,
49,Wed,2026-12-02 00:00:00,Filling,Bottle Line-URGO - VASHE,,,,,,,,,,0,0,Grand Total,,,0,0,,,,,
49,Thu,2026-12-03 00:00:00,Filling,Bottle Line-URGO - VASHE,,,,,,,,,,0,0,Grand Total,,,0,0,,,,,
49,Fri,2026-12-04 00:00:00,Filling,Bottle Line-URGO - VASHE,,,,,,,,,,0,0,Grand Total,,,0,0,,,,,
49,Sat,2026-12-05 00:00:00,Filling,Bottle Line-URGO - VASHE,,,,,,,,,,0,0,Grand Total,,,0,0,,,,,
49,Sun,2026-12-06 00:00:00,Filling,Bottle Line-URGO - VASHE,,,,,,,,,,0,0,Grand Total,,,0,0,,,,,
50,Mon,2026-12-07 00:00:00,Filling,Bottle Line-URGO - VASHE,,,,,,,,,,0,0,Grand Total,,,0,0,,,,,
50,Tue,2026-12-08 00:00:00,Filling,Bottle Line-URGO - VASHE,,,,,,,,,,0,0,Grand Total,,,0,0,,,,,
50,Wed,2026-12-09 00:00:00,Filling,Bottle Line-URGO - VASHE,,,,,,,,,,0,0,Grand Total,,,0,0,,,,,
50,Thu,2026-12-10 00:00:00,Filling,Bottle Line-URGO - VASHE,,,,,,,,,,0,0,Grand Total,,,0,0,,,,,
50,Fri,2026-12-11 00:00:00,Filling,Bottle Line-URGO - VASHE,,,,,,,,,,0,0,Grand Total,,,0,0,,,,,
50,Sat,2026-12-12 00:00:00,Filling,Bottle Line-URGO - VASHE,,,,,,,,,,0,0,Grand Total,,,0,0,,,,,
50,Sun,2026-12-13 00:00:00,Filling,Bottle Line-URGO - VASHE,,,,,,,,,,0,0,Grand Total,,,0,0,,,,,
51,Mon,2026-12-14 00:00:00,Filling,Bottle Line-URGO - VASHE,,,,,,,,,,0,0,Grand Total,,,0,0,,,,,
51,Tue,2026-12-15 00:00:00,Filling,Bottle Line-URGO - VASHE,,,,,,,,,,0,0,Grand Total,,,0,0,,,,,
51,Wed,2026-12-16 00:00:00,Filling,Bottle Line-URGO - VASHE,,,,,,,,,,0,0,Grand Total,,,0,0,,,,,
51,Thu,2026-12-17 00:00:00,Filling,Bottle Line-URGO - VASHE,,,,,,,,,,0,0,Grand Total,,,0,0,,,,,
51,Fri,2026-12-18 00:00:00,Filling,Bottle Line-URGO - VASHE,,,,,,,,,,0,0,Grand Total,,,0,0,,,,,
51,Sat,2026-12-19 00:00:00,Filling,Bottle Line-URGO - VASHE,,,,,,,,,,0,0,Grand Total,,,0,0,,,,,
51,Sun,2026-12-20 00:00:00,Filling,Bottle Line-URGO - VASHE,,,,,,,,,,0,0,Grand Total,,,0,0,,,,,
52,Mon,2026-12-21 00:00:00,Filling,Bottle Line-URGO - VASHE,,,,,,,,,,0,0,Grand Total,,,0,0,,,,,
52,Tue,2026-12-22 00:00:00,Filling,Bottle Line-URGO - VASHE,,,,,,,,,,0,0,Grand Total,,,0,0,,,,,
52,Wed,2026-12-23 00:00:00,Filling,Bottle Line-URGO - VASHE,,,,,,,,,,0,0,Grand Total,,,0,0,,,,,
52,Thu,2026-12-24 00:00:00,Filling,Bottle Line-URGO - VASHE,,,,,,,,,,0,0,Grand Total,,,0,0,,,,,
52,Fri,2026-12-25 00:00:00,Filling,Bottle Line-URGO - VASHE,,,,,,,,,,0,0,Grand Total,,,0,0,,,,,
52,Sat,2026-12-26 00:00:00,Filling,Bottle Line-URGO - VASHE,,,,,,,,,,0,0,Grand Total,,,0,0,,,,,
52,Sun,2026-12-27 00:00:00,Filling,Bottle Line-URGO - VASHE,,,,,,,,,,0,0,Grand Total,,,0,0,,,,,
53,Mon,2026-12-28 00:00:00,Filling,Bottle Line-URGO - VASHE,,,,,,,,,,0,0,Grand Total,,,0,0,,,,,
53,Tue,2026-12-29 00:00:00,Filling,Bottle Line-URGO - VASHE,,,,,,,,,,0,0,Grand Total,,,0,0,,,,,
53,Wed,2026-12-30 00:00:00,Filling,Bottle Line-URGO - VASHE,,,,,,,,,,0,0,Grand Total,,,0,0,,,,,
53,Thu,2026-12-31 00:00:00,Filling,Bottle Line-URGO - VASHE,,,,,,,,,,0,0,Grand Total,,,0,0,,,,,
1,Thu,2026-01-01 00:00:00,Filling,1 -up Filler,,,,,,,,,,0,0,Grand Total,,,0,0,,,,,
1,Fri,2026-01-02 00:00:00,Filling,1 -up Filler,,,,,,,,,,0,0,Grand Total,,,0,0,,,,,
1,Tue,2023-01-03 00:00:00,Filling,1 -up Filler,,,,,,,,,,0,0,Grand Total,,,0,0,,,,,
1,Sun,2026-01-04 00:00:00,Filling,1 -up Filler,,,,,,,,,,0,0,Grand Total,,,0,0,,,,,
2,Mon,2026-01-05 00:00:00,Filling,1 -up Filler,Yes,Non Sterile,7769,53589,,14,4000,2000,EA,5220,4281.384,Grand Total,12,700,1827,1498.4844,,,,,
2,Tue,2026-01-06 00:00:00,Filling,1 -up Filler,Yes,Non Sterile,7769,53589,,14,4000,2000,EA,5220,4281.384,Grand Total,15,1324,3455.64,2834.276208,,,,,
2,Wed,2026-01-07 00:00:00,Filling,1 -up Filler,,,,,,,,,,0,0,Grand Total,,,0,0,,,,,
2,Thu,2026-01-08 00:00:00,Filling,1 -up Filler,Yes,Non Sterile,7794,53590,,7,300,300,EA,2025,1574.6508,Grand Total,,,0,0,,,,,
2,Fri,2026-01-09 00:00:00,Filling,1 -up Filler,Yes,Non Sterile,5660,54068,,14,12000,3000,EA,6600.000000000001,1985.1060000000007,Grand Total,26,2115,4653,1399.4997300000005,,,,,
2,Sat,2026-01-10 00:00:00,Filling,1 -up Filler,,,,,,,,,,0,0,Grand Total,,,0,0,,,,,
2,Sun,2026-01-11 00:00:00,Filling,1 -up Filler,,,,,,,,,,0,0,Grand Total,,,0,0,,,,,
3,Mon,2026-01-12 00:00:00,Filling,1 -up Filler,Yes,Non Sterile,5660,54068,,14,12000,3000,EA,6600.000000000001,1985.1060000000007,Grand Total,14,1440,3168.0000000000005,952.8508800000003,,,,,
3,Tue,2026-01-13 00:00:00,Filling,1 -up Filler,Yes,Non Sterile,5660,54068,,14,12000,3000,EA,6600.000000000001,1985.1060000000007,Grand Total,7,940,2068,621.9998800000002,,,,,
3,Wed,2026-01-14 00:00:00,Filling,1 -up Filler,Yes,Non Sterile,5660,54068,,14,12000,3000,EA,6600.000000000001,1985.1060000000007,Grand Total,28,3524,7752.8,2331.837848000001,,,,,
3,Thu,2026-01-15 00:00:00,Filling,1 -up Filler,Yes,Non Sterile,5672,54044,,14,1800,1800,EA,2448,143.73720000000017,Grand Total,,,0,0,,,,,
3,Fri,2026-01-16 00:00:00,Filling,1 -up Filler,Yes,Non Sterile,5671,54045,,14,1800,1800,EA,6408,2966.7581999999998,Grand Total,,,0,0,,,,,
3,Sat,2026-01-17 00:00:00,Filling,1 -up Filler,,,,,,,,,,0,0,Grand Total,,,0,0,,,,,
3,Sun,2026-01-18 00:00:00,Filling,1 -up Filler,,,,,,,,,,0,0,Grand Total,,,0,0,,,,,
4,Mon,2026-01-19 00:00:00,Filling,1 -up Filler,Yes,Non Sterile,5674,54048,,14,2400,1800,EA,4410,1046.1114000000002,Grand Total,,,0,0,,,,,
4,Tue,2026-01-20 00:00:00,Filling,1 -up Filler,Yes,Non Sterile,5674,54048,,7,2400,600,EA,1470,348.7038000000001,Grand Total,,,0,0,,,,,
4,Wed,2026-01-21 00:00:00,Filling,1 -up Filler,,,,,,,,,,0,0,Grand Total,,,0,0,,,,,
4,Thu,2026-01-22 00:00:00,Filling,1 -up Filler,,,,,,,,,,0,0,Grand Total,,,0,0,,,,,
4,Fri,2026-01-23 00:00:00,Filling,1 -up Filler,,,,,,,,,,0,0,Grand Total,,,0,0,,,,,
4,Sat,2026-01-24 00:00:00,Filling,1 -up Filler,,,,,,,,,,0,0,Grand Total,,,0,0,,,,,
4,Sun,2026-01-25 00:00:00,Filling,1 -up Filler,,,,,,,,,,0,0,Grand Total,,,0,0,,,,,
5,Mon,2026-01-26 00:00:00,Filling,1 -up Filler,,,,,,,,,,0,0,Grand Total,,,0,0,,,,,
5,Tue,2026-01-27 00:00:00,Filling,1 -up Filler,,,,,,,,,,0,0,Grand Total,,,0,0,,,,,
5,Wed,2026-01-28 00:00:00,Filling,1 -up Filler,,,,,,,,,,0,0,Grand Total,,,0,0,,,,,
5,Thu,2026-01-29 00:00:00,Filling,1 -up Filler,,,,,,,,,,0,0,Grand Total,,,0,0,,,,,
5,Fri,2026-01-30 00:00:00,Filling,1 -up Filler,,,,,,,,,,0,0,Grand Total,,,0,0,,,,,
5,Sat,2026-01-31 00:00:00,Filling,1 -up Filler,,,,,,,,,,0,0,Grand Total,,,0,0,,,,,
5,Sun,2026-02-01 00:00:00,Filling,1 -up Filler,,,,,,,,,,0,0,Grand Total,,,0,0,,,,,
6,Mon,2026-02-02 00:00:00,Filling,1 -up Filler,Yes,Non Sterile,7769,53589,,7,4000,1400,EA,3654,2996.9688,Grand Total,4,375,978.75,802.7595,,,,,
6,Tue,2026-02-03 00:00:00,Filling,1 -up Filler,Yes,Non Sterile,7769,53589,,4,4000,576,EA,1503.36,1233.038592,Grand Total,14,700,1827,1498.4844,,,,,
6,Wed,2026-02-04 00:00:00,Filling,1 -up Filler,Yes,Non Sterile,7794,53590,,7,300,300,EA,2025,1574.6508,Grand Total,,,0,0,,,,,
6,Thu,2026-02-05 00:00:00,Filling,1 -up Filler,Yes,Non Sterile,5660,54793,,2,4000,0,EA,0,0,Grand Total,14,2056,4523.200000000001,1360.4593120000004,,,,,
6,Fri,2026-02-06 00:00:00,Filling,1 -up Filler,Yes,Non Sterile,5660,54793,,7,4000,1400,EA,3080.0000000000005,926.3828000000003,Grand Total,,,0,0,,,,,
6,Sat,2026-02-07 00:00:00,Filling,1 -up Filler,,,,,,,,,,0,0,Grand Total,,,0,0,,,,,
6,Sun,2026-02-08 00:00:00,Filling,1 -up Filler,,,,,,,,,,0,0,Grand Total,,,0,0,,,,,
7,Mon,2026-02-09 00:00:00,Filling,1 -up Filler,Yes,Non Sterile,5660,54793,,7,4000,1400,EA,3080.0000000000005,926.3828000000003,Grand Total,35,4293,9444.6,2840.686686000001,,,,,
7,Tue,2026-02-10 00:00:00,Filling,1 -up Filler,Yes,Non Sterile,5660,54793,,7,4000,1200,EA,2640,794.0424000000003,Grand Total,,,0,0,,,,,
7,Wed,2026-02-11 00:00:00,Filling,1 -up Filler,,,,,,,,,,0,0,Grand Total,,,0,0,,,,,
7,Thu,2026-02-12 00:00:00,Filling,1 -up Filler,,,,,,,,,,0,0,Grand Total,,,0,0,,,,,
7,Fri,2026-02-13 00:00:00,Filling,1 -up Filler,,,,,,,,,,0,0,Grand Total,,,0,0,,,,,
7,Sat,2026-02-14 00:00:00,Filling,1 -up Filler,,,,,,,,,,0,0,Grand Total,,,0,0,,,,,
7,Sun,2026-02-15 00:00:00,Filling,1 -up Filler,,,,,,,,,,0,0,Grand Total,,,0,0,,,,,
8,Mon,2026-02-16 00:00:00,Filling,1 -up Filler,,,,,,,,,,0,0,Grand Total,,,0,0,,,,,
8,Tue,2026-02-17 00:00:00,Filling,1 -up Filler,,,,,,,,,,0,0,Grand Total,,,0,0,,,,,
8,Wed,2026-02-18 00:00:00,Filling,1 -up Filler,,,,,,,,,,0,0,Grand Total,,,0,0,,,,,
8,Thu,2026-02-19 00:00:00,Filling,1 -up Filler,,,,,,,,,,0,0,Grand Total,,,0,0,,,,,
8,Fri,2026-02-20 00:00:00,Filling,1 -up Filler,,,,,,,,,,0,0,Grand Total,,,0,0,,,,,
8,Sat,2026-02-21 00:00:00,Filling,1 -up Filler,,,,,,,,,,0,0,Grand Total,,,0,0,,,,,
8,Sun,2026-02-22 00:00:00,Filling,1 -up Filler,,,,,,,,,,0,0,Grand Total,,,0,0,,,,,
9,Mon,2026-02-23 00:00:00,Filling,1 -up Filler,,,,,,,,,,0,0,Grand Total,,,0,0,,,,,
9,Tue,2026-02-24 00:00:00,Filling,1 -up Filler,,,,,,,,,,0,0,Grand Total,,,0,0,,,,,
9,Wed,2026-02-25 00:00:00,Filling,1 -up Filler,,,,,,,,,,0,0,Grand Total,,,0,0,,,,,
9,Thu,2026-02-26 00:00:00,Filling,1 -up Filler,,,,,,,,,,0,0,Grand Total,,,0,0,,,,,
9,Fri,2026-02-27 00:00:00,Filling,1 -up Filler,,,,,,,,,,0,0,Grand Total,,,0,0,,,,,
9,Sat,2026-02-28 00:00:00,Filling,1 -up Filler,,,,,,,,,,0,0,Grand Total,,,0,0,,,,,
9,Sun,2026-03-01 00:00:00,Filling,1 -up Filler,,,,,,,,,,0,0,Grand Total,,,0,0,,,,,
10,Mon,2026-03-02 00:00:00,Filling,1 -up Filler,,,,,,,,,,0,0,Grand Total,,,0,0,,,,,
10,Tue,2026-03-03 00:00:00,Filling,1 -up Filler,Yes,Non Sterile,5660,54852,,7,5800,1300,EA,2860.0000000000005,860.2126000000003,Grand Total,,,0,0,,,,,
10,Wed,2026-03-04 00:00:00,Filling,1 -up Filler,Yes,Non Sterile,5660,54852,,7,5800,1300,EA,2860.0000000000005,860.2126000000003,Grand Total,,,0,0,,,,,
10,Thu,2026-03-05 00:00:00,Filling,1 -up Filler,Yes,Non Sterile,5660,54852,,7,5800,1300,EA,2860.0000000000005,860.2126000000003,Grand Total,,,0,0,,,,,
10,Fri,2026-03-06 00:00:00,Filling,1 -up Filler,Yes,Non Sterile,5660,54852,,7,5800,1300,EA,2860.0000000000005,860.2126000000003,Grand Total,,,0,0,,,,,
10,Sat,2026-03-07 00:00:00,Filling,1 -up Filler,,,,,,,,,,0,0,Grand Total,,,0,0,,,,,
10,Sun,2026-03-08 00:00:00,Filling,1 -up Filler,,,,,,,,,,0,0,Grand Total,,,0,0,,,,,
11,Mon,2026-03-09 00:00:00,Filling,1 -up Filler,Yes,Quality Release,5660,54852,,4,5800,600,EA,1320,397.02120000000014,Grand Total,,,0,0,,,,,
11,Tue,2026-03-10 00:00:00,Filling,1 -up Filler,,,,,,,,,,0,0,Grand Total,,,0,0,,,,,
11,Wed,2026-03-11 00:00:00,Filling,1 -up Filler,,,,,,,,,,0,0,Grand Total,,,0,0,,,,,
11,Thu,2026-03-12 00:00:00,Filling,1 -up Filler,Yes,Non Sterile,5674,54797,,7,2400,1200,EA,2940,697.4076000000002,Grand Total,,,0,0,No ,Material not available,006355 ETA 3/6,,
11,Fri,2026-03-13 00:00:00,Filling,1 -up Filler,Yes,Non Sterile,5674,54797,,6,2400,1200,EA,2940,697.4076000000002,Grand Total,,,0,0,No ,,,,
11,Sat,2026-03-14 00:00:00,Filling,1 -up Filler,,,,,,,,,,0,0,Grand Total,,,0,0,,,,,
11,Sun,2026-03-15 00:00:00,Filling,1 -up Filler,,,,,,,,,,0,0,Grand Total,,,0,0,,,,,
12,Mon,2026-03-16 00:00:00,Filling,1 -up Filler,,,,,,,,,,0,0,Grand Total,,,0,0,,,,,
12,Tue,2026-03-17 00:00:00,Filling,1 -up Filler,,,,,,,,,,0,0,Grand Total,,,0,0,,,,,
12,Tue,2026-03-17 00:00:00,Filling,1 -up Filler,Yes,Non Sterile,7903,54826,,4,15000,0,EA,0,0,Grand Total,,,0,0,,,,,
12,Wed,2026-03-18 00:00:00,Filling,1 -up Filler,Yes,Non Sterile,7903,54826,,7,15000,9100,EA,18200,610.8283999999996,Grand Total,,,0,0,,,,,
12,Thu,2026-03-19 00:00:00,Filling,1 -up Filler,Yes,Non Sterile,7903,54826,,7,15000,5900,EA,11800,396.0315999999998,Grand Total,,,0,0,,,,,
12,Fri,2026-03-20 00:00:00,Filling,1 -up Filler,,,,,,,,,,0,0,Grand Total,,,0,0,,,,,
12,Sat,2026-03-21 00:00:00,Filling,1 -up Filler,,,,,,,,,,0,0,Grand Total,,,0,0,,,,,
12,Sun,2026-03-22 00:00:00,Filling,1 -up Filler,,,,,,,,,,0,0,Grand Total,,,0,0,,,,,
13,Mon,2026-03-23 00:00:00,Filling,1 -up Filler,,,,,,,,,,0,0,Grand Total,,,0,0,,,,,
13,Tue,2026-03-24 00:00:00,Filling,1 -up Filler,,,,,,,,,,0,0,Grand Total,,,0,0,,,,,
13,Wed,2026-03-25 00:00:00,Filling,1 -up Filler,,,,,,,,,,0,0,Grand Total,,,0,0,,,,,
13,Thu,2026-03-26 00:00:00,Filling,1 -up Filler,,,,,,,,,,0,0,Grand Total,,,0,0,,,,,
13,Fri,2026-03-27 00:00:00,Filling,1 -up Filler,,,,,,,,,,0,0,Grand Total,,,0,0,,,,,
13,Sat,2026-03-28 00:00:00,Filling,1 -up Filler,,,,,,,,,,0,0,Grand Total,,,0,0,,,,,
13,Sun,2026-03-29 00:00:00,Filling,1 -up Filler,,,,,,,,,,0,0,Grand Total,,,0,0,,,,,
14,Mon,2026-03-30 00:00:00,Filling,1 -up Filler,,,,,,,,,,0,0,Grand Total,,,0,0,,,,,
14,Tue,2026-03-31 00:00:00,Filling,1 -up Filler,,,,,,,,,,0,0,Grand Total,,,0,0,,,,,
14,Wed,2026-04-01 00:00:00,Filling,1 -up Filler,,,,,,,,,,0,0,Grand Total,,,0,0,,,,,
14,Thu,2026-04-02 00:00:00,Filling,1 -up Filler,,,,,,,,,,0,0,Grand Total,,,0,0,,,,,
14,Fri,2026-04-03 00:00:00,Filling,1 -up Filler,,,,,,,,,,0,0,Grand Total,,,0,0,,,,,
14,Sat,2026-04-04 00:00:00,Filling,1 -up Filler,,,,,,,,,,0,0,Grand Total,,,0,0,,,,,
14,Sun,2026-04-05 00:00:00,Filling,1 -up Filler,,,,,,,,,,0,0,Grand Total,,,0,0,,,,,
15,Mon,2026-04-06 00:00:00,Filling,1 -up Filler,,,,,,,,,,0,0,Grand Total,,,0,0,,,,,
15,Tue,2026-04-07 00:00:00,Filling,1 -up Filler,,,,,,,,,,0,0,Grand Total,,,0,0,,,,,
15,Wed,2026-04-08 00:00:00,Filling,1 -up Filler,,,,,,,,,,0,0,Grand Total,,,0,0,,,,,
15,Thu,2026-04-09 00:00:00,Filling,1 -up Filler,,,,,,,,,,0,0,Grand Total,,,0,0,,,,,
15,Fri,2026-04-10 00:00:00,Filling,1 -up Filler,,,,,,,,,,0,0,Grand Total,,,0,0,,,,,
15,Sat,2026-04-11 00:00:00,Filling,1 -up Filler,,,,,,,,,,0,0,Grand Total,,,0,0,,,,,
15,Sun,2026-04-12 00:00:00,Filling,1 -up Filler,,,,,,,,,,0,0,Grand Total,,,0,0,,,,,
16,Mon,2026-04-13 00:00:00,Filling,1 -up Filler,,,,,,,,,,0,0,Grand Total,,,0,0,,,,,
16,Tue,2026-04-14 00:00:00,Filling,1 -up Filler,,,,,,,,,,0,0,Grand Total,,,0,0,,,,,
16,Wed,2026-04-15 00:00:00,Filling,1 -up Filler,,,,,,,,,,0,0,Grand Total,,,0,0,,,,,
16,Thu,2026-04-16 00:00:00,Filling,1 -up Filler,,,,,,,,,,0,0,Grand Total,,,0,0,,,,,
16,Fri,2026-04-17 00:00:00,Filling,1 -up Filler,,,,,,,,,,0,0,Grand Total,,,0,0,,,,,
16,Sat,2026-04-18 00:00:00,Filling,1 -up Filler,,,,,,,,,,0,0,Grand Total,,,0,0,,,,,
16,Sun,2026-04-19 00:00:00,Filling,1 -up Filler,,,,,,,,,,0,0,Grand Total,,,0,0,,,,,
17,Mon,2026-04-20 00:00:00,Filling,1 -up Filler,,,,,,,,,,0,0,Grand Total,,,0,0,,,,,
17,Tue,2026-04-21 00:00:00,Filling,1 -up Filler,,,,,,,,,,0,0,Grand Total,,,0,0,,,,,
17,Wed,2026-04-22 00:00:00,Filling,1 -up Filler,,,,,,,,,,0,0,Grand Total,,,0,0,,,,,
17,Thu,2026-04-23 00:00:00,Filling,1 -up Filler,,,,,,,,,,0,0,Grand Total,,,0,0,,,,,
17,Fri,2026-04-24 00:00:00,Filling,1 -up Filler,,,,,,,,,,0,0,Grand Total,,,0,0,,,,,
17,Sat,2026-04-25 00:00:00,Filling,1 -up Filler,,,,,,,,,,0,0,Grand Total,,,0,0,,,,,
17,Sun,2026-04-26 00:00:00,Filling,1 -up Filler,,,,,,,,,,0,0,Grand Total,,,0,0,,,,,
18,Mon,2026-04-27 00:00:00,Filling,1 -up Filler,,,,,,,,,,0,0,Grand Total,,,0,0,,,,,
18,Tue,2026-04-28 00:00:00,Filling,1 -up Filler,,,,,,,,,,0,0,Grand Total,,,0,0,,,,,
18,Wed,2026-04-29 00:00:00,Filling,1 -up Filler,,,,,,,,,,0,0,Grand Total,,,0,0,,,,,
18,Thu,2026-04-30 00:00:00,Filling,1 -up Filler,,,,,,,,,,0,0,Grand Total,,,0,0,,,,,
18,Fri,2026-05-01 00:00:00,Filling,1 -up Filler,,,,,,,,,,0,0,Grand Total,,,0,0,,,,,
18,Sat,2026-05-02 00:00:00,Filling,1 -up Filler,,,,,,,,,,0,0,Grand Total,,,0,0,,,,,
18,Sun,2026-05-03 00:00:00,Filling,1 -up Filler,,,,,,,,,,0,0,Grand Total,,,0,0,,,,,
19,Mon,2026-05-04 00:00:00,Filling,1 -up Filler,,,,,,,,,,0,0,Grand Total,,,0,0,,,,,
19,Tue,2026-05-05 00:00:00,Filling,1 -up Filler,,,,,,,,,,0,0,Grand Total,,,0,0,,,,,
19,Wed,2026-05-06 00:00:00,Filling,1 -up Filler,,,,,,,,,,0,0,Grand Total,,,0,0,,,,,
19,Thu,2026-05-07 00:00:00,Filling,1 -up Filler,,,,,,,,,,0,0,Grand Total,,,0,0,,,,,
19,Fri,2026-05-08 00:00:00,Filling,1 -up Filler,,,,,,,,,,0,0,Grand Total,,,0,0,,,,,
19,Sat,2026-05-09 00:00:00,Filling,1 -up Filler,,,,,,,,,,0,0,Grand Total,,,0,0,,,,,
19,Sun,2026-05-10 00:00:00,Filling,1 -up Filler,,,,,,,,,,0,0,Grand Total,,,0,0,,,,,
20,Mon,2026-05-11 00:00:00,Filling,1 -up Filler,,,,,,,,,,0,0,Grand Total,,,0,0,,,,,
20,Tue,2026-05-12 00:00:00,Filling,1 -up Filler,,,,,,,,,,0,0,Grand Total,,,0,0,,,,,
20,Wed,2026-05-13 00:00:00,Filling,1 -up Filler,,,,,,,,,,0,0,Grand Total,,,0,0,,,,,
20,Thu,2026-05-14 00:00:00,Filling,1 -up Filler,,,,,,,,,,0,0,Grand Total,,,0,0,,,,,
20,Fri,2026-05-15 00:00:00,Filling,1 -up Filler,,,,,,,,,,0,0,Grand Total,,,0,0,,,,,
20,Sat,2026-05-16 00:00:00,Filling,1 -up Filler,,,,,,,,,,0,0,Grand Total,,,0,0,,,,,
20,Sun,2026-05-17 00:00:00,Filling,1 -up Filler,,,,,,,,,,0,0,Grand Total,,,0,0,,,,,
21,Mon,2026-05-18 00:00:00,Filling,1 -up Filler,,,,,,,,,,0,0,Grand Total,,,0,0,,,,,
21,Tue,2026-05-19 00:00:00,Filling,1 -up Filler,,,,,,,,,,0,0,Grand Total,,,0,0,,,,,
21,Wed,2026-05-20 00:00:00,Filling,1 -up Filler,,,,,,,,,,0,0,Grand Total,,,0,0,,,,,
21,Thu,2026-05-21 00:00:00,Filling,1 -up Filler,,,,,,,,,,0,0,Grand Total,,,0,0,,,,,
21,Fri,2026-05-22 00:00:00,Filling,1 -up Filler,,,,,,,,,,0,0,Grand Total,,,0,0,,,,,
21,Sat,2026-05-23 00:00:00,Filling,1 -up Filler,,,,,,,,,,0,0,Grand Total,,,0,0,,,,,
21,Sun,2026-05-24 00:00:00,Filling,1 -up Filler,,,,,,,,,,0,0,Grand Total,,,0,0,,,,,
22,Mon,2026-05-25 00:00:00,Filling,1 -up Filler,,,,,,,,,,0,0,Grand Total,,,0,0,,,,,
22,Tue,2026-05-26 00:00:00,Filling,1 -up Filler,,,,,,,,,,0,0,Grand Total,,,0,0,,,,,
22,Wed,2026-05-27 00:00:00,Filling,1 -up Filler,,,,,,,,,,0,0,Grand Total,,,0,0,,,,,
22,Thu,2026-05-28 00:00:00,Filling,1 -up Filler,,,,,,,,,,0,0,Grand Total,,,0,0,,,,,
22,Fri,2026-05-29 00:00:00,Filling,1 -up Filler,,,,,,,,,,0,0,Grand Total,,,0,0,,,,,
22,Sat,2026-05-30 00:00:00,Filling,1 -up Filler,,,,,,,,,,0,0,Grand Total,,,0,0,,,,,
22,Sun,2026-05-31 00:00:00,Filling,1 -up Filler,,,,,,,,,,0,0,Grand Total,,,0,0,,,,,
23,Mon,2026-06-01 00:00:00,Filling,1 -up Filler,,,,,,,,,,0,0,Grand Total,,,0,0,,,,,
23,Tue,2026-06-02 00:00:00,Filling,1 -up Filler,,,,,,,,,,0,0,Grand Total,,,0,0,,,,,
23,Wed,2026-06-03 00:00:00,Filling,1 -up Filler,,,,,,,,,,0,0,Grand Total,,,0,0,,,,,
23,Thu,2026-06-04 00:00:00,Filling,1 -up Filler,,,,,,,,,,0,0,Grand Total,,,0,0,,,,,
23,Fri,2026-06-05 00:00:00,Filling,1 -up Filler,,,,,,,,,,0,0,Grand Total,,,0,0,,,,,
23,Sat,2026-06-06 00:00:00,Filling,1 -up Filler,,,,,,,,,,0,0,Grand Total,,,0,0,,,,,
23,Sun,2026-06-07 00:00:00,Filling,1 -up Filler,,,,,,,,,,0,0,Grand Total,,,0,0,,,,,
24,Mon,2026-06-08 00:00:00,Filling,1 -up Filler,,,,,,,,,,0,0,Grand Total,,,0,0,,,,,
24,Tue,2026-06-09 00:00:00,Filling,1 -up Filler,,,,,,,,,,0,0,Grand Total,,,0,0,,,,,
24,Wed,2026-06-10 00:00:00,Filling,1 -up Filler,,,,,,,,,,0,0,Grand Total,,,0,0,,,,,
24,Thu,2026-06-11 00:00:00,Filling,1 -up Filler,,,,,,,,,,0,0,Grand Total,,,0,0,,,,,
24,Fri,2026-06-12 00:00:00,Filling,1 -up Filler,,,,,,,,,,0,0,Grand Total,,,0,0,,,,,
24,Sat,2026-06-13 00:00:00,Filling,1 -up Filler,,,,,,,,,,0,0,Grand Total,,,0,0,,,,,
24,Sun,2026-06-14 00:00:00,Filling,1 -up Filler,,,,,,,,,,0,0,Grand Total,,,0,0,,,,,
25,Mon,2026-06-15 00:00:00,Filling,1 -up Filler,,,,,,,,,,0,0,Grand Total,,,0,0,,,,,
25,Tue,2026-06-16 00:00:00,Filling,1 -up Filler,,,,,,,,,,0,0,Grand Total,,,0,0,,,,,
25,Wed,2026-06-17 00:00:00,Filling,1 -up Filler,,,,,,,,,,0,0,Grand Total,,,0,0,,,,,
25,Thu,2026-06-18 00:00:00,Filling,1 -up Filler,,,,,,,,,,0,0,Grand Total,,,0,0,,,,,
25,Fri,2026-06-19 00:00:00,Filling,1 -up Filler,,,,,,,,,,0,0,Grand Total,,,0,0,,,,,
25,Sat,2026-06-20 00:00:00,Filling,1 -up Filler,,,,,,,,,,0,0,Grand Total,,,0,0,,,,,
25,Sun,2026-06-21 00:00:00,Filling,1 -up Filler,,,,,,,,,,0,0,Grand Total,,,0,0,,,,,
26,Mon,2026-06-22 00:00:00,Filling,1 -up Filler,,,,,,,,,,0,0,Grand Total,,,0,0,,,,,
26,Tue,2026-06-23 00:00:00,Filling,1 -up Filler,,,,,,,,,,0,0,Grand Total,,,0,0,,,,,
26,Wed,2026-06-24 00:00:00,Filling,1 -up Filler,,,,,,,,,,0,0,Grand Total,,,0,0,,,,,
26,Thu,2026-06-25 00:00:00,Filling,1 -up Filler,,,,,,,,,,0,0,Grand Total,,,0,0,,,,,
26,Fri,2026-06-26 00:00:00,Filling,1 -up Filler,,,,,,,,,,0,0,Grand Total,,,0,0,,,,,
26,Sat,2026-06-27 00:00:00,Filling,1 -up Filler,,,,,,,,,,0,0,Grand Total,,,0,0,,,,,
26,Sun,2026-06-28 00:00:00,Filling,1 -up Filler,,,,,,,,,,0,0,Grand Total,,,0,0,,,,,
27,Mon,2026-06-29 00:00:00,Filling,1 -up Filler,,,,,,,,,,0,0,Grand Total,,,0,0,,,,,
27,Tue,2026-06-30 00:00:00,Filling,1 -up Filler,,,,,,,,,,0,0,Grand Total,,,0,0,,,,,
27,Wed,2026-07-01 00:00:00,Filling,1 -up Filler,,,,,,,,,,0,0,Grand Total,,,0,0,,,,,
27,Thu,2026-07-02 00:00:00,Filling,1 -up Filler,,,,,,,,,,0,0,Grand Total,,,0,0,,,,,
27,Fri,2026-07-03 00:00:00,Filling,1 -up Filler,,,,,,,,,,0,0,Grand Total,,,0,0,,,,,
27,Sat,2026-07-04 00:00:00,Filling,1 -up Filler,,,,,,,,,,0,0,Grand Total,,,0,0,,,,,
27,Sun,2026-07-05 00:00:00,Filling,1 -up Filler,,,,,,,,,,0,0,Grand Total,,,0,0,,,,,
28,Mon,2026-07-06 00:00:00,Filling,1 -up Filler,,,,,,,,,,0,0,Grand Total,,,0,0,,,,,
28,Tue,2026-07-07 00:00:00,Filling,1 -up Filler,,,,,,,,,,0,0,Grand Total,,,0,0,,,,,
28,Wed,2026-07-08 00:00:00,Filling,1 -up Filler,,,,,,,,,,0,0,Grand Total,,,0,0,,,,,
28,Thu,2026-07-09 00:00:00,Filling,1 -up Filler,,,,,,,,,,0,0,Grand Total,,,0,0,,,,,
28,Fri,2026-07-10 00:00:00,Filling,1 -up Filler,,,,,,,,,,0,0,Grand Total,,,0,0,,,,,
28,Sat,2026-07-11 00:00:00,Filling,1 -up Filler,,,,,,,,,,0,0,Grand Total,,,0,0,,,,,
28,Sun,2026-07-12 00:00:00,Filling,1 -up Filler,,,,,,,,,,0,0,Grand Total,,,0,0,,,,,
29,Mon,2026-07-13 00:00:00,Filling,1 -up Filler,,,,,,,,,,0,0,Grand Total,,,0,0,,,,,
29,Tue,2026-07-14 00:00:00,Filling,1 -up Filler,,,,,,,,,,0,0,Grand Total,,,0,0,,,,,
29,Wed,2026-07-15 00:00:00,Filling,1 -up Filler,,,,,,,,,,0,0,Grand Total,,,0,0,,,,,
29,Thu,2026-07-16 00:00:00,Filling,1 -up Filler,,,,,,,,,,0,0,Grand Total,,,0,0,,,,,
29,Fri,2026-07-17 00:00:00,Filling,1 -up Filler,,,,,,,,,,0,0,Grand Total,,,0,0,,,,,
29,Sat,2026-07-18 00:00:00,Filling,1 -up Filler,,,,,,,,,,0,0,Grand Total,,,0,0,,,,,
29,Sun,2026-07-19 00:00:00,Filling,1 -up Filler,,,,,,,,,,0,0,Grand Total,,,0,0,,,,,
30,Mon,2026-07-20 00:00:00,Filling,1 -up Filler,,,,,,,,,,0,0,Grand Total,,,0,0,,,,,
30,Tue,2026-07-21 00:00:00,Filling,1 -up Filler,,,,,,,,,,0,0,Grand Total,,,0,0,,,,,
30,Wed,2026-07-22 00:00:00,Filling,1 -up Filler,,,,,,,,,,0,0,Grand Total,,,0,0,,,,,
30,Thu,2026-07-23 00:00:00,Filling,1 -up Filler,,,,,,,,,,0,0,Grand Total,,,0,0,,,,,
30,Fri,2026-07-24 00:00:00,Filling,1 -up Filler,,,,,,,,,,0,0,Grand Total,,,0,0,,,,,
30,Sat,2026-07-25 00:00:00,Filling,1 -up Filler,,,,,,,,,,0,0,Grand Total,,,0,0,,,,,
30,Sun,2026-07-26 00:00:00,Filling,1 -up Filler,,,,,,,,,,0,0,Grand Total,,,0,0,,,,,
31,Mon,2026-07-27 00:00:00,Filling,1 -up Filler,,,,,,,,,,0,0,Grand Total,,,0,0,,,,,
31,Tue,2026-07-28 00:00:00,Filling,1 -up Filler,,,,,,,,,,0,0,Grand Total,,,0,0,,,,,
31,Wed,2026-07-29 00:00:00,Filling,1 -up Filler,,,,,,,,,,0,0,Grand Total,,,0,0,,,,,
31,Thu,2026-07-30 00:00:00,Filling,1 -up Filler,,,,,,,,,,0,0,Grand Total,,,0,0,,,,,
31,Fri,2026-07-31 00:00:00,Filling,1 -up Filler,,,,,,,,,,0,0,Grand Total,,,0,0,,,,,
31,Sat,2026-08-01 00:00:00,Filling,1 -up Filler,,,,,,,,,,0,0,Grand Total,,,0,0,,,,,
31,Sun,2026-08-02 00:00:00,Filling,1 -up Filler,,,,,,,,,,0,0,Grand Total,,,0,0,,,,,
32,Mon,2026-08-03 00:00:00,Filling,1 -up Filler,,,,,,,,,,0,0,Grand Total,,,0,0,,,,,
32,Tue,2026-08-04 00:00:00,Filling,1 -up Filler,,,,,,,,,,0,0,Grand Total,,,0,0,,,,,
32,Wed,2026-08-05 00:00:00,Filling,1 -up Filler,,,,,,,,,,0,0,Grand Total,,,0,0,,,,,
32,Thu,2026-08-06 00:00:00,Filling,1 -up Filler,,,,,,,,,,0,0,Grand Total,,,0,0,,,,,
32,Fri,2026-08-07 00:00:00,Filling,1 -up Filler,,,,,,,,,,0,0,Grand Total,,,0,0,,,,,
32,Sat,2026-08-08 00:00:00,Filling,1 -up Filler,,,,,,,,,,0,0,Grand Total,,,0,0,,,,,
32,Sun,2026-08-09 00:00:00,Filling,1 -up Filler,,,,,,,,,,0,0,Grand Total,,,0,0,,,,,
33,Mon,2026-08-10 00:00:00,Filling,1 -up Filler,,,,,,,,,,0,0,Grand Total,,,0,0,,,,,
33,Tue,2026-08-11 00:00:00,Filling,1 -up Filler,,,,,,,,,,0,0,Grand Total,,,0,0,,,,,
33,Wed,2026-08-12 00:00:00,Filling,1 -up Filler,,,,,,,,,,0,0,Grand Total,,,0,0,,,,,
33,Thu,2026-08-13 00:00:00,Filling,1 -up Filler,,,,,,,,,,0,0,Grand Total,,,0,0,,,,,
33,Fri,2026-08-14 00:00:00,Filling,1 -up Filler,,,,,,,,,,0,0,Grand Total,,,0,0,,,,,
33,Sat,2026-08-15 00:00:00,Filling,1 -up Filler,,,,,,,,,,0,0,Grand Total,,,0,0,,,,,
33,Sun,2026-08-16 00:00:00,Filling,1 -up Filler,,,,,,,,,,0,0,Grand Total,,,0,0,,,,,
34,Mon,2026-08-17 00:00:00,Filling,1 -up Filler,,,,,,,,,,0,0,Grand Total,,,0,0,,,,,
34,Tue,2026-08-18 00:00:00,Filling,1 -up Filler,,,,,,,,,,0,0,Grand Total,,,0,0,,,,,
34,Wed,2026-08-19 00:00:00,Filling,1 -up Filler,,,,,,,,,,0,0,Grand Total,,,0,0,,,,,
34,Thu,2026-08-20 00:00:00,Filling,1 -up Filler,,,,,,,,,,0,0,Grand Total,,,0,0,,,,,
34,Fri,2026-08-21 00:00:00,Filling,1 -up Filler,,,,,,,,,,0,0,Grand Total,,,0,0,,,,,
34,Sat,2026-08-22 00:00:00,Filling,1 -up Filler,,,,,,,,,,0,0,Grand Total,,,0,0,,,,,
34,Sun,2026-08-23 00:00:00,Filling,1 -up Filler,,,,,,,,,,0,0,Grand Total,,,0,0,,,,,
35,Mon,2026-08-24 00:00:00,Filling,1 -up Filler,,,,,,,,,,0,0,Grand Total,,,0,0,,,,,
35,Tue,2026-08-25 00:00:00,Filling,1 -up Filler,,,,,,,,,,0,0,Grand Total,,,0,0,,,,,
35,Wed,2026-08-26 00:00:00,Filling,1 -up Filler,,,,,,,,,,0,0,Grand Total,,,0,0,,,,,
35,Thu,2026-08-27 00:00:00,Filling,1 -up Filler,,,,,,,,,,0,0,Grand Total,,,0,0,,,,,
35,Fri,2026-08-28 00:00:00,Filling,1 -up Filler,,,,,,,,,,0,0,Grand Total,,,0,0,,,,,
35,Sat,2026-08-29 00:00:00,Filling,1 -up Filler,,,,,,,,,,0,0,Grand Total,,,0,0,,,,,
35,Sun,2026-08-30 00:00:00,Filling,1 -up Filler,,,,,,,,,,0,0,Grand Total,,,0,0,,,,,
36,Mon,2026-08-31 00:00:00,Filling,1 -up Filler,,,,,,,,,,0,0,Grand Total,,,0,0,,,,,
36,Tue,2026-09-01 00:00:00,Filling,1 -up Filler,,,,,,,,,,0,0,Grand Total,,,0,0,,,,,
36,Wed,2026-09-02 00:00:00,Filling,1 -up Filler,,,,,,,,,,0,0,Grand Total,,,0,0,,,,,
36,Thu,2026-09-03 00:00:00,Filling,1 -up Filler,,,,,,,,,,0,0,Grand Total,,,0,0,,,,,
36,Fri,2026-09-04 00:00:00,Filling,1 -up Filler,,,,,,,,,,0,0,Grand Total,,,0,0,,,,,
36,Sat,2026-09-05 00:00:00,Filling,1 -up Filler,,,,,,,,,,0,0,Grand Total,,,0,0,,,,,
36,Sun,2026-09-06 00:00:00,Filling,1 -up Filler,,,,,,,,,,0,0,Grand Total,,,0,0,,,,,
37,Mon,2026-09-07 00:00:00,Filling,1 -up Filler,,,,,,,,,,0,0,Grand Total,,,0,0,,,,,
37,Tue,2026-09-08 00:00:00,Filling,1 -up Filler,,,,,,,,,,0,0,Grand Total,,,0,0,,,,,
37,Wed,2026-09-09 00:00:00,Filling,1 -up Filler,,,,,,,,,,0,0,Grand Total,,,0,0,,,,,
37,Thu,2026-09-10 00:00:00,Filling,1 -up Filler,,,,,,,,,,0,0,Grand Total,,,0,0,,,,,
37,Fri,2026-09-11 00:00:00,Filling,1 -up Filler,,,,,,,,,,0,0,Grand Total,,,0,0,,,,,
37,Sat,2026-09-12 00:00:00,Filling,1 -up Filler,,,,,,,,,,0,0,Grand Total,,,0,0,,,,,
37,Sun,2026-09-13 00:00:00,Filling,1 -up Filler,,,,,,,,,,0,0,Grand Total,,,0,0,,,,,
38,Mon,2026-09-14 00:00:00,Filling,1 -up Filler,,,,,,,,,,0,0,Grand Total,,,0,0,,,,,
38,Tue,2026-09-15 00:00:00,Filling,1 -up Filler,,,,,,,,,,0,0,Grand Total,,,0,0,,,,,
38,Wed,2026-09-16 00:00:00,Filling,1 -up Filler,,,,,,,,,,0,0,Grand Total,,,0,0,,,,,
38,Thu,2026-09-17 00:00:00,Filling,1 -up Filler,,,,,,,,,,0,0,Grand Total,,,0,0,,,,,
38,Fri,2026-09-18 00:00:00,Filling,1 -up Filler,,,,,,,,,,0,0,Grand Total,,,0,0,,,,,
38,Sat,2026-09-19 00:00:00,Filling,1 -up Filler,,,,,,,,,,0,0,Grand Total,,,0,0,,,,,
38,Sun,2026-09-20 00:00:00,Filling,1 -up Filler,,,,,,,,,,0,0,Grand Total,,,0,0,,,,,
39,Mon,2026-09-21 00:00:00,Filling,1 -up Filler,,,,,,,,,,0,0,Grand Total,,,0,0,,,,,
39,Tue,2026-09-22 00:00:00,Filling,1 -up Filler,,,,,,,,,,0,0,Grand Total,,,0,0,,,,,
39,Thu,2026-09-24 00:00:00,Filling,1 -up Filler,,,,,,,,,,0,0,Grand Total,,,0,0,,,,,
39,Fri,2026-09-25 00:00:00,Filling,1 -up Filler,,,,,,,,,,0,0,Grand Total,,,0,0,,,,,
39,Sat,2026-09-26 00:00:00,Filling,1 -up Filler,,,,,,,,,,0,0,Grand Total,,,0,0,,,,,
39,Sun,2026-09-27 00:00:00,Filling,1 -up Filler,,,,,,,,,,0,0,Grand Total,,,0,0,,,,,
40,Mon,2026-09-28 00:00:00,Filling,1 -up Filler,,,,,,,,,,0,0,Grand Total,,,0,0,,,,,
40,Tue,2026-09-29 00:00:00,Filling,1 -up Filler,,,,,,,,,,0,0,Grand Total,,,0,0,,,,,
40,Wed,2026-09-30 00:00:00,Filling,1 -up Filler,,,,,,,,,,0,0,Grand Total,,,0,0,,,,,
40,Thu,2026-10-01 00:00:00,Filling,1 -up Filler,,,,,,,,,,0,0,Grand Total,,,0,0,,,,,
40,Fri,2026-10-02 00:00:00,Filling,1 -up Filler,,,,,,,,,,0,0,Grand Total,,,0,0,,,,,
40,Sat,2026-10-03 00:00:00,Filling,1 -up Filler,,,,,,,,,,0,0,Grand Total,,,0,0,,,,,
40,Sun,2026-10-04 00:00:00,Filling,1 -up Filler,,,,,,,,,,0,0,Grand Total,,,0,0,,,,,
41,Mon,2026-10-05 00:00:00,Filling,1 -up Filler,,,,,,,,,,0,0,Grand Total,,,0,0,,,,,
41,Tue,2026-10-06 00:00:00,Filling,1 -up Filler,,,,,,,,,,0,0,Grand Total,,,0,0,,,,,
41,Wed,2026-10-07 00:00:00,Filling,1 -up Filler,,,,,,,,,,0,0,Grand Total,,,0,0,,,,,
41,Thu,2026-10-08 00:00:00,Filling,1 -up Filler,,,,,,,,,,0,0,Grand Total,,,0,0,,,,,
41,Fri,2026-10-09 00:00:00,Filling,1 -up Filler,,,,,,,,,,0,0,Grand Total,,,0,0,,,,,
41,Sat,2026-10-10 00:00:00,Filling,1 -up Filler,,,,,,,,,,0,0,Grand Total,,,0,0,,,,,
41,Sun,2026-10-11 00:00:00,Filling,1 -up Filler,,,,,,,,,,0,0,Grand Total,,,0,0,,,,,
42,Mon,2026-10-12 00:00:00,Filling,1 -up Filler,,,,,,,,,,0,0,Grand Total,,,0,0,,,,,
42,Tue,2026-10-13 00:00:00,Filling,1 -up Filler,,,,,,,,,,0,0,Grand Total,,,0,0,,,,,
42,Wed,2026-10-14 00:00:00,Filling,1 -up Filler,,,,,,,,,,0,0,Grand Total,,,0,0,,,,,
42,Thu,2026-10-15 00:00:00,Filling,1 -up Filler,,,,,,,,,,0,0,Grand Total,,,0,0,,,,,
42,Fri,2026-10-16 00:00:00,Filling,1 -up Filler,,,,,,,,,,0,0,Grand Total,,,0,0,,,,,
42,Sat,2026-10-17 00:00:00,Filling,1 -up Filler,,,,,,,,,,0,0,Grand Total,,,0,0,,,,,
42,Sun,2026-10-18 00:00:00,Filling,1 -up Filler,,,,,,,,,,0,0,Grand Total,,,0,0,,,,,
43,Mon,2026-10-19 00:00:00,Filling,1 -up Filler,,,,,,,,,,0,0,Grand Total,,,0,0,,,,,
43,Tue,2026-10-20 00:00:00,Filling,1 -up Filler,,,,,,,,,,0,0,Grand Total,,,0,0,,,,,
43,Wed,2026-10-21 00:00:00,Filling,1 -up Filler,,,,,,,,,,0,0,Grand Total,,,0,0,,,,,
43,Thu,2026-10-22 00:00:00,Filling,1 -up Filler,,,,,,,,,,0,0,Grand Total,,,0,0,,,,,
43,Fri,2026-10-23 00:00:00,Filling,1 -up Filler,,,,,,,,,,0,0,Grand Total,,,0,0,,,,,
43,Sat,2026-10-24 00:00:00,Filling,1 -up Filler,,,,,,,,,,0,0,Grand Total,,,0,0,,,,,
43,Sun,2026-10-25 00:00:00,Filling,1 -up Filler,,,,,,,,,,0,0,Grand Total,,,0,0,,,,,
44,Mon,2026-10-26 00:00:00,Filling,1 -up Filler,,,,,,,,,,0,0,Grand Total,,,0,0,,,,,
44,Tue,2026-10-27 00:00:00,Filling,1 -up Filler,,,,,,,,,,0,0,Grand Total,,,0,0,,,,,
44,Wed,2026-10-28 00:00:00,Filling,1 -up Filler,,,,,,,,,,0,0,Grand Total,,,0,0,,,,,
44,Thu,2026-10-29 00:00:00,Filling,1 -up Filler,,,,,,,,,,0,0,Grand Total,,,0,0,,,,,
44,Fri,2026-10-30 00:00:00,Filling,1 -up Filler,,,,,,,,,,0,0,Grand Total,,,0,0,,,,,
44,Sat,2026-10-31 00:00:00,Filling,1 -up Filler,,,,,,,,,,0,0,Grand Total,,,0,0,,,,,
44,Sun,2026-11-01 00:00:00,Filling,1 -up Filler,,,,,,,,,,0,0,Grand Total,,,0,0,,,,,
45,Mon,2026-11-02 00:00:00,Filling,1 -up Filler,,,,,,,,,,0,0,Grand Total,,,0,0,,,,,
45,Tue,2026-11-03 00:00:00,Filling,1 -up Filler,,,,,,,,,,0,0,Grand Total,,,0,0,,,,,
45,Wed,2026-11-04 00:00:00,Filling,1 -up Filler,,,,,,,,,,0,0,Grand Total,,,0,0,,,,,
45,Thu,2026-11-05 00:00:00,Filling,1 -up Filler,,,,,,,,,,0,0,Grand Total,,,0,0,,,,,
45,Fri,2026-11-06 00:00:00,Filling,1 -up Filler,,,,,,,,,,0,0,Grand Total,,,0,0,,,,,
45,Sat,2026-11-07 00:00:00,Filling,1 -up Filler,,,,,,,,,,0,0,Grand Total,,,0,0,,,,,
45,Sun,2026-11-08 00:00:00,Filling,1 -up Filler,,,,,,,,,,0,0,Grand Total,,,0,0,,,,,
46,Mon,2026-11-09 00:00:00,Filling,1 -up Filler,,,,,,,,,,0,0,Grand Total,,,0,0,,,,,
46,Tue,2026-11-10 00:00:00,Filling,1 -up Filler,,,,,,,,,,0,0,Grand Total,,,0,0,,,,,
46,Wed,2026-11-11 00:00:00,Filling,1 -up Filler,,,,,,,,,,0,0,Grand Total,,,0,0,,,,,
46,Thu,2026-11-12 00:00:00,Filling,1 -up Filler,,,,,,,,,,0,0,Grand Total,,,0,0,,,,,
46,Fri,2026-11-13 00:00:00,Filling,1 -up Filler,,,,,,,,,,0,0,Grand Total,,,0,0,,,,,
46,Sat,2026-11-14 00:00:00,Filling,1 -up Filler,,,,,,,,,,0,0,Grand Total,,,0,0,,,,,
46,Sun,2026-11-15 00:00:00,Filling,1 -up Filler,,,,,,,,,,0,0,Grand Total,,,0,0,,,,,
47,Mon,2026-11-16 00:00:00,Filling,1 -up Filler,,,,,,,,,,0,0,Grand Total,,,0,0,,,,,
47,Tue,2026-11-17 00:00:00,Filling,1 -up Filler,,,,,,,,,,0,0,Grand Total,,,0,0,,,,,
47,Wed,2026-11-18 00:00:00,Filling,1 -up Filler,,,,,,,,,,0,0,Grand Total,,,0,0,,,,,
47,Thu,2026-11-19 00:00:00,Filling,1 -up Filler,,,,,,,,,,0,0,Grand Total,,,0,0,,,,,
47,Fri,2026-11-20 00:00:00,Filling,1 -up Filler,,,,,,,,,,0,0,Grand Total,,,0,0,,,,,
47,Sat,2026-11-21 00:00:00,Filling,1 -up Filler,,,,,,,,,,0,0,Grand Total,,,0,0,,,,,
47,Sun,2026-11-22 00:00:00,Filling,1 -up Filler,,,,,,,,,,0,0,Grand Total,,,0,0,,,,,
48,Mon,2026-11-23 00:00:00,Filling,1 -up Filler,,,,,,,,,,0,0,Grand Total,,,0,0,,,,,
48,Tue,2026-11-24 00:00:00,Filling,1 -up Filler,,,,,,,,,,0,0,Grand Total,,,0,0,,,,,
48,Wed,2026-11-25 00:00:00,Filling,1 -up Filler,,,,,,,,,,0,0,Grand Total,,,0,0,,,,,
48,Thu,2026-11-26 00:00:00,Filling,1 -up Filler,,,,,,,,,,0,0,Grand Total,,,0,0,,,,,
48,Fri,2026-11-27 00:00:00,Filling,1 -up Filler,,,,,,,,,,0,0,Grand Total,,,0,0,,,,,
48,Sat,2026-11-28 00:00:00,Filling,1 -up Filler,,,,,,,,,,0,0,Grand Total,,,0,0,,,,,
48,Sun,2026-11-29 00:00:00,Filling,1 -up Filler,,,,,,,,,,0,0,Grand Total,,,0,0,,,,,
49,Mon,2026-11-30 00:00:00,Filling,1 -up Filler,,,,,,,,,,0,0,Grand Total,,,0,0,,,,,
49,Tue,2026-12-01 00:00:00,Filling,1 -up Filler,,,,,,,,,,0,0,Grand Total,,,0,0,,,,,
49,Wed,2026-12-02 00:00:00,Filling,1 -up Filler,,,,,,,,,,0,0,Grand Total,,,0,0,,,,,
49,Thu,2026-12-03 00:00:00,Filling,1 -up Filler,,,,,,,,,,0,0,Grand Total,,,0,0,,,,,
49,Fri,2026-12-04 00:00:00,Filling,1 -up Filler,,,,,,,,,,0,0,Grand Total,,,0,0,,,,,
49,Sat,2026-12-05 00:00:00,Filling,1 -up Filler,,,,,,,,,,0,0,Grand Total,,,0,0,,,,,
49,Sun,2026-12-06 00:00:00,Filling,1 -up Filler,,,,,,,,,,0,0,Grand Total,,,0,0,,,,,
50,Mon,2026-12-07 00:00:00,Filling,1 -up Filler,,,,,,,,,,0,0,Grand Total,,,0,0,,,,,
50,Tue,2026-12-08 00:00:00,Filling,1 -up Filler,,,,,,,,,,0,0,Grand Total,,,0,0,,,,,
50,Wed,2026-12-09 00:00:00,Filling,1 -up Filler,,,,,,,,,,0,0,Grand Total,,,0,0,,,,,
50,Thu,2026-12-10 00:00:00,Filling,1 -up Filler,,,,,,,,,,0,0,Grand Total,,,0,0,,,,,
50,Fri,2026-12-11 00:00:00,Filling,1 -up Filler,,,,,,,,,,0,0,Grand Total,,,0,0,,,,,
50,Sat,2026-12-12 00:00:00,Filling,1 -up Filler,,,,,,,,,,0,0,Grand Total,,,0,0,,,,,
50,Sun,2026-12-13 00:00:00,Filling,1 -up Filler,,,,,,,,,,0,0,Grand Total,,,0,0,,,,,
51,Mon,2026-12-14 00:00:00,Filling,1 -up Filler,,,,,,,,,,0,0,Grand Total,,,0,0,,,,,
51,Tue,2026-12-15 00:00:00,Filling,1 -up Filler,,,,,,,,,,0,0,Grand Total,,,0,0,,,,,
51,Wed,2026-12-16 00:00:00,Filling,1 -up Filler,,,,,,,,,,0,0,Grand Total,,,0,0,,,,,
51,Thu,2026-12-17 00:00:00,Filling,1 -up Filler,,,,,,,,,,0,0,Grand Total,,,0,0,,,,,
51,Fri,2026-12-18 00:00:00,Filling,1 -up Filler,,,,,,,,,,0,0,Grand Total,,,0,0,,,,,
51,Sat,2026-12-19 00:00:00,Filling,1 -up Filler,,,,,,,,,,0,0,Grand Total,,,0,0,,,,,
51,Sun,2026-12-20 00:00:00,Filling,1 -up Filler,,,,,,,,,,0,0,Grand Total,,,0,0,,,,,
52,Mon,2026-12-21 00:00:00,Filling,1 -up Filler,,,,,,,,,,0,0,Grand Total,,,0,0,,,,,
52,Tue,2026-12-22 00:00:00,Filling,1 -up Filler,,,,,,,,,,0,0,Grand Total,,,0,0,,,,,
52,Wed,2026-12-23 00:00:00,Filling,1 -up Filler,,,,,,,,,,0,0,Grand Total,,,0,0,,,,,
52,Thu,2026-12-24 00:00:00,Filling,1 -up Filler,,,,,,,,,,0,0,Grand Total,,,0,0,,,,,
52,Fri,2026-12-25 00:00:00,Filling,1 -up Filler,,,,,,,,,,0,0,Grand Total,,,0,0,,,,,
52,Sat,2026-12-26 00:00:00,Filling,1 -up Filler,,,,,,,,,,0,0,Grand Total,,,0,0,,,,,
52,Sun,2026-12-27 00:00:00,Filling,1 -up Filler,,,,,,,,,,0,0,Grand Total,,,0,0,,,,,
53,Mon,2026-12-28 00:00:00,Filling,1 -up Filler,,,,,,,,,,0,0,Grand Total,,,0,0,,,,,
53,Tue,2026-12-29 00:00:00,Filling,1 -up Filler,,,,,,,,,,0,0,Grand Total,,,0,0,,,,,
53,Wed,2026-12-30 00:00:00,Filling,1 -up Filler,,,,,,,,,,0,0,Grand Total,,,0,0,,,,,
53,Thu,2026-12-31 00:00:00,Filling,1 -up Filler,,,,,,,,,,0,0,Grand Total,,,0,0,,,,,
1,Thu,2026-01-01 00:00:00,Filling,Bottle Filling - Clyra ,,,,,,,,,,0,0,Grand Total,,,0,0,,,,,
1,Fri,2026-01-02 00:00:00,Filling,Bottle Filling - Clyra ,,,,,,,,,,0,0,Grand Total,,,0,0,,,,,
1,Tue,2023-01-03 00:00:00,Filling,Bottle Filling - Clyra ,,,,,,,,,,0,0,Grand Total,,,0,0,,,,,
1,Sun,2026-01-04 00:00:00,Filling,Bottle Filling - Clyra ,,,,,,,,,,0,0,Grand Total,,,0,0,,,,,
2,Mon,2026-01-05 00:00:00,Filling,Bottle Filling - Clyra ,,,,,,,,,,0,0,Grand Total,,,0,0,,,,,
2,Tue,2026-01-06 00:00:00,Filling,Bottle Filling - Clyra ,,,,,,,,,,0,0,Grand Total,,,0,0,,,,,
2,Wed,2026-01-07 00:00:00,Filling,Bottle Filling - Clyra ,,,,,,,,,,0,0,Grand Total,,,0,0,,,,,
2,Thu,2026-01-08 00:00:00,Filling,Bottle Filling - Clyra ,,,,,,,,,,0,0,Grand Total,,,0,0,,,,,
2,Fri,2026-01-09 00:00:00,Filling,Bottle Filling - Clyra ,,,,,,,,,,0,0,Grand Total,,,0,0,,,,,
2,Sat,2026-01-10 00:00:00,Filling,Bottle Filling - Clyra ,,,,,,,,,,0,0,Grand Total,,,0,0,,,,,
2,Sun,2026-01-11 00:00:00,Filling,Bottle Filling - Clyra ,,,,,,,,,,0,0,Grand Total,,,0,0,,,,,
3,Mon,2026-01-12 00:00:00,Filling,Bottle Filling - Clyra ,,,,,,,,,,0,0,Grand Total,,,0,0,,,,,
3,Tue,2026-01-13 00:00:00,Filling,Bottle Filling - Clyra ,,,,,,,,,,0,0,Grand Total,,,0,0,,,,,
3,Wed,2026-01-14 00:00:00,Filling,Bottle Filling - Clyra ,,,,,,,,,,0,0,Grand Total,,,0,0,,,,,
3,Thu,2026-01-15 00:00:00,Filling,Bottle Filling - Clyra ,,,,,,,,,,0,0,Grand Total,,,0,0,,,,,
3,Fri,2026-01-16 00:00:00,Filling,Bottle Filling - Clyra ,,,,,,,,,,0,0,Grand Total,,,0,0,,,,,
3,Sat,2026-01-17 00:00:00,Filling,Bottle Filling - Clyra ,,,,,,,,,,0,0,Grand Total,,,0,0,,,,,
3,Sun,2026-01-18 00:00:00,Filling,Bottle Filling - Clyra ,,,,,,,,,,0,0,Grand Total,,,0,0,,,,,
4,Mon,2026-01-19 00:00:00,Filling,Bottle Filling - Clyra ,,,,,,,,,,0,0,Grand Total,,,0,0,,,,,
4,Tue,2026-01-20 00:00:00,Filling,Bottle Filling - Clyra ,,,,,,,,,,0,0,Grand Total,,,0,0,,,,,
4,Wed,2026-01-21 00:00:00,Filling,Bottle Filling - Clyra ,,,,,,,,,,0,0,Grand Total,,,0,0,,,,,
4,Thu,2026-01-22 00:00:00,Filling,Bottle Filling - Clyra ,,,,,,,,,,0,0,Grand Total,,,0,0,,,,,
4,Fri,2026-01-23 00:00:00,Filling,Bottle Filling - Clyra ,,,,,,,,,,0,0,Grand Total,,,0,0,,,,,
4,Sat,2026-01-24 00:00:00,Filling,Bottle Filling - Clyra ,,,,,,,,,,0,0,Grand Total,,,0,0,,,,,
4,Sun,2026-01-25 00:00:00,Filling,Bottle Filling - Clyra ,,,,,,,,,,0,0,Grand Total,,,0,0,,,,,
5,Mon,2026-01-26 00:00:00,Filling,Bottle Filling - Clyra ,,,,,,,,,,0,0,Grand Total,,,0,0,,,,,
5,Tue,2026-01-27 00:00:00,Filling,Bottle Filling - Clyra ,,,,,,,,,,0,0,Grand Total,,,0,0,,,,,
5,Wed,2026-01-28 00:00:00,Filling,Bottle Filling - Clyra ,,,,,,,,,,0,0,Grand Total,,,0,0,,,,,
5,Thu,2026-01-29 00:00:00,Filling,Bottle Filling - Clyra ,,,,,,,,,,0,0,Grand Total,,,0,0,,,,,
5,Fri,2026-01-30 00:00:00,Filling,Bottle Filling - Clyra ,,,,,,,,,,0,0,Grand Total,,,0,0,,,,,
5,Sat,2026-01-31 00:00:00,Filling,Bottle Filling - Clyra ,,,,,,,,,,0,0,Grand Total,,,0,0,,,,,
5,Sun,2026-02-01 00:00:00,Filling,Bottle Filling - Clyra ,,,,,,,,,,0,0,Grand Total,,,0,0,,,,,
6,Mon,2026-02-02 00:00:00,Filling,Bottle Filling - Clyra ,,,,,,,,,,0,0,Grand Total,,,0,0,,,,,
6,Tue,2026-02-03 00:00:00,Filling,Bottle Filling - Clyra ,,,,,,,,,,0,0,Grand Total,,,0,0,,,,,
6,Wed,2026-02-04 00:00:00,Filling,Bottle Filling - Clyra ,,,,,,,,,,0,0,Grand Total,,,0,0,,,,,
6,Thu,2026-02-05 00:00:00,Filling,Bottle Filling - Clyra ,,,,,,,,,,0,0,Grand Total,,,0,0,,,,,
6,Fri,2026-02-06 00:00:00,Filling,Bottle Filling - Clyra ,,,,,,,,,,0,0,Grand Total,,,0,0,,,,,
6,Sat,2026-02-07 00:00:00,Filling,Bottle Filling - Clyra ,,,,,,,,,,0,0,Grand Total,,,0,0,,,,,
6,Sun,2026-02-08 00:00:00,Filling,Bottle Filling - Clyra ,,,,,,,,,,0,0,Grand Total,,,0,0,,,,,
7,Mon,2026-02-09 00:00:00,Filling,Bottle Filling - Clyra ,,,,,,,,,,0,0,Grand Total,,,0,0,,,,,
7,Tue,2026-02-10 00:00:00,Filling,Bottle Filling - Clyra ,,,,,,,,,,0,0,Grand Total,,,0,0,,,,,
7,Wed,2026-02-11 00:00:00,Filling,Bottle Filling - Clyra ,,,,,,,,,,0,0,Grand Total,,,0,0,,,,,
7,Thu,2026-02-12 00:00:00,Filling,Bottle Filling - Clyra ,,,,,,,,,,0,0,Grand Total,,,0,0,,,,,
7,Fri,2026-02-13 00:00:00,Filling,Bottle Filling - Clyra ,,,,,,,,,,0,0,Grand Total,,,0,0,,,,,
7,Sat,2026-02-14 00:00:00,Filling,Bottle Filling - Clyra ,,,,,,,,,,0,0,Grand Total,,,0,0,,,,,
7,Sun,2026-02-15 00:00:00,Filling,Bottle Filling - Clyra ,,,,,,,,,,0,0,Grand Total,,,0,0,,,,,
8,Mon,2026-02-16 00:00:00,Filling,Bottle Filling - Clyra ,,,,,,,,,,0,0,Grand Total,,,0,0,,,,,
8,Tue,2026-02-17 00:00:00,Filling,Bottle Filling - Clyra ,,,,,,,,,,0,0,Grand Total,,,0,0,,,,,
8,Wed,2026-02-18 00:00:00,Filling,Bottle Filling - Clyra ,,,,,,,,,,0,0,Grand Total,,,0,0,,,,,
8,Thu,2026-02-19 00:00:00,Filling,Bottle Filling - Clyra ,,,,,,,,,,0,0,Grand Total,,,0,0,,,,,
8,Fri,2026-02-20 00:00:00,Filling,Bottle Filling - Clyra ,,,,,,,,,,0,0,Grand Total,,,0,0,,,,,
8,Sat,2026-02-21 00:00:00,Filling,Bottle Filling - Clyra ,,,,,,,,,,0,0,Grand Total,,,0,0,,,,,
8,Sun,2026-02-22 00:00:00,Filling,Bottle Filling - Clyra ,,,,,,,,,,0,0,Grand Total,,,0,0,,,,,
9,Mon,2026-02-23 00:00:00,Filling,Bottle Filling - Clyra ,,,,,,,,,,0,0,Grand Total,,,0,0,,,,,
9,Tue,2026-02-24 00:00:00,Filling,Bottle Filling - Clyra ,,,,,,,,,,0,0,Grand Total,,,0,0,,,,,
9,Wed,2026-02-25 00:00:00,Filling,Bottle Filling - Clyra ,,,,,,,,,,0,0,Grand Total,,,0,0,,,,,
9,Thu,2026-02-26 00:00:00,Filling,Bottle Filling - Clyra ,,,,,,,,,,0,0,Grand Total,,,0,0,,,,,
9,Fri,2026-02-27 00:00:00,Filling,Bottle Filling - Clyra ,,,,,,,,,,0,0,Grand Total,,,0,0,,,,,
9,Sat,2026-02-28 00:00:00,Filling,Bottle Filling - Clyra ,,,,,,,,,,0,0,Grand Total,,,0,0,,,,,
9,Sun,2026-03-01 00:00:00,Filling,Bottle Filling - Clyra ,,,,,,,,,,0,0,Grand Total,,,0,0,,,,,
10,Mon,2026-03-02 00:00:00,Filling,Bottle Filling - Clyra ,,,,,,,,,,0,0,Grand Total,,,0,0,,,,,
10,Tue,2026-03-03 00:00:00,Filling,Bottle Filling - Clyra ,,,,,,,,,,0,0,Grand Total,,,0,0,,,,,
10,Wed,2026-03-04 00:00:00,Filling,Bottle Filling - Clyra ,,,,,,,,,,0,0,Grand Total,,,0,0,,,,,
10,Thu,2026-03-05 00:00:00,Filling,Bottle Filling - Clyra ,,,,,,,,,,0,0,Grand Total,,,0,0,,,,,
10,Fri,2026-03-06 00:00:00,Filling,Bottle Filling - Clyra ,,,,,,,,,,0,0,Grand Total,,,0,0,,,,,
10,Sat,2026-03-07 00:00:00,Filling,Bottle Filling - Clyra ,,,,,,,,,,0,0,Grand Total,,,0,0,,,,,
10,Sun,2026-03-08 00:00:00,Filling,Bottle Filling - Clyra ,,,,,,,,,,0,0,Grand Total,,,0,0,,,,,
11,Mon,2026-03-09 00:00:00,Filling,Bottle Filling - Clyra ,,,,,,,,,,0,0,Grand Total,,,0,0,,,,,
11,Tue,2026-03-10 00:00:00,Filling,Bottle Filling - Clyra ,,,,,,,,,,0,0,Grand Total,,,0,0,,,,,
11,Wed,2026-03-11 00:00:00,Filling,Bottle Filling - Clyra ,,,,,,,,,,0,0,Grand Total,,,0,0,,,,,
11,Thu,2026-03-12 00:00:00,Filling,Bottle Filling - Clyra ,,,,,,,,,,0,0,Grand Total,,,0,0,,,,,
11,Fri,2026-03-13 00:00:00,Filling,Bottle Filling - Clyra ,,,,,,,,,,0,0,Grand Total,,,0,0,,,,,
11,Sat,2026-03-14 00:00:00,Filling,Bottle Filling - Clyra ,,,,,,,,,,0,0,Grand Total,,,0,0,,,,,
11,Sun,2026-03-15 00:00:00,Filling,Bottle Filling - Clyra ,,,,,,,,,,0,0,Grand Total,,,0,0,,,,,
12,Mon,2026-03-16 00:00:00,Filling,Bottle Filling - Clyra ,,,,,,,,,,0,0,Grand Total,,,0,0,,,,,
12,Tue,2026-03-17 00:00:00,Filling,Bottle Filling - Clyra ,,,,,,,,,,0,0,Grand Total,,,0,0,,,,,
12,Wed,2026-03-18 00:00:00,Filling,Bottle Filling - Clyra ,,,,,,,,,,0,0,Grand Total,,,0,0,,,,,
12,Thu,2026-03-19 00:00:00,Filling,Bottle Filling - Clyra ,,,,,,,,,,0,0,Grand Total,,,0,0,,,,,
12,Fri,2026-03-20 00:00:00,Filling,Bottle Filling - Clyra ,,,,,,,,,,0,0,Grand Total,,,0,0,,,,,
12,Sat,2026-03-21 00:00:00,Filling,Bottle Filling - Clyra ,,,,,,,,,,0,0,Grand Total,,,0,0,,,,,
12,Sun,2026-03-22 00:00:00,Filling,Bottle Filling - Clyra ,,,,,,,,,,0,0,Grand Total,,,0,0,,,,,
13,Mon,2026-03-23 00:00:00,Filling,Bottle Filling - Clyra ,,,,,,,,,,0,0,Grand Total,,,0,0,,,,,
13,Tue,2026-03-24 00:00:00,Filling,Bottle Filling - Clyra ,,,,,,,,,,0,0,Grand Total,,,0,0,,,,,
13,Wed,2026-03-25 00:00:00,Filling,Bottle Filling - Clyra ,,,,,,,,,,0,0,Grand Total,,,0,0,,,,,
13,Thu,2026-03-26 00:00:00,Filling,Bottle Filling - Clyra ,,,,,,,,,,0,0,Grand Total,,,0,0,,,,,
13,Fri,2026-03-27 00:00:00,Filling,Bottle Filling - Clyra ,,,,,,,,,,0,0,Grand Total,,,0,0,,,,,
13,Sat,2026-03-28 00:00:00,Filling,Bottle Filling - Clyra ,,,,,,,,,,0,0,Grand Total,,,0,0,,,,,
13,Sun,2026-03-29 00:00:00,Filling,Bottle Filling - Clyra ,,,,,,,,,,0,0,Grand Total,,,0,0,,,,,
14,Mon,2026-03-30 00:00:00,Filling,Bottle Filling - Clyra ,,,,,,,,,,0,0,Grand Total,,,0,0,,,,,
14,Tue,2026-03-31 00:00:00,Filling,Bottle Filling - Clyra ,,,,,,,,,,0,0,Grand Total,,,0,0,,,,,
14,Wed,2026-04-01 00:00:00,Filling,Bottle Filling - Clyra ,,,,,,,,,,0,0,Grand Total,,,0,0,,,,,
14,Thu,2026-04-02 00:00:00,Filling,Bottle Filling - Clyra ,,,,,,,,,,0,0,Grand Total,,,0,0,,,,,
14,Fri,2026-04-03 00:00:00,Filling,Bottle Filling - Clyra ,,,,,,,,,,0,0,Grand Total,,,0,0,,,,,
14,Sat,2026-04-04 00:00:00,Filling,Bottle Filling - Clyra ,,,,,,,,,,0,0,Grand Total,,,0,0,,,,,
14,Sun,2026-04-05 00:00:00,Filling,Bottle Filling - Clyra ,,,,,,,,,,0,0,Grand Total,,,0,0,,,,,
15,Mon,2026-04-06 00:00:00,Filling,Bottle Filling - Clyra ,,,,,,,,,,0,0,Grand Total,,,0,0,,,,,
15,Tue,2026-04-07 00:00:00,Filling,Bottle Filling - Clyra ,,,,,,,,,,0,0,Grand Total,,,0,0,,,,,
15,Wed,2026-04-08 00:00:00,Filling,Bottle Filling - Clyra ,,,,,,,,,,0,0,Grand Total,,,0,0,,,,,
15,Thu,2026-04-09 00:00:00,Filling,Bottle Filling - Clyra ,,,,,,,,,,0,0,Grand Total,,,0,0,,,,,
15,Fri,2026-04-10 00:00:00,Filling,Bottle Filling - Clyra ,,,,,,,,,,0,0,Grand Total,,,0,0,,,,,
15,Sat,2026-04-11 00:00:00,Filling,Bottle Filling - Clyra ,,,,,,,,,,0,0,Grand Total,,,0,0,,,,,
15,Sun,2026-04-12 00:00:00,Filling,Bottle Filling - Clyra ,,,,,,,,,,0,0,Grand Total,,,0,0,,,,,
16,Mon,2026-04-13 00:00:00,Filling,Bottle Filling - Clyra ,,,,,,,,,,0,0,Grand Total,,,0,0,,,,,
16,Tue,2026-04-14 00:00:00,Filling,Bottle Filling - Clyra ,,,,,,,,,,0,0,Grand Total,,,0,0,,,,,
16,Wed,2026-04-15 00:00:00,Filling,Bottle Filling - Clyra ,,,,,,,,,,0,0,Grand Total,,,0,0,,,,,
16,Thu,2026-04-16 00:00:00,Filling,Bottle Filling - Clyra ,,,,,,,,,,0,0,Grand Total,,,0,0,,,,,
16,Fri,2026-04-17 00:00:00,Filling,Bottle Filling - Clyra ,,,,,,,,,,0,0,Grand Total,,,0,0,,,,,
16,Sat,2026-04-18 00:00:00,Filling,Bottle Filling - Clyra ,,,,,,,,,,0,0,Grand Total,,,0,0,,,,,
16,Sun,2026-04-19 00:00:00,Filling,Bottle Filling - Clyra ,,,,,,,,,,0,0,Grand Total,,,0,0,,,,,
17,Mon,2026-04-20 00:00:00,Filling,Bottle Filling - Clyra ,,,,,,,,,,0,0,Grand Total,,,0,0,,,,,
17,Tue,2026-04-21 00:00:00,Filling,Bottle Filling - Clyra ,,,,,,,,,,0,0,Grand Total,,,0,0,,,,,
17,Wed,2026-04-22 00:00:00,Filling,Bottle Filling - Clyra ,,,,,,,,,,0,0,Grand Total,,,0,0,,,,,
17,Thu,2026-04-23 00:00:00,Filling,Bottle Filling - Clyra ,,,,,,,,,,0,0,Grand Total,,,0,0,,,,,
17,Fri,2026-04-24 00:00:00,Filling,Bottle Filling - Clyra ,,,,,,,,,,0,0,Grand Total,,,0,0,,,,,
17,Sat,2026-04-25 00:00:00,Filling,Bottle Filling - Clyra ,,,,,,,,,,0,0,Grand Total,,,0,0,,,,,
17,Sun,2026-04-26 00:00:00,Filling,Bottle Filling - Clyra ,,,,,,,,,,0,0,Grand Total,,,0,0,,,,,
18,Mon,2026-04-27 00:00:00,Filling,Bottle Filling - Clyra ,,,,,,,,,,0,0,Grand Total,,,0,0,,,,,
18,Tue,2026-04-28 00:00:00,Filling,Bottle Filling - Clyra ,,,,,,,,,,0,0,Grand Total,,,0,0,,,,,
18,Wed,2026-04-29 00:00:00,Filling,Bottle Filling - Clyra ,,,,,,,,,,0,0,Grand Total,,,0,0,,,,,
18,Thu,2026-04-30 00:00:00,Filling,Bottle Filling - Clyra ,,,,,,,,,,0,0,Grand Total,,,0,0,,,,,
18,Fri,2026-05-01 00:00:00,Filling,Bottle Filling - Clyra ,,,,,,,,,,0,0,Grand Total,,,0,0,,,,,
18,Sat,2026-05-02 00:00:00,Filling,Bottle Filling - Clyra ,,,,,,,,,,0,0,Grand Total,,,0,0,,,,,
18,Sun,2026-05-03 00:00:00,Filling,Bottle Filling - Clyra ,,,,,,,,,,0,0,Grand Total,,,0,0,,,,,
19,Mon,2026-05-04 00:00:00,Filling,Bottle Filling - Clyra ,,,,,,,,,,0,0,Grand Total,,,0,0,,,,,
19,Tue,2026-05-05 00:00:00,Filling,Bottle Filling - Clyra ,,,,,,,,,,0,0,Grand Total,,,0,0,,,,,
19,Wed,2026-05-06 00:00:00,Filling,Bottle Filling - Clyra ,,,,,,,,,,0,0,Grand Total,,,0,0,,,,,
19,Thu,2026-05-07 00:00:00,Filling,Bottle Filling - Clyra ,,,,,,,,,,0,0,Grand Total,,,0,0,,,,,
19,Fri,2026-05-08 00:00:00,Filling,Bottle Filling - Clyra ,,,,,,,,,,0,0,Grand Total,,,0,0,,,,,
19,Sat,2026-05-09 00:00:00,Filling,Bottle Filling - Clyra ,,,,,,,,,,0,0,Grand Total,,,0,0,,,,,
19,Sun,2026-05-10 00:00:00,Filling,Bottle Filling - Clyra ,,,,,,,,,,0,0,Grand Total,,,0,0,,,,,
20,Mon,2026-05-11 00:00:00,Filling,Bottle Filling - Clyra ,,,,,,,,,,0,0,Grand Total,,,0,0,,,,,
20,Tue,2026-05-12 00:00:00,Filling,Bottle Filling - Clyra ,,,,,,,,,,0,0,Grand Total,,,0,0,,,,,
20,Wed,2026-05-13 00:00:00,Filling,Bottle Filling - Clyra ,,,,,,,,,,0,0,Grand Total,,,0,0,,,,,
20,Thu,2026-05-14 00:00:00,Filling,Bottle Filling - Clyra ,,,,,,,,,,0,0,Grand Total,,,0,0,,,,,
20,Fri,2026-05-15 00:00:00,Filling,Bottle Filling - Clyra ,,,,,,,,,,0,0,Grand Total,,,0,0,,,,,
20,Sat,2026-05-16 00:00:00,Filling,Bottle Filling - Clyra ,,,,,,,,,,0,0,Grand Total,,,0,0,,,,,
20,Sun,2026-05-17 00:00:00,Filling,Bottle Filling - Clyra ,,,,,,,,,,0,0,Grand Total,,,0,0,,,,,
21,Mon,2026-05-18 00:00:00,Filling,Bottle Filling - Clyra ,,,,,,,,,,0,0,Grand Total,,,0,0,,,,,
21,Tue,2026-05-19 00:00:00,Filling,Bottle Filling - Clyra ,,,,,,,,,,0,0,Grand Total,,,0,0,,,,,
21,Wed,2026-05-20 00:00:00,Filling,Bottle Filling - Clyra ,,,,,,,,,,0,0,Grand Total,,,0,0,,,,,
21,Thu,2026-05-21 00:00:00,Filling,Bottle Filling - Clyra ,,,,,,,,,,0,0,Grand Total,,,0,0,,,,,
21,Fri,2026-05-22 00:00:00,Filling,Bottle Filling - Clyra ,,,,,,,,,,0,0,Grand Total,,,0,0,,,,,
21,Sat,2026-05-23 00:00:00,Filling,Bottle Filling - Clyra ,,,,,,,,,,0,0,Grand Total,,,0,0,,,,,
21,Sun,2026-05-24 00:00:00,Filling,Bottle Filling - Clyra ,,,,,,,,,,0,0,Grand Total,,,0,0,,,,,
22,Mon,2026-05-25 00:00:00,Filling,Bottle Filling - Clyra ,,,,,,,,,,0,0,Grand Total,,,0,0,,,,,
22,Tue,2026-05-26 00:00:00,Filling,Bottle Filling - Clyra ,,,,,,,,,,0,0,Grand Total,,,0,0,,,,,
22,Wed,2026-05-27 00:00:00,Filling,Bottle Filling - Clyra ,,,,,,,,,,0,0,Grand Total,,,0,0,,,,,
22,Thu,2026-05-28 00:00:00,Filling,Bottle Filling - Clyra ,,,,,,,,,,0,0,Grand Total,,,0,0,,,,,
22,Fri,2026-05-29 00:00:00,Filling,Bottle Filling - Clyra ,,,,,,,,,,0,0,Grand Total,,,0,0,,,,,
22,Sat,2026-05-30 00:00:00,Filling,Bottle Filling - Clyra ,,,,,,,,,,0,0,Grand Total,,,0,0,,,,,
22,Sun,2026-05-31 00:00:00,Filling,Bottle Filling - Clyra ,,,,,,,,,,0,0,Grand Total,,,0,0,,,,,
23,Mon,2026-06-01 00:00:00,Filling,Bottle Filling - Clyra ,,,,,,,,,,0,0,Grand Total,,,0,0,,,,,
23,Tue,2026-06-02 00:00:00,Filling,Bottle Filling - Clyra ,,,,,,,,,,0,0,Grand Total,,,0,0,,,,,
23,Wed,2026-06-03 00:00:00,Filling,Bottle Filling - Clyra ,,,,,,,,,,0,0,Grand Total,,,0,0,,,,,
23,Thu,2026-06-04 00:00:00,Filling,Bottle Filling - Clyra ,,,,,,,,,,0,0,Grand Total,,,0,0,,,,,
23,Fri,2026-06-05 00:00:00,Filling,Bottle Filling - Clyra ,,,,,,,,,,0,0,Grand Total,,,0,0,,,,,
23,Sat,2026-06-06 00:00:00,Filling,Bottle Filling - Clyra ,,,,,,,,,,0,0,Grand Total,,,0,0,,,,,
23,Sun,2026-06-07 00:00:00,Filling,Bottle Filling - Clyra ,,,,,,,,,,0,0,Grand Total,,,0,0,,,,,
24,Mon,2026-06-08 00:00:00,Filling,Bottle Filling - Clyra ,,,,,,,,,,0,0,Grand Total,,,0,0,,,,,
24,Tue,2026-06-09 00:00:00,Filling,Bottle Filling - Clyra ,,,,,,,,,,0,0,Grand Total,,,0,0,,,,,
24,Wed,2026-06-10 00:00:00,Filling,Bottle Filling - Clyra ,,,,,,,,,,0,0,Grand Total,,,0,0,,,,,
24,Thu,2026-06-11 00:00:00,Filling,Bottle Filling - Clyra ,,,,,,,,,,0,0,Grand Total,,,0,0,,,,,
24,Fri,2026-06-12 00:00:00,Filling,Bottle Filling - Clyra ,,,,,,,,,,0,0,Grand Total,,,0,0,,,,,
24,Sat,2026-06-13 00:00:00,Filling,Bottle Filling - Clyra ,,,,,,,,,,0,0,Grand Total,,,0,0,,,,,
24,Sun,2026-06-14 00:00:00,Filling,Bottle Filling - Clyra ,,,,,,,,,,0,0,Grand Total,,,0,0,,,,,
25,Mon,2026-06-15 00:00:00,Filling,Bottle Filling - Clyra ,,,,,,,,,,0,0,Grand Total,,,0,0,,,,,
25,Tue,2026-06-16 00:00:00,Filling,Bottle Filling - Clyra ,,,,,,,,,,0,0,Grand Total,,,0,0,,,,,
25,Wed,2026-06-17 00:00:00,Filling,Bottle Filling - Clyra ,,,,,,,,,,0,0,Grand Total,,,0,0,,,,,
25,Thu,2026-06-18 00:00:00,Filling,Bottle Filling - Clyra ,,,,,,,,,,0,0,Grand Total,,,0,0,,,,,
25,Fri,2026-06-19 00:00:00,Filling,Bottle Filling - Clyra ,,,,,,,,,,0,0,Grand Total,,,0,0,,,,,
25,Sat,2026-06-20 00:00:00,Filling,Bottle Filling - Clyra ,,,,,,,,,,0,0,Grand Total,,,0,0,,,,,
25,Sun,2026-06-21 00:00:00,Filling,Bottle Filling - Clyra ,,,,,,,,,,0,0,Grand Total,,,0,0,,,,,
26,Mon,2026-06-22 00:00:00,Filling,Bottle Filling - Clyra ,,,,,,,,,,0,0,Grand Total,,,0,0,,,,,
26,Tue,2026-06-23 00:00:00,Filling,Bottle Filling - Clyra ,,,,,,,,,,0,0,Grand Total,,,0,0,,,,,
26,Wed,2026-06-24 00:00:00,Filling,Bottle Filling - Clyra ,,,,,,,,,,0,0,Grand Total,,,0,0,,,,,
26,Thu,2026-06-25 00:00:00,Filling,Bottle Filling - Clyra ,,,,,,,,,,0,0,Grand Total,,,0,0,,,,,
26,Fri,2026-06-26 00:00:00,Filling,Bottle Filling - Clyra ,,,,,,,,,,0,0,Grand Total,,,0,0,,,,,
26,Sat,2026-06-27 00:00:00,Filling,Bottle Filling - Clyra ,,,,,,,,,,0,0,Grand Total,,,0,0,,,,,
26,Sun,2026-06-28 00:00:00,Filling,Bottle Filling - Clyra ,,,,,,,,,,0,0,Grand Total,,,0,0,,,,,
27,Mon,2026-06-29 00:00:00,Filling,Bottle Filling - Clyra ,,,,,,,,,,0,0,Grand Total,,,0,0,,,,,
27,Tue,2026-06-30 00:00:00,Filling,Bottle Filling - Clyra ,,,,,,,,,,0,0,Grand Total,,,0,0,,,,,
27,Wed,2026-07-01 00:00:00,Filling,Bottle Filling - Clyra ,,,,,,,,,,0,0,Grand Total,,,0,0,,,,,
27,Thu,2026-07-02 00:00:00,Filling,Bottle Filling - Clyra ,,,,,,,,,,0,0,Grand Total,,,0,0,,,,,
27,Fri,2026-07-03 00:00:00,Filling,Bottle Filling - Clyra ,,,,,,,,,,0,0,Grand Total,,,0,0,,,,,
27,Sat,2026-07-04 00:00:00,Filling,Bottle Filling - Clyra ,,,,,,,,,,0,0,Grand Total,,,0,0,,,,,
27,Sun,2026-07-05 00:00:00,Filling,Bottle Filling - Clyra ,,,,,,,,,,0,0,Grand Total,,,0,0,,,,,
28,Mon,2026-07-06 00:00:00,Filling,Bottle Filling - Clyra ,,,,,,,,,,0,0,Grand Total,,,0,0,,,,,
28,Tue,2026-07-07 00:00:00,Filling,Bottle Filling - Clyra ,,,,,,,,,,0,0,Grand Total,,,0,0,,,,,
28,Wed,2026-07-08 00:00:00,Filling,Bottle Filling - Clyra ,,,,,,,,,,0,0,Grand Total,,,0,0,,,,,
28,Thu,2026-07-09 00:00:00,Filling,Bottle Filling - Clyra ,,,,,,,,,,0,0,Grand Total,,,0,0,,,,,
28,Fri,2026-07-10 00:00:00,Filling,Bottle Filling - Clyra ,,,,,,,,,,0,0,Grand Total,,,0,0,,,,,
28,Sat,2026-07-11 00:00:00,Filling,Bottle Filling - Clyra ,,,,,,,,,,0,0,Grand Total,,,0,0,,,,,
28,Sun,2026-07-12 00:00:00,Filling,Bottle Filling - Clyra ,,,,,,,,,,0,0,Grand Total,,,0,0,,,,,
29,Mon,2026-07-13 00:00:00,Filling,Bottle Filling - Clyra ,,,,,,,,,,0,0,Grand Total,,,0,0,,,,,
29,Tue,2026-07-14 00:00:00,Filling,Bottle Filling - Clyra ,,,,,,,,,,0,0,Grand Total,,,0,0,,,,,
29,Wed,2026-07-15 00:00:00,Filling,Bottle Filling - Clyra ,,,,,,,,,,0,0,Grand Total,,,0,0,,,,,
29,Thu,2026-07-16 00:00:00,Filling,Bottle Filling - Clyra ,,,,,,,,,,0,0,Grand Total,,,0,0,,,,,
29,Fri,2026-07-17 00:00:00,Filling,Bottle Filling - Clyra ,,,,,,,,,,0,0,Grand Total,,,0,0,,,,,
29,Sat,2026-07-18 00:00:00,Filling,Bottle Filling - Clyra ,,,,,,,,,,0,0,Grand Total,,,0,0,,,,,
29,Sun,2026-07-19 00:00:00,Filling,Bottle Filling - Clyra ,,,,,,,,,,0,0,Grand Total,,,0,0,,,,,
30,Mon,2026-07-20 00:00:00,Filling,Bottle Filling - Clyra ,,,,,,,,,,0,0,Grand Total,,,0,0,,,,,
30,Tue,2026-07-21 00:00:00,Filling,Bottle Filling - Clyra ,,,,,,,,,,0,0,Grand Total,,,0,0,,,,,
30,Wed,2026-07-22 00:00:00,Filling,Bottle Filling - Clyra ,,,,,,,,,,0,0,Grand Total,,,0,0,,,,,
30,Thu,2026-07-23 00:00:00,Filling,Bottle Filling - Clyra ,,,,,,,,,,0,0,Grand Total,,,0,0,,,,,
30,Fri,2026-07-24 00:00:00,Filling,Bottle Filling - Clyra ,,,,,,,,,,0,0,Grand Total,,,0,0,,,,,
30,Sat,2026-07-25 00:00:00,Filling,Bottle Filling - Clyra ,,,,,,,,,,0,0,Grand Total,,,0,0,,,,,
30,Sun,2026-07-26 00:00:00,Filling,Bottle Filling - Clyra ,,,,,,,,,,0,0,Grand Total,,,0,0,,,,,
31,Mon,2026-07-27 00:00:00,Filling,Bottle Filling - Clyra ,,,,,,,,,,0,0,Grand Total,,,0,0,,,,,
31,Tue,2026-07-28 00:00:00,Filling,Bottle Filling - Clyra ,,,,,,,,,,0,0,Grand Total,,,0,0,,,,,
31,Wed,2026-07-29 00:00:00,Filling,Bottle Filling - Clyra ,,,,,,,,,,0,0,Grand Total,,,0,0,,,,,
31,Thu,2026-07-30 00:00:00,Filling,Bottle Filling - Clyra ,,,,,,,,,,0,0,Grand Total,,,0,0,,,,,
31,Fri,2026-07-31 00:00:00,Filling,Bottle Filling - Clyra ,,,,,,,,,,0,0,Grand Total,,,0,0,,,,,
31,Sat,2026-08-01 00:00:00,Filling,Bottle Filling - Clyra ,,,,,,,,,,0,0,Grand Total,,,0,0,,,,,
31,Sun,2026-08-02 00:00:00,Filling,Bottle Filling - Clyra ,,,,,,,,,,0,0,Grand Total,,,0,0,,,,,
32,Mon,2026-08-03 00:00:00,Filling,Bottle Filling - Clyra ,,,,,,,,,,0,0,Grand Total,,,0,0,,,,,
32,Tue,2026-08-04 00:00:00,Filling,Bottle Filling - Clyra ,,,,,,,,,,0,0,Grand Total,,,0,0,,,,,
32,Wed,2026-08-05 00:00:00,Filling,Bottle Filling - Clyra ,,,,,,,,,,0,0,Grand Total,,,0,0,,,,,
32,Thu,2026-08-06 00:00:00,Filling,Bottle Filling - Clyra ,,,,,,,,,,0,0,Grand Total,,,0,0,,,,,
32,Fri,2026-08-07 00:00:00,Filling,Bottle Filling - Clyra ,,,,,,,,,,0,0,Grand Total,,,0,0,,,,,
32,Sat,2026-08-08 00:00:00,Filling,Bottle Filling - Clyra ,,,,,,,,,,0,0,Grand Total,,,0,0,,,,,
32,Sun,2026-08-09 00:00:00,Filling,Bottle Filling - Clyra ,,,,,,,,,,0,0,Grand Total,,,0,0,,,,,
33,Mon,2026-08-10 00:00:00,Filling,Bottle Filling - Clyra ,,,,,,,,,,0,0,Grand Total,,,0,0,,,,,
33,Tue,2026-08-11 00:00:00,Filling,Bottle Filling - Clyra ,,,,,,,,,,0,0,Grand Total,,,0,0,,,,,
33,Wed,2026-08-12 00:00:00,Filling,Bottle Filling - Clyra ,,,,,,,,,,0,0,Grand Total,,,0,0,,,,,
33,Thu,2026-08-13 00:00:00,Filling,Bottle Filling - Clyra ,,,,,,,,,,0,0,Grand Total,,,0,0,,,,,
33,Fri,2026-08-14 00:00:00,Filling,Bottle Filling - Clyra ,,,,,,,,,,0,0,Grand Total,,,0,0,,,,,
33,Sat,2026-08-15 00:00:00,Filling,Bottle Filling - Clyra ,,,,,,,,,,0,0,Grand Total,,,0,0,,,,,
33,Sun,2026-08-16 00:00:00,Filling,Bottle Filling - Clyra ,,,,,,,,,,0,0,Grand Total,,,0,0,,,,,
34,Mon,2026-08-17 00:00:00,Filling,Bottle Filling - Clyra ,,,,,,,,,,0,0,Grand Total,,,0,0,,,,,
34,Tue,2026-08-18 00:00:00,Filling,Bottle Filling - Clyra ,,,,,,,,,,0,0,Grand Total,,,0,0,,,,,
34,Wed,2026-08-19 00:00:00,Filling,Bottle Filling - Clyra ,,,,,,,,,,0,0,Grand Total,,,0,0,,,,,
34,Thu,2026-08-20 00:00:00,Filling,Bottle Filling - Clyra ,,,,,,,,,,0,0,Grand Total,,,0,0,,,,,
34,Fri,2026-08-21 00:00:00,Filling,Bottle Filling - Clyra ,,,,,,,,,,0,0,Grand Total,,,0,0,,,,,
34,Sat,2026-08-22 00:00:00,Filling,Bottle Filling - Clyra ,,,,,,,,,,0,0,Grand Total,,,0,0,,,,,
34,Sun,2026-08-23 00:00:00,Filling,Bottle Filling - Clyra ,,,,,,,,,,0,0,Grand Total,,,0,0,,,,,
35,Mon,2026-08-24 00:00:00,Filling,Bottle Filling - Clyra ,,,,,,,,,,0,0,Grand Total,,,0,0,,,,,
35,Tue,2026-08-25 00:00:00,Filling,Bottle Filling - Clyra ,,,,,,,,,,0,0,Grand Total,,,0,0,,,,,
35,Wed,2026-08-26 00:00:00,Filling,Bottle Filling - Clyra ,,,,,,,,,,0,0,Grand Total,,,0,0,,,,,
35,Thu,2026-08-27 00:00:00,Filling,Bottle Filling - Clyra ,,,,,,,,,,0,0,Grand Total,,,0,0,,,,,
35,Fri,2026-08-28 00:00:00,Filling,Bottle Filling - Clyra ,,,,,,,,,,0,0,Grand Total,,,0,0,,,,,
35,Sat,2026-08-29 00:00:00,Filling,Bottle Filling - Clyra ,,,,,,,,,,0,0,Grand Total,,,0,0,,,,,
35,Sun,2026-08-30 00:00:00,Filling,Bottle Filling - Clyra ,,,,,,,,,,0,0,Grand Total,,,0,0,,,,,
36,Mon,2026-08-31 00:00:00,Filling,Bottle Filling - Clyra ,,,,,,,,,,0,0,Grand Total,,,0,0,,,,,
36,Tue,2026-09-01 00:00:00,Filling,Bottle Filling - Clyra ,,,,,,,,,,0,0,Grand Total,,,0,0,,,,,
36,Wed,2026-09-02 00:00:00,Filling,Bottle Filling - Clyra ,,,,,,,,,,0,0,Grand Total,,,0,0,,,,,
36,Thu,2026-09-03 00:00:00,Filling,Bottle Filling - Clyra ,,,,,,,,,,0,0,Grand Total,,,0,0,,,,,
36,Fri,2026-09-04 00:00:00,Filling,Bottle Filling - Clyra ,,,,,,,,,,0,0,Grand Total,,,0,0,,,,,
36,Sat,2026-09-05 00:00:00,Filling,Bottle Filling - Clyra ,,,,,,,,,,0,0,Grand Total,,,0,0,,,,,
36,Sun,2026-09-06 00:00:00,Filling,Bottle Filling - Clyra ,,,,,,,,,,0,0,Grand Total,,,0,0,,,,,
37,Mon,2026-09-07 00:00:00,Filling,Bottle Filling - Clyra ,,,,,,,,,,0,0,Grand Total,,,0,0,,,,,
37,Tue,2026-09-08 00:00:00,Filling,Bottle Filling - Clyra ,,,,,,,,,,0,0,Grand Total,,,0,0,,,,,
37,Wed,2026-09-09 00:00:00,Filling,Bottle Filling - Clyra ,,,,,,,,,,0,0,Grand Total,,,0,0,,,,,
37,Thu,2026-09-10 00:00:00,Filling,Bottle Filling - Clyra ,,,,,,,,,,0,0,Grand Total,,,0,0,,,,,
37,Fri,2026-09-11 00:00:00,Filling,Bottle Filling - Clyra ,,,,,,,,,,0,0,Grand Total,,,0,0,,,,,
37,Sat,2026-09-12 00:00:00,Filling,Bottle Filling - Clyra ,,,,,,,,,,0,0,Grand Total,,,0,0,,,,,
37,Sun,2026-09-13 00:00:00,Filling,Bottle Filling - Clyra ,,,,,,,,,,0,0,Grand Total,,,0,0,,,,,
38,Mon,2026-09-14 00:00:00,Filling,Bottle Filling - Clyra ,,,,,,,,,,0,0,Grand Total,,,0,0,,,,,
38,Tue,2026-09-15 00:00:00,Filling,Bottle Filling - Clyra ,,,,,,,,,,0,0,Grand Total,,,0,0,,,,,
38,Wed,2026-09-16 00:00:00,Filling,Bottle Filling - Clyra ,,,,,,,,,,0,0,Grand Total,,,0,0,,,,,
38,Thu,2026-09-17 00:00:00,Filling,Bottle Filling - Clyra ,,,,,,,,,,0,0,Grand Total,,,0,0,,,,,
38,Fri,2026-09-18 00:00:00,Filling,Bottle Filling - Clyra ,,,,,,,,,,0,0,Grand Total,,,0,0,,,,,
38,Sat,2026-09-19 00:00:00,Filling,Bottle Filling - Clyra ,,,,,,,,,,0,0,Grand Total,,,0,0,,,,,
38,Sun,2026-09-20 00:00:00,Filling,Bottle Filling - Clyra ,,,,,,,,,,0,0,Grand Total,,,0,0,,,,,
39,Mon,2026-09-21 00:00:00,Filling,Bottle Filling - Clyra ,,,,,,,,,,0,0,Grand Total,,,0,0,,,,,
39,Tue,2026-09-22 00:00:00,Filling,Bottle Filling - Clyra ,,,,,,,,,,0,0,Grand Total,,,0,0,,,,,
39,Thu,2026-09-24 00:00:00,Filling,Bottle Filling - Clyra ,,,,,,,,,,0,0,Grand Total,,,0,0,,,,,
39,Fri,2026-09-25 00:00:00,Filling,Bottle Filling - Clyra ,,,,,,,,,,0,0,Grand Total,,,0,0,,,,,
39,Sat,2026-09-26 00:00:00,Filling,Bottle Filling - Clyra ,,,,,,,,,,0,0,Grand Total,,,0,0,,,,,
39,Sun,2026-09-27 00:00:00,Filling,Bottle Filling - Clyra ,,,,,,,,,,0,0,Grand Total,,,0,0,,,,,
40,Mon,2026-09-28 00:00:00,Filling,Bottle Filling - Clyra ,,,,,,,,,,0,0,Grand Total,,,0,0,,,,,
40,Tue,2026-09-29 00:00:00,Filling,Bottle Filling - Clyra ,,,,,,,,,,0,0,Grand Total,,,0,0,,,,,
40,Wed,2026-09-30 00:00:00,Filling,Bottle Filling - Clyra ,,,,,,,,,,0,0,Grand Total,,,0,0,,,,,
40,Thu,2026-10-01 00:00:00,Filling,Bottle Filling - Clyra ,,,,,,,,,,0,0,Grand Total,,,0,0,,,,,
40,Fri,2026-10-02 00:00:00,Filling,Bottle Filling - Clyra ,,,,,,,,,,0,0,Grand Total,,,0,0,,,,,
40,Sat,2026-10-03 00:00:00,Filling,Bottle Filling - Clyra ,,,,,,,,,,0,0,Grand Total,,,0,0,,,,,
40,Sun,2026-10-04 00:00:00,Filling,Bottle Filling - Clyra ,,,,,,,,,,0,0,Grand Total,,,0,0,,,,,
41,Mon,2026-10-05 00:00:00,Filling,Bottle Filling - Clyra ,,,,,,,,,,0,0,Grand Total,,,0,0,,,,,
41,Tue,2026-10-06 00:00:00,Filling,Bottle Filling - Clyra ,,,,,,,,,,0,0,Grand Total,,,0,0,,,,,
41,Wed,2026-10-07 00:00:00,Filling,Bottle Filling - Clyra ,,,,,,,,,,0,0,Grand Total,,,0,0,,,,,
41,Thu,2026-10-08 00:00:00,Filling,Bottle Filling - Clyra ,,,,,,,,,,0,0,Grand Total,,,0,0,,,,,
41,Fri,2026-10-09 00:00:00,Filling,Bottle Filling - Clyra ,,,,,,,,,,0,0,Grand Total,,,0,0,,,,,
41,Sat,2026-10-10 00:00:00,Filling,Bottle Filling - Clyra ,,,,,,,,,,0,0,Grand Total,,,0,0,,,,,
41,Sun,2026-10-11 00:00:00,Filling,Bottle Filling - Clyra ,,,,,,,,,,0,0,Grand Total,,,0,0,,,,,
42,Mon,2026-10-12 00:00:00,Filling,Bottle Filling - Clyra ,,,,,,,,,,0,0,Grand Total,,,0,0,,,,,
42,Tue,2026-10-13 00:00:00,Filling,Bottle Filling - Clyra ,,,,,,,,,,0,0,Grand Total,,,0,0,,,,,
42,Wed,2026-10-14 00:00:00,Filling,Bottle Filling - Clyra ,,,,,,,,,,0,0,Grand Total,,,0,0,,,,,
42,Thu,2026-10-15 00:00:00,Filling,Bottle Filling - Clyra ,,,,,,,,,,0,0,Grand Total,,,0,0,,,,,
42,Fri,2026-10-16 00:00:00,Filling,Bottle Filling - Clyra ,,,,,,,,,,0,0,Grand Total,,,0,0,,,,,
42,Sat,2026-10-17 00:00:00,Filling,Bottle Filling - Clyra ,,,,,,,,,,0,0,Grand Total,,,0,0,,,,,
42,Sun,2026-10-18 00:00:00,Filling,Bottle Filling - Clyra ,,,,,,,,,,0,0,Grand Total,,,0,0,,,,,
43,Mon,2026-10-19 00:00:00,Filling,Bottle Filling - Clyra ,,,,,,,,,,0,0,Grand Total,,,0,0,,,,,
43,Tue,2026-10-20 00:00:00,Filling,Bottle Filling - Clyra ,,,,,,,,,,0,0,Grand Total,,,0,0,,,,,
43,Wed,2026-10-21 00:00:00,Filling,Bottle Filling - Clyra ,,,,,,,,,,0,0,Grand Total,,,0,0,,,,,
43,Thu,2026-10-22 00:00:00,Filling,Bottle Filling - Clyra ,,,,,,,,,,0,0,Grand Total,,,0,0,,,,,
43,Fri,2026-10-23 00:00:00,Filling,Bottle Filling - Clyra ,,,,,,,,,,0,0,Grand Total,,,0,0,,,,,
43,Sat,2026-10-24 00:00:00,Filling,Bottle Filling - Clyra ,,,,,,,,,,0,0,Grand Total,,,0,0,,,,,
43,Sun,2026-10-25 00:00:00,Filling,Bottle Filling - Clyra ,,,,,,,,,,0,0,Grand Total,,,0,0,,,,,
44,Mon,2026-10-26 00:00:00,Filling,Bottle Filling - Clyra ,,,,,,,,,,0,0,Grand Total,,,0,0,,,,,
44,Tue,2026-10-27 00:00:00,Filling,Bottle Filling - Clyra ,,,,,,,,,,0,0,Grand Total,,,0,0,,,,,
44,Wed,2026-10-28 00:00:00,Filling,Bottle Filling - Clyra ,,,,,,,,,,0,0,Grand Total,,,0,0,,,,,
44,Thu,2026-10-29 00:00:00,Filling,Bottle Filling - Clyra ,,,,,,,,,,0,0,Grand Total,,,0,0,,,,,
44,Fri,2026-10-30 00:00:00,Filling,Bottle Filling - Clyra ,,,,,,,,,,0,0,Grand Total,,,0,0,,,,,
44,Sat,2026-10-31 00:00:00,Filling,Bottle Filling - Clyra ,,,,,,,,,,0,0,Grand Total,,,0,0,,,,,
44,Sun,2026-11-01 00:00:00,Filling,Bottle Filling - Clyra ,,,,,,,,,,0,0,Grand Total,,,0,0,,,,,
45,Mon,2026-11-02 00:00:00,Filling,Bottle Filling - Clyra ,,,,,,,,,,0,0,Grand Total,,,0,0,,,,,
45,Tue,2026-11-03 00:00:00,Filling,Bottle Filling - Clyra ,,,,,,,,,,0,0,Grand Total,,,0,0,,,,,
45,Wed,2026-11-04 00:00:00,Filling,Bottle Filling - Clyra ,,,,,,,,,,0,0,Grand Total,,,0,0,,,,,
45,Thu,2026-11-05 00:00:00,Filling,Bottle Filling - Clyra ,,,,,,,,,,0,0,Grand Total,,,0,0,,,,,
45,Fri,2026-11-06 00:00:00,Filling,Bottle Filling - Clyra ,,,,,,,,,,0,0,Grand Total,,,0,0,,,,,
45,Sat,2026-11-07 00:00:00,Filling,Bottle Filling - Clyra ,,,,,,,,,,0,0,Grand Total,,,0,0,,,,,
45,Sun,2026-11-08 00:00:00,Filling,Bottle Filling - Clyra ,,,,,,,,,,0,0,Grand Total,,,0,0,,,,,
46,Mon,2026-11-09 00:00:00,Filling,Bottle Filling - Clyra ,,,,,,,,,,0,0,Grand Total,,,0,0,,,,,
46,Tue,2026-11-10 00:00:00,Filling,Bottle Filling - Clyra ,,,,,,,,,,0,0,Grand Total,,,0,0,,,,,
46,Wed,2026-11-11 00:00:00,Filling,Bottle Filling - Clyra ,,,,,,,,,,0,0,Grand Total,,,0,0,,,,,
46,Thu,2026-11-12 00:00:00,Filling,Bottle Filling - Clyra ,,,,,,,,,,0,0,Grand Total,,,0,0,,,,,
46,Fri,2026-11-13 00:00:00,Filling,Bottle Filling - Clyra ,,,,,,,,,,0,0,Grand Total,,,0,0,,,,,
46,Sat,2026-11-14 00:00:00,Filling,Bottle Filling - Clyra ,,,,,,,,,,0,0,Grand Total,,,0,0,,,,,
46,Sun,2026-11-15 00:00:00,Filling,Bottle Filling - Clyra ,,,,,,,,,,0,0,Grand Total,,,0,0,,,,,
47,Mon,2026-11-16 00:00:00,Filling,Bottle Filling - Clyra ,,,,,,,,,,0,0,Grand Total,,,0,0,,,,,
47,Tue,2026-11-17 00:00:00,Filling,Bottle Filling - Clyra ,,,,,,,,,,0,0,Grand Total,,,0,0,,,,,
47,Wed,2026-11-18 00:00:00,Filling,Bottle Filling - Clyra ,,,,,,,,,,0,0,Grand Total,,,0,0,,,,,
47,Thu,2026-11-19 00:00:00,Filling,Bottle Filling - Clyra ,,,,,,,,,,0,0,Grand Total,,,0,0,,,,,
47,Fri,2026-11-20 00:00:00,Filling,Bottle Filling - Clyra ,,,,,,,,,,0,0,Grand Total,,,0,0,,,,,
47,Sat,2026-11-21 00:00:00,Filling,Bottle Filling - Clyra ,,,,,,,,,,0,0,Grand Total,,,0,0,,,,,
47,Sun,2026-11-22 00:00:00,Filling,Bottle Filling - Clyra ,,,,,,,,,,0,0,Grand Total,,,0,0,,,,,
48,Mon,2026-11-23 00:00:00,Filling,Bottle Filling - Clyra ,,,,,,,,,,0,0,Grand Total,,,0,0,,,,,
48,Tue,2026-11-24 00:00:00,Filling,Bottle Filling - Clyra ,,,,,,,,,,0,0,Grand Total,,,0,0,,,,,
48,Wed,2026-11-25 00:00:00,Filling,Bottle Filling - Clyra ,,,,,,,,,,0,0,Grand Total,,,0,0,,,,,
48,Thu,2026-11-26 00:00:00,Filling,Bottle Filling - Clyra ,,,,,,,,,,0,0,Grand Total,,,0,0,,,,,
48,Fri,2026-11-27 00:00:00,Filling,Bottle Filling - Clyra ,,,,,,,,,,0,0,Grand Total,,,0,0,,,,,
48,Sat,2026-11-28 00:00:00,Filling,Bottle Filling - Clyra ,,,,,,,,,,0,0,Grand Total,,,0,0,,,,,
48,Sun,2026-11-29 00:00:00,Filling,Bottle Filling - Clyra ,,,,,,,,,,0,0,Grand Total,,,0,0,,,,,
49,Mon,2026-11-30 00:00:00,Filling,Bottle Filling - Clyra ,,,,,,,,,,0,0,Grand Total,,,0,0,,,,,
49,Tue,2026-12-01 00:00:00,Filling,Bottle Filling - Clyra ,,,,,,,,,,0,0,Grand Total,,,0,0,,,,,
49,Wed,2026-12-02 00:00:00,Filling,Bottle Filling - Clyra ,,,,,,,,,,0,0,Grand Total,,,0,0,,,,,
49,Thu,2026-12-03 00:00:00,Filling,Bottle Filling - Clyra ,,,,,,,,,,0,0,Grand Total,,,0,0,,,,,
49,Fri,2026-12-04 00:00:00,Filling,Bottle Filling - Clyra ,,,,,,,,,,0,0,Grand Total,,,0,0,,,,,
49,Sat,2026-12-05 00:00:00,Filling,Bottle Filling - Clyra ,,,,,,,,,,0,0,Grand Total,,,0,0,,,,,
49,Sun,2026-12-06 00:00:00,Filling,Bottle Filling - Clyra ,,,,,,,,,,0,0,Grand Total,,,0,0,,,,,
50,Mon,2026-12-07 00:00:00,Filling,Bottle Filling - Clyra ,,,,,,,,,,0,0,Grand Total,,,0,0,,,,,
50,Tue,2026-12-08 00:00:00,Filling,Bottle Filling - Clyra ,,,,,,,,,,0,0,Grand Total,,,0,0,,,,,
50,Wed,2026-12-09 00:00:00,Filling,Bottle Filling - Clyra ,,,,,,,,,,0,0,Grand Total,,,0,0,,,,,
50,Thu,2026-12-10 00:00:00,Filling,Bottle Filling - Clyra ,,,,,,,,,,0,0,Grand Total,,,0,0,,,,,
50,Fri,2026-12-11 00:00:00,Filling,Bottle Filling - Clyra ,,,,,,,,,,0,0,Grand Total,,,0,0,,,,,
50,Sat,2026-12-12 00:00:00,Filling,Bottle Filling - Clyra ,,,,,,,,,,0,0,Grand Total,,,0,0,,,,,
50,Sun,2026-12-13 00:00:00,Filling,Bottle Filling - Clyra ,,,,,,,,,,0,0,Grand Total,,,0,0,,,,,
51,Mon,2026-12-14 00:00:00,Filling,Bottle Filling - Clyra ,,,,,,,,,,0,0,Grand Total,,,0,0,,,,,
51,Tue,2026-12-15 00:00:00,Filling,Bottle Filling - Clyra ,,,,,,,,,,0,0,Grand Total,,,0,0,,,,,
51,Wed,2026-12-16 00:00:00,Filling,Bottle Filling - Clyra ,,,,,,,,,,0,0,Grand Total,,,0,0,,,,,
51,Thu,2026-12-17 00:00:00,Filling,Bottle Filling - Clyra ,,,,,,,,,,0,0,Grand Total,,,0,0,,,,,
51,Fri,2026-12-18 00:00:00,Filling,Bottle Filling - Clyra ,,,,,,,,,,0,0,Grand Total,,,0,0,,,,,
51,Sat,2026-12-19 00:00:00,Filling,Bottle Filling - Clyra ,,,,,,,,,,0,0,Grand Total,,,0,0,,,,,
51,Sun,2026-12-20 00:00:00,Filling,Bottle Filling - Clyra ,,,,,,,,,,0,0,Grand Total,,,0,0,,,,,
52,Mon,2026-12-21 00:00:00,Filling,Bottle Filling - Clyra ,,,,,,,,,,0,0,Grand Total,,,0,0,,,,,
52,Tue,2026-12-22 00:00:00,Filling,Bottle Filling - Clyra ,,,,,,,,,,0,0,Grand Total,,,0,0,,,,,
52,Wed,2026-12-23 00:00:00,Filling,Bottle Filling - Clyra ,,,,,,,,,,0,0,Grand Total,,,0,0,,,,,
52,Thu,2026-12-24 00:00:00,Filling,Bottle Filling - Clyra ,,,,,,,,,,0,0,Grand Total,,,0,0,,,,,
52,Fri,2026-12-25 00:00:00,Filling,Bottle Filling - Clyra ,,,,,,,,,,0,0,Grand Total,,,0,0,,,,,
52,Sat,2026-12-26 00:00:00,Filling,Bottle Filling - Clyra ,,,,,,,,,,0,0,Grand Total,,,0,0,,,,,
52,Sun,2026-12-27 00:00:00,Filling,Bottle Filling - Clyra ,,,,,,,,,,0,0,Grand Total,,,0,0,,,,,
53,Mon,2026-12-28 00:00:00,Filling,Bottle Filling - Clyra ,,,,,,,,,,0,0,Grand Total,,,0,0,,,,,
53,Tue,2026-12-29 00:00:00,Filling,Bottle Filling - Clyra ,,,,,,,,,,0,0,Grand Total,,,0,0,,,,,
53,Wed,2026-12-30 00:00:00,Filling,Bottle Filling - Clyra ,,,,,,,,,,0,0,Grand Total,,,0,0,,,,,
53,Thu,2026-12-31 00:00:00,Filling,Bottle Filling - Clyra ,,,,,,,,,,0,0,Grand Total,,,0,0,,,,,
1,Thu,2026-01-01 00:00:00,Filling,Tuber Machine,,,,,,,,,,0,0,Grand Total,,,0,0,,,,,
1,Fri,2026-01-02 00:00:00,Filling,Tuber Machine,,,,,,,,,,0,0,Grand Total,,,0,0,,,,,
1,Tue,2023-01-03 00:00:00,Filling,Tuber Machine,,,,,,,,,,0,0,Grand Total,,,0,0,,,,,
1,Sun,2026-01-04 00:00:00,Filling,Tuber Machine,,,,,,,,,,0,0,Grand Total,,,0,0,,,,,
2,Mon,2026-01-05 00:00:00,Filling,Tuber Machine,Yes,Non Sterile,5668,54174,,4,2000,2000,EA,4680,1333.4379999999996,Grand Total,8,1175,2749.5,783.3948249999999,No ,Material not available,RM 007541 ETA 12/30,,
2,Tue,2026-01-06 00:00:00,Filling,Tuber Machine,No,Non Sterile,7310,54366,,2,3996,0,EA,0,0,Grand Total,4,2500,0,0,,,,,
2,Wed,2026-01-07 00:00:00,Filling,Tuber Machine,No,Non Sterile,7310,54366,,7,3996,3996,EA,0,0,Grand Total,5,1568,0,0,,,,,
2,Thu,2026-01-08 00:00:00,Filling,Tuber Machine,,,,,,,,,,0,0,Grand Total,,,0,0,,,,,
2,Fri,2026-01-09 00:00:00,Filling,Tuber Machine,,,,,,,,,,0,0,Grand Total,,,0,0,,,,,
2,Sat,2026-01-10 00:00:00,Filling,Tuber Machine,,,,,,,,,,0,0,Grand Total,,,0,0,,,,,
2,Sun,2026-01-11 00:00:00,Filling,Tuber Machine,,,,,,,,,,0,0,Grand Total,,,0,0,,,,,
3,Mon,2026-01-12 00:00:00,Filling,Tuber Machine,,,,,,,,,,0,0,Grand Total,,,0,0,,,,,
3,Tue,2026-01-13 00:00:00,Filling,Tuber Machine,,,,,,,,,,0,0,Grand Total,,,0,0,,,,,
3,Wed,2026-01-14 00:00:00,Filling,Tuber Machine,,,,,,,,,,0,0,Grand Total,,,0,0,,,,,
3,Thu,2026-01-15 00:00:00,Filling,Tuber Machine,Yes,Non Sterile,7832,53897,,7,15000,7500,EA,10500,3269.9999999999995,Grand Total,8,1724,2413.6,751.6639999999999,,,,,
3,Fri,2026-01-16 00:00:00,Filling,Tuber Machine,Yes,Non Sterile,7832,53897,,5,15000,7500,EA,10500,3269.9999999999995,Grand Total,,,0,0,,,,,
3,Sat,2026-01-17 00:00:00,Filling,Tuber Machine,,,,,,,,,,0,0,Grand Total,,,0,0,,,,,
3,Sun,2026-01-18 00:00:00,Filling,Tuber Machine,,,,,,,,,,0,0,Grand Total,,,0,0,,,,,
4,Mon,2026-01-19 00:00:00,Filling,Tuber Machine,Yes,Non Sterile,5440,54384,,2,1000,0,EA,0,0,Grand Total,,,0,0,,,,,
4,Tue,2026-01-20 00:00:00,Filling,Tuber Machine,Yes,Non Sterile,5440,54384,,2,1000,1000,EA,1540,837.877,Grand Total,,,0,0,,,,,
4,Wed,2026-01-21 00:00:00,Filling,Tuber Machine,Yes,Non Sterile,5440,54385,,7,5000,5000,EA,7700,4189.385,Grand Total,,,0,0,,,,,
4,Thu,2026-01-22 00:00:00,Filling,Tuber Machine,Yes,Non Sterile,5666,54058,,2,10800,0,EA,0,0,Grand Total,12,2500,10250,4069.5099999999993,,,,,
4,Fri,2026-01-23 00:00:00,Filling,Tuber Machine,Yes,Non Sterile,5666,54058,,7,10800,7000,EA,28699.999999999996,11394.627999999999,Grand Total,,,0,0,,,,,
4,Sat,2026-01-24 00:00:00,Filling,Tuber Machine,,,,,,,,,,0,0,Grand Total,,,0,0,,,,,
4,Sun,2026-01-25 00:00:00,Filling,Tuber Machine,,,,,,,,,,0,0,Grand Total,,,0,0,,,,,
5,Mon,2026-01-26 00:00:00,Filling,Tuber Machine,Yes,Non Sterile,5666,54058,,4,10800,3800,EA,15579.999999999998,6185.655199999999,Grand Total,,,0,0,,,,,
5,Tue,2026-01-27 00:00:00,Filling,Tuber Machine,,,,PM,,,,,,0,0,Grand Total,,,0,0,,,,,
5,Wed,2026-01-28 00:00:00,Filling,Tuber Machine,Yes,Non Sterile,7738,53581,,3,20000,0,EA,0,0,Grand Total,,,0,0,,,,,
5,Thu,2026-01-29 00:00:00,Filling,Tuber Machine,Yes,Non Sterile,7738,53581,,7,20000,4200,EA,10836,10708.5258,Grand Total,,,0,0,,,,,
5,Fri,2026-01-30 00:00:00,Filling,Tuber Machine,Yes,Non Sterile,7738,53581,,7,20000,4200,EA,10836,10708.5258,Grand Total,,,0,0,,,,,
5,Sat,2026-01-31 00:00:00,Filling,Tuber Machine,,,,,,,,,,0,0,Grand Total,,,0,0,,,,,
5,Sun,2026-02-01 00:00:00,Filling,Tuber Machine,,,,,,,,,,0,0,Grand Total,,,0,0,,,,,
6,Mon,2026-02-02 00:00:00,Filling,Tuber Machine,,,,,,,,,,0,0,Grand Total,,,0,0,,,,,
6,Tue,2026-02-03 00:00:00,Filling,Tuber Machine,Yes,Non Sterile,5666,54058,,2,10800,0,EA,0,0,Grand Total,,,0,0,,,,,
6,Wed,2026-02-04 00:00:00,Filling,Tuber Machine,Yes,Non Sterile,5666,54058,,7,10800,7000,EA,28699.999999999996,11394.627999999999,Grand Total,,,0,0,,,,,
6,Thu,2026-02-05 00:00:00,Filling,Tuber Machine,Yes,Non Sterile,5666,54058,,4,10800,3800,EA,15579.999999999998,6185.655199999999,Grand Total,,,0,0,,,,,
6,Fri,2026-02-06 00:00:00,Filling,Tuber Machine,,,,,,,,,,0,0,Grand Total,,,0,0,,,,,
6,Sat,2026-02-07 00:00:00,Filling,Tuber Machine,,,,,,,,,,0,0,Grand Total,,,0,0,,,,,
6,Sun,2026-02-08 00:00:00,Filling,Tuber Machine,,,,,,,,,,0,0,Grand Total,,,0,0,,,,,
7,Mon,2026-02-09 00:00:00,Filling,Tuber Machine,,,,,,,,,,0,0,Grand Total,,,0,0,,,,,
7,Tue,2026-02-10 00:00:00,Filling,Tuber Machine,,,,PM,,,,,,0,0,Grand Total,,,0,0,,,,,
7,Wed,2026-02-11 00:00:00,Filling,Tuber Machine,,,,PM,,,,,,0,0,Grand Total,,,0,0,,,,,
7,Thu,2026-02-12 00:00:00,Filling,Tuber Machine,Yes,Non Sterile,7832,53897,,7,15000,7500,EA,10500,3269.9999999999995,Grand Total,,,0,0,,,,,
7,Fri,2026-02-13 00:00:00,Filling,Tuber Machine,Yes,Non Sterile,7832,53897,,5,15000,7500,EA,10500,3269.9999999999995,Grand Total,,,0,0,,,,,
7,Sat,2026-02-14 00:00:00,Filling,Tuber Machine,,,,,,,,,,0,0,Grand Total,,,0,0,,,,,
7,Sun,2026-02-15 00:00:00,Filling,Tuber Machine,,,,,,,,,,0,0,Grand Total,,,0,0,,,,,
8,Mon,2026-02-16 00:00:00,Filling,Tuber Machine,,,,,,,,,,0,0,Grand Total,,,0,0,,,,,
8,Tue,2026-02-17 00:00:00,Filling,Tuber Machine,Yes,Non Sterile,5662,54238,,2,6000,0,EA,0,0,Grand Total,,,0,0,,,,,
8,Wed,2026-02-18 00:00:00,Filling,Tuber Machine,Yes,Non Sterile,5662,54238,,6,6000,6000,EA,5880,1085.754,Grand Total,,,0,0,,,,,
8,Wed,2026-02-18 00:00:00,Filling,Tuber Machine,Yes,Non Sterile,5440,54384,,2,1000,0,EA,0,0,Grand Total,,,0,0,,,,,
8,Thu,2026-02-19 00:00:00,Filling,Tuber Machine,Yes,Non Sterile,5440,54384,,2,1000,1000,EA,1540,837.877,Grand Total,,,0,0,,,,,
8,Fri,2026-02-20 00:00:00,Filling,Tuber Machine,Yes,Non Sterile,5440,54385,,7,5000,5000,EA,7700,4189.385,Grand Total,,,0,0,,,,,
8,Sat,2026-02-21 00:00:00,Filling,Tuber Machine,,,,,,,,,,0,0,Grand Total,,,0,0,,,,,
8,Sun,2026-02-22 00:00:00,Filling,Tuber Machine,,,,,,,,,,0,0,Grand Total,,,0,0,,,,,
9,Mon,2026-02-23 00:00:00,Filling,Tuber Machine,Yes,Non Sterile,5666,54792,,2,2000,0,EA,0,0,Grand Total,,,0,0,,,,,
9,Tue,2026-02-24 00:00:00,Filling,Tuber Machine,Yes,Non Sterile,5666,54792,,3,2000,2000,EA,8200,3255.6079999999997,Grand Total,,,0,0,,,,,
9,Wed,2026-02-25 00:00:00,Filling,Tuber Machine,Yes,Non Sterile,7738,53581,,3,20000,0,EA,0,0,Grand Total,,,0,0,,,,,
9,Thu,2026-02-26 00:00:00,Filling,Tuber Machine,Yes,Non Sterile,7738,53581,,14,20000,8400,EA,21672,21417.0516,Grand Total,,,0,0,,,,,
9,Fri,2026-02-27 00:00:00,Filling,Tuber Machine,Yes,Non Sterile,7738,53581,,14,20000,8400,EA,21672,21417.0516,Grand Total,,,0,0,,,,,
9,Sat,2026-02-28 00:00:00,Filling,Tuber Machine,,,,,,,,,,0,0,Grand Total,,,0,0,,,,,
9,Sun,2026-03-01 00:00:00,Filling,Tuber Machine,,,,,,,,,,0,0,Grand Total,,,0,0,,,,,
10,Mon,2026-03-02 00:00:00,Filling,Tuber Machine,Yes,Non Sterile,7738,53581,,9,20000,3200,EA,8256,8158.8768,Grand Total,,,0,0,,,,,
10,Tue,2026-03-03 00:00:00,Filling,Tuber Machine,Yes,Non Sterile,7751,53583,,14,35000,5280,EA,21912.000000000004,21591.498720000003,Grand Total,,,0,0,,,,,
10,Wed,2026-03-04 00:00:00,Filling,Tuber Machine,Yes,Non Sterile,7751,53583,,14,35000,6720,EA,27888.000000000004,27480.089280000004,Grand Total,,,0,0,,,,,
10,Thu,2026-03-05 00:00:00,Filling,Tuber Machine,Yes,Non Sterile,7751,53583,,14,35000,6720,EA,27888.000000000004,27480.089280000004,Grand Total,,,0,0,,,,,
10,Fri,2026-03-06 00:00:00,Filling,Tuber Machine,Yes,Non Sterile,7751,53583,,14,35000,6720,EA,27888.000000000004,27480.089280000004,Grand Total,,,0,0,,,,,
10,Sat,2026-03-07 00:00:00,Filling,Tuber Machine,,,,,,,,,,0,0,Grand Total,,,0,0,,,,,
10,Sun,2026-03-08 00:00:00,Filling,Tuber Machine,,,,,,,,,,0,0,Grand Total,,,0,0,,,,,
11,Mon,2026-03-09 00:00:00,Filling,Tuber Machine,Yes,Non Sterile,7751,53583,,14,35000,6720,EA,27888.000000000004,27480.089280000004,Grand Total,,,0,0,,,,,
11,Tue,2026-03-10 00:00:00,Filling,Tuber Machine,Yes,Non Sterile,7751,53583,,6,35000,2840,EA,11786.000000000002,11613.609160000002,Grand Total,,,0,0,,,,,
11,Wed,2026-03-11 00:00:00,Filling,Tuber Machine,,,,,,,,,,0,0,Grand Total,,,0,0,,,,,
11,Thu,2026-03-12 00:00:00,Filling,Tuber Machine,Yes,Non Sterile,5668,54802,,2,10000,10000,EA,23400,6667.189999999999,Grand Total,,,0,0,,,,,
11,Fri,2026-03-13 00:00:00,Filling,Tuber Machine,Yes,Non Sterile,5668,54802,,7,10000,7000,EA,16379.999999999998,4667.0329999999985,Grand Total,,,0,0,,,,,
11,Sat,2026-03-14 00:00:00,Filling,Tuber Machine,,,,,,,,,,0,0,Grand Total,,,0,0,,,,,
11,Sun,2026-03-15 00:00:00,Filling,Tuber Machine,,,,,,,,,,0,0,Grand Total,,,0,0,,,,,
12,Mon,2026-03-16 00:00:00,Filling,Tuber Machine,Yes,Non Sterile,5668,54802,,4,10000,3000,EA,7020,2000.1569999999995,Grand Total,,,0,0,,,,,
12,Tue,2026-03-17 00:00:00,Filling,Tuber Machine,,,,,,,,,,0,0,Grand Total,,,0,0,,,,,
12,Wed,2026-03-18 00:00:00,Filling,Tuber Machine,,,,,,,,,,0,0,Grand Total,,,0,0,,,,,
12,Thu,2026-03-19 00:00:00,Filling,Tuber Machine,,,,,,,,,,0,0,Grand Total,,,0,0,,,,,
12,Fri,2026-03-20 00:00:00,Filling,Tuber Machine,,,,,,,,,,0,0,Grand Total,,,0,0,,,,,
12,Sat,2026-03-21 00:00:00,Filling,Tuber Machine,,,,,,,,,,0,0,Grand Total,,,0,0,,,,,
12,Sun,2026-03-22 00:00:00,Filling,Tuber Machine,,,,,,,,,,0,0,Grand Total,,,0,0,,,,,
13,Mon,2026-03-23 00:00:00,Filling,Tuber Machine,,,,,,,,,,0,0,Grand Total,,,0,0,,,,,
13,Tue,2026-03-24 00:00:00,Filling,Tuber Machine,,,,,,,,,,0,0,Grand Total,,,0,0,,,,,
13,Wed,2026-03-25 00:00:00,Filling,Tuber Machine,,,,,,,,,,0,0,Grand Total,,,0,0,,,,,
13,Thu,2026-03-26 00:00:00,Filling,Tuber Machine,,,,,,,,,,0,0,Grand Total,,,0,0,,,,,
13,Fri,2026-03-27 00:00:00,Filling,Tuber Machine,,,,,,,,,,0,0,Grand Total,,,0,0,,,,,
13,Sat,2026-03-28 00:00:00,Filling,Tuber Machine,,,,,,,,,,0,0,Grand Total,,,0,0,,,,,
13,Sun,2026-03-29 00:00:00,Filling,Tuber Machine,,,,,,,,,,0,0,Grand Total,,,0,0,,,,,
14,Mon,2026-03-30 00:00:00,Filling,Tuber Machine,,,,,,,,,,0,0,Grand Total,,,0,0,,,,,
14,Tue,2026-03-31 00:00:00,Filling,Tuber Machine,,,,,,,,,,0,0,Grand Total,,,0,0,,,,,
14,Wed,2026-04-01 00:00:00,Filling,Tuber Machine,,,,,,,,,,0,0,Grand Total,,,0,0,,,,,
14,Thu,2026-04-02 00:00:00,Filling,Tuber Machine,,,,,,,,,,0,0,Grand Total,,,0,0,,,,,
14,Fri,2026-04-03 00:00:00,Filling,Tuber Machine,,,,,,,,,,0,0,Grand Total,,,0,0,,,,,
14,Sat,2026-04-04 00:00:00,Filling,Tuber Machine,,,,,,,,,,0,0,Grand Total,,,0,0,,,,,
14,Sun,2026-04-05 00:00:00,Filling,Tuber Machine,,,,,,,,,,0,0,Grand Total,,,0,0,,,,,
15,Mon,2026-04-06 00:00:00,Filling,Tuber Machine,,,,,,,,,,0,0,Grand Total,,,0,0,,,,,
15,Tue,2026-04-07 00:00:00,Filling,Tuber Machine,,,,,,,,,,0,0,Grand Total,,,0,0,,,,,
15,Wed,2026-04-08 00:00:00,Filling,Tuber Machine,,,,,,,,,,0,0,Grand Total,,,0,0,,,,,
15,Thu,2026-04-09 00:00:00,Filling,Tuber Machine,,,,,,,,,,0,0,Grand Total,,,0,0,,,,,
15,Fri,2026-04-10 00:00:00,Filling,Tuber Machine,,,,,,,,,,0,0,Grand Total,,,0,0,,,,,
15,Sat,2026-04-11 00:00:00,Filling,Tuber Machine,,,,,,,,,,0,0,Grand Total,,,0,0,,,,,
15,Sun,2026-04-12 00:00:00,Filling,Tuber Machine,,,,,,,,,,0,0,Grand Total,,,0,0,,,,,
16,Mon,2026-04-13 00:00:00,Filling,Tuber Machine,,,,,,,,,,0,0,Grand Total,,,0,0,,,,,
16,Tue,2026-04-14 00:00:00,Filling,Tuber Machine,,,,,,,,,,0,0,Grand Total,,,0,0,,,,,
16,Wed,2026-04-15 00:00:00,Filling,Tuber Machine,,,,,,,,,,0,0,Grand Total,,,0,0,,,,,
16,Thu,2026-04-16 00:00:00,Filling,Tuber Machine,,,,,,,,,,0,0,Grand Total,,,0,0,,,,,
16,Fri,2026-04-17 00:00:00,Filling,Tuber Machine,,,,,,,,,,0,0,Grand Total,,,0,0,,,,,
16,Sat,2026-04-18 00:00:00,Filling,Tuber Machine,,,,,,,,,,0,0,Grand Total,,,0,0,,,,,
16,Sun,2026-04-19 00:00:00,Filling,Tuber Machine,,,,,,,,,,0,0,Grand Total,,,0,0,,,,,
17,Mon,2026-04-20 00:00:00,Filling,Tuber Machine,,,,,,,,,,0,0,Grand Total,,,0,0,,,,,
17,Tue,2026-04-21 00:00:00,Filling,Tuber Machine,,,,,,,,,,0,0,Grand Total,,,0,0,,,,,
17,Wed,2026-04-22 00:00:00,Filling,Tuber Machine,,,,,,,,,,0,0,Grand Total,,,0,0,,,,,
17,Thu,2026-04-23 00:00:00,Filling,Tuber Machine,,,,,,,,,,0,0,Grand Total,,,0,0,,,,,
17,Fri,2026-04-24 00:00:00,Filling,Tuber Machine,,,,,,,,,,0,0,Grand Total,,,0,0,,,,,
17,Sat,2026-04-25 00:00:00,Filling,Tuber Machine,,,,,,,,,,0,0,Grand Total,,,0,0,,,,,
17,Sun,2026-04-26 00:00:00,Filling,Tuber Machine,,,,,,,,,,0,0,Grand Total,,,0,0,,,,,
18,Mon,2026-04-27 00:00:00,Filling,Tuber Machine,,,,,,,,,,0,0,Grand Total,,,0,0,,,,,
18,Tue,2026-04-28 00:00:00,Filling,Tuber Machine,,,,,,,,,,0,0,Grand Total,,,0,0,,,,,
18,Wed,2026-04-29 00:00:00,Filling,Tuber Machine,,,,,,,,,,0,0,Grand Total,,,0,0,,,,,
18,Thu,2026-04-30 00:00:00,Filling,Tuber Machine,,,,,,,,,,0,0,Grand Total,,,0,0,,,,,
18,Fri,2026-05-01 00:00:00,Filling,Tuber Machine,,,,,,,,,,0,0,Grand Total,,,0,0,,,,,
18,Sat,2026-05-02 00:00:00,Filling,Tuber Machine,,,,,,,,,,0,0,Grand Total,,,0,0,,,,,
18,Sun,2026-05-03 00:00:00,Filling,Tuber Machine,,,,,,,,,,0,0,Grand Total,,,0,0,,,,,
19,Mon,2026-05-04 00:00:00,Filling,Tuber Machine,,,,,,,,,,0,0,Grand Total,,,0,0,,,,,
19,Tue,2026-05-05 00:00:00,Filling,Tuber Machine,,,,,,,,,,0,0,Grand Total,,,0,0,,,,,
19,Wed,2026-05-06 00:00:00,Filling,Tuber Machine,,,,,,,,,,0,0,Grand Total,,,0,0,,,,,
19,Thu,2026-05-07 00:00:00,Filling,Tuber Machine,,,,,,,,,,0,0,Grand Total,,,0,0,,,,,
19,Fri,2026-05-08 00:00:00,Filling,Tuber Machine,,,,,,,,,,0,0,Grand Total,,,0,0,,,,,
19,Sat,2026-05-09 00:00:00,Filling,Tuber Machine,,,,,,,,,,0,0,Grand Total,,,0,0,,,,,
19,Sun,2026-05-10 00:00:00,Filling,Tuber Machine,,,,,,,,,,0,0,Grand Total,,,0,0,,,,,
20,Mon,2026-05-11 00:00:00,Filling,Tuber Machine,,,,,,,,,,0,0,Grand Total,,,0,0,,,,,
20,Tue,2026-05-12 00:00:00,Filling,Tuber Machine,,,,,,,,,,0,0,Grand Total,,,0,0,,,,,
20,Wed,2026-05-13 00:00:00,Filling,Tuber Machine,,,,,,,,,,0,0,Grand Total,,,0,0,,,,,
20,Thu,2026-05-14 00:00:00,Filling,Tuber Machine,,,,,,,,,,0,0,Grand Total,,,0,0,,,,,
20,Fri,2026-05-15 00:00:00,Filling,Tuber Machine,,,,,,,,,,0,0,Grand Total,,,0,0,,,,,
20,Sat,2026-05-16 00:00:00,Filling,Tuber Machine,,,,,,,,,,0,0,Grand Total,,,0,0,,,,,
20,Sun,2026-05-17 00:00:00,Filling,Tuber Machine,,,,,,,,,,0,0,Grand Total,,,0,0,,,,,
21,Mon,2026-05-18 00:00:00,Filling,Tuber Machine,,,,,,,,,,0,0,Grand Total,,,0,0,,,,,
21,Tue,2026-05-19 00:00:00,Filling,Tuber Machine,,,,,,,,,,0,0,Grand Total,,,0,0,,,,,
21,Wed,2026-05-20 00:00:00,Filling,Tuber Machine,,,,,,,,,,0,0,Grand Total,,,0,0,,,,,
21,Thu,2026-05-21 00:00:00,Filling,Tuber Machine,,,,,,,,,,0,0,Grand Total,,,0,0,,,,,
21,Fri,2026-05-22 00:00:00,Filling,Tuber Machine,,,,,,,,,,0,0,Grand Total,,,0,0,,,,,
21,Sat,2026-05-23 00:00:00,Filling,Tuber Machine,,,,,,,,,,0,0,Grand Total,,,0,0,,,,,
21,Sun,2026-05-24 00:00:00,Filling,Tuber Machine,,,,,,,,,,0,0,Grand Total,,,0,0,,,,,
22,Mon,2026-05-25 00:00:00,Filling,Tuber Machine,,,,,,,,,,0,0,Grand Total,,,0,0,,,,,
22,Tue,2026-05-26 00:00:00,Filling,Tuber Machine,,,,,,,,,,0,0,Grand Total,,,0,0,,,,,
22,Wed,2026-05-27 00:00:00,Filling,Tuber Machine,,,,,,,,,,0,0,Grand Total,,,0,0,,,,,
22,Thu,2026-05-28 00:00:00,Filling,Tuber Machine,,,,,,,,,,0,0,Grand Total,,,0,0,,,,,
22,Fri,2026-05-29 00:00:00,Filling,Tuber Machine,,,,,,,,,,0,0,Grand Total,,,0,0,,,,,
22,Sat,2026-05-30 00:00:00,Filling,Tuber Machine,,,,,,,,,,0,0,Grand Total,,,0,0,,,,,
22,Sun,2026-05-31 00:00:00,Filling,Tuber Machine,,,,,,,,,,0,0,Grand Total,,,0,0,,,,,
23,Mon,2026-06-01 00:00:00,Filling,Tuber Machine,,,,,,,,,,0,0,Grand Total,,,0,0,,,,,
23,Tue,2026-06-02 00:00:00,Filling,Tuber Machine,,,,,,,,,,0,0,Grand Total,,,0,0,,,,,
23,Wed,2026-06-03 00:00:00,Filling,Tuber Machine,,,,,,,,,,0,0,Grand Total,,,0,0,,,,,
23,Thu,2026-06-04 00:00:00,Filling,Tuber Machine,,,,,,,,,,0,0,Grand Total,,,0,0,,,,,
23,Fri,2026-06-05 00:00:00,Filling,Tuber Machine,,,,,,,,,,0,0,Grand Total,,,0,0,,,,,
23,Sat,2026-06-06 00:00:00,Filling,Tuber Machine,,,,,,,,,,0,0,Grand Total,,,0,0,,,,,
23,Sun,2026-06-07 00:00:00,Filling,Tuber Machine,,,,,,,,,,0,0,Grand Total,,,0,0,,,,,
24,Mon,2026-06-08 00:00:00,Filling,Tuber Machine,,,,,,,,,,0,0,Grand Total,,,0,0,,,,,
24,Tue,2026-06-09 00:00:00,Filling,Tuber Machine,,,,,,,,,,0,0,Grand Total,,,0,0,,,,,
24,Wed,2026-06-10 00:00:00,Filling,Tuber Machine,,,,,,,,,,0,0,Grand Total,,,0,0,,,,,
24,Thu,2026-06-11 00:00:00,Filling,Tuber Machine,,,,,,,,,,0,0,Grand Total,,,0,0,,,,,
24,Fri,2026-06-12 00:00:00,Filling,Tuber Machine,,,,,,,,,,0,0,Grand Total,,,0,0,,,,,
24,Sat,2026-06-13 00:00:00,Filling,Tuber Machine,,,,,,,,,,0,0,Grand Total,,,0,0,,,,,
24,Sun,2026-06-14 00:00:00,Filling,Tuber Machine,,,,,,,,,,0,0,Grand Total,,,0,0,,,,,
25,Mon,2026-06-15 00:00:00,Filling,Tuber Machine,,,,,,,,,,0,0,Grand Total,,,0,0,,,,,
25,Tue,2026-06-16 00:00:00,Filling,Tuber Machine,,,,,,,,,,0,0,Grand Total,,,0,0,,,,,
25,Wed,2026-06-17 00:00:00,Filling,Tuber Machine,,,,,,,,,,0,0,Grand Total,,,0,0,,,,,
25,Thu,2026-06-18 00:00:00,Filling,Tuber Machine,,,,,,,,,,0,0,Grand Total,,,0,0,,,,,
25,Fri,2026-06-19 00:00:00,Filling,Tuber Machine,,,,,,,,,,0,0,Grand Total,,,0,0,,,,,
25,Sat,2026-06-20 00:00:00,Filling,Tuber Machine,,,,,,,,,,0,0,Grand Total,,,0,0,,,,,
25,Sun,2026-06-21 00:00:00,Filling,Tuber Machine,,,,,,,,,,0,0,Grand Total,,,0,0,,,,,
26,Mon,2026-06-22 00:00:00,Filling,Tuber Machine,,,,,,,,,,0,0,Grand Total,,,0,0,,,,,
26,Tue,2026-06-23 00:00:00,Filling,Tuber Machine,,,,,,,,,,0,0,Grand Total,,,0,0,,,,,
26,Wed,2026-06-24 00:00:00,Filling,Tuber Machine,,,,,,,,,,0,0,Grand Total,,,0,0,,,,,
26,Thu,2026-06-25 00:00:00,Filling,Tuber Machine,,,,,,,,,,0,0,Grand Total,,,0,0,,,,,
26,Fri,2026-06-26 00:00:00,Filling,Tuber Machine,,,,,,,,,,0,0,Grand Total,,,0,0,,,,,
26,Sat,2026-06-27 00:00:00,Filling,Tuber Machine,,,,,,,,,,0,0,Grand Total,,,0,0,,,,,
26,Sun,2026-06-28 00:00:00,Filling,Tuber Machine,,,,,,,,,,0,0,Grand Total,,,0,0,,,,,
27,Mon,2026-06-29 00:00:00,Filling,Tuber Machine,,,,,,,,,,0,0,Grand Total,,,0,0,,,,,
27,Tue,2026-06-30 00:00:00,Filling,Tuber Machine,,,,,,,,,,0,0,Grand Total,,,0,0,,,,,
27,Wed,2026-07-01 00:00:00,Filling,Tuber Machine,,,,,,,,,,0,0,Grand Total,,,0,0,,,,,
27,Thu,2026-07-02 00:00:00,Filling,Tuber Machine,,,,,,,,,,0,0,Grand Total,,,0,0,,,,,
27,Fri,2026-07-03 00:00:00,Filling,Tuber Machine,,,,,,,,,,0,0,Grand Total,,,0,0,,,,,
27,Sat,2026-07-04 00:00:00,Filling,Tuber Machine,,,,,,,,,,0,0,Grand Total,,,0,0,,,,,
27,Sun,2026-07-05 00:00:00,Filling,Tuber Machine,,,,,,,,,,0,0,Grand Total,,,0,0,,,,,
28,Mon,2026-07-06 00:00:00,Filling,Tuber Machine,,,,,,,,,,0,0,Grand Total,,,0,0,,,,,
28,Tue,2026-07-07 00:00:00,Filling,Tuber Machine,,,,,,,,,,0,0,Grand Total,,,0,0,,,,,
28,Wed,2026-07-08 00:00:00,Filling,Tuber Machine,,,,,,,,,,0,0,Grand Total,,,0,0,,,,,
28,Thu,2026-07-09 00:00:00,Filling,Tuber Machine,,,,,,,,,,0,0,Grand Total,,,0,0,,,,,
28,Fri,2026-07-10 00:00:00,Filling,Tuber Machine,,,,,,,,,,0,0,Grand Total,,,0,0,,,,,
28,Sat,2026-07-11 00:00:00,Filling,Tuber Machine,,,,,,,,,,0,0,Grand Total,,,0,0,,,,,
28,Sun,2026-07-12 00:00:00,Filling,Tuber Machine,,,,,,,,,,0,0,Grand Total,,,0,0,,,,,
29,Mon,2026-07-13 00:00:00,Filling,Tuber Machine,,,,,,,,,,0,0,Grand Total,,,0,0,,,,,
29,Tue,2026-07-14 00:00:00,Filling,Tuber Machine,,,,,,,,,,0,0,Grand Total,,,0,0,,,,,
29,Wed,2026-07-15 00:00:00,Filling,Tuber Machine,,,,,,,,,,0,0,Grand Total,,,0,0,,,,,
29,Thu,2026-07-16 00:00:00,Filling,Tuber Machine,,,,,,,,,,0,0,Grand Total,,,0,0,,,,,
29,Fri,2026-07-17 00:00:00,Filling,Tuber Machine,,,,,,,,,,0,0,Grand Total,,,0,0,,,,,
29,Sat,2026-07-18 00:00:00,Filling,Tuber Machine,,,,,,,,,,0,0,Grand Total,,,0,0,,,,,
29,Sun,2026-07-19 00:00:00,Filling,Tuber Machine,,,,,,,,,,0,0,Grand Total,,,0,0,,,,,
30,Mon,2026-07-20 00:00:00,Filling,Tuber Machine,,,,,,,,,,0,0,Grand Total,,,0,0,,,,,
30,Tue,2026-07-21 00:00:00,Filling,Tuber Machine,,,,,,,,,,0,0,Grand Total,,,0,0,,,,,
30,Wed,2026-07-22 00:00:00,Filling,Tuber Machine,,,,,,,,,,0,0,Grand Total,,,0,0,,,,,
30,Thu,2026-07-23 00:00:00,Filling,Tuber Machine,,,,,,,,,,0,0,Grand Total,,,0,0,,,,,
30,Fri,2026-07-24 00:00:00,Filling,Tuber Machine,,,,,,,,,,0,0,Grand Total,,,0,0,,,,,
30,Sat,2026-07-25 00:00:00,Filling,Tuber Machine,,,,,,,,,,0,0,Grand Total,,,0,0,,,,,
30,Sun,2026-07-26 00:00:00,Filling,Tuber Machine,,,,,,,,,,0,0,Grand Total,,,0,0,,,,,
31,Mon,2026-07-27 00:00:00,Filling,Tuber Machine,,,,,,,,,,0,0,Grand Total,,,0,0,,,,,
31,Tue,2026-07-28 00:00:00,Filling,Tuber Machine,,,,,,,,,,0,0,Grand Total,,,0,0,,,,,
31,Wed,2026-07-29 00:00:00,Filling,Tuber Machine,,,,,,,,,,0,0,Grand Total,,,0,0,,,,,
31,Thu,2026-07-30 00:00:00,Filling,Tuber Machine,,,,,,,,,,0,0,Grand Total,,,0,0,,,,,
31,Fri,2026-07-31 00:00:00,Filling,Tuber Machine,,,,,,,,,,0,0,Grand Total,,,0,0,,,,,
31,Sat,2026-08-01 00:00:00,Filling,Tuber Machine,,,,,,,,,,0,0,Grand Total,,,0,0,,,,,
31,Sun,2026-08-02 00:00:00,Filling,Tuber Machine,,,,,,,,,,0,0,Grand Total,,,0,0,,,,,
32,Mon,2026-08-03 00:00:00,Filling,Tuber Machine,,,,,,,,,,0,0,Grand Total,,,0,0,,,,,
32,Tue,2026-08-04 00:00:00,Filling,Tuber Machine,,,,,,,,,,0,0,Grand Total,,,0,0,,,,,
32,Wed,2026-08-05 00:00:00,Filling,Tuber Machine,,,,,,,,,,0,0,Grand Total,,,0,0,,,,,
32,Thu,2026-08-06 00:00:00,Filling,Tuber Machine,,,,,,,,,,0,0,Grand Total,,,0,0,,,,,
32,Fri,2026-08-07 00:00:00,Filling,Tuber Machine,,,,,,,,,,0,0,Grand Total,,,0,0,,,,,
32,Sat,2026-08-08 00:00:00,Filling,Tuber Machine,,,,,,,,,,0,0,Grand Total,,,0,0,,,,,
32,Sun,2026-08-09 00:00:00,Filling,Tuber Machine,,,,,,,,,,0,0,Grand Total,,,0,0,,,,,
33,Mon,2026-08-10 00:00:00,Filling,Tuber Machine,,,,,,,,,,0,0,Grand Total,,,0,0,,,,,
33,Tue,2026-08-11 00:00:00,Filling,Tuber Machine,,,,,,,,,,0,0,Grand Total,,,0,0,,,,,
33,Wed,2026-08-12 00:00:00,Filling,Tuber Machine,,,,,,,,,,0,0,Grand Total,,,0,0,,,,,
33,Thu,2026-08-13 00:00:00,Filling,Tuber Machine,,,,,,,,,,0,0,Grand Total,,,0,0,,,,,
33,Fri,2026-08-14 00:00:00,Filling,Tuber Machine,,,,,,,,,,0,0,Grand Total,,,0,0,,,,,
33,Sat,2026-08-15 00:00:00,Filling,Tuber Machine,,,,,,,,,,0,0,Grand Total,,,0,0,,,,,
33,Sun,2026-08-16 00:00:00,Filling,Tuber Machine,,,,,,,,,,0,0,Grand Total,,,0,0,,,,,
34,Mon,2026-08-17 00:00:00,Filling,Tuber Machine,,,,,,,,,,0,0,Grand Total,,,0,0,,,,,
34,Tue,2026-08-18 00:00:00,Filling,Tuber Machine,,,,,,,,,,0,0,Grand Total,,,0,0,,,,,
34,Wed,2026-08-19 00:00:00,Filling,Tuber Machine,,,,,,,,,,0,0,Grand Total,,,0,0,,,,,
34,Thu,2026-08-20 00:00:00,Filling,Tuber Machine,,,,,,,,,,0,0,Grand Total,,,0,0,,,,,
34,Fri,2026-08-21 00:00:00,Filling,Tuber Machine,,,,,,,,,,0,0,Grand Total,,,0,0,,,,,
34,Sat,2026-08-22 00:00:00,Filling,Tuber Machine,,,,,,,,,,0,0,Grand Total,,,0,0,,,,,
34,Sun,2026-08-23 00:00:00,Filling,Tuber Machine,,,,,,,,,,0,0,Grand Total,,,0,0,,,,,
35,Mon,2026-08-24 00:00:00,Filling,Tuber Machine,,,,,,,,,,0,0,Grand Total,,,0,0,,,,,
35,Tue,2026-08-25 00:00:00,Filling,Tuber Machine,,,,,,,,,,0,0,Grand Total,,,0,0,,,,,
35,Wed,2026-08-26 00:00:00,Filling,Tuber Machine,,,,,,,,,,0,0,Grand Total,,,0,0,,,,,
35,Thu,2026-08-27 00:00:00,Filling,Tuber Machine,,,,,,,,,,0,0,Grand Total,,,0,0,,,,,
35,Fri,2026-08-28 00:00:00,Filling,Tuber Machine,,,,,,,,,,0,0,Grand Total,,,0,0,,,,,
35,Sat,2026-08-29 00:00:00,Filling,Tuber Machine,,,,,,,,,,0,0,Grand Total,,,0,0,,,,,
35,Sun,2026-08-30 00:00:00,Filling,Tuber Machine,,,,,,,,,,0,0,Grand Total,,,0,0,,,,,
36,Mon,2026-08-31 00:00:00,Filling,Tuber Machine,,,,,,,,,,0,0,Grand Total,,,0,0,,,,,
36,Tue,2026-09-01 00:00:00,Filling,Tuber Machine,,,,,,,,,,0,0,Grand Total,,,0,0,,,,,
36,Wed,2026-09-02 00:00:00,Filling,Tuber Machine,,,,,,,,,,0,0,Grand Total,,,0,0,,,,,
36,Thu,2026-09-03 00:00:00,Filling,Tuber Machine,,,,,,,,,,0,0,Grand Total,,,0,0,,,,,
36,Fri,2026-09-04 00:00:00,Filling,Tuber Machine,,,,,,,,,,0,0,Grand Total,,,0,0,,,,,
36,Sat,2026-09-05 00:00:00,Filling,Tuber Machine,,,,,,,,,,0,0,Grand Total,,,0,0,,,,,
36,Sun,2026-09-06 00:00:00,Filling,Tuber Machine,,,,,,,,,,0,0,Grand Total,,,0,0,,,,,
37,Mon,2026-09-07 00:00:00,Filling,Tuber Machine,,,,,,,,,,0,0,Grand Total,,,0,0,,,,,
37,Tue,2026-09-08 00:00:00,Filling,Tuber Machine,,,,,,,,,,0,0,Grand Total,,,0,0,,,,,
37,Wed,2026-09-09 00:00:00,Filling,Tuber Machine,,,,,,,,,,0,0,Grand Total,,,0,0,,,,,
37,Thu,2026-09-10 00:00:00,Filling,Tuber Machine,,,,,,,,,,0,0,Grand Total,,,0,0,,,,,
37,Fri,2026-09-11 00:00:00,Filling,Tuber Machine,,,,,,,,,,0,0,Grand Total,,,0,0,,,,,
37,Sat,2026-09-12 00:00:00,Filling,Tuber Machine,,,,,,,,,,0,0,Grand Total,,,0,0,,,,,
37,Sun,2026-09-13 00:00:00,Filling,Tuber Machine,,,,,,,,,,0,0,Grand Total,,,0,0,,,,,
38,Mon,2026-09-14 00:00:00,Filling,Tuber Machine,,,,,,,,,,0,0,Grand Total,,,0,0,,,,,
38,Tue,2026-09-15 00:00:00,Filling,Tuber Machine,,,,,,,,,,0,0,Grand Total,,,0,0,,,,,
38,Wed,2026-09-16 00:00:00,Filling,Tuber Machine,,,,,,,,,,0,0,Grand Total,,,0,0,,,,,
38,Thu,2026-09-17 00:00:00,Filling,Tuber Machine,,,,,,,,,,0,0,Grand Total,,,0,0,,,,,
38,Fri,2026-09-18 00:00:00,Filling,Tuber Machine,,,,,,,,,,0,0,Grand Total,,,0,0,,,,,
38,Sat,2026-09-19 00:00:00,Filling,Tuber Machine,,,,,,,,,,0,0,Grand Total,,,0,0,,,,,
38,Sun,2026-09-20 00:00:00,Filling,Tuber Machine,,,,,,,,,,0,0,Grand Total,,,0,0,,,,,
39,Mon,2026-09-21 00:00:00,Filling,Tuber Machine,,,,,,,,,,0,0,Grand Total,,,0,0,,,,,
39,Tue,2026-09-22 00:00:00,Filling,Tuber Machine,,,,,,,,,,0,0,Grand Total,,,0,0,,,,,
39,Thu,2026-09-24 00:00:00,Filling,Tuber Machine,,,,,,,,,,0,0,Grand Total,,,0,0,,,,,
39,Fri,2026-09-25 00:00:00,Filling,Tuber Machine,,,,,,,,,,0,0,Grand Total,,,0,0,,,,,
39,Sat,2026-09-26 00:00:00,Filling,Tuber Machine,,,,,,,,,,0,0,Grand Total,,,0,0,,,,,
39,Sun,2026-09-27 00:00:00,Filling,Tuber Machine,,,,,,,,,,0,0,Grand Total,,,0,0,,,,,
40,Mon,2026-09-28 00:00:00,Filling,Tuber Machine,,,,,,,,,,0,0,Grand Total,,,0,0,,,,,
40,Tue,2026-09-29 00:00:00,Filling,Tuber Machine,,,,,,,,,,0,0,Grand Total,,,0,0,,,,,
40,Wed,2026-09-30 00:00:00,Filling,Tuber Machine,,,,,,,,,,0,0,Grand Total,,,0,0,,,,,
40,Thu,2026-10-01 00:00:00,Filling,Tuber Machine,,,,,,,,,,0,0,Grand Total,,,0,0,,,,,
40,Fri,2026-10-02 00:00:00,Filling,Tuber Machine,,,,,,,,,,0,0,Grand Total,,,0,0,,,,,
40,Sat,2026-10-03 00:00:00,Filling,Tuber Machine,,,,,,,,,,0,0,Grand Total,,,0,0,,,,,
40,Sun,2026-10-04 00:00:00,Filling,Tuber Machine,,,,,,,,,,0,0,Grand Total,,,0,0,,,,,
41,Mon,2026-10-05 00:00:00,Filling,Tuber Machine,,,,,,,,,,0,0,Grand Total,,,0,0,,,,,
41,Tue,2026-10-06 00:00:00,Filling,Tuber Machine,,,,,,,,,,0,0,Grand Total,,,0,0,,,,,
41,Wed,2026-10-07 00:00:00,Filling,Tuber Machine,,,,,,,,,,0,0,Grand Total,,,0,0,,,,,
41,Thu,2026-10-08 00:00:00,Filling,Tuber Machine,,,,,,,,,,0,0,Grand Total,,,0,0,,,,,
41,Fri,2026-10-09 00:00:00,Filling,Tuber Machine,,,,,,,,,,0,0,Grand Total,,,0,0,,,,,
41,Sat,2026-10-10 00:00:00,Filling,Tuber Machine,,,,,,,,,,0,0,Grand Total,,,0,0,,,,,
41,Sun,2026-10-11 00:00:00,Filling,Tuber Machine,,,,,,,,,,0,0,Grand Total,,,0,0,,,,,
42,Mon,2026-10-12 00:00:00,Filling,Tuber Machine,,,,,,,,,,0,0,Grand Total,,,0,0,,,,,
42,Tue,2026-10-13 00:00:00,Filling,Tuber Machine,,,,,,,,,,0,0,Grand Total,,,0,0,,,,,
42,Wed,2026-10-14 00:00:00,Filling,Tuber Machine,,,,,,,,,,0,0,Grand Total,,,0,0,,,,,
42,Thu,2026-10-15 00:00:00,Filling,Tuber Machine,,,,,,,,,,0,0,Grand Total,,,0,0,,,,,
42,Fri,2026-10-16 00:00:00,Filling,Tuber Machine,,,,,,,,,,0,0,Grand Total,,,0,0,,,,,
42,Sat,2026-10-17 00:00:00,Filling,Tuber Machine,,,,,,,,,,0,0,Grand Total,,,0,0,,,,,
42,Sun,2026-10-18 00:00:00,Filling,Tuber Machine,,,,,,,,,,0,0,Grand Total,,,0,0,,,,,
43,Mon,2026-10-19 00:00:00,Filling,Tuber Machine,,,,,,,,,,0,0,Grand Total,,,0,0,,,,,
43,Tue,2026-10-20 00:00:00,Filling,Tuber Machine,,,,,,,,,,0,0,Grand Total,,,0,0,,,,,
43,Wed,2026-10-21 00:00:00,Filling,Tuber Machine,,,,,,,,,,0,0,Grand Total,,,0,0,,,,,
43,Thu,2026-10-22 00:00:00,Filling,Tuber Machine,,,,,,,,,,0,0,Grand Total,,,0,0,,,,,
43,Fri,2026-10-23 00:00:00,Filling,Tuber Machine,,,,,,,,,,0,0,Grand Total,,,0,0,,,,,
43,Sat,2026-10-24 00:00:00,Filling,Tuber Machine,,,,,,,,,,0,0,Grand Total,,,0,0,,,,,
43,Sun,2026-10-25 00:00:00,Filling,Tuber Machine,,,,,,,,,,0,0,Grand Total,,,0,0,,,,,
44,Mon,2026-10-26 00:00:00,Filling,Tuber Machine,,,,,,,,,,0,0,Grand Total,,,0,0,,,,,
44,Tue,2026-10-27 00:00:00,Filling,Tuber Machine,,,,,,,,,,0,0,Grand Total,,,0,0,,,,,
44,Wed,2026-10-28 00:00:00,Filling,Tuber Machine,,,,,,,,,,0,0,Grand Total,,,0,0,,,,,
44,Thu,2026-10-29 00:00:00,Filling,Tuber Machine,,,,,,,,,,0,0,Grand Total,,,0,0,,,,,
44,Fri,2026-10-30 00:00:00,Filling,Tuber Machine,,,,,,,,,,0,0,Grand Total,,,0,0,,,,,
44,Sat,2026-10-31 00:00:00,Filling,Tuber Machine,,,,,,,,,,0,0,Grand Total,,,0,0,,,,,
44,Sun,2026-11-01 00:00:00,Filling,Tuber Machine,,,,,,,,,,0,0,Grand Total,,,0,0,,,,,
45,Mon,2026-11-02 00:00:00,Filling,Tuber Machine,,,,,,,,,,0,0,Grand Total,,,0,0,,,,,
45,Tue,2026-11-03 00:00:00,Filling,Tuber Machine,,,,,,,,,,0,0,Grand Total,,,0,0,,,,,
45,Wed,2026-11-04 00:00:00,Filling,Tuber Machine,,,,,,,,,,0,0,Grand Total,,,0,0,,,,,
45,Thu,2026-11-05 00:00:00,Filling,Tuber Machine,,,,,,,,,,0,0,Grand Total,,,0,0,,,,,
45,Fri,2026-11-06 00:00:00,Filling,Tuber Machine,,,,,,,,,,0,0,Grand Total,,,0,0,,,,,
45,Sat,2026-11-07 00:00:00,Filling,Tuber Machine,,,,,,,,,,0,0,Grand Total,,,0,0,,,,,
45,Sun,2026-11-08 00:00:00,Filling,Tuber Machine,,,,,,,,,,0,0,Grand Total,,,0,0,,,,,
46,Mon,2026-11-09 00:00:00,Filling,Tuber Machine,,,,,,,,,,0,0,Grand Total,,,0,0,,,,,
46,Tue,2026-11-10 00:00:00,Filling,Tuber Machine,,,,,,,,,,0,0,Grand Total,,,0,0,,,,,
46,Wed,2026-11-11 00:00:00,Filling,Tuber Machine,,,,,,,,,,0,0,Grand Total,,,0,0,,,,,
46,Thu,2026-11-12 00:00:00,Filling,Tuber Machine,,,,,,,,,,0,0,Grand Total,,,0,0,,,,,
46,Fri,2026-11-13 00:00:00,Filling,Tuber Machine,,,,,,,,,,0,0,Grand Total,,,0,0,,,,,
46,Sat,2026-11-14 00:00:00,Filling,Tuber Machine,,,,,,,,,,0,0,Grand Total,,,0,0,,,,,
46,Sun,2026-11-15 00:00:00,Filling,Tuber Machine,,,,,,,,,,0,0,Grand Total,,,0,0,,,,,
47,Mon,2026-11-16 00:00:00,Filling,Tuber Machine,,,,,,,,,,0,0,Grand Total,,,0,0,,,,,
47,Tue,2026-11-17 00:00:00,Filling,Tuber Machine,,,,,,,,,,0,0,Grand Total,,,0,0,,,,,
47,Wed,2026-11-18 00:00:00,Filling,Tuber Machine,,,,,,,,,,0,0,Grand Total,,,0,0,,,,,
47,Thu,2026-11-19 00:00:00,Filling,Tuber Machine,,,,,,,,,,0,0,Grand Total,,,0,0,,,,,
47,Fri,2026-11-20 00:00:00,Filling,Tuber Machine,,,,,,,,,,0,0,Grand Total,,,0,0,,,,,
47,Sat,2026-11-21 00:00:00,Filling,Tuber Machine,,,,,,,,,,0,0,Grand Total,,,0,0,,,,,
47,Sun,2026-11-22 00:00:00,Filling,Tuber Machine,,,,,,,,,,0,0,Grand Total,,,0,0,,,,,
48,Mon,2026-11-23 00:00:00,Filling,Tuber Machine,,,,,,,,,,0,0,Grand Total,,,0,0,,,,,
48,Tue,2026-11-24 00:00:00,Filling,Tuber Machine,,,,,,,,,,0,0,Grand Total,,,0,0,,,,,
48,Wed,2026-11-25 00:00:00,Filling,Tuber Machine,,,,,,,,,,0,0,Grand Total,,,0,0,,,,,
48,Thu,2026-11-26 00:00:00,Filling,Tuber Machine,,,,,,,,,,0,0,Grand Total,,,0,0,,,,,
48,Fri,2026-11-27 00:00:00,Filling,Tuber Machine,,,,,,,,,,0,0,Grand Total,,,0,0,,,,,
48,Sat,2026-11-28 00:00:00,Filling,Tuber Machine,,,,,,,,,,0,0,Grand Total,,,0,0,,,,,
48,Sun,2026-11-29 00:00:00,Filling,Tuber Machine,,,,,,,,,,0,0,Grand Total,,,0,0,,,,,
49,Mon,2026-11-30 00:00:00,Filling,Tuber Machine,,,,,,,,,,0,0,Grand Total,,,0,0,,,,,
49,Tue,2026-12-01 00:00:00,Filling,Tuber Machine,,,,,,,,,,0,0,Grand Total,,,0,0,,,,,
49,Wed,2026-12-02 00:00:00,Filling,Tuber Machine,,,,,,,,,,0,0,Grand Total,,,0,0,,,,,
49,Thu,2026-12-03 00:00:00,Filling,Tuber Machine,,,,,,,,,,0,0,Grand Total,,,0,0,,,,,
49,Fri,2026-12-04 00:00:00,Filling,Tuber Machine,,,,,,,,,,0,0,Grand Total,,,0,0,,,,,
49,Sat,2026-12-05 00:00:00,Filling,Tuber Machine,,,,,,,,,,0,0,Grand Total,,,0,0,,,,,
49,Sun,2026-12-06 00:00:00,Filling,Tuber Machine,,,,,,,,,,0,0,Grand Total,,,0,0,,,,,
50,Mon,2026-12-07 00:00:00,Filling,Tuber Machine,,,,,,,,,,0,0,Grand Total,,,0,0,,,,,
50,Tue,2026-12-08 00:00:00,Filling,Tuber Machine,,,,,,,,,,0,0,Grand Total,,,0,0,,,,,
50,Wed,2026-12-09 00:00:00,Filling,Tuber Machine,,,,,,,,,,0,0,Grand Total,,,0,0,,,,,
50,Thu,2026-12-10 00:00:00,Filling,Tuber Machine,,,,,,,,,,0,0,Grand Total,,,0,0,,,,,
50,Fri,2026-12-11 00:00:00,Filling,Tuber Machine,,,,,,,,,,0,0,Grand Total,,,0,0,,,,,
50,Sat,2026-12-12 00:00:00,Filling,Tuber Machine,,,,,,,,,,0,0,Grand Total,,,0,0,,,,,
50,Sun,2026-12-13 00:00:00,Filling,Tuber Machine,,,,,,,,,,0,0,Grand Total,,,0,0,,,,,
51,Mon,2026-12-14 00:00:00,Filling,Tuber Machine,,,,,,,,,,0,0,Grand Total,,,0,0,,,,,
51,Tue,2026-12-15 00:00:00,Filling,Tuber Machine,,,,,,,,,,0,0,Grand Total,,,0,0,,,,,
51,Wed,2026-12-16 00:00:00,Filling,Tuber Machine,,,,,,,,,,0,0,Grand Total,,,0,0,,,,,
51,Thu,2026-12-17 00:00:00,Filling,Tuber Machine,,,,,,,,,,0,0,Grand Total,,,0,0,,,,,
51,Fri,2026-12-18 00:00:00,Filling,Tuber Machine,,,,,,,,,,0,0,Grand Total,,,0,0,,,,,
51,Sat,2026-12-19 00:00:00,Filling,Tuber Machine,,,,,,,,,,0,0,Grand Total,,,0,0,,,,,
51,Sun,2026-12-20 00:00:00,Filling,Tuber Machine,,,,,,,,,,0,0,Grand Total,,,0,0,,,,,
52,Mon,2026-12-21 00:00:00,Filling,Tuber Machine,,,,,,,,,,0,0,Grand Total,,,0,0,,,,,
52,Tue,2026-12-22 00:00:00,Filling,Tuber Machine,,,,,,,,,,0,0,Grand Total,,,0,0,,,,,
52,Wed,2026-12-23 00:00:00,Filling,Tuber Machine,,,,,,,,,,0,0,Grand Total,,,0,0,,,,,
52,Thu,2026-12-24 00:00:00,Filling,Tuber Machine,,,,,,,,,,0,0,Grand Total,,,0,0,,,,,
52,Fri,2026-12-25 00:00:00,Filling,Tuber Machine,,,,,,,,,,0,0,Grand Total,,,0,0,,,,,
52,Sat,2026-12-26 00:00:00,Filling,Tuber Machine,,,,,,,,,,0,0,Grand Total,,,0,0,,,,,
52,Sun,2026-12-27 00:00:00,Filling,Tuber Machine,,,,,,,,,,0,0,Grand Total,,,0,0,,,,,
53,Mon,2026-12-28 00:00:00,Filling,Tuber Machine,,,,,,,,,,0,0,Grand Total,,,0,0,,,,,
53,Tue,2026-12-29 00:00:00,Filling,Tuber Machine,,,,,,,,,,0,0,Grand Total,,,0,0,,,,,
53,Wed,2026-12-30 00:00:00,Filling,Tuber Machine,,,,,,,,,,0,0,Grand Total,,,0,0,,,,,
53,Thu,2026-12-31 00:00:00,Filling,Tuber Machine,,,,,,,,,,0,0,Grand Total,,,0,0,,,,,
1,Thu,2026-01-01 00:00:00,Filling,H Pack ,,,,,,,,,,0,0,Grand Total,,,0,0,,,,,
1,Fri,2026-01-02 00:00:00,Filling,H Pack ,,,,,,,,,,0,0,Grand Total,,,0,0,,,,,
1,Tue,2023-01-03 00:00:00,Filling,H Pack ,,,,,,,,,,0,0,Grand Total,,,0,0,,,,,
1,Sun,2026-01-04 00:00:00,Filling,H Pack ,,,,,,,,,,0,0,Grand Total,,,0,0,,,,,
2,Mon,2026-01-05 00:00:00,Filling,H Pack ,,,,,,,,,,0,0,Grand Total,,,0,0,,,,,
2,Tue,2026-01-06 00:00:00,Filling,H Pack ,,,,,,,,,,0,0,Grand Total,,,0,0,,,,,
2,Wed,2026-01-07 00:00:00,Filling,H Pack ,,,,,,,,,,0,0,Grand Total,,,0,0,,,,,
2,Thu,2026-01-08 00:00:00,Filling,H Pack ,Yes,Non Sterile,7310,54366,,7,3996,2000,EA,9000,6352.612000000001,Grand Total,14,1740,7830,5526.772440000001,No ,Material not available,"RM 007949, 007950 ETA 12/23",,
2,Fri,2026-01-09 00:00:00,Filling,H Pack ,Yes,Non Sterile,7310,54366,,7,3996,1996,EA,8982,6339.906776000001,Grand Total,,,0,0,No ,,,,
2,Sat,2026-01-10 00:00:00,Filling,H Pack ,,,,,,,,,,0,0,Grand Total,,,0,0,,,,,
2,Sun,2026-01-11 00:00:00,Filling,H Pack ,,,,,,,,,,0,0,Grand Total,,,0,0,,,,,
3,Mon,2026-01-12 00:00:00,Filling,H Pack ,,,,,,,,,,0,0,Grand Total,,,0,0,,,,,
3,Tue,2026-01-13 00:00:00,Filling,H Pack ,,,,,,,,,,0,0,Grand Total,,,0,0,,,,,
3,Wed,2026-01-14 00:00:00,Filling,H Pack ,,,,,,,,,,0,0,Grand Total,,,0,0,,,,,
3,Thu,2026-01-15 00:00:00,Filling,H Pack ,,,,,,,,,,0,0,Grand Total,,,0,0,,,,,
3,Fri,2026-01-16 00:00:00,Filling,H Pack ,,,,,,,,,,0,0,Grand Total,,,0,0,,,,,
3,Sat,2026-01-17 00:00:00,Filling,H Pack ,,,,,,,,,,0,0,Grand Total,,,0,0,,,,,
3,Sun,2026-01-18 00:00:00,Filling,H Pack ,,,,,,,,,,0,0,Grand Total,,,0,0,,,,,
4,Mon,2026-01-19 00:00:00,Filling,H Pack ,,,,,,,,,,0,0,Grand Total,,,0,0,,,,,
4,Tue,2026-01-20 00:00:00,Filling,H Pack ,,,,,,,,,,0,0,Grand Total,,,0,0,,,,,
4,Wed,2026-01-21 00:00:00,Filling,H Pack ,,,,,,,,,,0,0,Grand Total,,,0,0,,,,,
4,Thu,2026-01-22 00:00:00,Filling,H Pack ,,,,,,,,,,0,0,Grand Total,,,0,0,,,,,
4,Fri,2026-01-23 00:00:00,Filling,H Pack ,,,,,,,,,,0,0,Grand Total,,,0,0,,,,,
4,Sat,2026-01-24 00:00:00,Filling,H Pack ,,,,,,,,,,0,0,Grand Total,,,0,0,,,,,
4,Sun,2026-01-25 00:00:00,Filling,H Pack ,,,,,,,,,,0,0,Grand Total,,,0,0,,,,,
5,Mon,2026-01-26 00:00:00,Filling,H Pack ,,,,,,,,,,0,0,Grand Total,,,0,0,,,,,
5,Tue,2026-01-27 00:00:00,Filling,H Pack ,,,,,,,,,,0,0,Grand Total,,,0,0,,,,,
5,Wed,2026-01-28 00:00:00,Filling,H Pack ,,,,,,,,,,0,0,Grand Total,,,0,0,,,,,
5,Thu,2026-01-29 00:00:00,Filling,H Pack ,,,,,,,,,,0,0,Grand Total,,,0,0,,,,,
5,Fri,2026-01-30 00:00:00,Filling,H Pack ,,,,,,,,,,0,0,Grand Total,,,0,0,,,,,
5,Sat,2026-01-31 00:00:00,Filling,H Pack ,,,,,,,,,,0,0,Grand Total,,,0,0,,,,,
5,Sun,2026-02-01 00:00:00,Filling,H Pack ,,,,,,,,,,0,0,Grand Total,,,0,0,,,,,
6,Mon,2026-02-02 00:00:00,Filling,H Pack ,,,,,,,,,,0,0,Grand Total,,,0,0,,,,,
6,Tue,2026-02-03 00:00:00,Filling,H Pack ,,,,,,,,,,0,0,Grand Total,,,0,0,,,,,
6,Wed,2026-02-04 00:00:00,Filling,H Pack ,,,,,,,,,,0,0,Grand Total,,,0,0,,,,,
6,Thu,2026-02-05 00:00:00,Filling,H Pack ,,,,,,,,,,0,0,Grand Total,,,0,0,,,,,
6,Fri,2026-02-06 00:00:00,Filling,H Pack ,,,,,,,,,,0,0,Grand Total,,,0,0,,,,,
6,Sat,2026-02-07 00:00:00,Filling,H Pack ,,,,,,,,,,0,0,Grand Total,,,0,0,,,,,
6,Sun,2026-02-08 00:00:00,Filling,H Pack ,,,,,,,,,,0,0,Grand Total,,,0,0,,,,,
7,Mon,2026-02-09 00:00:00,Filling,H Pack ,,,,,,,,,,0,0,Grand Total,,,0,0,,,,,
7,Tue,2026-02-10 00:00:00,Filling,H Pack ,,,,,,,,,,0,0,Grand Total,,,0,0,,,,,
7,Wed,2026-02-11 00:00:00,Filling,H Pack ,,,,,,,,,,0,0,Grand Total,,,0,0,,,,,
7,Thu,2026-02-12 00:00:00,Filling,H Pack ,,,,,,,,,,0,0,Grand Total,,,0,0,,,,,
7,Fri,2026-02-13 00:00:00,Filling,H Pack ,,,,,,,,,,0,0,Grand Total,,,0,0,,,,,
7,Sat,2026-02-14 00:00:00,Filling,H Pack ,,,,,,,,,,0,0,Grand Total,,,0,0,,,,,
7,Sun,2026-02-15 00:00:00,Filling,H Pack ,,,,,,,,,,0,0,Grand Total,,,0,0,,,,,
8,Mon,2026-02-16 00:00:00,Filling,H Pack ,,,,,,,,,,0,0,Grand Total,,,0,0,,,,,
8,Tue,2026-02-17 00:00:00,Filling,H Pack ,,,,,,,,,,0,0,Grand Total,,,0,0,,,,,
8,Wed,2026-02-18 00:00:00,Filling,H Pack ,,,,,,,,,,0,0,Grand Total,,,0,0,,,,,
8,Thu,2026-02-19 00:00:00,Filling,H Pack ,,,,,,,,,,0,0,Grand Total,,,0,0,,,,,
8,Fri,2026-02-20 00:00:00,Filling,H Pack ,,,,,,,,,,0,0,Grand Total,,,0,0,,,,,
8,Sat,2026-02-21 00:00:00,Filling,H Pack ,,,,,,,,,,0,0,Grand Total,,,0,0,,,,,
8,Sun,2026-02-22 00:00:00,Filling,H Pack ,,,,,,,,,,0,0,Grand Total,,,0,0,,,,,
9,Mon,2026-02-23 00:00:00,Filling,H Pack ,,,,,,,,,,0,0,Grand Total,,,0,0,,,,,
9,Tue,2026-02-24 00:00:00,Filling,H Pack ,,,,,,,,,,0,0,Grand Total,,,0,0,,,,,
9,Wed,2026-02-25 00:00:00,Filling,H Pack ,,,,,,,,,,0,0,Grand Total,,,0,0,,,,,
9,Thu,2026-02-26 00:00:00,Filling,H Pack ,,,,,,,,,,0,0,Grand Total,,,0,0,,,,,
9,Fri,2026-02-27 00:00:00,Filling,H Pack ,,,,,,,,,,0,0,Grand Total,,,0,0,,,,,
9,Sat,2026-02-28 00:00:00,Filling,H Pack ,,,,,,,,,,0,0,Grand Total,,,0,0,,,,,
9,Sun,2026-03-01 00:00:00,Filling,H Pack ,,,,,,,,,,0,0,Grand Total,,,0,0,,,,,
10,Mon,2026-03-02 00:00:00,Filling,H Pack ,,,,,,,,,,0,0,Grand Total,,,0,0,,,,,
10,Tue,2026-03-03 00:00:00,Filling,H Pack ,,,,,,,,,,0,0,Grand Total,,,0,0,,,,,
10,Wed,2026-03-04 00:00:00,Filling,H Pack ,,,,,,,,,,0,0,Grand Total,,,0,0,,,,,
10,Thu,2026-03-05 00:00:00,Filling,H Pack ,,,,,,,,,,0,0,Grand Total,,,0,0,,,,,
10,Fri,2026-03-06 00:00:00,Filling,H Pack ,,,,,,,,,,0,0,Grand Total,,,0,0,,,,,
10,Sat,2026-03-07 00:00:00,Filling,H Pack ,,,,,,,,,,0,0,Grand Total,,,0,0,,,,,
10,Sun,2026-03-08 00:00:00,Filling,H Pack ,,,,,,,,,,0,0,Grand Total,,,0,0,,,,,
11,Mon,2026-03-09 00:00:00,Filling,H Pack ,,,,,,,,,,0,0,Grand Total,,,0,0,,,,,
11,Tue,2026-03-10 00:00:00,Filling,H Pack ,,,,,,,,,,0,0,Grand Total,,,0,0,,,,,
11,Wed,2026-03-11 00:00:00,Filling,H Pack ,,,,,,,,,,0,0,Grand Total,,,0,0,,,,,
11,Thu,2026-03-12 00:00:00,Filling,H Pack ,,,,,,,,,,0,0,Grand Total,,,0,0,,,,,
11,Fri,2026-03-13 00:00:00,Filling,H Pack ,,,,,,,,,,0,0,Grand Total,,,0,0,,,,,
11,Sat,2026-03-14 00:00:00,Filling,H Pack ,,,,,,,,,,0,0,Grand Total,,,0,0,,,,,
11,Sun,2026-03-15 00:00:00,Filling,H Pack ,,,,,,,,,,0,0,Grand Total,,,0,0,,,,,
12,Mon,2026-03-16 00:00:00,Filling,H Pack ,,,,,,,,,,0,0,Grand Total,,,0,0,,,,,
12,Tue,2026-03-17 00:00:00,Filling,H Pack ,,,,,,,,,,0,0,Grand Total,,,0,0,,,,,
12,Wed,2026-03-18 00:00:00,Filling,H Pack ,,,,,,,,,,0,0,Grand Total,,,0,0,,,,,
12,Thu,2026-03-19 00:00:00,Filling,H Pack ,,,,,,,,,,0,0,Grand Total,,,0,0,,,,,
12,Fri,2026-03-20 00:00:00,Filling,H Pack ,,,,,,,,,,0,0,Grand Total,,,0,0,,,,,
12,Sat,2026-03-21 00:00:00,Filling,H Pack ,,,,,,,,,,0,0,Grand Total,,,0,0,,,,,
12,Sun,2026-03-22 00:00:00,Filling,H Pack ,,,,,,,,,,0,0,Grand Total,,,0,0,,,,,
13,Mon,2026-03-23 00:00:00,Filling,H Pack ,,,,,,,,,,0,0,Grand Total,,,0,0,,,,,
13,Tue,2026-03-24 00:00:00,Filling,H Pack ,,,,,,,,,,0,0,Grand Total,,,0,0,,,,,
13,Wed,2026-03-25 00:00:00,Filling,H Pack ,,,,,,,,,,0,0,Grand Total,,,0,0,,,,,
13,Thu,2026-03-26 00:00:00,Filling,H Pack ,,,,,,,,,,0,0,Grand Total,,,0,0,,,,,
13,Fri,2026-03-27 00:00:00,Filling,H Pack ,,,,,,,,,,0,0,Grand Total,,,0,0,,,,,
13,Sat,2026-03-28 00:00:00,Filling,H Pack ,,,,,,,,,,0,0,Grand Total,,,0,0,,,,,
13,Sun,2026-03-29 00:00:00,Filling,H Pack ,,,,,,,,,,0,0,Grand Total,,,0,0,,,,,
14,Mon,2026-03-30 00:00:00,Filling,H Pack ,,,,,,,,,,0,0,Grand Total,,,0,0,,,,,
14,Tue,2026-03-31 00:00:00,Filling,H Pack ,,,,,,,,,,0,0,Grand Total,,,0,0,,,,,
14,Wed,2026-04-01 00:00:00,Filling,H Pack ,,,,,,,,,,0,0,Grand Total,,,0,0,,,,,
14,Thu,2026-04-02 00:00:00,Filling,H Pack ,,,,,,,,,,0,0,Grand Total,,,0,0,,,,,
14,Fri,2026-04-03 00:00:00,Filling,H Pack ,,,,,,,,,,0,0,Grand Total,,,0,0,,,,,
14,Sat,2026-04-04 00:00:00,Filling,H Pack ,,,,,,,,,,0,0,Grand Total,,,0,0,,,,,
14,Sun,2026-04-05 00:00:00,Filling,H Pack ,,,,,,,,,,0,0,Grand Total,,,0,0,,,,,
15,Mon,2026-04-06 00:00:00,Filling,H Pack ,,,,,,,,,,0,0,Grand Total,,,0,0,,,,,
15,Tue,2026-04-07 00:00:00,Filling,H Pack ,,,,,,,,,,0,0,Grand Total,,,0,0,,,,,
15,Wed,2026-04-08 00:00:00,Filling,H Pack ,,,,,,,,,,0,0,Grand Total,,,0,0,,,,,
15,Thu,2026-04-09 00:00:00,Filling,H Pack ,,,,,,,,,,0,0,Grand Total,,,0,0,,,,,
15,Fri,2026-04-10 00:00:00,Filling,H Pack ,,,,,,,,,,0,0,Grand Total,,,0,0,,,,,
15,Sat,2026-04-11 00:00:00,Filling,H Pack ,,,,,,,,,,0,0,Grand Total,,,0,0,,,,,
15,Sun,2026-04-12 00:00:00,Filling,H Pack ,,,,,,,,,,0,0,Grand Total,,,0,0,,,,,
16,Mon,2026-04-13 00:00:00,Filling,H Pack ,,,,,,,,,,0,0,Grand Total,,,0,0,,,,,
16,Tue,2026-04-14 00:00:00,Filling,H Pack ,,,,,,,,,,0,0,Grand Total,,,0,0,,,,,
16,Wed,2026-04-15 00:00:00,Filling,H Pack ,,,,,,,,,,0,0,Grand Total,,,0,0,,,,,
16,Thu,2026-04-16 00:00:00,Filling,H Pack ,,,,,,,,,,0,0,Grand Total,,,0,0,,,,,
16,Fri,2026-04-17 00:00:00,Filling,H Pack ,,,,,,,,,,0,0,Grand Total,,,0,0,,,,,
16,Sat,2026-04-18 00:00:00,Filling,H Pack ,,,,,,,,,,0,0,Grand Total,,,0,0,,,,,
16,Sun,2026-04-19 00:00:00,Filling,H Pack ,,,,,,,,,,0,0,Grand Total,,,0,0,,,,,
17,Mon,2026-04-20 00:00:00,Filling,H Pack ,,,,,,,,,,0,0,Grand Total,,,0,0,,,,,
17,Tue,2026-04-21 00:00:00,Filling,H Pack ,,,,,,,,,,0,0,Grand Total,,,0,0,,,,,
17,Wed,2026-04-22 00:00:00,Filling,H Pack ,,,,,,,,,,0,0,Grand Total,,,0,0,,,,,
17,Thu,2026-04-23 00:00:00,Filling,H Pack ,,,,,,,,,,0,0,Grand Total,,,0,0,,,,,
17,Fri,2026-04-24 00:00:00,Filling,H Pack ,,,,,,,,,,0,0,Grand Total,,,0,0,,,,,
17,Sat,2026-04-25 00:00:00,Filling,H Pack ,,,,,,,,,,0,0,Grand Total,,,0,0,,,,,
17,Sun,2026-04-26 00:00:00,Filling,H Pack ,,,,,,,,,,0,0,Grand Total,,,0,0,,,,,
18,Mon,2026-04-27 00:00:00,Filling,H Pack ,,,,,,,,,,0,0,Grand Total,,,0,0,,,,,
18,Tue,2026-04-28 00:00:00,Filling,H Pack ,,,,,,,,,,0,0,Grand Total,,,0,0,,,,,
18,Wed,2026-04-29 00:00:00,Filling,H Pack ,,,,,,,,,,0,0,Grand Total,,,0,0,,,,,
18,Thu,2026-04-30 00:00:00,Filling,H Pack ,,,,,,,,,,0,0,Grand Total,,,0,0,,,,,
18,Fri,2026-05-01 00:00:00,Filling,H Pack ,,,,,,,,,,0,0,Grand Total,,,0,0,,,,,
18,Sat,2026-05-02 00:00:00,Filling,H Pack ,,,,,,,,,,0,0,Grand Total,,,0,0,,,,,
18,Sun,2026-05-03 00:00:00,Filling,H Pack ,,,,,,,,,,0,0,Grand Total,,,0,0,,,,,
19,Mon,2026-05-04 00:00:00,Filling,H Pack ,,,,,,,,,,0,0,Grand Total,,,0,0,,,,,
19,Tue,2026-05-05 00:00:00,Filling,H Pack ,,,,,,,,,,0,0,Grand Total,,,0,0,,,,,
19,Wed,2026-05-06 00:00:00,Filling,H Pack ,,,,,,,,,,0,0,Grand Total,,,0,0,,,,,
19,Thu,2026-05-07 00:00:00,Filling,H Pack ,,,,,,,,,,0,0,Grand Total,,,0,0,,,,,
19,Fri,2026-05-08 00:00:00,Filling,H Pack ,,,,,,,,,,0,0,Grand Total,,,0,0,,,,,
19,Sat,2026-05-09 00:00:00,Filling,H Pack ,,,,,,,,,,0,0,Grand Total,,,0,0,,,,,
19,Sun,2026-05-10 00:00:00,Filling,H Pack ,,,,,,,,,,0,0,Grand Total,,,0,0,,,,,
20,Mon,2026-05-11 00:00:00,Filling,H Pack ,,,,,,,,,,0,0,Grand Total,,,0,0,,,,,
20,Tue,2026-05-12 00:00:00,Filling,H Pack ,,,,,,,,,,0,0,Grand Total,,,0,0,,,,,
20,Wed,2026-05-13 00:00:00,Filling,H Pack ,,,,,,,,,,0,0,Grand Total,,,0,0,,,,,
20,Thu,2026-05-14 00:00:00,Filling,H Pack ,,,,,,,,,,0,0,Grand Total,,,0,0,,,,,
20,Fri,2026-05-15 00:00:00,Filling,H Pack ,,,,,,,,,,0,0,Grand Total,,,0,0,,,,,
20,Sat,2026-05-16 00:00:00,Filling,H Pack ,,,,,,,,,,0,0,Grand Total,,,0,0,,,,,
20,Sun,2026-05-17 00:00:00,Filling,H Pack ,,,,,,,,,,0,0,Grand Total,,,0,0,,,,,
21,Mon,2026-05-18 00:00:00,Filling,H Pack ,,,,,,,,,,0,0,Grand Total,,,0,0,,,,,
21,Tue,2026-05-19 00:00:00,Filling,H Pack ,,,,,,,,,,0,0,Grand Total,,,0,0,,,,,
21,Wed,2026-05-20 00:00:00,Filling,H Pack ,,,,,,,,,,0,0,Grand Total,,,0,0,,,,,
21,Thu,2026-05-21 00:00:00,Filling,H Pack ,,,,,,,,,,0,0,Grand Total,,,0,0,,,,,
21,Fri,2026-05-22 00:00:00,Filling,H Pack ,,,,,,,,,,0,0,Grand Total,,,0,0,,,,,
21,Sat,2026-05-23 00:00:00,Filling,H Pack ,,,,,,,,,,0,0,Grand Total,,,0,0,,,,,
21,Sun,2026-05-24 00:00:00,Filling,H Pack ,,,,,,,,,,0,0,Grand Total,,,0,0,,,,,
22,Mon,2026-05-25 00:00:00,Filling,H Pack ,,,,,,,,,,0,0,Grand Total,,,0,0,,,,,
22,Tue,2026-05-26 00:00:00,Filling,H Pack ,,,,,,,,,,0,0,Grand Total,,,0,0,,,,,
22,Wed,2026-05-27 00:00:00,Filling,H Pack ,,,,,,,,,,0,0,Grand Total,,,0,0,,,,,
22,Thu,2026-05-28 00:00:00,Filling,H Pack ,,,,,,,,,,0,0,Grand Total,,,0,0,,,,,
22,Fri,2026-05-29 00:00:00,Filling,H Pack ,,,,,,,,,,0,0,Grand Total,,,0,0,,,,,
22,Sat,2026-05-30 00:00:00,Filling,H Pack ,,,,,,,,,,0,0,Grand Total,,,0,0,,,,,
22,Sun,2026-05-31 00:00:00,Filling,H Pack ,,,,,,,,,,0,0,Grand Total,,,0,0,,,,,
23,Mon,2026-06-01 00:00:00,Filling,H Pack ,,,,,,,,,,0,0,Grand Total,,,0,0,,,,,
23,Tue,2026-06-02 00:00:00,Filling,H Pack ,,,,,,,,,,0,0,Grand Total,,,0,0,,,,,
23,Wed,2026-06-03 00:00:00,Filling,H Pack ,,,,,,,,,,0,0,Grand Total,,,0,0,,,,,
23,Thu,2026-06-04 00:00:00,Filling,H Pack ,,,,,,,,,,0,0,Grand Total,,,0,0,,,,,
23,Fri,2026-06-05 00:00:00,Filling,H Pack ,,,,,,,,,,0,0,Grand Total,,,0,0,,,,,
23,Sat,2026-06-06 00:00:00,Filling,H Pack ,,,,,,,,,,0,0,Grand Total,,,0,0,,,,,
23,Sun,2026-06-07 00:00:00,Filling,H Pack ,,,,,,,,,,0,0,Grand Total,,,0,0,,,,,
24,Mon,2026-06-08 00:00:00,Filling,H Pack ,,,,,,,,,,0,0,Grand Total,,,0,0,,,,,
24,Tue,2026-06-09 00:00:00,Filling,H Pack ,,,,,,,,,,0,0,Grand Total,,,0,0,,,,,
24,Wed,2026-06-10 00:00:00,Filling,H Pack ,,,,,,,,,,0,0,Grand Total,,,0,0,,,,,
24,Thu,2026-06-11 00:00:00,Filling,H Pack ,,,,,,,,,,0,0,Grand Total,,,0,0,,,,,
24,Fri,2026-06-12 00:00:00,Filling,H Pack ,,,,,,,,,,0,0,Grand Total,,,0,0,,,,,
24,Sat,2026-06-13 00:00:00,Filling,H Pack ,,,,,,,,,,0,0,Grand Total,,,0,0,,,,,
24,Sun,2026-06-14 00:00:00,Filling,H Pack ,,,,,,,,,,0,0,Grand Total,,,0,0,,,,,
25,Mon,2026-06-15 00:00:00,Filling,H Pack ,,,,,,,,,,0,0,Grand Total,,,0,0,,,,,
25,Tue,2026-06-16 00:00:00,Filling,H Pack ,,,,,,,,,,0,0,Grand Total,,,0,0,,,,,
25,Wed,2026-06-17 00:00:00,Filling,H Pack ,,,,,,,,,,0,0,Grand Total,,,0,0,,,,,
25,Thu,2026-06-18 00:00:00,Filling,H Pack ,,,,,,,,,,0,0,Grand Total,,,0,0,,,,,
25,Fri,2026-06-19 00:00:00,Filling,H Pack ,,,,,,,,,,0,0,Grand Total,,,0,0,,,,,
25,Sat,2026-06-20 00:00:00,Filling,H Pack ,,,,,,,,,,0,0,Grand Total,,,0,0,,,,,
25,Sun,2026-06-21 00:00:00,Filling,H Pack ,,,,,,,,,,0,0,Grand Total,,,0,0,,,,,
26,Mon,2026-06-22 00:00:00,Filling,H Pack ,,,,,,,,,,0,0,Grand Total,,,0,0,,,,,
26,Tue,2026-06-23 00:00:00,Filling,H Pack ,,,,,,,,,,0,0,Grand Total,,,0,0,,,,,
26,Wed,2026-06-24 00:00:00,Filling,H Pack ,,,,,,,,,,0,0,Grand Total,,,0,0,,,,,
26,Thu,2026-06-25 00:00:00,Filling,H Pack ,,,,,,,,,,0,0,Grand Total,,,0,0,,,,,
26,Fri,2026-06-26 00:00:00,Filling,H Pack ,,,,,,,,,,0,0,Grand Total,,,0,0,,,,,
26,Sat,2026-06-27 00:00:00,Filling,H Pack ,,,,,,,,,,0,0,Grand Total,,,0,0,,,,,
26,Sun,2026-06-28 00:00:00,Filling,H Pack ,,,,,,,,,,0,0,Grand Total,,,0,0,,,,,
27,Mon,2026-06-29 00:00:00,Filling,H Pack ,,,,,,,,,,0,0,Grand Total,,,0,0,,,,,
27,Tue,2026-06-30 00:00:00,Filling,H Pack ,,,,,,,,,,0,0,Grand Total,,,0,0,,,,,
27,Wed,2026-07-01 00:00:00,Filling,H Pack ,,,,,,,,,,0,0,Grand Total,,,0,0,,,,,
27,Thu,2026-07-02 00:00:00,Filling,H Pack ,,,,,,,,,,0,0,Grand Total,,,0,0,,,,,
27,Fri,2026-07-03 00:00:00,Filling,H Pack ,,,,,,,,,,0,0,Grand Total,,,0,0,,,,,
27,Sat,2026-07-04 00:00:00,Filling,H Pack ,,,,,,,,,,0,0,Grand Total,,,0,0,,,,,
27,Sun,2026-07-05 00:00:00,Filling,H Pack ,,,,,,,,,,0,0,Grand Total,,,0,0,,,,,
28,Mon,2026-07-06 00:00:00,Filling,H Pack ,,,,,,,,,,0,0,Grand Total,,,0,0,,,,,
28,Tue,2026-07-07 00:00:00,Filling,H Pack ,,,,,,,,,,0,0,Grand Total,,,0,0,,,,,
28,Wed,2026-07-08 00:00:00,Filling,H Pack ,,,,,,,,,,0,0,Grand Total,,,0,0,,,,,
28,Thu,2026-07-09 00:00:00,Filling,H Pack ,,,,,,,,,,0,0,Grand Total,,,0,0,,,,,
28,Fri,2026-07-10 00:00:00,Filling,H Pack ,,,,,,,,,,0,0,Grand Total,,,0,0,,,,,
28,Sat,2026-07-11 00:00:00,Filling,H Pack ,,,,,,,,,,0,0,Grand Total,,,0,0,,,,,
28,Sun,2026-07-12 00:00:00,Filling,H Pack ,,,,,,,,,,0,0,Grand Total,,,0,0,,,,,
29,Mon,2026-07-13 00:00:00,Filling,H Pack ,,,,,,,,,,0,0,Grand Total,,,0,0,,,,,
29,Tue,2026-07-14 00:00:00,Filling,H Pack ,,,,,,,,,,0,0,Grand Total,,,0,0,,,,,
29,Wed,2026-07-15 00:00:00,Filling,H Pack ,,,,,,,,,,0,0,Grand Total,,,0,0,,,,,
29,Thu,2026-07-16 00:00:00,Filling,H Pack ,,,,,,,,,,0,0,Grand Total,,,0,0,,,,,
29,Fri,2026-07-17 00:00:00,Filling,H Pack ,,,,,,,,,,0,0,Grand Total,,,0,0,,,,,
29,Sat,2026-07-18 00:00:00,Filling,H Pack ,,,,,,,,,,0,0,Grand Total,,,0,0,,,,,
29,Sun,2026-07-19 00:00:00,Filling,H Pack ,,,,,,,,,,0,0,Grand Total,,,0,0,,,,,
30,Mon,2026-07-20 00:00:00,Filling,H Pack ,,,,,,,,,,0,0,Grand Total,,,0,0,,,,,
30,Tue,2026-07-21 00:00:00,Filling,H Pack ,,,,,,,,,,0,0,Grand Total,,,0,0,,,,,
30,Wed,2026-07-22 00:00:00,Filling,H Pack ,,,,,,,,,,0,0,Grand Total,,,0,0,,,,,
30,Thu,2026-07-23 00:00:00,Filling,H Pack ,,,,,,,,,,0,0,Grand Total,,,0,0,,,,,
30,Fri,2026-07-24 00:00:00,Filling,H Pack ,,,,,,,,,,0,0,Grand Total,,,0,0,,,,,
30,Sat,2026-07-25 00:00:00,Filling,H Pack ,,,,,,,,,,0,0,Grand Total,,,0,0,,,,,
30,Sun,2026-07-26 00:00:00,Filling,H Pack ,,,,,,,,,,0,0,Grand Total,,,0,0,,,,,
31,Mon,2026-07-27 00:00:00,Filling,H Pack ,,,,,,,,,,0,0,Grand Total,,,0,0,,,,,
31,Tue,2026-07-28 00:00:00,Filling,H Pack ,,,,,,,,,,0,0,Grand Total,,,0,0,,,,,
31,Wed,2026-07-29 00:00:00,Filling,H Pack ,,,,,,,,,,0,0,Grand Total,,,0,0,,,,,
31,Thu,2026-07-30 00:00:00,Filling,H Pack ,,,,,,,,,,0,0,Grand Total,,,0,0,,,,,
31,Fri,2026-07-31 00:00:00,Filling,H Pack ,,,,,,,,,,0,0,Grand Total,,,0,0,,,,,
31,Sat,2026-08-01 00:00:00,Filling,H Pack ,,,,,,,,,,0,0,Grand Total,,,0,0,,,,,
31,Sun,2026-08-02 00:00:00,Filling,H Pack ,,,,,,,,,,0,0,Grand Total,,,0,0,,,,,
32,Mon,2026-08-03 00:00:00,Filling,H Pack ,,,,,,,,,,0,0,Grand Total,,,0,0,,,,,
32,Tue,2026-08-04 00:00:00,Filling,H Pack ,,,,,,,,,,0,0,Grand Total,,,0,0,,,,,
32,Wed,2026-08-05 00:00:00,Filling,H Pack ,,,,,,,,,,0,0,Grand Total,,,0,0,,,,,
32,Thu,2026-08-06 00:00:00,Filling,H Pack ,,,,,,,,,,0,0,Grand Total,,,0,0,,,,,
32,Fri,2026-08-07 00:00:00,Filling,H Pack ,,,,,,,,,,0,0,Grand Total,,,0,0,,,,,
32,Sat,2026-08-08 00:00:00,Filling,H Pack ,,,,,,,,,,0,0,Grand Total,,,0,0,,,,,
32,Sun,2026-08-09 00:00:00,Filling,H Pack ,,,,,,,,,,0,0,Grand Total,,,0,0,,,,,
33,Mon,2026-08-10 00:00:00,Filling,H Pack ,,,,,,,,,,0,0,Grand Total,,,0,0,,,,,
33,Tue,2026-08-11 00:00:00,Filling,H Pack ,,,,,,,,,,0,0,Grand Total,,,0,0,,,,,
33,Wed,2026-08-12 00:00:00,Filling,H Pack ,,,,,,,,,,0,0,Grand Total,,,0,0,,,,,
33,Thu,2026-08-13 00:00:00,Filling,H Pack ,,,,,,,,,,0,0,Grand Total,,,0,0,,,,,
33,Fri,2026-08-14 00:00:00,Filling,H Pack ,,,,,,,,,,0,0,Grand Total,,,0,0,,,,,
33,Sat,2026-08-15 00:00:00,Filling,H Pack ,,,,,,,,,,0,0,Grand Total,,,0,0,,,,,
33,Sun,2026-08-16 00:00:00,Filling,H Pack ,,,,,,,,,,0,0,Grand Total,,,0,0,,,,,
34,Mon,2026-08-17 00:00:00,Filling,H Pack ,,,,,,,,,,0,0,Grand Total,,,0,0,,,,,
34,Tue,2026-08-18 00:00:00,Filling,H Pack ,,,,,,,,,,0,0,Grand Total,,,0,0,,,,,
34,Wed,2026-08-19 00:00:00,Filling,H Pack ,,,,,,,,,,0,0,Grand Total,,,0,0,,,,,
34,Thu,2026-08-20 00:00:00,Filling,H Pack ,,,,,,,,,,0,0,Grand Total,,,0,0,,,,,
34,Fri,2026-08-21 00:00:00,Filling,H Pack ,,,,,,,,,,0,0,Grand Total,,,0,0,,,,,
34,Sat,2026-08-22 00:00:00,Filling,H Pack ,,,,,,,,,,0,0,Grand Total,,,0,0,,,,,
34,Sun,2026-08-23 00:00:00,Filling,H Pack ,,,,,,,,,,0,0,Grand Total,,,0,0,,,,,
35,Mon,2026-08-24 00:00:00,Filling,H Pack ,,,,,,,,,,0,0,Grand Total,,,0,0,,,,,
35,Tue,2026-08-25 00:00:00,Filling,H Pack ,,,,,,,,,,0,0,Grand Total,,,0,0,,,,,
35,Wed,2026-08-26 00:00:00,Filling,H Pack ,,,,,,,,,,0,0,Grand Total,,,0,0,,,,,
35,Thu,2026-08-27 00:00:00,Filling,H Pack ,,,,,,,,,,0,0,Grand Total,,,0,0,,,,,
35,Fri,2026-08-28 00:00:00,Filling,H Pack ,,,,,,,,,,0,0,Grand Total,,,0,0,,,,,
35,Sat,2026-08-29 00:00:00,Filling,H Pack ,,,,,,,,,,0,0,Grand Total,,,0,0,,,,,
35,Sun,2026-08-30 00:00:00,Filling,H Pack ,,,,,,,,,,0,0,Grand Total,,,0,0,,,,,
36,Mon,2026-08-31 00:00:00,Filling,H Pack ,,,,,,,,,,0,0,Grand Total,,,0,0,,,,,
36,Tue,2026-09-01 00:00:00,Filling,H Pack ,,,,,,,,,,0,0,Grand Total,,,0,0,,,,,
36,Wed,2026-09-02 00:00:00,Filling,H Pack ,,,,,,,,,,0,0,Grand Total,,,0,0,,,,,
36,Thu,2026-09-03 00:00:00,Filling,H Pack ,,,,,,,,,,0,0,Grand Total,,,0,0,,,,,
36,Fri,2026-09-04 00:00:00,Filling,H Pack ,,,,,,,,,,0,0,Grand Total,,,0,0,,,,,
36,Sat,2026-09-05 00:00:00,Filling,H Pack ,,,,,,,,,,0,0,Grand Total,,,0,0,,,,,
36,Sun,2026-09-06 00:00:00,Filling,H Pack ,,,,,,,,,,0,0,Grand Total,,,0,0,,,,,
37,Mon,2026-09-07 00:00:00,Filling,H Pack ,,,,,,,,,,0,0,Grand Total,,,0,0,,,,,
37,Tue,2026-09-08 00:00:00,Filling,H Pack ,,,,,,,,,,0,0,Grand Total,,,0,0,,,,,
37,Wed,2026-09-09 00:00:00,Filling,H Pack ,,,,,,,,,,0,0,Grand Total,,,0,0,,,,,
37,Thu,2026-09-10 00:00:00,Filling,H Pack ,,,,,,,,,,0,0,Grand Total,,,0,0,,,,,
37,Fri,2026-09-11 00:00:00,Filling,H Pack ,,,,,,,,,,0,0,Grand Total,,,0,0,,,,,
37,Sat,2026-09-12 00:00:00,Filling,H Pack ,,,,,,,,,,0,0,Grand Total,,,0,0,,,,,
37,Sun,2026-09-13 00:00:00,Filling,H Pack ,,,,,,,,,,0,0,Grand Total,,,0,0,,,,,
38,Mon,2026-09-14 00:00:00,Filling,H Pack ,,,,,,,,,,0,0,Grand Total,,,0,0,,,,,
38,Tue,2026-09-15 00:00:00,Filling,H Pack ,,,,,,,,,,0,0,Grand Total,,,0,0,,,,,
38,Wed,2026-09-16 00:00:00,Filling,H Pack ,,,,,,,,,,0,0,Grand Total,,,0,0,,,,,
38,Thu,2026-09-17 00:00:00,Filling,H Pack ,,,,,,,,,,0,0,Grand Total,,,0,0,,,,,
38,Fri,2026-09-18 00:00:00,Filling,H Pack ,,,,,,,,,,0,0,Grand Total,,,0,0,,,,,
38,Sat,2026-09-19 00:00:00,Filling,H Pack ,,,,,,,,,,0,0,Grand Total,,,0,0,,,,,
38,Sun,2026-09-20 00:00:00,Filling,H Pack ,,,,,,,,,,0,0,Grand Total,,,0,0,,,,,
39,Mon,2026-09-21 00:00:00,Filling,H Pack ,,,,,,,,,,0,0,Grand Total,,,0,0,,,,,
39,Tue,2026-09-22 00:00:00,Filling,H Pack ,,,,,,,,,,0,0,Grand Total,,,0,0,,,,,
39,Thu,2026-09-24 00:00:00,Filling,H Pack ,,,,,,,,,,0,0,Grand Total,,,0,0,,,,,
39,Fri,2026-09-25 00:00:00,Filling,H Pack ,,,,,,,,,,0,0,Grand Total,,,0,0,,,,,
39,Sat,2026-09-26 00:00:00,Filling,H Pack ,,,,,,,,,,0,0,Grand Total,,,0,0,,,,,
39,Sun,2026-09-27 00:00:00,Filling,H Pack ,,,,,,,,,,0,0,Grand Total,,,0,0,,,,,
40,Mon,2026-09-28 00:00:00,Filling,H Pack ,,,,,,,,,,0,0,Grand Total,,,0,0,,,,,
40,Tue,2026-09-29 00:00:00,Filling,H Pack ,,,,,,,,,,0,0,Grand Total,,,0,0,,,,,
40,Wed,2026-09-30 00:00:00,Filling,H Pack ,,,,,,,,,,0,0,Grand Total,,,0,0,,,,,
40,Thu,2026-10-01 00:00:00,Filling,H Pack ,,,,,,,,,,0,0,Grand Total,,,0,0,,,,,
40,Fri,2026-10-02 00:00:00,Filling,H Pack ,,,,,,,,,,0,0,Grand Total,,,0,0,,,,,
40,Sat,2026-10-03 00:00:00,Filling,H Pack ,,,,,,,,,,0,0,Grand Total,,,0,0,,,,,
40,Sun,2026-10-04 00:00:00,Filling,H Pack ,,,,,,,,,,0,0,Grand Total,,,0,0,,,,,
41,Mon,2026-10-05 00:00:00,Filling,H Pack ,,,,,,,,,,0,0,Grand Total,,,0,0,,,,,
41,Tue,2026-10-06 00:00:00,Filling,H Pack ,,,,,,,,,,0,0,Grand Total,,,0,0,,,,,
41,Wed,2026-10-07 00:00:00,Filling,H Pack ,,,,,,,,,,0,0,Grand Total,,,0,0,,,,,
41,Thu,2026-10-08 00:00:00,Filling,H Pack ,,,,,,,,,,0,0,Grand Total,,,0,0,,,,,
41,Fri,2026-10-09 00:00:00,Filling,H Pack ,,,,,,,,,,0,0,Grand Total,,,0,0,,,,,
41,Sat,2026-10-10 00:00:00,Filling,H Pack ,,,,,,,,,,0,0,Grand Total,,,0,0,,,,,
41,Sun,2026-10-11 00:00:00,Filling,H Pack ,,,,,,,,,,0,0,Grand Total,,,0,0,,,,,
42,Mon,2026-10-12 00:00:00,Filling,H Pack ,,,,,,,,,,0,0,Grand Total,,,0,0,,,,,
42,Tue,2026-10-13 00:00:00,Filling,H Pack ,,,,,,,,,,0,0,Grand Total,,,0,0,,,,,
42,Wed,2026-10-14 00:00:00,Filling,H Pack ,,,,,,,,,,0,0,Grand Total,,,0,0,,,,,
42,Thu,2026-10-15 00:00:00,Filling,H Pack ,,,,,,,,,,0,0,Grand Total,,,0,0,,,,,
42,Fri,2026-10-16 00:00:00,Filling,H Pack ,,,,,,,,,,0,0,Grand Total,,,0,0,,,,,
42,Sat,2026-10-17 00:00:00,Filling,H Pack ,,,,,,,,,,0,0,Grand Total,,,0,0,,,,,
42,Sun,2026-10-18 00:00:00,Filling,H Pack ,,,,,,,,,,0,0,Grand Total,,,0,0,,,,,
43,Mon,2026-10-19 00:00:00,Filling,H Pack ,,,,,,,,,,0,0,Grand Total,,,0,0,,,,,
43,Tue,2026-10-20 00:00:00,Filling,H Pack ,,,,,,,,,,0,0,Grand Total,,,0,0,,,,,
43,Wed,2026-10-21 00:00:00,Filling,H Pack ,,,,,,,,,,0,0,Grand Total,,,0,0,,,,,
43,Thu,2026-10-22 00:00:00,Filling,H Pack ,,,,,,,,,,0,0,Grand Total,,,0,0,,,,,
43,Fri,2026-10-23 00:00:00,Filling,H Pack ,,,,,,,,,,0,0,Grand Total,,,0,0,,,,,
43,Sat,2026-10-24 00:00:00,Filling,H Pack ,,,,,,,,,,0,0,Grand Total,,,0,0,,,,,
43,Sun,2026-10-25 00:00:00,Filling,H Pack ,,,,,,,,,,0,0,Grand Total,,,0,0,,,,,
44,Mon,2026-10-26 00:00:00,Filling,H Pack ,,,,,,,,,,0,0,Grand Total,,,0,0,,,,,
44,Tue,2026-10-27 00:00:00,Filling,H Pack ,,,,,,,,,,0,0,Grand Total,,,0,0,,,,,
44,Wed,2026-10-28 00:00:00,Filling,H Pack ,,,,,,,,,,0,0,Grand Total,,,0,0,,,,,
44,Thu,2026-10-29 00:00:00,Filling,H Pack ,,,,,,,,,,0,0,Grand Total,,,0,0,,,,,
44,Fri,2026-10-30 00:00:00,Filling,H Pack ,,,,,,,,,,0,0,Grand Total,,,0,0,,,,,
44,Sat,2026-10-31 00:00:00,Filling,H Pack ,,,,,,,,,,0,0,Grand Total,,,0,0,,,,,
44,Sun,2026-11-01 00:00:00,Filling,H Pack ,,,,,,,,,,0,0,Grand Total,,,0,0,,,,,
45,Mon,2026-11-02 00:00:00,Filling,H Pack ,,,,,,,,,,0,0,Grand Total,,,0,0,,,,,
45,Tue,2026-11-03 00:00:00,Filling,H Pack ,,,,,,,,,,0,0,Grand Total,,,0,0,,,,,
45,Wed,2026-11-04 00:00:00,Filling,H Pack ,,,,,,,,,,0,0,Grand Total,,,0,0,,,,,
45,Thu,2026-11-05 00:00:00,Filling,H Pack ,,,,,,,,,,0,0,Grand Total,,,0,0,,,,,
45,Fri,2026-11-06 00:00:00,Filling,H Pack ,,,,,,,,,,0,0,Grand Total,,,0,0,,,,,
45,Sat,2026-11-07 00:00:00,Filling,H Pack ,,,,,,,,,,0,0,Grand Total,,,0,0,,,,,
45,Sun,2026-11-08 00:00:00,Filling,H Pack ,,,,,,,,,,0,0,Grand Total,,,0,0,,,,,
46,Mon,2026-11-09 00:00:00,Filling,H Pack ,,,,,,,,,,0,0,Grand Total,,,0,0,,,,,
46,Tue,2026-11-10 00:00:00,Filling,H Pack ,,,,,,,,,,0,0,Grand Total,,,0,0,,,,,
46,Wed,2026-11-11 00:00:00,Filling,H Pack ,,,,,,,,,,0,0,Grand Total,,,0,0,,,,,
46,Thu,2026-11-12 00:00:00,Filling,H Pack ,,,,,,,,,,0,0,Grand Total,,,0,0,,,,,
46,Fri,2026-11-13 00:00:00,Filling,H Pack ,,,,,,,,,,0,0,Grand Total,,,0,0,,,,,
46,Sat,2026-11-14 00:00:00,Filling,H Pack ,,,,,,,,,,0,0,Grand Total,,,0,0,,,,,
46,Sun,2026-11-15 00:00:00,Filling,H Pack ,,,,,,,,,,0,0,Grand Total,,,0,0,,,,,
47,Mon,2026-11-16 00:00:00,Filling,H Pack ,,,,,,,,,,0,0,Grand Total,,,0,0,,,,,
47,Tue,2026-11-17 00:00:00,Filling,H Pack ,,,,,,,,,,0,0,Grand Total,,,0,0,,,,,
47,Wed,2026-11-18 00:00:00,Filling,H Pack ,,,,,,,,,,0,0,Grand Total,,,0,0,,,,,
47,Thu,2026-11-19 00:00:00,Filling,H Pack ,,,,,,,,,,0,0,Grand Total,,,0,0,,,,,
47,Fri,2026-11-20 00:00:00,Filling,H Pack ,,,,,,,,,,0,0,Grand Total,,,0,0,,,,,
47,Sat,2026-11-21 00:00:00,Filling,H Pack ,,,,,,,,,,0,0,Grand Total,,,0,0,,,,,
47,Sun,2026-11-22 00:00:00,Filling,H Pack ,,,,,,,,,,0,0,Grand Total,,,0,0,,,,,
48,Mon,2026-11-23 00:00:00,Filling,H Pack ,,,,,,,,,,0,0,Grand Total,,,0,0,,,,,
48,Tue,2026-11-24 00:00:00,Filling,H Pack ,,,,,,,,,,0,0,Grand Total,,,0,0,,,,,
48,Wed,2026-11-25 00:00:00,Filling,H Pack ,,,,,,,,,,0,0,Grand Total,,,0,0,,,,,
48,Thu,2026-11-26 00:00:00,Filling,H Pack ,,,,,,,,,,0,0,Grand Total,,,0,0,,,,,
48,Fri,2026-11-27 00:00:00,Filling,H Pack ,,,,,,,,,,0,0,Grand Total,,,0,0,,,,,
48,Sat,2026-11-28 00:00:00,Filling,H Pack ,,,,,,,,,,0,0,Grand Total,,,0,0,,,,,
48,Sun,2026-11-29 00:00:00,Filling,H Pack ,,,,,,,,,,0,0,Grand Total,,,0,0,,,,,
49,Mon,2026-11-30 00:00:00,Filling,H Pack ,,,,,,,,,,0,0,Grand Total,,,0,0,,,,,
49,Tue,2026-12-01 00:00:00,Filling,H Pack ,,,,,,,,,,0,0,Grand Total,,,0,0,,,,,
49,Wed,2026-12-02 00:00:00,Filling,H Pack ,,,,,,,,,,0,0,Grand Total,,,0,0,,,,,
49,Thu,2026-12-03 00:00:00,Filling,H Pack ,,,,,,,,,,0,0,Grand Total,,,0,0,,,,,
49,Fri,2026-12-04 00:00:00,Filling,H Pack ,,,,,,,,,,0,0,Grand Total,,,0,0,,,,,
49,Sat,2026-12-05 00:00:00,Filling,H Pack ,,,,,,,,,,0,0,Grand Total,,,0,0,,,,,
49,Sun,2026-12-06 00:00:00,Filling,H Pack ,,,,,,,,,,0,0,Grand Total,,,0,0,,,,,
50,Mon,2026-12-07 00:00:00,Filling,H Pack ,,,,,,,,,,0,0,Grand Total,,,0,0,,,,,
50,Tue,2026-12-08 00:00:00,Filling,H Pack ,,,,,,,,,,0,0,Grand Total,,,0,0,,,,,
50,Wed,2026-12-09 00:00:00,Filling,H Pack ,,,,,,,,,,0,0,Grand Total,,,0,0,,,,,
50,Thu,2026-12-10 00:00:00,Filling,H Pack ,,,,,,,,,,0,0,Grand Total,,,0,0,,,,,
50,Fri,2026-12-11 00:00:00,Filling,H Pack ,,,,,,,,,,0,0,Grand Total,,,0,0,,,,,
50,Sat,2026-12-12 00:00:00,Filling,H Pack ,,,,,,,,,,0,0,Grand Total,,,0,0,,,,,
50,Sun,2026-12-13 00:00:00,Filling,H Pack ,,,,,,,,,,0,0,Grand Total,,,0,0,,,,,
51,Mon,2026-12-14 00:00:00,Filling,H Pack ,,,,,,,,,,0,0,Grand Total,,,0,0,,,,,
51,Tue,2026-12-15 00:00:00,Filling,H Pack ,,,,,,,,,,0,0,Grand Total,,,0,0,,,,,
51,Wed,2026-12-16 00:00:00,Filling,H Pack ,,,,,,,,,,0,0,Grand Total,,,0,0,,,,,
51,Thu,2026-12-17 00:00:00,Filling,H Pack ,,,,,,,,,,0,0,Grand Total,,,0,0,,,,,
51,Fri,2026-12-18 00:00:00,Filling,H Pack ,,,,,,,,,,0,0,Grand Total,,,0,0,,,,,
51,Sat,2026-12-19 00:00:00,Filling,H Pack ,,,,,,,,,,0,0,Grand Total,,,0,0,,,,,
51,Sun,2026-12-20 00:00:00,Filling,H Pack ,,,,,,,,,,0,0,Grand Total,,,0,0,,,,,
52,Mon,2026-12-21 00:00:00,Filling,H Pack ,,,,,,,,,,0,0,Grand Total,,,0,0,,,,,
52,Tue,2026-12-22 00:00:00,Filling,H Pack ,,,,,,,,,,0,0,Grand Total,,,0,0,,,,,
52,Wed,2026-12-23 00:00:00,Filling,H Pack ,,,,,,,,,,0,0,Grand Total,,,0,0,,,,,
52,Thu,2026-12-24 00:00:00,Filling,H Pack ,,,,,,,,,,0,0,Grand Total,,,0,0,,,,,
52,Fri,2026-12-25 00:00:00,Filling,H Pack ,,,,,,,,,,0,0,Grand Total,,,0,0,,,,,
52,Sat,2026-12-26 00:00:00,Filling,H Pack ,,,,,,,,,,0,0,Grand Total,,,0,0,,,,,
52,Sun,2026-12-27 00:00:00,Filling,H Pack ,,,,,,,,,,0,0,Grand Total,,,0,0,,,,,
53,Mon,2026-12-28 00:00:00,Filling,H Pack ,,,,,,,,,,0,0,Grand Total,,,0,0,,,,,
53,Tue,2026-12-29 00:00:00,Filling,H Pack ,,,,,,,,,,0,0,Grand Total,,,0,0,,,,,
53,Wed,2026-12-30 00:00:00,Filling,H Pack ,,,,,,,,,,0,0,Grand Total,,,0,0,,,,,
53,Thu,2026-12-31 00:00:00,Filling,H Pack ,,,,,,,,,,0,0,Grand Total,,,0,0,,,,,
1,Thu,2026-01-01 00:00:00,Compounding,"K1 Kettle - 1,892,000 grams (big)",,,,,,,,,,0,0,Grand Total,,,0,0,,,,,
1,Fri,2026-01-02 00:00:00,Compounding,"K1 Kettle - 1,892,000 grams (big)",,,,,,,,,,0,0,Grand Total,,,0,0,,,,,
1,Tue,2023-01-03 00:00:00,Compounding,"K1 Kettle - 1,892,000 grams (big)",,,,,,,,,,0,0,Grand Total,,,0,0,,,,,
1,Sun,2026-01-04 00:00:00,Compounding,"K1 Kettle - 1,892,000 grams (big)",,,,,,,,,,0,0,Grand Total,,,0,0,,,,,
2,Mon,2026-01-05 00:00:00,Compounding,"K1 Kettle - 1,892,000 grams (big)",,,,,,,,,,0,0,Grand Total,,,0,0,,,,,
2,Tue,2026-01-06 00:00:00,Compounding,"K1 Kettle - 1,892,000 grams (big)",,,,,,,,,,0,0,Grand Total,,,0,0,,,,,
2,Wed,2026-01-07 00:00:00,Compounding,"K1 Kettle - 1,892,000 grams (big)",,,,,,,,,,0,0,Grand Total,,,0,0,,,,,
2,Thu,2026-01-08 00:00:00,Compounding,"K1 Kettle - 1,892,000 grams (big)",No,Non Sterile,7827,54524,,7,965000,965000,GM,0,0,Grand Total,,,0,0,,,"RM 007919 QA, 005701 ETA 12/22, 12/23, 007821 12/23",,
2,Fri,2026-01-09 00:00:00,Compounding,"K1 Kettle - 1,892,000 grams (big)",,,,,,,,,,0,0,Grand Total,,,0,0,,,,,
2,Sat,2026-01-10 00:00:00,Compounding,"K1 Kettle - 1,892,000 grams (big)",,,,,,,,,,0,0,Grand Total,,,0,0,,,,,
2,Sun,2026-01-11 00:00:00,Compounding,"K1 Kettle - 1,892,000 grams (big)",,,,,,,,,,0,0,Grand Total,,,0,0,,,,,
3,Mon,2026-01-12 00:00:00,Compounding,"K1 Kettle - 1,892,000 grams (big)",No,Non Sterile,7755,53350,,7,1560000,1560000,GM,0,0,Grand Total,,,0,0,,,,,
3,Tue,2026-01-13 00:00:00,Compounding,"K1 Kettle - 1,892,000 grams (big)",,,,,,,,,,0,0,Grand Total,,,0,0,,,,,
3,Wed,2026-01-14 00:00:00,Compounding,"K1 Kettle - 1,892,000 grams (big)",No,Non Sterile,5821,54055,,7,1500000,1500000,GM,0,0,Grand Total,,,0,0,,,"RM 005698 ETA 12/5 - TBD, 007226 1/7",,
3,Thu,2026-01-15 00:00:00,Compounding,"K1 Kettle - 1,892,000 grams (big)",,,,,,,,,,0,0,Grand Total,,,0,0,,,,,
3,Fri,2026-01-16 00:00:00,Compounding,"K1 Kettle - 1,892,000 grams (big)",,,,,,,,,,0,0,Grand Total,,,0,0,,,,,
3,Sat,2026-01-17 00:00:00,Compounding,"K1 Kettle - 1,892,000 grams (big)",,,,,,,,,,0,0,Grand Total,,,0,0,,,,,
3,Sun,2026-01-18 00:00:00,Compounding,"K1 Kettle - 1,892,000 grams (big)",,,,,,,,,,0,0,Grand Total,,,0,0,,,,,
4,Mon,2026-01-19 00:00:00,Compounding,"K1 Kettle - 1,892,000 grams (big)",,,,,,,,,,0,0,Grand Total,,,0,0,,,,,
4,Tue,2026-01-20 00:00:00,Compounding,"K1 Kettle - 1,892,000 grams (big)",,,,,,,,,,0,0,Grand Total,,,0,0,,,,,
4,Wed,2026-01-21 00:00:00,Compounding,"K1 Kettle - 1,892,000 grams (big)",,,,PM,,,,,,0,0,Grand Total,,,0,0,,,,,
4,Thu,2026-01-22 00:00:00,Compounding,"K1 Kettle - 1,892,000 grams (big)",,,,,,,,,,0,0,Grand Total,,,0,0,,,,,
4,Fri,2026-01-23 00:00:00,Compounding,"K1 Kettle - 1,892,000 grams (big)",,,,,,,,,,0,0,Grand Total,,,0,0,,,,,
4,Sat,2026-01-24 00:00:00,Compounding,"K1 Kettle - 1,892,000 grams (big)",,,,,,,,,,0,0,Grand Total,,,0,0,,,,,
4,Sun,2026-01-25 00:00:00,Compounding,"K1 Kettle - 1,892,000 grams (big)",,,,,,,,,,0,0,Grand Total,,,0,0,,,,,
5,Mon,2026-01-26 00:00:00,Compounding,"K1 Kettle - 1,892,000 grams (big)",,,,,,,,,,0,0,Grand Total,,,0,0,,,,,
5,Tue,2026-01-27 00:00:00,Compounding,"K1 Kettle - 1,892,000 grams (big)",,,,,,,,,,0,0,Grand Total,,,0,0,,,,,
5,Wed,2026-01-28 00:00:00,Compounding,"K1 Kettle - 1,892,000 grams (big)",,,,,,,,,,0,0,Grand Total,,,0,0,,,,,
5,Thu,2026-01-29 00:00:00,Compounding,"K1 Kettle - 1,892,000 grams (big)",,,,,,,,,,0,0,Grand Total,,,0,0,,,,,
5,Fri,2026-01-30 00:00:00,Compounding,"K1 Kettle - 1,892,000 grams (big)",,,,,,,,,,0,0,Grand Total,,,0,0,,,,,
5,Sat,2026-01-31 00:00:00,Compounding,"K1 Kettle - 1,892,000 grams (big)",,,,,,,,,,0,0,Grand Total,,,0,0,,,,,
5,Sun,2026-02-01 00:00:00,Compounding,"K1 Kettle - 1,892,000 grams (big)",,,,,,,,,,0,0,Grand Total,,,0,0,,,,,
6,Mon,2026-02-02 00:00:00,Compounding,"K1 Kettle - 1,892,000 grams (big)",,,,,,,,,,0,0,Grand Total,,,0,0,,,,,
6,Tue,2026-02-03 00:00:00,Compounding,"K1 Kettle - 1,892,000 grams (big)",,,,,,,,,,0,0,Grand Total,,,0,0,,,,,
6,Wed,2026-02-04 00:00:00,Compounding,"K1 Kettle - 1,892,000 grams (big)",,,,,,,,,,0,0,Grand Total,,,0,0,,,,,
6,Thu,2026-02-05 00:00:00,Compounding,"K1 Kettle - 1,892,000 grams (big)",,,,,,,,,,0,0,Grand Total,,,0,0,,,,,
6,Fri,2026-02-06 00:00:00,Compounding,"K1 Kettle - 1,892,000 grams (big)",,,,,,,,,,0,0,Grand Total,,,0,0,,,,,
6,Sat,2026-02-07 00:00:00,Compounding,"K1 Kettle - 1,892,000 grams (big)",,,,,,,,,,0,0,Grand Total,,,0,0,,,,,
6,Sun,2026-02-08 00:00:00,Compounding,"K1 Kettle - 1,892,000 grams (big)",,,,,,,,,,0,0,Grand Total,,,0,0,,,,,
7,Mon,2026-02-09 00:00:00,Compounding,"K1 Kettle - 1,892,000 grams (big)",,,,,,,,,,0,0,Grand Total,,,0,0,,,,,
7,Tue,2026-02-10 00:00:00,Compounding,"K1 Kettle - 1,892,000 grams (big)",,,,,,,,,,0,0,Grand Total,,,0,0,,,,,
7,Wed,2026-02-11 00:00:00,Compounding,"K1 Kettle - 1,892,000 grams (big)",,,,,,,,,,0,0,Grand Total,,,0,0,,,,,
7,Thu,2026-02-12 00:00:00,Compounding,"K1 Kettle - 1,892,000 grams (big)",No,Non Sterile,7956,54831,,7,1892000,1892000,GM,0,0,Grand Total,,1892000,0,0,,,,,
7,Fri,2026-02-13 00:00:00,Compounding,"K1 Kettle - 1,892,000 grams (big)",No,Non Sterile,7755,53350,,7,1560000,1560000,GM,0,0,Grand Total,,,0,0,,,,,
7,Sat,2026-02-14 00:00:00,Compounding,"K1 Kettle - 1,892,000 grams (big)",,,,,,,,,,0,0,Grand Total,,,0,0,,,,,
7,Sun,2026-02-15 00:00:00,Compounding,"K1 Kettle - 1,892,000 grams (big)",,,,,,,,,,0,0,Grand Total,,,0,0,,,,,
8,Mon,2026-02-16 00:00:00,Compounding,"K1 Kettle - 1,892,000 grams (big)",,,,,,,,,,0,0,Grand Total,,,0,0,,,,,
8,Tue,2026-02-17 00:00:00,Compounding,"K1 Kettle - 1,892,000 grams (big)",,,,,,,,,,0,0,Grand Total,,,0,0,,,,,
8,Wed,2026-02-18 00:00:00,Compounding,"K1 Kettle - 1,892,000 grams (big)",,,,,,,,,,0,0,Grand Total,,,0,0,,,,,
8,Thu,2026-02-19 00:00:00,Compounding,"K1 Kettle - 1,892,000 grams (big)",,,,,,,,,,0,0,Grand Total,,,0,0,,,,,
8,Fri,2026-02-20 00:00:00,Compounding,"K1 Kettle - 1,892,000 grams (big)",,,,,,,,,,0,0,Grand Total,,,0,0,,,,,
8,Sat,2026-02-21 00:00:00,Compounding,"K1 Kettle - 1,892,000 grams (big)",,,,,,,,,,0,0,Grand Total,,,0,0,,,,,
8,Sun,2026-02-22 00:00:00,Compounding,"K1 Kettle - 1,892,000 grams (big)",,,,,,,,,,0,0,Grand Total,,,0,0,,,,,
9,Mon,2026-02-23 00:00:00,Compounding,"K1 Kettle - 1,892,000 grams (big)",,,,,,,,,,0,0,Grand Total,,,0,0,,,,,
9,Tue,2026-02-24 00:00:00,Compounding,"K1 Kettle - 1,892,000 grams (big)",No,Non Sterile,7796,54827,,7,1892000,1892000,GM,0,0,Grand Total,,,0,0,,,,,
9,Wed,2026-02-25 00:00:00,Compounding,"K1 Kettle - 1,892,000 grams (big)",,,,,,,,,,0,0,Grand Total,,,0,0,,,,,
9,Thu,2026-02-26 00:00:00,Compounding,"K1 Kettle - 1,892,000 grams (big)",,,,,,,,,,0,0,Grand Total,,,0,0,,,,,
9,Fri,2026-02-27 00:00:00,Compounding,"K1 Kettle - 1,892,000 grams (big)",,,,,,,,,,0,0,Grand Total,,,0,0,,,,,
9,Sat,2026-02-28 00:00:00,Compounding,"K1 Kettle - 1,892,000 grams (big)",,,,,,,,,,0,0,Grand Total,,,0,0,,,,,
9,Sun,2026-03-01 00:00:00,Compounding,"K1 Kettle - 1,892,000 grams (big)",,,,,,,,,,0,0,Grand Total,,,0,0,,,,,
10,Mon,2026-03-02 00:00:00,Compounding,"K1 Kettle - 1,892,000 grams (big)",,,,,,,,,,0,0,Grand Total,,,0,0,,,,,
10,Tue,2026-03-03 00:00:00,Compounding,"K1 Kettle - 1,892,000 grams (big)",,,,,,,,,,0,0,Grand Total,,,0,0,,,,,
10,Wed,2026-03-04 00:00:00,Compounding,"K1 Kettle - 1,892,000 grams (big)",No,Non Sterile,7937,54825,,7,1892000,1892000,GM,0,0,Grand Total,,,0,0,No ,Material not available,007928 ETA 2/25,,
10,Thu,2026-03-05 00:00:00,Compounding,"K1 Kettle - 1,892,000 grams (big)",,,,,,,,,,0,0,Grand Total,,,0,0,,,,,
10,Fri,2026-03-06 00:00:00,Compounding,"K1 Kettle - 1,892,000 grams (big)",,,,,,,,,,0,0,Grand Total,,,0,0,,,,,
10,Sat,2026-03-07 00:00:00,Compounding,"K1 Kettle - 1,892,000 grams (big)",,,,,,,,,,0,0,Grand Total,,,0,0,,,,,
10,Sun,2026-03-08 00:00:00,Compounding,"K1 Kettle - 1,892,000 grams (big)",,,,,,,,,,0,0,Grand Total,,,0,0,,,,,
11,Mon,2026-03-09 00:00:00,Compounding,"K1 Kettle - 1,892,000 grams (big)",,,,,,,,,,0,0,Grand Total,,,0,0,,,,,
11,Tue,2026-03-10 00:00:00,Compounding,"K1 Kettle - 1,892,000 grams (big)",,,,,,,,,,0,0,Grand Total,,,0,0,,,,,
11,Wed,2026-03-11 00:00:00,Compounding,"K1 Kettle - 1,892,000 grams (big)",,,,,,,,,,0,0,Grand Total,,,0,0,,,,,
11,Thu,2026-03-12 00:00:00,Compounding,"K1 Kettle - 1,892,000 grams (big)",,,,,,,,,,0,0,Grand Total,,,0,0,,,,,
11,Fri,2026-03-13 00:00:00,Compounding,"K1 Kettle - 1,892,000 grams (big)",,,,,,,,,,0,0,Grand Total,,,0,0,,,,,
11,Sat,2026-03-14 00:00:00,Compounding,"K1 Kettle - 1,892,000 grams (big)",,,,,,,,,,0,0,Grand Total,,,0,0,,,,,
11,Sun,2026-03-15 00:00:00,Compounding,"K1 Kettle - 1,892,000 grams (big)",,,,,,,,,,0,0,Grand Total,,,0,0,,,,,
12,Mon,2026-03-16 00:00:00,Compounding,"K1 Kettle - 1,892,000 grams (big)",,,,,,,,,,0,0,Grand Total,,,0,0,,,,,
12,Tue,2026-03-17 00:00:00,Compounding,"K1 Kettle - 1,892,000 grams (big)",,,,,,,,,,0,0,Grand Total,,,0,0,,,,,
12,Wed,2026-03-18 00:00:00,Compounding,"K1 Kettle - 1,892,000 grams (big)",,,,,,,,,,0,0,Grand Total,,,0,0,,,,,
12,Thu,2026-03-19 00:00:00,Compounding,"K1 Kettle - 1,892,000 grams (big)",,,,,,,,,,0,0,Grand Total,,,0,0,,,,,
12,Fri,2026-03-20 00:00:00,Compounding,"K1 Kettle - 1,892,000 grams (big)",,,,,,,,,,0,0,Grand Total,,,0,0,,,,,
12,Sat,2026-03-21 00:00:00,Compounding,"K1 Kettle - 1,892,000 grams (big)",,,,,,,,,,0,0,Grand Total,,,0,0,,,,,
12,Sun,2026-03-22 00:00:00,Compounding,"K1 Kettle - 1,892,000 grams (big)",,,,,,,,,,0,0,Grand Total,,,0,0,,,,,
13,Mon,2026-03-23 00:00:00,Compounding,"K1 Kettle - 1,892,000 grams (big)",,,,,,,,,,0,0,Grand Total,,,0,0,,,,,
13,Tue,2026-03-24 00:00:00,Compounding,"K1 Kettle - 1,892,000 grams (big)",,,,,,,,,,0,0,Grand Total,,,0,0,,,,,
13,Wed,2026-03-25 00:00:00,Compounding,"K1 Kettle - 1,892,000 grams (big)",,,,,,,,,,0,0,Grand Total,,,0,0,,,,,
13,Thu,2026-03-26 00:00:00,Compounding,"K1 Kettle - 1,892,000 grams (big)",,,,,,,,,,0,0,Grand Total,,,0,0,,,,,
13,Fri,2026-03-27 00:00:00,Compounding,"K1 Kettle - 1,892,000 grams (big)",,,,,,,,,,0,0,Grand Total,,,0,0,,,,,
13,Sat,2026-03-28 00:00:00,Compounding,"K1 Kettle - 1,892,000 grams (big)",,,,,,,,,,0,0,Grand Total,,,0,0,,,,,
13,Sun,2026-03-29 00:00:00,Compounding,"K1 Kettle - 1,892,000 grams (big)",,,,,,,,,,0,0,Grand Total,,,0,0,,,,,
14,Mon,2026-03-30 00:00:00,Compounding,"K1 Kettle - 1,892,000 grams (big)",,,,,,,,,,0,0,Grand Total,,,0,0,,,,,
14,Tue,2026-03-31 00:00:00,Compounding,"K1 Kettle - 1,892,000 grams (big)",,,,,,,,,,0,0,Grand Total,,,0,0,,,,,
14,Wed,2026-04-01 00:00:00,Compounding,"K1 Kettle - 1,892,000 grams (big)",,,,,,,,,,0,0,Grand Total,,,0,0,,,,,
14,Thu,2026-04-02 00:00:00,Compounding,"K1 Kettle - 1,892,000 grams (big)",,,,,,,,,,0,0,Grand Total,,,0,0,,,,,
14,Fri,2026-04-03 00:00:00,Compounding,"K1 Kettle - 1,892,000 grams (big)",,,,,,,,,,0,0,Grand Total,,,0,0,,,,,
14,Sat,2026-04-04 00:00:00,Compounding,"K1 Kettle - 1,892,000 grams (big)",,,,,,,,,,0,0,Grand Total,,,0,0,,,,,
14,Sun,2026-04-05 00:00:00,Compounding,"K1 Kettle - 1,892,000 grams (big)",,,,,,,,,,0,0,Grand Total,,,0,0,,,,,
15,Mon,2026-04-06 00:00:00,Compounding,"K1 Kettle - 1,892,000 grams (big)",,,,,,,,,,0,0,Grand Total,,,0,0,,,,,
15,Tue,2026-04-07 00:00:00,Compounding,"K1 Kettle - 1,892,000 grams (big)",,,,,,,,,,0,0,Grand Total,,,0,0,,,,,
15,Wed,2026-04-08 00:00:00,Compounding,"K1 Kettle - 1,892,000 grams (big)",,,,,,,,,,0,0,Grand Total,,,0,0,,,,,
15,Thu,2026-04-09 00:00:00,Compounding,"K1 Kettle - 1,892,000 grams (big)",,,,,,,,,,0,0,Grand Total,,,0,0,,,,,
15,Fri,2026-04-10 00:00:00,Compounding,"K1 Kettle - 1,892,000 grams (big)",,,,,,,,,,0,0,Grand Total,,,0,0,,,,,
15,Sat,2026-04-11 00:00:00,Compounding,"K1 Kettle - 1,892,000 grams (big)",,,,,,,,,,0,0,Grand Total,,,0,0,,,,,
15,Sun,2026-04-12 00:00:00,Compounding,"K1 Kettle - 1,892,000 grams (big)",,,,,,,,,,0,0,Grand Total,,,0,0,,,,,
16,Mon,2026-04-13 00:00:00,Compounding,"K1 Kettle - 1,892,000 grams (big)",,,,,,,,,,0,0,Grand Total,,,0,0,,,,,
16,Tue,2026-04-14 00:00:00,Compounding,"K1 Kettle - 1,892,000 grams (big)",,,,,,,,,,0,0,Grand Total,,,0,0,,,,,
16,Wed,2026-04-15 00:00:00,Compounding,"K1 Kettle - 1,892,000 grams (big)",,,,,,,,,,0,0,Grand Total,,,0,0,,,,,
16,Thu,2026-04-16 00:00:00,Compounding,"K1 Kettle - 1,892,000 grams (big)",,,,,,,,,,0,0,Grand Total,,,0,0,,,,,
16,Fri,2026-04-17 00:00:00,Compounding,"K1 Kettle - 1,892,000 grams (big)",,,,,,,,,,0,0,Grand Total,,,0,0,,,,,
16,Sat,2026-04-18 00:00:00,Compounding,"K1 Kettle - 1,892,000 grams (big)",,,,,,,,,,0,0,Grand Total,,,0,0,,,,,
16,Sun,2026-04-19 00:00:00,Compounding,"K1 Kettle - 1,892,000 grams (big)",,,,,,,,,,0,0,Grand Total,,,0,0,,,,,
17,Mon,2026-04-20 00:00:00,Compounding,"K1 Kettle - 1,892,000 grams (big)",,,,,,,,,,0,0,Grand Total,,,0,0,,,,,
17,Tue,2026-04-21 00:00:00,Compounding,"K1 Kettle - 1,892,000 grams (big)",,,,,,,,,,0,0,Grand Total,,,0,0,,,,,
17,Wed,2026-04-22 00:00:00,Compounding,"K1 Kettle - 1,892,000 grams (big)",,,,,,,,,,0,0,Grand Total,,,0,0,,,,,
17,Thu,2026-04-23 00:00:00,Compounding,"K1 Kettle - 1,892,000 grams (big)",,,,,,,,,,0,0,Grand Total,,,0,0,,,,,
17,Fri,2026-04-24 00:00:00,Compounding,"K1 Kettle - 1,892,000 grams (big)",,,,,,,,,,0,0,Grand Total,,,0,0,,,,,
17,Sat,2026-04-25 00:00:00,Compounding,"K1 Kettle - 1,892,000 grams (big)",,,,,,,,,,0,0,Grand Total,,,0,0,,,,,
17,Sun,2026-04-26 00:00:00,Compounding,"K1 Kettle - 1,892,000 grams (big)",,,,,,,,,,0,0,Grand Total,,,0,0,,,,,
18,Mon,2026-04-27 00:00:00,Compounding,"K1 Kettle - 1,892,000 grams (big)",,,,,,,,,,0,0,Grand Total,,,0,0,,,,,
18,Tue,2026-04-28 00:00:00,Compounding,"K1 Kettle - 1,892,000 grams (big)",,,,,,,,,,0,0,Grand Total,,,0,0,,,,,
18,Wed,2026-04-29 00:00:00,Compounding,"K1 Kettle - 1,892,000 grams (big)",,,,,,,,,,0,0,Grand Total,,,0,0,,,,,
18,Thu,2026-04-30 00:00:00,Compounding,"K1 Kettle - 1,892,000 grams (big)",,,,,,,,,,0,0,Grand Total,,,0,0,,,,,
18,Fri,2026-05-01 00:00:00,Compounding,"K1 Kettle - 1,892,000 grams (big)",,,,,,,,,,0,0,Grand Total,,,0,0,,,,,
18,Sat,2026-05-02 00:00:00,Compounding,"K1 Kettle - 1,892,000 grams (big)",,,,,,,,,,0,0,Grand Total,,,0,0,,,,,
18,Sun,2026-05-03 00:00:00,Compounding,"K1 Kettle - 1,892,000 grams (big)",,,,,,,,,,0,0,Grand Total,,,0,0,,,,,
19,Mon,2026-05-04 00:00:00,Compounding,"K1 Kettle - 1,892,000 grams (big)",,,,,,,,,,0,0,Grand Total,,,0,0,,,,,
19,Tue,2026-05-05 00:00:00,Compounding,"K1 Kettle - 1,892,000 grams (big)",,,,,,,,,,0,0,Grand Total,,,0,0,,,,,
19,Wed,2026-05-06 00:00:00,Compounding,"K1 Kettle - 1,892,000 grams (big)",,,,,,,,,,0,0,Grand Total,,,0,0,,,,,
19,Thu,2026-05-07 00:00:00,Compounding,"K1 Kettle - 1,892,000 grams (big)",,,,,,,,,,0,0,Grand Total,,,0,0,,,,,
19,Fri,2026-05-08 00:00:00,Compounding,"K1 Kettle - 1,892,000 grams (big)",,,,,,,,,,0,0,Grand Total,,,0,0,,,,,
19,Sat,2026-05-09 00:00:00,Compounding,"K1 Kettle - 1,892,000 grams (big)",,,,,,,,,,0,0,Grand Total,,,0,0,,,,,
19,Sun,2026-05-10 00:00:00,Compounding,"K1 Kettle - 1,892,000 grams (big)",,,,,,,,,,0,0,Grand Total,,,0,0,,,,,
20,Mon,2026-05-11 00:00:00,Compounding,"K1 Kettle - 1,892,000 grams (big)",,,,,,,,,,0,0,Grand Total,,,0,0,,,,,
20,Tue,2026-05-12 00:00:00,Compounding,"K1 Kettle - 1,892,000 grams (big)",,,,,,,,,,0,0,Grand Total,,,0,0,,,,,
20,Wed,2026-05-13 00:00:00,Compounding,"K1 Kettle - 1,892,000 grams (big)",,,,,,,,,,0,0,Grand Total,,,0,0,,,,,
20,Thu,2026-05-14 00:00:00,Compounding,"K1 Kettle - 1,892,000 grams (big)",,,,,,,,,,0,0,Grand Total,,,0,0,,,,,
20,Fri,2026-05-15 00:00:00,Compounding,"K1 Kettle - 1,892,000 grams (big)",,,,,,,,,,0,0,Grand Total,,,0,0,,,,,
20,Sat,2026-05-16 00:00:00,Compounding,"K1 Kettle - 1,892,000 grams (big)",,,,,,,,,,0,0,Grand Total,,,0,0,,,,,
20,Sun,2026-05-17 00:00:00,Compounding,"K1 Kettle - 1,892,000 grams (big)",,,,,,,,,,0,0,Grand Total,,,0,0,,,,,
21,Mon,2026-05-18 00:00:00,Compounding,"K1 Kettle - 1,892,000 grams (big)",,,,,,,,,,0,0,Grand Total,,,0,0,,,,,
21,Tue,2026-05-19 00:00:00,Compounding,"K1 Kettle - 1,892,000 grams (big)",,,,,,,,,,0,0,Grand Total,,,0,0,,,,,
21,Wed,2026-05-20 00:00:00,Compounding,"K1 Kettle - 1,892,000 grams (big)",,,,,,,,,,0,0,Grand Total,,,0,0,,,,,
21,Thu,2026-05-21 00:00:00,Compounding,"K1 Kettle - 1,892,000 grams (big)",,,,,,,,,,0,0,Grand Total,,,0,0,,,,,
21,Fri,2026-05-22 00:00:00,Compounding,"K1 Kettle - 1,892,000 grams (big)",,,,,,,,,,0,0,Grand Total,,,0,0,,,,,
21,Sat,2026-05-23 00:00:00,Compounding,"K1 Kettle - 1,892,000 grams (big)",,,,,,,,,,0,0,Grand Total,,,0,0,,,,,
21,Sun,2026-05-24 00:00:00,Compounding,"K1 Kettle - 1,892,000 grams (big)",,,,,,,,,,0,0,Grand Total,,,0,0,,,,,
22,Mon,2026-05-25 00:00:00,Compounding,"K1 Kettle - 1,892,000 grams (big)",,,,,,,,,,0,0,Grand Total,,,0,0,,,,,
22,Tue,2026-05-26 00:00:00,Compounding,"K1 Kettle - 1,892,000 grams (big)",,,,,,,,,,0,0,Grand Total,,,0,0,,,,,
22,Wed,2026-05-27 00:00:00,Compounding,"K1 Kettle - 1,892,000 grams (big)",,,,,,,,,,0,0,Grand Total,,,0,0,,,,,
22,Thu,2026-05-28 00:00:00,Compounding,"K1 Kettle - 1,892,000 grams (big)",,,,,,,,,,0,0,Grand Total,,,0,0,,,,,
22,Fri,2026-05-29 00:00:00,Compounding,"K1 Kettle - 1,892,000 grams (big)",,,,,,,,,,0,0,Grand Total,,,0,0,,,,,
22,Sat,2026-05-30 00:00:00,Compounding,"K1 Kettle - 1,892,000 grams (big)",,,,,,,,,,0,0,Grand Total,,,0,0,,,,,
22,Sun,2026-05-31 00:00:00,Compounding,"K1 Kettle - 1,892,000 grams (big)",,,,,,,,,,0,0,Grand Total,,,0,0,,,,,
23,Mon,2026-06-01 00:00:00,Compounding,"K1 Kettle - 1,892,000 grams (big)",,,,,,,,,,0,0,Grand Total,,,0,0,,,,,
23,Tue,2026-06-02 00:00:00,Compounding,"K1 Kettle - 1,892,000 grams (big)",,,,,,,,,,0,0,Grand Total,,,0,0,,,,,
23,Wed,2026-06-03 00:00:00,Compounding,"K1 Kettle - 1,892,000 grams (big)",,,,,,,,,,0,0,Grand Total,,,0,0,,,,,
23,Thu,2026-06-04 00:00:00,Compounding,"K1 Kettle - 1,892,000 grams (big)",,,,,,,,,,0,0,Grand Total,,,0,0,,,,,
23,Fri,2026-06-05 00:00:00,Compounding,"K1 Kettle - 1,892,000 grams (big)",,,,,,,,,,0,0,Grand Total,,,0,0,,,,,
23,Sat,2026-06-06 00:00:00,Compounding,"K1 Kettle - 1,892,000 grams (big)",,,,,,,,,,0,0,Grand Total,,,0,0,,,,,
23,Sun,2026-06-07 00:00:00,Compounding,"K1 Kettle - 1,892,000 grams (big)",,,,,,,,,,0,0,Grand Total,,,0,0,,,,,
24,Mon,2026-06-08 00:00:00,Compounding,"K1 Kettle - 1,892,000 grams (big)",,,,,,,,,,0,0,Grand Total,,,0,0,,,,,
24,Tue,2026-06-09 00:00:00,Compounding,"K1 Kettle - 1,892,000 grams (big)",,,,,,,,,,0,0,Grand Total,,,0,0,,,,,
24,Wed,2026-06-10 00:00:00,Compounding,"K1 Kettle - 1,892,000 grams (big)",,,,,,,,,,0,0,Grand Total,,,0,0,,,,,
24,Thu,2026-06-11 00:00:00,Compounding,"K1 Kettle - 1,892,000 grams (big)",,,,,,,,,,0,0,Grand Total,,,0,0,,,,,
24,Fri,2026-06-12 00:00:00,Compounding,"K1 Kettle - 1,892,000 grams (big)",,,,,,,,,,0,0,Grand Total,,,0,0,,,,,
24,Sat,2026-06-13 00:00:00,Compounding,"K1 Kettle - 1,892,000 grams (big)",,,,,,,,,,0,0,Grand Total,,,0,0,,,,,
24,Sun,2026-06-14 00:00:00,Compounding,"K1 Kettle - 1,892,000 grams (big)",,,,,,,,,,0,0,Grand Total,,,0,0,,,,,
25,Mon,2026-06-15 00:00:00,Compounding,"K1 Kettle - 1,892,000 grams (big)",,,,,,,,,,0,0,Grand Total,,,0,0,,,,,
25,Tue,2026-06-16 00:00:00,Compounding,"K1 Kettle - 1,892,000 grams (big)",,,,,,,,,,0,0,Grand Total,,,0,0,,,,,
25,Wed,2026-06-17 00:00:00,Compounding,"K1 Kettle - 1,892,000 grams (big)",,,,,,,,,,0,0,Grand Total,,,0,0,,,,,
25,Thu,2026-06-18 00:00:00,Compounding,"K1 Kettle - 1,892,000 grams (big)",,,,,,,,,,0,0,Grand Total,,,0,0,,,,,
25,Fri,2026-06-19 00:00:00,Compounding,"K1 Kettle - 1,892,000 grams (big)",,,,,,,,,,0,0,Grand Total,,,0,0,,,,,
25,Sat,2026-06-20 00:00:00,Compounding,"K1 Kettle - 1,892,000 grams (big)",,,,,,,,,,0,0,Grand Total,,,0,0,,,,,
25,Sun,2026-06-21 00:00:00,Compounding,"K1 Kettle - 1,892,000 grams (big)",,,,,,,,,,0,0,Grand Total,,,0,0,,,,,
26,Mon,2026-06-22 00:00:00,Compounding,"K1 Kettle - 1,892,000 grams (big)",,,,,,,,,,0,0,Grand Total,,,0,0,,,,,
26,Tue,2026-06-23 00:00:00,Compounding,"K1 Kettle - 1,892,000 grams (big)",,,,,,,,,,0,0,Grand Total,,,0,0,,,,,
26,Wed,2026-06-24 00:00:00,Compounding,"K1 Kettle - 1,892,000 grams (big)",,,,,,,,,,0,0,Grand Total,,,0,0,,,,,
26,Thu,2026-06-25 00:00:00,Compounding,"K1 Kettle - 1,892,000 grams (big)",,,,,,,,,,0,0,Grand Total,,,0,0,,,,,
26,Fri,2026-06-26 00:00:00,Compounding,"K1 Kettle - 1,892,000 grams (big)",,,,,,,,,,0,0,Grand Total,,,0,0,,,,,
26,Sat,2026-06-27 00:00:00,Compounding,"K1 Kettle - 1,892,000 grams (big)",,,,,,,,,,0,0,Grand Total,,,0,0,,,,,
26,Sun,2026-06-28 00:00:00,Compounding,"K1 Kettle - 1,892,000 grams (big)",,,,,,,,,,0,0,Grand Total,,,0,0,,,,,
27,Mon,2026-06-29 00:00:00,Compounding,"K1 Kettle - 1,892,000 grams (big)",,,,,,,,,,0,0,Grand Total,,,0,0,,,,,
27,Tue,2026-06-30 00:00:00,Compounding,"K1 Kettle - 1,892,000 grams (big)",,,,,,,,,,0,0,Grand Total,,,0,0,,,,,
27,Wed,2026-07-01 00:00:00,Compounding,"K1 Kettle - 1,892,000 grams (big)",,,,,,,,,,0,0,Grand Total,,,0,0,,,,,
27,Thu,2026-07-02 00:00:00,Compounding,"K1 Kettle - 1,892,000 grams (big)",,,,,,,,,,0,0,Grand Total,,,0,0,,,,,
27,Fri,2026-07-03 00:00:00,Compounding,"K1 Kettle - 1,892,000 grams (big)",,,,,,,,,,0,0,Grand Total,,,0,0,,,,,
27,Sat,2026-07-04 00:00:00,Compounding,"K1 Kettle - 1,892,000 grams (big)",,,,,,,,,,0,0,Grand Total,,,0,0,,,,,
27,Sun,2026-07-05 00:00:00,Compounding,"K1 Kettle - 1,892,000 grams (big)",,,,,,,,,,0,0,Grand Total,,,0,0,,,,,
28,Mon,2026-07-06 00:00:00,Compounding,"K1 Kettle - 1,892,000 grams (big)",,,,,,,,,,0,0,Grand Total,,,0,0,,,,,
28,Tue,2026-07-07 00:00:00,Compounding,"K1 Kettle - 1,892,000 grams (big)",,,,,,,,,,0,0,Grand Total,,,0,0,,,,,
28,Wed,2026-07-08 00:00:00,Compounding,"K1 Kettle - 1,892,000 grams (big)",,,,,,,,,,0,0,Grand Total,,,0,0,,,,,
28,Thu,2026-07-09 00:00:00,Compounding,"K1 Kettle - 1,892,000 grams (big)",,,,,,,,,,0,0,Grand Total,,,0,0,,,,,
28,Fri,2026-07-10 00:00:00,Compounding,"K1 Kettle - 1,892,000 grams (big)",,,,,,,,,,0,0,Grand Total,,,0,0,,,,,
28,Sat,2026-07-11 00:00:00,Compounding,"K1 Kettle - 1,892,000 grams (big)",,,,,,,,,,0,0,Grand Total,,,0,0,,,,,
28,Sun,2026-07-12 00:00:00,Compounding,"K1 Kettle - 1,892,000 grams (big)",,,,,,,,,,0,0,Grand Total,,,0,0,,,,,
29,Mon,2026-07-13 00:00:00,Compounding,"K1 Kettle - 1,892,000 grams (big)",,,,,,,,,,0,0,Grand Total,,,0,0,,,,,
29,Tue,2026-07-14 00:00:00,Compounding,"K1 Kettle - 1,892,000 grams (big)",,,,,,,,,,0,0,Grand Total,,,0,0,,,,,
29,Wed,2026-07-15 00:00:00,Compounding,"K1 Kettle - 1,892,000 grams (big)",,,,,,,,,,0,0,Grand Total,,,0,0,,,,,
29,Thu,2026-07-16 00:00:00,Compounding,"K1 Kettle - 1,892,000 grams (big)",,,,,,,,,,0,0,Grand Total,,,0,0,,,,,
29,Fri,2026-07-17 00:00:00,Compounding,"K1 Kettle - 1,892,000 grams (big)",,,,,,,,,,0,0,Grand Total,,,0,0,,,,,
29,Sat,2026-07-18 00:00:00,Compounding,"K1 Kettle - 1,892,000 grams (big)",,,,,,,,,,0,0,Grand Total,,,0,0,,,,,
29,Sun,2026-07-19 00:00:00,Compounding,"K1 Kettle - 1,892,000 grams (big)",,,,,,,,,,0,0,Grand Total,,,0,0,,,,,
30,Mon,2026-07-20 00:00:00,Compounding,"K1 Kettle - 1,892,000 grams (big)",,,,,,,,,,0,0,Grand Total,,,0,0,,,,,
30,Tue,2026-07-21 00:00:00,Compounding,"K1 Kettle - 1,892,000 grams (big)",,,,,,,,,,0,0,Grand Total,,,0,0,,,,,
30,Wed,2026-07-22 00:00:00,Compounding,"K1 Kettle - 1,892,000 grams (big)",,,,,,,,,,0,0,Grand Total,,,0,0,,,,,
30,Thu,2026-07-23 00:00:00,Compounding,"K1 Kettle - 1,892,000 grams (big)",,,,,,,,,,0,0,Grand Total,,,0,0,,,,,
30,Fri,2026-07-24 00:00:00,Compounding,"K1 Kettle - 1,892,000 grams (big)",,,,,,,,,,0,0,Grand Total,,,0,0,,,,,
30,Sat,2026-07-25 00:00:00,Compounding,"K1 Kettle - 1,892,000 grams (big)",,,,,,,,,,0,0,Grand Total,,,0,0,,,,,
30,Sun,2026-07-26 00:00:00,Compounding,"K1 Kettle - 1,892,000 grams (big)",,,,,,,,,,0,0,Grand Total,,,0,0,,,,,
31,Mon,2026-07-27 00:00:00,Compounding,"K1 Kettle - 1,892,000 grams (big)",,,,,,,,,,0,0,Grand Total,,,0,0,,,,,
31,Tue,2026-07-28 00:00:00,Compounding,"K1 Kettle - 1,892,000 grams (big)",,,,,,,,,,0,0,Grand Total,,,0,0,,,,,
31,Wed,2026-07-29 00:00:00,Compounding,"K1 Kettle - 1,892,000 grams (big)",,,,,,,,,,0,0,Grand Total,,,0,0,,,,,
31,Thu,2026-07-30 00:00:00,Compounding,"K1 Kettle - 1,892,000 grams (big)",,,,,,,,,,0,0,Grand Total,,,0,0,,,,,
31,Fri,2026-07-31 00:00:00,Compounding,"K1 Kettle - 1,892,000 grams (big)",,,,,,,,,,0,0,Grand Total,,,0,0,,,,,
31,Sat,2026-08-01 00:00:00,Compounding,"K1 Kettle - 1,892,000 grams (big)",,,,,,,,,,0,0,Grand Total,,,0,0,,,,,
31,Sun,2026-08-02 00:00:00,Compounding,"K1 Kettle - 1,892,000 grams (big)",,,,,,,,,,0,0,Grand Total,,,0,0,,,,,
32,Mon,2026-08-03 00:00:00,Compounding,"K1 Kettle - 1,892,000 grams (big)",,,,,,,,,,0,0,Grand Total,,,0,0,,,,,
32,Tue,2026-08-04 00:00:00,Compounding,"K1 Kettle - 1,892,000 grams (big)",,,,,,,,,,0,0,Grand Total,,,0,0,,,,,
32,Wed,2026-08-05 00:00:00,Compounding,"K1 Kettle - 1,892,000 grams (big)",,,,,,,,,,0,0,Grand Total,,,0,0,,,,,
32,Thu,2026-08-06 00:00:00,Compounding,"K1 Kettle - 1,892,000 grams (big)",,,,,,,,,,0,0,Grand Total,,,0,0,,,,,
32,Fri,2026-08-07 00:00:00,Compounding,"K1 Kettle - 1,892,000 grams (big)",,,,,,,,,,0,0,Grand Total,,,0,0,,,,,
32,Sat,2026-08-08 00:00:00,Compounding,"K1 Kettle - 1,892,000 grams (big)",,,,,,,,,,0,0,Grand Total,,,0,0,,,,,
32,Sun,2026-08-09 00:00:00,Compounding,"K1 Kettle - 1,892,000 grams (big)",,,,,,,,,,0,0,Grand Total,,,0,0,,,,,
33,Mon,2026-08-10 00:00:00,Compounding,"K1 Kettle - 1,892,000 grams (big)",,,,,,,,,,0,0,Grand Total,,,0,0,,,,,
33,Tue,2026-08-11 00:00:00,Compounding,"K1 Kettle - 1,892,000 grams (big)",,,,,,,,,,0,0,Grand Total,,,0,0,,,,,
33,Wed,2026-08-12 00:00:00,Compounding,"K1 Kettle - 1,892,000 grams (big)",,,,,,,,,,0,0,Grand Total,,,0,0,,,,,
33,Thu,2026-08-13 00:00:00,Compounding,"K1 Kettle - 1,892,000 grams (big)",,,,,,,,,,0,0,Grand Total,,,0,0,,,,,
33,Fri,2026-08-14 00:00:00,Compounding,"K1 Kettle - 1,892,000 grams (big)",,,,,,,,,,0,0,Grand Total,,,0,0,,,,,
33,Sat,2026-08-15 00:00:00,Compounding,"K1 Kettle - 1,892,000 grams (big)",,,,,,,,,,0,0,Grand Total,,,0,0,,,,,
33,Sun,2026-08-16 00:00:00,Compounding,"K1 Kettle - 1,892,000 grams (big)",,,,,,,,,,0,0,Grand Total,,,0,0,,,,,
34,Mon,2026-08-17 00:00:00,Compounding,"K1 Kettle - 1,892,000 grams (big)",,,,,,,,,,0,0,Grand Total,,,0,0,,,,,
34,Tue,2026-08-18 00:00:00,Compounding,"K1 Kettle - 1,892,000 grams (big)",,,,,,,,,,0,0,Grand Total,,,0,0,,,,,
34,Wed,2026-08-19 00:00:00,Compounding,"K1 Kettle - 1,892,000 grams (big)",,,,,,,,,,0,0,Grand Total,,,0,0,,,,,
34,Thu,2026-08-20 00:00:00,Compounding,"K1 Kettle - 1,892,000 grams (big)",,,,,,,,,,0,0,Grand Total,,,0,0,,,,,
34,Fri,2026-08-21 00:00:00,Compounding,"K1 Kettle - 1,892,000 grams (big)",,,,,,,,,,0,0,Grand Total,,,0,0,,,,,
34,Sat,2026-08-22 00:00:00,Compounding,"K1 Kettle - 1,892,000 grams (big)",,,,,,,,,,0,0,Grand Total,,,0,0,,,,,
34,Sun,2026-08-23 00:00:00,Compounding,"K1 Kettle - 1,892,000 grams (big)",,,,,,,,,,0,0,Grand Total,,,0,0,,,,,
35,Mon,2026-08-24 00:00:00,Compounding,"K1 Kettle - 1,892,000 grams (big)",,,,,,,,,,0,0,Grand Total,,,0,0,,,,,
35,Tue,2026-08-25 00:00:00,Compounding,"K1 Kettle - 1,892,000 grams (big)",,,,,,,,,,0,0,Grand Total,,,0,0,,,,,
35,Wed,2026-08-26 00:00:00,Compounding,"K1 Kettle - 1,892,000 grams (big)",,,,,,,,,,0,0,Grand Total,,,0,0,,,,,
35,Thu,2026-08-27 00:00:00,Compounding,"K1 Kettle - 1,892,000 grams (big)",,,,,,,,,,0,0,Grand Total,,,0,0,,,,,
35,Fri,2026-08-28 00:00:00,Compounding,"K1 Kettle - 1,892,000 grams (big)",,,,,,,,,,0,0,Grand Total,,,0,0,,,,,
35,Sat,2026-08-29 00:00:00,Compounding,"K1 Kettle - 1,892,000 grams (big)",,,,,,,,,,0,0,Grand Total,,,0,0,,,,,
35,Sun,2026-08-30 00:00:00,Compounding,"K1 Kettle - 1,892,000 grams (big)",,,,,,,,,,0,0,Grand Total,,,0,0,,,,,
36,Mon,2026-08-31 00:00:00,Compounding,"K1 Kettle - 1,892,000 grams (big)",,,,,,,,,,0,0,Grand Total,,,0,0,,,,,
36,Tue,2026-09-01 00:00:00,Compounding,"K1 Kettle - 1,892,000 grams (big)",,,,,,,,,,0,0,Grand Total,,,0,0,,,,,
36,Wed,2026-09-02 00:00:00,Compounding,"K1 Kettle - 1,892,000 grams (big)",,,,,,,,,,0,0,Grand Total,,,0,0,,,,,
36,Thu,2026-09-03 00:00:00,Compounding,"K1 Kettle - 1,892,000 grams (big)",,,,,,,,,,0,0,Grand Total,,,0,0,,,,,
36,Fri,2026-09-04 00:00:00,Compounding,"K1 Kettle - 1,892,000 grams (big)",,,,,,,,,,0,0,Grand Total,,,0,0,,,,,
36,Sat,2026-09-05 00:00:00,Compounding,"K1 Kettle - 1,892,000 grams (big)",,,,,,,,,,0,0,Grand Total,,,0,0,,,,,
36,Sun,2026-09-06 00:00:00,Compounding,"K1 Kettle - 1,892,000 grams (big)",,,,,,,,,,0,0,Grand Total,,,0,0,,,,,
37,Mon,2026-09-07 00:00:00,Compounding,"K1 Kettle - 1,892,000 grams (big)",,,,,,,,,,0,0,Grand Total,,,0,0,,,,,
37,Tue,2026-09-08 00:00:00,Compounding,"K1 Kettle - 1,892,000 grams (big)",,,,,,,,,,0,0,Grand Total,,,0,0,,,,,
37,Wed,2026-09-09 00:00:00,Compounding,"K1 Kettle - 1,892,000 grams (big)",,,,,,,,,,0,0,Grand Total,,,0,0,,,,,
37,Thu,2026-09-10 00:00:00,Compounding,"K1 Kettle - 1,892,000 grams (big)",,,,,,,,,,0,0,Grand Total,,,0,0,,,,,
37,Fri,2026-09-11 00:00:00,Compounding,"K1 Kettle - 1,892,000 grams (big)",,,,,,,,,,0,0,Grand Total,,,0,0,,,,,
37,Sat,2026-09-12 00:00:00,Compounding,"K1 Kettle - 1,892,000 grams (big)",,,,,,,,,,0,0,Grand Total,,,0,0,,,,,
37,Sun,2026-09-13 00:00:00,Compounding,"K1 Kettle - 1,892,000 grams (big)",,,,,,,,,,0,0,Grand Total,,,0,0,,,,,
38,Mon,2026-09-14 00:00:00,Compounding,"K1 Kettle - 1,892,000 grams (big)",,,,,,,,,,0,0,Grand Total,,,0,0,,,,,
38,Tue,2026-09-15 00:00:00,Compounding,"K1 Kettle - 1,892,000 grams (big)",,,,,,,,,,0,0,Grand Total,,,0,0,,,,,
38,Wed,2026-09-16 00:00:00,Compounding,"K1 Kettle - 1,892,000 grams (big)",,,,,,,,,,0,0,Grand Total,,,0,0,,,,,
38,Thu,2026-09-17 00:00:00,Compounding,"K1 Kettle - 1,892,000 grams (big)",,,,,,,,,,0,0,Grand Total,,,0,0,,,,,
38,Fri,2026-09-18 00:00:00,Compounding,"K1 Kettle - 1,892,000 grams (big)",,,,,,,,,,0,0,Grand Total,,,0,0,,,,,
38,Sat,2026-09-19 00:00:00,Compounding,"K1 Kettle - 1,892,000 grams (big)",,,,,,,,,,0,0,Grand Total,,,0,0,,,,,
38,Sun,2026-09-20 00:00:00,Compounding,"K1 Kettle - 1,892,000 grams (big)",,,,,,,,,,0,0,Grand Total,,,0,0,,,,,
39,Mon,2026-09-21 00:00:00,Compounding,"K1 Kettle - 1,892,000 grams (big)",,,,,,,,,,0,0,Grand Total,,,0,0,,,,,
39,Tue,2026-09-22 00:00:00,Compounding,"K1 Kettle - 1,892,000 grams (big)",,,,,,,,,,0,0,Grand Total,,,0,0,,,,,
39,Thu,2026-09-24 00:00:00,Compounding,"K1 Kettle - 1,892,000 grams (big)",,,,,,,,,,0,0,Grand Total,,,0,0,,,,,
39,Fri,2026-09-25 00:00:00,Compounding,"K1 Kettle - 1,892,000 grams (big)",,,,,,,,,,0,0,Grand Total,,,0,0,,,,,
39,Sat,2026-09-26 00:00:00,Compounding,"K1 Kettle - 1,892,000 grams (big)",,,,,,,,,,0,0,Grand Total,,,0,0,,,,,
39,Sun,2026-09-27 00:00:00,Compounding,"K1 Kettle - 1,892,000 grams (big)",,,,,,,,,,0,0,Grand Total,,,0,0,,,,,
40,Mon,2026-09-28 00:00:00,Compounding,"K1 Kettle - 1,892,000 grams (big)",,,,,,,,,,0,0,Grand Total,,,0,0,,,,,
40,Tue,2026-09-29 00:00:00,Compounding,"K1 Kettle - 1,892,000 grams (big)",,,,,,,,,,0,0,Grand Total,,,0,0,,,,,
40,Wed,2026-09-30 00:00:00,Compounding,"K1 Kettle - 1,892,000 grams (big)",,,,,,,,,,0,0,Grand Total,,,0,0,,,,,
40,Thu,2026-10-01 00:00:00,Compounding,"K1 Kettle - 1,892,000 grams (big)",,,,,,,,,,0,0,Grand Total,,,0,0,,,,,
40,Fri,2026-10-02 00:00:00,Compounding,"K1 Kettle - 1,892,000 grams (big)",,,,,,,,,,0,0,Grand Total,,,0,0,,,,,
40,Sat,2026-10-03 00:00:00,Compounding,"K1 Kettle - 1,892,000 grams (big)",,,,,,,,,,0,0,Grand Total,,,0,0,,,,,
40,Sun,2026-10-04 00:00:00,Compounding,"K1 Kettle - 1,892,000 grams (big)",,,,,,,,,,0,0,Grand Total,,,0,0,,,,,
41,Mon,2026-10-05 00:00:00,Compounding,"K1 Kettle - 1,892,000 grams (big)",,,,,,,,,,0,0,Grand Total,,,0,0,,,,,
41,Tue,2026-10-06 00:00:00,Compounding,"K1 Kettle - 1,892,000 grams (big)",,,,,,,,,,0,0,Grand Total,,,0,0,,,,,
41,Wed,2026-10-07 00:00:00,Compounding,"K1 Kettle - 1,892,000 grams (big)",,,,,,,,,,0,0,Grand Total,,,0,0,,,,,
41,Thu,2026-10-08 00:00:00,Compounding,"K1 Kettle - 1,892,000 grams (big)",,,,,,,,,,0,0,Grand Total,,,0,0,,,,,
41,Fri,2026-10-09 00:00:00,Compounding,"K1 Kettle - 1,892,000 grams (big)",,,,,,,,,,0,0,Grand Total,,,0,0,,,,,
41,Sat,2026-10-10 00:00:00,Compounding,"K1 Kettle - 1,892,000 grams (big)",,,,,,,,,,0,0,Grand Total,,,0,0,,,,,
41,Sun,2026-10-11 00:00:00,Compounding,"K1 Kettle - 1,892,000 grams (big)",,,,,,,,,,0,0,Grand Total,,,0,0,,,,,
42,Mon,2026-10-12 00:00:00,Compounding,"K1 Kettle - 1,892,000 grams (big)",,,,,,,,,,0,0,Grand Total,,,0,0,,,,,
42,Tue,2026-10-13 00:00:00,Compounding,"K1 Kettle - 1,892,000 grams (big)",,,,,,,,,,0,0,Grand Total,,,0,0,,,,,
42,Wed,2026-10-14 00:00:00,Compounding,"K1 Kettle - 1,892,000 grams (big)",,,,,,,,,,0,0,Grand Total,,,0,0,,,,,
42,Thu,2026-10-15 00:00:00,Compounding,"K1 Kettle - 1,892,000 grams (big)",,,,,,,,,,0,0,Grand Total,,,0,0,,,,,
42,Fri,2026-10-16 00:00:00,Compounding,"K1 Kettle - 1,892,000 grams (big)",,,,,,,,,,0,0,Grand Total,,,0,0,,,,,
42,Sat,2026-10-17 00:00:00,Compounding,"K1 Kettle - 1,892,000 grams (big)",,,,,,,,,,0,0,Grand Total,,,0,0,,,,,
42,Sun,2026-10-18 00:00:00,Compounding,"K1 Kettle - 1,892,000 grams (big)",,,,,,,,,,0,0,Grand Total,,,0,0,,,,,
43,Mon,2026-10-19 00:00:00,Compounding,"K1 Kettle - 1,892,000 grams (big)",,,,,,,,,,0,0,Grand Total,,,0,0,,,,,
43,Tue,2026-10-20 00:00:00,Compounding,"K1 Kettle - 1,892,000 grams (big)",,,,,,,,,,0,0,Grand Total,,,0,0,,,,,
43,Wed,2026-10-21 00:00:00,Compounding,"K1 Kettle - 1,892,000 grams (big)",,,,,,,,,,0,0,Grand Total,,,0,0,,,,,
43,Thu,2026-10-22 00:00:00,Compounding,"K1 Kettle - 1,892,000 grams (big)",,,,,,,,,,0,0,Grand Total,,,0,0,,,,,
43,Fri,2026-10-23 00:00:00,Compounding,"K1 Kettle - 1,892,000 grams (big)",,,,,,,,,,0,0,Grand Total,,,0,0,,,,,
43,Sat,2026-10-24 00:00:00,Compounding,"K1 Kettle - 1,892,000 grams (big)",,,,,,,,,,0,0,Grand Total,,,0,0,,,,,
43,Sun,2026-10-25 00:00:00,Compounding,"K1 Kettle - 1,892,000 grams (big)",,,,,,,,,,0,0,Grand Total,,,0,0,,,,,
44,Mon,2026-10-26 00:00:00,Compounding,"K1 Kettle - 1,892,000 grams (big)",,,,,,,,,,0,0,Grand Total,,,0,0,,,,,
44,Tue,2026-10-27 00:00:00,Compounding,"K1 Kettle - 1,892,000 grams (big)",,,,,,,,,,0,0,Grand Total,,,0,0,,,,,
44,Wed,2026-10-28 00:00:00,Compounding,"K1 Kettle - 1,892,000 grams (big)",,,,,,,,,,0,0,Grand Total,,,0,0,,,,,
44,Thu,2026-10-29 00:00:00,Compounding,"K1 Kettle - 1,892,000 grams (big)",,,,,,,,,,0,0,Grand Total,,,0,0,,,,,
44,Fri,2026-10-30 00:00:00,Compounding,"K1 Kettle - 1,892,000 grams (big)",,,,,,,,,,0,0,Grand Total,,,0,0,,,,,
44,Sat,2026-10-31 00:00:00,Compounding,"K1 Kettle - 1,892,000 grams (big)",,,,,,,,,,0,0,Grand Total,,,0,0,,,,,
44,Sun,2026-11-01 00:00:00,Compounding,"K1 Kettle - 1,892,000 grams (big)",,,,,,,,,,0,0,Grand Total,,,0,0,,,,,
45,Mon,2026-11-02 00:00:00,Compounding,"K1 Kettle - 1,892,000 grams (big)",,,,,,,,,,0,0,Grand Total,,,0,0,,,,,
45,Tue,2026-11-03 00:00:00,Compounding,"K1 Kettle - 1,892,000 grams (big)",,,,,,,,,,0,0,Grand Total,,,0,0,,,,,
45,Wed,2026-11-04 00:00:00,Compounding,"K1 Kettle - 1,892,000 grams (big)",,,,,,,,,,0,0,Grand Total,,,0,0,,,,,
45,Thu,2026-11-05 00:00:00,Compounding,"K1 Kettle - 1,892,000 grams (big)",,,,,,,,,,0,0,Grand Total,,,0,0,,,,,
45,Fri,2026-11-06 00:00:00,Compounding,"K1 Kettle - 1,892,000 grams (big)",,,,,,,,,,0,0,Grand Total,,,0,0,,,,,
45,Sat,2026-11-07 00:00:00,Compounding,"K1 Kettle - 1,892,000 grams (big)",,,,,,,,,,0,0,Grand Total,,,0,0,,,,,
45,Sun,2026-11-08 00:00:00,Compounding,"K1 Kettle - 1,892,000 grams (big)",,,,,,,,,,0,0,Grand Total,,,0,0,,,,,
46,Mon,2026-11-09 00:00:00,Compounding,"K1 Kettle - 1,892,000 grams (big)",,,,,,,,,,0,0,Grand Total,,,0,0,,,,,
46,Tue,2026-11-10 00:00:00,Compounding,"K1 Kettle - 1,892,000 grams (big)",,,,,,,,,,0,0,Grand Total,,,0,0,,,,,
46,Wed,2026-11-11 00:00:00,Compounding,"K1 Kettle - 1,892,000 grams (big)",,,,,,,,,,0,0,Grand Total,,,0,0,,,,,
46,Thu,2026-11-12 00:00:00,Compounding,"K1 Kettle - 1,892,000 grams (big)",,,,,,,,,,0,0,Grand Total,,,0,0,,,,,
46,Fri,2026-11-13 00:00:00,Compounding,"K1 Kettle - 1,892,000 grams (big)",,,,,,,,,,0,0,Grand Total,,,0,0,,,,,
46,Sat,2026-11-14 00:00:00,Compounding,"K1 Kettle - 1,892,000 grams (big)",,,,,,,,,,0,0,Grand Total,,,0,0,,,,,
46,Sun,2026-11-15 00:00:00,Compounding,"K1 Kettle - 1,892,000 grams (big)",,,,,,,,,,0,0,Grand Total,,,0,0,,,,,
47,Mon,2026-11-16 00:00:00,Compounding,"K1 Kettle - 1,892,000 grams (big)",,,,,,,,,,0,0,Grand Total,,,0,0,,,,,
47,Tue,2026-11-17 00:00:00,Compounding,"K1 Kettle - 1,892,000 grams (big)",,,,,,,,,,0,0,Grand Total,,,0,0,,,,,
47,Wed,2026-11-18 00:00:00,Compounding,"K1 Kettle - 1,892,000 grams (big)",,,,,,,,,,0,0,Grand Total,,,0,0,,,,,
47,Thu,2026-11-19 00:00:00,Compounding,"K1 Kettle - 1,892,000 grams (big)",,,,,,,,,,0,0,Grand Total,,,0,0,,,,,
47,Fri,2026-11-20 00:00:00,Compounding,"K1 Kettle - 1,892,000 grams (big)",,,,,,,,,,0,0,Grand Total,,,0,0,,,,,
47,Sat,2026-11-21 00:00:00,Compounding,"K1 Kettle - 1,892,000 grams (big)",,,,,,,,,,0,0,Grand Total,,,0,0,,,,,
47,Sun,2026-11-22 00:00:00,Compounding,"K1 Kettle - 1,892,000 grams (big)",,,,,,,,,,0,0,Grand Total,,,0,0,,,,,
48,Mon,2026-11-23 00:00:00,Compounding,"K1 Kettle - 1,892,000 grams (big)",,,,,,,,,,0,0,Grand Total,,,0,0,,,,,
48,Tue,2026-11-24 00:00:00,Compounding,"K1 Kettle - 1,892,000 grams (big)",,,,,,,,,,0,0,Grand Total,,,0,0,,,,,
48,Wed,2026-11-25 00:00:00,Compounding,"K1 Kettle - 1,892,000 grams (big)",,,,,,,,,,0,0,Grand Total,,,0,0,,,,,
48,Thu,2026-11-26 00:00:00,Compounding,"K1 Kettle - 1,892,000 grams (big)",,,,,,,,,,0,0,Grand Total,,,0,0,,,,,
48,Fri,2026-11-27 00:00:00,Compounding,"K1 Kettle - 1,892,000 grams (big)",,,,,,,,,,0,0,Grand Total,,,0,0,,,,,
48,Sat,2026-11-28 00:00:00,Compounding,"K1 Kettle - 1,892,000 grams (big)",,,,,,,,,,0,0,Grand Total,,,0,0,,,,,
48,Sun,2026-11-29 00:00:00,Compounding,"K1 Kettle - 1,892,000 grams (big)",,,,,,,,,,0,0,Grand Total,,,0,0,,,,,
49,Mon,2026-11-30 00:00:00,Compounding,"K1 Kettle - 1,892,000 grams (big)",,,,,,,,,,0,0,Grand Total,,,0,0,,,,,
49,Tue,2026-12-01 00:00:00,Compounding,"K1 Kettle - 1,892,000 grams (big)",,,,,,,,,,0,0,Grand Total,,,0,0,,,,,
49,Wed,2026-12-02 00:00:00,Compounding,"K1 Kettle - 1,892,000 grams (big)",,,,,,,,,,0,0,Grand Total,,,0,0,,,,,
49,Thu,2026-12-03 00:00:00,Compounding,"K1 Kettle - 1,892,000 grams (big)",,,,,,,,,,0,0,Grand Total,,,0,0,,,,,
49,Fri,2026-12-04 00:00:00,Compounding,"K1 Kettle - 1,892,000 grams (big)",,,,,,,,,,0,0,Grand Total,,,0,0,,,,,
49,Sat,2026-12-05 00:00:00,Compounding,"K1 Kettle - 1,892,000 grams (big)",,,,,,,,,,0,0,Grand Total,,,0,0,,,,,
49,Sun,2026-12-06 00:00:00,Compounding,"K1 Kettle - 1,892,000 grams (big)",,,,,,,,,,0,0,Grand Total,,,0,0,,,,,
50,Mon,2026-12-07 00:00:00,Compounding,"K1 Kettle - 1,892,000 grams (big)",,,,,,,,,,0,0,Grand Total,,,0,0,,,,,
50,Tue,2026-12-08 00:00:00,Compounding,"K1 Kettle - 1,892,000 grams (big)",,,,,,,,,,0,0,Grand Total,,,0,0,,,,,
50,Wed,2026-12-09 00:00:00,Compounding,"K1 Kettle - 1,892,000 grams (big)",,,,,,,,,,0,0,Grand Total,,,0,0,,,,,
50,Thu,2026-12-10 00:00:00,Compounding,"K1 Kettle - 1,892,000 grams (big)",,,,,,,,,,0,0,Grand Total,,,0,0,,,,,
50,Fri,2026-12-11 00:00:00,Compounding,"K1 Kettle - 1,892,000 grams (big)",,,,,,,,,,0,0,Grand Total,,,0,0,,,,,
50,Sat,2026-12-12 00:00:00,Compounding,"K1 Kettle - 1,892,000 grams (big)",,,,,,,,,,0,0,Grand Total,,,0,0,,,,,
50,Sun,2026-12-13 00:00:00,Compounding,"K1 Kettle - 1,892,000 grams (big)",,,,,,,,,,0,0,Grand Total,,,0,0,,,,,
51,Mon,2026-12-14 00:00:00,Compounding,"K1 Kettle - 1,892,000 grams (big)",,,,,,,,,,0,0,Grand Total,,,0,0,,,,,
51,Tue,2026-12-15 00:00:00,Compounding,"K1 Kettle - 1,892,000 grams (big)",,,,,,,,,,0,0,Grand Total,,,0,0,,,,,
51,Wed,2026-12-16 00:00:00,Compounding,"K1 Kettle - 1,892,000 grams (big)",,,,,,,,,,0,0,Grand Total,,,0,0,,,,,
51,Thu,2026-12-17 00:00:00,Compounding,"K1 Kettle - 1,892,000 grams (big)",,,,,,,,,,0,0,Grand Total,,,0,0,,,,,
51,Fri,2026-12-18 00:00:00,Compounding,"K1 Kettle - 1,892,000 grams (big)",,,,,,,,,,0,0,Grand Total,,,0,0,,,,,
51,Sat,2026-12-19 00:00:00,Compounding,"K1 Kettle - 1,892,000 grams (big)",,,,,,,,,,0,0,Grand Total,,,0,0,,,,,
51,Sun,2026-12-20 00:00:00,Compounding,"K1 Kettle - 1,892,000 grams (big)",,,,,,,,,,0,0,Grand Total,,,0,0,,,,,
52,Mon,2026-12-21 00:00:00,Compounding,"K1 Kettle - 1,892,000 grams (big)",,,,,,,,,,0,0,Grand Total,,,0,0,,,,,
52,Tue,2026-12-22 00:00:00,Compounding,"K1 Kettle - 1,892,000 grams (big)",,,,,,,,,,0,0,Grand Total,,,0,0,,,,,
52,Wed,2026-12-23 00:00:00,Compounding,"K1 Kettle - 1,892,000 grams (big)",,,,,,,,,,0,0,Grand Total,,,0,0,,,,,
52,Thu,2026-12-24 00:00:00,Compounding,"K1 Kettle - 1,892,000 grams (big)",,,,,,,,,,0,0,Grand Total,,,0,0,,,,,
52,Fri,2026-12-25 00:00:00,Compounding,"K1 Kettle - 1,892,000 grams (big)",,,,,,,,,,0,0,Grand Total,,,0,0,,,,,
52,Sat,2026-12-26 00:00:00,Compounding,"K1 Kettle - 1,892,000 grams (big)",,,,,,,,,,0,0,Grand Total,,,0,0,,,,,
52,Sun,2026-12-27 00:00:00,Compounding,"K1 Kettle - 1,892,000 grams (big)",,,,,,,,,,0,0,Grand Total,,,0,0,,,,,
53,Mon,2026-12-28 00:00:00,Compounding,"K1 Kettle - 1,892,000 grams (big)",,,,,,,,,,0,0,Grand Total,,,0,0,,,,,
53,Tue,2026-12-29 00:00:00,Compounding,"K1 Kettle - 1,892,000 grams (big)",,,,,,,,,,0,0,Grand Total,,,0,0,,,,,
53,Wed,2026-12-30 00:00:00,Compounding,"K1 Kettle - 1,892,000 grams (big)",,,,,,,,,,0,0,Grand Total,,,0,0,,,,,
53,Thu,2026-12-31 00:00:00,Compounding,"K1 Kettle - 1,892,000 grams (big)",,,,,,,,,,0,0,Grand Total,,,0,0,,,,,
1,Thu,2026-01-01 00:00:00,Compounding,K2 Kettle - 45 gallon (small),,,,,,,,,,0,0,Grand Total,,,0,0,,,,,
1,Fri,2026-01-02 00:00:00,Compounding,K2 Kettle - 45 gallon (small),,,,,,,,,,0,0,Grand Total,,,0,0,,,,,
1,Tue,2023-01-03 00:00:00,Compounding,K2 Kettle - 45 gallon (small),,,,,,,,,,0,0,Grand Total,,,0,0,,,,,
1,Sun,2026-01-04 00:00:00,Compounding,K2 Kettle - 45 gallon (small),,,,,,,,,,0,0,Grand Total,,,0,0,,,,,
2,Mon,2026-01-05 00:00:00,Compounding,K2 Kettle - 45 gallon (small),,,,,,,,,,0,0,Grand Total,,,0,0,,,,,
2,Tue,2026-01-06 00:00:00,Compounding,K2 Kettle - 45 gallon (small),No,Non Sterile,5810,54237,,7,170000,170000,GM,0,0,Grand Total,,,0,0,,,,,
2,Wed,2026-01-07 00:00:00,Compounding,K2 Kettle - 45 gallon (small),,,,,,,,,,0,0,Grand Total,,,0,0,,,,,
2,Thu,2026-01-08 00:00:00,Compounding,K2 Kettle - 45 gallon (small),,,,,,,,,,0,0,Grand Total,,,0,0,,,,,
2,Fri,2026-01-09 00:00:00,Compounding,K2 Kettle - 45 gallon (small),No,Non Sterile,5809,54383,,7,170000,170000,GM,0,0,Grand Total,,,0,0,No ,,"RM 007575 ETA 12/5, 005703 12/19",,
2,Sat,2026-01-10 00:00:00,Compounding,K2 Kettle - 45 gallon (small),,,,,,,,,,0,0,Grand Total,,,0,0,,,,,
2,Sun,2026-01-11 00:00:00,Compounding,K2 Kettle - 45 gallon (small),,,,,,,,,,0,0,Grand Total,,,0,0,,,,,
3,Mon,2026-01-12 00:00:00,Compounding,K2 Kettle - 45 gallon (small),,,,,,,,,,0,0,Grand Total,,,0,0,,,,,
3,Tue,2026-01-13 00:00:00,Compounding,K2 Kettle - 45 gallon (small),,,,,,,,,,0,0,Grand Total,,,0,0,,,,,
3,Wed,2026-01-14 00:00:00,Compounding,K2 Kettle - 45 gallon (small),,,,,,,,,,0,0,Grand Total,,,0,0,,,,,
3,Thu,2026-01-15 00:00:00,Compounding,K2 Kettle - 45 gallon (small),No,Non Sterile,5821,54056,,7,170000,170000,GM,0,0,Grand Total,,,0,0,No ,,"RM 005698 ETA 12/5 - TBD, 007226 1/7",,
3,Fri,2026-01-16 00:00:00,Compounding,K2 Kettle - 45 gallon (small),No,Non Sterile,5821,54057,,7,170000,170000,GM,0,0,Grand Total,,,0,0,No ,,"RM 005698 ETA 12/5 - TBD, 007226 1/7",,
3,Sat,2026-01-17 00:00:00,Compounding,K2 Kettle - 45 gallon (small),,,,,,,,,,0,0,Grand Total,,,0,0,,,,,
3,Sun,2026-01-18 00:00:00,Compounding,K2 Kettle - 45 gallon (small),,,,,,,,,,0,0,Grand Total,,,0,0,,,,,
4,Mon,2026-01-19 00:00:00,Compounding,K2 Kettle - 45 gallon (small),,,,,,,,,,0,0,Grand Total,,,0,0,,,,,
4,Tue,2026-01-20 00:00:00,Compounding,K2 Kettle - 45 gallon (small),,,,,,,,,,0,0,Grand Total,,,0,0,,,,,
4,Wed,2026-01-21 00:00:00,Compounding,K2 Kettle - 45 gallon (small),,,,,,,,,,0,0,Grand Total,,,0,0,,,,,
4,Thu,2026-01-22 00:00:00,Compounding,K2 Kettle - 45 gallon (small),,,,,,,,,,0,0,Grand Total,,,0,0,,,,,
4,Fri,2026-01-23 00:00:00,Compounding,K2 Kettle - 45 gallon (small),,,,,,,,,,0,0,Grand Total,,,0,0,,,,,
4,Sat,2026-01-24 00:00:00,Compounding,K2 Kettle - 45 gallon (small),,,,,,,,,,0,0,Grand Total,,,0,0,,,,,
4,Sun,2026-01-25 00:00:00,Compounding,K2 Kettle - 45 gallon (small),,,,,,,,,,0,0,Grand Total,,,0,0,,,,,
5,Mon,2026-01-26 00:00:00,Compounding,K2 Kettle - 45 gallon (small),No,Non Sterile,5768,54420,,7,170000,170000,GM,0,0,Grand Total,,,0,0,No ,,"RM 005703 QA, 007575 ETA 12/5, 005691, 005707, 005678 1/2, 007724 1/7",,
5,Tue,2026-01-27 00:00:00,Compounding,K2 Kettle - 45 gallon (small),No,Non Sterile,5768,54421,,7,170000,170000,GM,0,0,Grand Total,,,0,0,No ,,"RM 005703 QA, 007575 ETA 12/5, 005691, 005707, 005678 1/2, 007724 1/7",,
5,Wed,2026-01-28 00:00:00,Compounding,K2 Kettle - 45 gallon (small),No,Non Sterile,5768,54422,,7,170000,170000,GM,0,0,Grand Total,,,0,0,No ,,"RM 005703 QA, 007575 ETA 12/5, 005691, 005707, 005678 1/2, 007724 1/7",,
5,Thu,2026-01-29 00:00:00,Compounding,K2 Kettle - 45 gallon (small),No,Non Sterile,5768,54423,,7,170000,170000,GM,0,0,Grand Total,,,0,0,No ,,"RM 005703 QA, 007575 ETA 12/5, 005691, 005707, 005678 1/2, 007724 1/7",,
5,Fri,2026-01-30 00:00:00,Compounding,K2 Kettle - 45 gallon (small),No,Non Sterile,5768,54424,,7,170000,170000,GM,0,0,Grand Total,,,0,0,No ,,"RM 005703 QA, 007575 ETA 12/5, 005691, 005707, 005678 1/2, 007724 1/7",,
5,Sat,2026-01-31 00:00:00,Compounding,K2 Kettle - 45 gallon (small),,,,,,,,,,0,0,Grand Total,,,0,0,,,,,
5,Sun,2026-02-01 00:00:00,Compounding,K2 Kettle - 45 gallon (small),,,,,,,,,,0,0,Grand Total,,,0,0,,,,,
6,Mon,2026-02-02 00:00:00,Compounding,K2 Kettle - 45 gallon (small),,,,,,,,,,0,0,Grand Total,,,0,0,,,"RM 005703 QA, 007575 ETA 12/5, 005691, 005707, 005678 1/2, 007724 1/7",,
6,Tue,2026-02-03 00:00:00,Compounding,K2 Kettle - 45 gallon (small),,,,,,,,,,0,0,Grand Total,,,0,0,,,"RM 005703 QA, 007575 ETA 12/5, 005691, 005707, 005678 1/2, 007724 1/7",,
6,Wed,2026-02-04 00:00:00,Compounding,K2 Kettle - 45 gallon (small),,,,,,,,,,0,0,Grand Total,,,0,0,,,,,
6,Thu,2026-02-05 00:00:00,Compounding,K2 Kettle - 45 gallon (small),,,,,,,,,,0,0,Grand Total,,,0,0,,,,,
6,Fri,2026-02-06 00:00:00,Compounding,K2 Kettle - 45 gallon (small),No,Non Sterile,5809,54383,,7,170000,170000,GM,0,0,Grand Total,,,0,0,,,,,
6,Sat,2026-02-07 00:00:00,Compounding,K2 Kettle - 45 gallon (small),,,,,,,,,,0,0,Grand Total,,,0,0,,,,,
6,Sun,2026-02-08 00:00:00,Compounding,K2 Kettle - 45 gallon (small),,,,,,,,,,0,0,Grand Total,,,0,0,,,,,
7,Mon,2026-02-09 00:00:00,Compounding,K2 Kettle - 45 gallon (small),No,Non Sterile,5821,54056,,7,170000,170000,GM,0,0,Grand Total,,,0,0,,,,,
7,Tue,2026-02-10 00:00:00,Compounding,K2 Kettle - 45 gallon (small),No,Non Sterile,5821,54057,,7,170000,170000,GM,0,0,Grand Total,,,0,0,,,,,
7,Wed,2026-02-11 00:00:00,Compounding,K2 Kettle - 45 gallon (small),,,,,,,,,,0,0,Grand Total,,,0,0,,,,,
7,Thu,2026-02-12 00:00:00,Compounding,K2 Kettle - 45 gallon (small),No,Non Sterile,5810,54823,,7,170000,170000,GM,0,0,Grand Total,,,0,0,,,005720 Sodium ETA - TBD,,
7,Fri,2026-02-13 00:00:00,Compounding,K2 Kettle - 45 gallon (small),,,,,,,,,,0,0,Grand Total,,,0,0,,,,,
7,Sat,2026-02-14 00:00:00,Compounding,K2 Kettle - 45 gallon (small),,,,,,,,,,0,0,Grand Total,,,0,0,,,,,
7,Sun,2026-02-15 00:00:00,Compounding,K2 Kettle - 45 gallon (small),,,,,,,,,,0,0,Grand Total,,,0,0,,,,,
8,Mon,2026-02-16 00:00:00,Compounding,K2 Kettle - 45 gallon (small),,,,,,,,,,0,0,Grand Total,,,0,0,,,,,
8,Tue,2026-02-17 00:00:00,Compounding,K2 Kettle - 45 gallon (small),,,,,,,,,,0,0,Grand Total,,,0,0,,,,,
8,Wed,2026-02-18 00:00:00,Compounding,K2 Kettle - 45 gallon (small),,,,,,,,,,0,0,Grand Total,,,0,0,,,,,
8,Thu,2026-02-19 00:00:00,Compounding,K2 Kettle - 45 gallon (small),,,,,,,,,,0,0,Grand Total,,,0,0,,,,,
8,Fri,2026-02-20 00:00:00,Compounding,K2 Kettle - 45 gallon (small),,,,,,,,,,0,0,Grand Total,,,0,0,,,,,
8,Sat,2026-02-21 00:00:00,Compounding,K2 Kettle - 45 gallon (small),,,,,,,,,,0,0,Grand Total,,,0,0,,,,,
8,Sun,2026-02-22 00:00:00,Compounding,K2 Kettle - 45 gallon (small),,,,,,,,,,0,0,Grand Total,,,0,0,,,,,
9,Mon,2026-02-23 00:00:00,Compounding,K2 Kettle - 45 gallon (small),,,,,,,,,,0,0,Grand Total,,,0,0,,,,,
9,Tue,2026-02-24 00:00:00,Compounding,K2 Kettle - 45 gallon (small),,,,,,,,,,0,0,Grand Total,,,0,0,,,,,
9,Wed,2026-02-25 00:00:00,Compounding,K2 Kettle - 45 gallon (small) Ribbon blender,No,Non Sterile,5419,54796,,4,70000,70000,GM,0,0,Grand Total,,,0,0,No ,,005708 ETA 2/17,,
9,Thu,2026-02-26 00:00:00,Compounding,K2 Kettle - 45 gallon (small) Ribbon blender,,,,,,,,,,0,0,Grand Total,,,0,0,,,,,
9,Fri,2026-02-27 00:00:00,Compounding,K2 Kettle - 45 gallon (small),,,,,,,,,,0,0,Grand Total,,,0,0,,,,,
9,Sat,2026-02-28 00:00:00,Compounding,K2 Kettle - 45 gallon (small),,,,,,,,,,0,0,Grand Total,,,0,0,,,,,
9,Sun,2026-03-01 00:00:00,Compounding,K2 Kettle - 45 gallon (small),,,,,,,,,,0,0,Grand Total,,,0,0,,,,,
10,Mon,2026-03-02 00:00:00,Compounding,K2 Kettle - 45 gallon (small),,,,,,,,,,0,0,Grand Total,,,0,0,,,,,
10,Tue,2026-03-03 00:00:00,Compounding,K2 Kettle - 45 gallon (small),No,Non Sterile,5809,54801,,7,170000,170000,GM,0,0,Grand Total,,,0,0,No ,,"005678, 005707 QA, 007057 ETA 2/10, 005689 2/16",,
10,Wed,2026-03-04 00:00:00,Compounding,K2 Kettle - 45 gallon (small),,,,,,,,,,0,0,Grand Total,,,0,0,,,,,
10,Thu,2026-03-05 00:00:00,Compounding,K2 Kettle - 45 gallon (small),,,,,,,,,,0,0,Grand Total,,,0,0,,,,,
10,Fri,2026-03-06 00:00:00,Compounding,K2 Kettle - 45 gallon (small),,,,,,,,,,0,0,Grand Total,,,0,0,,,,,
10,Sat,2026-03-07 00:00:00,Compounding,K2 Kettle - 45 gallon (small),,,,,,,,,,0,0,Grand Total,,,0,0,,,,,
10,Sun,2026-03-08 00:00:00,Compounding,K2 Kettle - 45 gallon (small),,,,,,,,,,0,0,Grand Total,,,0,0,,,,,
11,Mon,2026-03-09 00:00:00,Compounding,K2 Kettle - 45 gallon (small),,,,,,,,,,0,0,Grand Total,,,0,0,,,,,
11,Tue,2026-03-10 00:00:00,Compounding,K2 Kettle - 45 gallon (small),,,,,,,,,,0,0,Grand Total,,,0,0,,,,,
11,Wed,2026-03-11 00:00:00,Compounding,K2 Kettle - 45 gallon (small),,,,,,,,,,0,0,Grand Total,,,0,0,,,,,
11,Thu,2026-03-12 00:00:00,Compounding,K2 Kettle - 45 gallon (small),,,,,,,,,,0,0,Grand Total,,,0,0,,,,,
11,Fri,2026-03-13 00:00:00,Compounding,K2 Kettle - 45 gallon (small),,,,,,,,,,0,0,Grand Total,,,0,0,,,,,
11,Sat,2026-03-14 00:00:00,Compounding,K2 Kettle - 45 gallon (small),,,,,,,,,,0,0,Grand Total,,,0,0,,,,,
11,Sun,2026-03-15 00:00:00,Compounding,K2 Kettle - 45 gallon (small),,,,,,,,,,0,0,Grand Total,,,0,0,,,,,
12,Mon,2026-03-16 00:00:00,Compounding,K2 Kettle - 45 gallon (small),,,,,,,,,,0,0,Grand Total,,,0,0,,,,,
12,Tue,2026-03-17 00:00:00,Compounding,K2 Kettle - 45 gallon (small),,,,,,,,,,0,0,Grand Total,,,0,0,,,,,
12,Wed,2026-03-18 00:00:00,Compounding,K2 Kettle - 45 gallon (small),,,,,,,,,,0,0,Grand Total,,,0,0,,,,,
12,Thu,2026-03-19 00:00:00,Compounding,K2 Kettle - 45 gallon (small),,,,,,,,,,0,0,Grand Total,,,0,0,,,,,
12,Fri,2026-03-20 00:00:00,Compounding,K2 Kettle - 45 gallon (small),,,,,,,,,,0,0,Grand Total,,,0,0,,,,,
12,Sat,2026-03-21 00:00:00,Compounding,K2 Kettle - 45 gallon (small),,,,,,,,,,0,0,Grand Total,,,0,0,,,,,
12,Sun,2026-03-22 00:00:00,Compounding,K2 Kettle - 45 gallon (small),,,,,,,,,,0,0,Grand Total,,,0,0,,,,,
13,Mon,2026-03-23 00:00:00,Compounding,K2 Kettle - 45 gallon (small),,,,,,,,,,0,0,Grand Total,,,0,0,,,,,
13,Tue,2026-03-24 00:00:00,Compounding,K2 Kettle - 45 gallon (small),,,,,,,,,,0,0,Grand Total,,,0,0,,,,,
13,Wed,2026-03-25 00:00:00,Compounding,K2 Kettle - 45 gallon (small),,,,,,,,,,0,0,Grand Total,,,0,0,,,,,
13,Thu,2026-03-26 00:00:00,Compounding,K2 Kettle - 45 gallon (small),,,,,,,,,,0,0,Grand Total,,,0,0,,,,,
13,Fri,2026-03-27 00:00:00,Compounding,K2 Kettle - 45 gallon (small),,,,,,,,,,0,0,Grand Total,,,0,0,,,,,
13,Sat,2026-03-28 00:00:00,Compounding,K2 Kettle - 45 gallon (small),,,,,,,,,,0,0,Grand Total,,,0,0,,,,,
13,Sun,2026-03-29 00:00:00,Compounding,K2 Kettle - 45 gallon (small),,,,,,,,,,0,0,Grand Total,,,0,0,,,,,
14,Mon,2026-03-30 00:00:00,Compounding,K2 Kettle - 45 gallon (small),,,,,,,,,,0,0,Grand Total,,,0,0,,,,,
14,Tue,2026-03-31 00:00:00,Compounding,K2 Kettle - 45 gallon (small),,,,,,,,,,0,0,Grand Total,,,0,0,,,,,
14,Wed,2026-04-01 00:00:00,Compounding,K2 Kettle - 45 gallon (small),,,,,,,,,,0,0,Grand Total,,,0,0,,,,,
14,Thu,2026-04-02 00:00:00,Compounding,K2 Kettle - 45 gallon (small),,,,,,,,,,0,0,Grand Total,,,0,0,,,,,
14,Fri,2026-04-03 00:00:00,Compounding,K2 Kettle - 45 gallon (small),,,,,,,,,,0,0,Grand Total,,,0,0,,,,,
14,Sat,2026-04-04 00:00:00,Compounding,K2 Kettle - 45 gallon (small),,,,,,,,,,0,0,Grand Total,,,0,0,,,,,
14,Sun,2026-04-05 00:00:00,Compounding,K2 Kettle - 45 gallon (small),,,,,,,,,,0,0,Grand Total,,,0,0,,,,,
15,Mon,2026-04-06 00:00:00,Compounding,K2 Kettle - 45 gallon (small),,,,,,,,,,0,0,Grand Total,,,0,0,,,,,
15,Tue,2026-04-07 00:00:00,Compounding,K2 Kettle - 45 gallon (small),,,,,,,,,,0,0,Grand Total,,,0,0,,,,,
15,Wed,2026-04-08 00:00:00,Compounding,K2 Kettle - 45 gallon (small),,,,,,,,,,0,0,Grand Total,,,0,0,,,,,
15,Thu,2026-04-09 00:00:00,Compounding,K2 Kettle - 45 gallon (small),,,,,,,,,,0,0,Grand Total,,,0,0,,,,,
15,Fri,2026-04-10 00:00:00,Compounding,K2 Kettle - 45 gallon (small),,,,,,,,,,0,0,Grand Total,,,0,0,,,,,
15,Sat,2026-04-11 00:00:00,Compounding,K2 Kettle - 45 gallon (small),,,,,,,,,,0,0,Grand Total,,,0,0,,,,,
15,Sun,2026-04-12 00:00:00,Compounding,K2 Kettle - 45 gallon (small),,,,,,,,,,0,0,Grand Total,,,0,0,,,,,
16,Mon,2026-04-13 00:00:00,Compounding,K2 Kettle - 45 gallon (small),,,,,,,,,,0,0,Grand Total,,,0,0,,,,,
16,Tue,2026-04-14 00:00:00,Compounding,K2 Kettle - 45 gallon (small),,,,,,,,,,0,0,Grand Total,,,0,0,,,,,
16,Wed,2026-04-15 00:00:00,Compounding,K2 Kettle - 45 gallon (small),,,,,,,,,,0,0,Grand Total,,,0,0,,,,,
16,Thu,2026-04-16 00:00:00,Compounding,K2 Kettle - 45 gallon (small),,,,,,,,,,0,0,Grand Total,,,0,0,,,,,
16,Fri,2026-04-17 00:00:00,Compounding,K2 Kettle - 45 gallon (small),,,,,,,,,,0,0,Grand Total,,,0,0,,,,,
16,Sat,2026-04-18 00:00:00,Compounding,K2 Kettle - 45 gallon (small),,,,,,,,,,0,0,Grand Total,,,0,0,,,,,
16,Sun,2026-04-19 00:00:00,Compounding,K2 Kettle - 45 gallon (small),,,,,,,,,,0,0,Grand Total,,,0,0,,,,,
17,Mon,2026-04-20 00:00:00,Compounding,K2 Kettle - 45 gallon (small),,,,,,,,,,0,0,Grand Total,,,0,0,,,,,
17,Tue,2026-04-21 00:00:00,Compounding,K2 Kettle - 45 gallon (small),,,,,,,,,,0,0,Grand Total,,,0,0,,,,,
17,Wed,2026-04-22 00:00:00,Compounding,K2 Kettle - 45 gallon (small),,,,,,,,,,0,0,Grand Total,,,0,0,,,,,
17,Thu,2026-04-23 00:00:00,Compounding,K2 Kettle - 45 gallon (small),,,,,,,,,,0,0,Grand Total,,,0,0,,,,,
17,Fri,2026-04-24 00:00:00,Compounding,K2 Kettle - 45 gallon (small),,,,,,,,,,0,0,Grand Total,,,0,0,,,,,
17,Sat,2026-04-25 00:00:00,Compounding,K2 Kettle - 45 gallon (small),,,,,,,,,,0,0,Grand Total,,,0,0,,,,,
17,Sun,2026-04-26 00:00:00,Compounding,K2 Kettle - 45 gallon (small),,,,,,,,,,0,0,Grand Total,,,0,0,,,,,
18,Mon,2026-04-27 00:00:00,Compounding,K2 Kettle - 45 gallon (small),,,,,,,,,,0,0,Grand Total,,,0,0,,,,,
18,Tue,2026-04-28 00:00:00,Compounding,K2 Kettle - 45 gallon (small),,,,,,,,,,0,0,Grand Total,,,0,0,,,,,
18,Wed,2026-04-29 00:00:00,Compounding,K2 Kettle - 45 gallon (small),,,,,,,,,,0,0,Grand Total,,,0,0,,,,,
18,Thu,2026-04-30 00:00:00,Compounding,K2 Kettle - 45 gallon (small),,,,,,,,,,0,0,Grand Total,,,0,0,,,,,
18,Fri,2026-05-01 00:00:00,Compounding,K2 Kettle - 45 gallon (small),,,,,,,,,,0,0,Grand Total,,,0,0,,,,,
18,Sat,2026-05-02 00:00:00,Compounding,K2 Kettle - 45 gallon (small),,,,,,,,,,0,0,Grand Total,,,0,0,,,,,
18,Sun,2026-05-03 00:00:00,Compounding,K2 Kettle - 45 gallon (small),,,,,,,,,,0,0,Grand Total,,,0,0,,,,,
19,Mon,2026-05-04 00:00:00,Compounding,K2 Kettle - 45 gallon (small),,,,,,,,,,0,0,Grand Total,,,0,0,,,,,
19,Tue,2026-05-05 00:00:00,Compounding,K2 Kettle - 45 gallon (small),,,,,,,,,,0,0,Grand Total,,,0,0,,,,,
19,Wed,2026-05-06 00:00:00,Compounding,K2 Kettle - 45 gallon (small),,,,,,,,,,0,0,Grand Total,,,0,0,,,,,
19,Thu,2026-05-07 00:00:00,Compounding,K2 Kettle - 45 gallon (small),,,,,,,,,,0,0,Grand Total,,,0,0,,,,,
19,Fri,2026-05-08 00:00:00,Compounding,K2 Kettle - 45 gallon (small),,,,,,,,,,0,0,Grand Total,,,0,0,,,,,
19,Sat,2026-05-09 00:00:00,Compounding,K2 Kettle - 45 gallon (small),,,,,,,,,,0,0,Grand Total,,,0,0,,,,,
19,Sun,2026-05-10 00:00:00,Compounding,K2 Kettle - 45 gallon (small),,,,,,,,,,0,0,Grand Total,,,0,0,,,,,
20,Mon,2026-05-11 00:00:00,Compounding,K2 Kettle - 45 gallon (small),,,,,,,,,,0,0,Grand Total,,,0,0,,,,,
20,Tue,2026-05-12 00:00:00,Compounding,K2 Kettle - 45 gallon (small),,,,,,,,,,0,0,Grand Total,,,0,0,,,,,
20,Wed,2026-05-13 00:00:00,Compounding,K2 Kettle - 45 gallon (small),,,,,,,,,,0,0,Grand Total,,,0,0,,,,,
20,Thu,2026-05-14 00:00:00,Compounding,K2 Kettle - 45 gallon (small),,,,,,,,,,0,0,Grand Total,,,0,0,,,,,
20,Fri,2026-05-15 00:00:00,Compounding,K2 Kettle - 45 gallon (small),,,,,,,,,,0,0,Grand Total,,,0,0,,,,,
20,Sat,2026-05-16 00:00:00,Compounding,K2 Kettle - 45 gallon (small),,,,,,,,,,0,0,Grand Total,,,0,0,,,,,
20,Sun,2026-05-17 00:00:00,Compounding,K2 Kettle - 45 gallon (small),,,,,,,,,,0,0,Grand Total,,,0,0,,,,,
21,Mon,2026-05-18 00:00:00,Compounding,K2 Kettle - 45 gallon (small),,,,,,,,,,0,0,Grand Total,,,0,0,,,,,
21,Tue,2026-05-19 00:00:00,Compounding,K2 Kettle - 45 gallon (small),,,,,,,,,,0,0,Grand Total,,,0,0,,,,,
21,Wed,2026-05-20 00:00:00,Compounding,K2 Kettle - 45 gallon (small),,,,,,,,,,0,0,Grand Total,,,0,0,,,,,
21,Thu,2026-05-21 00:00:00,Compounding,K2 Kettle - 45 gallon (small),,,,,,,,,,0,0,Grand Total,,,0,0,,,,,
21,Fri,2026-05-22 00:00:00,Compounding,K2 Kettle - 45 gallon (small),,,,,,,,,,0,0,Grand Total,,,0,0,,,,,
21,Sat,2026-05-23 00:00:00,Compounding,K2 Kettle - 45 gallon (small),,,,,,,,,,0,0,Grand Total,,,0,0,,,,,
21,Sun,2026-05-24 00:00:00,Compounding,K2 Kettle - 45 gallon (small),,,,,,,,,,0,0,Grand Total,,,0,0,,,,,
22,Mon,2026-05-25 00:00:00,Compounding,K2 Kettle - 45 gallon (small),,,,,,,,,,0,0,Grand Total,,,0,0,,,,,
22,Tue,2026-05-26 00:00:00,Compounding,K2 Kettle - 45 gallon (small),,,,,,,,,,0,0,Grand Total,,,0,0,,,,,
22,Wed,2026-05-27 00:00:00,Compounding,K2 Kettle - 45 gallon (small),,,,,,,,,,0,0,Grand Total,,,0,0,,,,,
22,Thu,2026-05-28 00:00:00,Compounding,K2 Kettle - 45 gallon (small),,,,,,,,,,0,0,Grand Total,,,0,0,,,,,
22,Fri,2026-05-29 00:00:00,Compounding,K2 Kettle - 45 gallon (small),,,,,,,,,,0,0,Grand Total,,,0,0,,,,,
22,Sat,2026-05-30 00:00:00,Compounding,K2 Kettle - 45 gallon (small),,,,,,,,,,0,0,Grand Total,,,0,0,,,,,
22,Sun,2026-05-31 00:00:00,Compounding,K2 Kettle - 45 gallon (small),,,,,,,,,,0,0,Grand Total,,,0,0,,,,,
23,Mon,2026-06-01 00:00:00,Compounding,K2 Kettle - 45 gallon (small),,,,,,,,,,0,0,Grand Total,,,0,0,,,,,
23,Tue,2026-06-02 00:00:00,Compounding,K2 Kettle - 45 gallon (small),,,,,,,,,,0,0,Grand Total,,,0,0,,,,,
23,Wed,2026-06-03 00:00:00,Compounding,K2 Kettle - 45 gallon (small),,,,,,,,,,0,0,Grand Total,,,0,0,,,,,
23,Thu,2026-06-04 00:00:00,Compounding,K2 Kettle - 45 gallon (small),,,,,,,,,,0,0,Grand Total,,,0,0,,,,,
23,Fri,2026-06-05 00:00:00,Compounding,K2 Kettle - 45 gallon (small),,,,,,,,,,0,0,Grand Total,,,0,0,,,,,
23,Sat,2026-06-06 00:00:00,Compounding,K2 Kettle - 45 gallon (small),,,,,,,,,,0,0,Grand Total,,,0,0,,,,,
23,Sun,2026-06-07 00:00:00,Compounding,K2 Kettle - 45 gallon (small),,,,,,,,,,0,0,Grand Total,,,0,0,,,,,
24,Mon,2026-06-08 00:00:00,Compounding,K2 Kettle - 45 gallon (small),,,,,,,,,,0,0,Grand Total,,,0,0,,,,,
24,Tue,2026-06-09 00:00:00,Compounding,K2 Kettle - 45 gallon (small),,,,,,,,,,0,0,Grand Total,,,0,0,,,,,
24,Wed,2026-06-10 00:00:00,Compounding,K2 Kettle - 45 gallon (small),,,,,,,,,,0,0,Grand Total,,,0,0,,,,,
24,Thu,2026-06-11 00:00:00,Compounding,K2 Kettle - 45 gallon (small),,,,,,,,,,0,0,Grand Total,,,0,0,,,,,
24,Fri,2026-06-12 00:00:00,Compounding,K2 Kettle - 45 gallon (small),,,,,,,,,,0,0,Grand Total,,,0,0,,,,,
24,Sat,2026-06-13 00:00:00,Compounding,K2 Kettle - 45 gallon (small),,,,,,,,,,0,0,Grand Total,,,0,0,,,,,
24,Sun,2026-06-14 00:00:00,Compounding,K2 Kettle - 45 gallon (small),,,,,,,,,,0,0,Grand Total,,,0,0,,,,,
25,Mon,2026-06-15 00:00:00,Compounding,K2 Kettle - 45 gallon (small),,,,,,,,,,0,0,Grand Total,,,0,0,,,,,
25,Tue,2026-06-16 00:00:00,Compounding,K2 Kettle - 45 gallon (small),,,,,,,,,,0,0,Grand Total,,,0,0,,,,,
25,Wed,2026-06-17 00:00:00,Compounding,K2 Kettle - 45 gallon (small),,,,,,,,,,0,0,Grand Total,,,0,0,,,,,
25,Thu,2026-06-18 00:00:00,Compounding,K2 Kettle - 45 gallon (small),,,,,,,,,,0,0,Grand Total,,,0,0,,,,,
25,Fri,2026-06-19 00:00:00,Compounding,K2 Kettle - 45 gallon (small),,,,,,,,,,0,0,Grand Total,,,0,0,,,,,
25,Sat,2026-06-20 00:00:00,Compounding,K2 Kettle - 45 gallon (small),,,,,,,,,,0,0,Grand Total,,,0,0,,,,,
25,Sun,2026-06-21 00:00:00,Compounding,K2 Kettle - 45 gallon (small),,,,,,,,,,0,0,Grand Total,,,0,0,,,,,
26,Mon,2026-06-22 00:00:00,Compounding,K2 Kettle - 45 gallon (small),,,,,,,,,,0,0,Grand Total,,,0,0,,,,,
26,Tue,2026-06-23 00:00:00,Compounding,K2 Kettle - 45 gallon (small),,,,,,,,,,0,0,Grand Total,,,0,0,,,,,
26,Wed,2026-06-24 00:00:00,Compounding,K2 Kettle - 45 gallon (small),,,,,,,,,,0,0,Grand Total,,,0,0,,,,,
26,Thu,2026-06-25 00:00:00,Compounding,K2 Kettle - 45 gallon (small),,,,,,,,,,0,0,Grand Total,,,0,0,,,,,
26,Fri,2026-06-26 00:00:00,Compounding,K2 Kettle - 45 gallon (small),,,,,,,,,,0,0,Grand Total,,,0,0,,,,,
26,Sat,2026-06-27 00:00:00,Compounding,K2 Kettle - 45 gallon (small),,,,,,,,,,0,0,Grand Total,,,0,0,,,,,
26,Sun,2026-06-28 00:00:00,Compounding,K2 Kettle - 45 gallon (small),,,,,,,,,,0,0,Grand Total,,,0,0,,,,,
27,Mon,2026-06-29 00:00:00,Compounding,K2 Kettle - 45 gallon (small),,,,,,,,,,0,0,Grand Total,,,0,0,,,,,
27,Tue,2026-06-30 00:00:00,Compounding,K2 Kettle - 45 gallon (small),,,,,,,,,,0,0,Grand Total,,,0,0,,,,,
27,Wed,2026-07-01 00:00:00,Compounding,K2 Kettle - 45 gallon (small),,,,,,,,,,0,0,Grand Total,,,0,0,,,,,
27,Thu,2026-07-02 00:00:00,Compounding,K2 Kettle - 45 gallon (small),,,,,,,,,,0,0,Grand Total,,,0,0,,,,,
27,Fri,2026-07-03 00:00:00,Compounding,K2 Kettle - 45 gallon (small),,,,,,,,,,0,0,Grand Total,,,0,0,,,,,
27,Sat,2026-07-04 00:00:00,Compounding,K2 Kettle - 45 gallon (small),,,,,,,,,,0,0,Grand Total,,,0,0,,,,,
27,Sun,2026-07-05 00:00:00,Compounding,K2 Kettle - 45 gallon (small),,,,,,,,,,0,0,Grand Total,,,0,0,,,,,
28,Mon,2026-07-06 00:00:00,Compounding,K2 Kettle - 45 gallon (small),,,,,,,,,,0,0,Grand Total,,,0,0,,,,,
28,Tue,2026-07-07 00:00:00,Compounding,K2 Kettle - 45 gallon (small),,,,,,,,,,0,0,Grand Total,,,0,0,,,,,
28,Wed,2026-07-08 00:00:00,Compounding,K2 Kettle - 45 gallon (small),,,,,,,,,,0,0,Grand Total,,,0,0,,,,,
28,Thu,2026-07-09 00:00:00,Compounding,K2 Kettle - 45 gallon (small),,,,,,,,,,0,0,Grand Total,,,0,0,,,,,
28,Fri,2026-07-10 00:00:00,Compounding,K2 Kettle - 45 gallon (small),,,,,,,,,,0,0,Grand Total,,,0,0,,,,,
28,Sat,2026-07-11 00:00:00,Compounding,K2 Kettle - 45 gallon (small),,,,,,,,,,0,0,Grand Total,,,0,0,,,,,
28,Sun,2026-07-12 00:00:00,Compounding,K2 Kettle - 45 gallon (small),,,,,,,,,,0,0,Grand Total,,,0,0,,,,,
29,Mon,2026-07-13 00:00:00,Compounding,K2 Kettle - 45 gallon (small),,,,,,,,,,0,0,Grand Total,,,0,0,,,,,
29,Tue,2026-07-14 00:00:00,Compounding,K2 Kettle - 45 gallon (small),,,,,,,,,,0,0,Grand Total,,,0,0,,,,,
29,Wed,2026-07-15 00:00:00,Compounding,K2 Kettle - 45 gallon (small),,,,,,,,,,0,0,Grand Total,,,0,0,,,,,
29,Thu,2026-07-16 00:00:00,Compounding,K2 Kettle - 45 gallon (small),,,,,,,,,,0,0,Grand Total,,,0,0,,,,,
29,Fri,2026-07-17 00:00:00,Compounding,K2 Kettle - 45 gallon (small),,,,,,,,,,0,0,Grand Total,,,0,0,,,,,
29,Sat,2026-07-18 00:00:00,Compounding,K2 Kettle - 45 gallon (small),,,,,,,,,,0,0,Grand Total,,,0,0,,,,,
29,Sun,2026-07-19 00:00:00,Compounding,K2 Kettle - 45 gallon (small),,,,,,,,,,0,0,Grand Total,,,0,0,,,,,
30,Mon,2026-07-20 00:00:00,Compounding,K2 Kettle - 45 gallon (small),,,,,,,,,,0,0,Grand Total,,,0,0,,,,,
30,Tue,2026-07-21 00:00:00,Compounding,K2 Kettle - 45 gallon (small),,,,,,,,,,0,0,Grand Total,,,0,0,,,,,
30,Wed,2026-07-22 00:00:00,Compounding,K2 Kettle - 45 gallon (small),,,,,,,,,,0,0,Grand Total,,,0,0,,,,,
30,Thu,2026-07-23 00:00:00,Compounding,K2 Kettle - 45 gallon (small),,,,,,,,,,0,0,Grand Total,,,0,0,,,,,
30,Fri,2026-07-24 00:00:00,Compounding,K2 Kettle - 45 gallon (small),,,,,,,,,,0,0,Grand Total,,,0,0,,,,,
30,Sat,2026-07-25 00:00:00,Compounding,K2 Kettle - 45 gallon (small),,,,,,,,,,0,0,Grand Total,,,0,0,,,,,
30,Sun,2026-07-26 00:00:00,Compounding,K2 Kettle - 45 gallon (small),,,,,,,,,,0,0,Grand Total,,,0,0,,,,,
31,Mon,2026-07-27 00:00:00,Compounding,K2 Kettle - 45 gallon (small),,,,,,,,,,0,0,Grand Total,,,0,0,,,,,
31,Tue,2026-07-28 00:00:00,Compounding,K2 Kettle - 45 gallon (small),,,,,,,,,,0,0,Grand Total,,,0,0,,,,,
31,Wed,2026-07-29 00:00:00,Compounding,K2 Kettle - 45 gallon (small),,,,,,,,,,0,0,Grand Total,,,0,0,,,,,
31,Thu,2026-07-30 00:00:00,Compounding,K2 Kettle - 45 gallon (small),,,,,,,,,,0,0,Grand Total,,,0,0,,,,,
31,Fri,2026-07-31 00:00:00,Compounding,K2 Kettle - 45 gallon (small),,,,,,,,,,0,0,Grand Total,,,0,0,,,,,
31,Sat,2026-08-01 00:00:00,Compounding,K2 Kettle - 45 gallon (small),,,,,,,,,,0,0,Grand Total,,,0,0,,,,,
31,Sun,2026-08-02 00:00:00,Compounding,K2 Kettle - 45 gallon (small),,,,,,,,,,0,0,Grand Total,,,0,0,,,,,
32,Mon,2026-08-03 00:00:00,Compounding,K2 Kettle - 45 gallon (small),,,,,,,,,,0,0,Grand Total,,,0,0,,,,,
32,Tue,2026-08-04 00:00:00,Compounding,K2 Kettle - 45 gallon (small),,,,,,,,,,0,0,Grand Total,,,0,0,,,,,
32,Wed,2026-08-05 00:00:00,Compounding,K2 Kettle - 45 gallon (small),,,,,,,,,,0,0,Grand Total,,,0,0,,,,,
32,Thu,2026-08-06 00:00:00,Compounding,K2 Kettle - 45 gallon (small),,,,,,,,,,0,0,Grand Total,,,0,0,,,,,
32,Fri,2026-08-07 00:00:00,Compounding,K2 Kettle - 45 gallon (small),,,,,,,,,,0,0,Grand Total,,,0,0,,,,,
32,Sat,2026-08-08 00:00:00,Compounding,K2 Kettle - 45 gallon (small),,,,,,,,,,0,0,Grand Total,,,0,0,,,,,
32,Sun,2026-08-09 00:00:00,Compounding,K2 Kettle - 45 gallon (small),,,,,,,,,,0,0,Grand Total,,,0,0,,,,,
33,Mon,2026-08-10 00:00:00,Compounding,K2 Kettle - 45 gallon (small),,,,,,,,,,0,0,Grand Total,,,0,0,,,,,
33,Tue,2026-08-11 00:00:00,Compounding,K2 Kettle - 45 gallon (small),,,,,,,,,,0,0,Grand Total,,,0,0,,,,,
33,Wed,2026-08-12 00:00:00,Compounding,K2 Kettle - 45 gallon (small),,,,,,,,,,0,0,Grand Total,,,0,0,,,,,
33,Thu,2026-08-13 00:00:00,Compounding,K2 Kettle - 45 gallon (small),,,,,,,,,,0,0,Grand Total,,,0,0,,,,,
33,Fri,2026-08-14 00:00:00,Compounding,K2 Kettle - 45 gallon (small),,,,,,,,,,0,0,Grand Total,,,0,0,,,,,
33,Sat,2026-08-15 00:00:00,Compounding,K2 Kettle - 45 gallon (small),,,,,,,,,,0,0,Grand Total,,,0,0,,,,,
33,Sun,2026-08-16 00:00:00,Compounding,K2 Kettle - 45 gallon (small),,,,,,,,,,0,0,Grand Total,,,0,0,,,,,
34,Mon,2026-08-17 00:00:00,Compounding,K2 Kettle - 45 gallon (small),,,,,,,,,,0,0,Grand Total,,,0,0,,,,,
34,Tue,2026-08-18 00:00:00,Compounding,K2 Kettle - 45 gallon (small),,,,,,,,,,0,0,Grand Total,,,0,0,,,,,
34,Wed,2026-08-19 00:00:00,Compounding,K2 Kettle - 45 gallon (small),,,,,,,,,,0,0,Grand Total,,,0,0,,,,,
34,Thu,2026-08-20 00:00:00,Compounding,K2 Kettle - 45 gallon (small),,,,,,,,,,0,0,Grand Total,,,0,0,,,,,
34,Fri,2026-08-21 00:00:00,Compounding,K2 Kettle - 45 gallon (small),,,,,,,,,,0,0,Grand Total,,,0,0,,,,,
34,Sat,2026-08-22 00:00:00,Compounding,K2 Kettle - 45 gallon (small),,,,,,,,,,0,0,Grand Total,,,0,0,,,,,
34,Sun,2026-08-23 00:00:00,Compounding,K2 Kettle - 45 gallon (small),,,,,,,,,,0,0,Grand Total,,,0,0,,,,,
35,Mon,2026-08-24 00:00:00,Compounding,K2 Kettle - 45 gallon (small),,,,,,,,,,0,0,Grand Total,,,0,0,,,,,
35,Tue,2026-08-25 00:00:00,Compounding,K2 Kettle - 45 gallon (small),,,,,,,,,,0,0,Grand Total,,,0,0,,,,,
35,Wed,2026-08-26 00:00:00,Compounding,K2 Kettle - 45 gallon (small),,,,,,,,,,0,0,Grand Total,,,0,0,,,,,
35,Thu,2026-08-27 00:00:00,Compounding,K2 Kettle - 45 gallon (small),,,,,,,,,,0,0,Grand Total,,,0,0,,,,,
35,Fri,2026-08-28 00:00:00,Compounding,K2 Kettle - 45 gallon (small),,,,,,,,,,0,0,Grand Total,,,0,0,,,,,
35,Sat,2026-08-29 00:00:00,Compounding,K2 Kettle - 45 gallon (small),,,,,,,,,,0,0,Grand Total,,,0,0,,,,,
35,Sun,2026-08-30 00:00:00,Compounding,K2 Kettle - 45 gallon (small),,,,,,,,,,0,0,Grand Total,,,0,0,,,,,
36,Mon,2026-08-31 00:00:00,Compounding,K2 Kettle - 45 gallon (small),,,,,,,,,,0,0,Grand Total,,,0,0,,,,,
36,Tue,2026-09-01 00:00:00,Compounding,K2 Kettle - 45 gallon (small),,,,,,,,,,0,0,Grand Total,,,0,0,,,,,
36,Wed,2026-09-02 00:00:00,Compounding,K2 Kettle - 45 gallon (small),,,,,,,,,,0,0,Grand Total,,,0,0,,,,,
36,Thu,2026-09-03 00:00:00,Compounding,K2 Kettle - 45 gallon (small),,,,,,,,,,0,0,Grand Total,,,0,0,,,,,
36,Fri,2026-09-04 00:00:00,Compounding,K2 Kettle - 45 gallon (small),,,,,,,,,,0,0,Grand Total,,,0,0,,,,,
36,Sat,2026-09-05 00:00:00,Compounding,K2 Kettle - 45 gallon (small),,,,,,,,,,0,0,Grand Total,,,0,0,,,,,
36,Sun,2026-09-06 00:00:00,Compounding,K2 Kettle - 45 gallon (small),,,,,,,,,,0,0,Grand Total,,,0,0,,,,,
37,Mon,2026-09-07 00:00:00,Compounding,K2 Kettle - 45 gallon (small),,,,,,,,,,0,0,Grand Total,,,0,0,,,,,
37,Tue,2026-09-08 00:00:00,Compounding,K2 Kettle - 45 gallon (small),,,,,,,,,,0,0,Grand Total,,,0,0,,,,,
37,Wed,2026-09-09 00:00:00,Compounding,K2 Kettle - 45 gallon (small),,,,,,,,,,0,0,Grand Total,,,0,0,,,,,
37,Thu,2026-09-10 00:00:00,Compounding,K2 Kettle - 45 gallon (small),,,,,,,,,,0,0,Grand Total,,,0,0,,,,,
37,Fri,2026-09-11 00:00:00,Compounding,K2 Kettle - 45 gallon (small),,,,,,,,,,0,0,Grand Total,,,0,0,,,,,
37,Sat,2026-09-12 00:00:00,Compounding,K2 Kettle - 45 gallon (small),,,,,,,,,,0,0,Grand Total,,,0,0,,,,,
37,Sun,2026-09-13 00:00:00,Compounding,K2 Kettle - 45 gallon (small),,,,,,,,,,0,0,Grand Total,,,0,0,,,,,
38,Mon,2026-09-14 00:00:00,Compounding,K2 Kettle - 45 gallon (small),,,,,,,,,,0,0,Grand Total,,,0,0,,,,,
38,Tue,2026-09-15 00:00:00,Compounding,K2 Kettle - 45 gallon (small),,,,,,,,,,0,0,Grand Total,,,0,0,,,,,
38,Wed,2026-09-16 00:00:00,Compounding,K2 Kettle - 45 gallon (small),,,,,,,,,,0,0,Grand Total,,,0,0,,,,,
38,Thu,2026-09-17 00:00:00,Compounding,K2 Kettle - 45 gallon (small),,,,,,,,,,0,0,Grand Total,,,0,0,,,,,
38,Fri,2026-09-18 00:00:00,Compounding,K2 Kettle - 45 gallon (small),,,,,,,,,,0,0,Grand Total,,,0,0,,,,,
38,Sat,2026-09-19 00:00:00,Compounding,K2 Kettle - 45 gallon (small),,,,,,,,,,0,0,Grand Total,,,0,0,,,,,
38,Sun,2026-09-20 00:00:00,Compounding,K2 Kettle - 45 gallon (small),,,,,,,,,,0,0,Grand Total,,,0,0,,,,,
39,Mon,2026-09-21 00:00:00,Compounding,K2 Kettle - 45 gallon (small),,,,,,,,,,0,0,Grand Total,,,0,0,,,,,
39,Tue,2026-09-22 00:00:00,Compounding,K2 Kettle - 45 gallon (small),,,,,,,,,,0,0,Grand Total,,,0,0,,,,,
39,Thu,2026-09-24 00:00:00,Compounding,K2 Kettle - 45 gallon (small),,,,,,,,,,0,0,Grand Total,,,0,0,,,,,
39,Fri,2026-09-25 00:00:00,Compounding,K2 Kettle - 45 gallon (small),,,,,,,,,,0,0,Grand Total,,,0,0,,,,,
39,Sat,2026-09-26 00:00:00,Compounding,K2 Kettle - 45 gallon (small),,,,,,,,,,0,0,Grand Total,,,0,0,,,,,
39,Sun,2026-09-27 00:00:00,Compounding,K2 Kettle - 45 gallon (small),,,,,,,,,,0,0,Grand Total,,,0,0,,,,,
40,Mon,2026-09-28 00:00:00,Compounding,K2 Kettle - 45 gallon (small),,,,,,,,,,0,0,Grand Total,,,0,0,,,,,
40,Tue,2026-09-29 00:00:00,Compounding,K2 Kettle - 45 gallon (small),,,,,,,,,,0,0,Grand Total,,,0,0,,,,,
40,Wed,2026-09-30 00:00:00,Compounding,K2 Kettle - 45 gallon (small),,,,,,,,,,0,0,Grand Total,,,0,0,,,,,
40,Thu,2026-10-01 00:00:00,Compounding,K2 Kettle - 45 gallon (small),,,,,,,,,,0,0,Grand Total,,,0,0,,,,,
40,Fri,2026-10-02 00:00:00,Compounding,K2 Kettle - 45 gallon (small),,,,,,,,,,0,0,Grand Total,,,0,0,,,,,
40,Sat,2026-10-03 00:00:00,Compounding,K2 Kettle - 45 gallon (small),,,,,,,,,,0,0,Grand Total,,,0,0,,,,,
40,Sun,2026-10-04 00:00:00,Compounding,K2 Kettle - 45 gallon (small),,,,,,,,,,0,0,Grand Total,,,0,0,,,,,
41,Mon,2026-10-05 00:00:00,Compounding,K2 Kettle - 45 gallon (small),,,,,,,,,,0,0,Grand Total,,,0,0,,,,,
41,Tue,2026-10-06 00:00:00,Compounding,K2 Kettle - 45 gallon (small),,,,,,,,,,0,0,Grand Total,,,0,0,,,,,
41,Wed,2026-10-07 00:00:00,Compounding,K2 Kettle - 45 gallon (small),,,,,,,,,,0,0,Grand Total,,,0,0,,,,,
41,Thu,2026-10-08 00:00:00,Compounding,K2 Kettle - 45 gallon (small),,,,,,,,,,0,0,Grand Total,,,0,0,,,,,
41,Fri,2026-10-09 00:00:00,Compounding,K2 Kettle - 45 gallon (small),,,,,,,,,,0,0,Grand Total,,,0,0,,,,,
41,Sat,2026-10-10 00:00:00,Compounding,K2 Kettle - 45 gallon (small),,,,,,,,,,0,0,Grand Total,,,0,0,,,,,
41,Sun,2026-10-11 00:00:00,Compounding,K2 Kettle - 45 gallon (small),,,,,,,,,,0,0,Grand Total,,,0,0,,,,,
42,Mon,2026-10-12 00:00:00,Compounding,K2 Kettle - 45 gallon (small),,,,,,,,,,0,0,Grand Total,,,0,0,,,,,
42,Tue,2026-10-13 00:00:00,Compounding,K2 Kettle - 45 gallon (small),,,,,,,,,,0,0,Grand Total,,,0,0,,,,,
42,Wed,2026-10-14 00:00:00,Compounding,K2 Kettle - 45 gallon (small),,,,,,,,,,0,0,Grand Total,,,0,0,,,,,
42,Thu,2026-10-15 00:00:00,Compounding,K2 Kettle - 45 gallon (small),,,,,,,,,,0,0,Grand Total,,,0,0,,,,,
42,Fri,2026-10-16 00:00:00,Compounding,K2 Kettle - 45 gallon (small),,,,,,,,,,0,0,Grand Total,,,0,0,,,,,
42,Sat,2026-10-17 00:00:00,Compounding,K2 Kettle - 45 gallon (small),,,,,,,,,,0,0,Grand Total,,,0,0,,,,,
42,Sun,2026-10-18 00:00:00,Compounding,K2 Kettle - 45 gallon (small),,,,,,,,,,0,0,Grand Total,,,0,0,,,,,
43,Mon,2026-10-19 00:00:00,Compounding,K2 Kettle - 45 gallon (small),,,,,,,,,,0,0,Grand Total,,,0,0,,,,,
43,Tue,2026-10-20 00:00:00,Compounding,K2 Kettle - 45 gallon (small),,,,,,,,,,0,0,Grand Total,,,0,0,,,,,
43,Wed,2026-10-21 00:00:00,Compounding,K2 Kettle - 45 gallon (small),,,,,,,,,,0,0,Grand Total,,,0,0,,,,,
43,Thu,2026-10-22 00:00:00,Compounding,K2 Kettle - 45 gallon (small),,,,,,,,,,0,0,Grand Total,,,0,0,,,,,
43,Fri,2026-10-23 00:00:00,Compounding,K2 Kettle - 45 gallon (small),,,,,,,,,,0,0,Grand Total,,,0,0,,,,,
43,Sat,2026-10-24 00:00:00,Compounding,K2 Kettle - 45 gallon (small),,,,,,,,,,0,0,Grand Total,,,0,0,,,,,
43,Sun,2026-10-25 00:00:00,Compounding,K2 Kettle - 45 gallon (small),,,,,,,,,,0,0,Grand Total,,,0,0,,,,,
44,Mon,2026-10-26 00:00:00,Compounding,K2 Kettle - 45 gallon (small),,,,,,,,,,0,0,Grand Total,,,0,0,,,,,
44,Tue,2026-10-27 00:00:00,Compounding,K2 Kettle - 45 gallon (small),,,,,,,,,,0,0,Grand Total,,,0,0,,,,,
44,Wed,2026-10-28 00:00:00,Compounding,K2 Kettle - 45 gallon (small),,,,,,,,,,0,0,Grand Total,,,0,0,,,,,
44,Thu,2026-10-29 00:00:00,Compounding,K2 Kettle - 45 gallon (small),,,,,,,,,,0,0,Grand Total,,,0,0,,,,,
44,Fri,2026-10-30 00:00:00,Compounding,K2 Kettle - 45 gallon (small),,,,,,,,,,0,0,Grand Total,,,0,0,,,,,
44,Sat,2026-10-31 00:00:00,Compounding,K2 Kettle - 45 gallon (small),,,,,,,,,,0,0,Grand Total,,,0,0,,,,,
44,Sun,2026-11-01 00:00:00,Compounding,K2 Kettle - 45 gallon (small),,,,,,,,,,0,0,Grand Total,,,0,0,,,,,
45,Mon,2026-11-02 00:00:00,Compounding,K2 Kettle - 45 gallon (small),,,,,,,,,,0,0,Grand Total,,,0,0,,,,,
45,Tue,2026-11-03 00:00:00,Compounding,K2 Kettle - 45 gallon (small),,,,,,,,,,0,0,Grand Total,,,0,0,,,,,
45,Wed,2026-11-04 00:00:00,Compounding,K2 Kettle - 45 gallon (small),,,,,,,,,,0,0,Grand Total,,,0,0,,,,,
45,Thu,2026-11-05 00:00:00,Compounding,K2 Kettle - 45 gallon (small),,,,,,,,,,0,0,Grand Total,,,0,0,,,,,
45,Fri,2026-11-06 00:00:00,Compounding,K2 Kettle - 45 gallon (small),,,,,,,,,,0,0,Grand Total,,,0,0,,,,,
45,Sat,2026-11-07 00:00:00,Compounding,K2 Kettle - 45 gallon (small),,,,,,,,,,0,0,Grand Total,,,0,0,,,,,
45,Sun,2026-11-08 00:00:00,Compounding,K2 Kettle - 45 gallon (small),,,,,,,,,,0,0,Grand Total,,,0,0,,,,,
46,Mon,2026-11-09 00:00:00,Compounding,K2 Kettle - 45 gallon (small),,,,,,,,,,0,0,Grand Total,,,0,0,,,,,
46,Tue,2026-11-10 00:00:00,Compounding,K2 Kettle - 45 gallon (small),,,,,,,,,,0,0,Grand Total,,,0,0,,,,,
46,Wed,2026-11-11 00:00:00,Compounding,K2 Kettle - 45 gallon (small),,,,,,,,,,0,0,Grand Total,,,0,0,,,,,
46,Thu,2026-11-12 00:00:00,Compounding,K2 Kettle - 45 gallon (small),,,,,,,,,,0,0,Grand Total,,,0,0,,,,,
46,Fri,2026-11-13 00:00:00,Compounding,K2 Kettle - 45 gallon (small),,,,,,,,,,0,0,Grand Total,,,0,0,,,,,
46,Sat,2026-11-14 00:00:00,Compounding,K2 Kettle - 45 gallon (small),,,,,,,,,,0,0,Grand Total,,,0,0,,,,,
46,Sun,2026-11-15 00:00:00,Compounding,K2 Kettle - 45 gallon (small),,,,,,,,,,0,0,Grand Total,,,0,0,,,,,
47,Mon,2026-11-16 00:00:00,Compounding,K2 Kettle - 45 gallon (small),,,,,,,,,,0,0,Grand Total,,,0,0,,,,,
47,Tue,2026-11-17 00:00:00,Compounding,K2 Kettle - 45 gallon (small),,,,,,,,,,0,0,Grand Total,,,0,0,,,,,
47,Wed,2026-11-18 00:00:00,Compounding,K2 Kettle - 45 gallon (small),,,,,,,,,,0,0,Grand Total,,,0,0,,,,,
47,Thu,2026-11-19 00:00:00,Compounding,K2 Kettle - 45 gallon (small),,,,,,,,,,0,0,Grand Total,,,0,0,,,,,
47,Fri,2026-11-20 00:00:00,Compounding,K2 Kettle - 45 gallon (small),,,,,,,,,,0,0,Grand Total,,,0,0,,,,,
47,Sat,2026-11-21 00:00:00,Compounding,K2 Kettle - 45 gallon (small),,,,,,,,,,0,0,Grand Total,,,0,0,,,,,
47,Sun,2026-11-22 00:00:00,Compounding,K2 Kettle - 45 gallon (small),,,,,,,,,,0,0,Grand Total,,,0,0,,,,,
48,Mon,2026-11-23 00:00:00,Compounding,K2 Kettle - 45 gallon (small),,,,,,,,,,0,0,Grand Total,,,0,0,,,,,
48,Tue,2026-11-24 00:00:00,Compounding,K2 Kettle - 45 gallon (small),,,,,,,,,,0,0,Grand Total,,,0,0,,,,,
48,Wed,2026-11-25 00:00:00,Compounding,K2 Kettle - 45 gallon (small),,,,,,,,,,0,0,Grand Total,,,0,0,,,,,
48,Thu,2026-11-26 00:00:00,Compounding,K2 Kettle - 45 gallon (small),,,,,,,,,,0,0,Grand Total,,,0,0,,,,,
48,Fri,2026-11-27 00:00:00,Compounding,K2 Kettle - 45 gallon (small),,,,,,,,,,0,0,Grand Total,,,0,0,,,,,
48,Sat,2026-11-28 00:00:00,Compounding,K2 Kettle - 45 gallon (small),,,,,,,,,,0,0,Grand Total,,,0,0,,,,,
48,Sun,2026-11-29 00:00:00,Compounding,K2 Kettle - 45 gallon (small),,,,,,,,,,0,0,Grand Total,,,0,0,,,,,
49,Mon,2026-11-30 00:00:00,Compounding,K2 Kettle - 45 gallon (small),,,,,,,,,,0,0,Grand Total,,,0,0,,,,,
49,Tue,2026-12-01 00:00:00,Compounding,K2 Kettle - 45 gallon (small),,,,,,,,,,0,0,Grand Total,,,0,0,,,,,
49,Wed,2026-12-02 00:00:00,Compounding,K2 Kettle - 45 gallon (small),,,,,,,,,,0,0,Grand Total,,,0,0,,,,,
49,Thu,2026-12-03 00:00:00,Compounding,K2 Kettle - 45 gallon (small),,,,,,,,,,0,0,Grand Total,,,0,0,,,,,
49,Fri,2026-12-04 00:00:00,Compounding,K2 Kettle - 45 gallon (small),,,,,,,,,,0,0,Grand Total,,,0,0,,,,,
49,Sat,2026-12-05 00:00:00,Compounding,K2 Kettle - 45 gallon (small),,,,,,,,,,0,0,Grand Total,,,0,0,,,,,
49,Sun,2026-12-06 00:00:00,Compounding,K2 Kettle - 45 gallon (small),,,,,,,,,,0,0,Grand Total,,,0,0,,,,,
50,Mon,2026-12-07 00:00:00,Compounding,K2 Kettle - 45 gallon (small),,,,,,,,,,0,0,Grand Total,,,0,0,,,,,
50,Tue,2026-12-08 00:00:00,Compounding,K2 Kettle - 45 gallon (small),,,,,,,,,,0,0,Grand Total,,,0,0,,,,,
50,Wed,2026-12-09 00:00:00,Compounding,K2 Kettle - 45 gallon (small),,,,,,,,,,0,0,Grand Total,,,0,0,,,,,
50,Thu,2026-12-10 00:00:00,Compounding,K2 Kettle - 45 gallon (small),,,,,,,,,,0,0,Grand Total,,,0,0,,,,,
50,Fri,2026-12-11 00:00:00,Compounding,K2 Kettle - 45 gallon (small),,,,,,,,,,0,0,Grand Total,,,0,0,,,,,
50,Sat,2026-12-12 00:00:00,Compounding,K2 Kettle - 45 gallon (small),,,,,,,,,,0,0,Grand Total,,,0,0,,,,,
50,Sun,2026-12-13 00:00:00,Compounding,K2 Kettle - 45 gallon (small),,,,,,,,,,0,0,Grand Total,,,0,0,,,,,
51,Mon,2026-12-14 00:00:00,Compounding,K2 Kettle - 45 gallon (small),,,,,,,,,,0,0,Grand Total,,,0,0,,,,,
51,Tue,2026-12-15 00:00:00,Compounding,K2 Kettle - 45 gallon (small),,,,,,,,,,0,0,Grand Total,,,0,0,,,,,
51,Wed,2026-12-16 00:00:00,Compounding,K2 Kettle - 45 gallon (small),,,,,,,,,,0,0,Grand Total,,,0,0,,,,,
51,Thu,2026-12-17 00:00:00,Compounding,K2 Kettle - 45 gallon (small),,,,,,,,,,0,0,Grand Total,,,0,0,,,,,
51,Fri,2026-12-18 00:00:00,Compounding,K2 Kettle - 45 gallon (small),,,,,,,,,,0,0,Grand Total,,,0,0,,,,,
51,Sat,2026-12-19 00:00:00,Compounding,K2 Kettle - 45 gallon (small),,,,,,,,,,0,0,Grand Total,,,0,0,,,,,
51,Sun,2026-12-20 00:00:00,Compounding,K2 Kettle - 45 gallon (small),,,,,,,,,,0,0,Grand Total,,,0,0,,,,,
52,Mon,2026-12-21 00:00:00,Compounding,K2 Kettle - 45 gallon (small),,,,,,,,,,0,0,Grand Total,,,0,0,,,,,
52,Tue,2026-12-22 00:00:00,Compounding,K2 Kettle - 45 gallon (small),,,,,,,,,,0,0,Grand Total,,,0,0,,,,,
52,Wed,2026-12-23 00:00:00,Compounding,K2 Kettle - 45 gallon (small),,,,,,,,,,0,0,Grand Total,,,0,0,,,,,
52,Thu,2026-12-24 00:00:00,Compounding,K2 Kettle - 45 gallon (small),,,,,,,,,,0,0,Grand Total,,,0,0,,,,,
52,Fri,2026-12-25 00:00:00,Compounding,K2 Kettle - 45 gallon (small),,,,,,,,,,0,0,Grand Total,,,0,0,,,,,
52,Sat,2026-12-26 00:00:00,Compounding,K2 Kettle - 45 gallon (small),,,,,,,,,,0,0,Grand Total,,,0,0,,,,,
52,Sun,2026-12-27 00:00:00,Compounding,K2 Kettle - 45 gallon (small),,,,,,,,,,0,0,Grand Total,,,0,0,,,,,
53,Mon,2026-12-28 00:00:00,Compounding,K2 Kettle - 45 gallon (small),,,,,,,,,,0,0,Grand Total,,,0,0,,,,,
53,Tue,2026-12-29 00:00:00,Compounding,K2 Kettle - 45 gallon (small),,,,,,,,,,0,0,Grand Total,,,0,0,,,,,
53,Wed,2026-12-30 00:00:00,Compounding,K2 Kettle - 45 gallon (small),,,,,,,,,,0,0,Grand Total,,,0,0,,,,,
53,Thu,2026-12-31 00:00:00,Compounding,K2 Kettle - 45 gallon (small),,,,,,,,,,0,0,Grand Total,,,0,0,,,,,
1,Thu,2026-01-01 00:00:00,Compounding,"K4 Kettle - 662,000 grams (Lee)",,,,,,,,,,0,0,Grand Total,,,0,0,,,,,
1,Fri,2026-01-02 00:00:00,Compounding,"K4 Kettle - 662,000 grams (Lee)",,,,,,,,,,0,0,Grand Total,,,0,0,,,,,
1,Tue,2023-01-03 00:00:00,Compounding,"K4 Kettle - 662,000 grams (Lee)",,,,,,,,,,0,0,Grand Total,,,0,0,,,,,
1,Sun,2026-01-04 00:00:00,Compounding,"K4 Kettle - 662,000 grams (Lee)",,,,,,,,,,0,0,Grand Total,,,0,0,,,,,
2,Mon,2026-01-05 00:00:00,Compounding,"K4 Kettle - 662,000 grams (Lee)",,,,,,,,,,0,0,Grand Total,,,0,0,,,,,
2,Tue,2026-01-06 00:00:00,Compounding,"K4 Kettle - 662,000 grams (Lee)",,,,,,,,,,0,0,Grand Total,,,0,0,,,,,
2,Wed,2026-01-07 00:00:00,Compounding,"K4 Kettle - 662,000 grams (Lee)",,,,,,,,,,0,0,Grand Total,,,0,0,,,,,
2,Thu,2026-01-08 00:00:00,Compounding,"K4 Kettle - 662,000 grams (Lee)",,,,,,,,,,0,0,Grand Total,,,0,0,,,,,
2,Fri,2026-01-09 00:00:00,Compounding,"K4 Kettle - 662,000 grams (Lee)",,,,,,,,,,0,0,Grand Total,,,0,0,,,,,
2,Sat,2026-01-10 00:00:00,Compounding,"K4 Kettle - 662,000 grams (Lee)",,,,,,,,,,0,0,Grand Total,,,0,0,,,,,
2,Sun,2026-01-11 00:00:00,Compounding,"K4 Kettle - 662,000 grams (Lee)",,,,,,,,,,0,0,Grand Total,,,0,0,,,,,
3,Mon,2026-01-12 00:00:00,Compounding,"K4 Kettle - 662,000 grams (Lee)",,,,,,,,,,0,0,Grand Total,,,0,0,,,,,
3,Tue,2026-01-13 00:00:00,Compounding,"K4 Kettle - 662,000 grams (Lee)",,,,,,,,,,0,0,Grand Total,,,0,0,,,,,
3,Wed,2026-01-14 00:00:00,Compounding,"K4 Kettle - 662,000 grams (Lee)",,,,,,,,,,0,0,Grand Total,,,0,0,,,,,
3,Thu,2026-01-15 00:00:00,Compounding,"K4 Kettle - 662,000 grams (Lee)",,,,PM,,,,,,0,0,Grand Total,,,0,0,,,,,
3,Fri,2026-01-16 00:00:00,Compounding,"K4 Kettle - 662,000 grams (Lee)",,,,,,,,,,0,0,Grand Total,,,0,0,,,,,
3,Sat,2026-01-17 00:00:00,Compounding,"K4 Kettle - 662,000 grams (Lee)",,,,,,,,,,0,0,Grand Total,,,0,0,,,,,
3,Sun,2026-01-18 00:00:00,Compounding,"K4 Kettle - 662,000 grams (Lee)",,,,,,,,,,0,0,Grand Total,,,0,0,,,,,
4,Mon,2026-01-19 00:00:00,Compounding,"K4 Kettle - 662,000 grams (Lee)",,,,,,,,,,0,0,Grand Total,,,0,0,,,,,
4,Tue,2026-01-20 00:00:00,Compounding,"K4 Kettle - 662,000 grams (Lee)",,,,,,,,,,0,0,Grand Total,,,0,0,,,,,
4,Wed,2026-01-21 00:00:00,Compounding,"K4 Kettle - 662,000 grams (Lee)",,,,,,,,,,0,0,Grand Total,,,0,0,,,,,
4,Thu,2026-01-22 00:00:00,Compounding,"K4 Kettle - 662,000 grams (Lee)",,,,,,,,,,0,0,Grand Total,,,0,0,,,,,
4,Fri,2026-01-23 00:00:00,Compounding,"K4 Kettle - 662,000 grams (Lee)",,,,,,,,,,0,0,Grand Total,,,0,0,,,,,
4,Sat,2026-01-24 00:00:00,Compounding,"K4 Kettle - 662,000 grams (Lee)",,,,,,,,,,0,0,Grand Total,,,0,0,,,,,
4,Sun,2026-01-25 00:00:00,Compounding,"K4 Kettle - 662,000 grams (Lee)",,,,,,,,,,0,0,Grand Total,,,0,0,,,,,
5,Mon,2026-01-26 00:00:00,Compounding,"K4 Kettle - 662,000 grams (Lee)",,,,,,,,,,0,0,Grand Total,,,0,0,,,,,
5,Tue,2026-01-27 00:00:00,Compounding,"K4 Kettle - 662,000 grams (Lee)",,,,,,,,,,0,0,Grand Total,,,0,0,,,,,
5,Wed,2026-01-28 00:00:00,Compounding,"K4 Kettle - 662,000 grams (Lee)",,,,,,,,,,0,0,Grand Total,,,0,0,,,,,
5,Thu,2026-01-29 00:00:00,Compounding,"K4 Kettle - 662,000 grams (Lee)",,,,,,,,,,0,0,Grand Total,,,0,0,,,,,
5,Fri,2026-01-30 00:00:00,Compounding,"K4 Kettle - 662,000 grams (Lee)",,,,,,,,,,0,0,Grand Total,,,0,0,,,,,
5,Sat,2026-01-31 00:00:00,Compounding,"K4 Kettle - 662,000 grams (Lee)",,,,,,,,,,0,0,Grand Total,,,0,0,,,,,
5,Sun,2026-02-01 00:00:00,Compounding,"K4 Kettle - 662,000 grams (Lee)",,,,,,,,,,0,0,Grand Total,,,0,0,,,,,
6,Mon,2026-02-02 00:00:00,Compounding,"K4 Kettle - 662,000 grams (Lee)",,,,,,,,,,0,0,Grand Total,,,0,0,,,,,
6,Tue,2026-02-03 00:00:00,Compounding,"K4 Kettle - 662,000 grams (Lee)",,,,,,,,,,0,0,Grand Total,,,0,0,,,,,
6,Wed,2026-02-04 00:00:00,Compounding,"K4 Kettle - 662,000 grams (Lee)",,,,,,,,,,0,0,Grand Total,,,0,0,,,,,
6,Thu,2026-02-05 00:00:00,Compounding,"K4 Kettle - 662,000 grams (Lee)",,,,,,,,,,0,0,Grand Total,,,0,0,,,,,
6,Fri,2026-02-06 00:00:00,Compounding,"K4 Kettle - 662,000 grams (Lee)",,,,,,,,,,0,0,Grand Total,,,0,0,,,,,
6,Sat,2026-02-07 00:00:00,Compounding,"K4 Kettle - 662,000 grams (Lee)",,,,,,,,,,0,0,Grand Total,,,0,0,,,,,
6,Sun,2026-02-08 00:00:00,Compounding,"K4 Kettle - 662,000 grams (Lee)",,,,,,,,,,0,0,Grand Total,,,0,0,,,,,
7,Mon,2026-02-09 00:00:00,Compounding,"K4 Kettle - 662,000 grams (Lee)",,,,,,,,,,0,0,Grand Total,,,0,0,,,,,
7,Tue,2026-02-10 00:00:00,Compounding,"K4 Kettle - 662,000 grams (Lee)",,,,,,,,,,0,0,Grand Total,,,0,0,,,,,
7,Wed,2026-02-11 00:00:00,Compounding,"K4 Kettle - 662,000 grams (Lee)",,,,,,,,,,0,0,Grand Total,,,0,0,,,,,
7,Thu,2026-02-12 00:00:00,Compounding,"K4 Kettle - 662,000 grams (Lee)",,,,,,,,,,0,0,Grand Total,,,0,0,,,,,
7,Fri,2026-02-13 00:00:00,Compounding,"K4 Kettle - 662,000 grams (Lee)",,,,,,,,,,0,0,Grand Total,,,0,0,,,,,
7,Sat,2026-02-14 00:00:00,Compounding,"K4 Kettle - 662,000 grams (Lee)",,,,,,,,,,0,0,Grand Total,,,0,0,,,,,
7,Sun,2026-02-15 00:00:00,Compounding,"K4 Kettle - 662,000 grams (Lee)",,,,,,,,,,0,0,Grand Total,,,0,0,,,,,
8,Mon,2026-02-16 00:00:00,Compounding,"K4 Kettle - 662,000 grams (Lee)",,,,,,,,,,0,0,Grand Total,,,0,0,,,,,
8,Tue,2026-02-17 00:00:00,Compounding,"K4 Kettle - 662,000 grams (Lee)",,,,,,,,,,0,0,Grand Total,,,0,0,,,,,
8,Wed,2026-02-18 00:00:00,Compounding,"K4 Kettle - 662,000 grams (Lee)",,,,,,,,,,0,0,Grand Total,,,0,0,,,,,
8,Thu,2026-02-19 00:00:00,Compounding,"K4 Kettle - 662,000 grams (Lee)",,,,,,,,,,0,0,Grand Total,,,0,0,,,,,
8,Fri,2026-02-20 00:00:00,Compounding,"K4 Kettle - 662,000 grams (Lee)",,,,,,,,,,0,0,Grand Total,,,0,0,,,,,
8,Sat,2026-02-21 00:00:00,Compounding,"K4 Kettle - 662,000 grams (Lee)",,,,,,,,,,0,0,Grand Total,,,0,0,,,,,
8,Sun,2026-02-22 00:00:00,Compounding,"K4 Kettle - 662,000 grams (Lee)",,,,,,,,,,0,0,Grand Total,,,0,0,,,,,
9,Mon,2026-02-23 00:00:00,Compounding,"K4 Kettle - 662,000 grams (Lee)",,,,,,,,,,0,0,Grand Total,,,0,0,,,,,
9,Tue,2026-02-24 00:00:00,Compounding,"K4 Kettle - 662,000 grams (Lee)",,,,,,,,,,0,0,Grand Total,,,0,0,,,,,
9,Wed,2026-02-25 00:00:00,Compounding,"K4 Kettle - 662,000 grams (Lee)",,,,,,,,,,0,0,Grand Total,,,0,0,,,,,
9,Thu,2026-02-26 00:00:00,Compounding,"K4 Kettle - 662,000 grams (Lee)",,,,,,,,,,0,0,Grand Total,,,0,0,,,,,
9,Fri,2026-02-27 00:00:00,Compounding,"K4 Kettle - 662,000 grams (Lee)",,,,,,,,,,0,0,Grand Total,,,0,0,,,,,
9,Sat,2026-02-28 00:00:00,Compounding,"K4 Kettle - 662,000 grams (Lee)",,,,,,,,,,0,0,Grand Total,,,0,0,,,,,
9,Sun,2026-03-01 00:00:00,Compounding,"K4 Kettle - 662,000 grams (Lee)",,,,,,,,,,0,0,Grand Total,,,0,0,,,,,
10,Mon,2026-03-02 00:00:00,Compounding,"K4 Kettle - 662,000 grams (Lee)",No,Non Sterile,5809,54800,,7,662000,662000,GM,0,0,Grand Total,,,0,0,No ,,"005678, 005707 QA, 007057 ETA 2/10, 005689 2/16",,
10,Tue,2026-03-03 00:00:00,Compounding,"K4 Kettle - 662,000 grams (Lee)",,,,,,,,,,0,0,Grand Total,,,0,0,,,,,
10,Wed,2026-03-04 00:00:00,Compounding,"K4 Kettle - 662,000 grams (Lee)",,,,,,,,,,0,0,Grand Total,,,0,0,,,,,
10,Thu,2026-03-05 00:00:00,Compounding,"K4 Kettle - 662,000 grams (Lee)",,,,,,,,,,0,0,Grand Total,,,0,0,,,,,
10,Fri,2026-03-06 00:00:00,Compounding,"K4 Kettle - 662,000 grams (Lee)",,,,,,,,,,0,0,Grand Total,,,0,0,,,,,
10,Sat,2026-03-07 00:00:00,Compounding,"K4 Kettle - 662,000 grams (Lee)",,,,,,,,,,0,0,Grand Total,,,0,0,,,,,
10,Sun,2026-03-08 00:00:00,Compounding,"K4 Kettle - 662,000 grams (Lee)",,,,,,,,,,0,0,Grand Total,,,0,0,,,,,
11,Mon,2026-03-09 00:00:00,Compounding,"K4 Kettle - 662,000 grams (Lee)",,,,,,,,,,0,0,Grand Total,,,0,0,,,,,
11,Tue,2026-03-10 00:00:00,Compounding,"K4 Kettle - 662,000 grams (Lee)",,,,,,,,,,0,0,Grand Total,,,0,0,,,,,
11,Wed,2026-03-11 00:00:00,Compounding,"K4 Kettle - 662,000 grams (Lee)",,,,,,,,,,0,0,Grand Total,,,0,0,,,,,
11,Thu,2026-03-12 00:00:00,Compounding,"K4 Kettle - 662,000 grams (Lee)",,,,,,,,,,0,0,Grand Total,,,0,0,,,,,
11,Fri,2026-03-13 00:00:00,Compounding,"K4 Kettle - 662,000 grams (Lee)",,,,,,,,,,0,0,Grand Total,,,0,0,,,,,
11,Sat,2026-03-14 00:00:00,Compounding,"K4 Kettle - 662,000 grams (Lee)",,,,,,,,,,0,0,Grand Total,,,0,0,,,,,
11,Sun,2026-03-15 00:00:00,Compounding,"K4 Kettle - 662,000 grams (Lee)",,,,,,,,,,0,0,Grand Total,,,0,0,,,,,
12,Mon,2026-03-16 00:00:00,Compounding,"K4 Kettle - 662,000 grams (Lee)",,,,,,,,,,0,0,Grand Total,,,0,0,,,,,
12,Tue,2026-03-17 00:00:00,Compounding,"K4 Kettle - 662,000 grams (Lee)",,,,,,,,,,0,0,Grand Total,,,0,0,,,,,
12,Wed,2026-03-18 00:00:00,Compounding,"K4 Kettle - 662,000 grams (Lee)",,,,,,,,,,0,0,Grand Total,,,0,0,,,,,
12,Thu,2026-03-19 00:00:00,Compounding,"K4 Kettle - 662,000 grams (Lee)",,,,,,,,,,0,0,Grand Total,,,0,0,,,,,
12,Fri,2026-03-20 00:00:00,Compounding,"K4 Kettle - 662,000 grams (Lee)",,,,,,,,,,0,0,Grand Total,,,0,0,,,,,
12,Sat,2026-03-21 00:00:00,Compounding,"K4 Kettle - 662,000 grams (Lee)",,,,,,,,,,0,0,Grand Total,,,0,0,,,,,
12,Sun,2026-03-22 00:00:00,Compounding,"K4 Kettle - 662,000 grams (Lee)",,,,,,,,,,0,0,Grand Total,,,0,0,,,,,
13,Mon,2026-03-23 00:00:00,Compounding,"K4 Kettle - 662,000 grams (Lee)",,,,,,,,,,0,0,Grand Total,,,0,0,,,,,
13,Tue,2026-03-24 00:00:00,Compounding,"K4 Kettle - 662,000 grams (Lee)",,,,,,,,,,0,0,Grand Total,,,0,0,,,,,
13,Wed,2026-03-25 00:00:00,Compounding,"K4 Kettle - 662,000 grams (Lee)",,,,,,,,,,0,0,Grand Total,,,0,0,,,,,
13,Thu,2026-03-26 00:00:00,Compounding,"K4 Kettle - 662,000 grams (Lee)",,,,,,,,,,0,0,Grand Total,,,0,0,,,,,
13,Fri,2026-03-27 00:00:00,Compounding,"K4 Kettle - 662,000 grams (Lee)",,,,,,,,,,0,0,Grand Total,,,0,0,,,,,
13,Sat,2026-03-28 00:00:00,Compounding,"K4 Kettle - 662,000 grams (Lee)",,,,,,,,,,0,0,Grand Total,,,0,0,,,,,
13,Sun,2026-03-29 00:00:00,Compounding,"K4 Kettle - 662,000 grams (Lee)",,,,,,,,,,0,0,Grand Total,,,0,0,,,,,
14,Mon,2026-03-30 00:00:00,Compounding,"K4 Kettle - 662,000 grams (Lee)",,,,,,,,,,0,0,Grand Total,,,0,0,,,,,
14,Tue,2026-03-31 00:00:00,Compounding,"K4 Kettle - 662,000 grams (Lee)",,,,,,,,,,0,0,Grand Total,,,0,0,,,,,
14,Wed,2026-04-01 00:00:00,Compounding,"K4 Kettle - 662,000 grams (Lee)",,,,,,,,,,0,0,Grand Total,,,0,0,,,,,
14,Thu,2026-04-02 00:00:00,Compounding,"K4 Kettle - 662,000 grams (Lee)",,,,,,,,,,0,0,Grand Total,,,0,0,,,,,
14,Fri,2026-04-03 00:00:00,Compounding,"K4 Kettle - 662,000 grams (Lee)",,,,,,,,,,0,0,Grand Total,,,0,0,,,,,
14,Sat,2026-04-04 00:00:00,Compounding,"K4 Kettle - 662,000 grams (Lee)",,,,,,,,,,0,0,Grand Total,,,0,0,,,,,
14,Sun,2026-04-05 00:00:00,Compounding,"K4 Kettle - 662,000 grams (Lee)",,,,,,,,,,0,0,Grand Total,,,0,0,,,,,
15,Mon,2026-04-06 00:00:00,Compounding,"K4 Kettle - 662,000 grams (Lee)",,,,,,,,,,0,0,Grand Total,,,0,0,,,,,
15,Tue,2026-04-07 00:00:00,Compounding,"K4 Kettle - 662,000 grams (Lee)",,,,,,,,,,0,0,Grand Total,,,0,0,,,,,
15,Wed,2026-04-08 00:00:00,Compounding,"K4 Kettle - 662,000 grams (Lee)",,,,,,,,,,0,0,Grand Total,,,0,0,,,,,
15,Thu,2026-04-09 00:00:00,Compounding,"K4 Kettle - 662,000 grams (Lee)",,,,,,,,,,0,0,Grand Total,,,0,0,,,,,
15,Fri,2026-04-10 00:00:00,Compounding,"K4 Kettle - 662,000 grams (Lee)",,,,,,,,,,0,0,Grand Total,,,0,0,,,,,
15,Sat,2026-04-11 00:00:00,Compounding,"K4 Kettle - 662,000 grams (Lee)",,,,,,,,,,0,0,Grand Total,,,0,0,,,,,
15,Sun,2026-04-12 00:00:00,Compounding,"K4 Kettle - 662,000 grams (Lee)",,,,,,,,,,0,0,Grand Total,,,0,0,,,,,
16,Mon,2026-04-13 00:00:00,Compounding,"K4 Kettle - 662,000 grams (Lee)",,,,,,,,,,0,0,Grand Total,,,0,0,,,,,
16,Tue,2026-04-14 00:00:00,Compounding,"K4 Kettle - 662,000 grams (Lee)",,,,,,,,,,0,0,Grand Total,,,0,0,,,,,
16,Wed,2026-04-15 00:00:00,Compounding,"K4 Kettle - 662,000 grams (Lee)",,,,,,,,,,0,0,Grand Total,,,0,0,,,,,
16,Thu,2026-04-16 00:00:00,Compounding,"K4 Kettle - 662,000 grams (Lee)",,,,,,,,,,0,0,Grand Total,,,0,0,,,,,
16,Fri,2026-04-17 00:00:00,Compounding,"K4 Kettle - 662,000 grams (Lee)",,,,,,,,,,0,0,Grand Total,,,0,0,,,,,
16,Sat,2026-04-18 00:00:00,Compounding,"K4 Kettle - 662,000 grams (Lee)",,,,,,,,,,0,0,Grand Total,,,0,0,,,,,
16,Sun,2026-04-19 00:00:00,Compounding,"K4 Kettle - 662,000 grams (Lee)",,,,,,,,,,0,0,Grand Total,,,0,0,,,,,
17,Mon,2026-04-20 00:00:00,Compounding,"K4 Kettle - 662,000 grams (Lee)",,,,,,,,,,0,0,Grand Total,,,0,0,,,,,
17,Tue,2026-04-21 00:00:00,Compounding,"K4 Kettle - 662,000 grams (Lee)",,,,,,,,,,0,0,Grand Total,,,0,0,,,,,
17,Wed,2026-04-22 00:00:00,Compounding,"K4 Kettle - 662,000 grams (Lee)",,,,,,,,,,0,0,Grand Total,,,0,0,,,,,
17,Thu,2026-04-23 00:00:00,Compounding,"K4 Kettle - 662,000 grams (Lee)",,,,,,,,,,0,0,Grand Total,,,0,0,,,,,
17,Fri,2026-04-24 00:00:00,Compounding,"K4 Kettle - 662,000 grams (Lee)",,,,,,,,,,0,0,Grand Total,,,0,0,,,,,
17,Sat,2026-04-25 00:00:00,Compounding,"K4 Kettle - 662,000 grams (Lee)",,,,,,,,,,0,0,Grand Total,,,0,0,,,,,
17,Sun,2026-04-26 00:00:00,Compounding,"K4 Kettle - 662,000 grams (Lee)",,,,,,,,,,0,0,Grand Total,,,0,0,,,,,
18,Mon,2026-04-27 00:00:00,Compounding,"K4 Kettle - 662,000 grams (Lee)",,,,,,,,,,0,0,Grand Total,,,0,0,,,,,
18,Tue,2026-04-28 00:00:00,Compounding,"K4 Kettle - 662,000 grams (Lee)",,,,,,,,,,0,0,Grand Total,,,0,0,,,,,
18,Wed,2026-04-29 00:00:00,Compounding,"K4 Kettle - 662,000 grams (Lee)",,,,,,,,,,0,0,Grand Total,,,0,0,,,,,
18,Thu,2026-04-30 00:00:00,Compounding,"K4 Kettle - 662,000 grams (Lee)",,,,,,,,,,0,0,Grand Total,,,0,0,,,,,
18,Fri,2026-05-01 00:00:00,Compounding,"K4 Kettle - 662,000 grams (Lee)",,,,,,,,,,0,0,Grand Total,,,0,0,,,,,
18,Sat,2026-05-02 00:00:00,Compounding,"K4 Kettle - 662,000 grams (Lee)",,,,,,,,,,0,0,Grand Total,,,0,0,,,,,
18,Sun,2026-05-03 00:00:00,Compounding,"K4 Kettle - 662,000 grams (Lee)",,,,,,,,,,0,0,Grand Total,,,0,0,,,,,
19,Mon,2026-05-04 00:00:00,Compounding,"K4 Kettle - 662,000 grams (Lee)",,,,,,,,,,0,0,Grand Total,,,0,0,,,,,
19,Tue,2026-05-05 00:00:00,Compounding,"K4 Kettle - 662,000 grams (Lee)",,,,,,,,,,0,0,Grand Total,,,0,0,,,,,
19,Wed,2026-05-06 00:00:00,Compounding,"K4 Kettle - 662,000 grams (Lee)",,,,,,,,,,0,0,Grand Total,,,0,0,,,,,
19,Thu,2026-05-07 00:00:00,Compounding,"K4 Kettle - 662,000 grams (Lee)",,,,,,,,,,0,0,Grand Total,,,0,0,,,,,
19,Fri,2026-05-08 00:00:00,Compounding,"K4 Kettle - 662,000 grams (Lee)",,,,,,,,,,0,0,Grand Total,,,0,0,,,,,
19,Sat,2026-05-09 00:00:00,Compounding,"K4 Kettle - 662,000 grams (Lee)",,,,,,,,,,0,0,Grand Total,,,0,0,,,,,
19,Sun,2026-05-10 00:00:00,Compounding,"K4 Kettle - 662,000 grams (Lee)",,,,,,,,,,0,0,Grand Total,,,0,0,,,,,
20,Mon,2026-05-11 00:00:00,Compounding,"K4 Kettle - 662,000 grams (Lee)",,,,,,,,,,0,0,Grand Total,,,0,0,,,,,
20,Tue,2026-05-12 00:00:00,Compounding,"K4 Kettle - 662,000 grams (Lee)",,,,,,,,,,0,0,Grand Total,,,0,0,,,,,
20,Wed,2026-05-13 00:00:00,Compounding,"K4 Kettle - 662,000 grams (Lee)",,,,,,,,,,0,0,Grand Total,,,0,0,,,,,
20,Thu,2026-05-14 00:00:00,Compounding,"K4 Kettle - 662,000 grams (Lee)",,,,,,,,,,0,0,Grand Total,,,0,0,,,,,
20,Fri,2026-05-15 00:00:00,Compounding,"K4 Kettle - 662,000 grams (Lee)",,,,,,,,,,0,0,Grand Total,,,0,0,,,,,
20,Sat,2026-05-16 00:00:00,Compounding,"K4 Kettle - 662,000 grams (Lee)",,,,,,,,,,0,0,Grand Total,,,0,0,,,,,
20,Sun,2026-05-17 00:00:00,Compounding,"K4 Kettle - 662,000 grams (Lee)",,,,,,,,,,0,0,Grand Total,,,0,0,,,,,
21,Mon,2026-05-18 00:00:00,Compounding,"K4 Kettle - 662,000 grams (Lee)",,,,,,,,,,0,0,Grand Total,,,0,0,,,,,
21,Tue,2026-05-19 00:00:00,Compounding,"K4 Kettle - 662,000 grams (Lee)",,,,,,,,,,0,0,Grand Total,,,0,0,,,,,
21,Wed,2026-05-20 00:00:00,Compounding,"K4 Kettle - 662,000 grams (Lee)",,,,,,,,,,0,0,Grand Total,,,0,0,,,,,
21,Thu,2026-05-21 00:00:00,Compounding,"K4 Kettle - 662,000 grams (Lee)",,,,,,,,,,0,0,Grand Total,,,0,0,,,,,
21,Fri,2026-05-22 00:00:00,Compounding,"K4 Kettle - 662,000 grams (Lee)",,,,,,,,,,0,0,Grand Total,,,0,0,,,,,
21,Sat,2026-05-23 00:00:00,Compounding,"K4 Kettle - 662,000 grams (Lee)",,,,,,,,,,0,0,Grand Total,,,0,0,,,,,
21,Sun,2026-05-24 00:00:00,Compounding,"K4 Kettle - 662,000 grams (Lee)",,,,,,,,,,0,0,Grand Total,,,0,0,,,,,
22,Mon,2026-05-25 00:00:00,Compounding,"K4 Kettle - 662,000 grams (Lee)",,,,,,,,,,0,0,Grand Total,,,0,0,,,,,
22,Tue,2026-05-26 00:00:00,Compounding,"K4 Kettle - 662,000 grams (Lee)",,,,,,,,,,0,0,Grand Total,,,0,0,,,,,
22,Wed,2026-05-27 00:00:00,Compounding,"K4 Kettle - 662,000 grams (Lee)",,,,,,,,,,0,0,Grand Total,,,0,0,,,,,
22,Thu,2026-05-28 00:00:00,Compounding,"K4 Kettle - 662,000 grams (Lee)",,,,,,,,,,0,0,Grand Total,,,0,0,,,,,
22,Fri,2026-05-29 00:00:00,Compounding,"K4 Kettle - 662,000 grams (Lee)",,,,,,,,,,0,0,Grand Total,,,0,0,,,,,
22,Sat,2026-05-30 00:00:00,Compounding,"K4 Kettle - 662,000 grams (Lee)",,,,,,,,,,0,0,Grand Total,,,0,0,,,,,
22,Sun,2026-05-31 00:00:00,Compounding,"K4 Kettle - 662,000 grams (Lee)",,,,,,,,,,0,0,Grand Total,,,0,0,,,,,
23,Mon,2026-06-01 00:00:00,Compounding,"K4 Kettle - 662,000 grams (Lee)",,,,,,,,,,0,0,Grand Total,,,0,0,,,,,
23,Tue,2026-06-02 00:00:00,Compounding,"K4 Kettle - 662,000 grams (Lee)",,,,,,,,,,0,0,Grand Total,,,0,0,,,,,
23,Wed,2026-06-03 00:00:00,Compounding,"K4 Kettle - 662,000 grams (Lee)",,,,,,,,,,0,0,Grand Total,,,0,0,,,,,
23,Thu,2026-06-04 00:00:00,Compounding,"K4 Kettle - 662,000 grams (Lee)",,,,,,,,,,0,0,Grand Total,,,0,0,,,,,
23,Fri,2026-06-05 00:00:00,Compounding,"K4 Kettle - 662,000 grams (Lee)",,,,,,,,,,0,0,Grand Total,,,0,0,,,,,
23,Sat,2026-06-06 00:00:00,Compounding,"K4 Kettle - 662,000 grams (Lee)",,,,,,,,,,0,0,Grand Total,,,0,0,,,,,
23,Sun,2026-06-07 00:00:00,Compounding,"K4 Kettle - 662,000 grams (Lee)",,,,,,,,,,0,0,Grand Total,,,0,0,,,,,
24,Mon,2026-06-08 00:00:00,Compounding,"K4 Kettle - 662,000 grams (Lee)",,,,,,,,,,0,0,Grand Total,,,0,0,,,,,
24,Tue,2026-06-09 00:00:00,Compounding,"K4 Kettle - 662,000 grams (Lee)",,,,,,,,,,0,0,Grand Total,,,0,0,,,,,
24,Wed,2026-06-10 00:00:00,Compounding,"K4 Kettle - 662,000 grams (Lee)",,,,,,,,,,0,0,Grand Total,,,0,0,,,,,
24,Thu,2026-06-11 00:00:00,Compounding,"K4 Kettle - 662,000 grams (Lee)",,,,,,,,,,0,0,Grand Total,,,0,0,,,,,
24,Fri,2026-06-12 00:00:00,Compounding,"K4 Kettle - 662,000 grams (Lee)",,,,,,,,,,0,0,Grand Total,,,0,0,,,,,
24,Sat,2026-06-13 00:00:00,Compounding,"K4 Kettle - 662,000 grams (Lee)",,,,,,,,,,0,0,Grand Total,,,0,0,,,,,
24,Sun,2026-06-14 00:00:00,Compounding,"K4 Kettle - 662,000 grams (Lee)",,,,,,,,,,0,0,Grand Total,,,0,0,,,,,
25,Mon,2026-06-15 00:00:00,Compounding,"K4 Kettle - 662,000 grams (Lee)",,,,,,,,,,0,0,Grand Total,,,0,0,,,,,
25,Tue,2026-06-16 00:00:00,Compounding,"K4 Kettle - 662,000 grams (Lee)",,,,,,,,,,0,0,Grand Total,,,0,0,,,,,
25,Wed,2026-06-17 00:00:00,Compounding,"K4 Kettle - 662,000 grams (Lee)",,,,,,,,,,0,0,Grand Total,,,0,0,,,,,
25,Thu,2026-06-18 00:00:00,Compounding,"K4 Kettle - 662,000 grams (Lee)",,,,,,,,,,0,0,Grand Total,,,0,0,,,,,
25,Fri,2026-06-19 00:00:00,Compounding,"K4 Kettle - 662,000 grams (Lee)",,,,,,,,,,0,0,Grand Total,,,0,0,,,,,
25,Sat,2026-06-20 00:00:00,Compounding,"K4 Kettle - 662,000 grams (Lee)",,,,,,,,,,0,0,Grand Total,,,0,0,,,,,
25,Sun,2026-06-21 00:00:00,Compounding,"K4 Kettle - 662,000 grams (Lee)",,,,,,,,,,0,0,Grand Total,,,0,0,,,,,
26,Mon,2026-06-22 00:00:00,Compounding,"K4 Kettle - 662,000 grams (Lee)",,,,,,,,,,0,0,Grand Total,,,0,0,,,,,
26,Tue,2026-06-23 00:00:00,Compounding,"K4 Kettle - 662,000 grams (Lee)",,,,,,,,,,0,0,Grand Total,,,0,0,,,,,
26,Wed,2026-06-24 00:00:00,Compounding,"K4 Kettle - 662,000 grams (Lee)",,,,,,,,,,0,0,Grand Total,,,0,0,,,,,
26,Thu,2026-06-25 00:00:00,Compounding,"K4 Kettle - 662,000 grams (Lee)",,,,,,,,,,0,0,Grand Total,,,0,0,,,,,
26,Fri,2026-06-26 00:00:00,Compounding,"K4 Kettle - 662,000 grams (Lee)",,,,,,,,,,0,0,Grand Total,,,0,0,,,,,
26,Sat,2026-06-27 00:00:00,Compounding,"K4 Kettle - 662,000 grams (Lee)",,,,,,,,,,0,0,Grand Total,,,0,0,,,,,
26,Sun,2026-06-28 00:00:00,Compounding,"K4 Kettle - 662,000 grams (Lee)",,,,,,,,,,0,0,Grand Total,,,0,0,,,,,
27,Mon,2026-06-29 00:00:00,Compounding,"K4 Kettle - 662,000 grams (Lee)",,,,,,,,,,0,0,Grand Total,,,0,0,,,,,
27,Tue,2026-06-30 00:00:00,Compounding,"K4 Kettle - 662,000 grams (Lee)",,,,,,,,,,0,0,Grand Total,,,0,0,,,,,
27,Wed,2026-07-01 00:00:00,Compounding,"K4 Kettle - 662,000 grams (Lee)",,,,,,,,,,0,0,Grand Total,,,0,0,,,,,
27,Thu,2026-07-02 00:00:00,Compounding,"K4 Kettle - 662,000 grams (Lee)",,,,,,,,,,0,0,Grand Total,,,0,0,,,,,
27,Fri,2026-07-03 00:00:00,Compounding,"K4 Kettle - 662,000 grams (Lee)",,,,,,,,,,0,0,Grand Total,,,0,0,,,,,
27,Sat,2026-07-04 00:00:00,Compounding,"K4 Kettle - 662,000 grams (Lee)",,,,,,,,,,0,0,Grand Total,,,0,0,,,,,
27,Sun,2026-07-05 00:00:00,Compounding,"K4 Kettle - 662,000 grams (Lee)",,,,,,,,,,0,0,Grand Total,,,0,0,,,,,
28,Mon,2026-07-06 00:00:00,Compounding,"K4 Kettle - 662,000 grams (Lee)",,,,,,,,,,0,0,Grand Total,,,0,0,,,,,
28,Tue,2026-07-07 00:00:00,Compounding,"K4 Kettle - 662,000 grams (Lee)",,,,,,,,,,0,0,Grand Total,,,0,0,,,,,
28,Wed,2026-07-08 00:00:00,Compounding,"K4 Kettle - 662,000 grams (Lee)",,,,,,,,,,0,0,Grand Total,,,0,0,,,,,
28,Thu,2026-07-09 00:00:00,Compounding,"K4 Kettle - 662,000 grams (Lee)",,,,,,,,,,0,0,Grand Total,,,0,0,,,,,
28,Fri,2026-07-10 00:00:00,Compounding,"K4 Kettle - 662,000 grams (Lee)",,,,,,,,,,0,0,Grand Total,,,0,0,,,,,
28,Sat,2026-07-11 00:00:00,Compounding,"K4 Kettle - 662,000 grams (Lee)",,,,,,,,,,0,0,Grand Total,,,0,0,,,,,
28,Sun,2026-07-12 00:00:00,Compounding,"K4 Kettle - 662,000 grams (Lee)",,,,,,,,,,0,0,Grand Total,,,0,0,,,,,
29,Mon,2026-07-13 00:00:00,Compounding,"K4 Kettle - 662,000 grams (Lee)",,,,,,,,,,0,0,Grand Total,,,0,0,,,,,
29,Tue,2026-07-14 00:00:00,Compounding,"K4 Kettle - 662,000 grams (Lee)",,,,,,,,,,0,0,Grand Total,,,0,0,,,,,
29,Wed,2026-07-15 00:00:00,Compounding,"K4 Kettle - 662,000 grams (Lee)",,,,,,,,,,0,0,Grand Total,,,0,0,,,,,
29,Thu,2026-07-16 00:00:00,Compounding,"K4 Kettle - 662,000 grams (Lee)",,,,,,,,,,0,0,Grand Total,,,0,0,,,,,
29,Fri,2026-07-17 00:00:00,Compounding,"K4 Kettle - 662,000 grams (Lee)",,,,,,,,,,0,0,Grand Total,,,0,0,,,,,
29,Sat,2026-07-18 00:00:00,Compounding,"K4 Kettle - 662,000 grams (Lee)",,,,,,,,,,0,0,Grand Total,,,0,0,,,,,
29,Sun,2026-07-19 00:00:00,Compounding,"K4 Kettle - 662,000 grams (Lee)",,,,,,,,,,0,0,Grand Total,,,0,0,,,,,
30,Mon,2026-07-20 00:00:00,Compounding,"K4 Kettle - 662,000 grams (Lee)",,,,,,,,,,0,0,Grand Total,,,0,0,,,,,
30,Tue,2026-07-21 00:00:00,Compounding,"K4 Kettle - 662,000 grams (Lee)",,,,,,,,,,0,0,Grand Total,,,0,0,,,,,
30,Wed,2026-07-22 00:00:00,Compounding,"K4 Kettle - 662,000 grams (Lee)",,,,,,,,,,0,0,Grand Total,,,0,0,,,,,
30,Thu,2026-07-23 00:00:00,Compounding,"K4 Kettle - 662,000 grams (Lee)",,,,,,,,,,0,0,Grand Total,,,0,0,,,,,
30,Fri,2026-07-24 00:00:00,Compounding,"K4 Kettle - 662,000 grams (Lee)",,,,,,,,,,0,0,Grand Total,,,0,0,,,,,
30,Sat,2026-07-25 00:00:00,Compounding,"K4 Kettle - 662,000 grams (Lee)",,,,,,,,,,0,0,Grand Total,,,0,0,,,,,
30,Sun,2026-07-26 00:00:00,Compounding,"K4 Kettle - 662,000 grams (Lee)",,,,,,,,,,0,0,Grand Total,,,0,0,,,,,
31,Mon,2026-07-27 00:00:00,Compounding,"K4 Kettle - 662,000 grams (Lee)",,,,,,,,,,0,0,Grand Total,,,0,0,,,,,
31,Tue,2026-07-28 00:00:00,Compounding,"K4 Kettle - 662,000 grams (Lee)",,,,,,,,,,0,0,Grand Total,,,0,0,,,,,
31,Wed,2026-07-29 00:00:00,Compounding,"K4 Kettle - 662,000 grams (Lee)",,,,,,,,,,0,0,Grand Total,,,0,0,,,,,
31,Thu,2026-07-30 00:00:00,Compounding,"K4 Kettle - 662,000 grams (Lee)",,,,,,,,,,0,0,Grand Total,,,0,0,,,,,
31,Fri,2026-07-31 00:00:00,Compounding,"K4 Kettle - 662,000 grams (Lee)",,,,,,,,,,0,0,Grand Total,,,0,0,,,,,
31,Sat,2026-08-01 00:00:00,Compounding,"K4 Kettle - 662,000 grams (Lee)",,,,,,,,,,0,0,Grand Total,,,0,0,,,,,
31,Sun,2026-08-02 00:00:00,Compounding,"K4 Kettle - 662,000 grams (Lee)",,,,,,,,,,0,0,Grand Total,,,0,0,,,,,
32,Mon,2026-08-03 00:00:00,Compounding,"K4 Kettle - 662,000 grams (Lee)",,,,,,,,,,0,0,Grand Total,,,0,0,,,,,
32,Tue,2026-08-04 00:00:00,Compounding,"K4 Kettle - 662,000 grams (Lee)",,,,,,,,,,0,0,Grand Total,,,0,0,,,,,
32,Wed,2026-08-05 00:00:00,Compounding,"K4 Kettle - 662,000 grams (Lee)",,,,,,,,,,0,0,Grand Total,,,0,0,,,,,
32,Thu,2026-08-06 00:00:00,Compounding,"K4 Kettle - 662,000 grams (Lee)",,,,,,,,,,0,0,Grand Total,,,0,0,,,,,
32,Fri,2026-08-07 00:00:00,Compounding,"K4 Kettle - 662,000 grams (Lee)",,,,,,,,,,0,0,Grand Total,,,0,0,,,,,
32,Sat,2026-08-08 00:00:00,Compounding,"K4 Kettle - 662,000 grams (Lee)",,,,,,,,,,0,0,Grand Total,,,0,0,,,,,
32,Sun,2026-08-09 00:00:00,Compounding,"K4 Kettle - 662,000 grams (Lee)",,,,,,,,,,0,0,Grand Total,,,0,0,,,,,
33,Mon,2026-08-10 00:00:00,Compounding,"K4 Kettle - 662,000 grams (Lee)",,,,,,,,,,0,0,Grand Total,,,0,0,,,,,
33,Tue,2026-08-11 00:00:00,Compounding,"K4 Kettle - 662,000 grams (Lee)",,,,,,,,,,0,0,Grand Total,,,0,0,,,,,
33,Wed,2026-08-12 00:00:00,Compounding,"K4 Kettle - 662,000 grams (Lee)",,,,,,,,,,0,0,Grand Total,,,0,0,,,,,
33,Thu,2026-08-13 00:00:00,Compounding,"K4 Kettle - 662,000 grams (Lee)",,,,,,,,,,0,0,Grand Total,,,0,0,,,,,
33,Fri,2026-08-14 00:00:00,Compounding,"K4 Kettle - 662,000 grams (Lee)",,,,,,,,,,0,0,Grand Total,,,0,0,,,,,
33,Sat,2026-08-15 00:00:00,Compounding,"K4 Kettle - 662,000 grams (Lee)",,,,,,,,,,0,0,Grand Total,,,0,0,,,,,
33,Sun,2026-08-16 00:00:00,Compounding,"K4 Kettle - 662,000 grams (Lee)",,,,,,,,,,0,0,Grand Total,,,0,0,,,,,
34,Mon,2026-08-17 00:00:00,Compounding,"K4 Kettle - 662,000 grams (Lee)",,,,,,,,,,0,0,Grand Total,,,0,0,,,,,
34,Tue,2026-08-18 00:00:00,Compounding,"K4 Kettle - 662,000 grams (Lee)",,,,,,,,,,0,0,Grand Total,,,0,0,,,,,
34,Wed,2026-08-19 00:00:00,Compounding,"K4 Kettle - 662,000 grams (Lee)",,,,,,,,,,0,0,Grand Total,,,0,0,,,,,
34,Thu,2026-08-20 00:00:00,Compounding,"K4 Kettle - 662,000 grams (Lee)",,,,,,,,,,0,0,Grand Total,,,0,0,,,,,
34,Fri,2026-08-21 00:00:00,Compounding,"K4 Kettle - 662,000 grams (Lee)",,,,,,,,,,0,0,Grand Total,,,0,0,,,,,
34,Sat,2026-08-22 00:00:00,Compounding,"K4 Kettle - 662,000 grams (Lee)",,,,,,,,,,0,0,Grand Total,,,0,0,,,,,
34,Sun,2026-08-23 00:00:00,Compounding,"K4 Kettle - 662,000 grams (Lee)",,,,,,,,,,0,0,Grand Total,,,0,0,,,,,
35,Mon,2026-08-24 00:00:00,Compounding,"K4 Kettle - 662,000 grams (Lee)",,,,,,,,,,0,0,Grand Total,,,0,0,,,,,
35,Tue,2026-08-25 00:00:00,Compounding,"K4 Kettle - 662,000 grams (Lee)",,,,,,,,,,0,0,Grand Total,,,0,0,,,,,
35,Wed,2026-08-26 00:00:00,Compounding,"K4 Kettle - 662,000 grams (Lee)",,,,,,,,,,0,0,Grand Total,,,0,0,,,,,
35,Thu,2026-08-27 00:00:00,Compounding,"K4 Kettle - 662,000 grams (Lee)",,,,,,,,,,0,0,Grand Total,,,0,0,,,,,
35,Fri,2026-08-28 00:00:00,Compounding,"K4 Kettle - 662,000 grams (Lee)",,,,,,,,,,0,0,Grand Total,,,0,0,,,,,
35,Sat,2026-08-29 00:00:00,Compounding,"K4 Kettle - 662,000 grams (Lee)",,,,,,,,,,0,0,Grand Total,,,0,0,,,,,
35,Sun,2026-08-30 00:00:00,Compounding,"K4 Kettle - 662,000 grams (Lee)",,,,,,,,,,0,0,Grand Total,,,0,0,,,,,
36,Mon,2026-08-31 00:00:00,Compounding,"K4 Kettle - 662,000 grams (Lee)",,,,,,,,,,0,0,Grand Total,,,0,0,,,,,
36,Tue,2026-09-01 00:00:00,Compounding,"K4 Kettle - 662,000 grams (Lee)",,,,,,,,,,0,0,Grand Total,,,0,0,,,,,
36,Wed,2026-09-02 00:00:00,Compounding,"K4 Kettle - 662,000 grams (Lee)",,,,,,,,,,0,0,Grand Total,,,0,0,,,,,
36,Thu,2026-09-03 00:00:00,Compounding,"K4 Kettle - 662,000 grams (Lee)",,,,,,,,,,0,0,Grand Total,,,0,0,,,,,
36,Fri,2026-09-04 00:00:00,Compounding,"K4 Kettle - 662,000 grams (Lee)",,,,,,,,,,0,0,Grand Total,,,0,0,,,,,
36,Sat,2026-09-05 00:00:00,Compounding,"K4 Kettle - 662,000 grams (Lee)",,,,,,,,,,0,0,Grand Total,,,0,0,,,,,
36,Sun,2026-09-06 00:00:00,Compounding,"K4 Kettle - 662,000 grams (Lee)",,,,,,,,,,0,0,Grand Total,,,0,0,,,,,
37,Mon,2026-09-07 00:00:00,Compounding,"K4 Kettle - 662,000 grams (Lee)",,,,,,,,,,0,0,Grand Total,,,0,0,,,,,
37,Tue,2026-09-08 00:00:00,Compounding,"K4 Kettle - 662,000 grams (Lee)",,,,,,,,,,0,0,Grand Total,,,0,0,,,,,
37,Wed,2026-09-09 00:00:00,Compounding,"K4 Kettle - 662,000 grams (Lee)",,,,,,,,,,0,0,Grand Total,,,0,0,,,,,
37,Thu,2026-09-10 00:00:00,Compounding,"K4 Kettle - 662,000 grams (Lee)",,,,,,,,,,0,0,Grand Total,,,0,0,,,,,
37,Fri,2026-09-11 00:00:00,Compounding,"K4 Kettle - 662,000 grams (Lee)",,,,,,,,,,0,0,Grand Total,,,0,0,,,,,
37,Sat,2026-09-12 00:00:00,Compounding,"K4 Kettle - 662,000 grams (Lee)",,,,,,,,,,0,0,Grand Total,,,0,0,,,,,
37,Sun,2026-09-13 00:00:00,Compounding,"K4 Kettle - 662,000 grams (Lee)",,,,,,,,,,0,0,Grand Total,,,0,0,,,,,
38,Mon,2026-09-14 00:00:00,Compounding,"K4 Kettle - 662,000 grams (Lee)",,,,,,,,,,0,0,Grand Total,,,0,0,,,,,
38,Tue,2026-09-15 00:00:00,Compounding,"K4 Kettle - 662,000 grams (Lee)",,,,,,,,,,0,0,Grand Total,,,0,0,,,,,
38,Wed,2026-09-16 00:00:00,Compounding,"K4 Kettle - 662,000 grams (Lee)",,,,,,,,,,0,0,Grand Total,,,0,0,,,,,
38,Thu,2026-09-17 00:00:00,Compounding,"K4 Kettle - 662,000 grams (Lee)",,,,,,,,,,0,0,Grand Total,,,0,0,,,,,
38,Fri,2026-09-18 00:00:00,Compounding,"K4 Kettle - 662,000 grams (Lee)",,,,,,,,,,0,0,Grand Total,,,0,0,,,,,
38,Sat,2026-09-19 00:00:00,Compounding,"K4 Kettle - 662,000 grams (Lee)",,,,,,,,,,0,0,Grand Total,,,0,0,,,,,
38,Sun,2026-09-20 00:00:00,Compounding,"K4 Kettle - 662,000 grams (Lee)",,,,,,,,,,0,0,Grand Total,,,0,0,,,,,
39,Mon,2026-09-21 00:00:00,Compounding,"K4 Kettle - 662,000 grams (Lee)",,,,,,,,,,0,0,Grand Total,,,0,0,,,,,
39,Tue,2026-09-22 00:00:00,Compounding,"K4 Kettle - 662,000 grams (Lee)",,,,,,,,,,0,0,Grand Total,,,0,0,,,,,
39,Thu,2026-09-24 00:00:00,Compounding,"K4 Kettle - 662,000 grams (Lee)",,,,,,,,,,0,0,Grand Total,,,0,0,,,,,
39,Fri,2026-09-25 00:00:00,Compounding,"K4 Kettle - 662,000 grams (Lee)",,,,,,,,,,0,0,Grand Total,,,0,0,,,,,
39,Sat,2026-09-26 00:00:00,Compounding,"K4 Kettle - 662,000 grams (Lee)",,,,,,,,,,0,0,Grand Total,,,0,0,,,,,
39,Sun,2026-09-27 00:00:00,Compounding,"K4 Kettle - 662,000 grams (Lee)",,,,,,,,,,0,0,Grand Total,,,0,0,,,,,
40,Mon,2026-09-28 00:00:00,Compounding,"K4 Kettle - 662,000 grams (Lee)",,,,,,,,,,0,0,Grand Total,,,0,0,,,,,
40,Tue,2026-09-29 00:00:00,Compounding,"K4 Kettle - 662,000 grams (Lee)",,,,,,,,,,0,0,Grand Total,,,0,0,,,,,
40,Wed,2026-09-30 00:00:00,Compounding,"K4 Kettle - 662,000 grams (Lee)",,,,,,,,,,0,0,Grand Total,,,0,0,,,,,
40,Thu,2026-10-01 00:00:00,Compounding,"K4 Kettle - 662,000 grams (Lee)",,,,,,,,,,0,0,Grand Total,,,0,0,,,,,
40,Fri,2026-10-02 00:00:00,Compounding,"K4 Kettle - 662,000 grams (Lee)",,,,,,,,,,0,0,Grand Total,,,0,0,,,,,
40,Sat,2026-10-03 00:00:00,Compounding,"K4 Kettle - 662,000 grams (Lee)",,,,,,,,,,0,0,Grand Total,,,0,0,,,,,
40,Sun,2026-10-04 00:00:00,Compounding,"K4 Kettle - 662,000 grams (Lee)",,,,,,,,,,0,0,Grand Total,,,0,0,,,,,
41,Mon,2026-10-05 00:00:00,Compounding,"K4 Kettle - 662,000 grams (Lee)",,,,,,,,,,0,0,Grand Total,,,0,0,,,,,
41,Tue,2026-10-06 00:00:00,Compounding,"K4 Kettle - 662,000 grams (Lee)",,,,,,,,,,0,0,Grand Total,,,0,0,,,,,
41,Wed,2026-10-07 00:00:00,Compounding,"K4 Kettle - 662,000 grams (Lee)",,,,,,,,,,0,0,Grand Total,,,0,0,,,,,
41,Thu,2026-10-08 00:00:00,Compounding,"K4 Kettle - 662,000 grams (Lee)",,,,,,,,,,0,0,Grand Total,,,0,0,,,,,
41,Fri,2026-10-09 00:00:00,Compounding,"K4 Kettle - 662,000 grams (Lee)",,,,,,,,,,0,0,Grand Total,,,0,0,,,,,
41,Sat,2026-10-10 00:00:00,Compounding,"K4 Kettle - 662,000 grams (Lee)",,,,,,,,,,0,0,Grand Total,,,0,0,,,,,
41,Sun,2026-10-11 00:00:00,Compounding,"K4 Kettle - 662,000 grams (Lee)",,,,,,,,,,0,0,Grand Total,,,0,0,,,,,
42,Mon,2026-10-12 00:00:00,Compounding,"K4 Kettle - 662,000 grams (Lee)",,,,,,,,,,0,0,Grand Total,,,0,0,,,,,
42,Tue,2026-10-13 00:00:00,Compounding,"K4 Kettle - 662,000 grams (Lee)",,,,,,,,,,0,0,Grand Total,,,0,0,,,,,
42,Wed,2026-10-14 00:00:00,Compounding,"K4 Kettle - 662,000 grams (Lee)",,,,,,,,,,0,0,Grand Total,,,0,0,,,,,
42,Thu,2026-10-15 00:00:00,Compounding,"K4 Kettle - 662,000 grams (Lee)",,,,,,,,,,0,0,Grand Total,,,0,0,,,,,
42,Fri,2026-10-16 00:00:00,Compounding,"K4 Kettle - 662,000 grams (Lee)",,,,,,,,,,0,0,Grand Total,,,0,0,,,,,
42,Sat,2026-10-17 00:00:00,Compounding,"K4 Kettle - 662,000 grams (Lee)",,,,,,,,,,0,0,Grand Total,,,0,0,,,,,
42,Sun,2026-10-18 00:00:00,Compounding,"K4 Kettle - 662,000 grams (Lee)",,,,,,,,,,0,0,Grand Total,,,0,0,,,,,
43,Mon,2026-10-19 00:00:00,Compounding,"K4 Kettle - 662,000 grams (Lee)",,,,,,,,,,0,0,Grand Total,,,0,0,,,,,
43,Tue,2026-10-20 00:00:00,Compounding,"K4 Kettle - 662,000 grams (Lee)",,,,,,,,,,0,0,Grand Total,,,0,0,,,,,
43,Wed,2026-10-21 00:00:00,Compounding,"K4 Kettle - 662,000 grams (Lee)",,,,,,,,,,0,0,Grand Total,,,0,0,,,,,
43,Thu,2026-10-22 00:00:00,Compounding,"K4 Kettle - 662,000 grams (Lee)",,,,,,,,,,0,0,Grand Total,,,0,0,,,,,
43,Fri,2026-10-23 00:00:00,Compounding,"K4 Kettle - 662,000 grams (Lee)",,,,,,,,,,0,0,Grand Total,,,0,0,,,,,
43,Sat,2026-10-24 00:00:00,Compounding,"K4 Kettle - 662,000 grams (Lee)",,,,,,,,,,0,0,Grand Total,,,0,0,,,,,
43,Sun,2026-10-25 00:00:00,Compounding,"K4 Kettle - 662,000 grams (Lee)",,,,,,,,,,0,0,Grand Total,,,0,0,,,,,
44,Mon,2026-10-26 00:00:00,Compounding,"K4 Kettle - 662,000 grams (Lee)",,,,,,,,,,0,0,Grand Total,,,0,0,,,,,
44,Tue,2026-10-27 00:00:00,Compounding,"K4 Kettle - 662,000 grams (Lee)",,,,,,,,,,0,0,Grand Total,,,0,0,,,,,
44,Wed,2026-10-28 00:00:00,Compounding,"K4 Kettle - 662,000 grams (Lee)",,,,,,,,,,0,0,Grand Total,,,0,0,,,,,
44,Thu,2026-10-29 00:00:00,Compounding,"K4 Kettle - 662,000 grams (Lee)",,,,,,,,,,0,0,Grand Total,,,0,0,,,,,
44,Fri,2026-10-30 00:00:00,Compounding,"K4 Kettle - 662,000 grams (Lee)",,,,,,,,,,0,0,Grand Total,,,0,0,,,,,
44,Sat,2026-10-31 00:00:00,Compounding,"K4 Kettle - 662,000 grams (Lee)",,,,,,,,,,0,0,Grand Total,,,0,0,,,,,
44,Sun,2026-11-01 00:00:00,Compounding,"K4 Kettle - 662,000 grams (Lee)",,,,,,,,,,0,0,Grand Total,,,0,0,,,,,
45,Mon,2026-11-02 00:00:00,Compounding,"K4 Kettle - 662,000 grams (Lee)",,,,,,,,,,0,0,Grand Total,,,0,0,,,,,
45,Tue,2026-11-03 00:00:00,Compounding,"K4 Kettle - 662,000 grams (Lee)",,,,,,,,,,0,0,Grand Total,,,0,0,,,,,
45,Wed,2026-11-04 00:00:00,Compounding,"K4 Kettle - 662,000 grams (Lee)",,,,,,,,,,0,0,Grand Total,,,0,0,,,,,
45,Thu,2026-11-05 00:00:00,Compounding,"K4 Kettle - 662,000 grams (Lee)",,,,,,,,,,0,0,Grand Total,,,0,0,,,,,
45,Fri,2026-11-06 00:00:00,Compounding,"K4 Kettle - 662,000 grams (Lee)",,,,,,,,,,0,0,Grand Total,,,0,0,,,,,
45,Sat,2026-11-07 00:00:00,Compounding,"K4 Kettle - 662,000 grams (Lee)",,,,,,,,,,0,0,Grand Total,,,0,0,,,,,
45,Sun,2026-11-08 00:00:00,Compounding,"K4 Kettle - 662,000 grams (Lee)",,,,,,,,,,0,0,Grand Total,,,0,0,,,,,
46,Mon,2026-11-09 00:00:00,Compounding,"K4 Kettle - 662,000 grams (Lee)",,,,,,,,,,0,0,Grand Total,,,0,0,,,,,
46,Tue,2026-11-10 00:00:00,Compounding,"K4 Kettle - 662,000 grams (Lee)",,,,,,,,,,0,0,Grand Total,,,0,0,,,,,
46,Wed,2026-11-11 00:00:00,Compounding,"K4 Kettle - 662,000 grams (Lee)",,,,,,,,,,0,0,Grand Total,,,0,0,,,,,
46,Thu,2026-11-12 00:00:00,Compounding,"K4 Kettle - 662,000 grams (Lee)",,,,,,,,,,0,0,Grand Total,,,0,0,,,,,
46,Fri,2026-11-13 00:00:00,Compounding,"K4 Kettle - 662,000 grams (Lee)",,,,,,,,,,0,0,Grand Total,,,0,0,,,,,
46,Sat,2026-11-14 00:00:00,Compounding,"K4 Kettle - 662,000 grams (Lee)",,,,,,,,,,0,0,Grand Total,,,0,0,,,,,
46,Sun,2026-11-15 00:00:00,Compounding,"K4 Kettle - 662,000 grams (Lee)",,,,,,,,,,0,0,Grand Total,,,0,0,,,,,
47,Mon,2026-11-16 00:00:00,Compounding,"K4 Kettle - 662,000 grams (Lee)",,,,,,,,,,0,0,Grand Total,,,0,0,,,,,
47,Tue,2026-11-17 00:00:00,Compounding,"K4 Kettle - 662,000 grams (Lee)",,,,,,,,,,0,0,Grand Total,,,0,0,,,,,
47,Wed,2026-11-18 00:00:00,Compounding,"K4 Kettle - 662,000 grams (Lee)",,,,,,,,,,0,0,Grand Total,,,0,0,,,,,
47,Thu,2026-11-19 00:00:00,Compounding,"K4 Kettle - 662,000 grams (Lee)",,,,,,,,,,0,0,Grand Total,,,0,0,,,,,
47,Fri,2026-11-20 00:00:00,Compounding,"K4 Kettle - 662,000 grams (Lee)",,,,,,,,,,0,0,Grand Total,,,0,0,,,,,
47,Sat,2026-11-21 00:00:00,Compounding,"K4 Kettle - 662,000 grams (Lee)",,,,,,,,,,0,0,Grand Total,,,0,0,,,,,
47,Sun,2026-11-22 00:00:00,Compounding,"K4 Kettle - 662,000 grams (Lee)",,,,,,,,,,0,0,Grand Total,,,0,0,,,,,
48,Mon,2026-11-23 00:00:00,Compounding,"K4 Kettle - 662,000 grams (Lee)",,,,,,,,,,0,0,Grand Total,,,0,0,,,,,
48,Tue,2026-11-24 00:00:00,Compounding,"K4 Kettle - 662,000 grams (Lee)",,,,,,,,,,0,0,Grand Total,,,0,0,,,,,
48,Wed,2026-11-25 00:00:00,Compounding,"K4 Kettle - 662,000 grams (Lee)",,,,,,,,,,0,0,Grand Total,,,0,0,,,,,
48,Thu,2026-11-26 00:00:00,Compounding,"K4 Kettle - 662,000 grams (Lee)",,,,,,,,,,0,0,Grand Total,,,0,0,,,,,
48,Fri,2026-11-27 00:00:00,Compounding,"K4 Kettle - 662,000 grams (Lee)",,,,,,,,,,0,0,Grand Total,,,0,0,,,,,
48,Sat,2026-11-28 00:00:00,Compounding,"K4 Kettle - 662,000 grams (Lee)",,,,,,,,,,0,0,Grand Total,,,0,0,,,,,
48,Sun,2026-11-29 00:00:00,Compounding,"K4 Kettle - 662,000 grams (Lee)",,,,,,,,,,0,0,Grand Total,,,0,0,,,,,
49,Mon,2026-11-30 00:00:00,Compounding,"K4 Kettle - 662,000 grams (Lee)",,,,,,,,,,0,0,Grand Total,,,0,0,,,,,
49,Tue,2026-12-01 00:00:00,Compounding,"K4 Kettle - 662,000 grams (Lee)",,,,,,,,,,0,0,Grand Total,,,0,0,,,,,
49,Wed,2026-12-02 00:00:00,Compounding,"K4 Kettle - 662,000 grams (Lee)",,,,,,,,,,0,0,Grand Total,,,0,0,,,,,
49,Thu,2026-12-03 00:00:00,Compounding,"K4 Kettle - 662,000 grams (Lee)",,,,,,,,,,0,0,Grand Total,,,0,0,,,,,
49,Fri,2026-12-04 00:00:00,Compounding,"K4 Kettle - 662,000 grams (Lee)",,,,,,,,,,0,0,Grand Total,,,0,0,,,,,
49,Sat,2026-12-05 00:00:00,Compounding,"K4 Kettle - 662,000 grams (Lee)",,,,,,,,,,0,0,Grand Total,,,0,0,,,,,
49,Sun,2026-12-06 00:00:00,Compounding,"K4 Kettle - 662,000 grams (Lee)",,,,,,,,,,0,0,Grand Total,,,0,0,,,,,
50,Mon,2026-12-07 00:00:00,Compounding,"K4 Kettle - 662,000 grams (Lee)",,,,,,,,,,0,0,Grand Total,,,0,0,,,,,
50,Tue,2026-12-08 00:00:00,Compounding,"K4 Kettle - 662,000 grams (Lee)",,,,,,,,,,0,0,Grand Total,,,0,0,,,,,
50,Wed,2026-12-09 00:00:00,Compounding,"K4 Kettle - 662,000 grams (Lee)",,,,,,,,,,0,0,Grand Total,,,0,0,,,,,
50,Thu,2026-12-10 00:00:00,Compounding,"K4 Kettle - 662,000 grams (Lee)",,,,,,,,,,0,0,Grand Total,,,0,0,,,,,
50,Fri,2026-12-11 00:00:00,Compounding,"K4 Kettle - 662,000 grams (Lee)",,,,,,,,,,0,0,Grand Total,,,0,0,,,,,
50,Sat,2026-12-12 00:00:00,Compounding,"K4 Kettle - 662,000 grams (Lee)",,,,,,,,,,0,0,Grand Total,,,0,0,,,,,
50,Sun,2026-12-13 00:00:00,Compounding,"K4 Kettle - 662,000 grams (Lee)",,,,,,,,,,0,0,Grand Total,,,0,0,,,,,
51,Mon,2026-12-14 00:00:00,Compounding,"K4 Kettle - 662,000 grams (Lee)",,,,,,,,,,0,0,Grand Total,,,0,0,,,,,
51,Tue,2026-12-15 00:00:00,Compounding,"K4 Kettle - 662,000 grams (Lee)",,,,,,,,,,0,0,Grand Total,,,0,0,,,,,
51,Wed,2026-12-16 00:00:00,Compounding,"K4 Kettle - 662,000 grams (Lee)",,,,,,,,,,0,0,Grand Total,,,0,0,,,,,
51,Thu,2026-12-17 00:00:00,Compounding,"K4 Kettle - 662,000 grams (Lee)",,,,,,,,,,0,0,Grand Total,,,0,0,,,,,
51,Fri,2026-12-18 00:00:00,Compounding,"K4 Kettle - 662,000 grams (Lee)",,,,,,,,,,0,0,Grand Total,,,0,0,,,,,
51,Sat,2026-12-19 00:00:00,Compounding,"K4 Kettle - 662,000 grams (Lee)",,,,,,,,,,0,0,Grand Total,,,0,0,,,,,
51,Sun,2026-12-20 00:00:00,Compounding,"K4 Kettle - 662,000 grams (Lee)",,,,,,,,,,0,0,Grand Total,,,0,0,,,,,
52,Mon,2026-12-21 00:00:00,Compounding,"K4 Kettle - 662,000 grams (Lee)",,,,,,,,,,0,0,Grand Total,,,0,0,,,,,
52,Tue,2026-12-22 00:00:00,Compounding,"K4 Kettle - 662,000 grams (Lee)",,,,,,,,,,0,0,Grand Total,,,0,0,,,,,
52,Wed,2026-12-23 00:00:00,Compounding,"K4 Kettle - 662,000 grams (Lee)",,,,,,,,,,0,0,Grand Total,,,0,0,,,,,
52,Thu,2026-12-24 00:00:00,Compounding,"K4 Kettle - 662,000 grams (Lee)",,,,,,,,,,0,0,Grand Total,,,0,0,,,,,
52,Fri,2026-12-25 00:00:00,Compounding,"K4 Kettle - 662,000 grams (Lee)",,,,,,,,,,0,0,Grand Total,,,0,0,,,,,
52,Sat,2026-12-26 00:00:00,Compounding,"K4 Kettle - 662,000 grams (Lee)",,,,,,,,,,0,0,Grand Total,,,0,0,,,,,
52,Sun,2026-12-27 00:00:00,Compounding,"K4 Kettle - 662,000 grams (Lee)",,,,,,,,,,0,0,Grand Total,,,0,0,,,,,
53,Mon,2026-12-28 00:00:00,Compounding,"K4 Kettle - 662,000 grams (Lee)",,,,,,,,,,0,0,Grand Total,,,0,0,,,,,
53,Tue,2026-12-29 00:00:00,Compounding,"K4 Kettle - 662,000 grams (Lee)",,,,,,,,,,0,0,Grand Total,,,0,0,,,,,
53,Wed,2026-12-30 00:00:00,Compounding,"K4 Kettle - 662,000 grams (Lee)",,,,,,,,,,0,0,Grand Total,,,0,0,,,,,
53,Thu,2026-12-31 00:00:00,Compounding,"K4 Kettle - 662,000 grams (Lee)",,,,,,,,,,0,0,Grand Total,,,0,0,,,,,
1,Thu,2026-01-01 00:00:00,Compounding,"T2 Tank - 2,000 gallon (7,568,000 grams)",,,,,,,,,,0,0,Grand Total,,,0,0,,,,,
1,Fri,2026-01-02 00:00:00,Compounding,"T2 Tank - 2,000 gallon (7,568,000 grams)",,,,,,,,,,0,0,Grand Total,,,0,0,,,,,
1,Tue,2023-01-03 00:00:00,Compounding,"T2 Tank - 2,000 gallon (7,568,000 grams)",,,,,,,,,,0,0,Grand Total,,,0,0,,,,,
1,Sun,2026-01-04 00:00:00,Compounding,"T2 Tank - 2,000 gallon (7,568,000 grams)",,,,,,,,,,0,0,Grand Total,,,0,0,,,,,
2,Mon,2026-01-05 00:00:00,Compounding,"T2 Tank - 2,000 gallon (7,568,000 grams)",,,,,,,,,,0,0,Grand Total,,,0,0,,,,,
2,Tue,2026-01-06 00:00:00,Compounding,"T2 Tank - 2,000 gallon (7,568,000 grams)",,,,,,,,,,0,0,Grand Total,,,0,0,,,,,
2,Wed,2026-01-07 00:00:00,Compounding,"T2 Tank - 2,000 gallon (7,568,000 grams)",,,,,,,,,,0,0,Grand Total,,,0,0,,,,,
2,Thu,2026-01-08 00:00:00,Compounding,"T2 Tank - 2,000 gallon (7,568,000 grams)",,,,,,,,,,0,0,Grand Total,,,0,0,,,,,
2,Fri,2026-01-09 00:00:00,Compounding,"T2 Tank - 2,000 gallon (7,568,000 grams)",,,,,,,,,,0,0,Grand Total,,,0,0,,,,,
2,Sat,2026-01-10 00:00:00,Compounding,"T2 Tank - 2,000 gallon (7,568,000 grams)",,,,,,,,,,0,0,Grand Total,,,0,0,,,,,
2,Sun,2026-01-11 00:00:00,Compounding,"T2 Tank - 2,000 gallon (7,568,000 grams)",,,,,,,,,,0,0,Grand Total,,,0,0,,,,,
3,Mon,2026-01-12 00:00:00,Compounding,"T2 Tank - 2,000 gallon (7,568,000 grams)",No,Non Sterile,6379,54358,,7,7570000,7570000,GM,0,0,Grand Total,,,0,0,,,"RM 005703 ETA 12/15, 005711 12/17, 005716, 005732, 006325 12/29",,
3,Tue,2026-01-13 00:00:00,Compounding,"T2 Tank - 2,000 gallon (7,568,000 grams)",No,Non Sterile,6379,54359,,7,7570000,7570000,GM,0,0,Grand Total,,,0,0,,,"RM 005703 ETA 12/15, 005711 12/17, 005716, 005732, 006325 12/29",,
3,Wed,2026-01-14 00:00:00,Compounding,"T2 Tank - 2,000 gallon (7,568,000 grams)",No,Non Sterile,6379,54360,,7,7570000,7570000,GM,0,0,Grand Total,,,0,0,,,"RM 005703 ETA 12/15, 005711 12/17, 005716, 005732, 006325 12/29",,
3,Thu,2026-01-15 00:00:00,Compounding,"T2 Tank - 2,000 gallon (7,568,000 grams)",No,Non Sterile,6379,54361,,7,7570000,7570000,GM,0,0,Grand Total,,,0,0,,,"RM 005703 ETA 12/15, 005711 12/17, 005716, 005732, 006325 12/29",,
3,Fri,2026-01-16 00:00:00,Compounding,"T2 Tank - 2,000 gallon (7,568,000 grams)",No,Non Sterile,6379,54362,,7,7570000,7570000,GM,0,0,Grand Total,,,0,0,,,"RM 005703 ETA 12/15, 005711 12/17, 005716, 005732, 006325 12/29",,
3,Sat,2026-01-17 00:00:00,Compounding,"T2 Tank - 2,000 gallon (7,568,000 grams)",,,,,,,,,,0,0,Grand Total,,,0,0,,,,,
3,Sun,2026-01-18 00:00:00,Compounding,"T2 Tank - 2,000 gallon (7,568,000 grams)",,,,,,,,,,0,0,Grand Total,,,0,0,,,,,
4,Mon,2026-01-19 00:00:00,Compounding,"T2 Tank - 2,000 gallon (7,568,000 grams)",,,,,,,,,,0,0,Grand Total,,,0,0,,,"RM 005703 ETA 12/15, 005711 12/17, 005716, 005732, 006325 12/29",,
4,Tue,2026-01-20 00:00:00,Compounding,"T2 Tank - 2,000 gallon (7,568,000 grams)",,,,,,,,,,0,0,Grand Total,,,0,0,,,,,
4,Wed,2026-01-21 00:00:00,Compounding,"T2 Tank - 2,000 gallon (7,568,000 grams)",,,,,,,,,,0,0,Grand Total,,,0,0,,,,,
4,Thu,2026-01-22 00:00:00,Compounding,"T2 Tank - 2,000 gallon (7,568,000 grams)",,,,,,,,,,0,0,Grand Total,,,0,0,,,,,
4,Fri,2026-01-23 00:00:00,Compounding,"T2 Tank - 2,000 gallon (7,568,000 grams)",,,,,,,,,,0,0,Grand Total,,,0,0,,,,,
4,Sat,2026-01-24 00:00:00,Compounding,"T2 Tank - 2,000 gallon (7,568,000 grams)",,,,,,,,,,0,0,Grand Total,,,0,0,,,,,
4,Sun,2026-01-25 00:00:00,Compounding,"T2 Tank - 2,000 gallon (7,568,000 grams)",,,,,,,,,,0,0,Grand Total,,,0,0,,,,,
5,Mon,2026-01-26 00:00:00,Compounding,"T2 Tank - 2,000 gallon (7,568,000 grams)",,,,,,,,,,0,0,Grand Total,,,0,0,,,,,
5,Tue,2026-01-27 00:00:00,Compounding,"T2 Tank - 2,000 gallon (7,568,000 grams)",,,,,,,,,,0,0,Grand Total,,,0,0,,,,,
5,Wed,2026-01-28 00:00:00,Compounding,"T2 Tank - 2,000 gallon (7,568,000 grams)",No,Non Sterile,7577,53904,,7,7570000,7570000,GM,0,0,Grand Total,,,0,0,,,,,
5,Thu,2026-01-29 00:00:00,Compounding,"T2 Tank - 2,000 gallon (7,568,000 grams)",No,Non Sterile,7577,53905,,7,7570000,7570000,GM,0,0,Grand Total,,,0,0,,,,,
5,Fri,2026-01-30 00:00:00,Compounding,"T2 Tank - 2,000 gallon (7,568,000 grams)",No,Non Sterile,7577,53906,,7,7570000,7570000,GM,0,0,Grand Total,,,0,0,,,,,
5,Sat,2026-01-31 00:00:00,Compounding,"T2 Tank - 2,000 gallon (7,568,000 grams)",,,,,,,,,,0,0,Grand Total,,,0,0,,,,,
5,Sun,2026-02-01 00:00:00,Compounding,"T2 Tank - 2,000 gallon (7,568,000 grams)",,,,,,,,,,0,0,Grand Total,,,0,0,,,,,
6,Mon,2026-02-02 00:00:00,Compounding,"T2 Tank - 2,000 gallon (7,568,000 grams)",,,,,,,,,,0,0,Grand Total,,,0,0,,,,,
6,Tue,2026-02-03 00:00:00,Compounding,"T2 Tank - 2,000 gallon (7,568,000 grams)",,,,,,,,,,0,0,Grand Total,,,0,0,,,,,
6,Wed,2026-02-04 00:00:00,Compounding,"T2 Tank - 2,000 gallon (7,568,000 grams)",,,,,,,,,,0,0,Grand Total,,,0,0,,,,,
6,Thu,2026-02-05 00:00:00,Compounding,"T2 Tank - 2,000 gallon (7,568,000 grams)",,,,,,,,,,0,0,Grand Total,,,0,0,,,,,
6,Fri,2026-02-06 00:00:00,Compounding,"T2 Tank - 2,000 gallon (7,568,000 grams)",,,,,,,,,,0,0,Grand Total,,,0,0,,,,,
6,Sat,2026-02-07 00:00:00,Compounding,"T2 Tank - 2,000 gallon (7,568,000 grams)",,,,,,,,,,0,0,Grand Total,,,0,0,,,,,
6,Sun,2026-02-08 00:00:00,Compounding,"T2 Tank - 2,000 gallon (7,568,000 grams)",,,,,,,,,,0,0,Grand Total,,,0,0,,,,,
7,Mon,2026-02-09 00:00:00,Compounding,"T2 Tank - 2,000 gallon (7,568,000 grams)",,,,,,,,,,0,0,Grand Total,,,0,0,,,,,
7,Tue,2026-02-10 00:00:00,Compounding,"T2 Tank - 2,000 gallon (7,568,000 grams)",,,,,,,,,,0,0,Grand Total,,,0,0,,,,,
7,Wed,2026-02-11 00:00:00,Compounding,"T2 Tank - 2,000 gallon (7,568,000 grams)",,,,,,,,,,0,0,Grand Total,,,0,0,,,,,
7,Thu,2026-02-12 00:00:00,Compounding,"T2 Tank - 2,000 gallon (7,568,000 grams)",,,,,,,,,,0,0,Grand Total,,,0,0,,,,,
7,Fri,2026-02-13 00:00:00,Compounding,"T2 Tank - 2,000 gallon (7,568,000 grams)",,,,,,,,,,0,0,Grand Total,,,0,0,,,,,
7,Sat,2026-02-14 00:00:00,Compounding,"T2 Tank - 2,000 gallon (7,568,000 grams)",,,,,,,,,,0,0,Grand Total,,,0,0,,,,,
7,Sun,2026-02-15 00:00:00,Compounding,"T2 Tank - 2,000 gallon (7,568,000 grams)",,,,,,,,,,0,0,Grand Total,,,0,0,,,,,
8,Mon,2026-02-16 00:00:00,Compounding,"T2 Tank - 2,000 gallon (7,568,000 grams)",,,,,,,,,,0,0,Grand Total,,,0,0,,,,,
8,Tue,2026-02-17 00:00:00,Compounding,"T2 Tank - 2,000 gallon (7,568,000 grams)",,,,,,,,,,0,0,Grand Total,,,0,0,,,,,
8,Wed,2026-02-18 00:00:00,Compounding,"T2 Tank - 2,000 gallon (7,568,000 grams)",,,,,,,,,,0,0,Grand Total,,,0,0,,,,,
8,Thu,2026-02-19 00:00:00,Compounding,"T2 Tank - 2,000 gallon (7,568,000 grams)",No,Non Sterile,5767,54848,,7,1020000,1020000,GM,0,0,Grand Total,,,0,0,,,,,
8,Fri,2026-02-20 00:00:00,Compounding,"T2 Tank - 2,000 gallon (7,568,000 grams)",No,Non Sterile,5767,54849,,7,1020000,1020000,GM,0,0,Grand Total,,,0,0,,,,,
8,Sat,2026-02-21 00:00:00,Compounding,"T2 Tank - 2,000 gallon (7,568,000 grams)",,,,,,,,,,0,0,Grand Total,,,0,0,,,,,
8,Sun,2026-02-22 00:00:00,Compounding,"T2 Tank - 2,000 gallon (7,568,000 grams)",,,,,,,,,,0,0,Grand Total,,,0,0,,,,,
9,Mon,2026-02-23 00:00:00,Compounding,"T2 Tank - 2,000 gallon (7,568,000 grams)",,,,,,,,,,0,0,Grand Total,,,0,0,,,,,
9,Tue,2026-02-24 00:00:00,Compounding,"T2 Tank - 2,000 gallon (7,568,000 grams)",,,,,,,,,,0,0,Grand Total,,,0,0,,,,,
9,Wed,2026-02-25 00:00:00,Compounding,"T2 Tank - 2,000 gallon (7,568,000 grams)",,,,,,,,,,0,0,Grand Total,,,0,0,,,,,
9,Thu,2026-02-26 00:00:00,Compounding,"T2 Tank - 2,000 gallon (7,568,000 grams)",,,,,,,,,,0,0,Grand Total,,,0,0,,,,,
9,Fri,2026-02-27 00:00:00,Compounding,"T2 Tank - 2,000 gallon (7,568,000 grams)",,,,,,,,,,0,0,Grand Total,,,0,0,,,,,
9,Sat,2026-02-28 00:00:00,Compounding,"T2 Tank - 2,000 gallon (7,568,000 grams)",,,,,,,,,,0,0,Grand Total,,,0,0,,,,,
9,Sun,2026-03-01 00:00:00,Compounding,"T2 Tank - 2,000 gallon (7,568,000 grams)",,,,,,,,,,0,0,Grand Total,,,0,0,,,,,
10,Mon,2026-03-02 00:00:00,Compounding,"T2 Tank - 2,000 gallon (7,568,000 grams)",,,,,,,,,,0,0,Grand Total,,,0,0,,,,,
10,Tue,2026-03-03 00:00:00,Compounding,"T2 Tank - 2,000 gallon (7,568,000 grams)",,,,,,,,,,0,0,Grand Total,,,0,0,,,,,
10,Wed,2026-03-04 00:00:00,Compounding,"T2 Tank - 2,000 gallon (7,568,000 grams)",,,,,,,,,,0,0,Grand Total,,,0,0,,,,,
10,Thu,2026-03-05 00:00:00,Compounding,"T2 Tank - 2,000 gallon (7,568,000 grams)",,,,,,,,,,0,0,Grand Total,,,0,0,,,,,
10,Fri,2026-03-06 00:00:00,Compounding,"T2 Tank - 2,000 gallon (7,568,000 grams)",,,,,,,,,,0,0,Grand Total,,,0,0,,,,,
10,Sat,2026-03-07 00:00:00,Compounding,"T2 Tank - 2,000 gallon (7,568,000 grams)",,,,,,,,,,0,0,Grand Total,,,0,0,,,,,
10,Sun,2026-03-08 00:00:00,Compounding,"T2 Tank - 2,000 gallon (7,568,000 grams)",,,,,,,,,,0,0,Grand Total,,,0,0,,,,,
11,Mon,2026-03-09 00:00:00,Compounding,"T2 Tank - 2,000 gallon (7,568,000 grams)",,,,,,,,,,0,0,Grand Total,,,0,0,,,,,
11,Tue,2026-03-10 00:00:00,Compounding,"T2 Tank - 2,000 gallon (7,568,000 grams)",,,,,,,,,,0,0,Grand Total,,,0,0,,,,,
11,Wed,2026-03-11 00:00:00,Compounding,"T2 Tank - 2,000 gallon (7,568,000 grams)",,,,,,,,,,0,0,Grand Total,,,0,0,,,,,
11,Thu,2026-03-12 00:00:00,Compounding,"T2 Tank - 2,000 gallon (7,568,000 grams)",,,,,,,,,,0,0,Grand Total,,,0,0,,,,,
11,Fri,2026-03-13 00:00:00,Compounding,"T2 Tank - 2,000 gallon (7,568,000 grams)",,,,,,,,,,0,0,Grand Total,,,0,0,,,,,
11,Sat,2026-03-14 00:00:00,Compounding,"T2 Tank - 2,000 gallon (7,568,000 grams)",,,,,,,,,,0,0,Grand Total,,,0,0,,,,,
11,Sun,2026-03-15 00:00:00,Compounding,"T2 Tank - 2,000 gallon (7,568,000 grams)",,,,,,,,,,0,0,Grand Total,,,0,0,,,,,
12,Mon,2026-03-16 00:00:00,Compounding,"T2 Tank - 2,000 gallon (7,568,000 grams)",,,,,,,,,,0,0,Grand Total,,,0,0,,,,,
12,Tue,2026-03-17 00:00:00,Compounding,"T2 Tank - 2,000 gallon (7,568,000 grams)",,,,,,,,,,0,0,Grand Total,,,0,0,,,,,
12,Wed,2026-03-18 00:00:00,Compounding,"T2 Tank - 2,000 gallon (7,568,000 grams)",,,,,,,,,,0,0,Grand Total,,,0,0,,,,,
12,Thu,2026-03-19 00:00:00,Compounding,"T2 Tank - 2,000 gallon (7,568,000 grams)",,,,,,,,,,0,0,Grand Total,,,0,0,,,,,
12,Fri,2026-03-20 00:00:00,Compounding,"T2 Tank - 2,000 gallon (7,568,000 grams)",,,,,,,,,,0,0,Grand Total,,,0,0,,,,,
12,Sat,2026-03-21 00:00:00,Compounding,"T2 Tank - 2,000 gallon (7,568,000 grams)",,,,,,,,,,0,0,Grand Total,,,0,0,,,,,
12,Sun,2026-03-22 00:00:00,Compounding,"T2 Tank - 2,000 gallon (7,568,000 grams)",,,,,,,,,,0,0,Grand Total,,,0,0,,,,,
13,Mon,2026-03-23 00:00:00,Compounding,"T2 Tank - 2,000 gallon (7,568,000 grams)",,,,,,,,,,0,0,Grand Total,,,0,0,,,,,
13,Tue,2026-03-24 00:00:00,Compounding,"T2 Tank - 2,000 gallon (7,568,000 grams)",,,,,,,,,,0,0,Grand Total,,,0,0,,,,,
13,Wed,2026-03-25 00:00:00,Compounding,"T2 Tank - 2,000 gallon (7,568,000 grams)",,,,,,,,,,0,0,Grand Total,,,0,0,,,,,
13,Thu,2026-03-26 00:00:00,Compounding,"T2 Tank - 2,000 gallon (7,568,000 grams)",,,,,,,,,,0,0,Grand Total,,,0,0,,,,,
13,Fri,2026-03-27 00:00:00,Compounding,"T2 Tank - 2,000 gallon (7,568,000 grams)",,,,,,,,,,0,0,Grand Total,,,0,0,,,,,
13,Sat,2026-03-28 00:00:00,Compounding,"T2 Tank - 2,000 gallon (7,568,000 grams)",,,,,,,,,,0,0,Grand Total,,,0,0,,,,,
13,Sun,2026-03-29 00:00:00,Compounding,"T2 Tank - 2,000 gallon (7,568,000 grams)",,,,,,,,,,0,0,Grand Total,,,0,0,,,,,
14,Mon,2026-03-30 00:00:00,Compounding,"T2 Tank - 2,000 gallon (7,568,000 grams)",,,,,,,,,,0,0,Grand Total,,,0,0,,,,,
14,Tue,2026-03-31 00:00:00,Compounding,"T2 Tank - 2,000 gallon (7,568,000 grams)",,,,,,,,,,0,0,Grand Total,,,0,0,,,,,
14,Wed,2026-04-01 00:00:00,Compounding,"T2 Tank - 2,000 gallon (7,568,000 grams)",,,,,,,,,,0,0,Grand Total,,,0,0,,,,,
14,Thu,2026-04-02 00:00:00,Compounding,"T2 Tank - 2,000 gallon (7,568,000 grams)",,,,,,,,,,0,0,Grand Total,,,0,0,,,,,
14,Fri,2026-04-03 00:00:00,Compounding,"T2 Tank - 2,000 gallon (7,568,000 grams)",,,,,,,,,,0,0,Grand Total,,,0,0,,,,,
14,Sat,2026-04-04 00:00:00,Compounding,"T2 Tank - 2,000 gallon (7,568,000 grams)",,,,,,,,,,0,0,Grand Total,,,0,0,,,,,
14,Sun,2026-04-05 00:00:00,Compounding,"T2 Tank - 2,000 gallon (7,568,000 grams)",,,,,,,,,,0,0,Grand Total,,,0,0,,,,,
15,Mon,2026-04-06 00:00:00,Compounding,"T2 Tank - 2,000 gallon (7,568,000 grams)",,,,,,,,,,0,0,Grand Total,,,0,0,,,,,
15,Tue,2026-04-07 00:00:00,Compounding,"T2 Tank - 2,000 gallon (7,568,000 grams)",,,,,,,,,,0,0,Grand Total,,,0,0,,,,,
15,Wed,2026-04-08 00:00:00,Compounding,"T2 Tank - 2,000 gallon (7,568,000 grams)",,,,,,,,,,0,0,Grand Total,,,0,0,,,,,
15,Thu,2026-04-09 00:00:00,Compounding,"T2 Tank - 2,000 gallon (7,568,000 grams)",,,,,,,,,,0,0,Grand Total,,,0,0,,,,,
15,Fri,2026-04-10 00:00:00,Compounding,"T2 Tank - 2,000 gallon (7,568,000 grams)",,,,,,,,,,0,0,Grand Total,,,0,0,,,,,
15,Sat,2026-04-11 00:00:00,Compounding,"T2 Tank - 2,000 gallon (7,568,000 grams)",,,,,,,,,,0,0,Grand Total,,,0,0,,,,,
15,Sun,2026-04-12 00:00:00,Compounding,"T2 Tank - 2,000 gallon (7,568,000 grams)",,,,,,,,,,0,0,Grand Total,,,0,0,,,,,
16,Mon,2026-04-13 00:00:00,Compounding,"T2 Tank - 2,000 gallon (7,568,000 grams)",,,,,,,,,,0,0,Grand Total,,,0,0,,,,,
16,Tue,2026-04-14 00:00:00,Compounding,"T2 Tank - 2,000 gallon (7,568,000 grams)",,,,,,,,,,0,0,Grand Total,,,0,0,,,,,
16,Wed,2026-04-15 00:00:00,Compounding,"T2 Tank - 2,000 gallon (7,568,000 grams)",,,,,,,,,,0,0,Grand Total,,,0,0,,,,,
16,Thu,2026-04-16 00:00:00,Compounding,"T2 Tank - 2,000 gallon (7,568,000 grams)",,,,,,,,,,0,0,Grand Total,,,0,0,,,,,
16,Fri,2026-04-17 00:00:00,Compounding,"T2 Tank - 2,000 gallon (7,568,000 grams)",,,,,,,,,,0,0,Grand Total,,,0,0,,,,,
16,Sat,2026-04-18 00:00:00,Compounding,"T2 Tank - 2,000 gallon (7,568,000 grams)",,,,,,,,,,0,0,Grand Total,,,0,0,,,,,
16,Sun,2026-04-19 00:00:00,Compounding,"T2 Tank - 2,000 gallon (7,568,000 grams)",,,,,,,,,,0,0,Grand Total,,,0,0,,,,,
17,Mon,2026-04-20 00:00:00,Compounding,"T2 Tank - 2,000 gallon (7,568,000 grams)",,,,,,,,,,0,0,Grand Total,,,0,0,,,,,
17,Tue,2026-04-21 00:00:00,Compounding,"T2 Tank - 2,000 gallon (7,568,000 grams)",,,,,,,,,,0,0,Grand Total,,,0,0,,,,,
17,Wed,2026-04-22 00:00:00,Compounding,"T2 Tank - 2,000 gallon (7,568,000 grams)",,,,,,,,,,0,0,Grand Total,,,0,0,,,,,
17,Thu,2026-04-23 00:00:00,Compounding,"T2 Tank - 2,000 gallon (7,568,000 grams)",,,,,,,,,,0,0,Grand Total,,,0,0,,,,,
17,Fri,2026-04-24 00:00:00,Compounding,"T2 Tank - 2,000 gallon (7,568,000 grams)",,,,,,,,,,0,0,Grand Total,,,0,0,,,,,
17,Sat,2026-04-25 00:00:00,Compounding,"T2 Tank - 2,000 gallon (7,568,000 grams)",,,,,,,,,,0,0,Grand Total,,,0,0,,,,,
17,Sun,2026-04-26 00:00:00,Compounding,"T2 Tank - 2,000 gallon (7,568,000 grams)",,,,,,,,,,0,0,Grand Total,,,0,0,,,,,
18,Mon,2026-04-27 00:00:00,Compounding,"T2 Tank - 2,000 gallon (7,568,000 grams)",,,,,,,,,,0,0,Grand Total,,,0,0,,,,,
18,Tue,2026-04-28 00:00:00,Compounding,"T2 Tank - 2,000 gallon (7,568,000 grams)",,,,,,,,,,0,0,Grand Total,,,0,0,,,,,
18,Wed,2026-04-29 00:00:00,Compounding,"T2 Tank - 2,000 gallon (7,568,000 grams)",,,,,,,,,,0,0,Grand Total,,,0,0,,,,,
18,Thu,2026-04-30 00:00:00,Compounding,"T2 Tank - 2,000 gallon (7,568,000 grams)",,,,,,,,,,0,0,Grand Total,,,0,0,,,,,
18,Fri,2026-05-01 00:00:00,Compounding,"T2 Tank - 2,000 gallon (7,568,000 grams)",,,,,,,,,,0,0,Grand Total,,,0,0,,,,,
18,Sat,2026-05-02 00:00:00,Compounding,"T2 Tank - 2,000 gallon (7,568,000 grams)",,,,,,,,,,0,0,Grand Total,,,0,0,,,,,
18,Sun,2026-05-03 00:00:00,Compounding,"T2 Tank - 2,000 gallon (7,568,000 grams)",,,,,,,,,,0,0,Grand Total,,,0,0,,,,,
19,Mon,2026-05-04 00:00:00,Compounding,"T2 Tank - 2,000 gallon (7,568,000 grams)",,,,,,,,,,0,0,Grand Total,,,0,0,,,,,
19,Tue,2026-05-05 00:00:00,Compounding,"T2 Tank - 2,000 gallon (7,568,000 grams)",,,,,,,,,,0,0,Grand Total,,,0,0,,,,,
19,Wed,2026-05-06 00:00:00,Compounding,"T2 Tank - 2,000 gallon (7,568,000 grams)",,,,,,,,,,0,0,Grand Total,,,0,0,,,,,
19,Thu,2026-05-07 00:00:00,Compounding,"T2 Tank - 2,000 gallon (7,568,000 grams)",,,,,,,,,,0,0,Grand Total,,,0,0,,,,,
19,Fri,2026-05-08 00:00:00,Compounding,"T2 Tank - 2,000 gallon (7,568,000 grams)",,,,,,,,,,0,0,Grand Total,,,0,0,,,,,
19,Sat,2026-05-09 00:00:00,Compounding,"T2 Tank - 2,000 gallon (7,568,000 grams)",,,,,,,,,,0,0,Grand Total,,,0,0,,,,,
19,Sun,2026-05-10 00:00:00,Compounding,"T2 Tank - 2,000 gallon (7,568,000 grams)",,,,,,,,,,0,0,Grand Total,,,0,0,,,,,
20,Mon,2026-05-11 00:00:00,Compounding,"T2 Tank - 2,000 gallon (7,568,000 grams)",,,,,,,,,,0,0,Grand Total,,,0,0,,,,,
20,Tue,2026-05-12 00:00:00,Compounding,"T2 Tank - 2,000 gallon (7,568,000 grams)",,,,,,,,,,0,0,Grand Total,,,0,0,,,,,
20,Wed,2026-05-13 00:00:00,Compounding,"T2 Tank - 2,000 gallon (7,568,000 grams)",,,,,,,,,,0,0,Grand Total,,,0,0,,,,,
20,Thu,2026-05-14 00:00:00,Compounding,"T2 Tank - 2,000 gallon (7,568,000 grams)",,,,,,,,,,0,0,Grand Total,,,0,0,,,,,
20,Fri,2026-05-15 00:00:00,Compounding,"T2 Tank - 2,000 gallon (7,568,000 grams)",,,,,,,,,,0,0,Grand Total,,,0,0,,,,,
20,Sat,2026-05-16 00:00:00,Compounding,"T2 Tank - 2,000 gallon (7,568,000 grams)",,,,,,,,,,0,0,Grand Total,,,0,0,,,,,
20,Sun,2026-05-17 00:00:00,Compounding,"T2 Tank - 2,000 gallon (7,568,000 grams)",,,,,,,,,,0,0,Grand Total,,,0,0,,,,,
21,Mon,2026-05-18 00:00:00,Compounding,"T2 Tank - 2,000 gallon (7,568,000 grams)",,,,,,,,,,0,0,Grand Total,,,0,0,,,,,
21,Tue,2026-05-19 00:00:00,Compounding,"T2 Tank - 2,000 gallon (7,568,000 grams)",,,,,,,,,,0,0,Grand Total,,,0,0,,,,,
21,Wed,2026-05-20 00:00:00,Compounding,"T2 Tank - 2,000 gallon (7,568,000 grams)",,,,,,,,,,0,0,Grand Total,,,0,0,,,,,
21,Thu,2026-05-21 00:00:00,Compounding,"T2 Tank - 2,000 gallon (7,568,000 grams)",,,,,,,,,,0,0,Grand Total,,,0,0,,,,,
21,Fri,2026-05-22 00:00:00,Compounding,"T2 Tank - 2,000 gallon (7,568,000 grams)",,,,,,,,,,0,0,Grand Total,,,0,0,,,,,
21,Sat,2026-05-23 00:00:00,Compounding,"T2 Tank - 2,000 gallon (7,568,000 grams)",,,,,,,,,,0,0,Grand Total,,,0,0,,,,,
21,Sun,2026-05-24 00:00:00,Compounding,"T2 Tank - 2,000 gallon (7,568,000 grams)",,,,,,,,,,0,0,Grand Total,,,0,0,,,,,
22,Mon,2026-05-25 00:00:00,Compounding,"T2 Tank - 2,000 gallon (7,568,000 grams)",,,,,,,,,,0,0,Grand Total,,,0,0,,,,,
22,Tue,2026-05-26 00:00:00,Compounding,"T2 Tank - 2,000 gallon (7,568,000 grams)",,,,,,,,,,0,0,Grand Total,,,0,0,,,,,
22,Wed,2026-05-27 00:00:00,Compounding,"T2 Tank - 2,000 gallon (7,568,000 grams)",,,,,,,,,,0,0,Grand Total,,,0,0,,,,,
22,Thu,2026-05-28 00:00:00,Compounding,"T2 Tank - 2,000 gallon (7,568,000 grams)",,,,,,,,,,0,0,Grand Total,,,0,0,,,,,
22,Fri,2026-05-29 00:00:00,Compounding,"T2 Tank - 2,000 gallon (7,568,000 grams)",,,,,,,,,,0,0,Grand Total,,,0,0,,,,,
22,Sat,2026-05-30 00:00:00,Compounding,"T2 Tank - 2,000 gallon (7,568,000 grams)",,,,,,,,,,0,0,Grand Total,,,0,0,,,,,
22,Sun,2026-05-31 00:00:00,Compounding,"T2 Tank - 2,000 gallon (7,568,000 grams)",,,,,,,,,,0,0,Grand Total,,,0,0,,,,,
23,Mon,2026-06-01 00:00:00,Compounding,"T2 Tank - 2,000 gallon (7,568,000 grams)",,,,,,,,,,0,0,Grand Total,,,0,0,,,,,
23,Tue,2026-06-02 00:00:00,Compounding,"T2 Tank - 2,000 gallon (7,568,000 grams)",,,,,,,,,,0,0,Grand Total,,,0,0,,,,,
23,Wed,2026-06-03 00:00:00,Compounding,"T2 Tank - 2,000 gallon (7,568,000 grams)",,,,,,,,,,0,0,Grand Total,,,0,0,,,,,
23,Thu,2026-06-04 00:00:00,Compounding,"T2 Tank - 2,000 gallon (7,568,000 grams)",,,,,,,,,,0,0,Grand Total,,,0,0,,,,,
23,Fri,2026-06-05 00:00:00,Compounding,"T2 Tank - 2,000 gallon (7,568,000 grams)",,,,,,,,,,0,0,Grand Total,,,0,0,,,,,
23,Sat,2026-06-06 00:00:00,Compounding,"T2 Tank - 2,000 gallon (7,568,000 grams)",,,,,,,,,,0,0,Grand Total,,,0,0,,,,,
23,Sun,2026-06-07 00:00:00,Compounding,"T2 Tank - 2,000 gallon (7,568,000 grams)",,,,,,,,,,0,0,Grand Total,,,0,0,,,,,
24,Mon,2026-06-08 00:00:00,Compounding,"T2 Tank - 2,000 gallon (7,568,000 grams)",,,,,,,,,,0,0,Grand Total,,,0,0,,,,,
24,Tue,2026-06-09 00:00:00,Compounding,"T2 Tank - 2,000 gallon (7,568,000 grams)",,,,,,,,,,0,0,Grand Total,,,0,0,,,,,
24,Wed,2026-06-10 00:00:00,Compounding,"T2 Tank - 2,000 gallon (7,568,000 grams)",,,,,,,,,,0,0,Grand Total,,,0,0,,,,,
24,Thu,2026-06-11 00:00:00,Compounding,"T2 Tank - 2,000 gallon (7,568,000 grams)",,,,,,,,,,0,0,Grand Total,,,0,0,,,,,
24,Fri,2026-06-12 00:00:00,Compounding,"T2 Tank - 2,000 gallon (7,568,000 grams)",,,,,,,,,,0,0,Grand Total,,,0,0,,,,,
24,Sat,2026-06-13 00:00:00,Compounding,"T2 Tank - 2,000 gallon (7,568,000 grams)",,,,,,,,,,0,0,Grand Total,,,0,0,,,,,
24,Sun,2026-06-14 00:00:00,Compounding,"T2 Tank - 2,000 gallon (7,568,000 grams)",,,,,,,,,,0,0,Grand Total,,,0,0,,,,,
25,Mon,2026-06-15 00:00:00,Compounding,"T2 Tank - 2,000 gallon (7,568,000 grams)",,,,,,,,,,0,0,Grand Total,,,0,0,,,,,
25,Tue,2026-06-16 00:00:00,Compounding,"T2 Tank - 2,000 gallon (7,568,000 grams)",,,,,,,,,,0,0,Grand Total,,,0,0,,,,,
25,Wed,2026-06-17 00:00:00,Compounding,"T2 Tank - 2,000 gallon (7,568,000 grams)",,,,,,,,,,0,0,Grand Total,,,0,0,,,,,
25,Thu,2026-06-18 00:00:00,Compounding,"T2 Tank - 2,000 gallon (7,568,000 grams)",,,,,,,,,,0,0,Grand Total,,,0,0,,,,,
25,Fri,2026-06-19 00:00:00,Compounding,"T2 Tank - 2,000 gallon (7,568,000 grams)",,,,,,,,,,0,0,Grand Total,,,0,0,,,,,
25,Sat,2026-06-20 00:00:00,Compounding,"T2 Tank - 2,000 gallon (7,568,000 grams)",,,,,,,,,,0,0,Grand Total,,,0,0,,,,,
25,Sun,2026-06-21 00:00:00,Compounding,"T2 Tank - 2,000 gallon (7,568,000 grams)",,,,,,,,,,0,0,Grand Total,,,0,0,,,,,
26,Mon,2026-06-22 00:00:00,Compounding,"T2 Tank - 2,000 gallon (7,568,000 grams)",,,,,,,,,,0,0,Grand Total,,,0,0,,,,,
26,Tue,2026-06-23 00:00:00,Compounding,"T2 Tank - 2,000 gallon (7,568,000 grams)",,,,,,,,,,0,0,Grand Total,,,0,0,,,,,
26,Wed,2026-06-24 00:00:00,Compounding,"T2 Tank - 2,000 gallon (7,568,000 grams)",,,,,,,,,,0,0,Grand Total,,,0,0,,,,,
26,Thu,2026-06-25 00:00:00,Compounding,"T2 Tank - 2,000 gallon (7,568,000 grams)",,,,,,,,,,0,0,Grand Total,,,0,0,,,,,
26,Fri,2026-06-26 00:00:00,Compounding,"T2 Tank - 2,000 gallon (7,568,000 grams)",,,,,,,,,,0,0,Grand Total,,,0,0,,,,,
26,Sat,2026-06-27 00:00:00,Compounding,"T2 Tank - 2,000 gallon (7,568,000 grams)",,,,,,,,,,0,0,Grand Total,,,0,0,,,,,
26,Sun,2026-06-28 00:00:00,Compounding,"T2 Tank - 2,000 gallon (7,568,000 grams)",,,,,,,,,,0,0,Grand Total,,,0,0,,,,,
27,Mon,2026-06-29 00:00:00,Compounding,"T2 Tank - 2,000 gallon (7,568,000 grams)",,,,,,,,,,0,0,Grand Total,,,0,0,,,,,
27,Tue,2026-06-30 00:00:00,Compounding,"T2 Tank - 2,000 gallon (7,568,000 grams)",,,,,,,,,,0,0,Grand Total,,,0,0,,,,,
27,Wed,2026-07-01 00:00:00,Compounding,"T2 Tank - 2,000 gallon (7,568,000 grams)",,,,,,,,,,0,0,Grand Total,,,0,0,,,,,
27,Thu,2026-07-02 00:00:00,Compounding,"T2 Tank - 2,000 gallon (7,568,000 grams)",,,,,,,,,,0,0,Grand Total,,,0,0,,,,,
27,Fri,2026-07-03 00:00:00,Compounding,"T2 Tank - 2,000 gallon (7,568,000 grams)",,,,,,,,,,0,0,Grand Total,,,0,0,,,,,
27,Sat,2026-07-04 00:00:00,Compounding,"T2 Tank - 2,000 gallon (7,568,000 grams)",,,,,,,,,,0,0,Grand Total,,,0,0,,,,,
27,Sun,2026-07-05 00:00:00,Compounding,"T2 Tank - 2,000 gallon (7,568,000 grams)",,,,,,,,,,0,0,Grand Total,,,0,0,,,,,
28,Mon,2026-07-06 00:00:00,Compounding,"T2 Tank - 2,000 gallon (7,568,000 grams)",,,,,,,,,,0,0,Grand Total,,,0,0,,,,,
28,Tue,2026-07-07 00:00:00,Compounding,"T2 Tank - 2,000 gallon (7,568,000 grams)",,,,,,,,,,0,0,Grand Total,,,0,0,,,,,
28,Wed,2026-07-08 00:00:00,Compounding,"T2 Tank - 2,000 gallon (7,568,000 grams)",,,,,,,,,,0,0,Grand Total,,,0,0,,,,,
28,Thu,2026-07-09 00:00:00,Compounding,"T2 Tank - 2,000 gallon (7,568,000 grams)",,,,,,,,,,0,0,Grand Total,,,0,0,,,,,
28,Fri,2026-07-10 00:00:00,Compounding,"T2 Tank - 2,000 gallon (7,568,000 grams)",,,,,,,,,,0,0,Grand Total,,,0,0,,,,,
28,Sat,2026-07-11 00:00:00,Compounding,"T2 Tank - 2,000 gallon (7,568,000 grams)",,,,,,,,,,0,0,Grand Total,,,0,0,,,,,
28,Sun,2026-07-12 00:00:00,Compounding,"T2 Tank - 2,000 gallon (7,568,000 grams)",,,,,,,,,,0,0,Grand Total,,,0,0,,,,,
29,Mon,2026-07-13 00:00:00,Compounding,"T2 Tank - 2,000 gallon (7,568,000 grams)",,,,,,,,,,0,0,Grand Total,,,0,0,,,,,
29,Tue,2026-07-14 00:00:00,Compounding,"T2 Tank - 2,000 gallon (7,568,000 grams)",,,,,,,,,,0,0,Grand Total,,,0,0,,,,,
29,Wed,2026-07-15 00:00:00,Compounding,"T2 Tank - 2,000 gallon (7,568,000 grams)",,,,,,,,,,0,0,Grand Total,,,0,0,,,,,
29,Thu,2026-07-16 00:00:00,Compounding,"T2 Tank - 2,000 gallon (7,568,000 grams)",,,,,,,,,,0,0,Grand Total,,,0,0,,,,,
29,Fri,2026-07-17 00:00:00,Compounding,"T2 Tank - 2,000 gallon (7,568,000 grams)",,,,,,,,,,0,0,Grand Total,,,0,0,,,,,
29,Sat,2026-07-18 00:00:00,Compounding,"T2 Tank - 2,000 gallon (7,568,000 grams)",,,,,,,,,,0,0,Grand Total,,,0,0,,,,,
29,Sun,2026-07-19 00:00:00,Compounding,"T2 Tank - 2,000 gallon (7,568,000 grams)",,,,,,,,,,0,0,Grand Total,,,0,0,,,,,
30,Mon,2026-07-20 00:00:00,Compounding,"T2 Tank - 2,000 gallon (7,568,000 grams)",,,,,,,,,,0,0,Grand Total,,,0,0,,,,,
30,Tue,2026-07-21 00:00:00,Compounding,"T2 Tank - 2,000 gallon (7,568,000 grams)",,,,,,,,,,0,0,Grand Total,,,0,0,,,,,
30,Wed,2026-07-22 00:00:00,Compounding,"T2 Tank - 2,000 gallon (7,568,000 grams)",,,,,,,,,,0,0,Grand Total,,,0,0,,,,,
30,Thu,2026-07-23 00:00:00,Compounding,"T2 Tank - 2,000 gallon (7,568,000 grams)",,,,,,,,,,0,0,Grand Total,,,0,0,,,,,
30,Fri,2026-07-24 00:00:00,Compounding,"T2 Tank - 2,000 gallon (7,568,000 grams)",,,,,,,,,,0,0,Grand Total,,,0,0,,,,,
30,Sat,2026-07-25 00:00:00,Compounding,"T2 Tank - 2,000 gallon (7,568,000 grams)",,,,,,,,,,0,0,Grand Total,,,0,0,,,,,
30,Sun,2026-07-26 00:00:00,Compounding,"T2 Tank - 2,000 gallon (7,568,000 grams)",,,,,,,,,,0,0,Grand Total,,,0,0,,,,,
31,Mon,2026-07-27 00:00:00,Compounding,"T2 Tank - 2,000 gallon (7,568,000 grams)",,,,,,,,,,0,0,Grand Total,,,0,0,,,,,
31,Tue,2026-07-28 00:00:00,Compounding,"T2 Tank - 2,000 gallon (7,568,000 grams)",,,,,,,,,,0,0,Grand Total,,,0,0,,,,,
31,Wed,2026-07-29 00:00:00,Compounding,"T2 Tank - 2,000 gallon (7,568,000 grams)",,,,,,,,,,0,0,Grand Total,,,0,0,,,,,
31,Thu,2026-07-30 00:00:00,Compounding,"T2 Tank - 2,000 gallon (7,568,000 grams)",,,,,,,,,,0,0,Grand Total,,,0,0,,,,,
31,Fri,2026-07-31 00:00:00,Compounding,"T2 Tank - 2,000 gallon (7,568,000 grams)",,,,,,,,,,0,0,Grand Total,,,0,0,,,,,
31,Sat,2026-08-01 00:00:00,Compounding,"T2 Tank - 2,000 gallon (7,568,000 grams)",,,,,,,,,,0,0,Grand Total,,,0,0,,,,,
31,Sun,2026-08-02 00:00:00,Compounding,"T2 Tank - 2,000 gallon (7,568,000 grams)",,,,,,,,,,0,0,Grand Total,,,0,0,,,,,
32,Mon,2026-08-03 00:00:00,Compounding,"T2 Tank - 2,000 gallon (7,568,000 grams)",,,,,,,,,,0,0,Grand Total,,,0,0,,,,,
32,Tue,2026-08-04 00:00:00,Compounding,"T2 Tank - 2,000 gallon (7,568,000 grams)",,,,,,,,,,0,0,Grand Total,,,0,0,,,,,
32,Wed,2026-08-05 00:00:00,Compounding,"T2 Tank - 2,000 gallon (7,568,000 grams)",,,,,,,,,,0,0,Grand Total,,,0,0,,,,,
32,Thu,2026-08-06 00:00:00,Compounding,"T2 Tank - 2,000 gallon (7,568,000 grams)",,,,,,,,,,0,0,Grand Total,,,0,0,,,,,
32,Fri,2026-08-07 00:00:00,Compounding,"T2 Tank - 2,000 gallon (7,568,000 grams)",,,,,,,,,,0,0,Grand Total,,,0,0,,,,,
32,Sat,2026-08-08 00:00:00,Compounding,"T2 Tank - 2,000 gallon (7,568,000 grams)",,,,,,,,,,0,0,Grand Total,,,0,0,,,,,
32,Sun,2026-08-09 00:00:00,Compounding,"T2 Tank - 2,000 gallon (7,568,000 grams)",,,,,,,,,,0,0,Grand Total,,,0,0,,,,,
33,Mon,2026-08-10 00:00:00,Compounding,"T2 Tank - 2,000 gallon (7,568,000 grams)",,,,,,,,,,0,0,Grand Total,,,0,0,,,,,
33,Tue,2026-08-11 00:00:00,Compounding,"T2 Tank - 2,000 gallon (7,568,000 grams)",,,,,,,,,,0,0,Grand Total,,,0,0,,,,,
33,Wed,2026-08-12 00:00:00,Compounding,"T2 Tank - 2,000 gallon (7,568,000 grams)",,,,,,,,,,0,0,Grand Total,,,0,0,,,,,
33,Thu,2026-08-13 00:00:00,Compounding,"T2 Tank - 2,000 gallon (7,568,000 grams)",,,,,,,,,,0,0,Grand Total,,,0,0,,,,,
33,Fri,2026-08-14 00:00:00,Compounding,"T2 Tank - 2,000 gallon (7,568,000 grams)",,,,,,,,,,0,0,Grand Total,,,0,0,,,,,
33,Sat,2026-08-15 00:00:00,Compounding,"T2 Tank - 2,000 gallon (7,568,000 grams)",,,,,,,,,,0,0,Grand Total,,,0,0,,,,,
33,Sun,2026-08-16 00:00:00,Compounding,"T2 Tank - 2,000 gallon (7,568,000 grams)",,,,,,,,,,0,0,Grand Total,,,0,0,,,,,
34,Mon,2026-08-17 00:00:00,Compounding,"T2 Tank - 2,000 gallon (7,568,000 grams)",,,,,,,,,,0,0,Grand Total,,,0,0,,,,,
34,Tue,2026-08-18 00:00:00,Compounding,"T2 Tank - 2,000 gallon (7,568,000 grams)",,,,,,,,,,0,0,Grand Total,,,0,0,,,,,
34,Wed,2026-08-19 00:00:00,Compounding,"T2 Tank - 2,000 gallon (7,568,000 grams)",,,,,,,,,,0,0,Grand Total,,,0,0,,,,,
34,Thu,2026-08-20 00:00:00,Compounding,"T2 Tank - 2,000 gallon (7,568,000 grams)",,,,,,,,,,0,0,Grand Total,,,0,0,,,,,
34,Fri,2026-08-21 00:00:00,Compounding,"T2 Tank - 2,000 gallon (7,568,000 grams)",,,,,,,,,,0,0,Grand Total,,,0,0,,,,,
34,Sat,2026-08-22 00:00:00,Compounding,"T2 Tank - 2,000 gallon (7,568,000 grams)",,,,,,,,,,0,0,Grand Total,,,0,0,,,,,
34,Sun,2026-08-23 00:00:00,Compounding,"T2 Tank - 2,000 gallon (7,568,000 grams)",,,,,,,,,,0,0,Grand Total,,,0,0,,,,,
35,Mon,2026-08-24 00:00:00,Compounding,"T2 Tank - 2,000 gallon (7,568,000 grams)",,,,,,,,,,0,0,Grand Total,,,0,0,,,,,
35,Tue,2026-08-25 00:00:00,Compounding,"T2 Tank - 2,000 gallon (7,568,000 grams)",,,,,,,,,,0,0,Grand Total,,,0,0,,,,,
35,Wed,2026-08-26 00:00:00,Compounding,"T2 Tank - 2,000 gallon (7,568,000 grams)",,,,,,,,,,0,0,Grand Total,,,0,0,,,,,
35,Thu,2026-08-27 00:00:00,Compounding,"T2 Tank - 2,000 gallon (7,568,000 grams)",,,,,,,,,,0,0,Grand Total,,,0,0,,,,,
35,Fri,2026-08-28 00:00:00,Compounding,"T2 Tank - 2,000 gallon (7,568,000 grams)",,,,,,,,,,0,0,Grand Total,,,0,0,,,,,
35,Sat,2026-08-29 00:00:00,Compounding,"T2 Tank - 2,000 gallon (7,568,000 grams)",,,,,,,,,,0,0,Grand Total,,,0,0,,,,,
35,Sun,2026-08-30 00:00:00,Compounding,"T2 Tank - 2,000 gallon (7,568,000 grams)",,,,,,,,,,0,0,Grand Total,,,0,0,,,,,
36,Mon,2026-08-31 00:00:00,Compounding,"T2 Tank - 2,000 gallon (7,568,000 grams)",,,,,,,,,,0,0,Grand Total,,,0,0,,,,,
36,Tue,2026-09-01 00:00:00,Compounding,"T2 Tank - 2,000 gallon (7,568,000 grams)",,,,,,,,,,0,0,Grand Total,,,0,0,,,,,
36,Wed,2026-09-02 00:00:00,Compounding,"T2 Tank - 2,000 gallon (7,568,000 grams)",,,,,,,,,,0,0,Grand Total,,,0,0,,,,,
36,Thu,2026-09-03 00:00:00,Compounding,"T2 Tank - 2,000 gallon (7,568,000 grams)",,,,,,,,,,0,0,Grand Total,,,0,0,,,,,
36,Fri,2026-09-04 00:00:00,Compounding,"T2 Tank - 2,000 gallon (7,568,000 grams)",,,,,,,,,,0,0,Grand Total,,,0,0,,,,,
36,Sat,2026-09-05 00:00:00,Compounding,"T2 Tank - 2,000 gallon (7,568,000 grams)",,,,,,,,,,0,0,Grand Total,,,0,0,,,,,
36,Sun,2026-09-06 00:00:00,Compounding,"T2 Tank - 2,000 gallon (7,568,000 grams)",,,,,,,,,,0,0,Grand Total,,,0,0,,,,,
37,Mon,2026-09-07 00:00:00,Compounding,"T2 Tank - 2,000 gallon (7,568,000 grams)",,,,,,,,,,0,0,Grand Total,,,0,0,,,,,
37,Tue,2026-09-08 00:00:00,Compounding,"T2 Tank - 2,000 gallon (7,568,000 grams)",,,,,,,,,,0,0,Grand Total,,,0,0,,,,,
37,Wed,2026-09-09 00:00:00,Compounding,"T2 Tank - 2,000 gallon (7,568,000 grams)",,,,,,,,,,0,0,Grand Total,,,0,0,,,,,
37,Thu,2026-09-10 00:00:00,Compounding,"T2 Tank - 2,000 gallon (7,568,000 grams)",,,,,,,,,,0,0,Grand Total,,,0,0,,,,,
37,Fri,2026-09-11 00:00:00,Compounding,"T2 Tank - 2,000 gallon (7,568,000 grams)",,,,,,,,,,0,0,Grand Total,,,0,0,,,,,
37,Sat,2026-09-12 00:00:00,Compounding,"T2 Tank - 2,000 gallon (7,568,000 grams)",,,,,,,,,,0,0,Grand Total,,,0,0,,,,,
37,Sun,2026-09-13 00:00:00,Compounding,"T2 Tank - 2,000 gallon (7,568,000 grams)",,,,,,,,,,0,0,Grand Total,,,0,0,,,,,
38,Mon,2026-09-14 00:00:00,Compounding,"T2 Tank - 2,000 gallon (7,568,000 grams)",,,,,,,,,,0,0,Grand Total,,,0,0,,,,,
38,Tue,2026-09-15 00:00:00,Compounding,"T2 Tank - 2,000 gallon (7,568,000 grams)",,,,,,,,,,0,0,Grand Total,,,0,0,,,,,
38,Wed,2026-09-16 00:00:00,Compounding,"T2 Tank - 2,000 gallon (7,568,000 grams)",,,,,,,,,,0,0,Grand Total,,,0,0,,,,,
38,Thu,2026-09-17 00:00:00,Compounding,"T2 Tank - 2,000 gallon (7,568,000 grams)",,,,,,,,,,0,0,Grand Total,,,0,0,,,,,
38,Fri,2026-09-18 00:00:00,Compounding,"T2 Tank - 2,000 gallon (7,568,000 grams)",,,,,,,,,,0,0,Grand Total,,,0,0,,,,,
38,Sat,2026-09-19 00:00:00,Compounding,"T2 Tank - 2,000 gallon (7,568,000 grams)",,,,,,,,,,0,0,Grand Total,,,0,0,,,,,
38,Sun,2026-09-20 00:00:00,Compounding,"T2 Tank - 2,000 gallon (7,568,000 grams)",,,,,,,,,,0,0,Grand Total,,,0,0,,,,,
39,Mon,2026-09-21 00:00:00,Compounding,"T2 Tank - 2,000 gallon (7,568,000 grams)",,,,,,,,,,0,0,Grand Total,,,0,0,,,,,
39,Tue,2026-09-22 00:00:00,Compounding,"T2 Tank - 2,000 gallon (7,568,000 grams)",,,,,,,,,,0,0,Grand Total,,,0,0,,,,,
39,Thu,2026-09-24 00:00:00,Compounding,"T2 Tank - 2,000 gallon (7,568,000 grams)",,,,,,,,,,0,0,Grand Total,,,0,0,,,,,
39,Fri,2026-09-25 00:00:00,Compounding,"T2 Tank - 2,000 gallon (7,568,000 grams)",,,,,,,,,,0,0,Grand Total,,,0,0,,,,,
39,Sat,2026-09-26 00:00:00,Compounding,"T2 Tank - 2,000 gallon (7,568,000 grams)",,,,,,,,,,0,0,Grand Total,,,0,0,,,,,
39,Sun,2026-09-27 00:00:00,Compounding,"T2 Tank - 2,000 gallon (7,568,000 grams)",,,,,,,,,,0,0,Grand Total,,,0,0,,,,,
40,Mon,2026-09-28 00:00:00,Compounding,"T2 Tank - 2,000 gallon (7,568,000 grams)",,,,,,,,,,0,0,Grand Total,,,0,0,,,,,
40,Tue,2026-09-29 00:00:00,Compounding,"T2 Tank - 2,000 gallon (7,568,000 grams)",,,,,,,,,,0,0,Grand Total,,,0,0,,,,,
40,Wed,2026-09-30 00:00:00,Compounding,"T2 Tank - 2,000 gallon (7,568,000 grams)",,,,,,,,,,0,0,Grand Total,,,0,0,,,,,
40,Thu,2026-10-01 00:00:00,Compounding,"T2 Tank - 2,000 gallon (7,568,000 grams)",,,,,,,,,,0,0,Grand Total,,,0,0,,,,,
40,Fri,2026-10-02 00:00:00,Compounding,"T2 Tank - 2,000 gallon (7,568,000 grams)",,,,,,,,,,0,0,Grand Total,,,0,0,,,,,
40,Sat,2026-10-03 00:00:00,Compounding,"T2 Tank - 2,000 gallon (7,568,000 grams)",,,,,,,,,,0,0,Grand Total,,,0,0,,,,,
40,Sun,2026-10-04 00:00:00,Compounding,"T2 Tank - 2,000 gallon (7,568,000 grams)",,,,,,,,,,0,0,Grand Total,,,0,0,,,,,
41,Mon,2026-10-05 00:00:00,Compounding,"T2 Tank - 2,000 gallon (7,568,000 grams)",,,,,,,,,,0,0,Grand Total,,,0,0,,,,,
41,Tue,2026-10-06 00:00:00,Compounding,"T2 Tank - 2,000 gallon (7,568,000 grams)",,,,,,,,,,0,0,Grand Total,,,0,0,,,,,
41,Wed,2026-10-07 00:00:00,Compounding,"T2 Tank - 2,000 gallon (7,568,000 grams)",,,,,,,,,,0,0,Grand Total,,,0,0,,,,,
41,Thu,2026-10-08 00:00:00,Compounding,"T2 Tank - 2,000 gallon (7,568,000 grams)",,,,,,,,,,0,0,Grand Total,,,0,0,,,,,
41,Fri,2026-10-09 00:00:00,Compounding,"T2 Tank - 2,000 gallon (7,568,000 grams)",,,,,,,,,,0,0,Grand Total,,,0,0,,,,,
41,Sat,2026-10-10 00:00:00,Compounding,"T2 Tank - 2,000 gallon (7,568,000 grams)",,,,,,,,,,0,0,Grand Total,,,0,0,,,,,
41,Sun,2026-10-11 00:00:00,Compounding,"T2 Tank - 2,000 gallon (7,568,000 grams)",,,,,,,,,,0,0,Grand Total,,,0,0,,,,,
42,Mon,2026-10-12 00:00:00,Compounding,"T2 Tank - 2,000 gallon (7,568,000 grams)",,,,,,,,,,0,0,Grand Total,,,0,0,,,,,
42,Tue,2026-10-13 00:00:00,Compounding,"T2 Tank - 2,000 gallon (7,568,000 grams)",,,,,,,,,,0,0,Grand Total,,,0,0,,,,,
42,Wed,2026-10-14 00:00:00,Compounding,"T2 Tank - 2,000 gallon (7,568,000 grams)",,,,,,,,,,0,0,Grand Total,,,0,0,,,,,
42,Thu,2026-10-15 00:00:00,Compounding,"T2 Tank - 2,000 gallon (7,568,000 grams)",,,,,,,,,,0,0,Grand Total,,,0,0,,,,,
42,Fri,2026-10-16 00:00:00,Compounding,"T2 Tank - 2,000 gallon (7,568,000 grams)",,,,,,,,,,0,0,Grand Total,,,0,0,,,,,
42,Sat,2026-10-17 00:00:00,Compounding,"T2 Tank - 2,000 gallon (7,568,000 grams)",,,,,,,,,,0,0,Grand Total,,,0,0,,,,,
42,Sun,2026-10-18 00:00:00,Compounding,"T2 Tank - 2,000 gallon (7,568,000 grams)",,,,,,,,,,0,0,Grand Total,,,0,0,,,,,
43,Mon,2026-10-19 00:00:00,Compounding,"T2 Tank - 2,000 gallon (7,568,000 grams)",,,,,,,,,,0,0,Grand Total,,,0,0,,,,,
43,Tue,2026-10-20 00:00:00,Compounding,"T2 Tank - 2,000 gallon (7,568,000 grams)",,,,,,,,,,0,0,Grand Total,,,0,0,,,,,
43,Wed,2026-10-21 00:00:00,Compounding,"T2 Tank - 2,000 gallon (7,568,000 grams)",,,,,,,,,,0,0,Grand Total,,,0,0,,,,,
43,Thu,2026-10-22 00:00:00,Compounding,"T2 Tank - 2,000 gallon (7,568,000 grams)",,,,,,,,,,0,0,Grand Total,,,0,0,,,,,
43,Fri,2026-10-23 00:00:00,Compounding,"T2 Tank - 2,000 gallon (7,568,000 grams)",,,,,,,,,,0,0,Grand Total,,,0,0,,,,,
43,Sat,2026-10-24 00:00:00,Compounding,"T2 Tank - 2,000 gallon (7,568,000 grams)",,,,,,,,,,0,0,Grand Total,,,0,0,,,,,
43,Sun,2026-10-25 00:00:00,Compounding,"T2 Tank - 2,000 gallon (7,568,000 grams)",,,,,,,,,,0,0,Grand Total,,,0,0,,,,,
44,Mon,2026-10-26 00:00:00,Compounding,"T2 Tank - 2,000 gallon (7,568,000 grams)",,,,,,,,,,0,0,Grand Total,,,0,0,,,,,
44,Tue,2026-10-27 00:00:00,Compounding,"T2 Tank - 2,000 gallon (7,568,000 grams)",,,,,,,,,,0,0,Grand Total,,,0,0,,,,,
44,Wed,2026-10-28 00:00:00,Compounding,"T2 Tank - 2,000 gallon (7,568,000 grams)",,,,,,,,,,0,0,Grand Total,,,0,0,,,,,
44,Thu,2026-10-29 00:00:00,Compounding,"T2 Tank - 2,000 gallon (7,568,000 grams)",,,,,,,,,,0,0,Grand Total,,,0,0,,,,,
44,Fri,2026-10-30 00:00:00,Compounding,"T2 Tank - 2,000 gallon (7,568,000 grams)",,,,,,,,,,0,0,Grand Total,,,0,0,,,,,
44,Sat,2026-10-31 00:00:00,Compounding,"T2 Tank - 2,000 gallon (7,568,000 grams)",,,,,,,,,,0,0,Grand Total,,,0,0,,,,,
44,Sun,2026-11-01 00:00:00,Compounding,"T2 Tank - 2,000 gallon (7,568,000 grams)",,,,,,,,,,0,0,Grand Total,,,0,0,,,,,
45,Mon,2026-11-02 00:00:00,Compounding,"T2 Tank - 2,000 gallon (7,568,000 grams)",,,,,,,,,,0,0,Grand Total,,,0,0,,,,,
45,Tue,2026-11-03 00:00:00,Compounding,"T2 Tank - 2,000 gallon (7,568,000 grams)",,,,,,,,,,0,0,Grand Total,,,0,0,,,,,
45,Wed,2026-11-04 00:00:00,Compounding,"T2 Tank - 2,000 gallon (7,568,000 grams)",,,,,,,,,,0,0,Grand Total,,,0,0,,,,,
45,Thu,2026-11-05 00:00:00,Compounding,"T2 Tank - 2,000 gallon (7,568,000 grams)",,,,,,,,,,0,0,Grand Total,,,0,0,,,,,
45,Fri,2026-11-06 00:00:00,Compounding,"T2 Tank - 2,000 gallon (7,568,000 grams)",,,,,,,,,,0,0,Grand Total,,,0,0,,,,,
45,Sat,2026-11-07 00:00:00,Compounding,"T2 Tank - 2,000 gallon (7,568,000 grams)",,,,,,,,,,0,0,Grand Total,,,0,0,,,,,
45,Sun,2026-11-08 00:00:00,Compounding,"T2 Tank - 2,000 gallon (7,568,000 grams)",,,,,,,,,,0,0,Grand Total,,,0,0,,,,,
46,Mon,2026-11-09 00:00:00,Compounding,"T2 Tank - 2,000 gallon (7,568,000 grams)",,,,,,,,,,0,0,Grand Total,,,0,0,,,,,
46,Tue,2026-11-10 00:00:00,Compounding,"T2 Tank - 2,000 gallon (7,568,000 grams)",,,,,,,,,,0,0,Grand Total,,,0,0,,,,,
46,Wed,2026-11-11 00:00:00,Compounding,"T2 Tank - 2,000 gallon (7,568,000 grams)",,,,,,,,,,0,0,Grand Total,,,0,0,,,,,
46,Thu,2026-11-12 00:00:00,Compounding,"T2 Tank - 2,000 gallon (7,568,000 grams)",,,,,,,,,,0,0,Grand Total,,,0,0,,,,,
46,Fri,2026-11-13 00:00:00,Compounding,"T2 Tank - 2,000 gallon (7,568,000 grams)",,,,,,,,,,0,0,Grand Total,,,0,0,,,,,
46,Sat,2026-11-14 00:00:00,Compounding,"T2 Tank - 2,000 gallon (7,568,000 grams)",,,,,,,,,,0,0,Grand Total,,,0,0,,,,,
46,Sun,2026-11-15 00:00:00,Compounding,"T2 Tank - 2,000 gallon (7,568,000 grams)",,,,,,,,,,0,0,Grand Total,,,0,0,,,,,
47,Mon,2026-11-16 00:00:00,Compounding,"T2 Tank - 2,000 gallon (7,568,000 grams)",,,,,,,,,,0,0,Grand Total,,,0,0,,,,,
47,Tue,2026-11-17 00:00:00,Compounding,"T2 Tank - 2,000 gallon (7,568,000 grams)",,,,,,,,,,0,0,Grand Total,,,0,0,,,,,
47,Wed,2026-11-18 00:00:00,Compounding,"T2 Tank - 2,000 gallon (7,568,000 grams)",,,,,,,,,,0,0,Grand Total,,,0,0,,,,,
47,Thu,2026-11-19 00:00:00,Compounding,"T2 Tank - 2,000 gallon (7,568,000 grams)",,,,,,,,,,0,0,Grand Total,,,0,0,,,,,
47,Fri,2026-11-20 00:00:00,Compounding,"T2 Tank - 2,000 gallon (7,568,000 grams)",,,,,,,,,,0,0,Grand Total,,,0,0,,,,,
47,Sat,2026-11-21 00:00:00,Compounding,"T2 Tank - 2,000 gallon (7,568,000 grams)",,,,,,,,,,0,0,Grand Total,,,0,0,,,,,
47,Sun,2026-11-22 00:00:00,Compounding,"T2 Tank - 2,000 gallon (7,568,000 grams)",,,,,,,,,,0,0,Grand Total,,,0,0,,,,,
48,Mon,2026-11-23 00:00:00,Compounding,"T2 Tank - 2,000 gallon (7,568,000 grams)",,,,,,,,,,0,0,Grand Total,,,0,0,,,,,
48,Tue,2026-11-24 00:00:00,Compounding,"T2 Tank - 2,000 gallon (7,568,000 grams)",,,,,,,,,,0,0,Grand Total,,,0,0,,,,,
48,Wed,2026-11-25 00:00:00,Compounding,"T2 Tank - 2,000 gallon (7,568,000 grams)",,,,,,,,,,0,0,Grand Total,,,0,0,,,,,
48,Thu,2026-11-26 00:00:00,Compounding,"T2 Tank - 2,000 gallon (7,568,000 grams)",,,,,,,,,,0,0,Grand Total,,,0,0,,,,,
48,Fri,2026-11-27 00:00:00,Compounding,"T2 Tank - 2,000 gallon (7,568,000 grams)",,,,,,,,,,0,0,Grand Total,,,0,0,,,,,
48,Sat,2026-11-28 00:00:00,Compounding,"T2 Tank - 2,000 gallon (7,568,000 grams)",,,,,,,,,,0,0,Grand Total,,,0,0,,,,,
48,Sun,2026-11-29 00:00:00,Compounding,"T2 Tank - 2,000 gallon (7,568,000 grams)",,,,,,,,,,0,0,Grand Total,,,0,0,,,,,
49,Mon,2026-11-30 00:00:00,Compounding,"T2 Tank - 2,000 gallon (7,568,000 grams)",,,,,,,,,,0,0,Grand Total,,,0,0,,,,,
49,Tue,2026-12-01 00:00:00,Compounding,"T2 Tank - 2,000 gallon (7,568,000 grams)",,,,,,,,,,0,0,Grand Total,,,0,0,,,,,
49,Wed,2026-12-02 00:00:00,Compounding,"T2 Tank - 2,000 gallon (7,568,000 grams)",,,,,,,,,,0,0,Grand Total,,,0,0,,,,,
49,Thu,2026-12-03 00:00:00,Compounding,"T2 Tank - 2,000 gallon (7,568,000 grams)",,,,,,,,,,0,0,Grand Total,,,0,0,,,,,
49,Fri,2026-12-04 00:00:00,Compounding,"T2 Tank - 2,000 gallon (7,568,000 grams)",,,,,,,,,,0,0,Grand Total,,,0,0,,,,,
49,Sat,2026-12-05 00:00:00,Compounding,"T2 Tank - 2,000 gallon (7,568,000 grams)",,,,,,,,,,0,0,Grand Total,,,0,0,,,,,
49,Sun,2026-12-06 00:00:00,Compounding,"T2 Tank - 2,000 gallon (7,568,000 grams)",,,,,,,,,,0,0,Grand Total,,,0,0,,,,,
50,Mon,2026-12-07 00:00:00,Compounding,"T2 Tank - 2,000 gallon (7,568,000 grams)",,,,,,,,,,0,0,Grand Total,,,0,0,,,,,
50,Tue,2026-12-08 00:00:00,Compounding,"T2 Tank - 2,000 gallon (7,568,000 grams)",,,,,,,,,,0,0,Grand Total,,,0,0,,,,,
50,Wed,2026-12-09 00:00:00,Compounding,"T2 Tank - 2,000 gallon (7,568,000 grams)",,,,,,,,,,0,0,Grand Total,,,0,0,,,,,
50,Thu,2026-12-10 00:00:00,Compounding,"T2 Tank - 2,000 gallon (7,568,000 grams)",,,,,,,,,,0,0,Grand Total,,,0,0,,,,,
50,Fri,2026-12-11 00:00:00,Compounding,"T2 Tank - 2,000 gallon (7,568,000 grams)",,,,,,,,,,0,0,Grand Total,,,0,0,,,,,
50,Sat,2026-12-12 00:00:00,Compounding,"T2 Tank - 2,000 gallon (7,568,000 grams)",,,,,,,,,,0,0,Grand Total,,,0,0,,,,,
50,Sun,2026-12-13 00:00:00,Compounding,"T2 Tank - 2,000 gallon (7,568,000 grams)",,,,,,,,,,0,0,Grand Total,,,0,0,,,,,
51,Mon,2026-12-14 00:00:00,Compounding,"T2 Tank - 2,000 gallon (7,568,000 grams)",,,,,,,,,,0,0,Grand Total,,,0,0,,,,,
51,Tue,2026-12-15 00:00:00,Compounding,"T2 Tank - 2,000 gallon (7,568,000 grams)",,,,,,,,,,0,0,Grand Total,,,0,0,,,,,
51,Wed,2026-12-16 00:00:00,Compounding,"T2 Tank - 2,000 gallon (7,568,000 grams)",,,,,,,,,,0,0,Grand Total,,,0,0,,,,,
51,Thu,2026-12-17 00:00:00,Compounding,"T2 Tank - 2,000 gallon (7,568,000 grams)",,,,,,,,,,0,0,Grand Total,,,0,0,,,,,
51,Fri,2026-12-18 00:00:00,Compounding,"T2 Tank - 2,000 gallon (7,568,000 grams)",,,,,,,,,,0,0,Grand Total,,,0,0,,,,,
51,Sat,2026-12-19 00:00:00,Compounding,"T2 Tank - 2,000 gallon (7,568,000 grams)",,,,,,,,,,0,0,Grand Total,,,0,0,,,,,
51,Sun,2026-12-20 00:00:00,Compounding,"T2 Tank - 2,000 gallon (7,568,000 grams)",,,,,,,,,,0,0,Grand Total,,,0,0,,,,,
52,Mon,2026-12-21 00:00:00,Compounding,"T2 Tank - 2,000 gallon (7,568,000 grams)",,,,,,,,,,0,0,Grand Total,,,0,0,,,,,
52,Tue,2026-12-22 00:00:00,Compounding,"T2 Tank - 2,000 gallon (7,568,000 grams)",,,,,,,,,,0,0,Grand Total,,,0,0,,,,,
52,Wed,2026-12-23 00:00:00,Compounding,"T2 Tank - 2,000 gallon (7,568,000 grams)",,,,,,,,,,0,0,Grand Total,,,0,0,,,,,
52,Thu,2026-12-24 00:00:00,Compounding,"T2 Tank - 2,000 gallon (7,568,000 grams)",,,,,,,,,,0,0,Grand Total,,,0,0,,,,,
52,Fri,2026-12-25 00:00:00,Compounding,"T2 Tank - 2,000 gallon (7,568,000 grams)",,,,,,,,,,0,0,Grand Total,,,0,0,,,,,
52,Sat,2026-12-26 00:00:00,Compounding,"T2 Tank - 2,000 gallon (7,568,000 grams)",,,,,,,,,,0,0,Grand Total,,,0,0,,,,,
52,Sun,2026-12-27 00:00:00,Compounding,"T2 Tank - 2,000 gallon (7,568,000 grams)",,,,,,,,,,0,0,Grand Total,,,0,0,,,,,
53,Mon,2026-12-28 00:00:00,Compounding,"T2 Tank - 2,000 gallon (7,568,000 grams)",,,,,,,,,,0,0,Grand Total,,,0,0,,,,,
53,Tue,2026-12-29 00:00:00,Compounding,"T2 Tank - 2,000 gallon (7,568,000 grams)",,,,,,,,,,0,0,Grand Total,,,0,0,,,,,
53,Wed,2026-12-30 00:00:00,Compounding,"T2 Tank - 2,000 gallon (7,568,000 grams)",,,,,,,,,,0,0,Grand Total,,,0,0,,,,,
53,Thu,2026-12-31 00:00:00,Compounding,"T2 Tank - 2,000 gallon (7,568,000 grams)",,,,,,,,,,0,0,Grand Total,,,0,0,,,,,
17,Wed,2026-04-22 00:00:00,Compounding,"T2 Tank - 2,000 gallon (7,568,000 grams)",,,,,,,,,,0,0,Grand Total,,,0,0,,,,,
17,Thu,2026-04-23 00:00:00,Compounding,"T2 Tank - 2,000 gallon (7,568,000 grams)",,,,,,,,,,0,0,Grand Total,,,0,0,,,,,
17,Fri,2026-04-24 00:00:00,Compounding,"T2 Tank - 2,000 gallon (7,568,000 grams)",,,,,,,,,,0,0,Grand Total,,,0,0,,,,,
17,Sat,2026-04-25 00:00:00,Compounding,"T2 Tank - 2,000 gallon (7,568,000 grams)",,,,,,,,,,0,0,Grand Total,,,0,0,,,,,
17,Sun,2026-04-26 00:00:00,Compounding,"T2 Tank - 2,000 gallon (7,568,000 grams)",,,,,,,,,,0,0,Grand Total,,,0,0,,,,,
18,Mon,2026-04-27 00:00:00,Compounding,"T2 Tank - 2,000 gallon (7,568,000 grams)",,,,,,,,,,0,0,Grand Total,,,0,0,,,,,
18,Tue,2026-04-28 00:00:00,Compounding,"T2 Tank - 2,000 gallon (7,568,000 grams)",,,,,,,,,,0,0,Grand Total,,,0,0,,,,,
18,Wed,2026-04-29 00:00:00,Compounding,"T2 Tank - 2,000 gallon (7,568,000 grams)",,,,,,,,,,0,0,Grand Total,,,0,0,,,,,
18,Thu,2026-04-30 00:00:00,Compounding,"T2 Tank - 2,000 gallon (7,568,000 grams)",,,,,,,,,,0,0,Grand Total,,,0,0,,,,,
18,Fri,2026-05-01 00:00:00,Compounding,Vashe Machine,,,,,,,,,,0,0,Grand Total,,,0,0,,,,,
18,Sat,2026-05-02 00:00:00,Compounding,Vashe Machine,,,,,,,,,,0,0,Grand Total,,,0,0,,,,,
18,Sun,2026-05-03 00:00:00,Compounding,Vashe Machine,,,,,,,,,,0,0,Grand Total,,,0,0,,,,,
19,Mon,2026-05-04 00:00:00,Compounding,Vashe Machine,,,,,,,,,,0,0,Grand Total,,,0,0,,,,,
19,Tue,2026-05-05 00:00:00,Compounding,Vashe Machine,,,,,,,,,,0,0,Grand Total,,,0,0,,,,,
19,Wed,2026-05-06 00:00:00,Compounding,Vashe Machine,,,,,,,,,,0,0,Grand Total,,,0,0,,,,,
19,Thu,2026-05-07 00:00:00,Compounding,Vashe Machine,,,,,,,,,,0,0,Grand Total,,,0,0,,,,,
19,Fri,2026-05-08 00:00:00,Compounding,Vashe Machine,,,,,,,,,,0,0,Grand Total,,,0,0,,,,,
19,Sat,2026-05-09 00:00:00,Compounding,Vashe Machine,,,,,,,,,,0,0,Grand Total,,,0,0,,,,,
19,Sun,2026-05-10 00:00:00,Compounding,Vashe Machine,,,,,,,,,,0,0,Grand Total,,,0,0,,,,,
20,Mon,2026-05-11 00:00:00,Compounding,Vashe Machine,,,,,,,,,,0,0,Grand Total,,,0,0,,,,,
20,Tue,2026-05-12 00:00:00,Compounding,Vashe Machine,,,,,,,,,,0,0,Grand Total,,,0,0,,,,,
20,Wed,2026-05-13 00:00:00,Compounding,Vashe Machine,,,,,,,,,,0,0,Grand Total,,,0,0,,,,,
20,Thu,2026-05-14 00:00:00,Compounding,Vashe Machine,,,,,,,,,,0,0,Grand Total,,,0,0,,,,,
23,Fri,2026-06-05 00:00:00,Compounding,"T2 Tank - 2,000 gallon (7,568,000 grams)",,,,,,,,,,0,0,Grand Total,,,0,0,,,,,
23,Sat,2026-06-06 00:00:00,Compounding,"T2 Tank - 2,000 gallon (7,568,000 grams)",,,,,,,,,,0,0,Grand Total,,,0,0,,,,,
23,Sun,2026-06-07 00:00:00,Compounding,"T2 Tank - 2,000 gallon (7,568,000 grams)",,,,,,,,,,0,0,Grand Total,,,0,0,,,,,
24,Mon,2026-06-08 00:00:00,Compounding,"T2 Tank - 2,000 gallon (7,568,000 grams)",,,,,,,,,,0,0,Grand Total,,,0,0,,,,,
24,Tue,2026-06-09 00:00:00,Compounding,"T2 Tank - 2,000 gallon (7,568,000 grams)",,,,,,,,,,0,0,Grand Total,,,0,0,,,,,
24,Wed,2026-06-10 00:00:00,Compounding,"T2 Tank - 2,000 gallon (7,568,000 grams)",,,,,,,,,,0,0,Grand Total,,,0,0,,,,,
24,Thu,2026-06-11 00:00:00,Compounding,"T2 Tank - 2,000 gallon (7,568,000 grams)",,,,,,,,,,0,0,Grand Total,,,0,0,,,,,
24,Fri,2026-06-12 00:00:00,Compounding,"T2 Tank - 2,000 gallon (7,568,000 grams)",,,,,,,,,,0,0,Grand Total,,,0,0,,,,,
24,Sat,2026-06-13 00:00:00,Compounding,"T2 Tank - 2,000 gallon (7,568,000 grams)",,,,,,,,,,0,0,Grand Total,,,0,0,,,,,
24,Sun,2026-06-14 00:00:00,Compounding,"T2 Tank - 2,000 gallon (7,568,000 grams)",,,,,,,,,,0,0,Grand Total,,,0,0,,,,,
25,Mon,2026-06-15 00:00:00,Compounding,"T2 Tank - 2,000 gallon (7,568,000 grams)",,,,,,,,,,0,0,Grand Total,,,0,0,,,,,
25,Tue,2026-06-16 00:00:00,Compounding,"T2 Tank - 2,000 gallon (7,568,000 grams)",,,,,,,,,,0,0,Grand Total,,,0,0,,,,,
25,Wed,2026-06-17 00:00:00,Compounding,"T2 Tank - 2,000 gallon (7,568,000 grams)",,,,,,,,,,0,0,Grand Total,,,0,0,,,,,
25,Thu,2026-06-18 00:00:00,Compounding,"T2 Tank - 2,000 gallon (7,568,000 grams)",,,,,,,,,,0,0,Grand Total,,,0,0,,,,,
25,Fri,2026-06-19 00:00:00,Compounding,"T2 Tank - 2,000 gallon (7,568,000 grams)",,,,,,,,,,0,0,Grand Total,,,0,0,,,,,
25,Sat,2026-06-20 00:00:00,Compounding,"T2 Tank - 2,000 gallon (7,568,000 grams)",,,,,,,,,,0,0,Grand Total,,,0,0,,,,,
25,Sun,2026-06-21 00:00:00,Compounding,"T2 Tank - 2,000 gallon (7,568,000 grams)",,,,,,,,,,0,0,Grand Total,,,0,0,,,,,
26,Mon,2026-06-22 00:00:00,Compounding,"T2 Tank - 2,000 gallon (7,568,000 grams)",,,,,,,,,,0,0,Grand Total,,,0,0,,,,,
26,Tue,2026-06-23 00:00:00,Compounding,"T2 Tank - 2,000 gallon (7,568,000 grams)",,,,,,,,,,0,0,Grand Total,,,0,0,,,,,
26,Wed,2026-06-24 00:00:00,Compounding,"T2 Tank - 2,000 gallon (7,568,000 grams)",,,,,,,,,,0,0,Grand Total,,,0,0,,,,,
26,Thu,2026-06-25 00:00:00,Compounding,"T2 Tank - 2,000 gallon (7,568,000 grams)",,,,,,,,,,0,0,Grand Total,,,0,0,,,,,
26,Fri,2026-06-26 00:00:00,Compounding,"T2 Tank - 2,000 gallon (7,568,000 grams)",,,,,,,,,,0,0,Grand Total,,,0,0,,,,,
26,Sat,2026-06-27 00:00:00,Compounding,"T2 Tank - 2,000 gallon (7,568,000 grams)",,,,,,,,,,0,0,Grand Total,,,0,0,,,,,
26,Sun,2026-06-28 00:00:00,Compounding,"T2 Tank - 2,000 gallon (7,568,000 grams)",,,,,,,,,,0,0,Grand Total,,,0,0,,,,,
27,Mon,2026-06-29 00:00:00,Compounding,"T2 Tank - 2,000 gallon (7,568,000 grams)",,,,,,,,,,0,0,Grand Total,,,0,0,,,,,
27,Tue,2026-06-30 00:00:00,Compounding,"T2 Tank - 2,000 gallon (7,568,000 grams)",,,,,,,,,,0,0,Grand Total,,,0,0,,,,,
27,Wed,2026-07-01 00:00:00,Compounding,"T2 Tank - 2,000 gallon (7,568,000 grams)",,,,,,,,,,0,0,Grand Total,,,0,0,,,,,
28,Mon,2026-07-06 00:00:00,Compounding,"T2 Tank - 2,000 gallon (7,568,000 grams)",,,,,,,,,,0,0,Grand Total,,,0,0,,,,,
28,Tue,2026-07-07 00:00:00,Compounding,"T2 Tank - 2,000 gallon (7,568,000 grams)",,,,,,,,,,0,0,Grand Total,,,0,0,,,,,
28,Wed,2026-07-08 00:00:00,Compounding,"T2 Tank - 2,000 gallon (7,568,000 grams)",,,,,,,,,,0,0,Grand Total,,,0,0,,,,,
28,Thu,2026-07-09 00:00:00,Compounding,"T2 Tank - 2,000 gallon (7,568,000 grams)",,,,,,,,,,0,0,Grand Total,,,0,0,,,,,
28,Fri,2026-07-10 00:00:00,Compounding,"T2 Tank - 2,000 gallon (7,568,000 grams)",,,,,,,,,,0,0,Grand Total,,,0,0,,,,,
28,Sat,2026-07-11 00:00:00,Compounding,"T2 Tank - 2,000 gallon (7,568,000 grams)",,,,,,,,,,0,0,Grand Total,,,0,0,,,,,
28,Sun,2026-07-12 00:00:00,Compounding,"T2 Tank - 2,000 gallon (7,568,000 grams)",,,,,,,,,,0,0,Grand Total,,,0,0,,,,,
29,Mon,2026-07-13 00:00:00,Compounding,"T2 Tank - 2,000 gallon (7,568,000 grams)",,,,,,,,,,0,0,Grand Total,,,0,0,,,,,
29,Tue,2026-07-14 00:00:00,Compounding,"T2 Tank - 2,000 gallon (7,568,000 grams)",,,,,,,,,,0,0,Grand Total,,,0,0,,,,,
29,Wed,2026-07-15 00:00:00,Compounding,"T2 Tank - 2,000 gallon (7,568,000 grams)",,,,,,,,,,0,0,Grand Total,,,0,0,,,,,
29,Thu,2026-07-16 00:00:00,Compounding,"T2 Tank - 2,000 gallon (7,568,000 grams)",,,,,,,,,,0,0,Grand Total,,,0,0,,,,,
29,Fri,2026-07-17 00:00:00,Compounding,"T2 Tank - 2,000 gallon (7,568,000 grams)",,,,,,,,,,0,0,Grand Total,,,0,0,,,,,
29,Sat,2026-07-18 00:00:00,Compounding,"T2 Tank - 2,000 gallon (7,568,000 grams)",,,,,,,,,,0,0,Grand Total,,,0,0,,,,,
29,Sun,2026-07-19 00:00:00,Compounding,"T2 Tank - 2,000 gallon (7,568,000 grams)",,,,,,,,,,0,0,Grand Total,,,0,0,,,,,
30,Mon,2026-07-20 00:00:00,Compounding,"T2 Tank - 2,000 gallon (7,568,000 grams)",,,,,,,,,,0,0,Grand Total,,,0,0,,,,,
30,Tue,2026-07-21 00:00:00,Compounding,"T2 Tank - 2,000 gallon (7,568,000 grams)",,,,,,,,,,0,0,Grand Total,,,0,0,,,,,
30,Wed,2026-07-22 00:00:00,Compounding,"T2 Tank - 2,000 gallon (7,568,000 grams)",,,,,,,,,,0,0,Grand Total,,,0,0,,,,,
30,Thu,2026-07-23 00:00:00,Compounding,"T2 Tank - 2,000 gallon (7,568,000 grams)",,,,,,,,,,0,0,Grand Total,,,0,0,,,,,
30,Fri,2026-07-24 00:00:00,Compounding,"T2 Tank - 2,000 gallon (7,568,000 grams)",,,,,,,,,,0,0,Grand Total,,,0,0,,,,,
30,Sat,2026-07-25 00:00:00,Compounding,"T2 Tank - 2,000 gallon (7,568,000 grams)",,,,,,,,,,0,0,Grand Total,,,0,0,,,,,
30,Sun,2026-07-26 00:00:00,Compounding,"T2 Tank - 2,000 gallon (7,568,000 grams)",,,,,,,,,,0,0,Grand Total,,,0,0,,,,,
31,Mon,2026-07-27 00:00:00,Compounding,"T2 Tank - 2,000 gallon (7,568,000 grams)",,,,,,,,,,0,0,Grand Total,,,0,0,,,,,
31,Tue,2026-07-28 00:00:00,Compounding,"T2 Tank - 2,000 gallon (7,568,000 grams)",,,,,,,,,,0,0,Grand Total,,,0,0,,,,,
31,Wed,2026-07-29 00:00:00,Compounding,"T2 Tank - 2,000 gallon (7,568,000 grams)",,,,,,,,,,0,0,Grand Total,,,0,0,,,,,
31,Thu,2026-07-30 00:00:00,Compounding,"T2 Tank - 2,000 gallon (7,568,000 grams)",,,,,,,,,,0,0,Grand Total,,,0,0,,,,,
31,Fri,2026-07-31 00:00:00,Compounding,"T2 Tank - 2,000 gallon (7,568,000 grams)",,,,,,,,,,0,0,Grand Total,,,0,0,,,,,
1,Thu,2026-01-01 00:00:00,Compounding,Vashe Machine,,,,,,,,,,0,0,Grand Total,,,0,0,,,,,
1,Fri,2026-01-02 00:00:00,Compounding,Vashe Machine,,,,,,,,,,0,0,Grand Total,,,0,0,,,,,
1,Tue,2023-01-03 00:00:00,Compounding,Vashe Machine,,,,,,,,,,0,0,Grand Total,,,0,0,,,,,
1,Sun,2026-01-04 00:00:00,Compounding,Vashe Machine,,,,,,,,,,0,0,Grand Total,,,0,0,,,,,
2,Mon,2026-01-05 00:00:00,Compounding,Vashe Machine,No,Non Sterile,7160,54484,,,1000000,1000000,GM,0,0,Grand Total,3,1013000,0,0,,,,,
2,Mon,2026-01-05 00:00:00,Compounding,Vashe Machine,No,Non Sterile,7160,54485,,,1000000,1000000,GM,0,0,Grand Total,3,1012000,0,0,,,,,
2,Mon,2026-01-05 00:00:00,Compounding,Vashe Machine,No,Non Sterile,7160,54486,,,1000000,1000000,GM,0,0,Grand Total,3,1013500,0,0,,,,,
2,Mon,2026-01-05 00:00:00,Compounding,Vashe Machine,No,Non Sterile,7160,54487,,,1000000,1000000,GM,0,0,Grand Total,3,1010500,0,0,,,,,
2,Mon,2026-01-05 00:00:00,Compounding,Vashe Machine,No,Non Sterile,7160,54488,,,1000000,1000000,GM,0,0,Grand Total,3,1014000,0,0,,,,,
2,Tue,2026-01-06 00:00:00,Compounding,Vashe Machine,No,Non Sterile,7160,54489,,,1000000,1000000,GM,0,0,Grand Total,3,1012000,0,0,,,,,
2,Tue,2026-01-06 00:00:00,Compounding,Vashe Machine,No,Non Sterile,7160,54490,,,1000000,1000000,GM,0,0,Grand Total,3,1017000,0,0,,,,,
2,Tue,2026-01-06 00:00:00,Compounding,Vashe Machine,No,Non Sterile,7160,54491,,,1000000,1000000,GM,0,0,Grand Total,3,1013500,0,0,,,,,
2,Tue,2026-01-06 00:00:00,Compounding,Vashe Machine,No,Non Sterile,7160,54492,,,1000000,1000000,GM,0,0,Grand Total,3,1013000,0,0,,,,,
2,Tue,2026-01-06 00:00:00,Compounding,Vashe Machine,No,Non Sterile,7160,54493,,,1000000,1000000,GM,0,0,Grand Total,3,1012000,0,0,,,,,
2,Wed,2026-01-07 00:00:00,Compounding,Vashe Machine,No,Non Sterile,7160,54494,,,1000000,1000000,GM,0,0,Grand Total,3,1014500,0,0,,,,,
2,Wed,2026-01-07 00:00:00,Compounding,Vashe Machine,No,Non Sterile,7160,54539,,,1000000,1000000,GM,0,0,Grand Total,3,1014500,0,0,,,,,
2,Wed,2026-01-07 00:00:00,Compounding,Vashe Machine,No,Non Sterile,7160,54540,,,1000000,1000000,GM,0,0,Grand Total,3,1016000,0,0,,,,,
2,Wed,2026-01-07 00:00:00,Compounding,Vashe Machine,No,Non Sterile,7160,54541,,,1000000,1000000,GM,0,0,Grand Total,3,1015500,0,0,,,,,
2,Wed,2026-01-07 00:00:00,Compounding,Vashe Machine,No,Non Sterile,7160,54542,,,1000000,1000000,GM,0,0,Grand Total,3,1012500,0,0,,,,,
2,Thu,2026-01-08 00:00:00,Compounding,Vashe Machine,No,Non Sterile,7160,54543,,,1000000,1000000,GM,0,0,Grand Total,3,1014000,0,0,,,,,
2,Thu,2026-01-08 00:00:00,Compounding,Vashe Machine,No,Non Sterile,7160,54544,,,1000000,1000000,GM,0,0,Grand Total,3,1013500,0,0,,,,,
2,Thu,2026-01-08 00:00:00,Compounding,Vashe Machine,No,Non Sterile,7160,54545,,,1000000,1000000,GM,0,0,Grand Total,3,1013000,0,0,,,,,
2,Thu,2026-01-08 00:00:00,Compounding,Vashe Machine,No,Non Sterile,7160,54546,,,1000000,1000000,GM,0,0,Grand Total,3,1014500,0,0,,,,,
2,Thu,2026-01-08 00:00:00,Compounding,Vashe Machine,No,Non Sterile,7160,54547,,,1000000,1000000,GM,0,0,Grand Total,3,1011500,0,0,,,,,
2,Fri,2026-01-09 00:00:00,Compounding,Vashe Machine,No,Non Sterile,7160,54548,,,1000000,1000000,GM,0,0,Grand Total,3,1013500,0,0,,,,,
2,Fri,2026-01-09 00:00:00,Compounding,Vashe Machine,No,Non Sterile,7160,54549,,,1000000,1000000,GM,0,0,Grand Total,3,1016000,0,0,,,,,
2,Fri,2026-01-09 00:00:00,Compounding,Vashe Machine,No,Non Sterile,7160,54550,,,1000000,1000000,GM,0,0,Grand Total,3,1017500,0,0,,,,,
2,Fri,2026-01-09 00:00:00,Compounding,Vashe Machine,No,Non Sterile,7160,54551,,,1000000,1000000,GM,0,0,Grand Total,,,0,0,,,,,
2,Fri,2026-01-09 00:00:00,Compounding,Vashe Machine,No,Non Sterile,7160,54552,,,1000000,1000000,GM,0,0,Grand Total,,,0,0,,,,,
2,Sat,2026-01-10 00:00:00,Compounding,Vashe Machine,,,,,,,,,,0,0,Grand Total,,,0,0,,,,,
2,Sun,2026-01-11 00:00:00,Compounding,Vashe Machine,,,,,,,,,,0,0,Grand Total,,,0,0,,,,,
3,Mon,2026-01-12 00:00:00,Compounding,Vashe Machine,,,,PM,,,,,,0,0,Grand Total,,,0,0,,,,,
3,Mon,2026-01-12 00:00:00,Compounding,Vashe Machine,No,Non Sterile,7160,54553,,,1000000,1000000,GM,0,0,Grand Total,,,0,0,,,,,
3,Mon,2026-01-12 00:00:00,Compounding,Vashe Machine,No,Non Sterile,7160,54554,,,1000000,1000000,GM,0,0,Grand Total,,,0,0,,,,,
3,Mon,2026-01-12 00:00:00,Compounding,Vashe Machine,No,Non Sterile,7160,54555,,,1000000,1000000,GM,0,0,Grand Total,,,0,0,,,,,
3,Mon,2026-01-12 00:00:00,Compounding,Vashe Machine,No,Non Sterile,7160,54556,,,1000000,1000000,GM,0,0,Grand Total,,,0,0,,,,,
3,Tue,2026-01-13 00:00:00,Compounding,Vashe Machine,No,Non Sterile,7160,54557,,,1000000,1000000,GM,0,0,Grand Total,,,0,0,,,,,
3,Tue,2026-01-13 00:00:00,Compounding,Vashe Machine,No,Non Sterile,7160,54558,,,1000000,1000000,GM,0,0,Grand Total,,,0,0,,,,,
3,Tue,2026-01-13 00:00:00,Compounding,Vashe Machine,No,Non Sterile,7160,54559,,,1000000,1000000,GM,0,0,Grand Total,,,0,0,,,,,
3,Tue,2026-01-13 00:00:00,Compounding,Vashe Machine,No,Non Sterile,7160,54560,,,1000000,1000000,GM,0,0,Grand Total,,,0,0,,,,,
3,Tue,2026-01-13 00:00:00,Compounding,Vashe Machine,No,Non Sterile,7160,54561,,,1000000,1000000,GM,0,0,Grand Total,,,0,0,,,,,
3,Wed,2026-01-14 00:00:00,Compounding,Vashe Machine,No,Non Sterile,7160,54562,,,1000000,1000000,GM,0,0,Grand Total,,,0,0,,,,,
3,Wed,2026-01-14 00:00:00,Compounding,Vashe Machine,No,Non Sterile,7160,54563,,,1000000,1000000,GM,0,0,Grand Total,,,0,0,,,,,
3,Wed,2026-01-14 00:00:00,Compounding,Vashe Machine,No,Non Sterile,7160,54564,,,1000000,1000000,GM,0,0,Grand Total,,,0,0,,,,,
3,Wed,2026-01-14 00:00:00,Compounding,Vashe Machine,No,Non Sterile,7160,54565,,,1000000,1000000,GM,0,0,Grand Total,,,0,0,,,,,
3,Wed,2026-01-14 00:00:00,Compounding,Vashe Machine,No,Non Sterile,7160,54566,,,1000000,1000000,GM,0,0,Grand Total,,,0,0,,,,,
3,Thu,2026-01-15 00:00:00,Compounding,Vashe Machine,No,Non Sterile,7160,54567,,,1000000,1000000,GM,0,0,Grand Total,,,0,0,,,,,
3,Thu,2026-01-15 00:00:00,Compounding,Vashe Machine,No,Non Sterile,7160,54568,,,1000000,1000000,GM,0,0,Grand Total,,,0,0,,,,,
3,Thu,2026-01-15 00:00:00,Compounding,Vashe Machine,No,Non Sterile,7160,54569,,,1000000,1000000,GM,0,0,Grand Total,,,0,0,,,,,
3,Thu,2026-01-15 00:00:00,Compounding,Vashe Machine,No,Non Sterile,7160,54570,,,1000000,1000000,GM,0,0,Grand Total,,,0,0,,,,,
3,Thu,2026-01-15 00:00:00,Compounding,Vashe Machine,No,Non Sterile,7160,54571,,,1000000,1000000,GM,0,0,Grand Total,,,0,0,,,,,
3,Fri,2026-01-16 00:00:00,Compounding,Vashe Machine,No,Non Sterile,7160,54572,,,1000000,1000000,GM,0,0,Grand Total,,,0,0,,,,,
3,Fri,2026-01-16 00:00:00,Compounding,Vashe Machine,No,Non Sterile,7160,54573,,,1000000,1000000,GM,0,0,Grand Total,,,0,0,,,,,
3,Fri,2026-01-16 00:00:00,Compounding,Vashe Machine,No,Non Sterile,7160,54574,,,1000000,1000000,GM,0,0,Grand Total,,,0,0,,,,,
3,Fri,2026-01-16 00:00:00,Compounding,Vashe Machine,No,Non Sterile,7160,54575,,,1000000,1000000,GM,0,0,Grand Total,,,0,0,,,,,
3,Fri,2026-01-16 00:00:00,Compounding,Vashe Machine,No,Non Sterile,7160,54576,,,1000000,1000000,GM,0,0,Grand Total,,,0,0,,,,,
3,Sat,2026-01-17 00:00:00,Compounding,Vashe Machine,,,,,,,,,,0,0,Grand Total,,,0,0,,,,,
3,Sun,2026-01-18 00:00:00,Compounding,Vashe Machine,,,,,,,,,,0,0,Grand Total,,,0,0,,,,,
4,Mon,2026-01-19 00:00:00,Compounding,Vashe Machine,No,Non Sterile,7160,54577,,,1000000,1000000,GM,0,0,Grand Total,,,0,0,,,,,
4,Mon,2026-01-19 00:00:00,Compounding,Vashe Machine,No,Non Sterile,7160,54578,,,1000000,1000000,GM,0,0,Grand Total,,,0,0,,,,,
4,Mon,2026-01-19 00:00:00,Compounding,Vashe Machine,No,Non Sterile,7160,54579,,,1000000,1000000,GM,0,0,Grand Total,,,0,0,,,,,
4,Mon,2026-01-19 00:00:00,Compounding,Vashe Machine,No,Non Sterile,7160,54580,,,1000000,1000000,GM,0,0,Grand Total,,,0,0,,,,,
4,Mon,2026-01-19 00:00:00,Compounding,Vashe Machine,No,Non Sterile,7160,54581,,,1000000,1000000,GM,0,0,Grand Total,,,0,0,,,,,
4,Tue,2026-01-20 00:00:00,Compounding,Vashe Machine,No,Non Sterile,7160,54582,,,1000000,1000000,GM,0,0,Grand Total,,,0,0,,,,,
4,Tue,2026-01-20 00:00:00,Compounding,Vashe Machine,No,Non Sterile,7160,54583,,,1000000,1000000,GM,0,0,Grand Total,,,0,0,,,,,
4,Tue,2026-01-20 00:00:00,Compounding,Vashe Machine,No,Non Sterile,7160,54584,,,1000000,1000000,GM,0,0,Grand Total,,,0,0,,,,,
4,Tue,2026-01-20 00:00:00,Compounding,Vashe Machine,No,Non Sterile,7160,54585,,,1000000,1000000,GM,0,0,Grand Total,,,0,0,,,,,
4,Tue,2026-01-20 00:00:00,Compounding,Vashe Machine,No,Non Sterile,7160,54586,,,1000000,1000000,GM,0,0,Grand Total,,,0,0,,,,,
4,Wed,2026-01-21 00:00:00,Compounding,Vashe Machine,No,Non Sterile,7160,54587,,,1000000,1000000,GM,0,0,Grand Total,,,0,0,,,,,
4,Wed,2026-01-21 00:00:00,Compounding,Vashe Machine,No,Non Sterile,7160,54588,,,1000000,1000000,GM,0,0,Grand Total,,,0,0,,,,,
4,Wed,2026-01-21 00:00:00,Compounding,Vashe Machine,No,Non Sterile,7160,54589,,,1000000,1000000,GM,0,0,Grand Total,,,0,0,,,,,
4,Wed,2026-01-21 00:00:00,Compounding,Vashe Machine,No,Non Sterile,7160,54590,,,1000000,1000000,GM,0,0,Grand Total,,,0,0,,,,,
4,Wed,2026-01-21 00:00:00,Compounding,Vashe Machine,No,Non Sterile,7160,54591,,,1000000,1000000,GM,0,0,Grand Total,,,0,0,,,,,
4,Thu,2026-01-22 00:00:00,Compounding,Vashe Machine,No,Non Sterile,7160,54592,,,1000000,1000000,GM,0,0,Grand Total,,,0,0,,,,,
4,Thu,2026-01-22 00:00:00,Compounding,Vashe Machine,No,Non Sterile,7160,54593,,,1000000,1000000,GM,0,0,Grand Total,,,0,0,,,,,
4,Thu,2026-01-22 00:00:00,Compounding,Vashe Machine,No,Non Sterile,7160,54594,,,1000000,1000000,GM,0,0,Grand Total,,,0,0,,,,,
4,Thu,2026-01-22 00:00:00,Compounding,Vashe Machine,No,Non Sterile,7160,54595,,,1000000,1000000,GM,0,0,Grand Total,,,0,0,,,,,
4,Thu,2026-01-22 00:00:00,Compounding,Vashe Machine,No,Non Sterile,7160,54596,,,1000000,1000000,GM,0,0,Grand Total,,,0,0,,,,,
4,Fri,2026-01-23 00:00:00,Compounding,Vashe Machine,No,Non Sterile,7160,54597,,,1000000,1000000,GM,0,0,Grand Total,,,0,0,,,,,
4,Fri,2026-01-23 00:00:00,Compounding,Vashe Machine,No,Non Sterile,7160,54598,,,1000000,1000000,GM,0,0,Grand Total,,,0,0,,,,,
4,Fri,2026-01-23 00:00:00,Compounding,Vashe Machine,No,Non Sterile,7160,54599,,,1000000,1000000,GM,0,0,Grand Total,,,0,0,,,,,
4,Fri,2026-01-23 00:00:00,Compounding,Vashe Machine,No,Non Sterile,7160,54600,,,1000000,1000000,GM,0,0,Grand Total,,,0,0,,,,,
4,Fri,2026-01-23 00:00:00,Compounding,Vashe Machine,No,Non Sterile,7160,54601,,,1000000,1000000,GM,0,0,Grand Total,,,0,0,,,,,
4,Sat,2026-01-24 00:00:00,Compounding,Vashe Machine,,,,,,,,,,0,0,Grand Total,,,0,0,,,,,
4,Sun,2026-01-25 00:00:00,Compounding,Vashe Machine,,,,,,,,,,0,0,Grand Total,,,0,0,,,,,
5,Mon,2026-01-26 00:00:00,Compounding,Vashe Machine,No,Non Sterile,7160,54602,,,1000000,1000000,GM,0,0,Grand Total,,,0,0,,,,,
5,Mon,2026-01-26 00:00:00,Compounding,Vashe Machine,No,Non Sterile,7160,54603,,,1000000,1000000,GM,0,0,Grand Total,,,0,0,,,,,
5,Mon,2026-01-26 00:00:00,Compounding,Vashe Machine,No,Non Sterile,7160,54604,,,1000000,1000000,GM,0,0,Grand Total,,,0,0,,,,,
5,Mon,2026-01-26 00:00:00,Compounding,Vashe Machine,No,Non Sterile,7160,54605,,,1000000,1000000,GM,0,0,Grand Total,,,0,0,,,,,
5,Mon,2026-01-26 00:00:00,Compounding,Vashe Machine,No,Non Sterile,7160,54606,,,1000000,1000000,GM,0,0,Grand Total,,,0,0,,,,,
5,Tue,2026-01-27 00:00:00,Compounding,Vashe Machine,No,Non Sterile,7160,54607,,,1000000,1000000,GM,0,0,Grand Total,,,0,0,,,,,
5,Tue,2026-01-27 00:00:00,Compounding,Vashe Machine,No,Non Sterile,7160,54608,,,1000000,1000000,GM,0,0,Grand Total,,,0,0,,,,,
5,Tue,2026-01-27 00:00:00,Compounding,Vashe Machine,No,Non Sterile,7160,54609,,,1000000,1000000,GM,0,0,Grand Total,,,0,0,,,,,
5,Tue,2026-01-27 00:00:00,Compounding,Vashe Machine,No,Non Sterile,7160,54610,,,1000000,1000000,GM,0,0,Grand Total,,,0,0,,,,,
5,Tue,2026-01-27 00:00:00,Compounding,Vashe Machine,No,Non Sterile,7160,54611,,,1000000,1000000,GM,0,0,Grand Total,,,0,0,,,,,
5,Wed,2026-01-28 00:00:00,Compounding,Vashe Machine,No,Non Sterile,7160,54612,,,1000000,1000000,GM,0,0,Grand Total,,,0,0,,,,,
5,Wed,2026-01-28 00:00:00,Compounding,Vashe Machine,No,Non Sterile,7160,54613,,,1000000,1000000,GM,0,0,Grand Total,,,0,0,,,,,
5,Wed,2026-01-28 00:00:00,Compounding,Vashe Machine,No,Non Sterile,7160,54614,,,1000000,1000000,GM,0,0,Grand Total,,,0,0,,,,,
5,Wed,2026-01-28 00:00:00,Compounding,Vashe Machine,No,Non Sterile,7160,54615,,,1000000,1000000,GM,0,0,Grand Total,,,0,0,,,,,
5,Wed,2026-01-28 00:00:00,Compounding,Vashe Machine,No,Non Sterile,7160,54616,,,1000000,1000000,GM,0,0,Grand Total,,,0,0,,,,,
5,Thu,2026-01-29 00:00:00,Compounding,Vashe Machine,No,Non Sterile,7160,54617,,,1000000,1000000,GM,0,0,Grand Total,,,0,0,,,,,
5,Thu,2026-01-29 00:00:00,Compounding,Vashe Machine,No,Non Sterile,7160,54618,,,1000000,1000000,GM,0,0,Grand Total,,,0,0,,,,,
5,Thu,2026-01-29 00:00:00,Compounding,Vashe Machine,No,Non Sterile,7160,54619,,,1000000,1000000,GM,0,0,Grand Total,,,0,0,,,,,
5,Thu,2026-01-29 00:00:00,Compounding,Vashe Machine,No,Non Sterile,7160,54620,,,1000000,1000000,GM,0,0,Grand Total,,,0,0,,,,,
5,Thu,2026-01-29 00:00:00,Compounding,Vashe Machine,No,Non Sterile,7160,54621,,,1000000,1000000,GM,0,0,Grand Total,,,0,0,,,,,
5,Fri,2026-01-30 00:00:00,Compounding,Vashe Machine,No,Non Sterile,7160,54622,,,1000000,1000000,GM,0,0,Grand Total,,,0,0,,,,,
5,Sat,2026-01-31 00:00:00,Compounding,Vashe Machine,,,,,,,,,,0,0,Grand Total,,,0,0,,,,,
5,Sun,2026-02-01 00:00:00,Compounding,Vashe Machine,,,,,,,,,,0,0,Grand Total,,,0,0,,,,,
6,Mon,2026-02-02 00:00:00,Compounding,Vashe Machine,No,Non Sterile,7160,54682,,,1000000,1000000,GM,0,0,Grand Total,,,0,0,,,,,
6,Mon,2026-02-02 00:00:00,Compounding,Vashe Machine,No,Non Sterile,7160,54683,,,1000000,1000000,GM,0,0,Grand Total,,,0,0,,,,,
6,Mon,2026-02-02 00:00:00,Compounding,Vashe Machine,No,Non Sterile,7160,54684,,,1000000,1000000,GM,0,0,Grand Total,,,0,0,,,,,
6,Mon,2026-02-02 00:00:00,Compounding,Vashe Machine,No,Non Sterile,7160,54685,,,1000000,1000000,GM,0,0,Grand Total,,,0,0,,,,,
6,Mon,2026-02-02 00:00:00,Compounding,Vashe Machine,No,Non Sterile,7160,54686,,,1000000,1000000,GM,0,0,Grand Total,,,0,0,,,,,
6,Mon,2026-02-02 00:00:00,Compounding,Vashe Machine,No,Non Sterile,7160,54687,,,1000000,1000000,GM,0,0,Grand Total,,,0,0,,,,,
6,Tue,2026-02-03 00:00:00,Compounding,Vashe Machine,No,Non Sterile,7160,54688,,,1000000,1000000,GM,0,0,Grand Total,,,0,0,,,,,
6,Tue,2026-02-03 00:00:00,Compounding,Vashe Machine,No,Non Sterile,7160,54689,,,1000000,1000000,GM,0,0,Grand Total,,,0,0,,,,,
6,Tue,2026-02-03 00:00:00,Compounding,Vashe Machine,No,Non Sterile,7160,54690,,,1000000,1000000,GM,0,0,Grand Total,,,0,0,,,,,
6,Tue,2026-02-03 00:00:00,Compounding,Vashe Machine,No,Non Sterile,7160,54691,,,1000000,1000000,GM,0,0,Grand Total,,,0,0,,,,,
6,Tue,2026-02-03 00:00:00,Compounding,Vashe Machine,No,Non Sterile,7160,54692,,,1000000,1000000,GM,0,0,Grand Total,,,0,0,,,,,
6,Tue,2026-02-03 00:00:00,Compounding,Vashe Machine,No,Non Sterile,7160,54693,,,1000000,1000000,GM,0,0,Grand Total,,,0,0,,,,,
6,Wed,2026-02-04 00:00:00,Compounding,Vashe Machine,No,Non Sterile,7160,54694,,,1000000,1000000,GM,0,0,Grand Total,,,0,0,,,,,
6,Wed,2026-02-04 00:00:00,Compounding,Vashe Machine,No,Non Sterile,7160,54695,,,1000000,1000000,GM,0,0,Grand Total,,,0,0,,,,,
6,Wed,2026-02-04 00:00:00,Compounding,Vashe Machine,No,Non Sterile,7160,54696,,,1000000,1000000,GM,0,0,Grand Total,,,0,0,,,,,
6,Wed,2026-02-04 00:00:00,Compounding,Vashe Machine,No,Non Sterile,7160,54697,,,1000000,1000000,GM,0,0,Grand Total,,,0,0,,,,,
6,Wed,2026-02-04 00:00:00,Compounding,Vashe Machine,No,Non Sterile,7160,54698,,,1000000,1000000,GM,0,0,Grand Total,,,0,0,,,,,
6,Wed,2026-02-04 00:00:00,Compounding,Vashe Machine,No,Non Sterile,7160,54699,,,1000000,1000000,GM,0,0,Grand Total,,,0,0,,,,,
6,Thu,2026-02-05 00:00:00,Compounding,Vashe Machine,No,Non Sterile,7160,54700,,,1000000,1000000,GM,0,0,Grand Total,,,0,0,,,,,
6,Thu,2026-02-05 00:00:00,Compounding,Vashe Machine,No,Non Sterile,7160,54701,,,1000000,1000000,GM,0,0,Grand Total,,,0,0,,,,,
6,Thu,2026-02-05 00:00:00,Compounding,Vashe Machine,No,Non Sterile,7160,54702,,,1000000,1000000,GM,0,0,Grand Total,,,0,0,,,,,
6,Thu,2026-02-05 00:00:00,Compounding,Vashe Machine,No,Non Sterile,7160,54703,,,1000000,1000000,GM,0,0,Grand Total,,,0,0,,,,,
6,Thu,2026-02-05 00:00:00,Compounding,Vashe Machine,No,Non Sterile,7160,54704,,,1000000,1000000,GM,0,0,Grand Total,,,0,0,,,,,
6,Thu,2026-02-05 00:00:00,Compounding,Vashe Machine,No,Non Sterile,7160,54705,,,1000000,1000000,GM,0,0,Grand Total,,,0,0,,,,,
6,Fri,2026-02-06 00:00:00,Compounding,Vashe Machine,No,Non Sterile,7160,54706,,,1000000,1000000,GM,0,0,Grand Total,,,0,0,,,,,
6,Fri,2026-02-06 00:00:00,Compounding,Vashe Machine,No,Non Sterile,7160,54707,,,1000000,1000000,GM,0,0,Grand Total,,,0,0,,,,,
6,Fri,2026-02-06 00:00:00,Compounding,Vashe Machine,No,Non Sterile,7160,54708,,,1000000,1000000,GM,0,0,Grand Total,,,0,0,,,,,
6,Fri,2026-02-06 00:00:00,Compounding,Vashe Machine,No,Non Sterile,7160,54709,,,1000000,1000000,GM,0,0,Grand Total,,,0,0,,,,,
6,Fri,2026-02-06 00:00:00,Compounding,Vashe Machine,No,Non Sterile,7160,54710,,,1000000,1000000,GM,0,0,Grand Total,,,0,0,,,,,
6,Fri,2026-02-06 00:00:00,Compounding,Vashe Machine,No,Non Sterile,7160,54711,,,1000000,1000000,GM,0,0,Grand Total,,,0,0,,,,,
6,Sat,2026-02-07 00:00:00,Compounding,Vashe Machine,,,,,,,,,,0,0,Grand Total,,,0,0,,,,,
6,Sun,2026-02-08 00:00:00,Compounding,Vashe Machine,,,,,,,,,,0,0,Grand Total,,,0,0,,,,,
7,Mon,2026-02-09 00:00:00,Compounding,Vashe Machine,No,Non Sterile,7160,54712,,,1000000,1000000,GM,0,0,Grand Total,,,0,0,,,,,
7,Mon,2026-02-09 00:00:00,Compounding,Vashe Machine,No,Non Sterile,7160,54713,,,1000000,1000000,GM,0,0,Grand Total,,,0,0,,,,,
7,Mon,2026-02-09 00:00:00,Compounding,Vashe Machine,No,Non Sterile,7160,54714,,,1000000,1000000,GM,0,0,Grand Total,,,0,0,,,,,
7,Mon,2026-02-09 00:00:00,Compounding,Vashe Machine,No,Non Sterile,7160,54715,,,1000000,1000000,GM,0,0,Grand Total,,,0,0,,,,,
7,Mon,2026-02-09 00:00:00,Compounding,Vashe Machine,No,Non Sterile,7160,54716,,,1000000,1000000,GM,0,0,Grand Total,,,0,0,,,,,
7,Mon,2026-02-09 00:00:00,Compounding,Vashe Machine,No,Non Sterile,7160,54717,,,1000000,1000000,GM,0,0,Grand Total,,,0,0,,,,,
7,Tue,2026-02-10 00:00:00,Compounding,Vashe Machine,No,Non Sterile,7160,54718,,,1000000,1000000,GM,0,0,Grand Total,,,0,0,,,,,
7,Tue,2026-02-10 00:00:00,Compounding,Vashe Machine,No,Non Sterile,7160,54719,,,1000000,1000000,GM,0,0,Grand Total,,,0,0,,,,,
7,Tue,2026-02-10 00:00:00,Compounding,Vashe Machine,No,Non Sterile,7160,54720,,,1000000,1000000,GM,0,0,Grand Total,,,0,0,,,,,
7,Tue,2026-02-10 00:00:00,Compounding,Vashe Machine,No,Non Sterile,7160,54721,,,1000000,1000000,GM,0,0,Grand Total,,,0,0,,,,,
7,Tue,2026-02-10 00:00:00,Compounding,Vashe Machine,No,Non Sterile,7160,54722,,,1000000,1000000,GM,0,0,Grand Total,,,0,0,,,,,
7,Tue,2026-02-10 00:00:00,Compounding,Vashe Machine,No,Non Sterile,7160,54723,,,1000000,1000000,GM,0,0,Grand Total,,,0,0,,,,,
7,Wed,2026-02-11 00:00:00,Compounding,Vashe Machine,No,Non Sterile,7160,54724,,,1000000,1000000,GM,0,0,Grand Total,,,0,0,,,,,
7,Wed,2026-02-11 00:00:00,Compounding,Vashe Machine,No,Non Sterile,7160,54725,,,1000000,1000000,GM,0,0,Grand Total,,,0,0,,,,,
7,Wed,2026-02-11 00:00:00,Compounding,Vashe Machine,No,Non Sterile,7160,54726,,,1000000,1000000,GM,0,0,Grand Total,,,0,0,,,,,
7,Wed,2026-02-11 00:00:00,Compounding,Vashe Machine,No,Non Sterile,7160,54727,,,1000000,1000000,GM,0,0,Grand Total,,,0,0,,,,,
7,Wed,2026-02-11 00:00:00,Compounding,Vashe Machine,No,Non Sterile,7160,54728,,,1000000,1000000,GM,0,0,Grand Total,,,0,0,,,,,
7,Wed,2026-02-11 00:00:00,Compounding,Vashe Machine,No,Non Sterile,7160,54729,,,1000000,1000000,GM,0,0,Grand Total,,,0,0,,,,,
7,Thu,2026-02-12 00:00:00,Compounding,Vashe Machine,No,Non Sterile,7160,54730,,,1000000,1000000,GM,0,0,Grand Total,,,0,0,,,,,
7,Thu,2026-02-12 00:00:00,Compounding,Vashe Machine,No,Non Sterile,7160,54731,,,1000000,1000000,GM,0,0,Grand Total,,,0,0,,,,,
7,Thu,2026-02-12 00:00:00,Compounding,Vashe Machine,No,Non Sterile,7160,54732,,,1000000,1000000,GM,0,0,Grand Total,,,0,0,,,,,
7,Thu,2026-02-12 00:00:00,Compounding,Vashe Machine,No,Non Sterile,7160,54733,,,1000000,1000000,GM,0,0,Grand Total,,,0,0,,,,,
7,Thu,2026-02-12 00:00:00,Compounding,Vashe Machine,No,Non Sterile,7160,54734,,,1000000,1000000,GM,0,0,Grand Total,,,0,0,,,,,
7,Thu,2026-02-12 00:00:00,Compounding,Vashe Machine,No,Non Sterile,7160,54735,,,1000000,1000000,GM,0,0,Grand Total,,,0,0,,,,,
7,Fri,2026-02-13 00:00:00,Compounding,Vashe Machine,No,Non Sterile,7160,54736,,,1000000,1000000,GM,0,0,Grand Total,,,0,0,,,,,
7,Fri,2026-02-13 00:00:00,Compounding,Vashe Machine,No,Non Sterile,7160,54737,,,1000000,1000000,GM,0,0,Grand Total,,,0,0,,,,,
7,Fri,2026-02-13 00:00:00,Compounding,Vashe Machine,No,Non Sterile,7160,54738,,,1000000,1000000,GM,0,0,Grand Total,,,0,0,,,,,
7,Fri,2026-02-13 00:00:00,Compounding,Vashe Machine,No,Non Sterile,7160,54739,,,1000000,1000000,GM,0,0,Grand Total,,,0,0,,,,,
7,Fri,2026-02-13 00:00:00,Compounding,Vashe Machine,No,Non Sterile,7160,54740,,,1000000,1000000,GM,0,0,Grand Total,,,0,0,,,,,
7,Fri,2026-02-13 00:00:00,Compounding,Vashe Machine,No,Non Sterile,7160,54741,,,1000000,1000000,GM,0,0,Grand Total,,,0,0,,,,,
7,Sat,2026-02-14 00:00:00,Compounding,Vashe Machine,,,,,,,,,,0,0,Grand Total,,,0,0,,,,,
7,Sun,2026-02-15 00:00:00,Compounding,Vashe Machine,,,,,,,,,,0,0,Grand Total,,,0,0,,,,,
8,Mon,2026-02-16 00:00:00,Compounding,Vashe Machine,No,Non Sterile,7160,54742,,,1000000,1000000,GM,0,0,Grand Total,,,0,0,,,,,
8,Mon,2026-02-16 00:00:00,Compounding,Vashe Machine,No,Non Sterile,7160,54743,,,1000000,1000000,GM,0,0,Grand Total,,,0,0,,,,,
8,Mon,2026-02-16 00:00:00,Compounding,Vashe Machine,No,Non Sterile,7160,54744,,,1000000,1000000,GM,0,0,Grand Total,,,0,0,,,,,
8,Mon,2026-02-16 00:00:00,Compounding,Vashe Machine,No,Non Sterile,7160,54745,,,1000000,1000000,GM,0,0,Grand Total,,,0,0,,,,,
8,Mon,2026-02-16 00:00:00,Compounding,Vashe Machine,No,Non Sterile,7160,54746,,,1000000,1000000,GM,0,0,Grand Total,,,0,0,,,,,
8,Mon,2026-02-16 00:00:00,Compounding,Vashe Machine,No,Non Sterile,7160,54747,,,1000000,1000000,GM,0,0,Grand Total,,,0,0,,,,,
8,Tue,2026-02-17 00:00:00,Compounding,Vashe Machine,No,Non Sterile,7160,54748,,,1000000,1000000,GM,0,0,Grand Total,,,0,0,,,,,
8,Tue,2026-02-17 00:00:00,Compounding,Vashe Machine,No,Non Sterile,7160,54749,,,1000000,1000000,GM,0,0,Grand Total,,,0,0,,,,,
8,Tue,2026-02-17 00:00:00,Compounding,Vashe Machine,No,Non Sterile,7160,54750,,,1000000,1000000,GM,0,0,Grand Total,,,0,0,,,,,
8,Tue,2026-02-17 00:00:00,Compounding,Vashe Machine,No,Non Sterile,7160,54751,,,1000000,1000000,GM,0,0,Grand Total,,,0,0,,,,,
8,Tue,2026-02-17 00:00:00,Compounding,Vashe Machine,No,Non Sterile,7160,54752,,,1000000,1000000,GM,0,0,Grand Total,,,0,0,,,,,
8,Tue,2026-02-17 00:00:00,Compounding,Vashe Machine,No,Non Sterile,7160,54753,,,1000000,1000000,GM,0,0,Grand Total,,,0,0,,,,,
8,Wed,2026-02-18 00:00:00,Compounding,Vashe Machine,No,Non Sterile,7160,54754,,,1000000,1000000,GM,0,0,Grand Total,,,0,0,,,,,
8,Wed,2026-02-18 00:00:00,Compounding,Vashe Machine,No,Non Sterile,7160,54755,,,1000000,1000000,GM,0,0,Grand Total,,,0,0,,,,,
8,Wed,2026-02-18 00:00:00,Compounding,Vashe Machine,No,Non Sterile,7160,54756,,,1000000,1000000,GM,0,0,Grand Total,,,0,0,,,,,
8,Wed,2026-02-18 00:00:00,Compounding,Vashe Machine,No,Non Sterile,7160,54757,,,1000000,1000000,GM,0,0,Grand Total,,,0,0,,,,,
8,Wed,2026-02-18 00:00:00,Compounding,Vashe Machine,No,Non Sterile,7160,54758,,,1000000,1000000,GM,0,0,Grand Total,,,0,0,,,,,
8,Wed,2026-02-18 00:00:00,Compounding,Vashe Machine,No,Non Sterile,7160,54759,,,1000000,1000000,GM,0,0,Grand Total,,,0,0,,,,,
8,Thu,2026-02-19 00:00:00,Compounding,Vashe Machine,No,Non Sterile,7160,54760,,,1000000,1000000,GM,0,0,Grand Total,,,0,0,,,,,
8,Thu,2026-02-19 00:00:00,Compounding,Vashe Machine,No,Non Sterile,7160,54761,,,1000000,1000000,GM,0,0,Grand Total,,,0,0,,,,,
8,Thu,2026-02-19 00:00:00,Compounding,Vashe Machine,No,Non Sterile,7160,54762,,,1000000,1000000,GM,0,0,Grand Total,,,0,0,,,,,
8,Thu,2026-02-19 00:00:00,Compounding,Vashe Machine,No,Non Sterile,7160,54763,,,1000000,1000000,GM,0,0,Grand Total,,,0,0,,,,,
8,Thu,2026-02-19 00:00:00,Compounding,Vashe Machine,No,Non Sterile,7160,54764,,,1000000,1000000,GM,0,0,Grand Total,,,0,0,,,,,
8,Thu,2026-02-19 00:00:00,Compounding,Vashe Machine,No,Non Sterile,7160,54765,,,1000000,1000000,GM,0,0,Grand Total,,,0,0,,,,,
8,Fri,2026-02-20 00:00:00,Compounding,Vashe Machine,No,Non Sterile,7160,54766,,,1000000,1000000,GM,0,0,Grand Total,,,0,0,,,,,
8,Fri,2026-02-20 00:00:00,Compounding,Vashe Machine,No,Non Sterile,7160,54767,,,1000000,1000000,GM,0,0,Grand Total,,,0,0,,,,,
8,Fri,2026-02-20 00:00:00,Compounding,Vashe Machine,No,Non Sterile,7160,54768,,,1000000,1000000,GM,0,0,Grand Total,,,0,0,,,,,
8,Fri,2026-02-20 00:00:00,Compounding,Vashe Machine,No,Non Sterile,7160,54769,,,1000000,1000000,GM,0,0,Grand Total,,,0,0,,,,,
8,Fri,2026-02-20 00:00:00,Compounding,Vashe Machine,No,Non Sterile,7160,54770,,,1000000,1000000,GM,0,0,Grand Total,,,0,0,,,,,
8,Fri,2026-02-20 00:00:00,Compounding,Vashe Machine,No,Non Sterile,7160,54771,,,1000000,1000000,GM,0,0,Grand Total,,,0,0,,,,,
8,Sat,2026-02-21 00:00:00,Compounding,Vashe Machine,,,,,,,,,,0,0,Grand Total,,,0,0,,,,,
8,Sun,2026-02-22 00:00:00,Compounding,Vashe Machine,,,,,,,,,,0,0,Grand Total,,,0,0,,,,,
9,Mon,2026-02-23 00:00:00,Compounding,Vashe Machine,No,Non Sterile,7160,54772,,,1000000,1000000,GM,0,0,Grand Total,,,0,0,,,,,
9,Mon,2026-02-23 00:00:00,Compounding,Vashe Machine,No,Non Sterile,7160,54773,,,1000000,1000000,GM,0,0,Grand Total,,,0,0,,,,,
9,Mon,2026-02-23 00:00:00,Compounding,Vashe Machine,No,Non Sterile,7160,54773,,,1000000,1000000,GM,0,0,Grand Total,,,0,0,,,,,
9,Mon,2026-02-23 00:00:00,Compounding,Vashe Machine,No,Non Sterile,7160,54775,,,1000000,1000000,GM,0,0,Grand Total,,,0,0,,,,,
9,Mon,2026-02-23 00:00:00,Compounding,Vashe Machine,No,Non Sterile,7160,54776,,,1000000,1000000,GM,0,0,Grand Total,,,0,0,,,,,
9,Mon,2026-02-23 00:00:00,Compounding,Vashe Machine,No,Non Sterile,7160,54777,,,1000000,1000000,GM,0,0,Grand Total,,,0,0,,,,,
9,Tue,2026-02-24 00:00:00,Compounding,Vashe Machine,No,Non Sterile,7160,PM,,,1000000,1000000,GM,0,0,Grand Total,,,0,0,,,,,
9,Tue,2026-02-24 00:00:00,Compounding,Vashe Machine,No,Non Sterile,7160,54862,,,1000000,1000000,GM,0,0,Grand Total,,,0,0,,,,,
9,Tue,2026-02-24 00:00:00,Compounding,Vashe Machine,No,Non Sterile,7160,54863,,,1000000,1000000,GM,0,0,Grand Total,,,0,0,,,,,
9,Tue,2026-02-24 00:00:00,Compounding,Vashe Machine,No,Non Sterile,7160,54864,,,1000000,1000000,GM,0,0,Grand Total,,,0,0,,,,,
9,Wed,2026-02-25 00:00:00,Compounding,Vashe Machine,No,Non Sterile,7160,54865,,,1000000,1000000,GM,0,0,Grand Total,,,0,0,,,,,
9,Wed,2026-02-25 00:00:00,Compounding,Vashe Machine,No,Non Sterile,7160,54866,,,1000000,1000000,GM,0,0,Grand Total,,,0,0,,,,,
9,Wed,2026-02-25 00:00:00,Compounding,Vashe Machine,No,Non Sterile,7160,54867,,,1000000,1000000,GM,0,0,Grand Total,,,0,0,,,,,
9,Wed,2026-02-25 00:00:00,Compounding,Vashe Machine,No,Non Sterile,7160,54868,,,1000000,1000000,GM,0,0,Grand Total,,,0,0,,,,,
9,Wed,2026-02-25 00:00:00,Compounding,Vashe Machine,No,Non Sterile,7160,54869,,,1000000,1000000,GM,0,0,Grand Total,,,0,0,,,,,
9,Wed,2026-02-25 00:00:00,Compounding,Vashe Machine,No,Non Sterile,7160,54870,,,1000000,1000000,GM,0,0,Grand Total,,,0,0,,,,,
9,Thu,2026-02-26 00:00:00,Compounding,Vashe Machine,No,Non Sterile,7160,54871,,,1000000,1000000,GM,0,0,Grand Total,,,0,0,,,,,
9,Thu,2026-02-26 00:00:00,Compounding,Vashe Machine,No,Non Sterile,7160,54872,,,1000000,1000000,GM,0,0,Grand Total,,,0,0,,,,,
9,Thu,2026-02-26 00:00:00,Compounding,Vashe Machine,No,Non Sterile,7160,54873,,,1000000,1000000,GM,0,0,Grand Total,,,0,0,,,,,
9,Thu,2026-02-26 00:00:00,Compounding,Vashe Machine,No,Non Sterile,7160,54874,,,1000000,1000000,GM,0,0,Grand Total,,,0,0,,,,,
9,Thu,2026-02-26 00:00:00,Compounding,Vashe Machine,No,Non Sterile,7160,54875,,,1000000,1000000,GM,0,0,Grand Total,,,0,0,,,,,
9,Thu,2026-02-26 00:00:00,Compounding,Vashe Machine,No,Non Sterile,7160,54876,,,1000000,1000000,GM,0,0,Grand Total,,,0,0,,,,,
9,Fri,2026-02-27 00:00:00,Compounding,Vashe Machine,No,Non Sterile,7160,54877,,,1000000,1000000,GM,0,0,Grand Total,,,0,0,,,,,
9,Fri,2026-02-27 00:00:00,Compounding,Vashe Machine,No,Non Sterile,7160,54878,,,1000000,1000000,GM,0,0,Grand Total,,,0,0,,,,,
9,Fri,2026-02-27 00:00:00,Compounding,Vashe Machine,No,Non Sterile,7160,54879,,,1000000,1000000,GM,0,0,Grand Total,,,0,0,,,,,
9,Fri,2026-02-27 00:00:00,Compounding,Vashe Machine,No,Non Sterile,7160,54880,,,1000000,1000000,GM,0,0,Grand Total,,,0,0,,,,,
9,Fri,2026-02-27 00:00:00,Compounding,Vashe Machine,No,Non Sterile,7160,54881,,,1000000,1000000,GM,0,0,Grand Total,,,0,0,,,,,
9,Fri,2026-02-27 00:00:00,Compounding,Vashe Machine,No,Non Sterile,7160,54882,,,1000000,1000000,GM,0,0,Grand Total,,,0,0,,,,,
9,Sat,2026-02-28 00:00:00,Compounding,Vashe Machine,,,,,,,,,,0,0,Grand Total,,,0,0,,,,,
9,Sun,2026-03-01 00:00:00,Compounding,Vashe Machine,,,,,,,,,,0,0,Grand Total,,,0,0,,,,,
10,Mon,2026-03-02 00:00:00,Compounding,Vashe Machine,No,Non Sterile,7160,54883,,,1000000,1000000,GM,0,0,Grand Total,,,0,0,,,,,
10,Mon,2026-03-02 00:00:00,Compounding,Vashe Machine,No,Non Sterile,7160,54884,,,1000000,1000000,GM,0,0,Grand Total,,,0,0,,,,,
10,Mon,2026-03-02 00:00:00,Compounding,Vashe Machine,No,Non Sterile,7160,54885,,,1000000,1000000,GM,0,0,Grand Total,,,0,0,,,,,
10,Mon,2026-03-02 00:00:00,Compounding,Vashe Machine,No,Non Sterile,7160,54886,,,1000000,1000000,GM,0,0,Grand Total,,,0,0,,,,,
10,Mon,2026-03-02 00:00:00,Compounding,Vashe Machine,No,Non Sterile,7160,54887,,,1000000,1000000,GM,0,0,Grand Total,,,0,0,,,,,
10,Mon,2026-03-02 00:00:00,Compounding,Vashe Machine,No,Non Sterile,7160,54888,,,1000000,1000000,GM,0,0,Grand Total,,,0,0,,,,,
10,Tue,2026-03-03 00:00:00,Compounding,Vashe Machine,No,Non Sterile,7160,54889,,,1000000,1000000,GM,0,0,Grand Total,,,0,0,,,,,
10,Tue,2026-03-03 00:00:00,Compounding,Vashe Machine,No,Non Sterile,7160,54890,,,1000000,1000000,GM,0,0,Grand Total,,,0,0,,,,,
10,Tue,2026-03-03 00:00:00,Compounding,Vashe Machine,No,Non Sterile,7160,54891,,,1000000,1000000,GM,0,0,Grand Total,,,0,0,,,,,
10,Tue,2026-03-03 00:00:00,Compounding,Vashe Machine,No,Non Sterile,7160,54892,,,1000000,1000000,GM,0,0,Grand Total,,,0,0,,,,,
10,Tue,2026-03-03 00:00:00,Compounding,Vashe Machine,No,Non Sterile,7160,54893,,,1000000,1000000,GM,0,0,Grand Total,,,0,0,,,,,
10,Tue,2026-03-03 00:00:00,Compounding,Vashe Machine,No,Non Sterile,7160,54894,,,1000000,1000000,GM,0,0,Grand Total,,,0,0,,,,,
10,Wed,2026-03-04 00:00:00,Compounding,Vashe Machine,No,Non Sterile,7160,54895,,,1000000,1000000,GM,0,0,Grand Total,,,0,0,,,,,
10,Wed,2026-03-04 00:00:00,Compounding,Vashe Machine,No,Non Sterile,7160,54896,,,1000000,1000000,GM,0,0,Grand Total,,,0,0,,,,,
10,Wed,2026-03-04 00:00:00,Compounding,Vashe Machine,No,Non Sterile,7160,54897,,,1000000,1000000,GM,0,0,Grand Total,,,0,0,,,,,
10,Wed,2026-03-04 00:00:00,Compounding,Vashe Machine,No,Non Sterile,7160,54898,,,1000000,1000000,GM,0,0,Grand Total,,,0,0,,,,,
10,Wed,2026-03-04 00:00:00,Compounding,Vashe Machine,No,Non Sterile,7160,54899,,,1000000,1000000,GM,0,0,Grand Total,,,0,0,,,,,
10,Wed,2026-03-04 00:00:00,Compounding,Vashe Machine,No,Non Sterile,7160,54900,,,1000000,1000000,GM,0,0,Grand Total,,,0,0,,,,,
10,Thu,2026-03-05 00:00:00,Compounding,Vashe Machine,No,Non Sterile,7160,54901,,,1000000,1000000,GM,0,0,Grand Total,,,0,0,,,,,
10,Thu,2026-03-05 00:00:00,Compounding,Vashe Machine,No,Non Sterile,7160,54902,,,1000000,1000000,GM,0,0,Grand Total,,,0,0,,,,,
10,Thu,2026-03-05 00:00:00,Compounding,Vashe Machine,No,Non Sterile,7160,54903,,,1000000,1000000,GM,0,0,Grand Total,,,0,0,,,,,
10,Thu,2026-03-05 00:00:00,Compounding,Vashe Machine,No,Non Sterile,7160,54904,,,1000000,1000000,GM,0,0,Grand Total,,,0,0,,,,,
10,Thu,2026-03-05 00:00:00,Compounding,Vashe Machine,No,Non Sterile,7160,54905,,,1000000,1000000,GM,0,0,Grand Total,,,0,0,,,,,
10,Thu,2026-03-05 00:00:00,Compounding,Vashe Machine,No,Non Sterile,7160,54906,,,1000000,1000000,GM,0,0,Grand Total,,,0,0,,,,,
10,Fri,2026-03-06 00:00:00,Compounding,Vashe Machine,No,Non Sterile,7160,54907,,,1000000,1000000,GM,0,0,Grand Total,,,0,0,,,,,
10,Fri,2026-03-06 00:00:00,Compounding,Vashe Machine,No,Non Sterile,7160,54908,,,1000000,1000000,GM,0,0,Grand Total,,,0,0,,,,,
10,Fri,2026-03-06 00:00:00,Compounding,Vashe Machine,No,Non Sterile,7160,54909,,,1000000,1000000,GM,0,0,Grand Total,,,0,0,,,,,
10,Fri,2026-03-06 00:00:00,Compounding,Vashe Machine,No,Non Sterile,7160,54910,,,1000000,1000000,GM,0,0,Grand Total,,,0,0,,,,,
10,Fri,2026-03-06 00:00:00,Compounding,Vashe Machine,No,Non Sterile,7160,54911,,,1000000,1000000,GM,0,0,Grand Total,,,0,0,,,,,
10,Fri,2026-03-06 00:00:00,Compounding,Vashe Machine,No,Non Sterile,7160,54912,,,1000000,1000000,GM,0,0,Grand Total,,,0,0,,,,,
10,Sat,2026-03-07 00:00:00,Compounding,Vashe Machine,,,,,,,,,,0,0,Grand Total,,,0,0,,,,,
10,Sun,2026-03-08 00:00:00,Compounding,Vashe Machine,,,,,,,,,,0,0,Grand Total,,,0,0,,,,,
11,Mon,2026-03-09 00:00:00,Compounding,Vashe Machine,No,Non Sterile,7160,54913,,,1000000,1000000,GM,0,0,Grand Total,,,0,0,,,,,
11,Mon,2026-03-09 00:00:00,Compounding,Vashe Machine,No,Non Sterile,7160,54914,,,1000000,1000000,GM,0,0,Grand Total,,,0,0,,,,,
11,Mon,2026-03-09 00:00:00,Compounding,Vashe Machine,No,Non Sterile,7160,54915,,,1000000,1000000,GM,0,0,Grand Total,,,0,0,,,,,
11,Mon,2026-03-09 00:00:00,Compounding,Vashe Machine,No,Non Sterile,7160,54916,,,1000000,1000000,GM,0,0,Grand Total,,,0,0,,,,,
11,Mon,2026-03-09 00:00:00,Compounding,Vashe Machine,No,Non Sterile,7160,54917,,,1000000,1000000,GM,0,0,Grand Total,,,0,0,,,,,
11,Mon,2026-03-09 00:00:00,Compounding,Vashe Machine,No,Non Sterile,7160,54918,,,1000000,1000000,GM,0,0,Grand Total,,,0,0,,,,,
11,Tue,2026-03-10 00:00:00,Compounding,Vashe Machine,No,Non Sterile,7160,54919,,,1000000,1000000,GM,0,0,Grand Total,,,0,0,,,,,
11,Tue,2026-03-10 00:00:00,Compounding,Vashe Machine,No,Non Sterile,7160,54920,,,1000000,1000000,GM,0,0,Grand Total,,,0,0,,,,,
11,Tue,2026-03-10 00:00:00,Compounding,Vashe Machine,No,Non Sterile,7160,54921,,,1000000,1000000,GM,0,0,Grand Total,,,0,0,,,,,
11,Tue,2026-03-10 00:00:00,Compounding,Vashe Machine,No,Non Sterile,7160,54922,,,1000000,1000000,GM,0,0,Grand Total,,,0,0,,,,,
11,Tue,2026-03-10 00:00:00,Compounding,Vashe Machine,No,Non Sterile,7160,54923,,,1000000,1000000,GM,0,0,Grand Total,,,0,0,,,,,
11,Tue,2026-03-10 00:00:00,Compounding,Vashe Machine,No,Non Sterile,7160,54924,,,1000000,1000000,GM,0,0,Grand Total,,,0,0,,,,,
11,Wed,2026-03-11 00:00:00,Compounding,Vashe Machine,No,Non Sterile,7160,54925,,,1000000,1000000,GM,0,0,Grand Total,,,0,0,,,,,
11,Wed,2026-03-11 00:00:00,Compounding,Vashe Machine,No,Non Sterile,7160,54926,,,1000000,1000000,GM,0,0,Grand Total,,,0,0,,,,,
11,Wed,2026-03-11 00:00:00,Compounding,Vashe Machine,No,Non Sterile,7160,54927,,,1000000,1000000,GM,0,0,Grand Total,,,0,0,,,,,
11,Wed,2026-03-11 00:00:00,Compounding,Vashe Machine,No,Non Sterile,7160,54928,,,1000000,1000000,GM,0,0,Grand Total,,,0,0,,,,,
11,Wed,2026-03-11 00:00:00,Compounding,Vashe Machine,No,Non Sterile,7160,54929,,,1000000,1000000,GM,0,0,Grand Total,,,0,0,,,,,
11,Wed,2026-03-11 00:00:00,Compounding,Vashe Machine,No,Non Sterile,7160,54930,,,1000000,1000000,GM,0,0,Grand Total,,,0,0,,,,,
11,Thu,2026-03-12 00:00:00,Compounding,Vashe Machine,No,Non Sterile,7160,54931,,,1000000,1000000,GM,0,0,Grand Total,,,0,0,,,,,
11,Thu,2026-03-12 00:00:00,Compounding,Vashe Machine,No,Non Sterile,7160,54932,,,1000000,1000000,GM,0,0,Grand Total,,,0,0,,,,,
11,Thu,2026-03-12 00:00:00,Compounding,Vashe Machine,No,Non Sterile,7160,54933,,,1000000,1000000,GM,0,0,Grand Total,,,0,0,,,,,
11,Thu,2026-03-12 00:00:00,Compounding,Vashe Machine,No,Non Sterile,7160,54934,,,1000000,1000000,GM,0,0,Grand Total,,,0,0,,,,,
11,Thu,2026-03-12 00:00:00,Compounding,Vashe Machine,No,Non Sterile,7160,54935,,,1000000,1000000,GM,0,0,Grand Total,,,0,0,,,,,
11,Thu,2026-03-12 00:00:00,Compounding,Vashe Machine,No,Non Sterile,7160,54936,,,1000000,1000000,GM,0,0,Grand Total,,,0,0,,,,,
11,Fri,2026-03-13 00:00:00,Compounding,Vashe Machine,No,Non Sterile,7160,54937,,,1000000,1000000,GM,0,0,Grand Total,,,0,0,,,,,
11,Fri,2026-03-13 00:00:00,Compounding,Vashe Machine,No,Non Sterile,7160,54938,,,1000000,1000000,GM,0,0,Grand Total,,,0,0,,,,,
11,Fri,2026-03-13 00:00:00,Compounding,Vashe Machine,No,Non Sterile,7160,54939,,,1000000,1000000,GM,0,0,Grand Total,,,0,0,,,,,
11,Fri,2026-03-13 00:00:00,Compounding,Vashe Machine,No,Non Sterile,7160,54940,,,1000000,1000000,GM,0,0,Grand Total,,,0,0,,,,,
11,Fri,2026-03-13 00:00:00,Compounding,Vashe Machine,No,Non Sterile,7160,54941,,,1000000,1000000,GM,0,0,Grand Total,,,0,0,,,,,
11,Fri,2026-03-13 00:00:00,Compounding,Vashe Machine,No,Non Sterile,7160,54942,,,1000000,1000000,GM,0,0,Grand Total,,,0,0,,,,,
11,Sat,2026-03-14 00:00:00,Compounding,Vashe Machine,,,,,,,,,,0,0,Grand Total,,,0,0,,,,,
11,Sun,2026-03-15 00:00:00,Compounding,Vashe Machine,,,,,,,,,,0,0,Grand Total,,,0,0,,,,,
12,Mon,2026-03-16 00:00:00,Compounding,Vashe Machine,,,,PM,,,,,,0,0,Grand Total,,,0,0,,,,,
12,Mon,2026-03-16 00:00:00,Compounding,Vashe Machine,No,Non Sterile,7160,54943,,,1000000,1000000,GM,0,0,Grand Total,,,0,0,,,,,
12,Mon,2026-03-16 00:00:00,Compounding,Vashe Machine,No,Non Sterile,7160,54944,,,1000000,1000000,GM,0,0,Grand Total,,,0,0,,,,,
12,Mon,2026-03-16 00:00:00,Compounding,Vashe Machine,No,Non Sterile,7160,54945,,,1000000,1000000,GM,0,0,Grand Total,,,0,0,,,,,
12,Tue,2026-03-17 00:00:00,Compounding,Vashe Machine,No,Non Sterile,7160,54946,,,1000000,1000000,GM,0,0,Grand Total,,,0,0,,,,,
12,Tue,2026-03-17 00:00:00,Compounding,Vashe Machine,No,Non Sterile,7160,54947,,,1000000,1000000,GM,0,0,Grand Total,,,0,0,,,,,
12,Tue,2026-03-17 00:00:00,Compounding,Vashe Machine,No,Non Sterile,7160,54948,,,1000000,1000000,GM,0,0,Grand Total,,,0,0,,,,,
12,Tue,2026-03-17 00:00:00,Compounding,Vashe Machine,No,Non Sterile,7160,54949,,,1000000,1000000,GM,0,0,Grand Total,,,0,0,,,,,
12,Tue,2026-03-17 00:00:00,Compounding,Vashe Machine,No,Non Sterile,7160,54950,,,1000000,1000000,GM,0,0,Grand Total,,,0,0,,,,,
12,Tue,2026-03-17 00:00:00,Compounding,Vashe Machine,No,Non Sterile,7160,54951,,,1000000,1000000,GM,0,0,Grand Total,,,0,0,,,,,
12,Wed,2026-03-18 00:00:00,Compounding,Vashe Machine,No,Non Sterile,7160,54952,,,1000000,1000000,GM,0,0,Grand Total,,,0,0,,,,,
12,Wed,2026-03-18 00:00:00,Compounding,Vashe Machine,No,Non Sterile,7160,54953,,,1000000,1000000,GM,0,0,Grand Total,,,0,0,,,,,
12,Wed,2026-03-18 00:00:00,Compounding,Vashe Machine,No,Non Sterile,7160,54954,,,1000000,1000000,GM,0,0,Grand Total,,,0,0,,,,,
12,Wed,2026-03-18 00:00:00,Compounding,Vashe Machine,No,Non Sterile,7160,54955,,,1000000,1000000,GM,0,0,Grand Total,,,0,0,,,,,
12,Wed,2026-03-18 00:00:00,Compounding,Vashe Machine,No,Non Sterile,7160,54956,,,1000000,1000000,GM,0,0,Grand Total,,,0,0,,,,,
12,Wed,2026-03-18 00:00:00,Compounding,Vashe Machine,No,Non Sterile,7160,54957,,,1000000,1000000,GM,0,0,Grand Total,,,0,0,,,,,
12,Thu,2026-03-19 00:00:00,Compounding,Vashe Machine,No,Non Sterile,7160,54958,,,1000000,1000000,GM,0,0,Grand Total,,,0,0,,,,,
12,Thu,2026-03-19 00:00:00,Compounding,Vashe Machine,No,Non Sterile,7160,54959,,,1000000,1000000,GM,0,0,Grand Total,,,0,0,,,,,
12,Thu,2026-03-19 00:00:00,Compounding,Vashe Machine,No,Non Sterile,7160,54960,,,1000000,1000000,GM,0,0,Grand Total,,,0,0,,,,,
12,Thu,2026-03-19 00:00:00,Compounding,Vashe Machine,No,Non Sterile,7160,54961,,,1000000,1000000,GM,0,0,Grand Total,,,0,0,,,,,
12,Thu,2026-03-19 00:00:00,Compounding,Vashe Machine,No,Non Sterile,7160,54962,,,1000000,1000000,GM,0,0,Grand Total,,,0,0,,,,,
12,Thu,2026-03-19 00:00:00,Compounding,Vashe Machine,No,Non Sterile,7160,54963,,,1000000,1000000,GM,0,0,Grand Total,,,0,0,,,,,
12,Fri,2026-03-20 00:00:00,Compounding,Vashe Machine,No,Non Sterile,7160,54964,,,1000000,1000000,GM,0,0,Grand Total,,,0,0,,,,,
12,Fri,2026-03-20 00:00:00,Compounding,Vashe Machine,No,Non Sterile,7160,54965,,,1000000,1000000,GM,0,0,Grand Total,,,0,0,,,,,
12,Fri,2026-03-20 00:00:00,Compounding,Vashe Machine,No,Non Sterile,7160,54966,,,1000000,1000000,GM,0,0,Grand Total,,,0,0,,,,,
12,Fri,2026-03-20 00:00:00,Compounding,Vashe Machine,No,Non Sterile,7160,54967,,,1000000,1000000,GM,0,0,Grand Total,,,0,0,,,,,
12,Fri,2026-03-20 00:00:00,Compounding,Vashe Machine,No,Non Sterile,7160,54968,,,1000000,1000000,GM,0,0,Grand Total,,,0,0,,,,,
12,Fri,2026-03-20 00:00:00,Compounding,Vashe Machine,No,Non Sterile,7160,54969,,,1000000,1000000,GM,0,0,Grand Total,,,0,0,,,,,
12,Sat,2026-03-21 00:00:00,Compounding,Vashe Machine,,,,,,,,,,0,0,Grand Total,,,0,0,,,,,
12,Sun,2026-03-22 00:00:00,Compounding,Vashe Machine,,,,,,,,,,0,0,Grand Total,,,0,0,,,,,
13,Mon,2026-03-23 00:00:00,Compounding,Vashe Machine,No,Non Sterile,7160,54970,,,1000000,1000000,GM,0,0,Grand Total,,,0,0,,,,,
13,Mon,2026-03-23 00:00:00,Compounding,Vashe Machine,No,Non Sterile,7160,54971,,,1000000,1000000,GM,0,0,Grand Total,,,0,0,,,,,
13,Mon,2026-03-23 00:00:00,Compounding,Vashe Machine,No,Non Sterile,7160,54972,,,1000000,1000000,GM,0,0,Grand Total,,,0,0,,,,,
13,Mon,2026-03-23 00:00:00,Compounding,Vashe Machine,No,Non Sterile,7160,54973,,,1000000,1000000,GM,0,0,Grand Total,,,0,0,,,,,
13,Mon,2026-03-23 00:00:00,Compounding,Vashe Machine,No,Non Sterile,7160,54974,,,1000000,1000000,GM,0,0,Grand Total,,,0,0,,,,,
13,Mon,2026-03-23 00:00:00,Compounding,Vashe Machine,No,Non Sterile,7160,54975,,,1000000,1000000,GM,0,0,Grand Total,,,0,0,,,,,
13,Tue,2026-03-24 00:00:00,Compounding,Vashe Machine,No,Non Sterile,7160,54976,,,1000000,1000000,GM,0,0,Grand Total,,,0,0,,,,,
13,Tue,2026-03-24 00:00:00,Compounding,Vashe Machine,No,Non Sterile,7160,54977,,,1000000,1000000,GM,0,0,Grand Total,,,0,0,,,,,
13,Tue,2026-03-24 00:00:00,Compounding,Vashe Machine,No,Non Sterile,7160,54978,,,1000000,1000000,GM,0,0,Grand Total,,,0,0,,,,,
13,Tue,2026-03-24 00:00:00,Compounding,Vashe Machine,No,Non Sterile,7160,,,,1000000,1000000,GM,0,0,Grand Total,,,0,0,,,,,
13,Tue,2026-03-24 00:00:00,Compounding,Vashe Machine,No,Non Sterile,7160,,,,1000000,1000000,GM,0,0,Grand Total,,,0,0,,,,,
13,Tue,2026-03-24 00:00:00,Compounding,Vashe Machine,No,Non Sterile,7160,,,,1000000,1000000,GM,0,0,Grand Total,,,0,0,,,,,
13,Wed,2026-03-25 00:00:00,Compounding,Vashe Machine,No,Non Sterile,7160,,,,1000000,1000000,GM,0,0,Grand Total,,,0,0,,,,,
13,Wed,2026-03-25 00:00:00,Compounding,Vashe Machine,No,Non Sterile,7160,,,,1000000,1000000,GM,0,0,Grand Total,,,0,0,,,,,
13,Wed,2026-03-25 00:00:00,Compounding,Vashe Machine,No,Non Sterile,7160,,,,1000000,1000000,GM,0,0,Grand Total,,,0,0,,,,,
13,Wed,2026-03-25 00:00:00,Compounding,Vashe Machine,No,Non Sterile,7160,,,,1000000,1000000,GM,0,0,Grand Total,,,0,0,,,,,
13,Wed,2026-03-25 00:00:00,Compounding,Vashe Machine,No,Non Sterile,7160,,,,1000000,1000000,GM,0,0,Grand Total,,,0,0,,,,,
13,Wed,2026-03-25 00:00:00,Compounding,Vashe Machine,No,Non Sterile,7160,,,,1000000,1000000,GM,0,0,Grand Total,,,0,0,,,,,
13,Thu,2026-03-26 00:00:00,Compounding,Vashe Machine,No,Non Sterile,7160,,,,1000000,1000000,GM,0,0,Grand Total,,,0,0,,,,,
13,Thu,2026-03-26 00:00:00,Compounding,Vashe Machine,No,Non Sterile,7160,,,,1000000,1000000,GM,0,0,Grand Total,,,0,0,,,,,
13,Thu,2026-03-26 00:00:00,Compounding,Vashe Machine,No,Non Sterile,7160,,,,1000000,1000000,GM,0,0,Grand Total,,,0,0,,,,,
13,Thu,2026-03-26 00:00:00,Compounding,Vashe Machine,No,Non Sterile,7160,,,,1000000,1000000,GM,0,0,Grand Total,,,0,0,,,,,
13,Thu,2026-03-26 00:00:00,Compounding,Vashe Machine,No,Non Sterile,7160,,,,1000000,1000000,GM,0,0,Grand Total,,,0,0,,,,,
13,Thu,2026-03-26 00:00:00,Compounding,Vashe Machine,No,Non Sterile,7160,,,,1000000,1000000,GM,0,0,Grand Total,,,0,0,,,,,
13,Fri,2026-03-27 00:00:00,Compounding,Vashe Machine,No,Non Sterile,7160,,,,1000000,1000000,GM,0,0,Grand Total,,,0,0,,,,,
13,Fri,2026-03-27 00:00:00,Compounding,Vashe Machine,No,Non Sterile,7160,,,,1000000,1000000,GM,0,0,Grand Total,,,0,0,,,,,
13,Fri,2026-03-27 00:00:00,Compounding,Vashe Machine,No,Non Sterile,7160,,,,1000000,1000000,GM,0,0,Grand Total,,,0,0,,,,,
13,Fri,2026-03-27 00:00:00,Compounding,Vashe Machine,No,Non Sterile,7160,,,,1000000,1000000,GM,0,0,Grand Total,,,0,0,,,,,
13,Fri,2026-03-27 00:00:00,Compounding,Vashe Machine,No,Non Sterile,7160,,,,1000000,1000000,GM,0,0,Grand Total,,,0,0,,,,,
13,Fri,2026-03-27 00:00:00,Compounding,Vashe Machine,No,Non Sterile,7160,,,,1000000,1000000,GM,0,0,Grand Total,,,0,0,,,,,
13,Sat,2026-03-28 00:00:00,Compounding,Vashe Machine,,,,,,,,,,0,0,Grand Total,,,0,0,,,,,
13,Sun,2026-03-29 00:00:00,Compounding,Vashe Machine,,,,,,,,,,0,0,Grand Total,,,0,0,,,,,
14,Mon,2026-03-30 00:00:00,Compounding,Vashe Machine,,,,,,,,,,0,0,Grand Total,,,0,0,,,,,
14,Tue,2026-03-31 00:00:00,Compounding,Vashe Machine,,,,,,,,,,0,0,Grand Total,,,0,0,,,,,
14,Wed,2026-04-01 00:00:00,Compounding,Vashe Machine,,,,,,,,,,0,0,Grand Total,,,0,0,,,,,
14,Thu,2026-04-02 00:00:00,Compounding,Vashe Machine,,,,,,,,,,0,0,Grand Total,,,0,0,,,,,
14,Fri,2026-04-03 00:00:00,Compounding,Vashe Machine,,,,,,,,,,0,0,Grand Total,,,0,0,,,,,
14,Sat,2026-04-04 00:00:00,Compounding,Vashe Machine,,,,,,,,,,0,0,Grand Total,,,0,0,,,,,
14,Sun,2026-04-05 00:00:00,Compounding,Vashe Machine,,,,,,,,,,0,0,Grand Total,,,0,0,,,,,
15,Mon,2026-04-06 00:00:00,Compounding,Vashe Machine,,,,,,,,,,0,0,Grand Total,,,0,0,,,,,
15,Tue,2026-04-07 00:00:00,Compounding,Vashe Machine,,,,,,,,,,0,0,Grand Total,,,0,0,,,,,
15,Wed,2026-04-08 00:00:00,Compounding,Vashe Machine,,,,,,,,,,0,0,Grand Total,,,0,0,,,,,
15,Thu,2026-04-09 00:00:00,Compounding,Vashe Machine,,,,,,,,,,0,0,Grand Total,,,0,0,,,,,
15,Fri,2026-04-10 00:00:00,Compounding,Vashe Machine,,,,,,,,,,0,0,Grand Total,,,0,0,,,,,
15,Sat,2026-04-11 00:00:00,Compounding,Vashe Machine,,,,,,,,,,0,0,Grand Total,,,0,0,,,,,
15,Sun,2026-04-12 00:00:00,Compounding,Vashe Machine,,,,,,,,,,0,0,Grand Total,,,0,0,,,,,
16,Mon,2026-04-13 00:00:00,Compounding,Vashe Machine,,,,,,,,,,0,0,Grand Total,,,0,0,,,,,
16,Tue,2026-04-14 00:00:00,Compounding,Vashe Machine,,,,,,,,,,0,0,Grand Total,,,0,0,,,,,
16,Wed,2026-04-15 00:00:00,Compounding,Vashe Machine,,,,,,,,,,0,0,Grand Total,,,0,0,,,,,
16,Thu,2026-04-16 00:00:00,Compounding,Vashe Machine,,,,,,,,,,0,0,Grand Total,,,0,0,,,,,
16,Fri,2026-04-17 00:00:00,Compounding,Vashe Machine,,,,,,,,,,0,0,Grand Total,,,0,0,,,,,
16,Sat,2026-04-18 00:00:00,Compounding,Vashe Machine,,,,,,,,,,0,0,Grand Total,,,0,0,,,,,
16,Sun,2026-04-19 00:00:00,Compounding,Vashe Machine,,,,,,,,,,0,0,Grand Total,,,0,0,,,,,
17,Mon,2026-04-20 00:00:00,Compounding,Vashe Machine,,,,,,,,,,0,0,Grand Total,,,0,0,,,,,
17,Tue,2026-04-21 00:00:00,Compounding,Vashe Machine,,,,,,,,,,0,0,Grand Total,,,0,0,,,,,
17,Wed,2026-04-22 00:00:00,Compounding,Vashe Machine,,,,,,,,,,0,0,Grand Total,,,0,0,,,,,
17,Thu,2026-04-23 00:00:00,Compounding,Vashe Machine,,,,,,,,,,0,0,Grand Total,,,0,0,,,,,
17,Fri,2026-04-24 00:00:00,Compounding,Vashe Machine,,,,,,,,,,0,0,Grand Total,,,0,0,,,,,
17,Sat,2026-04-25 00:00:00,Compounding,Vashe Machine,,,,,,,,,,0,0,Grand Total,,,0,0,,,,,
17,Sun,2026-04-26 00:00:00,Compounding,Vashe Machine,,,,,,,,,,0,0,Grand Total,,,0,0,,,,,
18,Mon,2026-04-27 00:00:00,Compounding,Vashe Machine,,,,,,,,,,0,0,Grand Total,,,0,0,,,,,
18,Tue,2026-04-28 00:00:00,Compounding,Vashe Machine,,,,,,,,,,0,0,Grand Total,,,0,0,,,,,
18,Wed,2026-04-29 00:00:00,Compounding,Vashe Machine,,,,,,,,,,0,0,Grand Total,,,0,0,,,,,
18,Thu,2026-04-30 00:00:00,Compounding,Vashe Machine,,,,,,,,,,0,0,Grand Total,,,0,0,,,,,
18,Fri,2026-05-01 00:00:00,Compounding,Vashe Machine,,,,,,,,,,0,0,Grand Total,,,0,0,,,,,
18,Sat,2026-05-02 00:00:00,Compounding,Vashe Machine,,,,,,,,,,0,0,Grand Total,,,0,0,,,,,
18,Sun,2026-05-03 00:00:00,Compounding,Vashe Machine,,,,,,,,,,0,0,Grand Total,,,0,0,,,,,
19,Mon,2026-05-04 00:00:00,Compounding,Vashe Machine,,,,,,,,,,0,0,Grand Total,,,0,0,,,,,
19,Tue,2026-05-05 00:00:00,Compounding,Vashe Machine,,,,,,,,,,0,0,Grand Total,,,0,0,,,,,
19,Wed,2026-05-06 00:00:00,Compounding,Vashe Machine,,,,,,,,,,0,0,Grand Total,,,0,0,,,,,
19,Thu,2026-05-07 00:00:00,Compounding,Vashe Machine,,,,,,,,,,0,0,Grand Total,,,0,0,,,,,
19,Fri,2026-05-08 00:00:00,Compounding,Vashe Machine,,,,,,,,,,0,0,Grand Total,,,0,0,,,,,
19,Sat,2026-05-09 00:00:00,Compounding,Vashe Machine,,,,,,,,,,0,0,Grand Total,,,0,0,,,,,
19,Sun,2026-05-10 00:00:00,Compounding,Vashe Machine,,,,,,,,,,0,0,Grand Total,,,0,0,,,,,
20,Mon,2026-05-11 00:00:00,Compounding,Vashe Machine,,,,,,,,,,0,0,Grand Total,,,0,0,,,,,
20,Tue,2026-05-12 00:00:00,Compounding,Vashe Machine,,,,,,,,,,0,0,Grand Total,,,0,0,,,,,
20,Wed,2026-05-13 00:00:00,Compounding,Vashe Machine,,,,,,,,,,0,0,Grand Total,,,0,0,,,,,
20,Thu,2026-05-14 00:00:00,Compounding,Vashe Machine,,,,,,,,,,0,0,Grand Total,,,0,0,,,,,
20,Fri,2026-05-15 00:00:00,Compounding,Vashe Machine,,,,,,,,,,0,0,Grand Total,,,0,0,,,,,
20,Sat,2026-05-16 00:00:00,Compounding,Vashe Machine,,,,,,,,,,0,0,Grand Total,,,0,0,,,,,
20,Sun,2026-05-17 00:00:00,Compounding,Vashe Machine,,,,,,,,,,0,0,Grand Total,,,0,0,,,,,
21,Mon,2026-05-18 00:00:00,Compounding,Vashe Machine,,,,,,,,,,0,0,Grand Total,,,0,0,,,,,
21,Tue,2026-05-19 00:00:00,Compounding,Vashe Machine,,,,,,,,,,0,0,Grand Total,,,0,0,,,,,
21,Wed,2026-05-20 00:00:00,Compounding,Vashe Machine,,,,,,,,,,0,0,Grand Total,,,0,0,,,,,
21,Thu,2026-05-21 00:00:00,Compounding,Vashe Machine,,,,,,,,,,0,0,Grand Total,,,0,0,,,,,
21,Fri,2026-05-22 00:00:00,Compounding,Vashe Machine,,,,,,,,,,0,0,Grand Total,,,0,0,,,,,
21,Sat,2026-05-23 00:00:00,Compounding,Vashe Machine,,,,,,,,,,0,0,Grand Total,,,0,0,,,,,
21,Sun,2026-05-24 00:00:00,Compounding,Vashe Machine,,,,,,,,,,0,0,Grand Total,,,0,0,,,,,
22,Mon,2026-05-25 00:00:00,Compounding,Vashe Machine,,,,,,,,,,0,0,Grand Total,,,0,0,,,,,
22,Tue,2026-05-26 00:00:00,Compounding,Vashe Machine,,,,,,,,,,0,0,Grand Total,,,0,0,,,,,
22,Wed,2026-05-27 00:00:00,Compounding,Vashe Machine,,,,,,,,,,0,0,Grand Total,,,0,0,,,,,
22,Thu,2026-05-28 00:00:00,Compounding,Vashe Machine,,,,,,,,,,0,0,Grand Total,,,0,0,,,,,
22,Fri,2026-05-29 00:00:00,Compounding,Vashe Machine,,,,,,,,,,0,0,Grand Total,,,0,0,,,,,
22,Sat,2026-05-30 00:00:00,Compounding,Vashe Machine,,,,,,,,,,0,0,Grand Total,,,0,0,,,,,
22,Sun,2026-05-31 00:00:00,Compounding,Vashe Machine,,,,,,,,,,0,0,Grand Total,,,0,0,,,,,
23,Mon,2026-06-01 00:00:00,Compounding,Vashe Machine,,,,,,,,,,0,0,Grand Total,,,0,0,,,,,
23,Tue,2026-06-02 00:00:00,Compounding,Vashe Machine,,,,,,,,,,0,0,Grand Total,,,0,0,,,,,
23,Wed,2026-06-03 00:00:00,Compounding,Vashe Machine,,,,,,,,,,0,0,Grand Total,,,0,0,,,,,
23,Thu,2026-06-04 00:00:00,Compounding,Vashe Machine,,,,,,,,,,0,0,Grand Total,,,0,0,,,,,
23,Fri,2026-06-05 00:00:00,Compounding,Vashe Machine,,,,,,,,,,0,0,Grand Total,,,0,0,,,,,
23,Sat,2026-06-06 00:00:00,Compounding,Vashe Machine,,,,,,,,,,0,0,Grand Total,,,0,0,,,,,
23,Sun,2026-06-07 00:00:00,Compounding,Vashe Machine,,,,,,,,,,0,0,Grand Total,,,0,0,,,,,
24,Mon,2026-06-08 00:00:00,Compounding,Vashe Machine,,,,,,,,,,0,0,Grand Total,,,0,0,,,,,
24,Tue,2026-06-09 00:00:00,Compounding,Vashe Machine,,,,,,,,,,0,0,Grand Total,,,0,0,,,,,
24,Wed,2026-06-10 00:00:00,Compounding,Vashe Machine,,,,,,,,,,0,0,Grand Total,,,0,0,,,,,
24,Thu,2026-06-11 00:00:00,Compounding,Vashe Machine,,,,,,,,,,0,0,Grand Total,,,0,0,,,,,
24,Fri,2026-06-12 00:00:00,Compounding,Vashe Machine,,,,,,,,,,0,0,Grand Total,,,0,0,,,,,
24,Sat,2026-06-13 00:00:00,Compounding,Vashe Machine,,,,,,,,,,0,0,Grand Total,,,0,0,,,,,
24,Sun,2026-06-14 00:00:00,Compounding,Vashe Machine,,,,,,,,,,0,0,Grand Total,,,0,0,,,,,
25,Mon,2026-06-15 00:00:00,Compounding,Vashe Machine,,,,,,,,,,0,0,Grand Total,,,0,0,,,,,
25,Tue,2026-06-16 00:00:00,Compounding,Vashe Machine,,,,,,,,,,0,0,Grand Total,,,0,0,,,,,
25,Wed,2026-06-17 00:00:00,Compounding,Vashe Machine,,,,,,,,,,0,0,Grand Total,,,0,0,,,,,
25,Thu,2026-06-18 00:00:00,Compounding,Vashe Machine,,,,,,,,,,0,0,Grand Total,,,0,0,,,,,
25,Fri,2026-06-19 00:00:00,Compounding,Vashe Machine,,,,,,,,,,0,0,Grand Total,,,0,0,,,,,
25,Sat,2026-06-20 00:00:00,Compounding,Vashe Machine,,,,,,,,,,0,0,Grand Total,,,0,0,,,,,
25,Sun,2026-06-21 00:00:00,Compounding,Vashe Machine,,,,,,,,,,0,0,Grand Total,,,0,0,,,,,
26,Mon,2026-06-22 00:00:00,Compounding,Vashe Machine,,,,,,,,,,0,0,Grand Total,,,0,0,,,,,
26,Tue,2026-06-23 00:00:00,Compounding,Vashe Machine,,,,,,,,,,0,0,Grand Total,,,0,0,,,,,
26,Wed,2026-06-24 00:00:00,Compounding,Vashe Machine,,,,,,,,,,0,0,Grand Total,,,0,0,,,,,
26,Thu,2026-06-25 00:00:00,Compounding,Vashe Machine,,,,,,,,,,0,0,Grand Total,,,0,0,,,,,
26,Fri,2026-06-26 00:00:00,Compounding,Vashe Machine,,,,,,,,,,0,0,Grand Total,,,0,0,,,,,
26,Sat,2026-06-27 00:00:00,Compounding,Vashe Machine,,,,,,,,,,0,0,Grand Total,,,0,0,,,,,
26,Sun,2026-06-28 00:00:00,Compounding,Vashe Machine,,,,,,,,,,0,0,Grand Total,,,0,0,,,,,
27,Mon,2026-06-29 00:00:00,Compounding,Vashe Machine,,,,,,,,,,0,0,Grand Total,,,0,0,,,,,
27,Tue,2026-06-30 00:00:00,Compounding,Vashe Machine,,,,,,,,,,0,0,Grand Total,,,0,0,,,,,
27,Wed,2026-07-01 00:00:00,Compounding,Vashe Machine,,,,,,,,,,0,0,Grand Total,,,0,0,,,,,
27,Thu,2026-07-02 00:00:00,Compounding,Vashe Machine,,,,,,,,,,0,0,Grand Total,,,0,0,,,,,
27,Fri,2026-07-03 00:00:00,Compounding,Vashe Machine,,,,,,,,,,0,0,Grand Total,,,0,0,,,,,
27,Sat,2026-07-04 00:00:00,Compounding,Vashe Machine,,,,,,,,,,0,0,Grand Total,,,0,0,,,,,
27,Sun,2026-07-05 00:00:00,Compounding,Vashe Machine,,,,,,,,,,0,0,Grand Total,,,0,0,,,,,
28,Mon,2026-07-06 00:00:00,Compounding,Vashe Machine,,,,,,,,,,0,0,Grand Total,,,0,0,,,,,
28,Tue,2026-07-07 00:00:00,Compounding,Vashe Machine,,,,,,,,,,0,0,Grand Total,,,0,0,,,,,
28,Wed,2026-07-08 00:00:00,Compounding,Vashe Machine,,,,,,,,,,0,0,Grand Total,,,0,0,,,,,
28,Thu,2026-07-09 00:00:00,Compounding,Vashe Machine,,,,,,,,,,0,0,Grand Total,,,0,0,,,,,
28,Fri,2026-07-10 00:00:00,Compounding,Vashe Machine,,,,,,,,,,0,0,Grand Total,,,0,0,,,,,
28,Sat,2026-07-11 00:00:00,Compounding,Vashe Machine,,,,,,,,,,0,0,Grand Total,,,0,0,,,,,
28,Sun,2026-07-12 00:00:00,Compounding,Vashe Machine,,,,,,,,,,0,0,Grand Total,,,0,0,,,,,
29,Mon,2026-07-13 00:00:00,Compounding,Vashe Machine,,,,,,,,,,0,0,Grand Total,,,0,0,,,,,
29,Tue,2026-07-14 00:00:00,Compounding,Vashe Machine,,,,,,,,,,0,0,Grand Total,,,0,0,,,,,
29,Wed,2026-07-15 00:00:00,Compounding,Vashe Machine,,,,,,,,,,0,0,Grand Total,,,0,0,,,,,
29,Thu,2026-07-16 00:00:00,Compounding,Vashe Machine,,,,,,,,,,0,0,Grand Total,,,0,0,,,,,
29,Fri,2026-07-17 00:00:00,Compounding,Vashe Machine,,,,,,,,,,0,0,Grand Total,,,0,0,,,,,
29,Sat,2026-07-18 00:00:00,Compounding,Vashe Machine,,,,,,,,,,0,0,Grand Total,,,0,0,,,,,
29,Sun,2026-07-19 00:00:00,Compounding,Vashe Machine,,,,,,,,,,0,0,Grand Total,,,0,0,,,,,
30,Mon,2026-07-20 00:00:00,Compounding,Vashe Machine,,,,,,,,,,0,0,Grand Total,,,0,0,,,,,
30,Tue,2026-07-21 00:00:00,Compounding,Vashe Machine,,,,,,,,,,0,0,Grand Total,,,0,0,,,,,
30,Wed,2026-07-22 00:00:00,Compounding,Vashe Machine,,,,,,,,,,0,0,Grand Total,,,0,0,,,,,
30,Thu,2026-07-23 00:00:00,Compounding,Vashe Machine,,,,,,,,,,0,0,Grand Total,,,0,0,,,,,
30,Fri,2026-07-24 00:00:00,Compounding,Vashe Machine,,,,,,,,,,0,0,Grand Total,,,0,0,,,,,
30,Sat,2026-07-25 00:00:00,Compounding,Vashe Machine,,,,,,,,,,0,0,Grand Total,,,0,0,,,,,
30,Sun,2026-07-26 00:00:00,Compounding,Vashe Machine,,,,,,,,,,0,0,Grand Total,,,0,0,,,,,
31,Mon,2026-07-27 00:00:00,Compounding,Vashe Machine,,,,,,,,,,0,0,Grand Total,,,0,0,,,,,
31,Tue,2026-07-28 00:00:00,Compounding,Vashe Machine,,,,,,,,,,0,0,Grand Total,,,0,0,,,,,
31,Wed,2026-07-29 00:00:00,Compounding,Vashe Machine,,,,,,,,,,0,0,Grand Total,,,0,0,,,,,
31,Thu,2026-07-30 00:00:00,Compounding,Vashe Machine,,,,,,,,,,0,0,Grand Total,,,0,0,,,,,
31,Fri,2026-07-31 00:00:00,Compounding,Vashe Machine,,,,,,,,,,0,0,Grand Total,,,0,0,,,,,
31,Sat,2026-08-01 00:00:00,Compounding,Vashe Machine,,,,,,,,,,0,0,Grand Total,,,0,0,,,,,
31,Sun,2026-08-02 00:00:00,Compounding,Vashe Machine,,,,,,,,,,0,0,Grand Total,,,0,0,,,,,
32,Mon,2026-08-03 00:00:00,Compounding,Vashe Machine,,,,,,,,,,0,0,Grand Total,,,0,0,,,,,
32,Tue,2026-08-04 00:00:00,Compounding,Vashe Machine,,,,,,,,,,0,0,Grand Total,,,0,0,,,,,
32,Wed,2026-08-05 00:00:00,Compounding,Vashe Machine,,,,,,,,,,0,0,Grand Total,,,0,0,,,,,
32,Thu,2026-08-06 00:00:00,Compounding,Vashe Machine,,,,,,,,,,0,0,Grand Total,,,0,0,,,,,
32,Fri,2026-08-07 00:00:00,Compounding,Vashe Machine,,,,,,,,,,0,0,Grand Total,,,0,0,,,,,
32,Sat,2026-08-08 00:00:00,Compounding,Vashe Machine,,,,,,,,,,0,0,Grand Total,,,0,0,,,,,
32,Sun,2026-08-09 00:00:00,Compounding,Vashe Machine,,,,,,,,,,0,0,Grand Total,,,0,0,,,,,
33,Mon,2026-08-10 00:00:00,Compounding,Vashe Machine,,,,,,,,,,0,0,Grand Total,,,0,0,,,,,
33,Tue,2026-08-11 00:00:00,Compounding,Vashe Machine,,,,,,,,,,0,0,Grand Total,,,0,0,,,,,
33,Wed,2026-08-12 00:00:00,Compounding,Vashe Machine,,,,,,,,,,0,0,Grand Total,,,0,0,,,,,
33,Thu,2026-08-13 00:00:00,Compounding,Vashe Machine,,,,,,,,,,0,0,Grand Total,,,0,0,,,,,
33,Fri,2026-08-14 00:00:00,Compounding,Vashe Machine,,,,,,,,,,0,0,Grand Total,,,0,0,,,,,
33,Sat,2026-08-15 00:00:00,Compounding,Vashe Machine,,,,,,,,,,0,0,Grand Total,,,0,0,,,,,
33,Sun,2026-08-16 00:00:00,Compounding,Vashe Machine,,,,,,,,,,0,0,Grand Total,,,0,0,,,,,
34,Mon,2026-08-17 00:00:00,Compounding,Vashe Machine,,,,,,,,,,0,0,Grand Total,,,0,0,,,,,
34,Tue,2026-08-18 00:00:00,Compounding,Vashe Machine,,,,,,,,,,0,0,Grand Total,,,0,0,,,,,
34,Wed,2026-08-19 00:00:00,Compounding,Vashe Machine,,,,,,,,,,0,0,Grand Total,,,0,0,,,,,
34,Thu,2026-08-20 00:00:00,Compounding,Vashe Machine,,,,,,,,,,0,0,Grand Total,,,0,0,,,,,
34,Fri,2026-08-21 00:00:00,Compounding,Vashe Machine,,,,,,,,,,0,0,Grand Total,,,0,0,,,,,
34,Sat,2026-08-22 00:00:00,Compounding,Vashe Machine,,,,,,,,,,0,0,Grand Total,,,0,0,,,,,
34,Sun,2026-08-23 00:00:00,Compounding,Vashe Machine,,,,,,,,,,0,0,Grand Total,,,0,0,,,,,
35,Mon,2026-08-24 00:00:00,Compounding,Vashe Machine,,,,,,,,,,0,0,Grand Total,,,0,0,,,,,
35,Tue,2026-08-25 00:00:00,Compounding,Vashe Machine,,,,,,,,,,0,0,Grand Total,,,0,0,,,,,
35,Wed,2026-08-26 00:00:00,Compounding,Vashe Machine,,,,,,,,,,0,0,Grand Total,,,0,0,,,,,
35,Thu,2026-08-27 00:00:00,Compounding,Vashe Machine,,,,,,,,,,0,0,Grand Total,,,0,0,,,,,
35,Fri,2026-08-28 00:00:00,Compounding,Vashe Machine,,,,,,,,,,0,0,Grand Total,,,0,0,,,,,
35,Sat,2026-08-29 00:00:00,Compounding,Vashe Machine,,,,,,,,,,0,0,Grand Total,,,0,0,,,,,
35,Sun,2026-08-30 00:00:00,Compounding,Vashe Machine,,,,,,,,,,0,0,Grand Total,,,0,0,,,,,
36,Mon,2026-08-31 00:00:00,Compounding,Vashe Machine,,,,,,,,,,0,0,Grand Total,,,0,0,,,,,
36,Tue,2026-09-01 00:00:00,Compounding,Vashe Machine,,,,,,,,,,0,0,Grand Total,,,0,0,,,,,
36,Wed,2026-09-02 00:00:00,Compounding,Vashe Machine,,,,,,,,,,0,0,Grand Total,,,0,0,,,,,
36,Thu,2026-09-03 00:00:00,Compounding,Vashe Machine,,,,,,,,,,0,0,Grand Total,,,0,0,,,,,
36,Fri,2026-09-04 00:00:00,Compounding,Vashe Machine,,,,,,,,,,0,0,Grand Total,,,0,0,,,,,
36,Sat,2026-09-05 00:00:00,Compounding,Vashe Machine,,,,,,,,,,0,0,Grand Total,,,0,0,,,,,
36,Sun,2026-09-06 00:00:00,Compounding,Vashe Machine,,,,,,,,,,0,0,Grand Total,,,0,0,,,,,
37,Mon,2026-09-07 00:00:00,Compounding,Vashe Machine,,,,,,,,,,0,0,Grand Total,,,0,0,,,,,
37,Tue,2026-09-08 00:00:00,Compounding,Vashe Machine,,,,,,,,,,0,0,Grand Total,,,0,0,,,,,
37,Wed,2026-09-09 00:00:00,Compounding,Vashe Machine,,,,,,,,,,0,0,Grand Total,,,0,0,,,,,
37,Thu,2026-09-10 00:00:00,Compounding,Vashe Machine,,,,,,,,,,0,0,Grand Total,,,0,0,,,,,
37,Fri,2026-09-11 00:00:00,Compounding,Vashe Machine,,,,,,,,,,0,0,Grand Total,,,0,0,,,,,
37,Sat,2026-09-12 00:00:00,Compounding,Vashe Machine,,,,,,,,,,0,0,Grand Total,,,0,0,,,,,
37,Sun,2026-09-13 00:00:00,Compounding,Vashe Machine,,,,,,,,,,0,0,Grand Total,,,0,0,,,,,
38,Mon,2026-09-14 00:00:00,Compounding,Vashe Machine,,,,,,,,,,0,0,Grand Total,,,0,0,,,,,
38,Tue,2026-09-15 00:00:00,Compounding,Vashe Machine,,,,,,,,,,0,0,Grand Total,,,0,0,,,,,
38,Wed,2026-09-16 00:00:00,Compounding,Vashe Machine,,,,,,,,,,0,0,Grand Total,,,0,0,,,,,
38,Thu,2026-09-17 00:00:00,Compounding,Vashe Machine,,,,,,,,,,0,0,Grand Total,,,0,0,,,,,
38,Fri,2026-09-18 00:00:00,Compounding,Vashe Machine,,,,,,,,,,0,0,Grand Total,,,0,0,,,,,
38,Sat,2026-09-19 00:00:00,Compounding,Vashe Machine,,,,,,,,,,0,0,Grand Total,,,0,0,,,,,
38,Sun,2026-09-20 00:00:00,Compounding,Vashe Machine,,,,,,,,,,0,0,Grand Total,,,0,0,,,,,
39,Mon,2026-09-21 00:00:00,Compounding,Vashe Machine,,,,,,,,,,0,0,Grand Total,,,0,0,,,,,
39,Tue,2026-09-22 00:00:00,Compounding,Vashe Machine,,,,,,,,,,0,0,Grand Total,,,0,0,,,,,
39,Thu,2026-09-24 00:00:00,Compounding,Vashe Machine,,,,,,,,,,0,0,Grand Total,,,0,0,,,,,
39,Fri,2026-09-25 00:00:00,Compounding,Vashe Machine,,,,,,,,,,0,0,Grand Total,,,0,0,,,,,
39,Sat,2026-09-26 00:00:00,Compounding,Vashe Machine,,,,,,,,,,0,0,Grand Total,,,0,0,,,,,
39,Sun,2026-09-27 00:00:00,Compounding,Vashe Machine,,,,,,,,,,0,0,Grand Total,,,0,0,,,,,
40,Mon,2026-09-28 00:00:00,Compounding,Vashe Machine,,,,,,,,,,0,0,Grand Total,,,0,0,,,,,
40,Tue,2026-09-29 00:00:00,Compounding,Vashe Machine,,,,,,,,,,0,0,Grand Total,,,0,0,,,,,
40,Wed,2026-09-30 00:00:00,Compounding,Vashe Machine,,,,,,,,,,0,0,Grand Total,,,0,0,,,,,
40,Thu,2026-10-01 00:00:00,Compounding,Vashe Machine,,,,,,,,,,0,0,Grand Total,,,0,0,,,,,
40,Fri,2026-10-02 00:00:00,Compounding,Vashe Machine,,,,,,,,,,0,0,Grand Total,,,0,0,,,,,
40,Sat,2026-10-03 00:00:00,Compounding,Vashe Machine,,,,,,,,,,0,0,Grand Total,,,0,0,,,,,
40,Sun,2026-10-04 00:00:00,Compounding,Vashe Machine,,,,,,,,,,0,0,Grand Total,,,0,0,,,,,
41,Mon,2026-10-05 00:00:00,Compounding,Vashe Machine,,,,,,,,,,0,0,Grand Total,,,0,0,,,,,
41,Tue,2026-10-06 00:00:00,Compounding,Vashe Machine,,,,,,,,,,0,0,Grand Total,,,0,0,,,,,
41,Wed,2026-10-07 00:00:00,Compounding,Vashe Machine,,,,,,,,,,0,0,Grand Total,,,0,0,,,,,
41,Thu,2026-10-08 00:00:00,Compounding,Vashe Machine,,,,,,,,,,0,0,Grand Total,,,0,0,,,,,
41,Fri,2026-10-09 00:00:00,Compounding,Vashe Machine,,,,,,,,,,0,0,Grand Total,,,0,0,,,,,
41,Sat,2026-10-10 00:00:00,Compounding,Vashe Machine,,,,,,,,,,0,0,Grand Total,,,0,0,,,,,
41,Sun,2026-10-11 00:00:00,Compounding,Vashe Machine,,,,,,,,,,0,0,Grand Total,,,0,0,,,,,
42,Mon,2026-10-12 00:00:00,Compounding,Vashe Machine,,,,,,,,,,0,0,Grand Total,,,0,0,,,,,
42,Tue,2026-10-13 00:00:00,Compounding,Vashe Machine,,,,,,,,,,0,0,Grand Total,,,0,0,,,,,
42,Wed,2026-10-14 00:00:00,Compounding,Vashe Machine,,,,,,,,,,0,0,Grand Total,,,0,0,,,,,
42,Thu,2026-10-15 00:00:00,Compounding,Vashe Machine,,,,,,,,,,0,0,Grand Total,,,0,0,,,,,
42,Fri,2026-10-16 00:00:00,Compounding,Vashe Machine,,,,,,,,,,0,0,Grand Total,,,0,0,,,,,
42,Sat,2026-10-17 00:00:00,Compounding,Vashe Machine,,,,,,,,,,0,0,Grand Total,,,0,0,,,,,
42,Sun,2026-10-18 00:00:00,Compounding,Vashe Machine,,,,,,,,,,0,0,Grand Total,,,0,0,,,,,
43,Mon,2026-10-19 00:00:00,Compounding,Vashe Machine,,,,,,,,,,0,0,Grand Total,,,0,0,,,,,
43,Tue,2026-10-20 00:00:00,Compounding,Vashe Machine,,,,,,,,,,0,0,Grand Total,,,0,0,,,,,
43,Wed,2026-10-21 00:00:00,Compounding,Vashe Machine,,,,,,,,,,0,0,Grand Total,,,0,0,,,,,
43,Thu,2026-10-22 00:00:00,Compounding,Vashe Machine,,,,,,,,,,0,0,Grand Total,,,0,0,,,,,
43,Fri,2026-10-23 00:00:00,Compounding,Vashe Machine,,,,,,,,,,0,0,Grand Total,,,0,0,,,,,
43,Sat,2026-10-24 00:00:00,Compounding,Vashe Machine,,,,,,,,,,0,0,Grand Total,,,0,0,,,,,
43,Sun,2026-10-25 00:00:00,Compounding,Vashe Machine,,,,,,,,,,0,0,Grand Total,,,0,0,,,,,
44,Mon,2026-10-26 00:00:00,Compounding,Vashe Machine,,,,,,,,,,0,0,Grand Total,,,0,0,,,,,
44,Tue,2026-10-27 00:00:00,Compounding,Vashe Machine,,,,,,,,,,0,0,Grand Total,,,0,0,,,,,
44,Wed,2026-10-28 00:00:00,Compounding,Vashe Machine,,,,,,,,,,0,0,Grand Total,,,0,0,,,,,
44,Thu,2026-10-29 00:00:00,Compounding,Vashe Machine,,,,,,,,,,0,0,Grand Total,,,0,0,,,,,
44,Fri,2026-10-30 00:00:00,Compounding,Vashe Machine,,,,,,,,,,0,0,Grand Total,,,0,0,,,,,
44,Sat,2026-10-31 00:00:00,Compounding,Vashe Machine,,,,,,,,,,0,0,Grand Total,,,0,0,,,,,
44,Sun,2026-11-01 00:00:00,Compounding,Vashe Machine,,,,,,,,,,0,0,Grand Total,,,0,0,,,,,
45,Mon,2026-11-02 00:00:00,Compounding,Vashe Machine,,,,,,,,,,0,0,Grand Total,,,0,0,,,,,
45,Tue,2026-11-03 00:00:00,Compounding,Vashe Machine,,,,,,,,,,0,0,Grand Total,,,0,0,,,,,
45,Wed,2026-11-04 00:00:00,Compounding,Vashe Machine,,,,,,,,,,0,0,Grand Total,,,0,0,,,,,
45,Thu,2026-11-05 00:00:00,Compounding,Vashe Machine,,,,,,,,,,0,0,Grand Total,,,0,0,,,,,
45,Fri,2026-11-06 00:00:00,Compounding,Vashe Machine,,,,,,,,,,0,0,Grand Total,,,0,0,,,,,
45,Sat,2026-11-07 00:00:00,Compounding,Vashe Machine,,,,,,,,,,0,0,Grand Total,,,0,0,,,,,
45,Sun,2026-11-08 00:00:00,Compounding,Vashe Machine,,,,,,,,,,0,0,Grand Total,,,0,0,,,,,
46,Mon,2026-11-09 00:00:00,Compounding,Vashe Machine,,,,,,,,,,0,0,Grand Total,,,0,0,,,,,
46,Tue,2026-11-10 00:00:00,Compounding,Vashe Machine,,,,,,,,,,0,0,Grand Total,,,0,0,,,,,
46,Wed,2026-11-11 00:00:00,Compounding,Vashe Machine,,,,,,,,,,0,0,Grand Total,,,0,0,,,,,
46,Thu,2026-11-12 00:00:00,Compounding,Vashe Machine,,,,,,,,,,0,0,Grand Total,,,0,0,,,,,
46,Fri,2026-11-13 00:00:00,Compounding,Vashe Machine,,,,,,,,,,0,0,Grand Total,,,0,0,,,,,
46,Sat,2026-11-14 00:00:00,Compounding,Vashe Machine,,,,,,,,,,0,0,Grand Total,,,0,0,,,,,
46,Sun,2026-11-15 00:00:00,Compounding,Vashe Machine,,,,,,,,,,0,0,Grand Total,,,0,0,,,,,
47,Mon,2026-11-16 00:00:00,Compounding,Vashe Machine,,,,,,,,,,0,0,Grand Total,,,0,0,,,,,
47,Tue,2026-11-17 00:00:00,Compounding,Vashe Machine,,,,,,,,,,0,0,Grand Total,,,0,0,,,,,
47,Wed,2026-11-18 00:00:00,Compounding,Vashe Machine,,,,,,,,,,0,0,Grand Total,,,0,0,,,,,
47,Thu,2026-11-19 00:00:00,Compounding,Vashe Machine,,,,,,,,,,0,0,Grand Total,,,0,0,,,,,
47,Fri,2026-11-20 00:00:00,Compounding,Vashe Machine,,,,,,,,,,0,0,Grand Total,,,0,0,,,,,
47,Sat,2026-11-21 00:00:00,Compounding,Vashe Machine,,,,,,,,,,0,0,Grand Total,,,0,0,,,,,
47,Sun,2026-11-22 00:00:00,Compounding,Vashe Machine,,,,,,,,,,0,0,Grand Total,,,0,0,,,,,
48,Mon,2026-11-23 00:00:00,Compounding,Vashe Machine,,,,,,,,,,0,0,Grand Total,,,0,0,,,,,
48,Tue,2026-11-24 00:00:00,Compounding,Vashe Machine,,,,,,,,,,0,0,Grand Total,,,0,0,,,,,
48,Wed,2026-11-25 00:00:00,Compounding,Vashe Machine,,,,,,,,,,0,0,Grand Total,,,0,0,,,,,
48,Thu,2026-11-26 00:00:00,Compounding,Vashe Machine,,,,,,,,,,0,0,Grand Total,,,0,0,,,,,
48,Fri,2026-11-27 00:00:00,Compounding,Vashe Machine,,,,,,,,,,0,0,Grand Total,,,0,0,,,,,
48,Sat,2026-11-28 00:00:00,Compounding,Vashe Machine,,,,,,,,,,0,0,Grand Total,,,0,0,,,,,
48,Sun,2026-11-29 00:00:00,Compounding,Vashe Machine,,,,,,,,,,0,0,Grand Total,,,0,0,,,,,
49,Mon,2026-11-30 00:00:00,Compounding,Vashe Machine,,,,,,,,,,0,0,Grand Total,,,0,0,,,,,
49,Tue,2026-12-01 00:00:00,Compounding,Vashe Machine,,,,,,,,,,0,0,Grand Total,,,0,0,,,,,
49,Wed,2026-12-02 00:00:00,Compounding,Vashe Machine,,,,,,,,,,0,0,Grand Total,,,0,0,,,,,
49,Thu,2026-12-03 00:00:00,Compounding,Vashe Machine,,,,,,,,,,0,0,Grand Total,,,0,0,,,,,
49,Fri,2026-12-04 00:00:00,Compounding,Vashe Machine,,,,,,,,,,0,0,Grand Total,,,0,0,,,,,
49,Sat,2026-12-05 00:00:00,Compounding,Vashe Machine,,,,,,,,,,0,0,Grand Total,,,0,0,,,,,
49,Sun,2026-12-06 00:00:00,Compounding,Vashe Machine,,,,,,,,,,0,0,Grand Total,,,0,0,,,,,
50,Mon,2026-12-07 00:00:00,Compounding,Vashe Machine,,,,,,,,,,0,0,Grand Total,,,0,0,,,,,
50,Tue,2026-12-08 00:00:00,Compounding,Vashe Machine,,,,,,,,,,0,0,Grand Total,,,0,0,,,,,
50,Wed,2026-12-09 00:00:00,Compounding,Vashe Machine,,,,,,,,,,0,0,Grand Total,,,0,0,,,,,
50,Thu,2026-12-10 00:00:00,Compounding,Vashe Machine,,,,,,,,,,0,0,Grand Total,,,0,0,,,,,
50,Fri,2026-12-11 00:00:00,Compounding,Vashe Machine,,,,,,,,,,0,0,Grand Total,,,0,0,,,,,
50,Sat,2026-12-12 00:00:00,Compounding,Vashe Machine,,,,,,,,,,0,0,Grand Total,,,0,0,,,,,
50,Sun,2026-12-13 00:00:00,Compounding,Vashe Machine,,,,,,,,,,0,0,Grand Total,,,0,0,,,,,
51,Mon,2026-12-14 00:00:00,Compounding,Vashe Machine,,,,,,,,,,0,0,Grand Total,,,0,0,,,,,
51,Tue,2026-12-15 00:00:00,Compounding,Vashe Machine,,,,,,,,,,0,0,Grand Total,,,0,0,,,,,
51,Wed,2026-12-16 00:00:00,Compounding,Vashe Machine,,,,,,,,,,0,0,Grand Total,,,0,0,,,,,
51,Thu,2026-12-17 00:00:00,Compounding,Vashe Machine,,,,,,,,,,0,0,Grand Total,,,0,0,,,,,
51,Fri,2026-12-18 00:00:00,Compounding,Vashe Machine,,,,,,,,,,0,0,Grand Total,,,0,0,,,,,
51,Sat,2026-12-19 00:00:00,Compounding,Vashe Machine,,,,,,,,,,0,0,Grand Total,,,0,0,,,,,
51,Sun,2026-12-20 00:00:00,Compounding,Vashe Machine,,,,,,,,,,0,0,Grand Total,,,0,0,,,,,
52,Mon,2026-12-21 00:00:00,Compounding,Vashe Machine,,,,,,,,,,0,0,Grand Total,,,0,0,,,,,
52,Tue,2026-12-22 00:00:00,Compounding,Vashe Machine,,,,,,,,,,0,0,Grand Total,,,0,0,,,,,
52,Wed,2026-12-23 00:00:00,Compounding,Vashe Machine,,,,,,,,,,0,0,Grand Total,,,0,0,,,,,
52,Thu,2026-12-24 00:00:00,Compounding,Vashe Machine,,,,,,,,,,0,0,Grand Total,,,0,0,,,,,
52,Fri,2026-12-25 00:00:00,Compounding,Vashe Machine,,,,,,,,,,0,0,Grand Total,,,0,0,,,,,
52,Sat,2026-12-26 00:00:00,Compounding,Vashe Machine,,,,,,,,,,0,0,Grand Total,,,0,0,,,,,
52,Sun,2026-12-27 00:00:00,Compounding,Vashe Machine,,,,,,,,,,0,0,Grand Total,,,0,0,,,,,
53,Mon,2026-12-28 00:00:00,Compounding,Vashe Machine,,,,,,,,,,0,0,Grand Total,,,0,0,,,,,
53,Tue,2026-12-29 00:00:00,Compounding,Vashe Machine,,,,,,,,,,0,0,Grand Total,,,0,0,,,,,
53,Wed,2026-12-30 00:00:00,Compounding,Vashe Machine,,,,,,,,,,0,0,Grand Total,,,0,0,,,,,
53,Thu,2026-12-31 00:00:00,Compounding,Vashe Machine,,,,,,,,,,0,0,Grand Total,,,0,0,,,,,
1,Thu,2026-01-01 00:00:00,Filling,Quality Releases,,,,,,,,,,0,0,Grand Total,,,0,0,,,,,
1,Fri,2026-01-02 00:00:00,Filling,Quality Releases,,,,,,,,,,0,0,Grand Total,,,0,0,,,,,
1,Tue,2023-01-03 00:00:00,Filling,Quality Releases,,,,,,,,,,0,0,Grand Total,,,0,0,,,,,
1,Sun,2026-01-04 00:00:00,Filling,Quality Releases,,,,,,,,,,0,0,Grand Total,,,0,0,,,,,
2,Mon,2026-01-05 00:00:00,Filling,Quality Releases,,,,,,,,,,0,0,Grand Total,,,0,0,,,,,
2,Tue,2026-01-06 00:00:00,Filling,Quality Releases,,,,,,,,,,0,0,Grand Total,,,0,0,,,,,
2,Wed,2026-01-07 00:00:00,Filling,Quality Releases,,,,,,,,,,0,0,Grand Total,,,0,0,,,,,
2,Thu,2026-01-08 00:00:00,Filling,Quality Releases,Yes,Quality Release,7861,54062,,,4000,4000,EA,12320,5066.852,Grand Total,,,0,0,,,,,
2,Thu,2026-01-08 00:00:00,Filling,Quality Releases,Yes,Quality Release,7862,54063,,,1250,1250,EA,5375,3769.1175,Grand Total,,,0,0,,,,,
2,Thu,2026-01-08 00:00:00,Filling,Quality Releases,Yes,Quality Release,7863,54064,,,1000,1000,EA,6550,4493.174,Grand Total,,,0,0,,,,,
2,Fri,2026-01-09 00:00:00,Filling,Quality Releases,Yes,Quality Release,7801,54376,,,300,300,EA,2745,2287.4058,Grand Total,,,0,0,,,,,
2,Sat,2026-01-10 00:00:00,Filling,Quality Releases,,,,,,,,,,0,0,Grand Total,,,0,0,,,,,
2,Sun,2026-01-11 00:00:00,Filling,Quality Releases,,,,,,,,,,0,0,Grand Total,,,0,0,,,,,
3,Mon,2026-01-12 00:00:00,Filling,Quality Releases,,,,,,,,,,0,0,Grand Total,,,0,0,,,,,
3,Tue,2026-01-13 00:00:00,Filling,Quality Releases,,,,,,,,,,0,0,Grand Total,,,0,0,,,,,
3,Wed,2026-01-14 00:00:00,Filling,Quality Releases,,,,,,,,,,0,0,Grand Total,,,0,0,,,,,
3,Thu,2026-01-15 00:00:00,Filling,Quality Releases,Yes,Quality Release,7769,53589,,,5250,5250,EA,13702.5,11238.633,Grand Total,,,0,0,,,,,
3,Thu,2026-01-15 00:00:00,Filling,Quality Releases,Yes,Quality Release,7794,53590,,,300,300,EA,2025,1574.6508,Grand Total,,,0,0,,,,,
3,Fri,2026-01-16 00:00:00,Filling,Quality Releases,Yes,Quality Release,7561,53912,,,15000,15000,EA,23550,19265.595,Grand Total,,,0,0,,,,,
3,Sat,2026-01-17 00:00:00,Filling,Quality Releases,,,,,,,,,,0,0,Grand Total,,,0,0,,,,,
3,Sun,2026-01-18 00:00:00,Filling,Quality Releases,,,,,,,,,,0,0,Grand Total,,,0,0,,,,,
4,Mon,2026-01-19 00:00:00,Filling,Quality Releases,Yes,Quality Release,7154,54138,,,50004,50004,EA,129510.35999999999,60102.85784399999,Grand Total,,,0,0,,,,,
4,Tue,2026-01-20 00:00:00,Filling,Quality Releases,Yes,Quality Release,5668,54174,,,2000,2000,EA,4680,1333.4379999999996,Grand Total,,,0,0,,,,,
4,Wed,2026-01-21 00:00:00,Filling,Quality Releases,Yes,Quality Release,7560,53913,,,15000,15000,EA,25500,18908.22,Grand Total,,,0,0,,,,,
4,Wed,2026-01-21 00:00:00,Filling,Quality Releases,,,,,,,,,,0,0,Grand Total,,,0,0,,,,,
4,Thu,2026-01-22 00:00:00,Filling,Quality Releases,,,,,,,,,,0,0,Grand Total,,,0,0,,,,,
4,Fri,2026-01-23 00:00:00,Filling,Quality Releases,,,,,,,,,,0,0,Grand Total,,,0,0,,,,,
4,Sat,2026-01-24 00:00:00,Filling,Quality Releases,,,,,,,,,,0,0,Grand Total,,,0,0,,,,,
4,Sun,2026-01-25 00:00:00,Filling,Quality Releases,,,,,,,,,,0,0,Grand Total,,,0,0,,,,,
5,Mon,2026-01-26 00:00:00,Filling,Quality Releases,Yes,Quality Release,5660,54068,,,12000,12000,EA,26400.000000000004,7940.424000000003,Grand Total,,,0,0,,,,,
5,Tue,2026-01-27 00:00:00,Filling,Quality Releases,Yes,Quality Release,5672,54044,,,1800,1800,EA,2448,143.73720000000017,Grand Total,,,0,0,,,,,
5,Tue,2026-01-27 00:00:00,Filling,Quality Releases,Yes,Quality Release,5671,54045,,,1800,1800,EA,6408,2966.7581999999998,Grand Total,,,0,0,,,,,
5,Tue,2026-01-27 00:00:00,Filling,Quality Releases,Yes,Quality Release,5674,54048,,,2400,2400,EA,5880,1394.8152000000005,Grand Total,,,0,0,,,,,
5,Wed,2026-01-28 00:00:00,Filling,Quality Releases,Yes,Quality Release,7153,54378,,,119988,119988,EA,225577.43999999997,88931.50595999998,Grand Total,,,0,0,,,,,
5,Thu,2026-01-29 00:00:00,Filling,Quality Releases,Yes,Quality Release,7159,54380,,,4992,4992,EA,9734.4,3934.1752319999996,Grand Total,,,0,0,,,,,
5,Thu,2026-01-29 00:00:00,Filling,Quality Releases,Yes,Quality Release,7310,54366,,,3996,3996,EA,17982,12692.518776,Grand Total,,,0,0,,,,,
5,Fri,2026-01-30 00:00:00,Filling,Quality Releases,Yes,Quality Release,7154,54381,,,49992,49992,EA,129479.28,60088.43431199999,Grand Total,,,0,0,,,,,
5,Fri,2026-01-30 00:00:00,Filling,Quality Releases,Yes,Quality Release,7832,53897,,,15000,15000,EA,21000,6539.999999999999,Grand Total,,,0,0,,,,,
5,Sat,2026-01-31 00:00:00,Filling,Quality Releases,,,,,,,,,,0,0,Grand Total,,,0,0,,,,,
5,Sun,2026-02-01 00:00:00,Filling,Quality Releases,,,,,,,,,,0,0,Grand Total,,,0,0,,,,,
6,Mon,2026-02-02 00:00:00,Filling,Quality Releases,,,,,,,,,,0,0,Grand Total,,,0,0,,,,,
6,Tue,2026-02-03 00:00:00,Filling,Quality Releases,,,,,,,,,,0,0,Grand Total,,,0,0,,,,,
6,Wed,2026-02-04 00:00:00,Filling,Quality Releases,Yes,Quality Release,6370,54364,,,90000,90000,EA,160101,15031.61999999999,Grand Total,,,0,0,,,,,
6,Thu,2026-02-05 00:00:00,Filling,Quality Releases,,,,,,,,,,0,0,Grand Total,,,0,0,,,,,
6,Fri,2026-02-06 00:00:00,Filling,Quality Releases,,,,,,,,,,0,0,Grand Total,,,0,0,,,,,
6,Sat,2026-02-07 00:00:00,Filling,Quality Releases,,,,,,,,,,0,0,Grand Total,,,0,0,,,,,
6,Sun,2026-02-08 00:00:00,Filling,Quality Releases,,,,,,,,,,0,0,Grand Total,,,0,0,,,,,
7,Mon,2026-02-09 00:00:00,Filling,Quality Releases,,,,,,,,,,0,0,Grand Total,,,0,0,,,,,
7,Tue,2026-02-10 00:00:00,Filling,Quality Releases,,,,,,,,,,0,0,Grand Total,,,0,0,,,,,
7,Wed,2026-02-11 00:00:00,Filling,Quality Releases,Yes,Quality Release,7152,54414,,,124992,124992,EA,213736.32,88357.09478399999,Grand Total,,,0,0,,,,,
7,Thu,2026-02-12 00:00:00,Filling,Quality Releases,,,,,,,,,,0,0,Grand Total,,,0,0,,,,,
7,Fri,2026-02-13 00:00:00,Filling,Quality Releases,,,,,,,,,,0,0,Grand Total,,,0,0,,,,,
7,Sat,2026-02-14 00:00:00,Filling,Quality Releases,,,,,,,,,,0,0,Grand Total,,,0,0,,,,,
7,Sun,2026-02-15 00:00:00,Filling,Quality Releases,,,,,,,,,,0,0,Grand Total,,,0,0,,,,,
8,Mon,2026-02-16 00:00:00,Filling,Quality Releases,Yes,Quality Release,6370,54789,,,30000,30000,EA,53367,5010.539999999996,Grand Total,,,0,0,,,,,
8,Tue,2026-02-17 00:00:00,Filling,Quality Releases,,,,,,,,,,0,0,Grand Total,,,0,0,,,,,
8,Wed,2026-02-18 00:00:00,Filling,Quality Releases,Yes,Quality Release,7153,54415,,,145008,145008,EA,272615.04,107475.57935999999,Grand Total,,,0,0,,,,,
8,Thu,2026-02-19 00:00:00,Filling,Quality Releases,Yes,Quality Release,7769,53589,,,4000,4000,EA,10440,8562.768,Grand Total,,,0,0,,,,,
8,Thu,2026-02-19 00:00:00,Filling,Quality Releases,Yes,Quality Release,7794,53590,,,300,300,EA,2025,1574.6508,Grand Total,,,0,0,,,,,
8,Fri,2026-02-20 00:00:00,Filling,Quality Releases,Yes,Quality Release,7159,54416,,,5004,5004,EA,9757.8,3943.6323839999995,Grand Total,,,0,0,,,,,
8,Fri,2026-02-20 00:00:00,Filling,Quality Releases,Yes,Quality Release,7155,54417,,,6000,6000,EA,26040,17377.086,Grand Total,,,0,0,,,,,
8,Sat,2026-02-21 00:00:00,Filling,Quality Releases,,,,,,,,,,0,0,Grand Total,,,0,0,,,,,
8,Sun,2026-02-22 00:00:00,Filling,Quality Releases,,,,,,,,,,0,0,Grand Total,,,0,0,,,,,
9,Mon,2026-02-23 00:00:00,Filling,Quality Releases,Yes,Quality Release,7154,54418,,,30000,30000,EA,77700,36058.829999999994,Grand Total,,,0,0,,,,,
9,Tue,2026-02-24 00:00:00,Filling,Quality Releases,Yes,Quality Release,7155,54668,,,3996,3996,EA,17342.64,11573.139276,Grand Total,,,0,0,,,,,
9,Tue,2026-02-24 00:00:00,Filling,Quality Releases,Yes,Quality Release,5660,54793,,,4000,4000,EA,8800,2646.808000000001,Grand Total,,,0,0,,,,,
9,Tue,2026-02-24 00:00:00,Filling,Quality Releases,Yes,Quality Release,5666,54058,,,10800,10800,EA,44279.99999999999,17580.283199999998,Grand Total,,,0,0,,,,,
9,Wed,2026-02-25 00:00:00,Filling,Quality Releases,Yes,Quality Release,7558,53908,,,15000,15000,EA,25500,18876.72,Grand Total,,,0,0,,,,,
9,Wed,2026-02-25 00:00:00,Filling,Quality Releases,Yes,Quality Release,7559,53907,,,15000,15000,EA,23550,19241.97,Grand Total,,,0,0,,,,,
9,Thu,2026-02-26 00:00:00,Filling,Quality Releases,Yes,Quality Release,7832,53897,,,15000,15000,EA,21000,6539.999999999999,Grand Total,,,0,0,,,,,
9,Fri,2026-02-27 00:00:00,Filling,Quality Releases,Yes,Quality Release,7156,54419,,,30504,30504,EA,154960.32,97947.85593599999,Grand Total,,,0,0,,,,,
9,Sat,2026-02-28 00:00:00,Filling,Quality Releases,,,,,,,,,,0,0,Grand Total,,,0,0,,,,,
9,Sun,2026-03-01 00:00:00,Filling,Quality Releases,,,,,,,,,,0,0,Grand Total,,,0,0,,,,,
10,Mon,2026-03-02 00:00:00,Filling,Quality Releases,Yes,Quality Release,7738,53581,,,20000,20000,EA,51600,50992.98,Grand Total,,,0,0,,,,,
10,Tue,2026-03-03 00:00:00,Filling,Quality Releases,Yes,Quality Release,7751,53583,,,35000,35000,EA,145250,143125.46500000003,Grand Total,,,0,0,,,,,
10,Wed,2026-03-04 00:00:00,Filling,Quality Releases,,,,,,,,,,0,0,Grand Total,,,0,0,,,,,
10,Thu,2026-03-05 00:00:00,Filling,Quality Releases,,,,,,,,,,0,0,Grand Total,,,0,0,,,,,
10,Fri,2026-03-06 00:00:00,Filling,Quality Releases,,,,,,,,,,0,0,Grand Total,,,0,0,,,,,
10,Sat,2026-03-07 00:00:00,Filling,Quality Releases,,,,,,,,,,0,0,Grand Total,,,0,0,,,,,
10,Sun,2026-03-08 00:00:00,Filling,Quality Releases,,,,,,,,,,0,0,Grand Total,,,0,0,,,,,
11,Mon,2026-03-09 00:00:00,Filling,Quality Releases,Yes,Quality Release,5662,54238,,,6000,6000,EA,5880,1085.754,Grand Total,,,0,0,,,,,
11,Tue,2026-03-10 00:00:00,Filling,Quality Releases,Yes,Quality Release,5440,54384,,,1000,1000,EA,1540,837.877,Grand Total,,,0,0,,,,,
11,Tue,2026-03-10 00:00:00,Filling,Quality Releases,Yes,Quality Release,5440,54385,,,5000,5000,EA,7700,4189.385,Grand Total,,,0,0,,,,,
11,Wed,2026-03-11 00:00:00,Filling,Quality Releases,,,,,,,,,,0,0,Grand Total,,,0,0,,,,,
11,Thu,2026-03-12 00:00:00,Filling,Quality Releases,,,,,,,,,,0,0,Grand Total,,,0,0,,,,,
11,Fri,2026-03-13 00:00:00,Filling,Quality Releases,,,,,,,,,,0,0,Grand Total,,,0,0,,,,,
11,Sat,2026-03-14 00:00:00,Filling,Quality Releases,,,,,,,,,,0,0,Grand Total,,,0,0,,,,,
11,Sun,2026-03-15 00:00:00,Filling,Quality Releases,,,,,,,,,,0,0,Grand Total,,,0,0,,,,,
12,Mon,2026-03-16 00:00:00,Filling,Quality Releases,,,,,,,,,,0,0,Grand Total,,,0,0,,,,,
12,Tue,2026-03-17 00:00:00,Filling,Quality Releases,,,,,,,,,,0,0,Grand Total,,,0,0,,,,,
12,Wed,2026-03-18 00:00:00,Filling,Quality Releases,,,,,,,,,,0,0,Grand Total,,,0,0,,,,,
12,Thu,2026-03-19 00:00:00,Filling,Quality Releases,,,,,,,,,,0,0,Grand Total,,,0,0,,,,,
12,Fri,2026-03-20 00:00:00,Filling,Quality Releases,,,,,,,,,,0,0,Grand Total,,,0,0,,,,,
12,Sat,2026-03-21 00:00:00,Filling,Quality Releases,,,,,,,,,,0,0,Grand Total,,,0,0,,,,,
12,Sun,2026-03-22 00:00:00,Filling,Quality Releases,,,,,,,,,,0,0,Grand Total,,,0,0,,,,,
13,Mon,2026-03-23 00:00:00,Filling,Quality Releases,,,,,,,,,,0,0,Grand Total,,,0,0,,,,,
13,Tue,2026-03-24 00:00:00,Filling,Quality Releases,Yes,Quality Release,5660,54852,,,5800,5800,EA,12760.000000000002,3837.8716000000013,Grand Total,,,0,0,,,,,
13,Wed,2026-03-25 00:00:00,Filling,Quality Releases,Yes,Quality Release,5674,54797,,,2400,2400,EA,5880,1394.8152000000005,Grand Total,,,0,0,,,,,
13,Thu,2026-03-26 00:00:00,Filling,Quality Releases,,,,,,,,,,0,0,Grand Total,,,0,0,,,,,
13,Fri,2026-03-27 00:00:00,Filling,Quality Releases,Yes,Quality Release,5668,54802,,,10000,10000,EA,23400,6667.189999999999,Grand Total,,,0,0,,,,,
13,Sat,2026-03-28 00:00:00,Filling,Quality Releases,,,,,,,,,,0,0,Grand Total,,,0,0,,,,,
13,Sun,2026-03-29 00:00:00,Filling,Quality Releases,,,,,,,,,,0,0,Grand Total,,,0,0,,,,,
14,Mon,2026-03-30 00:00:00,Filling,Quality Releases,Yes,Quality Release,7903,54826,,,15000,15000,EA,30000,1006.8599999999994,Grand Total,,,0,0,,,,,
14,Tue,2026-03-31 00:00:00,Filling,Quality Releases,,,,,,,,,,0,0,Grand Total,,,0,0,,,,,
14,Wed,2026-04-01 00:00:00,Filling,Quality Releases,,,,,,,,,,0,0,Grand Total,,,0,0,,,,,
14,Thu,2026-04-02 00:00:00,Filling,Quality Releases,,,,,,,,,,0,0,Grand Total,,,0,0,,,,,
14,Fri,2026-04-03 00:00:00,Filling,Quality Releases,,,,,,,,,,0,0,Grand Total,,,0,0,,,,,
14,Sat,2026-04-04 00:00:00,Filling,Quality Releases,,,,,,,,,,0,0,Grand Total,,,0,0,,,,,
14,Sun,2026-04-05 00:00:00,Filling,Quality Releases,,,,,,,,,,0,0,Grand Total,,,0,0,,,,,
15,Mon,2026-04-06 00:00:00,Filling,Quality Releases,,,,,,,,,,0,0,Grand Total,,,0,0,,,,,
15,Tue,2026-04-07 00:00:00,Filling,Quality Releases,,,,,,,,,,0,0,Grand Total,,,0,0,,,,,
15,Wed,2026-04-08 00:00:00,Filling,Quality Releases,,,,,,,,,,0,0,Grand Total,,,0,0,,,,,
15,Thu,2026-04-09 00:00:00,Filling,Quality Releases,,,,,,,,,,0,0,Grand Total,,,0,0,,,,,
15,Fri,2026-04-10 00:00:00,Filling,Quality Releases,,,,,,,,,,0,0,Grand Total,,,0,0,,,,,
15,Sat,2026-04-11 00:00:00,Filling,Quality Releases,,,,,,,,,,0,0,Grand Total,,,0,0,,,,,
15,Sun,2026-04-12 00:00:00,Filling,Quality Releases,,,,,,,,,,0,0,Grand Total,,,0,0,,,,,
16,Mon,2026-04-13 00:00:00,Filling,Quality Releases,,,,,,,,,,0,0,Grand Total,,,0,0,,,,,
16,Tue,2026-04-14 00:00:00,Filling,Quality Releases,,,,,,,,,,0,0,Grand Total,,,0,0,,,,,
16,Wed,2026-04-15 00:00:00,Filling,Quality Releases,,,,,,,,,,0,0,Grand Total,,,0,0,,,,,
16,Thu,2026-04-16 00:00:00,Filling,Quality Releases,,,,,,,,,,0,0,Grand Total,,,0,0,,,,,
16,Fri,2026-04-17 00:00:00,Filling,Quality Releases,,,,,,,,,,0,0,Grand Total,,,0,0,,,,,
16,Sat,2026-04-18 00:00:00,Filling,Quality Releases,,,,,,,,,,0,0,Grand Total,,,0,0,,,,,
16,Sun,2026-04-19 00:00:00,Filling,Quality Releases,,,,,,,,,,0,0,Grand Total,,,0,0,,,,,
17,Mon,2026-04-20 00:00:00,Filling,Quality Releases,,,,,,,,,,0,0,Grand Total,,,0,0,,,,,
17,Tue,2026-04-21 00:00:00,Filling,Quality Releases,,,,,,,,,,0,0,Grand Total,,,0,0,,,,,
17,Wed,2026-04-22 00:00:00,Filling,Quality Releases,,,,,,,,,,0,0,Grand Total,,,0,0,,,,,
17,Thu,2026-04-23 00:00:00,Filling,Quality Releases,,,,,,,,,,0,0,Grand Total,,,0,0,,,,,
17,Fri,2026-04-24 00:00:00,Filling,Quality Releases,,,,,,,,,,0,0,Grand Total,,,0,0,,,,,
17,Sat,2026-04-25 00:00:00,Filling,Quality Releases,,,,,,,,,,0,0,Grand Total,,,0,0,,,,,
17,Sun,2026-04-26 00:00:00,Filling,Quality Releases,,,,,,,,,,0,0,Grand Total,,,0,0,,,,,
18,Mon,2026-04-27 00:00:00,Filling,Quality Releases,,,,,,,,,,0,0,Grand Total,,,0,0,,,,,
18,Tue,2026-04-28 00:00:00,Filling,Quality Releases,,,,,,,,,,0,0,Grand Total,,,0,0,,,,,
18,Wed,2026-04-29 00:00:00,Filling,Quality Releases,,,,,,,,,,0,0,Grand Total,,,0,0,,,,,
18,Thu,2026-04-30 00:00:00,Filling,Quality Releases,,,,,,,,,,0,0,Grand Total,,,0,0,,,,,
18,Fri,2026-05-01 00:00:00,Filling,Quality Releases,,,,,,,,,,0,0,Grand Total,,,0,0,,,,,
18,Sat,2026-05-02 00:00:00,Filling,Quality Releases,,,,,,,,,,0,0,Grand Total,,,0,0,,,,,
18,Sun,2026-05-03 00:00:00,Filling,Quality Releases,,,,,,,,,,0,0,Grand Total,,,0,0,,,,,
19,Mon,2026-05-04 00:00:00,Filling,Quality Releases,,,,,,,,,,0,0,Grand Total,,,0,0,,,,,
19,Tue,2026-05-05 00:00:00,Filling,Quality Releases,,,,,,,,,,0,0,Grand Total,,,0,0,,,,,
19,Wed,2026-05-06 00:00:00,Filling,Quality Releases,,,,,,,,,,0,0,Grand Total,,,0,0,,,,,
19,Thu,2026-05-07 00:00:00,Filling,Quality Releases,,,,,,,,,,0,0,Grand Total,,,0,0,,,,,
19,Fri,2026-05-08 00:00:00,Filling,Quality Releases,,,,,,,,,,0,0,Grand Total,,,0,0,,,,,
19,Sat,2026-05-09 00:00:00,Filling,Quality Releases,,,,,,,,,,0,0,Grand Total,,,0,0,,,,,
19,Sun,2026-05-10 00:00:00,Filling,Quality Releases,,,,,,,,,,0,0,Grand Total,,,0,0,,,,,
20,Mon,2026-05-11 00:00:00,Filling,Quality Releases,,,,,,,,,,0,0,Grand Total,,,0,0,,,,,
20,Tue,2026-05-12 00:00:00,Filling,Quality Releases,,,,,,,,,,0,0,Grand Total,,,0,0,,,,,
20,Wed,2026-05-13 00:00:00,Filling,Quality Releases,,,,,,,,,,0,0,Grand Total,,,0,0,,,,,
20,Thu,2026-05-14 00:00:00,Filling,Quality Releases,,,,,,,,,,0,0,Grand Total,,,0,0,,,,,
20,Fri,2026-05-15 00:00:00,Filling,Quality Releases,,,,,,,,,,0,0,Grand Total,,,0,0,,,,,
20,Sat,2026-05-16 00:00:00,Filling,Quality Releases,,,,,,,,,,0,0,Grand Total,,,0,0,,,,,
20,Sun,2026-05-17 00:00:00,Filling,Quality Releases,,,,,,,,,,0,0,Grand Total,,,0,0,,,,,
21,Mon,2026-05-18 00:00:00,Filling,Quality Releases,,,,,,,,,,0,0,Grand Total,,,0,0,,,,,
21,Tue,2026-05-19 00:00:00,Filling,Quality Releases,,,,,,,,,,0,0,Grand Total,,,0,0,,,,,
21,Wed,2026-05-20 00:00:00,Filling,Quality Releases,,,,,,,,,,0,0,Grand Total,,,0,0,,,,,
21,Thu,2026-05-21 00:00:00,Filling,Quality Releases,,,,,,,,,,0,0,Grand Total,,,0,0,,,,,
21,Fri,2026-05-22 00:00:00,Filling,Quality Releases,,,,,,,,,,0,0,Grand Total,,,0,0,,,,,
21,Sat,2026-05-23 00:00:00,Filling,Quality Releases,,,,,,,,,,0,0,Grand Total,,,0,0,,,,,
21,Sun,2026-05-24 00:00:00,Filling,Quality Releases,,,,,,,,,,0,0,Grand Total,,,0,0,,,,,
22,Mon,2026-05-25 00:00:00,Filling,Quality Releases,,,,,,,,,,0,0,Grand Total,,,0,0,,,,,
22,Tue,2026-05-26 00:00:00,Filling,Quality Releases,,,,,,,,,,0,0,Grand Total,,,0,0,,,,,
22,Wed,2026-05-27 00:00:00,Filling,Quality Releases,,,,,,,,,,0,0,Grand Total,,,0,0,,,,,
22,Thu,2026-05-28 00:00:00,Filling,Quality Releases,,,,,,,,,,0,0,Grand Total,,,0,0,,,,,
22,Fri,2026-05-29 00:00:00,Filling,Quality Releases,,,,,,,,,,0,0,Grand Total,,,0,0,,,,,
22,Sat,2026-05-30 00:00:00,Filling,Quality Releases,,,,,,,,,,0,0,Grand Total,,,0,0,,,,,
22,Sun,2026-05-31 00:00:00,Filling,Quality Releases,,,,,,,,,,0,0,Grand Total,,,0,0,,,,,
23,Mon,2026-06-01 00:00:00,Filling,Quality Releases,,,,,,,,,,0,0,Grand Total,,,0,0,,,,,
23,Tue,2026-06-02 00:00:00,Filling,Quality Releases,,,,,,,,,,0,0,Grand Total,,,0,0,,,,,
23,Wed,2026-06-03 00:00:00,Filling,Quality Releases,,,,,,,,,,0,0,Grand Total,,,0,0,,,,,
23,Thu,2026-06-04 00:00:00,Filling,Quality Releases,,,,,,,,,,0,0,Grand Total,,,0,0,,,,,
23,Fri,2026-06-05 00:00:00,Filling,Quality Releases,,,,,,,,,,0,0,Grand Total,,,0,0,,,,,
23,Sat,2026-06-06 00:00:00,Filling,Quality Releases,,,,,,,,,,0,0,Grand Total,,,0,0,,,,,
23,Sun,2026-06-07 00:00:00,Filling,Quality Releases,,,,,,,,,,0,0,Grand Total,,,0,0,,,,,
24,Mon,2026-06-08 00:00:00,Filling,Quality Releases,,,,,,,,,,0,0,Grand Total,,,0,0,,,,,
24,Tue,2026-06-09 00:00:00,Filling,Quality Releases,,,,,,,,,,0,0,Grand Total,,,0,0,,,,,
24,Wed,2026-06-10 00:00:00,Filling,Quality Releases,,,,,,,,,,0,0,Grand Total,,,0,0,,,,,
24,Thu,2026-06-11 00:00:00,Filling,Quality Releases,,,,,,,,,,0,0,Grand Total,,,0,0,,,,,
24,Fri,2026-06-12 00:00:00,Filling,Quality Releases,,,,,,,,,,0,0,Grand Total,,,0,0,,,,,
24,Sat,2026-06-13 00:00:00,Filling,Quality Releases,,,,,,,,,,0,0,Grand Total,,,0,0,,,,,
24,Sun,2026-06-14 00:00:00,Filling,Quality Releases,,,,,,,,,,0,0,Grand Total,,,0,0,,,,,
25,Mon,2026-06-15 00:00:00,Filling,Quality Releases,,,,,,,,,,0,0,Grand Total,,,0,0,,,,,
25,Tue,2026-06-16 00:00:00,Filling,Quality Releases,,,,,,,,,,0,0,Grand Total,,,0,0,,,,,
25,Wed,2026-06-17 00:00:00,Filling,Quality Releases,,,,,,,,,,0,0,Grand Total,,,0,0,,,,,
25,Thu,2026-06-18 00:00:00,Filling,Quality Releases,,,,,,,,,,0,0,Grand Total,,,0,0,,,,,
25,Fri,2026-06-19 00:00:00,Filling,Quality Releases,,,,,,,,,,0,0,Grand Total,,,0,0,,,,,
25,Sat,2026-06-20 00:00:00,Filling,Quality Releases,,,,,,,,,,0,0,Grand Total,,,0,0,,,,,
25,Sun,2026-06-21 00:00:00,Filling,Quality Releases,,,,,,,,,,0,0,Grand Total,,,0,0,,,,,
26,Mon,2026-06-22 00:00:00,Filling,Quality Releases,,,,,,,,,,0,0,Grand Total,,,0,0,,,,,
26,Tue,2026-06-23 00:00:00,Filling,Quality Releases,,,,,,,,,,0,0,Grand Total,,,0,0,,,,,
26,Wed,2026-06-24 00:00:00,Filling,Quality Releases,,,,,,,,,,0,0,Grand Total,,,0,0,,,,,
26,Thu,2026-06-25 00:00:00,Filling,Quality Releases,,,,,,,,,,0,0,Grand Total,,,0,0,,,,,
26,Fri,2026-06-26 00:00:00,Filling,Quality Releases,,,,,,,,,,0,0,Grand Total,,,0,0,,,,,
26,Sat,2026-06-27 00:00:00,Filling,Quality Releases,,,,,,,,,,0,0,Grand Total,,,0,0,,,,,
26,Sun,2026-06-28 00:00:00,Filling,Quality Releases,,,,,,,,,,0,0,Grand Total,,,0,0,,,,,
27,Mon,2026-06-29 00:00:00,Filling,Quality Releases,,,,,,,,,,0,0,Grand Total,,,0,0,,,,,
27,Tue,2026-06-30 00:00:00,Filling,Quality Releases,,,,,,,,,,0,0,Grand Total,,,0,0,,,,,
27,Wed,2026-07-01 00:00:00,Filling,Quality Releases,,,,,,,,,,0,0,Grand Total,,,0,0,,,,,
27,Thu,2026-07-02 00:00:00,Filling,Quality Releases,,,,,,,,,,0,0,Grand Total,,,0,0,,,,,
27,Fri,2026-07-03 00:00:00,Filling,Quality Releases,,,,,,,,,,0,0,Grand Total,,,0,0,,,,,
27,Sat,2026-07-04 00:00:00,Filling,Quality Releases,,,,,,,,,,0,0,Grand Total,,,0,0,,,,,
27,Sun,2026-07-05 00:00:00,Filling,Quality Releases,,,,,,,,,,0,0,Grand Total,,,0,0,,,,,
28,Mon,2026-07-06 00:00:00,Filling,Quality Releases,,,,,,,,,,0,0,Grand Total,,,0,0,,,,,
28,Tue,2026-07-07 00:00:00,Filling,Quality Releases,,,,,,,,,,0,0,Grand Total,,,0,0,,,,,
28,Wed,2026-07-08 00:00:00,Filling,Quality Releases,,,,,,,,,,0,0,Grand Total,,,0,0,,,,,
28,Thu,2026-07-09 00:00:00,Filling,Quality Releases,,,,,,,,,,0,0,Grand Total,,,0,0,,,,,
28,Fri,2026-07-10 00:00:00,Filling,Quality Releases,,,,,,,,,,0,0,Grand Total,,,0,0,,,,,
28,Sat,2026-07-11 00:00:00,Filling,Quality Releases,,,,,,,,,,0,0,Grand Total,,,0,0,,,,,
28,Sun,2026-07-12 00:00:00,Filling,Quality Releases,,,,,,,,,,0,0,Grand Total,,,0,0,,,,,
29,Mon,2026-07-13 00:00:00,Filling,Quality Releases,,,,,,,,,,0,0,Grand Total,,,0,0,,,,,
29,Tue,2026-07-14 00:00:00,Filling,Quality Releases,,,,,,,,,,0,0,Grand Total,,,0,0,,,,,
29,Wed,2026-07-15 00:00:00,Filling,Quality Releases,,,,,,,,,,0,0,Grand Total,,,0,0,,,,,
29,Thu,2026-07-16 00:00:00,Filling,Quality Releases,,,,,,,,,,0,0,Grand Total,,,0,0,,,,,
29,Fri,2026-07-17 00:00:00,Filling,Quality Releases,,,,,,,,,,0,0,Grand Total,,,0,0,,,,,
29,Sat,2026-07-18 00:00:00,Filling,Quality Releases,,,,,,,,,,0,0,Grand Total,,,0,0,,,,,
29,Sun,2026-07-19 00:00:00,Filling,Quality Releases,,,,,,,,,,0,0,Grand Total,,,0,0,,,,,
30,Mon,2026-07-20 00:00:00,Filling,Quality Releases,,,,,,,,,,0,0,Grand Total,,,0,0,,,,,
30,Tue,2026-07-21 00:00:00,Filling,Quality Releases,,,,,,,,,,0,0,Grand Total,,,0,0,,,,,
30,Wed,2026-07-22 00:00:00,Filling,Quality Releases,,,,,,,,,,0,0,Grand Total,,,0,0,,,,,
30,Thu,2026-07-23 00:00:00,Filling,Quality Releases,,,,,,,,,,0,0,Grand Total,,,0,0,,,,,
30,Fri,2026-07-24 00:00:00,Filling,Quality Releases,,,,,,,,,,0,0,Grand Total,,,0,0,,,,,
30,Sat,2026-07-25 00:00:00,Filling,Quality Releases,,,,,,,,,,0,0,Grand Total,,,0,0,,,,,
30,Sun,2026-07-26 00:00:00,Filling,Quality Releases,,,,,,,,,,0,0,Grand Total,,,0,0,,,,,
31,Mon,2026-07-27 00:00:00,Filling,Quality Releases,,,,,,,,,,0,0,Grand Total,,,0,0,,,,,
31,Tue,2026-07-28 00:00:00,Filling,Quality Releases,,,,,,,,,,0,0,Grand Total,,,0,0,,,,,
31,Wed,2026-07-29 00:00:00,Filling,Quality Releases,,,,,,,,,,0,0,Grand Total,,,0,0,,,,,
31,Thu,2026-07-30 00:00:00,Filling,Quality Releases,,,,,,,,,,0,0,Grand Total,,,0,0,,,,,
31,Fri,2026-07-31 00:00:00,Filling,Quality Releases,,,,,,,,,,0,0,Grand Total,,,0,0,,,,,
31,Sat,2026-08-01 00:00:00,Filling,Quality Releases,,,,,,,,,,0,0,Grand Total,,,0,0,,,,,
31,Sun,2026-08-02 00:00:00,Filling,Quality Releases,,,,,,,,,,0,0,Grand Total,,,0,0,,,,,
32,Mon,2026-08-03 00:00:00,Filling,Quality Releases,,,,,,,,,,0,0,Grand Total,,,0,0,,,,,
32,Tue,2026-08-04 00:00:00,Filling,Quality Releases,,,,,,,,,,0,0,Grand Total,,,0,0,,,,,
32,Wed,2026-08-05 00:00:00,Filling,Quality Releases,,,,,,,,,,0,0,Grand Total,,,0,0,,,,,
32,Thu,2026-08-06 00:00:00,Filling,Quality Releases,,,,,,,,,,0,0,Grand Total,,,0,0,,,,,
32,Fri,2026-08-07 00:00:00,Filling,Quality Releases,,,,,,,,,,0,0,Grand Total,,,0,0,,,,,
32,Sat,2026-08-08 00:00:00,Filling,Quality Releases,,,,,,,,,,0,0,Grand Total,,,0,0,,,,,
32,Sun,2026-08-09 00:00:00,Filling,Quality Releases,,,,,,,,,,0,0,Grand Total,,,0,0,,,,,
33,Mon,2026-08-10 00:00:00,Filling,Quality Releases,,,,,,,,,,0,0,Grand Total,,,0,0,,,,,
33,Tue,2026-08-11 00:00:00,Filling,Quality Releases,,,,,,,,,,0,0,Grand Total,,,0,0,,,,,
33,Wed,2026-08-12 00:00:00,Filling,Quality Releases,,,,,,,,,,0,0,Grand Total,,,0,0,,,,,
33,Thu,2026-08-13 00:00:00,Filling,Quality Releases,,,,,,,,,,0,0,Grand Total,,,0,0,,,,,
33,Fri,2026-08-14 00:00:00,Filling,Quality Releases,,,,,,,,,,0,0,Grand Total,,,0,0,,,,,
33,Sat,2026-08-15 00:00:00,Filling,Quality Releases,,,,,,,,,,0,0,Grand Total,,,0,0,,,,,
33,Sun,2026-08-16 00:00:00,Filling,Quality Releases,,,,,,,,,,0,0,Grand Total,,,0,0,,,,,
34,Mon,2026-08-17 00:00:00,Filling,Quality Releases,,,,,,,,,,0,0,Grand Total,,,0,0,,,,,
34,Tue,2026-08-18 00:00:00,Filling,Quality Releases,,,,,,,,,,0,0,Grand Total,,,0,0,,,,,
34,Wed,2026-08-19 00:00:00,Filling,Quality Releases,,,,,,,,,,0,0,Grand Total,,,0,0,,,,,
34,Thu,2026-08-20 00:00:00,Filling,Quality Releases,,,,,,,,,,0,0,Grand Total,,,0,0,,,,,
34,Fri,2026-08-21 00:00:00,Filling,Quality Releases,,,,,,,,,,0,0,Grand Total,,,0,0,,,,,
34,Sat,2026-08-22 00:00:00,Filling,Quality Releases,,,,,,,,,,0,0,Grand Total,,,0,0,,,,,
34,Sun,2026-08-23 00:00:00,Filling,Quality Releases,,,,,,,,,,0,0,Grand Total,,,0,0,,,,,
35,Mon,2026-08-24 00:00:00,Filling,Quality Releases,,,,,,,,,,0,0,Grand Total,,,0,0,,,,,
35,Tue,2026-08-25 00:00:00,Filling,Quality Releases,,,,,,,,,,0,0,Grand Total,,,0,0,,,,,
35,Wed,2026-08-26 00:00:00,Filling,Quality Releases,,,,,,,,,,0,0,Grand Total,,,0,0,,,,,
35,Thu,2026-08-27 00:00:00,Filling,Quality Releases,,,,,,,,,,0,0,Grand Total,,,0,0,,,,,
35,Fri,2026-08-28 00:00:00,Filling,Quality Releases,,,,,,,,,,0,0,Grand Total,,,0,0,,,,,
35,Sat,2026-08-29 00:00:00,Filling,Quality Releases,,,,,,,,,,0,0,Grand Total,,,0,0,,,,,
35,Sun,2026-08-30 00:00:00,Filling,Quality Releases,,,,,,,,,,0,0,Grand Total,,,0,0,,,,,
36,Mon,2026-08-31 00:00:00,Filling,Quality Releases,,,,,,,,,,0,0,Grand Total,,,0,0,,,,,
36,Tue,2026-09-01 00:00:00,Filling,Quality Releases,,,,,,,,,,0,0,Grand Total,,,0,0,,,,,
36,Wed,2026-09-02 00:00:00,Filling,Quality Releases,,,,,,,,,,0,0,Grand Total,,,0,0,,,,,
36,Thu,2026-09-03 00:00:00,Filling,Quality Releases,,,,,,,,,,0,0,Grand Total,,,0,0,,,,,
36,Fri,2026-09-04 00:00:00,Filling,Quality Releases,,,,,,,,,,0,0,Grand Total,,,0,0,,,,,
36,Sat,2026-09-05 00:00:00,Filling,Quality Releases,,,,,,,,,,0,0,Grand Total,,,0,0,,,,,
36,Sun,2026-09-06 00:00:00,Filling,Quality Releases,,,,,,,,,,0,0,Grand Total,,,0,0,,,,,
37,Mon,2026-09-07 00:00:00,Filling,Quality Releases,,,,,,,,,,0,0,Grand Total,,,0,0,,,,,
37,Tue,2026-09-08 00:00:00,Filling,Quality Releases,,,,,,,,,,0,0,Grand Total,,,0,0,,,,,
37,Wed,2026-09-09 00:00:00,Filling,Quality Releases,,,,,,,,,,0,0,Grand Total,,,0,0,,,,,
37,Thu,2026-09-10 00:00:00,Filling,Quality Releases,,,,,,,,,,0,0,Grand Total,,,0,0,,,,,
37,Fri,2026-09-11 00:00:00,Filling,Quality Releases,,,,,,,,,,0,0,Grand Total,,,0,0,,,,,
37,Sat,2026-09-12 00:00:00,Filling,Quality Releases,,,,,,,,,,0,0,Grand Total,,,0,0,,,,,
37,Sun,2026-09-13 00:00:00,Filling,Quality Releases,,,,,,,,,,0,0,Grand Total,,,0,0,,,,,
38,Mon,2026-09-14 00:00:00,Filling,Quality Releases,,,,,,,,,,0,0,Grand Total,,,0,0,,,,,
38,Tue,2026-09-15 00:00:00,Filling,Quality Releases,,,,,,,,,,0,0,Grand Total,,,0,0,,,,,
38,Wed,2026-09-16 00:00:00,Filling,Quality Releases,,,,,,,,,,0,0,Grand Total,,,0,0,,,,,
38,Thu,2026-09-17 00:00:00,Filling,Quality Releases,,,,,,,,,,0,0,Grand Total,,,0,0,,,,,
38,Fri,2026-09-18 00:00:00,Filling,Quality Releases,,,,,,,,,,0,0,Grand Total,,,0,0,,,,,
38,Sat,2026-09-19 00:00:00,Filling,Quality Releases,,,,,,,,,,0,0,Grand Total,,,0,0,,,,,
38,Sun,2026-09-20 00:00:00,Filling,Quality Releases,,,,,,,,,,0,0,Grand Total,,,0,0,,,,,
39,Mon,2026-09-21 00:00:00,Filling,Quality Releases,,,,,,,,,,0,0,Grand Total,,,0,0,,,,,
39,Tue,2026-09-22 00:00:00,Filling,Quality Releases,,,,,,,,,,0,0,Grand Total,,,0,0,,,,,
39,Thu,2026-09-24 00:00:00,Filling,Quality Releases,,,,,,,,,,0,0,Grand Total,,,0,0,,,,,
39,Fri,2026-09-25 00:00:00,Filling,Quality Releases,,,,,,,,,,0,0,Grand Total,,,0,0,,,,,
39,Sat,2026-09-26 00:00:00,Filling,Quality Releases,,,,,,,,,,0,0,Grand Total,,,0,0,,,,,
39,Sun,2026-09-27 00:00:00,Filling,Quality Releases,,,,,,,,,,0,0,Grand Total,,,0,0,,,,,
40,Mon,2026-09-28 00:00:00,Filling,Quality Releases,,,,,,,,,,0,0,Grand Total,,,0,0,,,,,
40,Tue,2026-09-29 00:00:00,Filling,Quality Releases,,,,,,,,,,0,0,Grand Total,,,0,0,,,,,
40,Wed,2026-09-30 00:00:00,Filling,Quality Releases,,,,,,,,,,0,0,Grand Total,,,0,0,,,,,
40,Thu,2026-10-01 00:00:00,Filling,Quality Releases,,,,,,,,,,0,0,Grand Total,,,0,0,,,,,
40,Fri,2026-10-02 00:00:00,Filling,Quality Releases,,,,,,,,,,0,0,Grand Total,,,0,0,,,,,
40,Sat,2026-10-03 00:00:00,Filling,Quality Releases,,,,,,,,,,0,0,Grand Total,,,0,0,,,,,
40,Sun,2026-10-04 00:00:00,Filling,Quality Releases,,,,,,,,,,0,0,Grand Total,,,0,0,,,,,
41,Mon,2026-10-05 00:00:00,Filling,Quality Releases,,,,,,,,,,0,0,Grand Total,,,0,0,,,,,
41,Tue,2026-10-06 00:00:00,Filling,Quality Releases,,,,,,,,,,0,0,Grand Total,,,0,0,,,,,
41,Wed,2026-10-07 00:00:00,Filling,Quality Releases,,,,,,,,,,0,0,Grand Total,,,0,0,,,,,
41,Thu,2026-10-08 00:00:00,Filling,Quality Releases,,,,,,,,,,0,0,Grand Total,,,0,0,,,,,
41,Fri,2026-10-09 00:00:00,Filling,Quality Releases,,,,,,,,,,0,0,Grand Total,,,0,0,,,,,
41,Sat,2026-10-10 00:00:00,Filling,Quality Releases,,,,,,,,,,0,0,Grand Total,,,0,0,,,,,
41,Sun,2026-10-11 00:00:00,Filling,Quality Releases,,,,,,,,,,0,0,Grand Total,,,0,0,,,,,
42,Mon,2026-10-12 00:00:00,Filling,Quality Releases,,,,,,,,,,0,0,Grand Total,,,0,0,,,,,
42,Tue,2026-10-13 00:00:00,Filling,Quality Releases,,,,,,,,,,0,0,Grand Total,,,0,0,,,,,
42,Wed,2026-10-14 00:00:00,Filling,Quality Releases,,,,,,,,,,0,0,Grand Total,,,0,0,,,,,
42,Thu,2026-10-15 00:00:00,Filling,Quality Releases,,,,,,,,,,0,0,Grand Total,,,0,0,,,,,
42,Fri,2026-10-16 00:00:00,Filling,Quality Releases,,,,,,,,,,0,0,Grand Total,,,0,0,,,,,
42,Sat,2026-10-17 00:00:00,Filling,Quality Releases,,,,,,,,,,0,0,Grand Total,,,0,0,,,,,
42,Sun,2026-10-18 00:00:00,Filling,Quality Releases,,,,,,,,,,0,0,Grand Total,,,0,0,,,,,
43,Mon,2026-10-19 00:00:00,Filling,Quality Releases,,,,,,,,,,0,0,Grand Total,,,0,0,,,,,
43,Tue,2026-10-20 00:00:00,Filling,Quality Releases,,,,,,,,,,0,0,Grand Total,,,0,0,,,,,
43,Wed,2026-10-21 00:00:00,Filling,Quality Releases,,,,,,,,,,0,0,Grand Total,,,0,0,,,,,
43,Thu,2026-10-22 00:00:00,Filling,Quality Releases,,,,,,,,,,0,0,Grand Total,,,0,0,,,,,
43,Fri,2026-10-23 00:00:00,Filling,Quality Releases,,,,,,,,,,0,0,Grand Total,,,0,0,,,,,
43,Sat,2026-10-24 00:00:00,Filling,Quality Releases,,,,,,,,,,0,0,Grand Total,,,0,0,,,,,
43,Sun,2026-10-25 00:00:00,Filling,Quality Releases,,,,,,,,,,0,0,Grand Total,,,0,0,,,,,
44,Mon,2026-10-26 00:00:00,Filling,Quality Releases,,,,,,,,,,0,0,Grand Total,,,0,0,,,,,
44,Tue,2026-10-27 00:00:00,Filling,Quality Releases,,,,,,,,,,0,0,Grand Total,,,0,0,,,,,
44,Wed,2026-10-28 00:00:00,Filling,Quality Releases,,,,,,,,,,0,0,Grand Total,,,0,0,,,,,
44,Thu,2026-10-29 00:00:00,Filling,Quality Releases,,,,,,,,,,0,0,Grand Total,,,0,0,,,,,
44,Fri,2026-10-30 00:00:00,Filling,Quality Releases,,,,,,,,,,0,0,Grand Total,,,0,0,,,,,
44,Sat,2026-10-31 00:00:00,Filling,Quality Releases,,,,,,,,,,0,0,Grand Total,,,0,0,,,,,
44,Sun,2026-11-01 00:00:00,Filling,Quality Releases,,,,,,,,,,0,0,Grand Total,,,0,0,,,,,
45,Mon,2026-11-02 00:00:00,Filling,Quality Releases,,,,,,,,,,0,0,Grand Total,,,0,0,,,,,
45,Tue,2026-11-03 00:00:00,Filling,Quality Releases,,,,,,,,,,0,0,Grand Total,,,0,0,,,,,
45,Wed,2026-11-04 00:00:00,Filling,Quality Releases,,,,,,,,,,0,0,Grand Total,,,0,0,,,,,
45,Thu,2026-11-05 00:00:00,Filling,Quality Releases,,,,,,,,,,0,0,Grand Total,,,0,0,,,,,
45,Fri,2026-11-06 00:00:00,Filling,Quality Releases,,,,,,,,,,0,0,Grand Total,,,0,0,,,,,
45,Sat,2026-11-07 00:00:00,Filling,Quality Releases,,,,,,,,,,0,0,Grand Total,,,0,0,,,,,
45,Sun,2026-11-08 00:00:00,Filling,Quality Releases,,,,,,,,,,0,0,Grand Total,,,0,0,,,,,
46,Mon,2026-11-09 00:00:00,Filling,Quality Releases,,,,,,,,,,0,0,Grand Total,,,0,0,,,,,
46,Tue,2026-11-10 00:00:00,Filling,Quality Releases,,,,,,,,,,0,0,Grand Total,,,0,0,,,,,
46,Wed,2026-11-11 00:00:00,Filling,Quality Releases,,,,,,,,,,0,0,Grand Total,,,0,0,,,,,
46,Thu,2026-11-12 00:00:00,Filling,Quality Releases,,,,,,,,,,0,0,Grand Total,,,0,0,,,,,
46,Fri,2026-11-13 00:00:00,Filling,Quality Releases,,,,,,,,,,0,0,Grand Total,,,0,0,,,,,
46,Sat,2026-11-14 00:00:00,Filling,Quality Releases,,,,,,,,,,0,0,Grand Total,,,0,0,,,,,
46,Sun,2026-11-15 00:00:00,Filling,Quality Releases,,,,,,,,,,0,0,Grand Total,,,0,0,,,,,
47,Mon,2026-11-16 00:00:00,Filling,Quality Releases,,,,,,,,,,0,0,Grand Total,,,0,0,,,,,
47,Tue,2026-11-17 00:00:00,Filling,Quality Releases,,,,,,,,,,0,0,Grand Total,,,0,0,,,,,
47,Wed,2026-11-18 00:00:00,Filling,Quality Releases,,,,,,,,,,0,0,Grand Total,,,0,0,,,,,
47,Thu,2026-11-19 00:00:00,Filling,Quality Releases,,,,,,,,,,0,0,Grand Total,,,0,0,,,,,
47,Fri,2026-11-20 00:00:00,Filling,Quality Releases,,,,,,,,,,0,0,Grand Total,,,0,0,,,,,
47,Sat,2026-11-21 00:00:00,Filling,Quality Releases,,,,,,,,,,0,0,Grand Total,,,0,0,,,,,
47,Sun,2026-11-22 00:00:00,Filling,Quality Releases,,,,,,,,,,0,0,Grand Total,,,0,0,,,,,
48,Mon,2026-11-23 00:00:00,Filling,Quality Releases,,,,,,,,,,0,0,Grand Total,,,0,0,,,,,
48,Tue,2026-11-24 00:00:00,Filling,Quality Releases,,,,,,,,,,0,0,Grand Total,,,0,0,,,,,
48,Wed,2026-11-25 00:00:00,Filling,Quality Releases,,,,,,,,,,0,0,Grand Total,,,0,0,,,,,
48,Thu,2026-11-26 00:00:00,Filling,Quality Releases,,,,,,,,,,0,0,Grand Total,,,0,0,,,,,
48,Fri,2026-11-27 00:00:00,Filling,Quality Releases,,,,,,,,,,0,0,Grand Total,,,0,0,,,,,
48,Sat,2026-11-28 00:00:00,Filling,Quality Releases,,,,,,,,,,0,0,Grand Total,,,0,0,,,,,
48,Sun,2026-11-29 00:00:00,Filling,Quality Releases,,,,,,,,,,0,0,Grand Total,,,0,0,,,,,
49,Mon,2026-11-30 00:00:00,Filling,Quality Releases,,,,,,,,,,0,0,Grand Total,,,0,0,,,,,
49,Tue,2026-12-01 00:00:00,Filling,Quality Releases,,,,,,,,,,0,0,Grand Total,,,0,0,,,,,
49,Wed,2026-12-02 00:00:00,Filling,Quality Releases,,,,,,,,,,0,0,Grand Total,,,0,0,,,,,
49,Thu,2026-12-03 00:00:00,Filling,Quality Releases,,,,,,,,,,0,0,Grand Total,,,0,0,,,,,
49,Fri,2026-12-04 00:00:00,Filling,Quality Releases,,,,,,,,,,0,0,Grand Total,,,0,0,,,,,
49,Sat,2026-12-05 00:00:00,Filling,Quality Releases,,,,,,,,,,0,0,Grand Total,,,0,0,,,,,
49,Sun,2026-12-06 00:00:00,Filling,Quality Releases,,,,,,,,,,0,0,Grand Total,,,0,0,,,,,
50,Mon,2026-12-07 00:00:00,Filling,Quality Releases,,,,,,,,,,0,0,Grand Total,,,0,0,,,,,
50,Tue,2026-12-08 00:00:00,Filling,Quality Releases,,,,,,,,,,0,0,Grand Total,,,0,0,,,,,
50,Wed,2026-12-09 00:00:00,Filling,Quality Releases,,,,,,,,,,0,0,Grand Total,,,0,0,,,,,
50,Thu,2026-12-10 00:00:00,Filling,Quality Releases,,,,,,,,,,0,0,Grand Total,,,0,0,,,,,
50,Fri,2026-12-11 00:00:00,Filling,Quality Releases,,,,,,,,,,0,0,Grand Total,,,0,0,,,,,
50,Sat,2026-12-12 00:00:00,Filling,Quality Releases,,,,,,,,,,0,0,Grand Total,,,0,0,,,,,
50,Sun,2026-12-13 00:00:00,Filling,Quality Releases,,,,,,,,,,0,0,Grand Total,,,0,0,,,,,
51,Mon,2026-12-14 00:00:00,Filling,Quality Releases,,,,,,,,,,0,0,Grand Total,,,0,0,,,,,
51,Tue,2026-12-15 00:00:00,Filling,Quality Releases,,,,,,,,,,0,0,Grand Total,,,0,0,,,,,
51,Wed,2026-12-16 00:00:00,Filling,Quality Releases,,,,,,,,,,0,0,Grand Total,,,0,0,,,,,
51,Thu,2026-12-17 00:00:00,Filling,Quality Releases,,,,,,,,,,0,0,Grand Total,,,0,0,,,,,
51,Fri,2026-12-18 00:00:00,Filling,Quality Releases,,,,,,,,,,0,0,Grand Total,,,0,0,,,,,
51,Sat,2026-12-19 00:00:00,Filling,Quality Releases,,,,,,,,,,0,0,Grand Total,,,0,0,,,,,
51,Sun,2026-12-20 00:00:00,Filling,Quality Releases,,,,,,,,,,0,0,Grand Total,,,0,0,,,,,
52,Mon,2026-12-21 00:00:00,Filling,Quality Releases,,,,,,,,,,0,0,Grand Total,,,0,0,,,,,
52,Tue,2026-12-22 00:00:00,Filling,Quality Releases,,,,,,,,,,0,0,Grand Total,,,0,0,,,,,
52,Wed,2026-12-23 00:00:00,Filling,Quality Releases,,,,,,,,,,0,0,Grand Total,,,0,0,,,,,
52,Thu,2026-12-24 00:00:00,Filling,Quality Releases,,,,,,,,,,0,0,Grand Total,,,0,0,,,,,
52,Fri,2026-12-25 00:00:00,Filling,Quality Releases,,,,,,,,,,0,0,Grand Total,,,0,0,,,,,
52,Sat,2026-12-26 00:00:00,Filling,Quality Releases,,,,,,,,,,0,0,Grand Total,,,0,0,,,,,
52,Sun,2026-12-27 00:00:00,Filling,Quality Releases,,,,,,,,,,0,0,Grand Total,,,0,0,,,,,
53,Mon,2026-12-28 00:00:00,Filling,Quality Releases,,,,,,,,,,0,0,Grand Total,,,0,0,,,,,
53,Tue,2026-12-29 00:00:00,Filling,Quality Releases,,,,,,,,,,0,0,Grand Total,,,0,0,,,,,
53,Wed,2026-12-30 00:00:00,Filling,Quality Releases,,,,,,,,,,0,0,Grand Total,,,0,0,,,,,
53,Thu,2026-12-31 00:00:00,Filling,Quality Releases,,,,,,,,,,0,0,Grand Total,,,0,0,,,,,
