SONumber,LineNumber,ItemCode,ItemDescription,CustomerCode,CustomerName,OrderQuantity,UnitPrice,ExtendedLineAmount,Order date,Requested Ship date,lead_time_days,mfg_start_date,earliest_ship_date,feasibility,days_margin,Profit,late_penalty,holding_cost,adjusted_profit,ship_month
64885,1,104,"K-C AVENT TAPE  0.5"" ON MASK #ROSU00588 Rev 3",KC        ,"O&M Halyard, Inc",150000.0,0.291,43650.0,2026-01-09,2026-02-23,14,2026-02-25,2026-03-11,LATE,-16.0,16747.35,5359.152,0.0,11388.197999999999,2026-03
64884,1,104,"K-C AVENT TAPE  0.5"" ON MASK #ROSU00588 Rev 3",KC        ,"O&M Halyard, Inc",150000.0,0.291,43650.0,2026-01-09,2026-03-09,14,2026-02-25,2026-03-11,LATE,-2.0,16747.35,669.894,0.0,16077.455999999998,2026-03
64771,1,1673,BI OVERLAY #1 - ITALY,LAVIPHARM ,Lavipharm SA,400000.0,0.235,94000.0,2025-11-21,2026-02-02,14,2026-02-25,2026-03-11,LATE,-37.0,22146.0,16388.04,0.0,5757.959999999999,2026-03
64771,2,1674,BI OVERLAY #2 - ITALY,LAVIPHARM ,Lavipharm SA,500000.0,0.237,118500.0,2025-11-21,2026-02-02,14,2026-02-25,2026-03-11,LATE,-37.0,11165.00000000001,8262.100000000006,0.0,2902.9000000000033,2026-03
64501,1,1917,EMED  2.375 X 2.75 PRTD DRESS,EMED      ,EMED Technologies Corp,360000.0,0.12,43200.0,2025-08-25,2026-03-31,14,2026-03-17,2026-03-31,ON_TIME,0.0,18559.439999999995,-0.0,0.0,18559.439999999995,2026-03
64502,1,1917,EMED  2.375 X 2.75 PRTD DRESS,EMED      ,EMED Technologies Corp,360000.0,0.12,43200.0,2025-08-25,2026-05-15,14,2026-03-17,2026-03-31,ON_TIME,45.0,18559.439999999995,0.0,81000.0,-62440.560000000005,2026-03
64503,1,1917,EMED  2.375 X 2.75 PRTD DRESS,EMED      ,EMED Technologies Corp,360000.0,0.12,43200.0,2025-08-25,2026-06-30,14,2026-03-17,2026-03-31,ON_TIME,91.0,18559.439999999995,0.0,163800.0,-145240.56,2026-03
65012,1,2977,MEDLINE DRSG SURESITE 4.75 X 4 FRAME/LABL (MSC52281),CENTURION ,Centurion Medical Products Corp,63.0,340.0,21420.0,2026-02-24,2026-06-03,14,2026-03-18,2026-04-01,ON_TIME,63.0,5391.365049,0.0,19.845,5371.520049,2026-04
64833,1,2977,MEDLINE DRSG SURESITE 4.75 X 4 FRAME/LABL (MSC52281),CENTURION ,Centurion Medical Products Corp,45.0,340.0,15300.0,2025-12-18,2026-04-01,14,2026-03-18,2026-04-01,ON_TIME,0.0,3850.975035,-0.0,0.0,3850.975035,2026-04
64925,2,3069,ARGENTUM 4 X 4 PRTD ISLAND DRSG NS; BULK,ARGENTUM  ,"Argentum Medical, LLC",35000.0,0.81,28350.0,2026-01-21,2026-03-27,14,2026-03-13,2026-03-27,ON_TIME,0.0,23017.505000000005,-0.0,0.0,23017.505000000005,2026-03
64802,10,3132,MEDLINE CURAD NASAL TUBE HOLDER CURNASTUB50,MEDL      ,"Medline Industries, Inc.",140.0,5.5,770.0,2025-12-08,2026-03-06,14,2026-02-25,2026-03-11,LATE,-5.0,186.76392,18.676392000000003,0.0,168.08752800000002,2026-03
64803,10,3132,MEDLINE CURAD NASAL TUBE HOLDER CURNASTUB50,MEDL      ,"Medline Industries, Inc.",350.0,5.5,1925.0,2025-12-08,2026-03-06,14,2026-02-25,2026-03-11,LATE,-5.0,466.9098,46.69098,0.0,420.21882,2026-03
64804,10,3132,MEDLINE CURAD NASAL TUBE HOLDER CURNASTUB50,MEDL      ,"Medline Industries, Inc.",10.0,5.5,55.0,2025-12-08,2026-03-06,14,2026-02-25,2026-03-11,LATE,-5.0,13.34028,1.334028,0.0,12.006252,2026-03
64806,10,3132,MEDLINE CURAD NASAL TUBE HOLDER CURNASTUB50,MEDL      ,"Medline Industries, Inc.",20.0,5.5,110.0,2025-12-08,2026-03-06,14,2026-02-25,2026-03-11,LATE,-5.0,26.68056,2.668056,0.0,24.012504,2026-03
64807,10,3132,MEDLINE CURAD NASAL TUBE HOLDER CURNASTUB50,MEDL      ,"Medline Industries, Inc.",20.0,5.5,110.0,2025-12-08,2026-03-06,14,2026-02-25,2026-03-11,LATE,-5.0,26.68056,2.668056,0.0,24.012504,2026-03
64808,10,3132,MEDLINE CURAD NASAL TUBE HOLDER CURNASTUB50,MEDL      ,"Medline Industries, Inc.",40.0,5.5,220.0,2025-12-08,2026-03-06,14,2026-02-25,2026-03-11,LATE,-5.0,53.36112,5.336112,0.0,48.025008,2026-03
64810,10,3132,MEDLINE CURAD NASAL TUBE HOLDER CURNASTUB50,MEDL      ,"Medline Industries, Inc.",60.0,5.5,330.0,2025-12-08,2026-03-06,14,2026-02-25,2026-03-11,LATE,-5.0,80.04168,8.004168,0.0,72.03751199999999,2026-03
64811,10,3132,MEDLINE CURAD NASAL TUBE HOLDER CURNASTUB50,MEDL      ,"Medline Industries, Inc.",60.0,5.5,330.0,2025-12-08,2026-03-06,14,2026-02-25,2026-03-11,LATE,-5.0,80.04168,8.004168,0.0,72.03751199999999,2026-03
64812,10,3132,MEDLINE CURAD NASAL TUBE HOLDER CURNASTUB50,MEDL      ,"Medline Industries, Inc.",100.0,5.5,550.0,2025-12-08,2026-03-06,14,2026-02-25,2026-03-11,LATE,-5.0,133.4028,13.340280000000002,0.0,120.06252,2026-03
64813,10,3132,MEDLINE CURAD NASAL TUBE HOLDER CURNASTUB50,MEDL      ,"Medline Industries, Inc.",40.0,5.5,220.0,2025-12-08,2026-03-06,14,2026-02-25,2026-03-11,LATE,-5.0,53.36112,5.336112,0.0,48.025008,2026-03
64814,10,3132,MEDLINE CURAD NASAL TUBE HOLDER CURNASTUB50,MEDL      ,"Medline Industries, Inc.",30.0,5.5,165.0,2025-12-08,2026-03-06,14,2026-02-25,2026-03-11,LATE,-5.0,40.02084,4.002084,0.0,36.018755999999996,2026-03
64815,10,3132,MEDLINE CURAD NASAL TUBE HOLDER CURNASTUB50,MEDL      ,"Medline Industries, Inc.",20.0,5.5,110.0,2025-12-08,2026-03-06,14,2026-02-25,2026-03-11,LATE,-5.0,26.68056,2.668056,0.0,24.012504,2026-03
64853,10,3132,MEDLINE CURAD NASAL TUBE HOLDER CURNASTUB50,MEDL      ,"Medline Industries, Inc.",30.0,5.5,165.0,2026-01-02,2026-03-31,14,2026-02-25,2026-03-11,ON_TIME,20.0,40.02084,0.0,3.0,37.02084,2026-03
64854,10,3132,MEDLINE CURAD NASAL TUBE HOLDER CURNASTUB50,MEDL      ,"Medline Industries, Inc.",90.0,5.5,495.0,2026-01-02,2026-03-31,14,2026-02-25,2026-03-11,ON_TIME,20.0,120.06252,0.0,9.0,111.06252,2026-03
64858,10,3132,MEDLINE CURAD NASAL TUBE HOLDER CURNASTUB50,MEDL      ,"Medline Industries, Inc.",30.0,5.5,165.0,2026-01-05,2026-04-01,14,2026-02-25,2026-03-11,ON_TIME,21.0,40.02084,0.0,3.15,36.87084,2026-03
64860,10,3132,MEDLINE CURAD NASAL TUBE HOLDER CURNASTUB50,MEDL      ,"Medline Industries, Inc.",60.0,5.5,330.0,2026-01-05,2026-04-01,14,2026-02-25,2026-03-11,ON_TIME,21.0,80.04168,0.0,6.3,73.74168,2026-03
64861,10,3132,MEDLINE CURAD NASAL TUBE HOLDER CURNASTUB50,MEDL      ,"Medline Industries, Inc.",90.0,5.5,495.0,2026-01-05,2026-04-01,14,2026-02-25,2026-03-11,ON_TIME,21.0,120.06252,0.0,9.450000000000001,110.61252,2026-03
64862,10,3132,MEDLINE CURAD NASAL TUBE HOLDER CURNASTUB50,MEDL      ,"Medline Industries, Inc.",10.0,5.5,55.0,2026-01-05,2026-04-01,14,2026-02-25,2026-03-11,ON_TIME,21.0,13.34028,0.0,1.05,12.29028,2026-03
64863,10,3132,MEDLINE CURAD NASAL TUBE HOLDER CURNASTUB50,MEDL      ,"Medline Industries, Inc.",180.0,5.5,990.0,2026-01-05,2026-04-01,14,2026-02-25,2026-03-11,ON_TIME,21.0,240.12504,0.0,18.900000000000002,221.22504,2026-03
64864,10,3132,MEDLINE CURAD NASAL TUBE HOLDER CURNASTUB50,MEDL      ,"Medline Industries, Inc.",50.0,5.5,275.0,2026-01-05,2026-04-01,14,2026-02-25,2026-03-11,ON_TIME,21.0,66.7014,0.0,5.25,61.45140000000001,2026-03
64865,10,3132,MEDLINE CURAD NASAL TUBE HOLDER CURNASTUB50,MEDL      ,"Medline Industries, Inc.",20.0,5.5,110.0,2026-01-05,2026-04-01,14,2026-02-25,2026-03-11,ON_TIME,21.0,26.68056,0.0,2.1,24.58056,2026-03
64866,10,3132,MEDLINE CURAD NASAL TUBE HOLDER CURNASTUB50,MEDL      ,"Medline Industries, Inc.",40.0,5.5,220.0,2026-01-05,2026-04-01,14,2026-02-25,2026-03-11,ON_TIME,21.0,53.36112,0.0,4.2,49.16112,2026-03
64867,10,3132,MEDLINE CURAD NASAL TUBE HOLDER CURNASTUB50,MEDL      ,"Medline Industries, Inc.",50.0,5.5,275.0,2026-01-05,2026-04-01,14,2026-02-25,2026-03-11,ON_TIME,21.0,66.7014,0.0,5.25,61.45140000000001,2026-03
64868,10,3132,MEDLINE CURAD NASAL TUBE HOLDER CURNASTUB50,MEDL      ,"Medline Industries, Inc.",10.0,5.5,55.0,2026-01-05,2026-04-01,14,2026-02-25,2026-03-11,ON_TIME,21.0,13.34028,0.0,1.05,12.29028,2026-03
64869,10,3132,MEDLINE CURAD NASAL TUBE HOLDER CURNASTUB50,MEDL      ,"Medline Industries, Inc.",70.0,5.5,385.0,2026-01-05,2026-04-01,14,2026-02-25,2026-03-11,ON_TIME,21.0,93.38196,0.0,7.3500000000000005,86.03196000000001,2026-03
64870,10,3132,MEDLINE CURAD NASAL TUBE HOLDER CURNASTUB50,MEDL      ,"Medline Industries, Inc.",170.0,5.5,935.0,2026-01-05,2026-04-01,14,2026-02-25,2026-03-11,ON_TIME,21.0,226.78476,0.0,17.85,208.93476,2026-03
64904,10,3132,MEDLINE CURAD NASAL TUBE HOLDER CURNASTUB50,MEDL      ,"Medline Industries, Inc.",20.0,5.5,110.0,2026-01-19,2026-04-14,14,2026-02-25,2026-03-11,ON_TIME,34.0,26.68056,0.0,3.4,23.28056,2026-03
64905,10,3132,MEDLINE CURAD NASAL TUBE HOLDER CURNASTUB50,MEDL      ,"Medline Industries, Inc.",10.0,5.5,55.0,2026-01-19,2026-04-14,14,2026-02-25,2026-03-11,ON_TIME,34.0,13.34028,0.0,1.7,11.64028,2026-03
64906,10,3132,MEDLINE CURAD NASAL TUBE HOLDER CURNASTUB50,MEDL      ,"Medline Industries, Inc.",10.0,5.5,55.0,2026-01-19,2026-04-14,14,2026-02-25,2026-03-11,ON_TIME,34.0,13.34028,0.0,1.7,11.64028,2026-03
64907,10,3132,MEDLINE CURAD NASAL TUBE HOLDER CURNASTUB50,MEDL      ,"Medline Industries, Inc.",30.0,5.5,165.0,2026-01-19,2026-04-14,14,2026-02-25,2026-03-11,ON_TIME,34.0,40.02084,0.0,5.1000000000000005,34.92084,2026-03
64909,10,3132,MEDLINE CURAD NASAL TUBE HOLDER CURNASTUB50,MEDL      ,"Medline Industries, Inc.",10.0,5.5,55.0,2026-01-19,2026-04-14,14,2026-02-25,2026-03-11,ON_TIME,34.0,13.34028,0.0,1.7,11.64028,2026-03
64912,10,3132,MEDLINE CURAD NASAL TUBE HOLDER CURNASTUB50,MEDL      ,"Medline Industries, Inc.",10.0,5.5,55.0,2026-01-19,2026-04-14,14,2026-02-25,2026-03-11,ON_TIME,34.0,13.34028,0.0,1.7,11.64028,2026-03
64913,10,3132,MEDLINE CURAD NASAL TUBE HOLDER CURNASTUB50,MEDL      ,"Medline Industries, Inc.",10.0,5.5,55.0,2026-01-19,2026-04-14,14,2026-02-25,2026-03-11,ON_TIME,34.0,13.34028,0.0,1.7,11.64028,2026-03
64915,10,3132,MEDLINE CURAD NASAL TUBE HOLDER CURNASTUB50,MEDL      ,"Medline Industries, Inc.",10.0,5.5,55.0,2026-01-19,2026-04-14,14,2026-02-25,2026-03-11,ON_TIME,34.0,13.34028,0.0,1.7,11.64028,2026-03
64940,10,3132,MEDLINE CURAD NASAL TUBE HOLDER CURNASTUB50,MEDL      ,"Medline Industries, Inc.",40.0,5.5,220.0,2026-02-02,2026-04-28,14,2026-02-25,2026-03-11,ON_TIME,48.0,53.36112,0.0,9.6,43.76112,2026-03
64942,10,3132,MEDLINE CURAD NASAL TUBE HOLDER CURNASTUB50,MEDL      ,"Medline Industries, Inc.",40.0,5.5,220.0,2026-02-02,2026-04-28,14,2026-02-25,2026-03-11,ON_TIME,48.0,53.36112,0.0,9.6,43.76112,2026-03
64944,10,3132,MEDLINE CURAD NASAL TUBE HOLDER CURNASTUB50,MEDL      ,"Medline Industries, Inc.",70.0,5.5,385.0,2026-02-02,2026-04-28,14,2026-02-25,2026-03-11,ON_TIME,48.0,93.38196,0.0,16.8,76.58196000000001,2026-03
64945,10,3132,MEDLINE CURAD NASAL TUBE HOLDER CURNASTUB50,MEDL      ,"Medline Industries, Inc.",80.0,5.5,440.0,2026-02-02,2026-04-28,14,2026-02-25,2026-03-11,ON_TIME,48.0,106.72224,0.0,19.2,87.52224,2026-03
64946,10,3132,MEDLINE CURAD NASAL TUBE HOLDER CURNASTUB50,MEDL      ,"Medline Industries, Inc.",60.0,5.5,330.0,2026-02-02,2026-04-28,14,2026-02-25,2026-03-11,ON_TIME,48.0,80.04168,0.0,14.4,65.64168,2026-03
64947,10,3132,MEDLINE CURAD NASAL TUBE HOLDER CURNASTUB50,MEDL      ,"Medline Industries, Inc.",30.0,5.5,165.0,2026-02-02,2026-04-28,14,2026-02-25,2026-03-11,ON_TIME,48.0,40.02084,0.0,7.2,32.82084,2026-03
64951,10,3132,MEDLINE CURAD NASAL TUBE HOLDER CURNASTUB50,MEDL      ,"Medline Industries, Inc.",100.0,5.5,550.0,2026-02-02,2026-04-28,14,2026-02-25,2026-03-11,ON_TIME,48.0,133.4028,0.0,24.0,109.40280000000001,2026-03
64952,10,3132,MEDLINE CURAD NASAL TUBE HOLDER CURNASTUB50,MEDL      ,"Medline Industries, Inc.",20.0,5.5,110.0,2026-02-02,2026-04-28,14,2026-02-25,2026-03-11,ON_TIME,48.0,26.68056,0.0,4.8,21.88056,2026-03
64953,10,3132,MEDLINE CURAD NASAL TUBE HOLDER CURNASTUB50,MEDL      ,"Medline Industries, Inc.",40.0,5.5,220.0,2026-02-02,2026-04-28,14,2026-02-25,2026-03-11,ON_TIME,48.0,53.36112,0.0,9.6,43.76112,2026-03
64996,10,3132,MEDLINE CURAD NASAL TUBE HOLDER CURNASTUB50,MEDL      ,"Medline Industries, Inc.",20.0,5.5,110.0,2026-02-16,2026-05-11,14,2026-02-25,2026-03-11,ON_TIME,61.0,26.68056,0.0,6.1000000000000005,20.58056,2026-03
64997,10,3132,MEDLINE CURAD NASAL TUBE HOLDER CURNASTUB50,MEDL      ,"Medline Industries, Inc.",10.0,5.5,55.0,2026-02-16,2026-05-11,14,2026-02-25,2026-03-11,ON_TIME,61.0,13.34028,0.0,3.0500000000000003,10.29028,2026-03
64998,10,3132,MEDLINE CURAD NASAL TUBE HOLDER CURNASTUB50,MEDL      ,"Medline Industries, Inc.",20.0,5.5,110.0,2026-02-16,2026-05-11,14,2026-02-25,2026-03-11,ON_TIME,61.0,26.68056,0.0,6.1000000000000005,20.58056,2026-03
65000,10,3132,MEDLINE CURAD NASAL TUBE HOLDER CURNASTUB50,MEDL      ,"Medline Industries, Inc.",20.0,5.5,110.0,2026-02-16,2026-05-11,14,2026-02-25,2026-03-11,ON_TIME,61.0,26.68056,0.0,6.1000000000000005,20.58056,2026-03
65002,10,3132,MEDLINE CURAD NASAL TUBE HOLDER CURNASTUB50,MEDL      ,"Medline Industries, Inc.",20.0,5.5,110.0,2026-02-16,2026-05-11,14,2026-02-25,2026-03-11,ON_TIME,61.0,26.68056,0.0,6.1000000000000005,20.58056,2026-03
64983,1,3423,"MPM Cool Magic Gel Sheet 3.75""x3.75"" OL MP00206",MPM       ,"MPM Medical, Inc.",24000.0,2.07,49680.0,2026-02-11,2026-05-11,14,2026-04-27,2026-05-11,ON_TIME,0.0,13616.375999999997,-0.0,0.0,13616.375999999997,2026-05
64682,1,3424,"MPM Cool Magic Gel Sheet 6.0""x8.0"" OL MP00208",MPM       ,"MPM Medical, Inc.",10000.0,6.3,63000.0,2025-10-14,,14,2026-02-25,2026-03-11,NO_DEADLINE,,14266.97,-0.0,0.0,14266.97,2026-03
64980,1,3424,"MPM Cool Magic Gel Sheet 6.0""x8.0"" OL MP00208",MPM       ,"MPM Medical, Inc.",10000.0,6.3,63000.0,2026-02-09,,14,2026-02-25,2026-03-11,NO_DEADLINE,,14266.97,-0.0,0.0,14266.97,2026-03
64926,1,3693,ARGENTUM 3x4 PRTD ISLAND DRSG BULK,ARGENTUM  ,"Argentum Medical, LLC",35000.0,0.62,21700.0,2026-01-22,2026-02-27,14,2026-02-25,2026-03-11,LATE,-12.0,14746.97,3539.2727999999997,0.0,11207.697199999999,2026-03
64792,1,3752,MPM 4 x 5 THIN FILM DRESSING STERILE MP00470,MPM       ,"MPM Medical, Inc.",400.0,149.15,59660.0,2025-12-04,,0,2026-02-25,2026-02-25,NO_DEADLINE,,13688.842,-0.0,0.0,13688.842,2026-02
64684,1,3843,DeRoyal Episeal Tan 3 Inch Non-Reinforced Material,DEROYAL   ,DeRoyal Accounts Payable Dept,28000.0,0.396,11088.0,2025-10-14,2026-01-12,0,2026-02-25,2026-02-25,LATE,-44.0,7710.752,6785.46176,0.0,925.2902400000003,2026-02
64680,3,3849,MEDISTRIP 1/4 IN X 1.5 IN BULK NON-STERILE,MEDL SLOV ,Medline Assembly Slovakia S.R.O,1.0,165.0,165.0,2025-10-14,,14,2026-02-25,2026-03-11,NO_DEADLINE,,4.008499999999998,-0.0,0.0,4.008499999999998,2026-03
64798,1,3849,MEDISTRIP 1/4 IN X 1.5 IN BULK NON-STERILE,MEDL SLOV ,Medline Assembly Slovakia S.R.O,2.0,165.0,330.0,2025-12-08,2026-02-18,14,2026-02-25,2026-03-11,LATE,-21.0,8.016999999999996,3.3671399999999982,0.0,4.649859999999998,2026-03
64845,1,3849,MEDISTRIP 1/4 IN X 1.5 IN BULK NON-STERILE,MEDL SLOV ,Medline Assembly Slovakia S.R.O,5.0,165.0,825.0,2025-12-29,2026-01-25,14,2026-02-25,2026-03-11,LATE,-45.0,20.04249999999999,18.03824999999999,0.0,2.004249999999999,2026-03
64902,1,3849,MEDISTRIP 1/4 IN X 1.5 IN BULK NON-STERILE,MEDL SLOV ,Medline Assembly Slovakia S.R.O,2.0,165.0,330.0,2026-01-19,2026-03-29,14,2026-02-25,2026-03-11,ON_TIME,18.0,8.016999999999996,0.0,0.18,7.836999999999996,2026-03
64971,1,3849,MEDISTRIP 1/4 IN X 1.5 IN BULK NON-STERILE,MEDL SLOV ,Medline Assembly Slovakia S.R.O,1.0,165.0,165.0,2026-02-05,2026-04-12,14,2026-02-25,2026-03-11,ON_TIME,32.0,4.008499999999998,0.0,0.16,3.848499999999998,2026-03
64974,1,3849,MEDISTRIP 1/4 IN X 1.5 IN BULK NON-STERILE,MEDL EURO ,Medline Assembly France SAS,1.0,165.0,165.0,2026-02-06,2026-04-13,14,2026-02-25,2026-03-11,ON_TIME,33.0,4.008499999999998,0.0,0.165,3.843499999999998,2026-03
64680,1,3850,MEDISTRIP 1/2 IN X 4 IN BULK NONSTERILE 3/CD,MEDL SLOV ,Medline Assembly Slovakia S.R.O,2.0,1943.0,3886.0,2025-10-14,,14,2026-02-25,2026-03-11,NO_DEADLINE,,1509.4444560000002,-0.0,0.0,1509.4444560000002,2026-03
64689,1,3850,MEDISTRIP 1/2 IN X 4 IN BULK NONSTERILE 3/CD,MEDL EURO ,Medline Assembly France SAS,3.0,1943.0,5829.0,2025-10-20,2025-12-28,14,2026-02-25,2026-03-11,LATE,-73.0,2264.1666840000003,2264.1666840000003,0.0,0.0,2026-03
64712,1,3850,MEDISTRIP 1/2 IN X 4 IN BULK NONSTERILE 3/CD,MEDL SLOV ,Medline Assembly Slovakia S.R.O,1.0,1943.0,1943.0,2025-10-27,2026-01-04,14,2026-02-25,2026-03-11,LATE,-66.0,754.7222280000001,754.7222280000001,0.0,0.0,2026-03
64761,1,3850,MEDISTRIP 1/2 IN X 4 IN BULK NONSTERILE 3/CD,MEDL EURO ,Medline Assembly France SAS,4.0,1943.0,7772.0,2025-11-18,2026-01-26,14,2026-02-25,2026-03-11,LATE,-44.0,3018.8889120000003,2656.6222425600004,0.0,362.26666944,2026-03
64798,2,3850,MEDISTRIP 1/2 IN X 4 IN BULK NONSTERILE 3/CD,MEDL SLOV ,Medline Assembly Slovakia S.R.O,2.0,1943.0,3886.0,2025-12-08,2026-02-18,14,2026-02-25,2026-03-11,LATE,-21.0,1509.4444560000002,633.9666715200001,0.0,875.4777844800001,2026-03
64835,1,3850,MEDISTRIP 1/2 IN X 4 IN BULK NONSTERILE 3/CD,MEDL EURO ,Medline Assembly France SAS,1.0,1943.0,1943.0,2025-12-23,2026-03-01,14,2026-02-25,2026-03-11,LATE,-10.0,754.7222280000001,150.94444560000002,0.0,603.7777824000001,2026-03
64845,2,3850,MEDISTRIP 1/2 IN X 4 IN BULK NONSTERILE 3/CD,MEDL SLOV ,Medline Assembly Slovakia S.R.O,2.0,1943.0,3886.0,2025-12-29,2026-01-25,14,2026-02-25,2026-03-11,LATE,-45.0,1509.4444560000002,1358.5000104000003,0.0,150.94444559999988,2026-03
64890,1,3850,MEDISTRIP 1/2 IN X 4 IN BULK NONSTERILE 3/CD,MEDL EURO ,Medline Assembly France SAS,2.0,1943.0,3886.0,2026-01-13,2026-03-22,14,2026-02-25,2026-03-11,ON_TIME,11.0,1509.4444560000002,0.0,0.11,1509.3344560000003,2026-03
64902,2,3850,MEDISTRIP 1/2 IN X 4 IN BULK NONSTERILE 3/CD,MEDL SLOV ,Medline Assembly Slovakia S.R.O,4.0,1943.0,7772.0,2026-01-19,2026-03-29,14,2026-02-25,2026-03-11,ON_TIME,18.0,3018.8889120000003,0.0,0.36,3018.528912,2026-03
64971,2,3850,MEDISTRIP 1/2 IN X 4 IN BULK NONSTERILE 3/CD,MEDL SLOV ,Medline Assembly Slovakia S.R.O,3.0,1943.0,5829.0,2026-02-05,2026-04-12,14,2026-02-25,2026-03-11,ON_TIME,32.0,2264.1666840000003,0.0,0.48,2263.6866840000002,2026-03
64974,2,3850,MEDISTRIP 1/2 IN X 4 IN BULK NONSTERILE 3/CD,MEDL EURO ,Medline Assembly France SAS,4.0,1943.0,7772.0,2026-02-06,2026-04-13,14,2026-02-25,2026-03-11,ON_TIME,33.0,3018.8889120000003,0.0,0.66,3018.2289120000005,2026-03
64689,2,3851,MEDISTRIP 1/4 IN X 4 IN BULK NON-STERILE 5/CD,MEDL EURO ,Medline Assembly France SAS,2.0,195.0,390.0,2025-10-20,2025-12-28,14,2026-02-25,2026-03-11,LATE,-73.0,-11.602495999999974,-11.602495999999974,0.0,0.0,2026-03
64712,2,3851,MEDISTRIP 1/4 IN X 4 IN BULK NON-STERILE 5/CD,MEDL SLOV ,Medline Assembly Slovakia S.R.O,3.0,195.0,585.0,2025-10-27,2026-01-04,14,2026-02-25,2026-03-11,LATE,-66.0,-17.40374399999996,-17.40374399999996,0.0,0.0,2026-03
64761,2,3851,MEDISTRIP 1/4 IN X 4 IN BULK NON-STERILE 5/CD,MEDL EURO ,Medline Assembly France SAS,3.0,195.0,585.0,2025-11-18,2026-01-26,14,2026-02-25,2026-03-11,LATE,-44.0,-17.40374399999996,-15.315294719999965,0.0,-2.0884492799999954,2026-03
64798,3,3851,MEDISTRIP 1/4 IN X 4 IN BULK NON-STERILE 5/CD,MEDL SLOV ,Medline Assembly Slovakia S.R.O,3.0,195.0,585.0,2025-12-08,2026-02-18,14,2026-02-25,2026-03-11,LATE,-21.0,-17.40374399999996,-7.309572479999983,0.0,-10.094171519999978,2026-03
64835,2,3851,MEDISTRIP 1/4 IN X 4 IN BULK NON-STERILE 5/CD,MEDL EURO ,Medline Assembly France SAS,1.0,195.0,195.0,2025-12-23,2026-03-01,14,2026-02-25,2026-03-11,LATE,-10.0,-5.801247999999987,-1.1602495999999973,0.0,-4.640998399999989,2026-03
64845,3,3851,MEDISTRIP 1/4 IN X 4 IN BULK NON-STERILE 5/CD,MEDL SLOV ,Medline Assembly Slovakia S.R.O,2.0,195.0,390.0,2025-12-29,2026-01-25,14,2026-02-25,2026-03-11,LATE,-45.0,-11.602495999999974,-10.442246399999977,0.0,-1.1602495999999967,2026-03
64890,2,3851,MEDISTRIP 1/4 IN X 4 IN BULK NON-STERILE 5/CD,MEDL EURO ,Medline Assembly France SAS,4.0,195.0,780.0,2026-01-13,2026-03-22,14,2026-02-25,2026-03-11,ON_TIME,11.0,-23.204991999999947,-0.0,0.22,-23.424991999999946,2026-03
64902,3,3851,MEDISTRIP 1/4 IN X 4 IN BULK NON-STERILE 5/CD,MEDL SLOV ,Medline Assembly Slovakia S.R.O,2.0,195.0,390.0,2026-01-19,2026-03-29,14,2026-02-25,2026-03-11,ON_TIME,18.0,-11.602495999999974,-0.0,0.18,-11.782495999999973,2026-03
64971,3,3851,MEDISTRIP 1/4 IN X 4 IN BULK NON-STERILE 5/CD,MEDL SLOV ,Medline Assembly Slovakia S.R.O,1.0,195.0,195.0,2026-02-05,2026-04-12,14,2026-02-25,2026-03-11,ON_TIME,32.0,-5.801247999999987,-0.0,0.16,-5.961247999999987,2026-03
64974,3,3851,MEDISTRIP 1/4 IN X 4 IN BULK NON-STERILE 5/CD,MEDL EURO ,Medline Assembly France SAS,5.0,195.0,975.0,2026-02-06,2026-04-13,14,2026-02-25,2026-03-11,ON_TIME,33.0,-29.00623999999993,-0.0,0.8250000000000001,-29.83123999999993,2026-03
64689,3,3852,MEDISTRIP 1/4 IN X 3 IN BULK NON-STERILE,MEDL EURO ,Medline Assembly France SAS,1.0,119.0,119.0,2025-10-20,2025-12-28,14,2026-02-25,2026-03-11,LATE,-73.0,50.6335,50.6335,0.0,0.0,2026-03
64712,3,3852,MEDISTRIP 1/4 IN X 3 IN BULK NON-STERILE,MEDL SLOV ,Medline Assembly Slovakia S.R.O,1.0,119.0,119.0,2025-10-27,2026-01-04,14,2026-02-25,2026-03-11,LATE,-66.0,50.6335,50.6335,0.0,0.0,2026-03
64761,3,3852,MEDISTRIP 1/4 IN X 3 IN BULK NON-STERILE,MEDL EURO ,Medline Assembly France SAS,1.0,119.0,119.0,2025-11-18,2026-01-26,14,2026-02-25,2026-03-11,LATE,-44.0,50.6335,44.55748,0.0,6.07602,2026-03
64890,3,3852,MEDISTRIP 1/4 IN X 3 IN BULK NON-STERILE,MEDL EURO ,Medline Assembly France SAS,1.0,119.0,119.0,2026-01-13,2026-03-22,14,2026-02-25,2026-03-11,ON_TIME,11.0,50.6335,0.0,0.055,50.5785,2026-03
64902,4,3852,MEDISTRIP 1/4 IN X 3 IN BULK NON-STERILE,MEDL SLOV ,Medline Assembly Slovakia S.R.O,4.0,119.0,476.0,2026-01-19,2026-03-29,14,2026-02-25,2026-03-11,ON_TIME,18.0,202.534,0.0,0.36,202.17399999999998,2026-03
64971,4,3852,MEDISTRIP 1/4 IN X 3 IN BULK NON-STERILE,MEDL SLOV ,Medline Assembly Slovakia S.R.O,3.0,119.0,357.0,2026-02-05,2026-04-12,14,2026-02-25,2026-03-11,ON_TIME,32.0,151.9005,0.0,0.48,151.4205,2026-03
64974,4,3852,MEDISTRIP 1/4 IN X 3 IN BULK NON-STERILE,MEDL EURO ,Medline Assembly France SAS,1.0,119.0,119.0,2026-02-06,2026-04-13,14,2026-02-25,2026-03-11,ON_TIME,33.0,50.6335,0.0,0.165,50.4685,2026-03
64680,2,3853,MEDISTRIP 1 IN X 4 IN BULK NON-STERILE,MEDL SLOV ,Medline Assembly Slovakia S.R.O,3.0,196.5,589.5,2025-10-14,,14,2026-02-25,2026-03-11,NO_DEADLINE,,187.528545,-0.0,0.0,187.528545,2026-03
64712,4,3853,MEDISTRIP 1 IN X 4 IN BULK NON-STERILE,MEDL SLOV ,Medline Assembly Slovakia S.R.O,4.0,196.5,786.0,2025-10-27,2026-01-04,14,2026-02-25,2026-03-11,LATE,-66.0,250.03806,250.03806,0.0,0.0,2026-03
64761,4,3853,MEDISTRIP 1 IN X 4 IN BULK NON-STERILE,MEDL EURO ,Medline Assembly France SAS,1.0,196.5,196.5,2025-11-18,2026-01-26,14,2026-02-25,2026-03-11,LATE,-44.0,62.50951499999999,55.008373199999994,0.0,7.501141799999999,2026-03
64798,4,3853,MEDISTRIP 1 IN X 4 IN BULK NON-STERILE,MEDL SLOV ,Medline Assembly Slovakia S.R.O,6.0,196.5,1179.0,2025-12-08,2026-02-18,14,2026-02-25,2026-03-11,LATE,-21.0,375.05709,157.5239778,0.0,217.5331122,2026-03
64835,3,3853,MEDISTRIP 1 IN X 4 IN BULK NON-STERILE,MEDL EURO ,Medline Assembly France SAS,1.0,196.5,196.5,2025-12-23,2026-03-01,14,2026-02-25,2026-03-11,LATE,-10.0,62.50951499999999,12.501902999999999,0.0,50.007611999999995,2026-03
64845,4,3853,MEDISTRIP 1 IN X 4 IN BULK NON-STERILE,MEDL SLOV ,Medline Assembly Slovakia S.R.O,2.0,196.5,393.0,2025-12-29,2026-01-25,14,2026-02-25,2026-03-11,LATE,-45.0,125.01903,112.517127,0.0,12.501902999999999,2026-03
64902,5,3853,MEDISTRIP 1 IN X 4 IN BULK NON-STERILE,MEDL SLOV ,Medline Assembly Slovakia S.R.O,6.0,196.5,1179.0,2026-01-19,2026-03-29,14,2026-02-25,2026-03-11,ON_TIME,18.0,375.05709,0.0,0.54,374.51709,2026-03
64971,5,3853,MEDISTRIP 1 IN X 4 IN BULK NON-STERILE,MEDL SLOV ,Medline Assembly Slovakia S.R.O,5.0,196.5,982.5,2026-02-05,2026-04-12,14,2026-02-25,2026-03-11,ON_TIME,32.0,312.54757499999994,0.0,0.8,311.7475749999999,2026-03
64974,5,3853,MEDISTRIP 1 IN X 4 IN BULK NON-STERILE,MEDL EURO ,Medline Assembly France SAS,2.0,196.5,393.0,2026-02-06,2026-04-13,14,2026-02-25,2026-03-11,ON_TIME,33.0,125.01903,0.0,0.33,124.68903,2026-03
64824,1,3917,KOB MEDICAL WC STRIPS 1/2 X 4 BULK NS 3/CD 46070945,KOB       ,KOB Medical Devices (Deutschland)GmbH,10.0,1925.0,19250.0,2025-12-11,2026-04-15,14,2026-04-01,2026-04-15,ON_TIME,0.0,8028.055830000001,-0.0,0.0,8028.055830000001,2026-04
64825,1,3917,KOB MEDICAL WC STRIPS 1/2 X 4 BULK NS 3/CD 46070945,KOB       ,KOB Medical Devices (Deutschland)GmbH,10.0,1925.0,19250.0,2025-12-11,2026-05-15,14,2026-04-01,2026-04-15,ON_TIME,30.0,8028.055830000001,0.0,1.5,8026.555830000001,2026-04
64559,1,3958,Harmac Filter Disc P3113306 Rev E,HARM IRE  ,Harmac Medical Products,202500.0,0.27,54675.0,2025-09-12,2026-03-06,0,2026-02-25,2026-02-25,ON_TIME,9.0,28557.1575,0.0,9112.5,19444.6575,2026-02
64781,1,3958,Harmac Filter Disc P3113306 Rev E,HARMAC    ,"Harmac Medical Products, Inc",108000.0,0.27,29160.0,2025-11-24,2026-02-23,0,2026-02-25,2026-02-25,LATE,-2.0,15230.484,609.21936,0.0,14621.264640000001,2026-02
64816,1,3958,Harmac Filter Disc P3113306 Rev E,HARM IRE  ,Harmac Medical Products,202500.0,0.27,54675.0,2025-12-09,2026-04-05,0,2026-02-25,2026-02-25,ON_TIME,39.0,28557.1575,0.0,39487.5,-10930.342499999999,2026-02
64880,1,3958,Harmac Filter Disc P3113306 Rev E,HARMAC    ,"Harmac Medical Products, Inc",108000.0,0.27,29160.0,2026-01-08,2026-05-08,0,2026-02-25,2026-02-25,ON_TIME,72.0,15230.484,0.0,38880.0,-23649.516,2026-02
64893,1,3958,Harmac Filter Disc P3113306 Rev E,HARM IRE  ,Harmac Medical Products,202500.0,0.27,54675.0,2026-01-13,2026-06-06,0,2026-02-25,2026-02-25,ON_TIME,101.0,28557.1575,0.0,102262.5,-73705.3425,2026-02
64769,1,4152,"McKESSON 61-82044 DRESSING, HYDROGEL SHEET STR LF 4X4",MCKESSON  ,McKesson Medical Surgical,1200.0,87.07,104484.0,2025-11-20,2025-12-05,0,2026-02-25,2026-02-25,LATE,-82.0,18490.645199999988,18490.645199999988,0.0,0.0,2026-02
64925,1,4191,"ARGENTUM 4 X 8 PRTD ISLAND DRESSING, NS, ID-48",ARGENTUM  ,"Argentum Medical, LLC",25000.0,0.68,17000.0,2026-01-21,2026-03-27,0,2026-03-27,2026-03-27,ON_TIME,0.0,8115.725,-0.0,0.0,8115.725,2026-03
64484,10,4357,CURAD MEDIPLAST WART REMOVER CUR01496,MEDL      ,"Medline Industries, Inc.",56.0,57.96,3245.76,2025-08-18,2025-11-13,0,2026-02-25,2026-02-25,LATE,-104.0,1277.989664,1277.989664,0.0,0.0,2026-02
64485,10,4357,CURAD MEDIPLAST WART REMOVER CUR01496,MEDL      ,"Medline Industries, Inc.",140.0,57.96,8114.4,2025-08-18,2025-11-13,0,2026-02-25,2026-02-25,LATE,-104.0,3194.97416,3194.97416,0.0,0.0,2026-02
64486,10,4357,CURAD MEDIPLAST WART REMOVER CUR01496,MEDL      ,"Medline Industries, Inc.",56.0,57.96,3245.76,2025-08-18,2025-11-13,0,2026-02-25,2026-02-25,LATE,-104.0,1277.989664,1277.989664,0.0,0.0,2026-02
64522,10,4357,CURAD MEDIPLAST WART REMOVER CUR01496,MEDL      ,"Medline Industries, Inc.",182.0,57.96,10548.72,2025-09-02,2025-11-28,0,2026-02-25,2026-02-25,LATE,-89.0,4153.466408,4153.466408,0.0,0.0,2026-02
64523,10,4357,CURAD MEDIPLAST WART REMOVER CUR01496,MEDL      ,"Medline Industries, Inc.",70.0,57.96,4057.2,2025-09-02,2025-11-28,0,2026-02-25,2026-02-25,LATE,-89.0,1597.48708,1597.48708,0.0,0.0,2026-02
64524,10,4357,CURAD MEDIPLAST WART REMOVER CUR01496,MEDL      ,"Medline Industries, Inc.",14.0,57.96,811.44,2025-09-02,2025-11-28,0,2026-02-25,2026-02-25,LATE,-89.0,319.497416,319.497416,0.0,0.0,2026-02
64526,10,4357,CURAD MEDIPLAST WART REMOVER CUR01496,MEDL      ,"Medline Industries, Inc.",28.0,57.96,1622.88,2025-09-02,2025-11-28,0,2026-02-25,2026-02-25,LATE,-89.0,638.994832,638.994832,0.0,0.0,2026-02
64527,10,4357,CURAD MEDIPLAST WART REMOVER CUR01496,MEDL      ,"Medline Industries, Inc.",294.0,57.96,17040.24,2025-09-02,2025-11-28,0,2026-02-25,2026-02-25,LATE,-89.0,6709.445736,6709.445736,0.0,0.0,2026-02
64531,10,4357,CURAD MEDIPLAST WART REMOVER CUR01496,MEDL      ,"Medline Industries, Inc.",14.0,57.96,811.44,2025-09-02,2025-11-28,0,2026-02-25,2026-02-25,LATE,-89.0,319.497416,319.497416,0.0,0.0,2026-02
64532,10,4357,CURAD MEDIPLAST WART REMOVER CUR01496,MEDL      ,"Medline Industries, Inc.",28.0,57.96,1622.88,2025-09-02,2025-11-28,0,2026-02-25,2026-02-25,LATE,-89.0,638.994832,638.994832,0.0,0.0,2026-02
64533,10,4357,CURAD MEDIPLAST WART REMOVER CUR01496,MEDL      ,"Medline Industries, Inc.",210.0,57.96,12171.6,2025-09-02,2025-11-28,0,2026-02-25,2026-02-25,LATE,-89.0,4792.46124,4792.46124,0.0,0.0,2026-02
64534,10,4357,CURAD MEDIPLAST WART REMOVER CUR01496,MEDL      ,"Medline Industries, Inc.",14.0,57.96,811.44,2025-09-02,2025-11-28,0,2026-02-25,2026-02-25,LATE,-89.0,319.497416,319.497416,0.0,0.0,2026-02
64535,10,4357,CURAD MEDIPLAST WART REMOVER CUR01496,MEDL      ,"Medline Industries, Inc.",14.0,57.96,811.44,2025-09-02,2025-11-28,0,2026-02-25,2026-02-25,LATE,-89.0,319.497416,319.497416,0.0,0.0,2026-02
64536,10,4357,CURAD MEDIPLAST WART REMOVER CUR01496,MEDL      ,"Medline Industries, Inc.",28.0,57.96,1622.88,2025-09-02,2025-11-28,0,2026-02-25,2026-02-25,LATE,-89.0,638.994832,638.994832,0.0,0.0,2026-02
64538,10,4357,CURAD MEDIPLAST WART REMOVER CUR01496,MEDL      ,"Medline Industries, Inc.",14.0,57.96,811.44,2025-09-02,2025-11-28,0,2026-02-25,2026-02-25,LATE,-89.0,319.497416,319.497416,0.0,0.0,2026-02
64539,10,4357,CURAD MEDIPLAST WART REMOVER CUR01496,MEDL      ,"Medline Industries, Inc.",42.0,57.96,2434.32,2025-09-02,2025-11-28,0,2026-02-25,2026-02-25,LATE,-89.0,958.492248,958.492248,0.0,0.0,2026-02
64565,10,4357,CURAD MEDIPLAST WART REMOVER CUR01496,MEDL      ,"Medline Industries, Inc.",112.0,57.96,6491.52,2025-09-15,2025-12-11,0,2026-02-25,2026-02-25,LATE,-76.0,2555.979328,2555.979328,0.0,0.0,2026-02
64567,10,4357,CURAD MEDIPLAST WART REMOVER CUR01496,MEDL      ,"Medline Industries, Inc.",126.0,57.96,7302.96,2025-09-15,2025-12-11,0,2026-02-25,2026-02-25,LATE,-76.0,2875.476744,2875.476744,0.0,0.0,2026-02
64570,10,4357,CURAD MEDIPLAST WART REMOVER CUR01496,MEDL      ,"Medline Industries, Inc.",14.0,57.96,811.44,2025-09-15,2025-12-11,0,2026-02-25,2026-02-25,LATE,-76.0,319.497416,319.497416,0.0,0.0,2026-02
64572,10,4357,CURAD MEDIPLAST WART REMOVER CUR01496,MEDL      ,"Medline Industries, Inc.",28.0,57.96,1622.88,2025-09-15,2025-12-11,0,2026-02-25,2026-02-25,LATE,-76.0,638.994832,638.994832,0.0,0.0,2026-02
64573,10,4357,CURAD MEDIPLAST WART REMOVER CUR01496,MEDL      ,"Medline Industries, Inc.",98.0,57.96,5680.08,2025-09-15,2025-12-11,0,2026-02-25,2026-02-25,LATE,-76.0,2236.481912,2236.481912,0.0,0.0,2026-02
64625,10,4357,CURAD MEDIPLAST WART REMOVER CUR01496,MEDL      ,"Medline Industries, Inc.",56.0,57.96,3245.76,2025-09-29,2025-12-26,0,2026-02-25,2026-02-25,LATE,-61.0,1277.989664,1277.989664,0.0,0.0,2026-02
64626,10,4357,CURAD MEDIPLAST WART REMOVER CUR01496,MEDL      ,"Medline Industries, Inc.",28.0,57.96,1622.88,2025-09-30,2025-12-29,0,2026-02-25,2026-02-25,LATE,-58.0,638.994832,638.994832,0.0,0.0,2026-02
64627,10,4357,CURAD MEDIPLAST WART REMOVER CUR01496,MEDL      ,"Medline Industries, Inc.",182.0,57.96,10548.72,2025-09-29,2025-12-26,0,2026-02-25,2026-02-25,LATE,-61.0,4153.466408,4153.466408,0.0,0.0,2026-02
64628,10,4357,CURAD MEDIPLAST WART REMOVER CUR01496,MEDL      ,"Medline Industries, Inc.",42.0,57.96,2434.32,2025-09-30,2025-12-29,0,2026-02-25,2026-02-25,LATE,-58.0,958.492248,958.492248,0.0,0.0,2026-02
64629,10,4357,CURAD MEDIPLAST WART REMOVER CUR01496,MEDL      ,"Medline Industries, Inc.",28.0,57.96,1622.88,2025-09-30,2025-12-29,0,2026-02-25,2026-02-25,LATE,-58.0,638.994832,638.994832,0.0,0.0,2026-02
64630,10,4357,CURAD MEDIPLAST WART REMOVER CUR01496,MEDL      ,"Medline Industries, Inc.",14.0,57.96,811.44,2025-09-29,2025-12-26,0,2026-02-25,2026-02-25,LATE,-61.0,319.497416,319.497416,0.0,0.0,2026-02
64631,10,4357,CURAD MEDIPLAST WART REMOVER CUR01496,MEDL      ,"Medline Industries, Inc.",14.0,57.96,811.44,2025-09-30,2025-12-29,0,2026-02-25,2026-02-25,LATE,-58.0,319.497416,319.497416,0.0,0.0,2026-02
64632,10,4357,CURAD MEDIPLAST WART REMOVER CUR01496,MEDL      ,"Medline Industries, Inc.",182.0,57.96,10548.72,2025-09-30,2025-12-29,0,2026-02-25,2026-02-25,LATE,-58.0,4153.466408,4153.466408,0.0,0.0,2026-02
64633,10,4357,CURAD MEDIPLAST WART REMOVER CUR01496,MEDL      ,"Medline Industries, Inc.",28.0,57.96,1622.88,2025-09-30,2025-12-29,0,2026-02-25,2026-02-25,LATE,-58.0,638.994832,638.994832,0.0,0.0,2026-02
64635,10,4357,CURAD MEDIPLAST WART REMOVER CUR01496,MEDL      ,"Medline Industries, Inc.",28.0,57.96,1622.88,2025-09-29,2025-12-26,0,2026-02-25,2026-02-25,LATE,-61.0,638.994832,638.994832,0.0,0.0,2026-02
64636,10,4357,CURAD MEDIPLAST WART REMOVER CUR01496,MEDL      ,"Medline Industries, Inc.",14.0,57.96,811.44,2025-09-29,2025-12-26,0,2026-02-25,2026-02-25,LATE,-61.0,319.497416,319.497416,0.0,0.0,2026-02
64639,10,4357,CURAD MEDIPLAST WART REMOVER CUR01496,MEDL      ,"Medline Industries, Inc.",14.0,57.96,811.44,2025-09-30,2025-12-29,0,2026-02-25,2026-02-25,LATE,-58.0,319.497416,319.497416,0.0,0.0,2026-02
64641,10,4357,CURAD MEDIPLAST WART REMOVER CUR01496,MEDL      ,"Medline Industries, Inc.",182.0,57.96,10548.72,2025-09-29,2025-12-26,0,2026-02-25,2026-02-25,LATE,-61.0,4153.466408,4153.466408,0.0,0.0,2026-02
64642,10,4357,CURAD MEDIPLAST WART REMOVER CUR01496,MEDL      ,"Medline Industries, Inc.",14.0,57.96,811.44,2025-09-29,2025-12-26,0,2026-02-25,2026-02-25,LATE,-61.0,319.497416,319.497416,0.0,0.0,2026-02
64643,10,4357,CURAD MEDIPLAST WART REMOVER CUR01496,MEDL      ,"Medline Industries, Inc.",28.0,57.96,1622.88,2025-09-29,2025-12-26,0,2026-02-25,2026-02-25,LATE,-61.0,638.994832,638.994832,0.0,0.0,2026-02
64667,10,4357,CURAD MEDIPLAST WART REMOVER CUR01496,MEDL      ,"Medline Industries, Inc.",28.0,57.96,1622.88,2025-10-13,2026-01-09,0,2026-02-25,2026-02-25,LATE,-47.0,638.994832,600.65514208,0.0,38.339689919999955,2026-02
64669,10,4357,CURAD MEDIPLAST WART REMOVER CUR01496,MEDL      ,"Medline Industries, Inc.",140.0,57.96,8114.4,2025-10-13,2026-01-09,0,2026-02-25,2026-02-25,LATE,-47.0,3194.97416,3003.2757104,0.0,191.6984496,2026-02
64670,10,4357,CURAD MEDIPLAST WART REMOVER CUR01496,MEDL      ,"Medline Industries, Inc.",28.0,57.96,1622.88,2025-10-13,2026-01-09,0,2026-02-25,2026-02-25,LATE,-47.0,638.994832,600.65514208,0.0,38.339689919999955,2026-02
64672,10,4357,CURAD MEDIPLAST WART REMOVER CUR01496,MEDL      ,"Medline Industries, Inc.",14.0,57.96,811.44,2025-10-13,2026-01-09,0,2026-02-25,2026-02-25,LATE,-47.0,319.497416,300.32757104,0.0,19.169844959999978,2026-02
64673,10,4357,CURAD MEDIPLAST WART REMOVER CUR01496,MEDL      ,"Medline Industries, Inc.",84.0,57.96,4868.64,2025-10-13,2026-01-09,0,2026-02-25,2026-02-25,LATE,-47.0,1916.984496,1801.9654262400002,0.0,115.01906975999987,2026-02
64674,10,4357,CURAD MEDIPLAST WART REMOVER CUR01496,MEDL      ,"Medline Industries, Inc.",56.0,57.96,3245.76,2025-10-13,2026-01-09,0,2026-02-25,2026-02-25,LATE,-47.0,1277.989664,1201.31028416,0.0,76.67937983999991,2026-02
64675,10,4357,CURAD MEDIPLAST WART REMOVER CUR01496,MEDL      ,"Medline Industries, Inc.",70.0,57.96,4057.2,2025-10-13,2026-01-09,0,2026-02-25,2026-02-25,LATE,-47.0,1597.48708,1501.6378552,0.0,95.8492248,2026-02
64676,10,4357,CURAD MEDIPLAST WART REMOVER CUR01496,MEDL      ,"Medline Industries, Inc.",14.0,57.96,811.44,2025-10-13,2026-01-09,0,2026-02-25,2026-02-25,LATE,-47.0,319.497416,300.32757104,0.0,19.169844959999978,2026-02
64678,10,4357,CURAD MEDIPLAST WART REMOVER CUR01496,MEDL      ,"Medline Industries, Inc.",112.0,57.96,6491.52,2025-10-13,2026-01-09,0,2026-02-25,2026-02-25,LATE,-47.0,2555.979328,2402.62056832,0.0,153.35875967999982,2026-02
64795,1,4557,PREVENA PEEL AND PLACE TEGADERM SHORT (13Cm)  # 416129 Rev E,KCI IRE   ,KCII-IRE-IRM,40000.0,1.247,49880.0,2025-12-05,2026-03-22,0,2026-03-22,2026-03-22,ON_TIME,0.0,19807.000000000007,-0.0,0.0,19807.000000000007,2026-03
64977,1,4557,PREVENA PEEL AND PLACE TEGADERM SHORT (13Cm)  # 416129 Rev E,KCI IRE   ,KCII-IRE-IRM,40000.0,1.247,49880.0,2026-02-09,2026-06-01,0,2026-03-22,2026-03-22,ON_TIME,71.0,19807.000000000007,0.0,14200.0,5607.000000000007,2026-03
64818,1,4785,"MEDLINE 119883 10""x16"" Instrument Drape",MEDL      ,"Medline Industries, Inc.",9.0,160.0,1440.0,2025-12-10,2025-12-16,0,2026-02-25,2026-02-25,LATE,-71.0,1003.089636,1003.089636,0.0,0.0,2026-02
64836,1,4785,"MEDLINE 119883 10""x16"" Instrument Drape",MEDL      ,"Medline Industries, Inc.",2.0,160.0,320.0,2025-12-23,,0,2026-02-25,2026-02-25,NO_DEADLINE,,222.908808,-0.0,0.0,222.908808,2026-02
64842,1,4785,"MEDLINE 119883 10""x16"" Instrument Drape",MEDL      ,"Medline Industries, Inc.",1.0,160.0,160.0,2025-12-29,2026-01-05,0,2026-02-25,2026-02-25,LATE,-51.0,111.454404,111.454404,0.0,0.0,2026-02
64848,1,4785,"MEDLINE 119883 10""x16"" Instrument Drape",MEDL      ,"Medline Industries, Inc.",10.0,160.0,1600.0,2025-12-30,2026-01-07,0,2026-02-25,2026-02-25,LATE,-49.0,1114.54404,1092.2531592,0.0,22.290880799999968,2026-02
64851,1,4785,"MEDLINE 119883 10""x16"" Instrument Drape",MEDL      ,"Medline Industries, Inc.",46.0,160.0,7360.0,2025-12-30,2026-01-07,0,2026-02-25,2026-02-25,LATE,-49.0,5126.902584,5024.36453232,0.0,102.53805168000054,2026-02
64897,1,4785,"MEDLINE 119883 10""x16"" Instrument Drape",MEDL      ,"Medline Industries, Inc.",1.0,160.0,160.0,2026-01-13,2026-01-20,0,2026-02-25,2026-02-25,LATE,-36.0,111.454404,80.24717088,0.0,31.207233119999998,2026-02
64957,1,4785,"MEDLINE 119883 10""x16"" Instrument Drape",MEDL      ,"Medline Industries, Inc.",9.0,160.0,1440.0,2026-02-04,2026-02-10,0,2026-02-25,2026-02-25,LATE,-15.0,1003.089636,300.9268908,0.0,702.1627452,2026-02
64981,1,4785,"MEDLINE 119883 10""x16"" Instrument Drape",MEDL      ,"Medline Industries, Inc.",2.0,160.0,320.0,2026-02-10,2026-02-17,0,2026-02-25,2026-02-25,LATE,-8.0,222.908808,35.66540928,0.0,187.24339872,2026-02
65004,1,4785,"MEDLINE 119883 10""x16"" Instrument Drape",MEDL      ,"Medline Industries, Inc.",1.0,160.0,160.0,2026-02-17,2026-02-24,0,2026-02-25,2026-02-25,LATE,-1.0,111.454404,2.22908808,0.0,109.22531592,2026-02
64978,1,4804,"KCI PEEL AND PLACE PREVENA LONG (35Cm)-416697, Rev D",KCI IRE   ,KCII-IRE-IRM,20000.0,3.4189,68378.0,2026-02-09,2026-07-22,0,2026-07-22,2026-07-22,ON_TIME,0.0,37319.49999999999,-0.0,0.0,37319.49999999999,2026-07
64498,1,4978,EMED SOFT-SITE TEGADERM DRESSING 112X51MM  MS-0010201,EMED      ,EMED Technologies Corp,180000.0,0.1507,27126.0,2025-08-25,2026-03-16,0,2026-03-16,2026-03-16,ON_TIME,0.0,7341.12,-0.0,0.0,7341.12,2026-03
64499,1,4978,EMED SOFT-SITE TEGADERM DRESSING 112X51MM  MS-0010201,EMED      ,EMED Technologies Corp,180000.0,0.1507,27126.0,2025-08-25,2026-05-01,0,2026-03-16,2026-03-16,ON_TIME,46.0,7341.12,0.0,41400.0,-34058.88,2026-03
64934,1,4978,EMED SOFT-SITE TEGADERM DRESSING 112X51MM  MS-0010201,EMED      ,EMED Technologies Corp,140000.0,0.1507,21098.0,2026-01-29,2026-09-14,0,2026-03-16,2026-03-16,ON_TIME,182.0,5709.76,0.0,127400.0,-121690.24,2026-03
64935,1,4978,EMED SOFT-SITE TEGADERM DRESSING 112X51MM  MS-0010201,EMED      ,EMED Technologies Corp,140000.0,0.1507,21098.0,2026-01-29,2026-10-14,0,2026-03-16,2026-03-16,ON_TIME,212.0,5709.76,0.0,148400.0,-142690.24,2026-03
64936,1,4978,EMED SOFT-SITE TEGADERM DRESSING 112X51MM  MS-0010201,EMED      ,EMED Technologies Corp,120000.0,0.1507,18084.0,2026-01-29,2026-11-17,0,2026-03-16,2026-03-16,ON_TIME,246.0,4894.08,0.0,147600.0,-142705.92,2026-03
64688,1,5005,IMPLUS SKIN BLISTER PADS 4742300,IMPLUS    ,Implus LLC,15600.0,3.0,46800.0,2025-10-20,2025-12-29,14,2026-02-25,2026-03-11,LATE,-72.0,24278.3424,24278.3424,0.0,0.0,2026-03
65014,1,5045,FREUDENBERG 30cm X 47cm Nonwoven Sheets 122P0463,FREUD     ,Freudenberg Performance Materials LP,25000.0,1.63,40750.0,2026-02-24,2026-08-03,0,2026-02-25,2026-02-25,ON_TIME,159.0,14909.999999999996,0.0,19875.0,-4965.000000000004,2026-02
64057,1,5045,FREUDENBERG 30cm X 47cm Nonwoven Sheets 122P0463,FREUD     ,Freudenberg Performance Materials LP,25000.0,1.63,40750.0,2025-04-10,2025-10-31,0,2026-02-25,2026-02-25,LATE,-117.0,14909.999999999996,14909.999999999996,0.0,0.0,2026-02
64155,1,5045,FREUDENBERG 30cm X 47cm Nonwoven Sheets 122P0463,FREUD     ,Freudenberg Performance Materials LP,25000.0,1.63,40750.0,2025-05-12,2026-01-12,0,2026-02-25,2026-02-25,LATE,-44.0,14909.999999999996,13120.799999999997,0.0,1789.199999999999,2026-02
64879,1,5045,FREUDENBERG 30cm X 47cm Nonwoven Sheets 122P0463,FREUD     ,Freudenberg Performance Materials LP,25000.0,1.63,40750.0,2026-01-07,2026-06-05,0,2026-02-25,2026-02-25,ON_TIME,100.0,14909.999999999996,0.0,12500.0,2409.9999999999964,2026-02
64161,10,5116,MEDLINE OPTIFOAM THIN 2X3 MSC1523EP,MEDL      ,"Medline Industries, Inc.",1.0,63.42,63.42,2025-05-12,2025-08-06,0,2026-02-25,2026-02-25,LATE,-203.0,22.052907000000005,22.052907000000005,0.0,0.0,2026-02
64162,10,5116,MEDLINE OPTIFOAM THIN 2X3 MSC1523EP,MEDL      ,"Medline Industries, Inc.",3.0,63.42,190.26,2025-05-12,2025-08-06,0,2026-02-25,2026-02-25,LATE,-203.0,66.15872100000001,66.15872100000001,0.0,0.0,2026-02
64168,20,5116,MEDLINE OPTIFOAM THIN 2X3 MSC1523EP,MEDL      ,"Medline Industries, Inc.",7.0,63.42,443.94,2025-05-12,2025-08-06,0,2026-02-25,2026-02-25,LATE,-203.0,154.37034900000003,154.37034900000003,0.0,0.0,2026-02
64175,20,5116,MEDLINE OPTIFOAM THIN 2X3 MSC1523EP,MEDL      ,"Medline Industries, Inc.",12.0,63.42,761.04,2025-05-12,2025-08-06,0,2026-02-25,2026-02-25,LATE,-203.0,264.63488400000006,264.63488400000006,0.0,0.0,2026-02
64226,10,5116,MEDLINE OPTIFOAM THIN 2X3 MSC1523EP,MEDL      ,"Medline Industries, Inc.",2.0,63.42,126.84,2025-05-27,2025-08-20,0,2026-02-25,2026-02-25,LATE,-189.0,44.10581400000001,44.10581400000001,0.0,0.0,2026-02
64254,20,5116,MEDLINE OPTIFOAM THIN 2X3 MSC1523EP,MEDL      ,"Medline Industries, Inc.",2.0,63.42,126.84,2025-06-09,2025-09-03,0,2026-02-25,2026-02-25,LATE,-175.0,44.10581400000001,44.10581400000001,0.0,0.0,2026-02
64315,30,5116,MEDLINE OPTIFOAM THIN 2X3 MSC1523EP,MEDL      ,"Medline Industries, Inc.",1.0,63.42,63.42,2025-06-23,2025-09-17,0,2026-02-25,2026-02-25,LATE,-161.0,22.052907000000005,22.052907000000005,0.0,0.0,2026-02
64349,10,5116,MEDLINE OPTIFOAM THIN 2X3 MSC1523EP,MEDL      ,"Medline Industries, Inc.",4.0,63.42,253.68,2025-07-07,2025-09-30,0,2026-02-25,2026-02-25,LATE,-148.0,88.21162800000002,88.21162800000002,0.0,0.0,2026-02
64390,10,5116,MEDLINE OPTIFOAM THIN 2X3 MSC1523EP,MEDL      ,"Medline Industries, Inc.",3.0,63.42,190.26,2025-07-21,2025-10-15,0,2026-02-25,2026-02-25,LATE,-133.0,66.15872100000001,66.15872100000001,0.0,0.0,2026-02
64393,10,5116,MEDLINE OPTIFOAM THIN 2X3 MSC1523EP,MEDL      ,"Medline Industries, Inc.",2.0,63.42,126.84,2025-07-21,2025-10-15,0,2026-02-25,2026-02-25,LATE,-133.0,44.10581400000001,44.10581400000001,0.0,0.0,2026-02
64397,20,5116,MEDLINE OPTIFOAM THIN 2X3 MSC1523EP,MEDL      ,"Medline Industries, Inc.",2.0,63.42,126.84,2025-07-21,2025-10-15,0,2026-02-25,2026-02-25,LATE,-133.0,44.10581400000001,44.10581400000001,0.0,0.0,2026-02
64401,10,5116,MEDLINE OPTIFOAM THIN 2X3 MSC1523EP,MEDL      ,"Medline Industries, Inc.",1.0,63.42,63.42,2025-07-21,2025-10-15,0,2026-02-25,2026-02-25,LATE,-133.0,22.052907000000005,22.052907000000005,0.0,0.0,2026-02
64402,20,5116,MEDLINE OPTIFOAM THIN 2X3 MSC1523EP,MEDL      ,"Medline Industries, Inc.",1.0,63.42,63.42,2025-07-21,2025-10-15,0,2026-02-25,2026-02-25,LATE,-133.0,22.052907000000005,22.052907000000005,0.0,0.0,2026-02
64473,20,5116,MEDLINE OPTIFOAM THIN 2X3 MSC1523EP,MEDL      ,"Medline Industries, Inc.",1.0,63.42,63.42,2025-08-18,2025-11-13,0,2026-02-25,2026-02-25,LATE,-104.0,22.052907000000005,22.052907000000005,0.0,0.0,2026-02
64572,20,5116,MEDLINE OPTIFOAM THIN 2X3 MSC1523EP,MEDL      ,"Medline Industries, Inc.",33.0,63.42,2092.86,2025-09-15,2025-12-11,0,2026-02-25,2026-02-25,LATE,-76.0,727.7459310000002,727.7459310000002,0.0,0.0,2026-02
64574,10,5116,MEDLINE OPTIFOAM THIN 2X3 MSC1523EP,MEDL      ,"Medline Industries, Inc.",2.0,63.42,126.84,2025-09-15,2025-12-11,0,2026-02-25,2026-02-25,LATE,-76.0,44.10581400000001,44.10581400000001,0.0,0.0,2026-02
64632,30,5116,MEDLINE OPTIFOAM THIN 2X3 MSC1523EP,MEDL      ,"Medline Industries, Inc.",7.0,63.42,443.94,2025-09-30,2025-12-29,0,2026-02-25,2026-02-25,LATE,-58.0,154.37034900000003,154.37034900000003,0.0,0.0,2026-02
64640,10,5116,MEDLINE OPTIFOAM THIN 2X3 MSC1523EP,MEDL      ,"Medline Industries, Inc.",1.0,63.42,63.42,2025-09-30,2025-12-29,0,2026-02-25,2026-02-25,LATE,-58.0,22.052907000000005,22.052907000000005,0.0,0.0,2026-02
64700,10,5116,MEDLINE OPTIFOAM THIN 2X3 MSC1523EP,MEDL      ,"Medline Industries, Inc.",10.0,63.42,634.2,2025-10-27,2026-01-26,0,2026-02-25,2026-02-25,LATE,-30.0,220.52907000000005,132.31744200000003,0.0,88.21162800000002,2026-02
64702,20,5116,MEDLINE OPTIFOAM THIN 2X3 MSC1523EP,MEDL      ,"Medline Industries, Inc.",19.0,63.42,1204.98,2025-10-27,2026-01-26,0,2026-02-25,2026-02-25,LATE,-30.0,419.0052330000001,251.40313980000005,0.0,167.60209320000004,2026-02
64711,10,5116,MEDLINE OPTIFOAM THIN 2X3 MSC1523EP,MEDL      ,"Medline Industries, Inc.",6.0,63.42,380.52,2025-10-27,2026-01-26,0,2026-02-25,2026-02-25,LATE,-30.0,132.31744200000003,79.39046520000001,0.0,52.92697680000002,2026-02
64772,10,5116,MEDLINE OPTIFOAM THIN 2X3 MSC1523EP,MEDL      ,"Medline Industries, Inc.",7.0,63.42,443.94,2025-11-21,2026-02-20,0,2026-02-25,2026-02-25,LATE,-5.0,154.37034900000003,15.437034900000004,0.0,138.93331410000002,2026-02
64773,10,5116,MEDLINE OPTIFOAM THIN 2X3 MSC1523EP,MEDL      ,"Medline Industries, Inc.",4.0,63.42,253.68,2025-11-21,2026-02-20,0,2026-02-25,2026-02-25,LATE,-5.0,88.21162800000002,8.821162800000002,0.0,79.39046520000002,2026-02
64776,10,5116,MEDLINE OPTIFOAM THIN 2X3 MSC1523EP,MEDL      ,"Medline Industries, Inc.",1.0,63.42,63.42,2025-11-21,2026-02-20,0,2026-02-25,2026-02-25,LATE,-5.0,22.052907000000005,2.2052907000000004,0.0,19.847616300000006,2026-02
64799,20,5116,MEDLINE OPTIFOAM THIN 2X3 MSC1523EP,MEDL      ,"Medline Industries, Inc.",10.0,63.42,634.2,2025-12-08,2026-03-06,0,2026-02-25,2026-02-25,ON_TIME,9.0,220.52907000000005,0.0,0.45,220.07907000000006,2026-02
64803,20,5116,MEDLINE OPTIFOAM THIN 2X3 MSC1523EP,MEDL      ,"Medline Industries, Inc.",3.0,63.42,190.26,2025-12-08,2026-03-06,0,2026-02-25,2026-02-25,ON_TIME,9.0,66.15872100000001,0.0,0.135,66.02372100000001,2026-02
64805,10,5116,MEDLINE OPTIFOAM THIN 2X3 MSC1523EP,MEDL      ,"Medline Industries, Inc.",3.0,63.42,190.26,2025-12-08,2026-03-06,0,2026-02-25,2026-02-25,ON_TIME,9.0,66.15872100000001,0.0,0.135,66.02372100000001,2026-02
64809,10,5116,MEDLINE OPTIFOAM THIN 2X3 MSC1523EP,MEDL      ,"Medline Industries, Inc.",4.0,63.42,253.68,2025-12-08,2026-03-06,0,2026-02-25,2026-02-25,ON_TIME,9.0,88.21162800000002,0.0,0.18,88.03162800000001,2026-02
64855,10,5116,MEDLINE OPTIFOAM THIN 2X3 MSC1523EP,MEDL      ,"Medline Industries, Inc.",1.0,63.42,63.42,2026-01-02,2026-03-31,0,2026-02-25,2026-02-25,ON_TIME,34.0,22.052907000000005,0.0,0.17,21.882907000000003,2026-02
64856,10,5116,MEDLINE OPTIFOAM THIN 2X3 MSC1523EP,MEDL      ,"Medline Industries, Inc.",2.0,63.42,126.84,2026-01-02,2026-03-31,0,2026-02-25,2026-02-25,ON_TIME,34.0,44.10581400000001,0.0,0.34,43.765814000000006,2026-02
64859,10,5116,MEDLINE OPTIFOAM THIN 2X3 MSC1523EP,MEDL      ,"Medline Industries, Inc.",3.0,63.42,190.26,2026-01-05,2026-04-01,0,2026-02-25,2026-02-25,ON_TIME,35.0,66.15872100000001,0.0,0.525,65.63372100000001,2026-02
64864,20,5116,MEDLINE OPTIFOAM THIN 2X3 MSC1523EP,MEDL      ,"Medline Industries, Inc.",5.0,63.42,317.1,2026-01-05,2026-04-01,0,2026-02-25,2026-02-25,ON_TIME,35.0,110.26453500000002,0.0,0.875,109.38953500000002,2026-02
64905,20,5116,MEDLINE OPTIFOAM THIN 2X3 MSC1523EP,MEDL      ,"Medline Industries, Inc.",3.0,63.42,190.26,2026-01-19,2026-04-14,0,2026-02-25,2026-02-25,ON_TIME,48.0,66.15872100000001,0.0,0.72,65.43872100000002,2026-02
64908,10,5116,MEDLINE OPTIFOAM THIN 2X3 MSC1523EP,MEDL      ,"Medline Industries, Inc.",38.0,63.42,2409.96,2026-01-19,2026-04-14,0,2026-02-25,2026-02-25,ON_TIME,48.0,838.0104660000002,0.0,9.120000000000001,828.8904660000002,2026-02
64910,10,5116,MEDLINE OPTIFOAM THIN 2X3 MSC1523EP,MEDL      ,"Medline Industries, Inc.",4.0,63.42,253.68,2026-01-19,2026-04-14,0,2026-02-25,2026-02-25,ON_TIME,48.0,88.21162800000002,0.0,0.96,87.25162800000003,2026-02
64911,10,5116,MEDLINE OPTIFOAM THIN 2X3 MSC1523EP,MEDL      ,"Medline Industries, Inc.",27.0,63.42,1712.34,2026-01-19,2026-04-14,0,2026-02-25,2026-02-25,ON_TIME,48.0,595.4284890000001,0.0,6.48,588.9484890000001,2026-02
64941,10,5116,MEDLINE OPTIFOAM THIN 2X3 MSC1523EP,MEDL      ,"Medline Industries, Inc.",24.0,63.42,1522.08,2026-02-02,2026-04-28,0,2026-02-25,2026-02-25,ON_TIME,62.0,529.2697680000001,0.0,7.44,521.8297680000001,2026-02
64946,20,5116,MEDLINE OPTIFOAM THIN 2X3 MSC1523EP,MEDL      ,"Medline Industries, Inc.",15.0,63.42,951.3,2026-02-02,2026-04-28,0,2026-02-25,2026-02-25,ON_TIME,62.0,330.79360500000007,0.0,4.65,326.1436050000001,2026-02
64949,10,5116,MEDLINE OPTIFOAM THIN 2X3 MSC1523EP,MEDL      ,"Medline Industries, Inc.",4.0,63.42,253.68,2026-02-02,2026-04-28,0,2026-02-25,2026-02-25,ON_TIME,62.0,88.21162800000002,0.0,1.24,86.97162800000002,2026-02
64950,10,5116,MEDLINE OPTIFOAM THIN 2X3 MSC1523EP,MEDL      ,"Medline Industries, Inc.",10.0,63.42,634.2,2026-02-02,2026-04-28,0,2026-02-25,2026-02-25,ON_TIME,62.0,220.52907000000005,0.0,3.1,217.42907000000005,2026-02
64951,20,5116,MEDLINE OPTIFOAM THIN 2X3 MSC1523EP,MEDL      ,"Medline Industries, Inc.",10.0,63.42,634.2,2026-02-02,2026-04-28,0,2026-02-25,2026-02-25,ON_TIME,62.0,220.52907000000005,0.0,3.1,217.42907000000005,2026-02
64953,20,5116,MEDLINE OPTIFOAM THIN 2X3 MSC1523EP,MEDL      ,"Medline Industries, Inc.",4.0,63.42,253.68,2026-02-02,2026-04-28,0,2026-02-25,2026-02-25,ON_TIME,62.0,88.21162800000002,0.0,1.24,86.97162800000002,2026-02
64998,20,5116,MEDLINE OPTIFOAM THIN 2X3 MSC1523EP,MEDL      ,"Medline Industries, Inc.",17.0,63.42,1078.14,2026-02-16,2026-05-11,0,2026-02-25,2026-02-25,ON_TIME,75.0,374.8994190000001,0.0,6.375,368.5244190000001,2026-02
65002,20,5116,MEDLINE OPTIFOAM THIN 2X3 MSC1523EP,MEDL      ,"Medline Industries, Inc.",10.0,63.42,634.2,2026-02-16,2026-05-11,0,2026-02-25,2026-02-25,ON_TIME,75.0,220.52907000000005,0.0,3.75,216.77907000000005,2026-02
64537,20,5117,MEDLINE OPTIFOAM THIN 4x4 MSC1544EP,MEDL      ,"Medline Industries, Inc.",12.0,94.6,1135.2,2025-09-02,2025-11-28,0,2026-02-25,2026-02-25,LATE,-89.0,220.2223679999999,220.2223679999999,0.0,0.0,2026-02
64566,10,5117,MEDLINE OPTIFOAM THIN 4x4 MSC1544EP,MEDL      ,"Medline Industries, Inc.",1.0,94.6,94.6,2025-09-15,2025-12-11,0,2026-02-25,2026-02-25,LATE,-76.0,18.351863999999992,18.351863999999992,0.0,0.0,2026-02
64571,20,5117,MEDLINE OPTIFOAM THIN 4x4 MSC1544EP,MEDL      ,"Medline Industries, Inc.",5.0,94.6,473.0,2025-09-15,2025-12-11,0,2026-02-25,2026-02-25,LATE,-76.0,91.75931999999996,91.75931999999996,0.0,0.0,2026-02
64629,20,5117,MEDLINE OPTIFOAM THIN 4x4 MSC1544EP,MEDL      ,"Medline Industries, Inc.",5.0,94.6,473.0,2025-09-30,2025-12-29,0,2026-02-25,2026-02-25,LATE,-58.0,91.75931999999996,91.75931999999996,0.0,0.0,2026-02
64632,40,5117,MEDLINE OPTIFOAM THIN 4x4 MSC1544EP,MEDL      ,"Medline Industries, Inc.",5.0,94.6,473.0,2025-09-30,2025-12-29,0,2026-02-25,2026-02-25,LATE,-58.0,91.75931999999996,91.75931999999996,0.0,0.0,2026-02
64636,20,5117,MEDLINE OPTIFOAM THIN 4x4 MSC1544EP,MEDL      ,"Medline Industries, Inc.",1.0,94.6,94.6,2025-09-29,2025-12-26,0,2026-02-25,2026-02-25,LATE,-61.0,18.351863999999992,18.351863999999992,0.0,0.0,2026-02
64638,10,5117,MEDLINE OPTIFOAM THIN 4x4 MSC1544EP,MEDL      ,"Medline Industries, Inc.",1.0,94.6,94.6,2025-09-30,2025-12-29,0,2026-02-25,2026-02-25,LATE,-58.0,18.351863999999992,18.351863999999992,0.0,0.0,2026-02
64640,20,5117,MEDLINE OPTIFOAM THIN 4x4 MSC1544EP,MEDL      ,"Medline Industries, Inc.",4.0,94.6,378.4,2025-09-30,2025-12-29,0,2026-02-25,2026-02-25,LATE,-58.0,73.40745599999997,73.40745599999997,0.0,0.0,2026-02
64641,30,5117,MEDLINE OPTIFOAM THIN 4x4 MSC1544EP,MEDL      ,"Medline Industries, Inc.",8.0,94.6,756.8,2025-09-29,2025-12-26,0,2026-02-25,2026-02-25,LATE,-61.0,146.81491199999994,146.81491199999994,0.0,0.0,2026-02
64655,1,5117,MEDLINE OPTIFOAM THIN 4x4 MSC1544EP,MEDL      ,"Medline Industries, Inc.",2.0,94.6,189.2,2025-10-07,2026-01-20,0,2026-02-25,2026-02-25,LATE,-36.0,36.703727999999984,26.426684159999986,0.0,10.277043839999997,2026-02
64667,20,5117,MEDLINE OPTIFOAM THIN 4x4 MSC1544EP,MEDL      ,"Medline Industries, Inc.",1.0,94.6,94.6,2025-10-13,2026-01-09,0,2026-02-25,2026-02-25,LATE,-47.0,18.351863999999992,17.250752159999994,0.0,1.101111839999998,2026-02
64674,30,5117,MEDLINE OPTIFOAM THIN 4x4 MSC1544EP,MEDL      ,"Medline Industries, Inc.",4.0,94.6,378.4,2025-10-13,2026-01-09,0,2026-02-25,2026-02-25,LATE,-47.0,73.40745599999997,69.00300863999998,0.0,4.404447359999992,2026-02
64677,20,5117,MEDLINE OPTIFOAM THIN 4x4 MSC1544EP,MEDL      ,"Medline Industries, Inc.",2.0,94.6,189.2,2025-10-13,2026-01-09,0,2026-02-25,2026-02-25,LATE,-47.0,36.703727999999984,34.50150431999999,0.0,2.202223679999996,2026-02
64691,1,5117,MEDLINE OPTIFOAM THIN 4x4 MSC1544EP,MEDL      ,"Medline Industries, Inc.",2.0,94.6,189.2,2025-10-21,2026-02-06,0,2026-02-25,2026-02-25,LATE,-19.0,36.703727999999984,13.947416639999995,0.0,22.75631135999999,2026-02
64724,1,5117,MEDLINE OPTIFOAM THIN 4x4 MSC1544EP,MEDL      ,"Medline Industries, Inc.",2.0,94.6,189.2,2025-11-05,2026-02-23,0,2026-02-25,2026-02-25,LATE,-2.0,36.703727999999984,1.4681491199999994,0.0,35.235578879999984,2026-02
64739,20,5117,MEDLINE OPTIFOAM THIN 4x4 MSC1544EP,MEDL      ,"Medline Industries, Inc.",2.0,94.6,189.2,2025-11-10,2026-02-09,0,2026-02-25,2026-02-25,LATE,-16.0,36.703727999999984,11.745192959999995,0.0,24.958535039999987,2026-02
64746,1,5117,MEDLINE OPTIFOAM THIN 4x4 MSC1544EP,MEDL      ,"Medline Industries, Inc.",2.0,94.6,189.2,2025-11-12,2026-02-28,0,2026-02-25,2026-02-25,ON_TIME,3.0,36.703727999999984,0.0,0.03,36.67372799999998,2026-02
64838,1,5117,MEDLINE OPTIFOAM THIN 4x4 MSC1544EP,MEDL      ,"Medline Industries, Inc.",2.0,94.6,189.2,2025-12-29,2026-04-13,0,2026-02-25,2026-02-25,ON_TIME,47.0,36.703727999999984,0.0,0.47000000000000003,36.233727999999985,2026-02
64849,1,5117,MEDLINE OPTIFOAM THIN 4x4 MSC1544EP,MEDL      ,"Medline Industries, Inc.",3.0,94.6,283.8,2025-12-30,2026-04-19,0,2026-02-25,2026-02-25,ON_TIME,53.0,55.055591999999976,0.0,0.795,54.260591999999974,2026-02
64859,20,5117,MEDLINE OPTIFOAM THIN 4x4 MSC1544EP,MEDL      ,"Medline Industries, Inc.",1.0,94.6,94.6,2026-01-05,2026-04-01,0,2026-02-25,2026-02-25,ON_TIME,35.0,18.351863999999992,0.0,0.17500000000000002,18.17686399999999,2026-02
64861,20,5117,MEDLINE OPTIFOAM THIN 4x4 MSC1544EP,MEDL      ,"Medline Industries, Inc.",8.0,94.6,756.8,2026-01-05,2026-04-01,0,2026-02-25,2026-02-25,ON_TIME,35.0,146.81491199999994,0.0,1.4000000000000001,145.41491199999993,2026-02
64862,20,5117,MEDLINE OPTIFOAM THIN 4x4 MSC1544EP,MEDL      ,"Medline Industries, Inc.",6.0,94.6,567.6,2026-01-05,2026-04-01,0,2026-02-25,2026-02-25,ON_TIME,35.0,110.11118399999997,0.0,1.05,109.06118399999997,2026-02
64863,20,5117,MEDLINE OPTIFOAM THIN 4x4 MSC1544EP,MEDL      ,"Medline Industries, Inc.",9.0,94.6,851.4,2026-01-05,2026-04-01,0,2026-02-25,2026-02-25,ON_TIME,35.0,165.1667759999999,0.0,1.575,163.59177599999992,2026-02
64867,20,5117,MEDLINE OPTIFOAM THIN 4x4 MSC1544EP,MEDL      ,"Medline Industries, Inc.",10.0,94.6,946.0,2026-01-05,2026-04-01,0,2026-02-25,2026-02-25,ON_TIME,35.0,183.51863999999992,0.0,1.75,181.76863999999992,2026-02
64868,20,5117,MEDLINE OPTIFOAM THIN 4x4 MSC1544EP,MEDL      ,"Medline Industries, Inc.",7.0,94.6,662.2,2026-01-05,2026-04-01,0,2026-02-25,2026-02-25,ON_TIME,35.0,128.46304799999996,0.0,1.225,127.23804799999996,2026-02
64871,1,5117,MEDLINE OPTIFOAM THIN 4x4 MSC1544EP,MEDL      ,"Medline Industries, Inc.",3.0,94.6,283.8,2026-01-06,2026-04-25,0,2026-02-25,2026-02-25,ON_TIME,59.0,55.055591999999976,0.0,0.885,54.17059199999998,2026-02
64895,1,5117,MEDLINE OPTIFOAM THIN 4x4 MSC1544EP,MEDL      ,"Medline Industries, Inc.",3.0,94.6,283.8,2026-01-13,2026-05-01,0,2026-02-25,2026-02-25,ON_TIME,65.0,55.055591999999976,0.0,0.975,54.080591999999974,2026-02
64903,10,5117,MEDLINE OPTIFOAM THIN 4x4 MSC1544EP,MEDL      ,"Medline Industries, Inc.",2.0,94.6,189.2,2026-01-19,2026-04-14,0,2026-02-25,2026-02-25,ON_TIME,48.0,36.703727999999984,0.0,0.48,36.22372799999999,2026-02
64905,30,5117,MEDLINE OPTIFOAM THIN 4x4 MSC1544EP,MEDL      ,"Medline Industries, Inc.",6.0,94.6,567.6,2026-01-19,2026-04-14,0,2026-02-25,2026-02-25,ON_TIME,48.0,110.11118399999997,0.0,1.44,108.67118399999997,2026-02
64906,20,5117,MEDLINE OPTIFOAM THIN 4x4 MSC1544EP,MEDL      ,"Medline Industries, Inc.",12.0,94.6,1135.2,2026-01-19,2026-04-14,0,2026-02-25,2026-02-25,ON_TIME,48.0,220.2223679999999,0.0,2.88,217.3423679999999,2026-02
64907,20,5117,MEDLINE OPTIFOAM THIN 4x4 MSC1544EP,MEDL      ,"Medline Industries, Inc.",2.0,94.6,189.2,2026-01-19,2026-04-14,0,2026-02-25,2026-02-25,ON_TIME,48.0,36.703727999999984,0.0,0.48,36.22372799999999,2026-02
64908,20,5117,MEDLINE OPTIFOAM THIN 4x4 MSC1544EP,MEDL      ,"Medline Industries, Inc.",3.0,94.6,283.8,2026-01-19,2026-04-14,0,2026-02-25,2026-02-25,ON_TIME,48.0,55.055591999999976,0.0,0.72,54.33559199999998,2026-02
64914,10,5117,MEDLINE OPTIFOAM THIN 4x4 MSC1544EP,MEDL      ,"Medline Industries, Inc.",1.0,94.6,94.6,2026-01-19,2026-04-14,0,2026-02-25,2026-02-25,ON_TIME,48.0,18.351863999999992,0.0,0.24,18.111863999999994,2026-02
64943,10,5117,MEDLINE OPTIFOAM THIN 4x4 MSC1544EP,MEDL      ,"Medline Industries, Inc.",3.0,94.6,283.8,2026-02-02,2026-04-28,0,2026-02-25,2026-02-25,ON_TIME,62.0,55.055591999999976,0.0,0.93,54.125591999999976,2026-02
64948,10,5117,MEDLINE OPTIFOAM THIN 4x4 MSC1544EP,MEDL      ,"Medline Industries, Inc.",1.0,94.6,94.6,2026-02-02,2026-04-28,0,2026-02-25,2026-02-25,ON_TIME,62.0,18.351863999999992,0.0,0.31,18.041863999999993,2026-02
64949,20,5117,MEDLINE OPTIFOAM THIN 4x4 MSC1544EP,MEDL      ,"Medline Industries, Inc.",18.0,94.6,1702.8,2026-02-02,2026-04-28,0,2026-02-25,2026-02-25,ON_TIME,62.0,330.3335519999998,0.0,5.58,324.75355199999984,2026-02
64951,30,5117,MEDLINE OPTIFOAM THIN 4x4 MSC1544EP,MEDL      ,"Medline Industries, Inc.",11.0,94.6,1040.6,2026-02-02,2026-04-28,0,2026-02-25,2026-02-25,ON_TIME,62.0,201.87050399999995,0.0,3.41,198.46050399999996,2026-02
64999,10,5117,MEDLINE OPTIFOAM THIN 4x4 MSC1544EP,MEDL      ,"Medline Industries, Inc.",7.0,94.6,662.2,2026-02-16,2026-05-11,0,2026-02-25,2026-02-25,ON_TIME,75.0,128.46304799999996,0.0,2.625,125.83804799999996,2026-02
65001,10,5117,MEDLINE OPTIFOAM THIN 4x4 MSC1544EP,MEDL      ,"Medline Industries, Inc.",1.0,94.6,94.6,2026-02-16,2026-05-11,0,2026-02-25,2026-02-25,ON_TIME,75.0,18.351863999999992,0.0,0.375,17.976863999999992,2026-02
65003,10,5117,MEDLINE OPTIFOAM THIN 4x4 MSC1544EP,MEDL      ,"Medline Industries, Inc.",2.0,94.6,189.2,2026-02-16,2026-05-11,0,2026-02-25,2026-02-25,ON_TIME,75.0,36.703727999999984,0.0,0.75,35.953727999999984,2026-02
64846,1,5121,IMPLUS CANADA BLISTER PADS 4740700,IMPLUS CAN,Implus Canada,15600.0,2.9,45240.0,2025-12-29,2026-03-08,14,2026-02-25,2026-03-11,LATE,-3.0,19753.2504,1185.195024,0.0,18568.055376,2026-03
64191,1,5341,ISI EXTRA LARGE ALUMI-HAND 761,ISI       ,Instrument Specialists Inc,5245.0,11.6,60842.0,2025-05-16,2026-03-01,0,2026-03-01,2026-03-01,ON_TIME,0.0,25118.362695,-0.0,0.0,25118.362695,2026-03
64192,1,5341,ISI EXTRA LARGE ALUMI-HAND 761,ISI       ,Instrument Specialists Inc,5245.0,11.6,60842.0,2025-05-16,2026-05-15,0,2026-03-01,2026-03-01,ON_TIME,75.0,25118.362695,0.0,1966.875,23151.487695,2026-03
64193,1,5341,ISI EXTRA LARGE ALUMI-HAND 761,ISI       ,Instrument Specialists Inc,5245.0,11.6,60842.0,2025-05-16,2026-08-01,0,2026-03-01,2026-03-01,ON_TIME,153.0,25118.362695,0.0,4012.425,21105.937695,2026-03
64194,1,5341,ISI EXTRA LARGE ALUMI-HAND 761,ISI       ,Instrument Specialists Inc,5245.0,11.6,60842.0,2025-05-16,2026-10-15,0,2026-03-01,2026-03-01,ON_TIME,228.0,25118.362695,0.0,5979.3,19139.062695,2026-03
63917,1,5342,ISI LARGE ALUMI-HAND 760,ISI       ,Instrument Specialists Inc,6900.0,7.7,53130.0,2025-03-10,2025-12-15,0,2026-02-25,2026-02-25,LATE,-72.0,21331.598400000003,21331.598400000003,0.0,0.0,2026-02
64187,1,5342,ISI LARGE ALUMI-HAND 760,ISI       ,Instrument Specialists Inc,6900.0,8.47,58443.0,2025-05-16,2026-04-15,0,2026-02-25,2026-02-25,ON_TIME,49.0,21331.598400000003,0.0,1690.5,19641.098400000003,2026-02
64189,1,5342,ISI LARGE ALUMI-HAND 760,ISI       ,Instrument Specialists Inc,6900.0,8.47,58443.0,2025-05-16,2026-08-15,0,2026-02-25,2026-02-25,ON_TIME,171.0,21331.598400000003,0.0,5899.5,15432.098400000003,2026-02
64190,1,5342,ISI LARGE ALUMI-HAND 760,ISI       ,Instrument Specialists Inc,6900.0,8.47,58443.0,2025-05-16,2026-12-12,0,2026-02-25,2026-02-25,ON_TIME,290.0,21331.598400000003,0.0,10005.0,11326.598400000003,2026-02
64718,1,5440,MPM Regenecare HA Gel 0.5oz. MP00112,MPM       ,"MPM Medical, Inc.",5000.0,1.54,7700.0,2025-10-29,,0,2026-02-25,2026-02-25,NO_DEADLINE,,4408.87,-0.0,0.0,4408.87,2026-02
64984,2,5515,D* Dentsil DS 60 HYDRATED SILICA - CAS#112926-00-8 KOSHER,ORORA     ,Orora Business Service Center,467602.0,0.005164,2414.7,2026-02-11,,112,2026-02-25,2026-06-17,NO_DEADLINE,,,-0.0,0.0,0.0,2026-06
64984,4,5517,D* Cooling Type Flavor Natural 113.90468 KOSHER,ORORA     ,Orora Business Service Center,48563.98,0.016268,790.04,2026-02-11,,14,2026-02-25,2026-03-11,NO_DEADLINE,,,-0.0,0.0,0.0,2026-03
64984,5,5518,"D* Mint Flavor WONF OS, Natural 113.19228 CAS# 68917-18-0 KOSHER",ORORA     ,Orora Business Service Center,16562.0,0.05818,963.58,2026-02-11,,14,2026-02-25,2026-03-11,NO_DEADLINE,,,-0.0,0.0,0.0,2026-03
64984,7,5520,D* Tetrapotassium Pyrophosphate CAS#7320-34-5 1614086,ORORA     ,Orora Business Service Center,7446.0,1.11887,8331.11,2026-02-11,,45,2026-02-25,2026-04-11,NO_DEADLINE,,,-0.0,0.0,0.0,2026-04
64984,8,5521,D* Tetrasodium Pyrophosphate CAS#7722-88-5 KOSHER,ORORA     ,Orora Business Service Center,13337.0,0.286859,3825.84,2026-02-11,,90,2026-02-25,2026-05-26,NO_DEADLINE,,,-0.0,0.0,0.0,2026-05
64984,9,5522,D* Aloe Barbadensis Leaf JuiceCAS#85507-69-3 KOSHER,ORORA     ,Orora Business Service Center,45978.01,0.005609,257.89,2026-02-11,,35,2026-02-25,2026-04-01,NO_DEADLINE,,,-0.0,0.0,0.0,2026-04
64984,11,5525,D* AmmoniumGlycyrrhizate Magnasweet 110-2X CAS#53956-04-0 KOSHER,ORORA     ,Orora Business Service Center,81438.0,0.012686,1033.12,2026-02-11,,14,2026-02-25,2026-03-11,NO_DEADLINE,,,-0.0,0.0,0.0,2026-03
64984,13,5527,D* Mentha Arvensis (Cornmint) Leaf Oil CAS# 68917-18-0 KOSHER,ORORA     ,Orora Business Service Center,671.63,0.201718,135.48,2026-02-11,,64,2026-02-25,2026-04-30,NO_DEADLINE,,,-0.0,0.0,0.0,2026-04
64984,14,5528,D* Mentha Viridis (Spearmint) Leaf Oil CAS# 8008-79-5 KOSHER,ORORA     ,Orora Business Service Center,890.55,0.412206,367.09,2026-02-11,,42,2026-02-25,2026-04-08,NO_DEADLINE,,,-0.0,0.0,0.0,2026-04
64984,15,5530,D* Sodium Fluoride CAS#7681-49-4  KOSHER,ORORA     ,Orora Business Service Center,22656.0,0.005479,124.13,2026-02-11,,42,2026-02-25,2026-04-08,NO_DEADLINE,,,-0.0,0.0,0.0,2026-04
64984,16,5590,"BAG, AP2390.11 Arena ""Air-Evac"" Vertex, 3Ply Liquid Liner Bag",ORORA     ,Orora Business Service Center,14.0,133.080714,1863.13,2026-02-11,,35,2026-02-25,2026-04-01,NO_DEADLINE,,,-0.0,0.0,0.0,2026-04
64984,1,5639,"D* Sorbitol Crystalline Powder NF, CAS# 50-70-4 KOSHER",ORORA     ,Orora Business Service Center,214127.05,0.005678,1215.81,2026-02-11,,49,2026-02-25,2026-04-15,NO_DEADLINE,,,-0.0,0.0,0.0,2026-04
64666,2,5660,MPM Antiseptic Wound & Skin Cleanser 8 fl.oz. MP00032,MPM       ,"MPM Medical, Inc.",3981.0,2.2,8758.2,2025-10-13,2026-01-12,0,2026-02-25,2026-02-25,LATE,-44.0,3238.256868000001,2849.666043840001,0.0,388.59082416,2026-02
64976,1,5660,MPM Antiseptic Wound & Skin Cleanser 8 fl.oz. MP00032,MPM       ,"MPM Medical, Inc.",5800.0,2.2,12760.0,2026-02-09,,0,2026-02-25,2026-02-25,NO_DEADLINE,,4717.882400000001,-0.0,0.0,4717.882400000001,2026-02
64976,2,5660,MPM Antiseptic Wound & Skin Cleanser 8 fl.oz. MP00032,MPM       ,"MPM Medical, Inc.",9200.0,2.2,20240.0,2026-02-09,,0,2026-02-25,2026-02-25,NO_DEADLINE,,7483.537600000002,-0.0,0.0,7483.537600000002,2026-02
64687,1,5662,"MPM Regenecare Wound Gel 0.5 oz, MP00101",MPM       ,"MPM Medical, Inc.",5000.0,0.98,4900.0,2025-10-16,,0,2026-02-25,2026-02-25,NO_DEADLINE,,1159.3049999999998,-0.0,0.0,1159.3049999999998,2026-02
64665,1,5666,MPM RadiaPlex Rx Gel 6oz. MP00106,MPM       ,"MPM Medical, Inc.",2284.0,4.1,9364.4,2025-10-13,,0,2026-02-25,2026-02-25,NO_DEADLINE,,3877.960204,-0.0,0.0,3877.960204,2026-02
64938,1,5668,MPM Regenecare HA Gel 3oz. MP00107,MPM       ,"MPM Medical, Inc.",10000.0,2.34,23400.0,2026-01-29,2026-03-31,0,2026-03-31,2026-03-31,ON_TIME,0.0,7417.689999999999,-0.0,0.0,7417.689999999999,2026-03
64760,1,5670,MPM Regenecare HA Spray 4 fl.oz. MP00117,MPM       ,"MPM Medical, Inc.",7655.0,2.34,17912.7,2025-11-18,2025-11-18,0,2026-02-25,2026-02-25,LATE,-99.0,6002.285499999998,6002.285499999998,0.0,0.0,2026-02
64578,1,5671,MPM OraMagic Rx 12oz MP00213,MPM       ,"MPM Medical, Inc.",1800.0,3.56,6408.0,2025-09-17,,0,2026-02-25,2026-02-25,NO_DEADLINE,,2833.7004,-0.0,0.0,2833.7004,2026-02
64658,1,5674,MPM OraMagic Plus 8oz MP00224,MPM       ,"MPM Medical, Inc.",2000.0,2.45,4900.0,2025-10-08,,0,2026-02-25,2026-02-25,NO_DEADLINE,,1261.3700000000003,-0.0,0.0,1261.3700000000003,2026-02
64984,10,5686,D* Citric Acid CAS# 77-92-9,ORORA     ,Orora Business Service Center,25563.08,0.00335,85.64,2026-02-11,,28,2026-02-25,2026-03-25,NO_DEADLINE,,,-0.0,0.0,0.0,2026-03
64984,3,5703,D* Glycerin 99.7% CAS# 56-81-5  KOSHER,ORORA     ,Orora Business Service Center,2013600.0,0.000825,1661.22,2026-02-11,,28,2026-02-25,2026-03-25,NO_DEADLINE,,-310.0944000000001,0.0,0.0,-310.0944000000001,2026-03
65009,6,5713,Polysorbate 20 CAS# 9005-64-5,ORORA     ,Orora Business Service Center,112638.0,0.008159,919.01,2026-02-20,,25,2026-02-25,2026-03-22,NO_DEADLINE,,,-0.0,0.0,0.0,2026-03
64847,1,5859,"MPM MP00990 DRY VEIL CONTACT LAYER 36""X36"" (48ea/CS)",MPM       ,"MPM Medical, Inc.",10000.0,2.0,20000.0,2025-12-30,,90,2026-02-25,2026-05-26,NO_DEADLINE,,8474.79,-0.0,0.0,8474.79,2026-05
64995,10,5975,"MEDLINE SUREFILM 2"" X 11 YARDS MSC2402",MEDL      ,"Medline Industries, Inc.",4.0,79.89,319.56,2026-02-16,2026-05-11,0,2026-05-11,2026-05-11,ON_TIME,0.0,173.612568,-0.0,0.0,173.612568,2026-05
64856,20,5979,"MEDLINE SUREFILM 4"" X 11 YARDS MSC2404",MEDL      ,"Medline Industries, Inc.",240.0,133.84,32121.6,2026-01-02,2026-03-31,0,2026-03-31,2026-03-31,ON_TIME,0.0,15156.725280000002,-0.0,0.0,15156.725280000002,2026-03
64925,3,6007,ARGENTUM SILVERLON DRESSING 4.5X12  ID-512,ARGENTUM  ,"Argentum Medical, LLC",4000.0,2.47,9880.0,2026-01-21,2026-03-27,15,2026-03-12,2026-03-27,ON_TIME,0.0,5743.512000000001,-0.0,0.0,5743.512000000001,2026-03
63804,1,6008,"MEDLINE CURAD MEDISTRIP 1/4 X 1.5 IN, STERILE NON250114",MEDL      ,"Medline Industries, Inc.",1.0,71.94,71.94,2025-02-04,2025-05-18,14,2026-02-25,2026-03-11,LATE,-297.0,36.229519,36.229519,0.0,0.0,2026-03
63833,10,6008,"MEDLINE CURAD MEDISTRIP 1/4 X 1.5 IN, STERILE NON250114",MEDL      ,"Medline Industries, Inc.",20.0,71.94,1438.8,2025-02-18,2025-05-13,14,2026-02-25,2026-03-11,LATE,-302.0,724.5903799999999,724.5903799999999,0.0,0.0,2026-03
63874,1,6008,"MEDLINE CURAD MEDISTRIP 1/4 X 1.5 IN, STERILE NON250114",MEDL      ,"Medline Industries, Inc.",2.0,71.94,143.88,2025-02-25,2025-06-10,14,2026-02-25,2026-03-11,LATE,-274.0,72.45903799999999,72.45903799999999,0.0,0.0,2026-03
63886,10,6008,"MEDLINE CURAD MEDISTRIP 1/4 X 1.5 IN, STERILE NON250114",MEDL      ,"Medline Industries, Inc.",7.0,71.94,503.58,2025-03-04,2025-05-28,14,2026-02-25,2026-03-11,LATE,-287.0,253.606633,253.606633,0.0,0.0,2026-03
63889,20,6008,"MEDLINE CURAD MEDISTRIP 1/4 X 1.5 IN, STERILE NON250114",MEDL      ,"Medline Industries, Inc.",6.0,71.94,431.64,2025-03-04,2025-05-28,14,2026-02-25,2026-03-11,LATE,-287.0,217.377114,217.377114,0.0,0.0,2026-03
63891,10,6008,"MEDLINE CURAD MEDISTRIP 1/4 X 1.5 IN, STERILE NON250114",MEDL      ,"Medline Industries, Inc.",3.0,71.94,215.82,2025-03-04,2025-05-28,14,2026-02-25,2026-03-11,LATE,-287.0,108.688557,108.688557,0.0,0.0,2026-03
63900,10,6008,"MEDLINE CURAD MEDISTRIP 1/4 X 1.5 IN, STERILE NON250114",MEDL      ,"Medline Industries, Inc.",30.0,71.94,2158.2,2025-03-04,2025-05-28,14,2026-02-25,2026-03-11,LATE,-287.0,1086.88557,1086.88557,0.0,0.0,2026-03
63903,10,6008,"MEDLINE CURAD MEDISTRIP 1/4 X 1.5 IN, STERILE NON250114",MEDL      ,"Medline Industries, Inc.",4.0,71.94,287.76,2025-03-04,2025-05-28,14,2026-02-25,2026-03-11,LATE,-287.0,144.918076,144.918076,0.0,0.0,2026-03
63908,1,6008,"MEDLINE CURAD MEDISTRIP 1/4 X 1.5 IN, STERILE NON250114",MEDL      ,"Medline Industries, Inc.",4.0,71.94,287.76,2025-03-05,2025-06-17,14,2026-02-25,2026-03-11,LATE,-267.0,144.918076,144.918076,0.0,0.0,2026-03
63910,1,6008,"MEDLINE CURAD MEDISTRIP 1/4 X 1.5 IN, STERILE NON250114",MEDL      ,"Medline Industries, Inc.",4.0,71.94,287.76,2025-03-05,2025-05-14,14,2026-02-25,2026-03-11,LATE,-301.0,144.918076,144.918076,0.0,0.0,2026-03
63941,20,6008,"MEDLINE CURAD MEDISTRIP 1/4 X 1.5 IN, STERILE NON250114",MEDL      ,"Medline Industries, Inc.",6.0,71.94,431.64,2025-03-18,2025-06-11,14,2026-02-25,2026-03-11,LATE,-273.0,217.377114,217.377114,0.0,0.0,2026-03
63943,20,6008,"MEDLINE CURAD MEDISTRIP 1/4 X 1.5 IN, STERILE NON250114",MEDL      ,"Medline Industries, Inc.",2.0,71.94,143.88,2025-03-18,2025-06-11,14,2026-02-25,2026-03-11,LATE,-273.0,72.45903799999999,72.45903799999999,0.0,0.0,2026-03
63950,30,6008,"MEDLINE CURAD MEDISTRIP 1/4 X 1.5 IN, STERILE NON250114",MEDL      ,"Medline Industries, Inc.",3.0,71.94,215.82,2025-03-18,2025-06-11,14,2026-02-25,2026-03-11,LATE,-273.0,108.688557,108.688557,0.0,0.0,2026-03
63956,10,6008,"MEDLINE CURAD MEDISTRIP 1/4 X 1.5 IN, STERILE NON250114",MEDL      ,"Medline Industries, Inc.",1.0,71.94,71.94,2025-03-18,2025-06-11,14,2026-02-25,2026-03-11,LATE,-273.0,36.229519,36.229519,0.0,0.0,2026-03
63958,10,6008,"MEDLINE CURAD MEDISTRIP 1/4 X 1.5 IN, STERILE NON250114",MEDL      ,"Medline Industries, Inc.",1.0,71.94,71.94,2025-03-18,2025-06-11,14,2026-02-25,2026-03-11,LATE,-273.0,36.229519,36.229519,0.0,0.0,2026-03
63964,10,6008,"MEDLINE CURAD MEDISTRIP 1/4 X 1.5 IN, STERILE NON250114",MEDL      ,"Medline Industries, Inc.",4.0,71.94,287.76,2025-03-18,2025-06-11,14,2026-02-25,2026-03-11,LATE,-273.0,144.918076,144.918076,0.0,0.0,2026-03
63967,1,6008,"MEDLINE CURAD MEDISTRIP 1/4 X 1.5 IN, STERILE NON250114",MEDL      ,"Medline Industries, Inc.",3.0,71.94,215.82,2025-03-18,2025-06-30,14,2026-02-25,2026-03-11,LATE,-254.0,108.688557,108.688557,0.0,0.0,2026-03
64035,1,6008,"MEDLINE CURAD MEDISTRIP 1/4 X 1.5 IN, STERILE NON250114",MEDL      ,"Medline Industries, Inc.",2.0,71.94,143.88,2025-04-02,2025-07-14,14,2026-02-25,2026-03-11,LATE,-240.0,72.45903799999999,72.45903799999999,0.0,0.0,2026-03
64070,10,6008,"MEDLINE CURAD MEDISTRIP 1/4 X 1.5 IN, STERILE NON250114",MEDL      ,"Medline Industries, Inc.",2.0,71.94,143.88,2025-04-14,2025-07-09,14,2026-02-25,2026-03-11,LATE,-245.0,72.45903799999999,72.45903799999999,0.0,0.0,2026-03
64071,10,6008,"MEDLINE CURAD MEDISTRIP 1/4 X 1.5 IN, STERILE NON250114",MEDL      ,"Medline Industries, Inc.",9.0,71.94,647.46,2025-04-14,2025-07-09,14,2026-02-25,2026-03-11,LATE,-245.0,326.06567099999995,326.06567099999995,0.0,0.0,2026-03
64073,10,6008,"MEDLINE CURAD MEDISTRIP 1/4 X 1.5 IN, STERILE NON250114",MEDL      ,"Medline Industries, Inc.",1.0,71.94,71.94,2025-04-14,2025-07-09,14,2026-02-25,2026-03-11,LATE,-245.0,36.229519,36.229519,0.0,0.0,2026-03
64076,20,6008,"MEDLINE CURAD MEDISTRIP 1/4 X 1.5 IN, STERILE NON250114",MEDL      ,"Medline Industries, Inc.",6.0,71.94,431.64,2025-04-14,2025-07-09,14,2026-02-25,2026-03-11,LATE,-245.0,217.377114,217.377114,0.0,0.0,2026-03
64079,20,6008,"MEDLINE CURAD MEDISTRIP 1/4 X 1.5 IN, STERILE NON250114",MEDL      ,"Medline Industries, Inc.",7.0,71.94,503.58,2025-04-14,2025-07-09,14,2026-02-25,2026-03-11,LATE,-245.0,253.606633,253.606633,0.0,0.0,2026-03
64089,20,6008,"MEDLINE CURAD MEDISTRIP 1/4 X 1.5 IN, STERILE NON250114",MEDL      ,"Medline Industries, Inc.",8.0,71.94,575.52,2025-04-14,2025-07-09,14,2026-02-25,2026-03-11,LATE,-245.0,289.836152,289.836152,0.0,0.0,2026-03
64131,1,6008,"MEDLINE CURAD MEDISTRIP 1/4 X 1.5 IN, STERILE NON250114",MEDL      ,"Medline Industries, Inc.",5.0,71.94,359.7,2025-04-29,2025-07-28,14,2026-02-25,2026-03-11,LATE,-226.0,181.147595,181.147595,0.0,0.0,2026-03
64299,1,6008,"MEDLINE CURAD MEDISTRIP 1/4 X 1.5 IN, STERILE NON250114",MEDL      ,"Medline Industries, Inc.",1.0,71.94,71.94,2025-06-17,2025-09-16,14,2026-02-25,2026-03-11,LATE,-176.0,36.229519,36.229519,0.0,0.0,2026-03
64093,30,6008,"MEDLINE CURAD MEDISTRIP 1/4 X 1.5 IN, STERILE NON250114",MEDL      ,"Medline Industries, Inc.",7.0,71.94,503.58,2025-04-14,2025-07-09,14,2026-02-25,2026-03-11,LATE,-245.0,253.606633,253.606633,0.0,0.0,2026-03
64457,1,6008,"MEDLINE CURAD MEDISTRIP 1/4 X 1.5 IN, STERILE NON250114",MEDL      ,"Medline Industries, Inc.",3.0,71.94,215.82,2025-08-14,2025-11-04,14,2026-02-25,2026-03-11,LATE,-127.0,108.688557,108.688557,0.0,0.0,2026-03
64460,1,6008,"MEDLINE CURAD MEDISTRIP 1/4 X 1.5 IN, STERILE NON250114",MEDL      ,"Medline Industries, Inc.",3.0,71.94,215.82,2025-08-14,2025-11-11,14,2026-02-25,2026-03-11,LATE,-120.0,108.688557,108.688557,0.0,0.0,2026-03
64465,1,6008,"MEDLINE CURAD MEDISTRIP 1/4 X 1.5 IN, STERILE NON250114",MEDL      ,"Medline Industries, Inc.",1.0,71.94,71.94,2025-08-14,2025-11-12,14,2026-02-25,2026-03-11,LATE,-119.0,36.229519,36.229519,0.0,0.0,2026-03
64582,2,6008,"MEDLINE CURAD MEDISTRIP 1/4 X 1.5 IN, STERILE NON250114",MEDL      ,"Medline Industries, Inc.",1.0,71.94,71.94,2025-09-17,2025-12-20,14,2026-02-25,2026-03-11,LATE,-81.0,36.229519,36.229519,0.0,0.0,2026-03
64930,2,6008,"MEDLINE CURAD MEDISTRIP 1/4 X 1.5 IN, STERILE NON250114",MEDL      ,"Medline Industries, Inc.",1.0,71.94,71.94,2026-01-27,2026-05-02,14,2026-02-25,2026-03-11,ON_TIME,52.0,36.229519,0.0,0.26,35.969519000000005,2026-03
64076,40,6009,MEDLINE CURAD MEDISTRIP 1/8 X 3 IN STERILE NON250318,MEDL      ,"Medline Industries, Inc.",2.0,63.44,126.88,2025-04-14,2025-07-09,14,2026-02-25,2026-03-11,LATE,-245.0,5.827585999999997,5.827585999999997,0.0,0.0,2026-03
64093,40,6009,MEDLINE CURAD MEDISTRIP 1/8 X 3 IN STERILE NON250318,MEDL      ,"Medline Industries, Inc.",5.0,63.44,317.2,2025-04-14,2025-07-09,14,2026-02-25,2026-03-11,LATE,-245.0,14.568964999999992,14.568964999999992,0.0,0.0,2026-03
63545,50,6010,MEDLINE CURAD MEDISTRIP 1/2 X 4 IN STERILE NON250412,MEDL      ,"Medline Industries, Inc.",300.0,102.0,30600.0,2024-11-22,2025-02-21,14,2026-02-25,2026-03-11,LATE,-383.0,9958.8996,9958.8996,0.0,0.0,2026-03
63551,10,6010,MEDLINE CURAD MEDISTRIP 1/2 X 4 IN STERILE NON250412,MEDL      ,"Medline Industries, Inc.",50.0,102.0,5100.0,2024-11-22,2025-02-21,14,2026-02-25,2026-03-11,LATE,-383.0,1659.8166,1659.8166,0.0,0.0,2026-03
63564,30,6010,MEDLINE CURAD MEDISTRIP 1/2 X 4 IN STERILE NON250412,MEDL      ,"Medline Industries, Inc.",75.0,102.0,7650.0,2024-11-22,2025-02-21,14,2026-02-25,2026-03-11,LATE,-383.0,2489.7249,2489.7249,0.0,0.0,2026-03
63616,60,6010,MEDLINE CURAD MEDISTRIP 1/2 X 4 IN STERILE NON250412,MEDL      ,"Medline Industries, Inc.",25.0,102.0,2550.0,2024-12-10,2025-03-10,14,2026-02-25,2026-03-11,LATE,-366.0,829.9082999999999,829.9082999999999,0.0,0.0,2026-03
63619,40,6010,MEDLINE CURAD MEDISTRIP 1/2 X 4 IN STERILE NON250412,MEDL      ,"Medline Industries, Inc.",50.0,102.0,5100.0,2024-12-10,2025-03-10,14,2026-02-25,2026-03-11,LATE,-366.0,1659.8166,1659.8166,0.0,0.0,2026-03
63670,20,6010,MEDLINE CURAD MEDISTRIP 1/2 X 4 IN STERILE NON250412,MEDL      ,"Medline Industries, Inc.",25.0,102.0,2550.0,2024-12-19,2025-03-19,14,2026-02-25,2026-03-11,LATE,-357.0,829.9082999999999,829.9082999999999,0.0,0.0,2026-03
63685,1,6010,MEDLINE CURAD MEDISTRIP 1/2 X 4 IN STERILE NON250412,MEDL      ,"Medline Industries, Inc.",20.0,102.0,2040.0,2024-12-30,2025-04-08,14,2026-02-25,2026-03-11,LATE,-337.0,663.9266399999999,663.9266399999999,0.0,0.0,2026-03
63687,1,6010,MEDLINE CURAD MEDISTRIP 1/2 X 4 IN STERILE NON250412,MEDL      ,"Medline Industries, Inc.",19.0,102.0,1938.0,2024-12-30,2025-03-28,14,2026-02-25,2026-03-11,LATE,-348.0,630.7303079999999,630.7303079999999,0.0,0.0,2026-03
63693,1,6010,MEDLINE CURAD MEDISTRIP 1/2 X 4 IN STERILE NON250412,MEDL      ,"Medline Industries, Inc.",8.0,102.0,816.0,2025-01-02,2025-04-05,14,2026-02-25,2026-03-11,LATE,-340.0,265.570656,265.570656,0.0,0.0,2026-03
63712,20,6010,MEDLINE CURAD MEDISTRIP 1/2 X 4 IN STERILE NON250412,MEDL      ,"Medline Industries, Inc.",25.0,102.0,2550.0,2025-01-07,2025-04-03,14,2026-02-25,2026-03-11,LATE,-342.0,829.9082999999999,829.9082999999999,0.0,0.0,2026-03
63763,30,6010,MEDLINE CURAD MEDISTRIP 1/2 X 4 IN STERILE NON250412,MEDL      ,"Medline Industries, Inc.",25.0,102.0,2550.0,2025-01-21,2025-04-16,14,2026-02-25,2026-03-11,LATE,-329.0,829.9082999999999,829.9082999999999,0.0,0.0,2026-03
63766,1,6010,MEDLINE CURAD MEDISTRIP 1/2 X 4 IN STERILE NON250412,MEDL      ,"Medline Industries, Inc.",20.0,102.0,2040.0,2025-01-22,2025-05-04,14,2026-02-25,2026-03-11,LATE,-311.0,663.9266399999999,663.9266399999999,0.0,0.0,2026-03
63801,20,6010,MEDLINE CURAD MEDISTRIP 1/2 X 4 IN STERILE NON250412,MEDL      ,"Medline Industries, Inc.",23.0,102.0,2346.0,2025-02-04,2025-04-30,14,2026-02-25,2026-03-11,LATE,-315.0,763.515636,763.515636,0.0,0.0,2026-03
63808,1,6010,MEDLINE CURAD MEDISTRIP 1/2 X 4 IN STERILE NON250412,MEDL      ,"Medline Industries, Inc.",9.0,102.0,918.0,2025-02-04,2025-05-06,14,2026-02-25,2026-03-11,LATE,-309.0,298.766988,298.766988,0.0,0.0,2026-03
63839,10,6010,MEDLINE CURAD MEDISTRIP 1/2 X 4 IN STERILE NON250412,MEDL      ,"Medline Industries, Inc.",1.0,102.0,102.0,2025-02-18,2025-05-13,14,2026-02-25,2026-03-11,LATE,-302.0,33.196332,33.196332,0.0,0.0,2026-03
63842,30,6010,MEDLINE CURAD MEDISTRIP 1/2 X 4 IN STERILE NON250412,MEDL      ,"Medline Industries, Inc.",25.0,102.0,2550.0,2025-02-18,2025-05-13,14,2026-02-25,2026-03-11,LATE,-302.0,829.9082999999999,829.9082999999999,0.0,0.0,2026-03
63893,10,6010,MEDLINE CURAD MEDISTRIP 1/2 X 4 IN STERILE NON250412,MEDL      ,"Medline Industries, Inc.",2.0,102.0,204.0,2025-03-04,2025-05-28,14,2026-02-25,2026-03-11,LATE,-287.0,66.392664,66.392664,0.0,0.0,2026-03
63900,30,6010,MEDLINE CURAD MEDISTRIP 1/2 X 4 IN STERILE NON250412,MEDL      ,"Medline Industries, Inc.",25.0,102.0,2550.0,2025-03-04,2025-05-28,14,2026-02-25,2026-03-11,LATE,-287.0,829.9082999999999,829.9082999999999,0.0,0.0,2026-03
63903,20,6010,MEDLINE CURAD MEDISTRIP 1/2 X 4 IN STERILE NON250412,MEDL      ,"Medline Industries, Inc.",25.0,102.0,2550.0,2025-03-04,2025-05-28,14,2026-02-25,2026-03-11,LATE,-287.0,829.9082999999999,829.9082999999999,0.0,0.0,2026-03
63944,20,6010,MEDLINE CURAD MEDISTRIP 1/2 X 4 IN STERILE NON250412,MEDL      ,"Medline Industries, Inc.",25.0,102.0,2550.0,2025-03-18,2025-06-11,14,2026-02-25,2026-03-11,LATE,-273.0,829.9082999999999,829.9082999999999,0.0,0.0,2026-03
63946,30,6010,MEDLINE CURAD MEDISTRIP 1/2 X 4 IN STERILE NON250412,MEDL      ,"Medline Industries, Inc.",25.0,102.0,2550.0,2025-03-18,2025-06-11,14,2026-02-25,2026-03-11,LATE,-273.0,829.9082999999999,829.9082999999999,0.0,0.0,2026-03
64051,1,6010,MEDLINE CURAD MEDISTRIP 1/2 X 4 IN STERILE NON250412,MEDL      ,"Medline Industries, Inc.",20.0,102.0,2040.0,2025-04-10,2025-07-21,14,2026-02-25,2026-03-11,LATE,-233.0,663.9266399999999,663.9266399999999,0.0,0.0,2026-03
64072,10,6010,MEDLINE CURAD MEDISTRIP 1/2 X 4 IN STERILE NON250412,MEDL      ,"Medline Industries, Inc.",1.0,102.0,102.0,2025-04-14,2025-07-09,14,2026-02-25,2026-03-11,LATE,-245.0,33.196332,33.196332,0.0,0.0,2026-03
64074,30,6010,MEDLINE CURAD MEDISTRIP 1/2 X 4 IN STERILE NON250412,MEDL      ,"Medline Industries, Inc.",4.0,102.0,408.0,2025-04-14,2025-07-09,14,2026-02-25,2026-03-11,LATE,-245.0,132.785328,132.785328,0.0,0.0,2026-03
64076,50,6010,MEDLINE CURAD MEDISTRIP 1/2 X 4 IN STERILE NON250412,MEDL      ,"Medline Industries, Inc.",25.0,102.0,2550.0,2025-04-14,2025-07-09,14,2026-02-25,2026-03-11,LATE,-245.0,829.9082999999999,829.9082999999999,0.0,0.0,2026-03
64078,10,6010,MEDLINE CURAD MEDISTRIP 1/2 X 4 IN STERILE NON250412,MEDL      ,"Medline Industries, Inc.",1.0,102.0,102.0,2025-04-14,2025-07-09,14,2026-02-25,2026-03-11,LATE,-245.0,33.196332,33.196332,0.0,0.0,2026-03
64079,40,6010,MEDLINE CURAD MEDISTRIP 1/2 X 4 IN STERILE NON250412,MEDL      ,"Medline Industries, Inc.",25.0,102.0,2550.0,2025-04-14,2025-07-09,14,2026-02-25,2026-03-11,LATE,-245.0,829.9082999999999,829.9082999999999,0.0,0.0,2026-03
64095,20,6010,MEDLINE CURAD MEDISTRIP 1/2 X 4 IN STERILE NON250412,MEDL      ,"Medline Industries, Inc.",50.0,102.0,5100.0,2025-04-14,2025-07-09,14,2026-02-25,2026-03-11,LATE,-245.0,1659.8166,1659.8166,0.0,0.0,2026-03
64132,1,6010,MEDLINE CURAD MEDISTRIP 1/2 X 4 IN STERILE NON250412,MEDL      ,"Medline Industries, Inc.",1.0,102.0,102.0,2025-04-29,2025-08-04,14,2026-02-25,2026-03-11,LATE,-219.0,33.196332,33.196332,0.0,0.0,2026-03
64180,1,6010,MEDLINE CURAD MEDISTRIP 1/2 X 4 IN STERILE NON250412,MEDL      ,"Medline Industries, Inc.",20.0,102.0,2040.0,2025-05-13,2025-08-19,14,2026-02-25,2026-03-11,LATE,-204.0,663.9266399999999,663.9266399999999,0.0,0.0,2026-03
64209,1,6010,MEDLINE CURAD MEDISTRIP 1/2 X 4 IN STERILE NON250412,MEDL      ,"Medline Industries, Inc.",1.0,102.0,102.0,2025-05-21,2025-08-25,14,2026-02-25,2026-03-11,LATE,-198.0,33.196332,33.196332,0.0,0.0,2026-03
64322,1,6010,MEDLINE CURAD MEDISTRIP 1/2 X 4 IN STERILE NON250412,MEDL      ,"Medline Industries, Inc.",20.0,102.0,2040.0,2025-06-24,2025-09-30,14,2026-02-25,2026-03-11,LATE,-162.0,663.9266399999999,663.9266399999999,0.0,0.0,2026-03
64324,1,6010,MEDLINE CURAD MEDISTRIP 1/2 X 4 IN STERILE NON250412,MEDL      ,"Medline Industries, Inc.",25.0,102.0,2550.0,2025-06-24,2025-09-23,14,2026-02-25,2026-03-11,LATE,-169.0,829.9082999999999,829.9082999999999,0.0,0.0,2026-03
64333,1,6010,MEDLINE CURAD MEDISTRIP 1/2 X 4 IN STERILE NON250412,MEDL      ,"Medline Industries, Inc.",8.0,102.0,816.0,2025-07-01,2025-09-30,14,2026-02-25,2026-03-11,LATE,-162.0,265.570656,265.570656,0.0,0.0,2026-03
64371,2,6010,MEDLINE CURAD MEDISTRIP 1/2 X 4 IN STERILE NON250412,MEDL      ,"Medline Industries, Inc.",1.0,102.0,102.0,2025-07-15,2025-10-18,14,2026-02-25,2026-03-11,LATE,-144.0,33.196332,33.196332,0.0,0.0,2026-03
64455,1,6010,MEDLINE CURAD MEDISTRIP 1/2 X 4 IN STERILE NON250412,MEDL      ,"Medline Industries, Inc.",20.0,102.0,2040.0,2025-08-14,2025-11-12,14,2026-02-25,2026-03-11,LATE,-119.0,663.9266399999999,663.9266399999999,0.0,0.0,2026-03
64491,1,6010,MEDLINE CURAD MEDISTRIP 1/2 X 4 IN STERILE NON250412,MEDL      ,"Medline Industries, Inc.",20.0,102.0,2040.0,2025-08-19,2025-11-29,14,2026-02-25,2026-03-11,LATE,-102.0,663.9266399999999,663.9266399999999,0.0,0.0,2026-03
64602,1,6010,MEDLINE CURAD MEDISTRIP 1/2 X 4 IN STERILE NON250412,CENTURION ,Centurion Medical Products Corp,50.0,102.0,5100.0,2025-09-23,2025-12-31,14,2026-02-25,2026-03-11,LATE,-70.0,1659.8166,1659.8166,0.0,0.0,2026-03
64608,1,6010,MEDLINE CURAD MEDISTRIP 1/2 X 4 IN STERILE NON250412,MEDL      ,"Medline Industries, Inc.",6.0,102.0,612.0,2025-09-23,2025-12-26,14,2026-02-25,2026-03-11,LATE,-75.0,199.177992,199.177992,0.0,0.0,2026-03
64623,1,6010,MEDLINE CURAD MEDISTRIP 1/2 X 4 IN STERILE NON250412,MEDL      ,"Medline Industries, Inc.",20.0,102.0,2040.0,2025-09-30,2026-01-10,14,2026-02-25,2026-03-11,LATE,-60.0,663.9266399999999,663.9266399999999,0.0,0.0,2026-03
64765,1,6010,MEDLINE CURAD MEDISTRIP 1/2 X 4 IN STERILE NON250412,MEDL      ,"Medline Industries, Inc.",21.0,102.0,2142.0,2025-11-19,2026-02-28,14,2026-02-25,2026-03-11,LATE,-11.0,697.122972,153.36705384,0.0,543.75591816,2026-03
64820,1,6010,MEDLINE CURAD MEDISTRIP 1/2 X 4 IN STERILE NON250412,MEDL      ,"Medline Industries, Inc.",1.0,102.0,102.0,2025-12-10,2026-03-17,14,2026-02-25,2026-03-11,ON_TIME,6.0,33.196332,0.0,0.03,33.166332,2026-03
64821,1,6010,MEDLINE CURAD MEDISTRIP 1/2 X 4 IN STERILE NON250412,MEDL      ,"Medline Industries, Inc.",9.0,102.0,918.0,2025-12-10,2026-03-14,14,2026-02-25,2026-03-11,ON_TIME,3.0,298.766988,0.0,0.135,298.63198800000004,2026-03
64964,1,6010,MEDLINE CURAD MEDISTRIP 1/2 X 4 IN STERILE NON250412,MEDL      ,"Medline Industries, Inc.",20.0,102.0,2040.0,2026-02-04,2026-05-10,14,2026-02-25,2026-03-11,ON_TIME,60.0,663.9266399999999,0.0,6.0,657.9266399999999,2026-03
63455,30,6011,MEDLINE CURAD MEDISTRIP 1/4 X 4 IN STERILE NON250414,MEDL      ,"Medline Industries, Inc.",182.0,127.14,23139.48,2024-10-29,2025-01-28,14,2026-02-25,2026-03-11,LATE,-407.0,10556.158522000002,10556.158522000002,0.0,0.0,2026-03
63558,10,6011,MEDLINE CURAD MEDISTRIP 1/4 X 4 IN STERILE NON250414,MEDL      ,"Medline Industries, Inc.",26.0,127.14,3305.64,2024-11-22,2025-02-21,14,2026-02-25,2026-03-11,LATE,-383.0,1508.022646,1508.022646,0.0,0.0,2026-03
63559,30,6011,MEDLINE CURAD MEDISTRIP 1/4 X 4 IN STERILE NON250414,MEDL      ,"Medline Industries, Inc.",8.0,127.14,1017.12,2024-11-22,2025-02-21,14,2026-02-25,2026-03-11,LATE,-383.0,464.006968,464.006968,0.0,0.0,2026-03
63612,60,6011,MEDLINE CURAD MEDISTRIP 1/4 X 4 IN STERILE NON250414,MEDL      ,"Medline Industries, Inc.",104.0,127.14,13222.56,2024-12-10,2025-03-10,14,2026-02-25,2026-03-11,LATE,-366.0,6032.0905840000005,6032.0905840000005,0.0,0.0,2026-03
63613,10,6011,MEDLINE CURAD MEDISTRIP 1/4 X 4 IN STERILE NON250414,MEDL      ,"Medline Industries, Inc.",17.0,127.14,2161.38,2024-12-10,2025-03-10,14,2026-02-25,2026-03-11,LATE,-366.0,986.014807,986.014807,0.0,0.0,2026-03
63627,10,6011,MEDLINE CURAD MEDISTRIP 1/4 X 4 IN STERILE NON250414,MEDL      ,"Medline Industries, Inc.",3.0,127.14,381.42,2024-12-10,2025-03-10,14,2026-02-25,2026-03-11,LATE,-366.0,174.002613,174.002613,0.0,0.0,2026-03
63614,10,6011,MEDLINE CURAD MEDISTRIP 1/4 X 4 IN STERILE NON250414,MEDL      ,"Medline Industries, Inc.",5.0,127.14,635.7,2024-12-10,2025-03-10,14,2026-02-25,2026-03-11,LATE,-366.0,290.00435500000003,290.00435500000003,0.0,0.0,2026-03
63622,40,6011,MEDLINE CURAD MEDISTRIP 1/4 X 4 IN STERILE NON250414,MEDL      ,"Medline Industries, Inc.",17.0,127.14,2161.38,2024-12-10,2025-03-10,14,2026-02-25,2026-03-11,LATE,-366.0,986.014807,986.014807,0.0,0.0,2026-03
63659,10,6011,MEDLINE CURAD MEDISTRIP 1/4 X 4 IN STERILE NON250414,MEDL      ,"Medline Industries, Inc.",26.0,127.14,3305.64,2024-12-19,2025-03-19,14,2026-02-25,2026-03-11,LATE,-357.0,1508.022646,1508.022646,0.0,0.0,2026-03
63661,30,6011,MEDLINE CURAD MEDISTRIP 1/4 X 4 IN STERILE NON250414,MEDL      ,"Medline Industries, Inc.",16.0,127.14,2034.24,2024-12-19,2025-03-19,14,2026-02-25,2026-03-11,LATE,-357.0,928.013936,928.013936,0.0,0.0,2026-03
63671,10,6011,MEDLINE CURAD MEDISTRIP 1/4 X 4 IN STERILE NON250414,MEDL      ,"Medline Industries, Inc.",2.0,127.14,254.28,2024-12-19,2025-03-19,14,2026-02-25,2026-03-11,LATE,-357.0,116.001742,116.001742,0.0,0.0,2026-03
63703,10,6011,MEDLINE CURAD MEDISTRIP 1/4 X 4 IN STERILE NON250414,MEDL      ,"Medline Industries, Inc.",1.0,127.14,127.14,2025-01-07,2025-04-03,14,2026-02-25,2026-03-11,LATE,-342.0,58.000871,58.000871,0.0,0.0,2026-03
63762,10,6011,MEDLINE CURAD MEDISTRIP 1/4 X 4 IN STERILE NON250414,MEDL      ,"Medline Industries, Inc.",2.0,127.14,254.28,2025-01-21,2025-04-16,14,2026-02-25,2026-03-11,LATE,-329.0,116.001742,116.001742,0.0,0.0,2026-03
63806,1,6011,MEDLINE CURAD MEDISTRIP 1/4 X 4 IN STERILE NON250414,MEDL      ,"Medline Industries, Inc.",1.0,127.14,127.14,2025-02-04,2025-05-09,14,2026-02-25,2026-03-11,LATE,-306.0,58.000871,58.000871,0.0,0.0,2026-03
63970,1,6011,MEDLINE CURAD MEDISTRIP 1/4 X 4 IN STERILE NON250414,MEDL      ,"Medline Industries, Inc.",1.0,127.14,127.14,2025-03-18,2025-06-17,14,2026-02-25,2026-03-11,LATE,-267.0,58.000871,58.000871,0.0,0.0,2026-03
64004,1,6011,MEDLINE CURAD MEDISTRIP 1/4 X 4 IN STERILE NON250414,MEDL      ,"Medline Industries, Inc.",2.0,127.14,254.28,2025-04-01,2025-07-04,14,2026-02-25,2026-03-11,LATE,-250.0,116.001742,116.001742,0.0,0.0,2026-03
64457,2,6011,MEDLINE CURAD MEDISTRIP 1/4 X 4 IN STERILE NON250414,MEDL      ,"Medline Industries, Inc.",1.0,127.14,127.14,2025-08-14,2025-11-04,14,2026-02-25,2026-03-11,LATE,-127.0,58.000871,58.000871,0.0,0.0,2026-03
64716,2,6011,MEDLINE CURAD MEDISTRIP 1/4 X 4 IN STERILE NON250414,MEDL      ,"Medline Industries, Inc.",1.0,127.14,127.14,2025-10-28,2026-02-02,14,2026-02-25,2026-03-11,LATE,-37.0,58.000871,42.92064454,0.0,15.080226459999999,2026-03
64873,1,6011,MEDLINE CURAD MEDISTRIP 1/4 X 4 IN STERILE NON250414,MEDL      ,"Medline Industries, Inc.",1.0,127.14,127.14,2026-01-06,2026-04-11,14,2026-02-25,2026-03-11,ON_TIME,31.0,58.000871,0.0,0.155,57.845870999999995,2026-03
64076,30,6012,MEDLINE CURAD MEDISTRIP 1/4 X 3 IN STERILE NON250314,MEDL      ,"Medline Industries, Inc.",7.0,66.77,467.39,2025-04-14,2025-07-09,14,2026-02-25,2026-03-11,LATE,-245.0,333.153625,333.153625,0.0,0.0,2026-03
64079,30,6012,MEDLINE CURAD MEDISTRIP 1/4 X 3 IN STERILE NON250314,MEDL      ,"Medline Industries, Inc.",356.0,66.77,23770.12,2025-04-14,2025-07-09,14,2026-02-25,2026-03-11,LATE,-245.0,16943.241499999996,16943.241499999996,0.0,0.0,2026-03
64088,10,6012,MEDLINE CURAD MEDISTRIP 1/4 X 3 IN STERILE NON250314,MEDL      ,"Medline Industries, Inc.",9.0,66.77,600.93,2025-04-14,2025-07-09,14,2026-02-25,2026-03-11,LATE,-245.0,428.340375,428.340375,0.0,0.0,2026-03
64089,30,6012,MEDLINE CURAD MEDISTRIP 1/4 X 3 IN STERILE NON250314,MEDL      ,"Medline Industries, Inc.",4.0,66.77,267.08,2025-04-14,2025-07-09,14,2026-02-25,2026-03-11,LATE,-245.0,190.3735,190.3735,0.0,0.0,2026-03
64090,20,6012,MEDLINE CURAD MEDISTRIP 1/4 X 3 IN STERILE NON250314,MEDL      ,"Medline Industries, Inc.",5.0,66.77,333.85,2025-04-14,2025-07-09,14,2026-02-25,2026-03-11,LATE,-245.0,237.966875,237.966875,0.0,0.0,2026-03
64243,1,6012,MEDLINE CURAD MEDISTRIP 1/4 X 3 IN STERILE NON250314,MEDL      ,"Medline Industries, Inc.",1.0,66.77,66.77,2025-06-03,2025-09-02,14,2026-02-25,2026-03-11,LATE,-190.0,47.593375,47.593375,0.0,0.0,2026-03
64716,1,6012,MEDLINE CURAD MEDISTRIP 1/4 X 3 IN STERILE NON250314,MEDL      ,"Medline Industries, Inc.",3.0,66.77,200.31,2025-10-28,2026-02-02,14,2026-02-25,2026-03-11,LATE,-37.0,142.780125,105.6572925,0.0,37.1228325,2026-03
64749,1,6012,MEDLINE CURAD MEDISTRIP 1/4 X 3 IN STERILE NON250314,MEDL      ,"Medline Industries, Inc.",11.0,66.77,734.47,2025-11-12,2026-02-17,14,2026-02-25,2026-03-11,LATE,-22.0,523.527125,230.35193499999997,0.0,293.17519,2026-03
63836,10,6013,MEDLINE CURAD MEDI STRIP 1 X 5 NON250501,MEDL      ,"Medline Industries, Inc.",3.0,123.0,369.0,2025-02-18,2025-05-13,14,2026-02-25,2026-03-11,LATE,-302.0,180.164301,180.164301,0.0,0.0,2026-03
63843,20,6013,MEDLINE CURAD MEDI STRIP 1 X 5 NON250501,MEDL      ,"Medline Industries, Inc.",1.0,123.0,123.0,2025-02-18,2025-05-13,14,2026-02-25,2026-03-11,LATE,-302.0,60.054767,60.054767,0.0,0.0,2026-03
63854,20,6013,MEDLINE CURAD MEDI STRIP 1 X 5 NON250501,MEDL      ,"Medline Industries, Inc.",5.0,123.0,615.0,2025-02-18,2025-05-13,14,2026-02-25,2026-03-11,LATE,-302.0,300.273835,300.273835,0.0,0.0,2026-03
63855,10,6013,MEDLINE CURAD MEDI STRIP 1 X 5 NON250501,MEDL      ,"Medline Industries, Inc.",37.0,123.0,4551.0,2025-02-18,2025-05-13,14,2026-02-25,2026-03-11,LATE,-302.0,2222.026379,2222.026379,0.0,0.0,2026-03
63882,20,6013,MEDLINE CURAD MEDI STRIP 1 X 5 NON250501,MEDL      ,"Medline Industries, Inc.",5.0,123.0,615.0,2025-03-04,2025-05-28,14,2026-02-25,2026-03-11,LATE,-287.0,300.273835,300.273835,0.0,0.0,2026-03
63883,30,6013,MEDLINE CURAD MEDI STRIP 1 X 5 NON250501,MEDL      ,"Medline Industries, Inc.",9.0,123.0,1107.0,2025-03-04,2025-05-28,14,2026-02-25,2026-03-11,LATE,-287.0,540.492903,540.492903,0.0,0.0,2026-03
63885,10,6013,MEDLINE CURAD MEDI STRIP 1 X 5 NON250501,MEDL      ,"Medline Industries, Inc.",3.0,123.0,369.0,2025-03-04,2025-05-28,14,2026-02-25,2026-03-11,LATE,-287.0,180.164301,180.164301,0.0,0.0,2026-03
63886,30,6013,MEDLINE CURAD MEDI STRIP 1 X 5 NON250501,MEDL      ,"Medline Industries, Inc.",2.0,123.0,246.0,2025-03-04,2025-05-28,14,2026-02-25,2026-03-11,LATE,-287.0,120.109534,120.109534,0.0,0.0,2026-03
63887,30,6013,MEDLINE CURAD MEDI STRIP 1 X 5 NON250501,MEDL      ,"Medline Industries, Inc.",9.0,123.0,1107.0,2025-03-04,2025-05-28,14,2026-02-25,2026-03-11,LATE,-287.0,540.492903,540.492903,0.0,0.0,2026-03
63888,40,6013,MEDLINE CURAD MEDI STRIP 1 X 5 NON250501,MEDL      ,"Medline Industries, Inc.",4.0,123.0,492.0,2025-03-04,2025-05-28,14,2026-02-25,2026-03-11,LATE,-287.0,240.219068,240.219068,0.0,0.0,2026-03
63890,10,6013,MEDLINE CURAD MEDI STRIP 1 X 5 NON250501,MEDL      ,"Medline Industries, Inc.",1.0,123.0,123.0,2025-03-04,2025-05-28,14,2026-02-25,2026-03-11,LATE,-287.0,60.054767,60.054767,0.0,0.0,2026-03
63891,30,6013,MEDLINE CURAD MEDI STRIP 1 X 5 NON250501,MEDL      ,"Medline Industries, Inc.",8.0,123.0,984.0,2025-03-04,2025-05-28,14,2026-02-25,2026-03-11,LATE,-287.0,480.438136,480.438136,0.0,0.0,2026-03
63892,20,6013,MEDLINE CURAD MEDI STRIP 1 X 5 NON250501,MEDL      ,"Medline Industries, Inc.",4.0,123.0,492.0,2025-03-04,2025-05-28,14,2026-02-25,2026-03-11,LATE,-287.0,240.219068,240.219068,0.0,0.0,2026-03
63897,20,6013,MEDLINE CURAD MEDI STRIP 1 X 5 NON250501,MEDL      ,"Medline Industries, Inc.",2.0,123.0,246.0,2025-03-04,2025-05-28,14,2026-02-25,2026-03-11,LATE,-287.0,120.109534,120.109534,0.0,0.0,2026-03
63899,10,6013,MEDLINE CURAD MEDI STRIP 1 X 5 NON250501,MEDL      ,"Medline Industries, Inc.",6.0,123.0,738.0,2025-03-04,2025-05-28,14,2026-02-25,2026-03-11,LATE,-287.0,360.328602,360.328602,0.0,0.0,2026-03
63901,20,6013,MEDLINE CURAD MEDI STRIP 1 X 5 NON250501,MEDL      ,"Medline Industries, Inc.",8.0,123.0,984.0,2025-03-04,2025-05-28,14,2026-02-25,2026-03-11,LATE,-287.0,480.438136,480.438136,0.0,0.0,2026-03
63902,20,6013,MEDLINE CURAD MEDI STRIP 1 X 5 NON250501,MEDL      ,"Medline Industries, Inc.",1.0,123.0,123.0,2025-03-04,2025-05-28,14,2026-02-25,2026-03-11,LATE,-287.0,60.054767,60.054767,0.0,0.0,2026-03
63941,30,6013,MEDLINE CURAD MEDI STRIP 1 X 5 NON250501,MEDL      ,"Medline Industries, Inc.",4.0,123.0,492.0,2025-03-18,2025-06-11,14,2026-02-25,2026-03-11,LATE,-273.0,240.219068,240.219068,0.0,0.0,2026-03
63942,10,6013,MEDLINE CURAD MEDI STRIP 1 X 5 NON250501,MEDL      ,"Medline Industries, Inc.",1.0,123.0,123.0,2025-03-18,2025-06-11,14,2026-02-25,2026-03-11,LATE,-273.0,60.054767,60.054767,0.0,0.0,2026-03
63943,30,6013,MEDLINE CURAD MEDI STRIP 1 X 5 NON250501,MEDL      ,"Medline Industries, Inc.",3.0,123.0,369.0,2025-03-18,2025-06-11,14,2026-02-25,2026-03-11,LATE,-273.0,180.164301,180.164301,0.0,0.0,2026-03
63945,10,6013,MEDLINE CURAD MEDI STRIP 1 X 5 NON250501,MEDL      ,"Medline Industries, Inc.",3.0,123.0,369.0,2025-03-18,2025-06-11,14,2026-02-25,2026-03-11,LATE,-273.0,180.164301,180.164301,0.0,0.0,2026-03
63947,40,6013,MEDLINE CURAD MEDI STRIP 1 X 5 NON250501,MEDL      ,"Medline Industries, Inc.",4.0,123.0,492.0,2025-03-18,2025-06-11,14,2026-02-25,2026-03-11,LATE,-273.0,240.219068,240.219068,0.0,0.0,2026-03
63948,10,6013,MEDLINE CURAD MEDI STRIP 1 X 5 NON250501,MEDL      ,"Medline Industries, Inc.",4.0,123.0,492.0,2025-03-18,2025-06-11,14,2026-02-25,2026-03-11,LATE,-273.0,240.219068,240.219068,0.0,0.0,2026-03
63949,10,6013,MEDLINE CURAD MEDI STRIP 1 X 5 NON250501,MEDL      ,"Medline Industries, Inc.",2.0,123.0,246.0,2025-03-18,2025-06-11,14,2026-02-25,2026-03-11,LATE,-273.0,120.109534,120.109534,0.0,0.0,2026-03
63951,10,6013,MEDLINE CURAD MEDI STRIP 1 X 5 NON250501,MEDL      ,"Medline Industries, Inc.",4.0,123.0,492.0,2025-03-18,2025-06-11,14,2026-02-25,2026-03-11,LATE,-273.0,240.219068,240.219068,0.0,0.0,2026-03
63955,10,6013,MEDLINE CURAD MEDI STRIP 1 X 5 NON250501,MEDL      ,"Medline Industries, Inc.",6.0,123.0,738.0,2025-03-18,2025-06-11,14,2026-02-25,2026-03-11,LATE,-273.0,360.328602,360.328602,0.0,0.0,2026-03
63957,10,6013,MEDLINE CURAD MEDI STRIP 1 X 5 NON250501,MEDL      ,"Medline Industries, Inc.",1.0,123.0,123.0,2025-03-18,2025-06-11,14,2026-02-25,2026-03-11,LATE,-273.0,60.054767,60.054767,0.0,0.0,2026-03
63960,10,6013,MEDLINE CURAD MEDI STRIP 1 X 5 NON250501,MEDL      ,"Medline Industries, Inc.",1.0,123.0,123.0,2025-03-18,2025-06-11,14,2026-02-25,2026-03-11,LATE,-273.0,60.054767,60.054767,0.0,0.0,2026-03
63961,20,6013,MEDLINE CURAD MEDI STRIP 1 X 5 NON250501,MEDL      ,"Medline Industries, Inc.",4.0,123.0,492.0,2025-03-18,2025-06-11,14,2026-02-25,2026-03-11,LATE,-273.0,240.219068,240.219068,0.0,0.0,2026-03
63962,30,6013,MEDLINE CURAD MEDI STRIP 1 X 5 NON250501,MEDL      ,"Medline Industries, Inc.",4.0,123.0,492.0,2025-03-18,2025-06-11,14,2026-02-25,2026-03-11,LATE,-273.0,240.219068,240.219068,0.0,0.0,2026-03
63963,30,6013,MEDLINE CURAD MEDI STRIP 1 X 5 NON250501,MEDL      ,"Medline Industries, Inc.",2.0,123.0,246.0,2025-03-18,2025-06-11,14,2026-02-25,2026-03-11,LATE,-273.0,120.109534,120.109534,0.0,0.0,2026-03
63964,30,6013,MEDLINE CURAD MEDI STRIP 1 X 5 NON250501,MEDL      ,"Medline Industries, Inc.",6.0,123.0,738.0,2025-03-18,2025-06-11,14,2026-02-25,2026-03-11,LATE,-273.0,360.328602,360.328602,0.0,0.0,2026-03
64069,10,6013,MEDLINE CURAD MEDI STRIP 1 X 5 NON250501,MEDL      ,"Medline Industries, Inc.",13.0,123.0,1599.0,2025-04-14,2025-07-09,14,2026-02-25,2026-03-11,LATE,-245.0,780.711971,780.711971,0.0,0.0,2026-03
64070,30,6013,MEDLINE CURAD MEDI STRIP 1 X 5 NON250501,MEDL      ,"Medline Industries, Inc.",4.0,123.0,492.0,2025-04-14,2025-07-09,14,2026-02-25,2026-03-11,LATE,-245.0,240.219068,240.219068,0.0,0.0,2026-03
64075,10,6013,MEDLINE CURAD MEDI STRIP 1 X 5 NON250501,MEDL      ,"Medline Industries, Inc.",3.0,123.0,369.0,2025-04-14,2025-07-09,14,2026-02-25,2026-03-11,LATE,-245.0,180.164301,180.164301,0.0,0.0,2026-03
64076,60,6013,MEDLINE CURAD MEDI STRIP 1 X 5 NON250501,MEDL      ,"Medline Industries, Inc.",10.0,123.0,1230.0,2025-04-14,2025-07-09,14,2026-02-25,2026-03-11,LATE,-245.0,600.5476699999999,600.5476699999999,0.0,0.0,2026-03
64077,40,6013,MEDLINE CURAD MEDI STRIP 1 X 5 NON250501,MEDL      ,"Medline Industries, Inc.",7.0,123.0,861.0,2025-04-14,2025-07-09,14,2026-02-25,2026-03-11,LATE,-245.0,420.383369,420.383369,0.0,0.0,2026-03
64080,20,6013,MEDLINE CURAD MEDI STRIP 1 X 5 NON250501,MEDL      ,"Medline Industries, Inc.",19.0,123.0,2337.0,2025-04-14,2025-07-09,14,2026-02-25,2026-03-11,LATE,-245.0,1141.040573,1141.040573,0.0,0.0,2026-03
63898,10,6013,MEDLINE CURAD MEDI STRIP 1 X 5 NON250501,MEDL      ,"Medline Industries, Inc.",7.0,123.0,861.0,2025-03-04,2025-05-28,14,2026-02-25,2026-03-11,LATE,-287.0,420.383369,420.383369,0.0,0.0,2026-03
63900,40,6013,MEDLINE CURAD MEDI STRIP 1 X 5 NON250501,MEDL      ,"Medline Industries, Inc.",14.0,123.0,1722.0,2025-03-04,2025-05-28,14,2026-02-25,2026-03-11,LATE,-287.0,840.766738,840.766738,0.0,0.0,2026-03
64081,30,6013,MEDLINE CURAD MEDI STRIP 1 X 5 NON250501,MEDL      ,"Medline Industries, Inc.",14.0,123.0,1722.0,2025-04-14,2025-07-09,14,2026-02-25,2026-03-11,LATE,-245.0,840.766738,840.766738,0.0,0.0,2026-03
64082,20,6013,MEDLINE CURAD MEDI STRIP 1 X 5 NON250501,MEDL      ,"Medline Industries, Inc.",11.0,123.0,1353.0,2025-04-14,2025-07-09,14,2026-02-25,2026-03-11,LATE,-245.0,660.602437,660.602437,0.0,0.0,2026-03
64083,10,6013,MEDLINE CURAD MEDI STRIP 1 X 5 NON250501,MEDL      ,"Medline Industries, Inc.",11.0,123.0,1353.0,2025-04-14,2025-07-09,14,2026-02-25,2026-03-11,LATE,-245.0,660.602437,660.602437,0.0,0.0,2026-03
64085,10,6013,MEDLINE CURAD MEDI STRIP 1 X 5 NON250501,MEDL      ,"Medline Industries, Inc.",10.0,123.0,1230.0,2025-04-14,2025-07-09,14,2026-02-25,2026-03-11,LATE,-245.0,600.5476699999999,600.5476699999999,0.0,0.0,2026-03
64087,50,6013,MEDLINE CURAD MEDI STRIP 1 X 5 NON250501,MEDL      ,"Medline Industries, Inc.",11.0,123.0,1353.0,2025-04-14,2025-07-09,14,2026-02-25,2026-03-11,LATE,-245.0,660.602437,660.602437,0.0,0.0,2026-03
64089,50,6013,MEDLINE CURAD MEDI STRIP 1 X 5 NON250501,MEDL      ,"Medline Industries, Inc.",2.0,123.0,246.0,2025-04-14,2025-07-09,14,2026-02-25,2026-03-11,LATE,-245.0,120.109534,120.109534,0.0,0.0,2026-03
64090,30,6013,MEDLINE CURAD MEDI STRIP 1 X 5 NON250501,MEDL      ,"Medline Industries, Inc.",3.0,123.0,369.0,2025-04-14,2025-07-09,14,2026-02-25,2026-03-11,LATE,-245.0,180.164301,180.164301,0.0,0.0,2026-03
64093,50,6013,MEDLINE CURAD MEDI STRIP 1 X 5 NON250501,MEDL      ,"Medline Industries, Inc.",30.0,123.0,3690.0,2025-04-14,2025-07-09,14,2026-02-25,2026-03-11,LATE,-245.0,1801.64301,1801.64301,0.0,0.0,2026-03
64094,10,6013,MEDLINE CURAD MEDI STRIP 1 X 5 NON250501,MEDL      ,"Medline Industries, Inc.",13.0,123.0,1599.0,2025-04-14,2025-07-09,14,2026-02-25,2026-03-11,LATE,-245.0,780.711971,780.711971,0.0,0.0,2026-03
64095,30,6013,MEDLINE CURAD MEDI STRIP 1 X 5 NON250501,MEDL      ,"Medline Industries, Inc.",4.0,123.0,492.0,2025-04-14,2025-07-09,14,2026-02-25,2026-03-11,LATE,-245.0,240.219068,240.219068,0.0,0.0,2026-03
64096,20,6013,MEDLINE CURAD MEDI STRIP 1 X 5 NON250501,MEDL      ,"Medline Industries, Inc.",11.0,123.0,1353.0,2025-04-14,2025-07-09,14,2026-02-25,2026-03-11,LATE,-245.0,660.602437,660.602437,0.0,0.0,2026-03
64332,1,6013,MEDLINE CURAD MEDI STRIP 1 X 5 NON250501,MEDL      ,"Medline Industries, Inc.",21.0,123.0,2583.0,2025-07-01,,14,2026-02-25,2026-03-11,NO_DEADLINE,,1261.150107,-0.0,0.0,1261.150107,2026-03
64334,1,6013,MEDLINE CURAD MEDI STRIP 1 X 5 NON250501,MEDL      ,"Medline Industries, Inc.",14.0,123.0,1722.0,2025-07-01,2025-10-12,14,2026-02-25,2026-03-11,LATE,-150.0,840.766738,840.766738,0.0,0.0,2026-03
64355,1,6013,MEDLINE CURAD MEDI STRIP 1 X 5 NON250501,MEDL      ,"Medline Industries, Inc.",19.0,123.0,2337.0,2025-07-08,2025-10-19,14,2026-02-25,2026-03-11,LATE,-143.0,1141.040573,1141.040573,0.0,0.0,2026-03
64375,1,6013,MEDLINE CURAD MEDI STRIP 1 X 5 NON250501,MEDL      ,"Medline Industries, Inc.",5.0,123.0,615.0,2025-07-15,2025-10-27,14,2026-02-25,2026-03-11,LATE,-135.0,300.273835,300.273835,0.0,0.0,2026-03
64461,1,6013,MEDLINE CURAD MEDI STRIP 1 X 5 NON250501,MEDL      ,"Medline Industries, Inc.",17.0,123.0,2091.0,2025-08-14,2025-11-24,14,2026-02-25,2026-03-11,LATE,-107.0,1020.931039,1020.931039,0.0,0.0,2026-03
64580,1,6013,MEDLINE CURAD MEDI STRIP 1 X 5 NON250501,MEDL      ,"Medline Industries, Inc.",9.0,123.0,1107.0,2025-09-17,2025-12-30,14,2026-02-25,2026-03-11,LATE,-71.0,540.492903,540.492903,0.0,0.0,2026-03
64583,1,6013,MEDLINE CURAD MEDI STRIP 1 X 5 NON250501,MEDL      ,"Medline Industries, Inc.",4.0,123.0,492.0,2025-09-17,2026-01-03,14,2026-02-25,2026-03-11,LATE,-67.0,240.219068,240.219068,0.0,0.0,2026-03
64609,1,6013,MEDLINE CURAD MEDI STRIP 1 X 5 NON250501,MEDL      ,"Medline Industries, Inc.",5.0,123.0,615.0,2025-09-23,2026-01-09,14,2026-02-25,2026-03-11,LATE,-61.0,300.273835,300.273835,0.0,0.0,2026-03
64724,2,6013,MEDLINE CURAD MEDI STRIP 1 X 5 NON250501,MEDL      ,"Medline Industries, Inc.",9.0,123.0,1107.0,2025-11-05,2026-02-23,14,2026-02-25,2026-03-11,LATE,-16.0,540.492903,172.95772896,0.0,367.53517403999996,2026-03
64751,1,6013,MEDLINE CURAD MEDI STRIP 1 X 5 NON250501,MEDL      ,"Medline Industries, Inc.",5.0,123.0,615.0,2025-11-12,2026-02-28,14,2026-02-25,2026-03-11,LATE,-11.0,300.273835,66.0602437,0.0,234.21359130000002,2026-03
64766,1,6013,MEDLINE CURAD MEDI STRIP 1 X 5 NON250501,MEDL      ,"Medline Industries, Inc.",9.0,123.0,1107.0,2025-11-19,2026-03-06,14,2026-02-25,2026-03-11,LATE,-5.0,540.492903,54.049290299999996,0.0,486.44361269999996,2026-03
64767,1,6013,MEDLINE CURAD MEDI STRIP 1 X 5 NON250501,MEDL      ,"Medline Industries, Inc.",5.0,123.0,615.0,2025-11-19,2026-03-06,14,2026-02-25,2026-03-11,LATE,-5.0,300.273835,30.027383500000003,0.0,270.24645150000003,2026-03
64821,5,6013,MEDLINE CURAD MEDI STRIP 1 X 5 NON250501,MEDL      ,"Medline Industries, Inc.",5.0,123.0,615.0,2025-12-10,2026-03-14,14,2026-02-25,2026-03-11,ON_TIME,3.0,300.273835,0.0,0.075,300.19883500000003,2026-03
64830,1,6013,MEDLINE CURAD MEDI STRIP 1 X 5 NON250501,MEDL      ,"Medline Industries, Inc.",6.0,123.0,738.0,2025-12-17,2026-04-06,14,2026-02-25,2026-03-11,ON_TIME,26.0,360.328602,0.0,0.78,359.548602,2026-03
64844,1,6013,MEDLINE CURAD MEDI STRIP 1 X 5 NON250501,MEDL      ,"Medline Industries, Inc.",6.0,123.0,738.0,2025-12-29,2026-04-13,14,2026-02-25,2026-03-11,ON_TIME,33.0,360.328602,0.0,0.99,359.338602,2026-03
64849,2,6013,MEDLINE CURAD MEDI STRIP 1 X 5 NON250501,MEDL      ,"Medline Industries, Inc.",11.0,123.0,1353.0,2025-12-30,2026-04-19,14,2026-02-25,2026-03-11,ON_TIME,39.0,660.602437,0.0,2.145,658.457437,2026-03
64322,2,6039,MEDLINE SURESITE 4 X 4.75 MSC2304,MEDL      ,"Medline Industries, Inc.",51.0,20.6,1050.6,2025-06-24,2025-09-30,0,2026-02-25,2026-02-25,LATE,-148.0,504.2091540000001,504.2091540000001,0.0,0.0,2026-02
64372,1,6039,MEDLINE SURESITE 4 X 4.75 MSC2304,MEDL      ,"Medline Industries, Inc.",76.0,20.6,1565.6,2025-07-15,2025-10-21,0,2026-02-25,2026-02-25,LATE,-127.0,751.3705040000002,751.3705040000002,0.0,0.0,2026-02
64415,1,6039,MEDLINE SURESITE 4 X 4.75 MSC2304,MEDL      ,"Medline Industries, Inc.",5.0,20.6,103.0,2025-07-22,2025-10-25,0,2026-02-25,2026-02-25,LATE,-123.0,49.43227000000001,49.43227000000001,0.0,0.0,2026-02
64416,1,6039,MEDLINE SURESITE 4 X 4.75 MSC2304,MEDL      ,"Medline Industries, Inc.",177.0,20.6,3646.2,2025-07-22,2025-10-07,0,2026-02-25,2026-02-25,LATE,-141.0,1749.9023580000005,1749.9023580000005,0.0,0.0,2026-02
64426,1,6039,MEDLINE SURESITE 4 X 4.75 MSC2304,MEDL      ,"Medline Industries, Inc.",80.0,20.6,1648.0,2025-07-29,2025-11-05,0,2026-02-25,2026-02-25,LATE,-112.0,790.9163200000002,790.9163200000002,0.0,0.0,2026-02
64454,1,6039,MEDLINE SURESITE 4 X 4.75 MSC2304,MEDL      ,"Medline Industries, Inc.",6.0,20.6,123.6,2025-08-14,2025-10-25,0,2026-02-25,2026-02-25,LATE,-123.0,59.31872400000002,59.31872400000002,0.0,0.0,2026-02
64455,2,6039,MEDLINE SURESITE 4 X 4.75 MSC2304,MEDL      ,"Medline Industries, Inc.",92.0,20.61,1896.12,2025-08-14,2025-11-12,0,2026-02-25,2026-02-25,LATE,-105.0,909.5537680000002,909.5537680000002,0.0,0.0,2026-02
64550,1,6039,MEDLINE SURESITE 4 X 4.75 MSC2304,MEDL      ,"Medline Industries, Inc.",48.0,20.61,989.28,2025-09-09,2025-11-27,0,2026-02-25,2026-02-25,LATE,-90.0,474.54979200000014,474.54979200000014,0.0,0.0,2026-02
64553,1,6039,MEDLINE SURESITE 4 X 4.75 MSC2304,MEDL      ,"Medline Industries, Inc.",16.0,20.61,329.76,2025-09-10,2025-12-20,0,2026-02-25,2026-02-25,LATE,-67.0,158.18326400000004,158.18326400000004,0.0,0.0,2026-02
64579,1,6039,MEDLINE SURESITE 4 X 4.75 MSC2304,MEDL      ,"Medline Industries, Inc.",12.0,20.61,247.32,2025-09-17,2025-11-29,0,2026-02-25,2026-02-25,LATE,-88.0,118.63744800000003,118.63744800000003,0.0,0.0,2026-02
64605,1,6039,MEDLINE SURESITE 4 X 4.75 MSC2304,MEDL      ,"Medline Industries, Inc.",104.0,20.61,2143.44,2025-09-23,2026-01-03,0,2026-02-25,2026-02-25,LATE,-53.0,1028.1912160000002,1028.1912160000002,0.0,0.0,2026-02
64623,2,6039,MEDLINE SURESITE 4 X 4.75 MSC2304,MEDL      ,"Medline Industries, Inc.",84.0,20.61,1731.24,2025-09-30,2026-01-10,0,2026-02-25,2026-02-25,LATE,-46.0,830.4621360000002,764.0251651200002,0.0,66.43697087999999,2026-02
64822,1,6039,MEDLINE SURESITE 4 X 4.75 MSC2304,MEDL      ,"Medline Industries, Inc.",148.0,20.61,3050.28,2025-12-10,2026-02-28,0,2026-02-25,2026-02-25,ON_TIME,3.0,1463.1951920000004,0.0,2.22,1460.9751920000003,2026-02
64827,1,6039,MEDLINE SURESITE 4 X 4.75 MSC2304,MEDL      ,"Medline Industries, Inc.",4.0,20.61,82.44,2025-12-17,2026-03-24,0,2026-02-25,2026-02-25,ON_TIME,27.0,39.54581600000001,0.0,0.54,39.00581600000001,2026-02
64828,1,6039,MEDLINE SURESITE 4 X 4.75 MSC2304,MEDL      ,"Medline Industries, Inc.",320.0,20.61,6595.2,2025-12-17,2026-03-08,0,2026-02-25,2026-02-25,ON_TIME,11.0,3163.6652800000006,0.0,17.6,3146.0652800000007,2026-02
64839,1,6039,MEDLINE SURESITE 4 X 4.75 MSC2304,MEDL      ,"Medline Industries, Inc.",84.0,20.61,1731.24,2025-12-29,2026-04-08,0,2026-02-25,2026-02-25,ON_TIME,42.0,830.4621360000002,0.0,17.64,812.8221360000002,2026-02
64843,1,6039,MEDLINE SURESITE 4 X 4.75 MSC2304,MEDL      ,"Medline Industries, Inc.",132.0,20.61,2720.52,2025-12-29,2026-03-15,0,2026-02-25,2026-02-25,ON_TIME,18.0,1305.0119280000004,0.0,11.88,1293.1319280000002,2026-02
64850,1,6039,MEDLINE SURESITE 4 X 4.75 MSC2304,MEDL      ,"Medline Industries, Inc.",4.0,20.61,82.44,2025-12-30,2026-04-06,0,2026-02-25,2026-02-25,ON_TIME,40.0,39.54581600000001,0.0,0.8,38.74581600000001,2026-02
64921,1,6039,MEDLINE SURESITE 4 X 4.75 MSC2304,MEDL      ,"Medline Industries, Inc.",428.0,20.61,8821.08,2026-01-20,2026-04-13,0,2026-02-25,2026-02-25,ON_TIME,47.0,4231.402312000001,0.0,100.58,4130.822312000001,2026-02
65005,1,6039,MEDLINE SURESITE 4 X 4.75 MSC2304,MEDL      ,"Medline Industries, Inc.",144.0,20.61,2967.84,2026-02-17,2026-05-09,0,2026-02-25,2026-02-25,ON_TIME,73.0,1423.6493760000003,0.0,52.56,1371.0893760000004,2026-02
65006,1,6039,MEDLINE SURESITE 4 X 4.75 MSC2304,MEDL      ,"Medline Industries, Inc.",140.0,20.61,2885.4,2026-02-17,2026-05-30,0,2026-02-25,2026-02-25,ON_TIME,94.0,1384.1035600000002,0.0,65.8,1318.3035600000003,2026-02
64692,2,606,MEDISTRIP 1/8 IN X 3 IN BULK,MEDL      ,"Medline Industries, Inc.",1.0,193.8,193.8,2025-10-21,2025-12-27,14,2026-02-25,2026-03-11,LATE,-74.0,59.89146500000001,59.89146500000001,0.0,0.0,2026-03
64819,2,606,MEDISTRIP 1/8 IN X 3 IN BULK,MEDL      ,"Medline Industries, Inc.",1.0,193.8,193.8,2025-12-10,2026-02-18,14,2026-02-25,2026-03-11,LATE,-21.0,59.89146500000001,25.154415300000004,0.0,34.73704970000001,2026-03
64821,3,606,MEDISTRIP 1/8 IN X 3 IN BULK,MEDL      ,"Medline Industries, Inc.",1.0,193.8,193.8,2025-12-10,2026-03-14,14,2026-02-25,2026-03-11,ON_TIME,3.0,59.89146500000001,0.0,0.015,59.87646500000001,2026-03
64896,1,606,MEDISTRIP 1/8 IN X 3 IN BULK,MEDL      ,"Medline Industries, Inc.",1.0,193.8,193.8,2026-01-13,2026-03-21,14,2026-02-25,2026-03-11,ON_TIME,10.0,59.89146500000001,0.0,0.05,59.841465000000014,2026-03
64982,1,606,MEDISTRIP 1/8 IN X 3 IN BULK,MEDL      ,"Medline Industries, Inc.",1.0,193.8,193.8,2026-02-10,2026-05-26,14,2026-02-25,2026-03-11,ON_TIME,76.0,59.89146500000001,0.0,0.38,59.51146500000001,2026-03
65011,1,609,MEDISTRIP 1/4 IN X 3 IN BULK,CENTURION ,Centurion Medical Products Corp,17.0,119.0,2023.0,2026-02-24,2026-07-22,14,2026-02-25,2026-03-11,ON_TIME,133.0,844.0477900000001,0.0,11.305,832.7427900000001,2026-03
64694,1,609,MEDISTRIP 1/4 IN X 3 IN BULK,MEDL      ,"Medline Industries, Inc.",18.0,119.0,2142.0,2025-10-21,2026-01-23,14,2026-02-25,2026-03-11,LATE,-47.0,893.6976600000002,840.0758004000002,0.0,53.62185959999999,2026-03
64715,1,609,MEDISTRIP 1/4 IN X 3 IN BULK,MEDL      ,"Medline Industries, Inc.",8.0,119.0,952.0,2025-10-28,2025-12-06,14,2026-02-25,2026-03-11,LATE,-95.0,397.19896000000006,397.19896000000006,0.0,0.0,2026-03
64744,1,609,MEDISTRIP 1/4 IN X 3 IN BULK,CENTURION ,Centurion Medical Products Corp,4.0,119.0,476.0,2025-11-11,2026-04-20,14,2026-02-25,2026-03-11,ON_TIME,40.0,198.59948000000003,0.0,0.8,197.79948000000002,2026-03
64747,1,609,MEDISTRIP 1/4 IN X 3 IN BULK,MEDL      ,"Medline Industries, Inc.",8.0,119.0,952.0,2025-11-12,2025-12-20,14,2026-02-25,2026-03-11,LATE,-81.0,397.19896000000006,397.19896000000006,0.0,0.0,2026-03
64821,2,609,MEDISTRIP 1/4 IN X 3 IN BULK,MEDL      ,"Medline Industries, Inc.",16.0,119.0,1904.0,2025-12-10,2026-03-14,14,2026-02-25,2026-03-11,ON_TIME,3.0,794.3979200000001,0.0,0.24,794.1579200000001,2026-03
64837,1,609,MEDISTRIP 1/4 IN X 3 IN BULK,MEDL      ,"Medline Industries, Inc.",1.0,119.0,119.0,2025-12-23,2026-03-06,14,2026-02-25,2026-03-11,LATE,-5.0,49.64987000000001,4.964987000000001,0.0,44.684883000000006,2026-03
64840,1,609,MEDISTRIP 1/4 IN X 3 IN BULK,MEDL      ,"Medline Industries, Inc.",10.0,119.0,1190.0,2025-12-29,2026-02-03,14,2026-02-25,2026-03-11,LATE,-36.0,496.4987000000001,357.47906400000005,0.0,139.01963600000005,2026-03
64850,2,609,MEDISTRIP 1/4 IN X 3 IN BULK,MEDL      ,"Medline Industries, Inc.",1.0,119.0,119.0,2025-12-30,2026-04-06,14,2026-02-25,2026-03-11,ON_TIME,26.0,49.64987000000001,0.0,0.13,49.519870000000004,2026-03
64872,1,609,MEDISTRIP 1/4 IN X 3 IN BULK,MEDL      ,"Medline Industries, Inc.",8.0,119.0,952.0,2026-01-06,2026-02-13,14,2026-02-25,2026-03-11,LATE,-26.0,397.19896000000006,206.54345920000003,0.0,190.65550080000003,2026-03
64916,1,609,MEDISTRIP 1/4 IN X 3 IN BULK,MEDL      ,"Medline Industries, Inc.",10.0,119.0,1190.0,2026-01-20,2026-02-28,14,2026-02-25,2026-03-11,LATE,-11.0,496.4987000000001,109.22971400000002,0.0,387.2689860000001,2026-03
64922,1,609,MEDISTRIP 1/4 IN X 3 IN BULK,MEDL      ,"Medline Industries, Inc.",13.0,119.0,1547.0,2026-01-20,2026-04-26,14,2026-02-25,2026-03-11,ON_TIME,46.0,645.4483100000001,0.0,2.99,642.4583100000001,2026-03
64929,1,609,MEDISTRIP 1/4 IN X 3 IN BULK,MEDL      ,"Medline Industries, Inc.",8.0,119.0,952.0,2026-01-27,2026-03-07,14,2026-02-25,2026-03-11,LATE,-4.0,397.19896000000006,31.775916800000005,0.0,365.42304320000005,2026-03
64930,1,609,MEDISTRIP 1/4 IN X 3 IN BULK,MEDL      ,"Medline Industries, Inc.",74.0,119.0,8806.0,2026-01-27,2026-05-02,14,2026-02-25,2026-03-11,ON_TIME,52.0,3674.090380000001,0.0,19.240000000000002,3654.850380000001,2026-03
65011,2,610,MEDISTRIP 1 IN X 4 IN BULK,CENTURION ,Centurion Medical Products Corp,55.0,196.5,10807.5,2026-02-24,2026-07-22,14,2026-02-25,2026-03-11,ON_TIME,133.0,4062.22905,0.0,36.575,4025.65405,2026-03
64690,1,610,MEDISTRIP 1 IN X 4 IN BULK,MEDL      ,"Medline Industries, Inc.",1.0,196.5,196.5,2025-10-21,2026-01-04,14,2026-02-25,2026-03-11,LATE,-66.0,73.85871,73.85871,0.0,0.0,2026-03
64692,1,610,MEDISTRIP 1 IN X 4 IN BULK,MEDL      ,"Medline Industries, Inc.",2.0,196.5,393.0,2025-10-21,2025-12-27,14,2026-02-25,2026-03-11,LATE,-74.0,147.71742,147.71742,0.0,0.0,2026-03
64725,1,610,MEDISTRIP 1 IN X 4 IN BULK,MEDL      ,"Medline Industries, Inc.",2.0,196.5,393.0,2025-11-05,2026-01-11,14,2026-02-25,2026-03-11,LATE,-59.0,147.71742,147.71742,0.0,0.0,2026-03
64726,1,610,MEDISTRIP 1 IN X 4 IN BULK,MEDL      ,"Medline Industries, Inc.",3.0,196.5,589.5,2025-11-05,2026-01-09,14,2026-02-25,2026-03-11,LATE,-61.0,221.57613,221.57613,0.0,0.0,2026-03
64744,2,610,MEDISTRIP 1 IN X 4 IN BULK,CENTURION ,Centurion Medical Products Corp,18.0,196.5,3537.0,2025-11-11,2026-04-20,14,2026-02-25,2026-03-11,ON_TIME,40.0,1329.45678,0.0,3.6,1325.85678,2026-03
64748,1,610,MEDISTRIP 1 IN X 4 IN BULK,MEDL      ,"Medline Industries, Inc.",2.0,196.5,393.0,2025-11-12,2026-01-18,14,2026-02-25,2026-03-11,LATE,-52.0,147.71742,147.71742,0.0,0.0,2026-03
64750,1,610,MEDISTRIP 1 IN X 4 IN BULK,MEDL      ,"Medline Industries, Inc.",3.0,196.5,589.5,2025-11-12,2026-01-16,14,2026-02-25,2026-03-11,LATE,-54.0,221.57613,221.57613,0.0,0.0,2026-03
64791,1,610,MEDISTRIP 1 IN X 4 IN BULK,MEDL      ,"Medline Industries, Inc.",1.0,196.5,196.5,2025-12-03,2026-01-19,14,2026-02-25,2026-03-11,LATE,-51.0,73.85871,73.85871,0.0,0.0,2026-03
64817,1,610,MEDISTRIP 1 IN X 4 IN BULK,MEDL      ,"Medline Industries, Inc.",1.0,196.5,196.5,2025-12-10,2026-02-23,14,2026-02-25,2026-03-11,LATE,-16.0,73.85871,23.6347872,0.0,50.2239228,2026-03
64819,1,610,MEDISTRIP 1 IN X 4 IN BULK,MEDL      ,"Medline Industries, Inc.",6.0,196.5,1179.0,2025-12-10,2026-02-18,14,2026-02-25,2026-03-11,LATE,-21.0,443.15226,186.1239492,0.0,257.0283108,2026-03
64823,1,610,MEDISTRIP 1 IN X 4 IN BULK,MEDL      ,"Medline Industries, Inc.",4.0,196.5,786.0,2025-12-10,2026-02-13,14,2026-02-25,2026-03-11,LATE,-26.0,295.43484,153.6261168,0.0,141.8087232,2026-03
64829,1,610,MEDISTRIP 1 IN X 4 IN BULK,MEDL      ,"Medline Industries, Inc.",4.0,196.5,786.0,2025-12-17,2026-02-23,14,2026-02-25,2026-03-11,LATE,-16.0,295.43484,94.5391488,0.0,200.8956912,2026-03
64841,1,610,MEDISTRIP 1 IN X 4 IN BULK,MEDL      ,"Medline Industries, Inc.",3.0,196.5,589.5,2025-12-29,2026-03-01,14,2026-02-25,2026-03-11,LATE,-10.0,221.57613,44.315226,0.0,177.260904,2026-03
64960,1,610,MEDISTRIP 1 IN X 4 IN BULK,MEDL      ,"Medline Industries, Inc.",3.0,196.5,589.5,2026-02-04,2026-04-13,14,2026-02-25,2026-03-11,ON_TIME,33.0,221.57613,0.0,0.495,221.08113,2026-03
64857,1,6145,MEDLINE/GLORY SUN SAFE SECURE FOAM BASE,GlorySun  ,"Mingguang Glory Sun Precision Technology Co., Ltd.",130000.0,0.36,46800.0,2026-01-05,2026-03-02,0,2026-03-02,2026-03-02,ON_TIME,0.0,21851.18,-0.0,0.0,21851.18,2026-03
64782,1,6319,EUROFINS SEMI-OCCLUSIVE STRIP,EUROFINS  ,"Eurofins CRL Cosmetics, Inc",85000.0,0.33,28050.0,2025-11-25,2026-03-31,14,2026-03-17,2026-03-31,ON_TIME,0.0,11118.255000000005,-0.0,0.0,11118.255000000005,2026-03
64782,2,6320,EUROFINS  OCCLUSIVE TEST STRIP,EUROFINS  ,"Eurofins CRL Cosmetics, Inc",70000.0,0.6,42000.0,2025-11-25,2026-03-31,14,2026-03-17,2026-03-31,ON_TIME,0.0,18413.29,-0.0,0.0,18413.29,2026-03
65009,1,6323,MINERALIZ GU/Zn CAS# 4468-02-4 KOSHER,ORORA     ,Orora Business Service Center,66959.0,0.074096,4961.39,2026-02-20,,56,2026-02-25,2026-04-22,NO_DEADLINE,,,-0.0,0.0,0.0,2026-04
65009,3,6327,ALOE VERA LEAF GEL DECOLORIZED 10X # AG014 CAS#94349-62-9,ORORA     ,Orora Business Service Center,21783.07,0.012741,277.54,2026-02-20,,28,2026-02-25,2026-03-25,NO_DEADLINE,,,-0.0,0.0,0.0,2026-03
65009,4,6328,CARBOX WAX SENTRY POLYETHYLENE GLYCOL 600 NF CAS#25322-68-3,ORORA     ,Orora Business Service Center,716188.0,0.009742,6977.1,2026-02-20,,25,2026-02-25,2026-03-22,NO_DEADLINE,,,-0.0,0.0,0.0,2026-03
65009,5,6330,MENTHOL CAS#2216-51-5   KOSHER,ORORA     ,Orora Business Service Center,9524.0,0.091107,867.7,2026-02-20,,42,2026-02-25,2026-04-08,NO_DEADLINE,,,-0.0,0.0,0.0,2026-04
64757,2,6370,TB DRY MOUTH TINGLING RINSE 16 OZ BULK 40101908,ORORA     ,Orora Business Service Center,20000.0,1.7789,35578.0,2025-11-13,2025-12-05,0,2026-02-25,2026-02-25,LATE,-82.0,13112.86,13112.86,0.0,0.0,2026-02
64757,1,6370,TB DRY MOUTH TINGLING RINSE 16 OZ BULK 40101908,ORORA     ,Orora Business Service Center,17475.0,1.7789,31086.28,2025-11-13,2025-12-05,0,2026-02-25,2026-02-25,LATE,-82.0,11457.361425,11457.361425,0.0,0.0,2026-02
64984,12,6901,D* ASCORBIC ACID CAS# 50-81-7  KOSHER,ORORA     ,Orora Business Service Center,24696.47,0.003078,76.02,2026-02-11,,28,2026-02-25,2026-03-25,NO_DEADLINE,,,-0.0,0.0,0.0,2026-03
59978,2,6929,NEXGEL SILVER SEAL 2X3 HYDROGEL DRESSING,Nexgel    ,Nexgel,31.0,44.364,1375.28,2022-07-29,2023-02-15,0,2026-02-25,2026-02-25,LATE,-1106.0,950.440594,950.440594,0.0,0.0,2026-02
59978,4,6929,NEXGEL SILVER SEAL 2X3 HYDROGEL DRESSING,Nexgel    ,Nexgel,150.0,44.364,6654.6,2022-07-29,2023-02-15,0,2026-02-25,2026-02-25,LATE,-1106.0,4598.9061,4598.9061,0.0,0.0,2026-02
59978,3,6930,NEXGEL TURF GUARD 2X3 HYDROGEL DRESSING,Nexgel    ,Nexgel,118.0,44.364,5234.95,2022-07-29,2023-02-15,0,2026-02-25,2026-02-25,LATE,-1106.0,3599.398132,3599.398132,0.0,0.0,2026-02
64881,1,7152,URGO - VASHE 118 ml Flip Top 00312,URGO      ,URGO Medical,244992.0,1.71,418936.32,2026-01-08,2026-05-04,0,2026-05-04,2026-05-04,ON_TIME,0.0,171028.670208,-0.0,0.0,171028.670208,2026-05
64965,1,7152,URGO - VASHE 118 ml Flip Top 00312,URGO      ,URGO Medical,49992.0,1.71,85486.32,2026-02-05,2026-06-15,0,2026-05-04,2026-05-04,ON_TIME,42.0,34899.365208,0.0,10498.32,24401.045208000003,2026-05
64784,2,7153,URGO - VASHE 250 ml Flip Top 00313,URGO      ,URGO Medical,50004.0,1.88,94007.52,2025-11-26,2026-03-23,0,2026-03-23,2026-03-23,ON_TIME,0.0,38025.84182399999,-0.0,0.0,38025.84182399999,2026-03
64786,1,7153,URGO - VASHE 250 ml Flip Top 00313,URGO      ,URGO Medical,45000.0,1.88,84600.0,2025-11-26,2026-04-06,0,2026-03-23,2026-03-23,ON_TIME,14.0,34220.51999999999,0.0,3150.0,31070.51999999999,2026-03
64787,1,7153,URGO - VASHE 250 ml Flip Top 00313,URGO      ,URGO Medical,50004.0,1.88,94007.52,2025-11-26,2026-04-13,0,2026-03-23,2026-03-23,ON_TIME,21.0,38025.84182399999,0.0,5250.42,32775.42182399999,2026-03
64882,1,7153,URGO - VASHE 250 ml Flip Top 00313,URGO      ,URGO Medical,146004.0,1.88,274487.52,2026-01-08,2026-04-27,0,2026-03-23,2026-03-23,ON_TIME,35.0,111029.61782399996,0.0,25550.7,85478.91782399996,2026-03
64966,1,7153,URGO - VASHE 250 ml Flip Top 00313,URGO      ,URGO Medical,174996.0,1.88,328992.48,2026-02-05,2026-06-01,0,2026-03-23,2026-03-23,ON_TIME,70.0,133076.75817599997,0.0,61248.6,71828.15817599997,2026-03
64788,1,7154,URGO - VASHE 475 ml Flip Top 00314,URGO      ,URGO Medical,30000.0,2.59,77700.0,2025-11-26,2026-03-16,0,2026-03-16,2026-03-16,ON_TIME,0.0,36058.83,-0.0,0.0,36058.83,2026-03
64787,2,7155,URGO - VASHE 250 ml Instill 00316,URGO      ,URGO Medical,6000.0,4.34,26040.0,2025-11-26,2026-04-13,0,2026-04-13,2026-04-13,ON_TIME,0.0,17492.801999999996,-0.0,0.0,17492.801999999996,2026-04
64883,1,7155,URGO - VASHE 250 ml Instill 00316,URGO      ,URGO Medical,3996.0,4.34,17342.64,2026-01-08,2026-04-20,0,2026-04-13,2026-04-13,ON_TIME,7.0,11650.206131999998,0.0,139.86,11510.346131999997,2026-04
64786,2,7156,URGO - VASHE 475 ml Instill 00317,URGO      ,URGO Medical,12504.0,5.08,63520.32,2025-11-26,2026-04-06,0,2026-03-16,2026-03-16,ON_TIME,21.0,40150.143936,0.0,1312.92,38837.223936,2026-03
64788,2,7156,URGO - VASHE 475 ml Instill 00317,URGO      ,URGO Medical,18000.0,5.08,91440.0,2025-11-26,2026-03-16,0,2026-03-16,2026-03-16,ON_TIME,0.0,57797.712,-0.0,0.0,57797.712,2026-03
64967,1,7156,URGO - VASHE 475 ml Instill 00317,URGO      ,URGO Medical,24996.0,5.08,126979.68,2026-02-05,2026-06-01,0,2026-03-16,2026-03-16,ON_TIME,77.0,80261.756064,0.0,9623.460000000001,70638.296064,2026-03
64967,3,7157,URGO - VASHE 1 L Instill 00323,URGO      ,URGO Medical,10002.0,6.84,68413.68,2026-02-05,2026-06-01,0,2026-06-01,2026-06-01,ON_TIME,0.0,37737.16592399999,-0.0,0.0,37737.16592399999,2026-06
64967,2,7158,URGO - VASHE 1 L Flip Top 00322,URGO      ,URGO Medical,10002.0,5.28,52810.56,2026-02-05,2026-06-01,0,2026-06-01,2026-06-01,ON_TIME,0.0,27105.900096000005,-0.0,0.0,27105.900096000005,2026-06
64787,3,7159,URGO - VASHE 250 ml OTC Flip Top 00405,URGO      ,URGO Medical,5004.0,1.95,9757.8,2025-11-26,2026-04-13,0,2026-04-13,2026-04-13,ON_TIME,0.0,4113.418103999999,-0.0,0.0,4113.418103999999,2026-04
64956,1,7217,DERMACLIP EXT 3 CLIP PAD NS -31005,Dermaclip ,"DermaClip US, LLC",300.0,6.7991,2039.73,2026-02-04,,0,2026-02-25,2026-02-25,NO_DEADLINE,,125.9112,-0.0,0.0,125.9112,2026-02
65009,2,7224,GREEN TEA PHYTOBASIC IN PG (3345L) KOSHER,ORORA     ,Orora Business Service Center,15375.0,0.055522,853.65,2026-02-20,,30,2026-02-25,2026-03-27,NO_DEADLINE,,-28.88962499999998,0.0,0.0,-28.88962499999998,2026-03
64548,1,7235,HARMAC PRTD DRAPE ASSEMBLY P3113231 REV.A  (ROW),HARM IRE  ,Harmac Medical Products,60000.0,0.5211,31266.0,2025-09-09,2026-01-03,0,2026-02-25,2026-02-25,LATE,-53.0,19164.960000000003,19164.960000000003,0.0,0.0,2026-02
64562,1,7235,HARMAC PRTD DRAPE ASSEMBLY P3113231 REV.A  (ROW),HARM IRE  ,Harmac Medical Products,60000.0,0.5211,31266.0,2025-09-15,2026-02-03,0,2026-02-25,2026-02-25,LATE,-22.0,19164.960000000003,8432.582400000001,0.0,10732.377600000002,2026-02
64560,1,7235,HARMAC PRTD DRAPE ASSEMBLY P3113231 REV.A  (ROW),HARM IRE  ,Harmac Medical Products,120000.0,0.5211,62532.0,2025-09-12,2026-02-16,0,2026-02-25,2026-02-25,LATE,-9.0,38329.920000000006,6899.3856000000005,0.0,31430.534400000004,2026-02
64728,1,7235,HARMAC PRTD DRAPE ASSEMBLY P3113231 REV.C  (ROW),HARM IRE  ,Harmac Medical Products,120000.0,0.5211,62532.0,2025-11-06,2026-03-07,0,2026-02-25,2026-02-25,ON_TIME,10.0,38329.920000000006,0.0,6000.0,32329.920000000006,2026-02
64729,1,7235,HARMAC PRTD DRAPE ASSEMBLY P3113231 REV.C  (ROW),HARM IRE  ,Harmac Medical Products,120000.0,0.5211,62532.0,2025-11-06,2026-04-05,0,2026-02-25,2026-02-25,ON_TIME,39.0,38329.920000000006,0.0,23400.0,14929.920000000006,2026-02
64892,1,7235,HARMAC PRTD DRAPE ASSEMBLY P3113231 REV.C  (ROW),HARM IRE  ,Harmac Medical Products,240000.0,0.5211,125064.0,2026-01-13,2026-06-20,0,2026-02-25,2026-02-25,ON_TIME,115.0,76659.84000000001,0.0,138000.0,-61340.15999999999,2026-02
64420,1,7236,HARMAC PRTD DRAPE ASSEMBLY W/LABEL - P3113251 Rev B.,HARMAC    ,"Harmac Medical Products, Inc",50000.0,0.5322,26610.0,2025-07-24,2026-04-10,0,2026-04-10,2026-04-10,ON_TIME,0.0,14690.350000000002,-0.0,0.0,14690.350000000002,2026-04
64421,1,7236,HARMAC PRTD DRAPE ASSEMBLY W/LABEL - P3113251 Rev B.,HARMAC    ,"Harmac Medical Products, Inc",40000.0,0.5322,21288.0,2025-07-24,2026-05-29,0,2026-04-10,2026-04-10,ON_TIME,49.0,11752.280000000002,0.0,9800.0,1952.2800000000025,2026-04
64917,1,7236,HARMAC PRTD DRAPE ASSEMBLY W/LABEL - P3113251 Rev C.,HARMAC    ,"Harmac Medical Products, Inc",50000.0,0.5322,26610.0,2026-01-20,2026-05-26,0,2026-04-10,2026-04-10,ON_TIME,46.0,14690.350000000002,0.0,11500.0,3190.350000000002,2026-04
64918,1,7236,HARMAC PRTD DRAPE ASSEMBLY W/LABEL - P3113251 Rev C.,HARMAC    ,"Harmac Medical Products, Inc",50000.0,0.5322,26610.0,2026-01-20,2026-06-22,0,2026-04-10,2026-04-10,ON_TIME,73.0,14690.350000000002,0.0,18250.0,-3559.649999999998,2026-04
64919,1,7236,HARMAC PRTD DRAPE ASSEMBLY W/LABEL - P3113251 Rev C.,HARMAC    ,"Harmac Medical Products, Inc",50000.0,0.5322,26610.0,2026-01-20,2026-08-03,0,2026-04-10,2026-04-10,ON_TIME,115.0,14690.350000000002,0.0,28750.0,-14059.649999999998,2026-04
64920,1,7236,HARMAC PRTD DRAPE ASSEMBLY W/LABEL - P3113251 Rev C.,HARMAC    ,"Harmac Medical Products, Inc",90000.0,0.5322,47898.0,2026-01-20,2026-09-08,0,2026-04-10,2026-04-10,ON_TIME,151.0,26442.630000000005,0.0,67950.0,-41507.369999999995,2026-04
64618,4,7482,"CARDINAL HEALTH TELFA MINI ISLAND DRESSING 2""x3.75"" 7539LF",COVIDMA   ,Patient Recovery,1985.0,32.88,65266.8,2025-09-25,2026-01-21,0,2026-02-25,2026-02-25,LATE,-35.0,8205.670415000004,5743.969290500004,0.0,2461.7011245000003,2026-02
63869,4,7482,"CARDINAL HEALTH TELFA MINI ISLAND DRESSING 2""x3.75"" 7539LF",COVIDMA   ,Patient Recovery,7500.0,32.88,246600.0,2025-02-24,2026-06-30,0,2026-02-25,2026-02-25,ON_TIME,125.0,31003.79250000001,0.0,4687.5,26316.29250000001,2026-02
64717,2,7486,"CARDINAL HEALTH TELFA ADHESIVE DRESSING 3""x4"" 7643",COVIDMA   ,Patient Recovery,504.0,259.272,130673.09,2025-10-29,2026-02-13,0,2026-02-25,2026-02-25,LATE,-12.0,68384.418984,16412.26055616,0.0,51972.158427840004,2026-02
64717,4,7486,"CARDINAL HEALTH TELFA ADHESIVE DRESSING 3""x4"" 7643",COVIDMA   ,Patient Recovery,396.0,259.272,102671.71,2025-10-29,2026-02-13,0,2026-02-25,2026-02-25,LATE,-12.0,53730.614916,12895.34757984,0.0,40835.26733616,2026-02
63869,5,7486,"CARDINAL HEALTH TELFA ADHESIVE DRESSING 3""x4"" 7643",COVIDMA   ,Patient Recovery,900.0,259.272,233344.8,2025-02-24,2026-06-30,0,2026-02-25,2026-02-25,ON_TIME,125.0,122115.0339,0.0,562.5,121552.5339,2026-02
64618,5,7487,"CARDINAL HEALTH TELFA ADHESIVE DRESSING 2""x3"" 6017",COVIDMA   ,Patient Recovery,300.0,269.76,80928.0,2025-09-25,2026-01-21,0,2026-02-25,2026-02-25,LATE,-35.0,41660.9334,29162.653380000003,0.0,12498.280019999998,2026-02
63869,3,7487,"CARDINAL HEALTH TELFA ADHESIVE DRESSING 2""x3"" 6017",COVIDMA   ,Patient Recovery,900.0,269.76,242784.0,2025-02-24,2026-06-30,0,2026-02-25,2026-02-25,ON_TIME,125.0,124982.8002,0.0,562.5,124420.3002,2026-02
65010,1,7488,"CARDINAL HEALTH TELFA NON-ADHERENT DRESSING 3""x4"" 2132",COVIDMA   ,Patient Recovery,1080.0,170.4,184032.0,2026-02-23,2026-06-18,0,2026-02-25,2026-02-25,ON_TIME,113.0,21385.04004,0.0,610.2,20774.84004,2026-02
64717,1,7488,"CARDINAL HEALTH TELFA NON-ADHERENT DRESSING 3""x4"" 2132",COVIDMA   ,Patient Recovery,882.0,170.4,150292.8,2025-10-29,2026-02-13,0,2026-02-25,2026-02-25,LATE,-12.0,17464.449365999997,4191.467847839999,0.0,13272.981518159999,2026-02
64717,3,7488,"CARDINAL HEALTH TELFA NON-ADHERENT DRESSING 3""x4"" 2132",COVIDMA   ,Patient Recovery,198.0,170.4,33739.2,2025-10-29,2026-02-13,0,2026-02-25,2026-02-25,LATE,-12.0,3920.590673999999,940.9417617599997,0.0,2979.6489122399994,2026-02
64834,1,7488,"CARDINAL HEALTH TELFA NON-ADHERENT DRESSING 3""x4"" 2132",COVIDMA   ,Patient Recovery,1080.0,170.4,184032.0,2025-12-22,2026-04-16,0,2026-02-25,2026-02-25,ON_TIME,50.0,21385.04004,0.0,270.0,21115.04004,2026-02
64763,1,7489,"CARDINAL HEALTH TELFA NON-ADHERENT DRESSING 2""x3"" 1961",COVIDMA   ,Patient Recovery,900.0,108.0,97200.0,2025-11-18,2026-03-12,0,2026-03-12,2026-03-12,ON_TIME,0.0,21212.9325,-0.0,0.0,21212.9325,2026-03
63869,1,7489,"CARDINAL HEALTH TELFA NON-ADHERENT DRESSING 2""x3"" 1961",COVIDMA   ,Patient Recovery,900.0,108.0,97200.0,2025-02-24,2026-06-30,0,2026-03-12,2026-03-12,ON_TIME,110.0,21212.9325,0.0,495.0,20717.9325,2026-03
64984,6,7525,D* BLANOSE™ CMC 7MF CAS#9004-32-4  KOSHER,ORORA     ,Orora Business Service Center,37639.0,0.0074,278.53,2026-02-11,,100,2026-02-25,2026-06-05,NO_DEADLINE,,,-0.0,0.0,0.0,2026-06
64969,1,7558,ioTech ioRinse AC 1 liter,IOTECH    ,Iotech International,15000.0,1.7,25500.0,2026-02-05,2026-05-31,0,2026-05-31,2026-05-31,ON_TIME,0.0,19670.865,-0.0,0.0,19670.865,2026-05
64969,2,7559,ioTech ioRinse AC 16oz,IOTECH    ,Iotech International,15000.0,1.57,23550.0,2026-02-05,2026-05-31,0,2026-05-31,2026-05-31,ON_TIME,0.0,17667.930000000004,-0.0,0.0,17667.930000000004,2026-05
64968,1,7560,ioTech ioRinse Ultra 1 liter,IOTECH    ,Iotech International,22500.0,1.7,38250.0,2026-02-05,2026-03-31,0,2026-03-31,2026-03-31,ON_TIME,0.0,30483.1125,-0.0,0.0,30483.1125,2026-03
64968,2,7561,ioTech ioRinse Ultra 16 oz,IOTECH    ,Iotech International,15000.0,1.57,23550.0,2026-02-05,2026-03-31,0,2026-03-31,2026-03-31,ON_TIME,0.0,18308.985,-0.0,0.0,18308.985,2026-03
65009,7,7573,AUSTRALIAN TEA TREE OIL #50-6270-01,ORORA     ,Orora Business Service Center,571.53,0.117212,66.99,2026-02-20,,28,2026-02-25,2026-03-25,NO_DEADLINE,,,-0.0,0.0,0.0,2026-03
64139,2,7738,PERIOSCIENCES AO PROVANTAGE GEL 15ml,PERIO     ,PerioSciences,20000.0,2.58,51600.0,2025-05-06,2025-07-18,0,2026-02-25,2026-02-25,LATE,-222.0,28537.74,28537.74,0.0,0.0,2026-02
64140,2,7738,PERIOSCIENCES AO PROVANTAGE GEL 15ml,PERIO     ,PerioSciences,20000.0,2.58,51600.0,2025-05-06,2026-02-20,0,2026-02-25,2026-02-25,LATE,-5.0,28537.74,2853.7740000000003,0.0,25683.966,2026-02
64139,1,7751,PERIOSCIENCES AO PROVANTAGE GEL 30 mL,PERIO     ,PerioSciences,35000.0,4.15,145250.0,2025-05-06,2025-07-18,0,2026-02-25,2026-02-25,LATE,-222.0,57469.125000000015,57469.125000000015,0.0,0.0,2026-02
64140,1,7751,PERIOSCIENCES AO PROVANTAGE GEL 30 mL,PERIO     ,PerioSciences,35000.0,4.15,145250.0,2025-05-06,2026-02-20,0,2026-02-25,2026-02-25,LATE,-5.0,57469.125000000015,5746.912500000002,0.0,51722.21250000001,2026-02
64142,1,7769,PERIOSCIENCES AO ProRinse SENSITIVE 10 oz,PERIO     ,PerioSciences,5250.0,2.61,13702.5,2025-05-06,2026-01-15,0,2026-02-25,2026-02-25,LATE,-41.0,6865.724249999999,5629.8938849999995,0.0,1235.8303649999998,2026-02
64142,2,7794,PERIOSCIENCES AO ProRinse SENSITIVE 32 oz,PERIO     ,PerioSciences,300.0,6.75,2025.0,2025-05-06,2026-01-15,0,2026-02-25,2026-02-25,LATE,-41.0,850.9122000000001,697.7480040000002,0.0,153.16419599999995,2026-02
64932,1,7795,PERIO AO ProRinse HYDRATING 10 oz,PERIO     ,PerioSciences,5000.0,3.0,15000.0,2026-01-28,2026-03-06,0,2026-03-06,2026-03-06,ON_TIME,0.0,5804.820000000001,-0.0,0.0,5804.820000000001,2026-03
64933,1,7803,PERIO AO ProRinse NATURAL 10 oz,PERIO     ,PerioSciences,5000.0,2.54,12700.0,2026-01-28,2026-04-24,0,2026-04-24,2026-04-24,ON_TIME,0.0,-566.0299999999996,0.0,0.0,-566.0299999999996,2026-04
64972,1,7811,PERIO AO ProRinse WHITE CARE 10 oz,PERIO     ,PerioSciences,5250.0,2.65,13912.5,2026-02-05,,0,2026-02-25,2026-02-25,NO_DEADLINE,,13912.5,-0.0,0.0,13912.5,2026-02
64972,2,7812,PERIO AO ProRinse WHITE CARE 32 oz,PERIO     ,PerioSciences,200.0,6.95,1390.0,2026-02-05,,0,2026-02-25,2026-02-25,NO_DEADLINE,,1390.0,-0.0,0.0,1390.0,2026-02
64178,1,7832,SkinCentry Premium Silicone Cream 2oz,REMEDIUM  ,"Remedium Healthcare Products, LLC",15000.0,1.4,21000.0,2025-05-12,,0,2026-02-25,2026-02-25,NO_DEADLINE,,3294.4349999999977,-0.0,0.0,3294.4349999999977,2026-02
64178,2,7833,O&M Basic Zinc Paste 4oz,REMEDIUM  ,"Remedium Healthcare Products, LLC",15000.0,1.52,22800.0,2025-05-12,,0,2026-02-25,2026-02-25,NO_DEADLINE,,22800.0,-0.0,0.0,22800.0,2026-02
65013,1,7861,ViaCLYR Flip Top 8oz,CLYRA     ,"Clyra Medical Technologies, Inc.",5000.0,2.7,13500.0,2026-02-24,2026-03-24,0,2026-03-24,2026-03-24,ON_TIME,0.0,9291.675,-0.0,0.0,9291.675,2026-03
65013,2,7862,ViaCLYR Flip Top 16oz,CLYRA     ,"Clyra Medical Technologies, Inc.",5000.0,3.5,17500.0,2026-02-24,2026-03-24,0,2026-03-24,2026-03-24,ON_TIME,0.0,11076.47,-0.0,0.0,11076.47,2026-03
65013,3,7863,ViaCLYR Flip Top 32oz,CLYRA     ,"Clyra Medical Technologies, Inc.",1000.0,7.52,7520.0,2026-02-24,2026-03-24,0,2026-03-24,2026-03-24,ON_TIME,0.0,5463.174,-0.0,0.0,5463.174,2026-03
64540,1,7898,"MPM DryMax/DrySAP Extra Super Absorbent Drsg, Sterile, 8X8;",MPM       ,"MPM Medical, Inc.",10000.0,0.99,9900.0,2025-09-03,,0,2026-02-25,2026-02-25,NO_DEADLINE,,9900.0,-0.0,0.0,9900.0,2026-02
64597,1,7903,"NAWA ""Spritz"" cleanser",NAWA      ,"NAWA, Inc",15000.0,2.0,30000.0,2025-09-22,,0,2026-02-25,2026-02-25,NO_DEADLINE,,1006.8599999999994,-0.0,0.0,1006.8599999999994,2026-02
64970,1,7905,Iotech MR-HA- US 1L,IOTECH    ,Iotech International,15000.0,1.7,25500.0,2026-02-05,2026-05-15,0,2026-05-15,2026-05-15,ON_TIME,0.0,3520.155,-0.0,0.0,3520.155,2026-05
64970,2,7906,Iotech STR-HA 16oz,IOTECH    ,Iotech International,15000.0,1.57,23550.0,2026-02-05,2026-05-15,0,2026-05-15,2026-05-15,ON_TIME,0.0,8342.355,-0.0,0.0,8342.355,2026-05
64731,1,7940,Pause life vulva moisturizer 15mL with Xylitol,PAUSE     ,"The Pause Life Supplements, LLC",25000.0,3.01,75250.0,2025-11-07,2026-01-19,0,2026-02-25,2026-02-25,LATE,-37.0,53751.47499999999,39776.091499999995,0.0,13975.383499999996,2026-02
64731,2,7941,Pause life vulva moisturizer 50mL with Xylitol,PAUSE     ,"The Pause Life Supplements, LLC",25000.0,5.53,138250.0,2025-11-07,2026-01-19,0,2026-02-25,2026-02-25,LATE,-37.0,65448.45,48431.852999999996,0.0,17016.597,2026-02
64928,6,7975,"4"" x 6"" Therabond 3D Island Dressing 3DAI-46",ARGENTUM  ,"Argentum Medical, LLC",6065.0,1.32,8005.8,2026-01-23,2026-10-01,0,2026-10-01,2026-10-01,ON_TIME,0.0,8005.8,-0.0,0.0,8005.8,2026-10
64927,3,7976,"4"" x 8"" Therabond 3D Island Dressing 3DAI-48",ARGENTUM  ,"Argentum Medical, LLC",2300.0,1.75,4025.0,2026-01-23,2026-05-01,0,2026-05-01,2026-05-01,ON_TIME,0.0,4025.0,-0.0,0.0,4025.0,2026-05
64928,3,7976,"4"" x 8"" Therabond 3D Island Dressing 3DAI-48",ARGENTUM  ,"Argentum Medical, LLC",2300.0,1.75,4025.0,2026-01-23,2026-10-01,0,2026-05-01,2026-05-01,ON_TIME,153.0,4025.0,0.0,1759.5,2265.5,2026-05
64927,4,7978,"4"" x 12"" Therabond 3D Island Dressing 3DAI-412",ARGENTUM  ,"Argentum Medical, LLC",1890.0,2.13,4025.7,2026-01-23,2026-05-01,0,2026-05-01,2026-05-01,ON_TIME,0.0,4025.7,-0.0,0.0,4025.7,2026-05
64928,4,7978,"4"" x 12"" Therabond 3D Island Dressing 3DAI-412",ARGENTUM  ,"Argentum Medical, LLC",1890.0,3.78,7144.2,2026-01-23,2026-10-01,0,2026-05-01,2026-05-01,ON_TIME,153.0,4025.7,0.0,1445.8500000000001,2579.8499999999995,2026-05
64928,8,7979,"4"" x 14"" Therabond 3D Island Dressing 3DAIXS-412",ARGENTUM  ,"Argentum Medical, LLC",1000.0,2.2,2200.0,2026-01-23,2026-10-01,0,2026-10-01,2026-10-01,ON_TIME,0.0,2200.0,-0.0,0.0,2200.0,2026-10
64928,5,7980,"4"" x 10"" Therabond 3D Island Dressing 3DAI-410",ARGENTUM  ,"Argentum Medical, LLC",2000.0,2.7,5400.0,2026-01-23,2026-10-01,0,2026-10-01,2026-10-01,ON_TIME,0.0,5400.0,-0.0,0.0,5400.0,2026-10
64927,1,7981,"4"" x 5"" Therabond 3D Island Dressing 3DAI-45",ARGENTUM  ,"Argentum Medical, LLC",9000.0,1.27,11430.0,2026-01-23,2026-05-01,0,2026-05-01,2026-05-01,ON_TIME,0.0,11430.0,-0.0,0.0,11430.0,2026-05
64928,1,7981,"4"" x 5"" Therabond 3D Island Dressing 3DAI-45",ARGENTUM  ,"Argentum Medical, LLC",6750.0,1.27,8572.5,2026-01-23,2026-10-01,0,2026-05-01,2026-05-01,ON_TIME,153.0,8572.5,0.0,5163.75,3408.75,2026-05
64927,2,7982,"2"" x 2"" Therabond 3D Island Dressing 3DAI-410",ARGENTUM  ,"Argentum Medical, LLC",3000.0,0.56,1680.0,2026-01-23,2026-05-01,0,2026-05-01,2026-05-01,ON_TIME,0.0,1680.0000000000002,-0.0,0.0,1680.0000000000002,2026-05
64928,2,7982,"2"" x 2"" Therabond 3D Island Dressing 3DAI-22",ARGENTUM  ,"Argentum Medical, LLC",9000.0,0.56,5040.0,2026-01-23,2026-10-01,0,2026-05-01,2026-05-01,ON_TIME,153.0,5040.000000000001,0.0,6885.0,-1844.999999999999,2026-05
64973,1,7983,Osteoremedies Branded 1.0oz BlastX 12 assembly Turnkey,Next Sci  ,OSARTIS GmbH,43008.0,6.5,279552.0,2026-02-06,2026-03-15,0,2026-03-15,2026-03-15,ON_TIME,0.0,238151.424,-0.0,0.0,238151.424,2026-03
64973,2,7984,"Osteoremedies Branded Gel 0.25 oz, 40 assembly Turnkey",Next Sci  ,OSARTIS GmbH,18500.0,2.57,47545.0,2026-02-06,2026-03-15,0,2026-03-15,2026-03-15,ON_TIME,0.0,30970.1655,-0.0,0.0,30970.1655,2026-03
64928,10,7987,"4"" x 10"" Therabond 3D Island Dressing 3DAIXS-410",ARGENTUM  ,"Argentum Medical, LLC",1000.0,2.7,2700.0,2026-01-23,2026-10-01,0,2026-10-01,2026-10-01,ON_TIME,0.0,2700.0,-0.0,0.0,2700.0,2026-10
64986,1,7991,Bloomi Delight 3oz,Bloomi    ,The Bloomi Inc,5000.0,3.45,17250.0,2026-02-11,,0,2026-02-25,2026-02-25,NO_DEADLINE,,17250.0,-0.0,0.0,17250.0,2026-02
64990,2,7992,Port Drape,HARM IRE  ,Harmac Medical Products,10000.0,0.625,6250.0,2026-02-11,2026-03-27,0,2026-03-27,2026-03-27,ON_TIME,0.0,5600.000000000001,-0.0,0.0,5600.000000000001,2026-03
64990,1,7993,200 RC Filter,HARM IRE  ,Harmac Medical Products,10000.0,1.675,16750.0,2026-02-11,2026-03-27,0,2026-03-27,2026-03-27,ON_TIME,0.0,16750.0,-0.0,0.0,16750.0,2026-03
65007,2,7997,Turn Therapeutics Hexagen Bulk - 55 Gallon Drum,TURN      ,Turn Therapeutics,8.0,1910.0,15280.0,2026-02-18,,0,2026-02-25,2026-02-25,NO_DEADLINE,,15280.0,-0.0,0.0,15280.0,2026-02
64992,1,8012,Bloomi Delight 3oz (1K Use Only),Bloomi    ,The Bloomi Inc,1.0,1000.0,1000.0,2026-02-13,,0,2026-02-25,2026-02-25,NO_DEADLINE,,999.26485,-0.0,0.0,999.26485,2026-02
65008,1,F-22004,5 SITE SEMI-OCCLUSIVE STRIP,MONADERM  ,Monaderm,16000.0,0.41,6560.0,2026-02-19,,14,2026-02-25,2026-03-11,NO_DEADLINE,,2378.112,-0.0,0.0,2378.112,2026-03
64826,2,F-22007,"ADVANCED 2"" × 200' ROLL SEMI-OCCLUSIVE",ADV SL    ,Advanced Science Laboratories Inc,40.0,214.98,8599.2,2025-12-17,,14,2026-02-25,2026-03-11,NO_DEADLINE,,5045.37148,-0.0,0.0,5045.37148,2026-03
64826,1,F-22008,"ADVANCED 2"" × 200' ROLL OCCLUSIVE",ADV SL    ,Advanced Science Laboratories Inc,40.0,103.36,4134.4,2025-12-17,,14,2026-02-25,2026-03-11,NO_DEADLINE,,1782.17168,-0.0,0.0,1782.17168,2026-03
64923,1,N-4001,"1,000 L Obelix Bulk Wound Wash Solution",URGO      ,URGO Medical,1.0,2912.0,2912.0,2026-01-20,,0,2026-02-25,2026-02-25,NO_DEADLINE,,,-0.0,0.0,0.0,2026-02
64985,1,N-4001,Cleaning validation for Delight production,Bloomi    ,The Bloomi Inc,1.0,3000.0,3000.0,2026-02-11,,0,2026-02-25,2026-02-25,NO_DEADLINE,,,-0.0,0.0,0.0,2026-02
65007,1,N-4001,1 of 3 Bulk Validations,TURN      ,Turn Therapeutics,1.0,1910.0,1910.0,2026-02-18,,0,2026-02-25,2026-02-25,NO_DEADLINE,,,-0.0,0.0,0.0,2026-02
65007,3,N-4001,Cleaning Validation,TURN      ,Turn Therapeutics,1.0,10000.0,10000.0,2026-02-18,,0,2026-02-25,2026-02-25,NO_DEADLINE,,,-0.0,0.0,0.0,2026-02
64771,3,N-4001,Art & Print Plate Charges,LAVIPHARM ,Lavipharm SA,1.0,549.0,549.0,2025-11-21,2026-02-02,0,2026-02-25,2026-02-25,LATE,-23.0,,0.0,0.0,0.0,2026-02
64955,2,N-4001,Set Up Charges,URGO      ,URGO Medical,1.0,450.0,450.0,2026-02-03,,0,2026-02-25,2026-02-25,NO_DEADLINE,,,-0.0,0.0,0.0,2026-02
64789,1,N-4001,Large Filter Discs Samples,HARM IRE  ,Harmac Medical Products,4000.0,1.675,6700.0,2025-12-01,2026-01-05,0,2026-02-25,2026-02-25,LATE,-51.0,,0.0,0.0,0.0,2026-02
64719,1,N-4001,Urgo Rework Item 603070 Lot # 49874,URGO      ,URGO Medical,23160.0,0.7,16212.0,2025-10-29,2025-12-15,0,2026-02-25,2026-02-25,LATE,-72.0,,0.0,0.0,0.0,2026-02
64719,2,N-4001,Urgo Rework Item 603071 Lot # 49875,URGO      ,URGO Medical,49960.0,0.7,34972.0,2025-10-29,2025-12-15,0,2026-02-25,2026-02-25,LATE,-72.0,,0.0,0.0,0.0,2026-02
64719,3,N-4001,Urgo Rework Item 603073 Lot # 47954,URGO      ,URGO Medical,2760.0,0.7,1932.0,2025-10-29,2025-12-15,0,2026-02-25,2026-02-25,LATE,-72.0,,0.0,0.0,0.0,2026-02
64719,4,N-4001,Urgo Rework Item 603073 Lot # 50921,URGO      ,URGO Medical,2250.0,0.7,1575.0,2025-10-29,2025-12-15,0,2026-02-25,2026-02-25,LATE,-72.0,,0.0,0.0,0.0,2026-02
64928,9,N-4001,Excess Material Charges DM-2002 & DM-4009,ARGENTUM  ,"Argentum Medical, LLC",1.0,13339.02,13339.02,2026-01-23,2026-10-01,0,2026-02-25,2026-02-25,ON_TIME,218.0,,0.0,1.09,-1.09,2026-02
64937,1,N-4008,Expedite Fee for 15ml Bottles,PERIO     ,PerioSciences,1.0,2556.79,2556.79,2026-01-29,2026-02-27,0,2026-02-27,2026-02-27,ON_TIME,0.0,,-0.0,0.0,0.0,2026-02
64955,1,N-4009,Artwork Prep/Plate Fee(s),URGO      ,URGO Medical,1.0,1200.0,1200.0,2026-02-03,,0,2026-02-25,2026-02-25,NO_DEADLINE,,,-0.0,0.0,0.0,2026-02
64760,2,N-4009,Artwork Prep/Plate Fee(s),MPM       ,"MPM Medical, Inc.",1.0,250.0,250.0,2025-11-18,2025-11-18,0,2026-02-25,2026-02-25,LATE,-99.0,,0.0,0.0,0.0,2026-02
